client_id	audio_id	audio_file	duration_ms	prompt_id	prompt	transcription	votes	age	gender	language	split	char_per_sec	quality_tags	duration_filtered	char_4gram_rep	rep_filtered	ppl_score	ppl_pct	quality_keep
c4b295f61c6417a48253b975d0db3dc3	29641	spontaneous-speech-ukv-29641.mp3	20880	4011	Kinyojin logoŋ do töggu ʼbörik ko nye lo a lolon?	kinyöiji logoŋ naa tögu 'börik ko se kulo, a kinyöjin gboŋge gbanda, a gbe'de a go'do, a gbe'de kaata, a gbe'de  a loputu', a gbe'de a burusut.	1			Kuku	train	5.555555555555556		False	0.22857142857142854	False	5.223076074715627	0.6991084695393759	False
03e89de29fa51f461c7ffb62db7c8e0d	30085	spontaneous-speech-ukv-30085.mp3	6156	4011	Kinyojin logoŋ do töggu ʼbörik ko nye lo a lolon?	nan togu 'börik ko kinyöjin bgoso liserit a ko janjaro	1			Kuku	train	7.309941520467836		True	0.019607843137254943	False			False
d61dfa8687c5e5b0d0a9ab598550b381	30397	spontaneous-speech-ukv-30397.mp3	12060	4011	Kinyojin logoŋ do töggu ʼbörik ko nye lo a lolon?	kinyojin logoŋ nan tögu 'börik ko ko nye kulo a liserit janjaro a ko bganda a ko kuluk	1			Kuku	train	5.72139303482587		False	0.09638554216867468	False	4.729403591817005	0.49777117384843983	True
ddae0f97a9679a1d5120cea6086416fd	31404	spontaneous-speech-ukv-31404.mp3	20448	4011	Kinyojin logoŋ do töggu ʼbörik ko nye lo a lolon?	kinyöjin logon ŋutuu tögu 'börik ko se kulo a ŋo' gbeŋge ko maasika lisörit a gbe'deŋe burusut loputu koyimöt 'dok ti gbe goŋ kata a ko 'bolot ti liyöt	1			Kuku	train	6.015258215962441		False	0.03378378378378377	False	4.907943698415451	0.575037147102526	True
009983f810033d5152ddab92674ee038	31424	spontaneous-speech-ukv-31424.mp3	13500	4011	Kinyojin logoŋ do töggu ʼbörik ko nye lo a lolon?	kinyojin loŋ nan kode' yi kaaŋ pirit töggu 'börik ko se kulo a maasika burudut loputu' ko kuluk	1			Kuku	train	5.777777777777778		False	0.021739130434782594	False	5.166145520357731	0.6783060921248143	False
3595372adebe9fa78cb5dbf05ddc6d75	31886	spontaneous-speech-ukv-31886.mp3	13608	4011	Kinyojin logoŋ do töggu ʼbörik ko nye lo a lolon?	kinyö logon ŋutu tögiri 'börik lo a bganda se ko burusut	1			Kuku	train	3.3803644914756026		False	0.0	False	4.954852143990829	0.5936106983655275	True
bc7de5ba8870d8cc13419daa6f9387f0	32034	spontaneous-speech-ukv-32034.mp3	6660	4011	Kinyojin logoŋ do töggu ʼbörik ko nye lo a lolon?	kinyotot lo a maasika ko burusut	1			Kuku	train	4.054054054054054		False	0.0	False	4.9875244357176385	0.6084695393759286	False
21ddeb69bfd3e57ad4af5253b149dd0f	32215	spontaneous-speech-ukv-32215.mp3	21168	4011	Kinyojin logoŋ do töggu ʼbörik ko nye lo a lolon?	a ŋo' logon ŋutu kulo nyanyar parik yani kaŋ i keri ni na yani a loputu nye na luŋu jiŋgwa a ko yani 'diloŋ na gbanda	1			Kuku	train	4.346182917611489		False	0.07894736842105265	False	5.341755686373951	0.736998514115899	False
403eb42cb6d7bf4e1ab0b5007a937e98	32306	spontaneous-speech-ukv-32306.mp3	25416	4011	Kinyojin logoŋ do töggu ʼbörik ko nye lo a lolon?	kinyojin logon yi tögu 'börik ko se kulo ti nan yubi' di a gbanda ko liserit ko kuluk ko kilo ŋo' ko masikajin kilo loŋ ko do a kurunda koko a do joŋadi i tubgörju a do puundi ŋo nagon do ŋarakinda 'börik  a do togi 'börik ko nye 	1			Kuku	train	7.0821529745042495		False	0.17180616740088106	False	5.221965122450101	0.6983655274888558	False
4b430d377aba6a707850db0b3318714e	32706	spontaneous-speech-ukv-32706.mp3	8460	4011	Kinyojin logoŋ do töggu ʼbörik ko nye lo a lolon?	kinyojin loŋ  nan teŋgu 'börik ko nye lo a welet	1			Kuku	train	4.491725768321513		False	0.0	False	4.837781663589472	0.549777117384844	True
eaf2feaa162e2c5b79c0a23abcdce106	33282	spontaneous-speech-ukv-33282.mp3	11160	4011	Kinyojin logoŋ do töggu ʼbörik ko nye lo a lolon?	kinyojin gboso gbanda liserit ko loputu kilo kinyöjin logon yi' tögu 'börik ko se	1			Kuku	train	6.093189964157706		False	0.038461538461538436	False	5.2385711871881915	0.7072808320950966	False
a9f74c616d972aac0bc6d66da0be03d8	33480	spontaneous-speech-ukv-33480.mp3	12708	4011	Kinyojin logoŋ do töggu ʼbörik ko nye lo a lolon?	kinyo kinyöjin lo gboso gandalin burusutön janjarolin ko kaatalin weweja tögu na ŋutu'	1			Kuku	train	5.823103556814605		False	0.048192771084337394	False	5.31641402172366	0.7303120356612184	False
e9dcd66d26b3932c353f71bcc8b69d92	33599	spontaneous-speech-ukv-33599.mp3	7956	4011	Kinyojin logoŋ do töggu ʼbörik ko nye lo a lolon?	kinyojin lo tötögu 'börik kulo a 'bugu	1			Kuku	train	4.022121669180493		False	0.0	False	4.845181772878189	0.5534918276374443	True
8f02d83adfcef5096940ee32cf3acb24	34287	spontaneous-speech-ukv-34287.mp3	20088	4011	Kinyojin logoŋ do töggu ʼbörik ko nye lo a lolon?	kinyöjin logon 'n togu 'böril ko se kulo bge a liserit maasika janjaro loputu kuluk kilo kinyöjin loŋ 'n si'da ko se ko se kode 'n togu 'börik  ko se kulo	1			Kuku	train	6.123058542413381		False	0.26490066225165565	False	4.941159696991738	0.5906389301634473	True
c4b295f61c6417a48253b975d0db3dc3	29399	spontaneous-speech-ukv-29399.mp3	21060	3967	Nan de den dinyo ko ŋoʼ lo welun kuweʼ yi kinet kata yu lo gbe loron parik?	ŋo lo welun kwe kinet kata lo na denda di gbe'de parik ko nan dendi di ko 'de'dekan kata yu kode ko yani  mimiyen parik a nan dendi di lo ŋo bgwe'de parik a nan  i diŋitan kune liŋ yeyeji di lo ŋo au  lo pupu'do kode lo bgowunda ŋaŋo 	1			Kuku	train	8.594491927825262		False	0.25108225108225113	False	5.5131395996066725	0.7808320950965825	False
d61dfa8687c5e5b0d0a9ab598550b381	30435	spontaneous-speech-ukv-30435.mp3	18576	3967	Nan de den dinyo ko ŋoʼ lo welun kuweʼ yi kinet kata yu lo gbe loron parik?	nan de denda ko ŋo lo welun i kinet kata lo bge a loron parik i kikölin murek geleŋ ko yilo ŋo minemiyen a nan dendi denda di bge loron parik murek na ko suluji purun ki ko welu welun	1			Kuku	train	7.751937984496124		False	0.22777777777777775	False	5.003472582928343	0.6136701337295691	False
3595372adebe9fa78cb5dbf05ddc6d75	31399	spontaneous-speech-ukv-31399.mp3	13536	3967	Nan de den dinyo ko ŋoʼ lo welun kuweʼ yi kinet kata yu lo gbe loron parik?	na de deden a di ŋo lo wewelun kuwe kinet katayu lo gbe a loron parik ko mimiyen ko a welań 	1			Kuku	train	5.319148936170213		False	0.022222222222222254	False	5.153187586864472	0.6708766716196136	False
21ddeb69bfd3e57ad4af5253b149dd0f	31509	spontaneous-speech-ukv-31509.mp3	23940	3967	Nan de den dinyo ko ŋoʼ lo welun kuweʼ yi kinet kata yu lo gbe loron parik?	yani do denda di kinet let lo mimiyen parik na ko nene diŋit do toyinga lika ne diŋit kinet let lo wewelan yani ne diŋit do tu ko doctor a doctor lo bongi nye naŋ a do dendi di mugun net na ko de kinet let lo 'bayin a lo'but	1			Kuku	train	7.309941520467836		False	0.2941176470588235	False	4.925717609188094	0.5832095096582467	True
b5f5d64520d7376baeef5ca553c0c675	31664	spontaneous-speech-ukv-31664.mp3	22428	3967	Nan de den dinyo ko ŋoʼ lo welun kuweʼ yi kinet kata yu lo gbe loron parik?	koŋ tandu kpake lo welun lo nye tandu 'börik logo parik madaŋ lomunyan 'boŋ ko pirit na naŋ yil ŋo lo welan kata ni lo puruu lokpe lokpe matu ŋo lo bgoŋ lo welun kinet  kata yu lo gbe loron parik	1			Kuku	train	6.866416978776529		False	0.19270833333333337	False	6.452598820628946	0.9465081723625557	False
ddae0f97a9679a1d5120cea6086416fd	31713	spontaneous-speech-ukv-31713.mp3	17280	3967	Nan de den dinyo ko ŋoʼ lo welun kuweʼ yi kinet kata yu lo gbe loron parik?	ko nan a den adi kinet lo a welan ŋo togeleŋ nan tu yi kadi na wini anyen nan böŋö pupuki aa wini logon tokenya nan	1			Kuku	train	5.208333333333333		False	0.0892857142857143	False	5.546850658502376	0.7919762258543833	False
009983f810033d5152ddab92674ee038	31729	spontaneous-speech-ukv-31729.mp3	15516	3967	Nan de den dinyo ko ŋoʼ lo welun kuweʼ yi kinet kata yu lo gbe loron parik?	n de denda ŋo lo mimiyen kuwe kinet lo ko kinet lio lo mimiyen parik ko köti a welan	1			Kuku	train	4.253673627223511		False	0.2222222222222222	False	4.613201586926847	0.42719167904903416	True
bc7de5ba8870d8cc13419daa6f9387f0	31966	spontaneous-speech-ukv-31966.mp3	7200	3967	Nan de den dinyo ko ŋoʼ lo welun kuweʼ yi kinet kata yu lo gbe loron parik?	um togeleŋ na mimiien a 'dok  kinet lo ŋutu' lo wewelan	1			Kuku	train	6.111111111111111		False	0.019230769230769273	False	4.59769255793645	0.42199108469539376	True
403eb42cb6d7bf4e1ab0b5007a937e98	32155	spontaneous-speech-ukv-32155.mp3	24516	3967	Nan de den dinyo ko ŋoʼ lo welun kuweʼ yi kinet kata yu lo gbe loron parik?	aa ko ŋutu' a puwö ko yilo ŋo' logoŋ nan ködi jam di wewelun lo yilo ŋo do tetema yi 'böriköt do tetema yi kula kode' do tetema yi kunu wasaka kayit na gboŋ yi lu ŋo' kata yu kunu 'do tetema anyen dedena di a lo ret yi 'ba di kölöki' di tema yi 'biyet  oo ko nene' ŋutu' lele' ŋo a suluunda ko lepeŋ yi mugun ti lepeŋ wööwörö yi jibitali 	1			Kuku	train	10.76847772883015		False	0.22686567164179106	False	5.194476626409922	0.687221396731055	False
4b430d377aba6a707850db0b3318714e	32769	spontaneous-speech-ukv-32769.mp3	9360	3967	Nan de den dinyo ko ŋoʼ lo welun kuweʼ yi kinet kata yu lo gbe loron parik?	'ndenda ko miyen na nyu' 'ya'yu yala ko kak lo  'dok gbe lika	1			Kuku	train	5.128205128205129		False	0.03448275862068961	False	5.919087882821652	0.8803863298662704	False
eaf2feaa162e2c5b79c0a23abcdce106	33186	spontaneous-speech-ukv-33186.mp3	13176	3967	Nan de den dinyo ko ŋoʼ lo welun kuweʼ yi kinet kata yu lo gbe loron parik?	anyen do den den ŋo' lo welun i kinet kata do tu i tema i jibitalia ko do a yinga tomiyet i kinet	1			Kuku	train	5.692167577413479		False	0.1063829787234043	False	4.989768120865665	0.6106983655274889	False
03e89de29fa51f461c7ffb62db7c8e0d	33264	spontaneous-speech-ukv-33264.mp3	10548	3967	Nan de den dinyo ko ŋoʼ lo welun kuweʼ yi kinet kata yu lo gbe loron parik?	nan de denda di ŋo' lo welan yi kinet kata yu lo gbe lo loron parik lo ko po na 'butet kaŋo kuwe' yi  kinet ni	1			Kuku	train	7.963594994311718		False	0.09345794392523366	False	5.240725980866851	0.7087667161961367	False
e9dcd66d26b3932c353f71bcc8b69d92	33288	spontaneous-speech-ukv-33288.mp3	9648	3967	Nan de den dinyo ko ŋoʼ lo welun kuweʼ yi kinet kata yu lo gbe loron parik?	nan de tu yi jibitali anyen nan deden ŋo' lo welun kuwe yi kinet lu ko a nyo	1			Kuku	train	6.115257048092869		False	0.0547945205479452	False	4.565750779630148	0.399702823179792	True
a9f74c616d972aac0bc6d66da0be03d8	33652	spontaneous-speech-ukv-33652.mp3	7740	3967	Nan de den dinyo ko ŋoʼ lo welun kuweʼ yi kinet kata yu lo gbe loron parik?	tu na yi meda na ɲutu' lo meda kelan 	1			Kuku	train	3.617571059431525		False	0.11764705882352944	False	5.8019099351974495	0.8573551263001485	False
8f02d83adfcef5096940ee32cf3acb24	34236	spontaneous-speech-ukv-34236.mp3	19548	3967	Nan de den dinyo ko ŋoʼ lo welun kuweʼ yi kinet kata yu lo gbe loron parik?	ŋo lo welun lo ŋutu titim ko ŋutu mugun ni di lo ŋo bge loron parik kobgoŋ miyen na lepeŋ bge'deŋ ki 'böŋ yi miyen nagon bgoŋ ki na tikinda ŋutu mugun liŋ mimiyen	1			Kuku	train	6.599140577041129		False	0.20125786163522008	False	4.765966645579034	0.5156017830609212	True
c4b295f61c6417a48253b975d0db3dc3	29449	spontaneous-speech-ukv-29449.mp3	23760	3917	Ŋutuu ti mede nenut/nasu na a tomorja ʼbörik yi toʼdurjö na kenda na dinyo?	ŋutu ti mede a tomorja 'borik yi to'durjo na kenda na yi metet nagoŋ di ŋiro lo ko gbo yi school ti tikini tokit kode ti ŋaŋarajini ŋaŋaraji lo 'dumunda ko kine lo 'dumunda ko aa gurusitot a ropani gurusu nagan lepeŋ kekendi kune yina a tomoret	1			Kuku	train	8.333333333333332		False	0.17012448132780078	False	5.148978348933114	0.6686478454680534	False
d61dfa8687c5e5b0d0a9ab598550b381	30410	spontaneous-speech-ukv-30410.mp3	26100	3917	Ŋutuu ti mede nenut/nasu na a tomorja ʼbörik yi toʼdurjö na kenda na dinyo?	togeleŋ mede niyo' na a tomoroja 'börik yi tögu kode' yi to'durjö na kenda na  yi kiko lo sondu na ŋojik kulo liŋ yi sukulu anyen totodinö tomurek nayit na yi tögu na kitayesi' liŋ na mimiinikin yi piritön ti ti kenda kode' petesi' ti kenda  liŋ 	1			Kuku	train	7.547892720306513		False	0.1728395061728395	False	3.7884609287831714	0.06537890044576523	True
03e89de29fa51f461c7ffb62db7c8e0d	30473	spontaneous-speech-ukv-30473.mp3	21816	3917	Ŋutuu ti mede nenut/nasu na a tomorja ʼbörik yi toʼdurjö na kenda na dinyo?	ŋutu ti mede niyo' kode' niyaŋ a tomorja 'börik yi to'durjö na kenda na yi kikolin jore togeleŋ ko lele' luŋaser a tika ko robba na gurusu ti sukulu a lepeŋ b'gbegbelakini' gurusutöt amnyen lepeŋ bubulö robba na ŋojik kanyit	1			Kuku	train	8.48001466813348		False	0.1131221719457014	False	3.813356796900355	0.06835066864784546	True
009983f810033d5152ddab92674ee038	31524	spontaneous-speech-ukv-31524.mp3	21348	3917	Ŋutuu ti mede nenut/nasu na a tomorja ʼbörik yi toʼdurjö na kenda na dinyo?	togeleŋ koko a si'daki' kak a kekenakindi' ŋojik 'busan na kenda na ko nyo tomurek a koko kitani' ko riŋitön kase liŋ yi kurju yi pujö na gurusu na sonyoni ŋojik yi sukulu	1			Kuku	train	6.5111485853475735		False	0.11309523809523814	False	4.528674905498971	0.37815750371471024	True
ddae0f97a9679a1d5120cea6086416fd	31620	spontaneous-speech-ukv-31620.mp3	22896	3917	Ŋutuu ti mede nenut/nasu na a tomorja ʼbörik yi toʼdurjö na kenda na dinyo?	yii' kaaŋ mede yi' a tomorja 'börik yi töggu na ŋojik kaaŋ yi sukulu yi töggu na ŋojik ti sasirik kaŋ kode' luŋasirik kaaŋ anyen gboŋ ko gbiliŋt logon lo'but anyen ko koŋarakinda yi kaŋ yi jur likaŋ	1			Kuku	train	7.031795946890286		False	0.22564102564102562	False	4.476017369734905	0.3491827637444279	True
b5f5d64520d7376baeef5ca553c0c675	31643	spontaneous-speech-ukv-31643.mp3	23220	3917	Ŋutuu ti mede nenut/nasu na a tomorja ʼbörik yi toʼdurjö na kenda na dinyo?	ŋutu' ti mede niyo na a tomorja könisi' kase kulo ma koo memetadu nan yi kenda ni yala 'dok yi ŋaŋarikinda nan ko yeyeesi' ma nan bubulö pujö na kita naŋ 'nmiindi konda nye na kon kekenda	1			Kuku	train	6.503014642549527		False	0.10869565217391308	False	4.367068701006093	0.3031203566121842	True
3595372adebe9fa78cb5dbf05ddc6d75	31918	spontaneous-speech-ukv-31918.mp3	18900	3917	Ŋutuu ti mede nenut/nasu na a tomorja ʼbörik yi toʼdurjö na kenda na dinyo?	 ŋutulu i i mede niyaŋ na a tomorja 'börik koo toyiŋakin a ŋo' geleŋ a tindi' gurusu kase i pirit na geleŋ a ko jondi 'duret i suwöt lo kenda	1			Kuku	train	5.873015873015873		False	0.05797101449275366	False	4.167740818493717	0.2050520059435364	True
21ddeb69bfd3e57ad4af5253b149dd0f	32141	spontaneous-speech-ukv-32141.mp3	22716	3917	Ŋutuu ti mede nenut/nasu na a tomorja ʼbörik yi toʼdurjö na kenda na dinyo?	a do pujö naŋ di yani ko ta mede mindi ti ta ŋare ŋar ko ŋiro ŋona tu dinyo sukulu ta ŋona bgebgelun gurusu na sondi yilo ŋiro i sukulu yu kune dinyo ta ŋona ŋarakin yilo ŋiro ko ŋo' kayit lo joŋa sukulu kulo dinyo	1			Kuku	train	7.439690086282796		False	0.24644549763033174	False	5.613199106704944	0.812035661218425	False
bc7de5ba8870d8cc13419daa6f9387f0	32227	spontaneous-speech-ukv-32227.mp3	10656	3917	Ŋutuu ti mede nenut/nasu na a tomorja ʼbörik yi toʼdurjö na kenda na dinyo?	i i kita i i kita go' a koko kirut pondi pirit na geleŋ a bgebgelundi gurusutöt na tokenani ŋojik	1			Kuku	train	7.319819819819819		False	0.0957446808510638	False	5.29255238125116	0.7236255572065379	False
eaf2feaa162e2c5b79c0a23abcdce106	32833	spontaneous-speech-ukv-32833.mp3	22680	3917	Ŋutuu ti mede nenut/nasu na a tomorja ʼbörik yi toʼdurjö na kenda na dinyo?	a mede niyo na ŋutu kulo liŋ tomorja 'borik pirit nageleŋ yi ga'yu na kikölin logon puwöni gurusu nagon ropani ŋojik i sukulu ko kak na waran ŋutu gele geleŋ tu i ga'yu na kiko lo gurusu anyen kine gurusu joŋani ŋojik i sululu anyen ŋojik kune jujukin kenda na'but	1			Kuku	train	9.479717813051147		False	0.210727969348659	False	3.976548718238631	0.11144130757800892	True
4b430d377aba6a707850db0b3318714e	32977	spontaneous-speech-ukv-32977.mp3	23580	3917	Ŋutuu ti mede nenut/nasu na a tomorja ʼbörik yi toʼdurjö na kenda na dinyo?	kulye kulo tuggö i pirit na kwakwadu takinda ŋutulu ko to'bi'bin na sukulu na a nyo ku'de' ŋutu kata logon mindi ge'ya na ŋojik nawate a tu i sukulu kulo loŋ babatatu kulo a tu i kenda ama  ŋutu kulo morakinda i takinda ko to'bi'bin na sukulu na gboŋ di nyo ko ŋiro lele' gbe 'ban lo kökölöki' bot a kenda	1			Kuku	train	10.347752332485156		False	0.2483443708609272	False	4.590461276873115	0.4160475482912333	True
e9dcd66d26b3932c353f71bcc8b69d92	33369	spontaneous-speech-ukv-33369.mp3	7200	3917	Ŋutuu ti mede nenut/nasu na a tomorja ʼbörik yi toʼdurjö na kenda na dinyo?	ta gbegbe'ya gurusu anyen ŋojik kulo tu yi kenda 	1			Kuku	train	5.555555555555555		False	0.0	False	3.67105596066981	0.041604754829123326	True
8f02d83adfcef5096940ee32cf3acb24	34282	spontaneous-speech-ukv-34282.mp3	20196	3917	Ŋutuu ti mede nenut/nasu na a tomorja ʼbörik yi toʼdurjö na kenda na dinyo?	yi a to'durjö kulya ti kenda na kaŋ mede ni kega parik i tögo na ŋojik logongiti kekenda ko ŋo loŋ ko mimindi bgoso bukan galaman ko kamuka	1			Kuku	train	5.545652604476134		False	0.06617647058823528	False	4.588909292254715	0.4145616641901932	True
c4b295f61c6417a48253b975d0db3dc3	29406	spontaneous-speech-ukv-29406.mp3	23508	3977	Kenda na ŋona ŋarakinda toʼdudfö na tolomeran na dinyo?	kenda na ŋarakinda i to'dudö na telemerian na i kiko lo laga ko do kenda a do puji di a do bge'de bgwon ko gurusutöt i könin kogwon do lo pupujö kita a do puundi gurusutöt a do bgworundi ko a kiteŋ kode lidin a do tobgi'dikindi i na lidin ka a do puji di a yuyuŋö a do bge a kuwörönit	1			Kuku	train	9.486132380466223		False	0.27402135231316727	False	5.710574574811058	0.8402674591381872	False
d61dfa8687c5e5b0d0a9ab598550b381	30289	spontaneous-speech-ukv-30289.mp3	30420	3977	Kenda na ŋona ŋarakinda toʼdudfö na tolomeran na dinyo?	tolomeran na 'bijo na gboŋ ko ŋutu yi kuwe kata yu 'boŋ ko ŋutu' a todinö yilo a kiko' togeleŋ logoŋ a yina tolometan na gboŋ ko ŋutu' yi kuwe yu na a wöki wökon yala kune' ŋo' nagoŋ bubulö poonda yi kenda katani kune  a naa ko ŋutu' kenda ŋutu' bulöne bulö konda na kitajin na to'dutöni tolomeran kune yaa yi kikolin jore parik	1			Kuku	train	8.645627876397107		True	0.2861538461538462	False			False
009983f810033d5152ddab92674ee038	31469	spontaneous-speech-ukv-31469.mp3	22500	3977	Kenda na ŋona ŋarakinda toʼdudfö na tolomeran na dinyo?	kends na ŋarakinda yi to'ddö na tolomeriyan yi gboke kode' yi jur ko do kenda a dk puji kenda a do puji' gurudu nagoŋ do sondiri ŋojik köluk köti yi sukulu yi jujumbu a kilo ŋojik 'dok kotumolu ko puji kita a koko 'dok ko ŋarakindi 'börik	1			Kuku	train	8.533333333333333		False	0.19148936170212771	False	4.330547036009343	0.2838038632986627	True
3595372adebe9fa78cb5dbf05ddc6d75	31784	spontaneous-speech-ukv-31784.mp3	13968	3977	Kenda na ŋona ŋarakinda toʼdudfö na tolomeran na dinyo?	ko do a kenda do dene den 'de'ya na gurusu a do molu kitani yi diŋit nagoŋ a nago' kode' nagusu'	1			Kuku	train	5.441008018327606		False	0.08602150537634412	False	4.614494467756145	0.4279346210995542	True
bc7de5ba8870d8cc13419daa6f9387f0	31883	spontaneous-speech-ukv-31883.mp3	22428	3977	Kenda na ŋona ŋarakinda toʼdudfö na tolomeran na dinyo?	kenda na ŋarakinda nan i kikölin jore 'n denunda ŋo jore ŋo loŋ teji 'n 'ba de yani kwinyit kwe kune ke kaju kata yu tinda nan 'dok bge ko kurundö naŋ di kon konda na ŋo a na'but kon konda na ŋo a naron a yi na ŋo liŋ naŋ kenda a ŋarakinda nan na	1			Kuku	train	8.516140538612449		False	0.2674897119341564	False	4.561856084973329	0.3952451708766716	True
ddae0f97a9679a1d5120cea6086416fd	31889	spontaneous-speech-ukv-31889.mp3	21456	3977	Kenda na ŋona ŋarakinda toʼdudfö na tolomeran na dinyo?	kenda titikinda do yi to'duddö na tolomeran kogboŋ ko do aje kenda a do röji kita nagoŋ do ŋarakindi 'börik yi yona mede tolomeran de gbe 'ban ta yesi' lo'but	1			Kuku	train	6.012304250559284		False	0.11612903225806448	False	4.639581912114827	0.4413075780089153	True
403eb42cb6d7bf4e1ab0b5007a937e98	31985	spontaneous-speech-ukv-31985.mp3	31356	3977	Kenda na ŋona ŋarakinda toʼdudfö na tolomeran na dinyo?	a sukul ŋarakinda ma 'diŋödi kulya ti to'diyoŋon  koke na a tokena na ŋojik kan na  ŋutu' kulo tokenda ko kole a ta puwundi kilo kinyo a ta robi ŋojik lakin ko lele ŋiro geleŋ a korju  a lo'but  a  lepeŋ lo jujuludi ŋerot yu manyan kule kulo ponda a ŋo loŋ a lo'but midijin kune'depa ko yilo sikili a to'diyoŋon na gbe madaŋ lakin 'ba nyu  parik	1			Kuku	train	8.674575838754944		True	0.16666666666666663	False			False
b5f5d64520d7376baeef5ca553c0c675	32170	spontaneous-speech-ukv-32170.mp3	13536	3977	Kenda na ŋona ŋarakinda toʼdudfö na tolomeran na dinyo?	ŋakinda do kikolin yi pujö na kitajin naŋ do pupuwundi neŋo na 'dit naŋ do ŋaŋarakindi mede nasu na 	1			Kuku	train	5.98404255319149		False	0.11340206185567014	False	4.689862569263281	0.47771173848439824	True
21ddeb69bfd3e57ad4af5253b149dd0f	32372	spontaneous-speech-ukv-32372.mp3	13428	3977	Kenda na ŋona ŋarakinda toʼdudfö na tolomeran na dinyo?	kenda na ŋarakinda nan i todudö na tolomerian ko gboŋ ko na 'yu kenda na gbé kata ko kikolin loŋ nan pujini gurut a nyen todutdá na tolomerian niyo	1			Kuku	train	9.011021745606197		False	0.1986301369863014	False	4.9811841908749335	0.6054977711738484	False
4b430d377aba6a707850db0b3318714e	32672	spontaneous-speech-ukv-32672.mp3	10548	3977	Kenda na ŋona ŋarakinda toʼdudfö na tolomeran na dinyo?	kenda na 'bulit ko do kenda a do 'dok puwo a katodinönit a do 'dok kob todindi' kule ŋutui	1			Kuku	train	6.825938566552901		False	0.16091954022988508	False	4.681936504143499	0.4687964338781575	True
e9dcd66d26b3932c353f71bcc8b69d92	33087	spontaneous-speech-ukv-33087.mp3	23436	3977	Kenda na ŋona ŋarakinda toʼdudfö na tolomeran na dinyo?	kenda na tiyanana do pujö yi' duköni 'dukö kadijin naŋ na'but ko gboke liyaŋ lo gbe lo'but yi' gne gboŋ ko toyiŋakin ŋo' kune liŋ gbe na'but ooo do totokenda ŋojik köluk yi sukulu	1			Kuku	train	6.229732036183649		False	0.11931818181818177	False	4.1085518660900435	0.1723625557206538	True
03e89de29fa51f461c7ffb62db7c8e0d	33348	spontaneous-speech-ukv-33348.mp3	15516	3977	Kenda na ŋona ŋarakinda toʼdudfö na tolomeran na dinyo?	kenda na ŋarakinda yi 'dumaddu na tolomeran kaŋo kogbon kenda do kwinyit nago' nagoŋ do yeyeji kulys naŋ joondi to'duret könuk yi mede kode' kasu yi jur na dinyo	1			Kuku	train	8.5717968548595		False	0.069620253164557	False	4.96159574681473	0.5950965824665676	True
eaf2feaa162e2c5b79c0a23abcdce106	33357	spontaneous-speech-ukv-33357.mp3	12996	3977	Kenda na ŋona ŋarakinda toʼdudfö na tolomeran na dinyo?	Ko ŋutú kulo liŋ a kenda tomelirian gboŋ bayin ko gboŋ ŋutú kulo liŋ pupujä gurusu nagoŋ lepeŋ ŋaŋarakindi 'barik ko sondini ŋowjik kase i sukulu i kenda 	1			Kuku	train	9.92613111726685		False	0.1428571428571429	False	4.358597676251062	0.29791976225854383	True
a9f74c616d972aac0bc6d66da0be03d8	33758	spontaneous-speech-ukv-33758.mp3	5940	3977	Kenda na ŋona ŋarakinda toʼdudfö na tolomeran na dinyo?	tikinda ŋutu' koŋon a ŋutu' kitani kitani	1			Kuku	train	5.892255892255892		True	0.26315789473684215	False			False
8f02d83adfcef5096940ee32cf3acb24	34329	spontaneous-speech-ukv-34329.mp3	16956	3977	Kenda na ŋona ŋarakinda toʼdudfö na tolomeran na dinyo?	ko nan kenda a nan puji kita 'boŋ i nan kitá tidi nan puji gurusu 'boŋ kine guruso an tunyäji mede an todudi tolemerian na i na mede 	1			Kuku	train	6.310450577966502		False	0.21969696969696972	False	6.749890815368908	0.9673105497771174	False
c4b295f61c6417a48253b975d0db3dc3	29607	spontaneous-speech-ukv-29607.mp3	17928	3940	Kunen boŋgolan nagoŋ do nyanyar roggu?	boŋgolan nagoŋ nan nyanyar roggu parik kune kegga kine boŋgolan nagon aa luŋu a a sut kune ko do roko se a 'dumundi' mugun nenut na purune nakye' ko  jinsiyöt kine muggö mugun nenut na nabut  s do purune kwekwelen	1			Kuku	train	9.593931280678268		False	0.1952380952380952	False	5.792848590271686	0.8558692421991084	False
d61dfa8687c5e5b0d0a9ab598550b381	30265	spontaneous-speech-ukv-30265.mp3	13968	3940	Kunen boŋgolan nagoŋ do nyanyar roggu?	nan nyanyar rogu na bongolan nagon a cotton cotton toroji a ko sati nagon konisi kulo lojo	1			Kuku	train	5.297823596792669		False	0.11494252873563215	False	5.293818199005149	0.7243684992570579	False
009983f810033d5152ddab92674ee038	31943	spontaneous-speech-ukv-31943.mp3	13536	3940	Kunen boŋgolan nagoŋ do nyanyar roggu?	nan nyanyar roggu boŋgo na luŋu gboto ko piyoŋ ko boŋgo nagon köti a najo ŋor kak yu	1			Kuku	train	4.949763593380615		False	0.0864197530864198	False	6.089982962595757	0.9101040118870728	False
bc7de5ba8870d8cc13419daa6f9387f0	32178	spontaneous-speech-ukv-32178.mp3	9828	3940	Kunen boŋgolan nagoŋ do nyanyar roggu?	'n 'nnnynyar roko na jolobiyajin boŋgolan nagoŋ 'dok najo kak ŋor ki	1			Kuku	train	5.7997557997558005		False	0.0	False	7.05479771337588	0.9836552748885586	False
21ddeb69bfd3e57ad4af5253b149dd0f	32368	spontaneous-speech-ukv-32368.mp3	8028	3940	Kunen boŋgolan nagoŋ do nyanyar roggu?	bogolan nagon na rogu  se kune a na jo a ko Marian ti jon  ŋor kak yu	1			Kuku	train	6.352765321375187		False	0.030303030303030276	False	6.9589563998640225	0.9791976225854383	False
03e89de29fa51f461c7ffb62db7c8e0d	32635	spontaneous-speech-ukv-32635.mp3	12276	3940	Kunen boŋgolan nagoŋ do nyanyar roggu?	boŋgolan naŋ nan nyanyar roggu kune a boŋgolan naa jo' na suluja ki ko kak a ko torojiyöt	1			Kuku	train	5.865102639296188		False	0.11627906976744184	False	5.638031921664206	0.8179791976225854	False
a9f74c616d972aac0bc6d66da0be03d8	32720	spontaneous-speech-ukv-32720.mp3	9108	3940	Kunen boŋgolan nagoŋ do nyanyar roggu?	bogolan naŋ 'nnyanyar rogu parik kune a bogolan naŋ najo nyenaŋ do kukuka ko do gboŋ yi ŋutuu kata	1			Kuku	train	8.783487044356608		False	0.11578947368421055	False	4.997449474180789	0.6129271916790491	False
eaf2feaa162e2c5b79c0a23abcdce106	33395	spontaneous-speech-ukv-33395.mp3	5256	3940	Kunen boŋgolan nagoŋ do nyanyar roggu?	nan nyanyar rogu na toroji a ko sati	1			Kuku	train	5.517503805175038		True	0.0	False			False
4b430d377aba6a707850db0b3318714e	33572	spontaneous-speech-ukv-33572.mp3	15876	3940	Kunen boŋgolan nagoŋ do nyanyar roggu?	Bongolan naŋ 'n nyanyar rogu kune a bongolan a na mukök ko na kido yala ti bge najo ŋor kak yu kine bongolan naŋ 'n nyanyar rogu parik kune a sekine	1			Kuku	train	7.432602670697909		False	0.2689655172413793	False	5.432385843445322	0.7607726597325408	False
e9dcd66d26b3932c353f71bcc8b69d92	33677	spontaneous-speech-ukv-33677.mp3	6228	3940	Kunen boŋgolan nagoŋ do nyanyar roggu?	 'nnyanyar na rogú na boŋgolan na jo parik	1			Kuku	train	5.619781631342325		True	0.050000000000000044	False			False
8f02d83adfcef5096940ee32cf3acb24	34315	spontaneous-speech-ukv-34315.mp3	15228	3940	Kunen boŋgolan nagoŋ do nyanyar roggu?	nan nyanyar roko na 'bogolan nagoŋgiti aa tikinda nan gboŋ a na kye' kega parik 'bogolan naŋogiti lwälwäŋ kuŋusi' kuwe' kulo nyenagoŋ nan puru' a na kye'	1			Kuku	train	8.47123719464145		False	0.1907894736842105	False	4.718791893164118	0.49405646359583955	True
c4b295f61c6417a48253b975d0db3dc3	29725	spontaneous-speech-ukv-29725.mp3	17856	3992	Kunen Kpiyesiʼ na kpeja di leleʼ ŋutuʼ gboŋ ko yeyeesiʼ nagoŋ kindu?	ŋutu' lo ko yiŋa taliŋ diŋitan kune liŋ kode' do jambu ko lepeŋ a lepeŋ a tikinda yeiyesi' kode' nyopesi' 'ban yi na kpeja di lepeŋ bgoŋ yeiyesi' nagon jore ko lepeŋ	1			Kuku	train	7.50448028673835		False	0.191358024691358	False	4.188809415211845	0.21322436849925705	True
d61dfa8687c5e5b0d0a9ab598550b381	30248	spontaneous-speech-ukv-30248.mp3	25488	3992	Kunen Kpiyesiʼ na kpeja di leleʼ ŋutuʼ gboŋ ko yeyeesiʼ nagoŋ kindu?	ŋo kune jore na kpeja di  yeyesi ti ŋutu' kune a kindu geleŋ na ŋutu' lo yiyiŋdu kode sisi'datu geleŋ kule wora gborokolo kule pokin  aa yi' meran kulo kamulak ti yesu gbong 'ban a kulo nyesu kölumbo bgwe na'bijo  parik kulo nyösu 'döti logon ko ködö a nyesu wa ko kune ŋo jore gboso kine	1			Kuku	train	9.023854362837412		False	0.16842105263157892	False	5.665122429176524	0.8276374442793462	False
21ddeb69bfd3e57ad4af5253b149dd0f	31470	spontaneous-speech-ukv-31470.mp3	22968	3992	Kunen Kpiyesiʼ na kpeja di leleʼ ŋutuʼ gboŋ ko yeyeesiʼ nagoŋ kindu?	yani do gbulu'ya ŋutu' na ko gboɲ ko yeyeesi' do pujö nagoŋ di komoŋ na lepeŋ na gagayerju lepeŋ na pusök 'ban lo jambu pusök 'ban lo yesu do pujö di nene' diɲit na puru' ge nye nu ayaan yina a do suluji' denda di nanet gboŋ kata ko yryeesi'	1			Kuku	train	8.359456635318704		False	0.19747899159663862	False	5.552877114436824	0.7964338781575037	False
3595372adebe9fa78cb5dbf05ddc6d75	31491	spontaneous-speech-ukv-31491.mp3	9648	3992	Kunen Kpiyesiʼ na kpeja di leleʼ ŋutuʼ gboŋ ko yeyeesiʼ nagoŋ kindu?	ŋutu lo ko bgoŋ ko yeyiyesi lepeŋ yiŋa di mit a jambu ko lele ŋutu	1			Kuku	train	5.389718076285241		False	0.04761904761904767	False	5.0446752244214235	0.6315007429420505	False
bc7de5ba8870d8cc13419daa6f9387f0	31828	spontaneous-speech-ukv-31828.mp3	24228	3992	Kunen Kpiyesiʼ na kpeja di leleʼ ŋutuʼ gboŋ ko yeyeesiʼ nagoŋ kindu?	do pujö di ŋutu' na ko yöŋisi' kayit yi töyili mindi gboŋ si'da geleŋ a kukulya ko ŋutuu a do puji' di diŋitan kune liŋ a yilo ŋutu' gbe ayan 'boŋ lo ko gbe lo ko gbe'de ayan tina na yina na joŋe ŋutu' lo yi ŋo'  naron	1			Kuku	train	7.016674921578339		False	0.19069767441860463	False	4.863428813205901	0.5579494799405647	True
ddae0f97a9679a1d5120cea6086416fd	31847	spontaneous-speech-ukv-31847.mp3	18648	3992	Kunen Kpiyesiʼ na kpeja di leleʼ ŋutuʼ gboŋ ko yeyeesiʼ nagoŋ kindu?	ŋutu lele' bgwobgwoŋ ko yeyiyesi nagon ku'dik ko lepeŋ a tika ŋo 'ban nagon lepeŋ ŋarakindi 'börik a do bge ko yeyiyesi nagon ku'dik	1			Kuku	train	5.8451308451308455		False	0.24806201550387597	False	4.272874854488654	0.25185735512630014	True
009983f810033d5152ddab92674ee038	31989	spontaneous-speech-ukv-31989.mp3	19836	3992	Kunen Kpiyesiʼ na kpeja di leleʼ ŋutuʼ gboŋ ko yeyeesiʼ nagoŋ kindu?	togeleŋ na i james logon lepeŋ jajambiri kune kpeja kpeja di yeiyesi ti lepeŋ kune a kindu tomurek i bgeyari logon lepeŋ pupur'i kode memetani lo köti kpekpeja di yeiyesi ti lepeŋ kune a kindu	1			Kuku	train	7.9653155878201245		False	0.30687830687830686	False	4.378412104729226	0.3075780089153046	True
4b430d377aba6a707850db0b3318714e	33314	spontaneous-speech-ukv-33314.mp3	23256	3992	Kunen Kpiyesiʼ na kpeja di leleʼ ŋutuʼ gboŋ ko yeyeesiʼ nagoŋ kindu?	aa do denda di lo ŋutu' gboŋ ko yeyeesi' ko lopeŋ lo yiŋga kuwe mimiyen na kuwe ee ko kuwe let lo mimiyen parik 'ba di a ayan loŋ di tina ama kine a yeyeesi' jore naŋ a lubbö könuk kuwe yu nye na tiinda do a do yiŋgi' mien na kuwe	1			Kuku	train	7.696938424492604		False	0.21145374449339205	False	4.912807463223434	0.5772659732540861	True
03e89de29fa51f461c7ffb62db7c8e0d	33519	spontaneous-speech-ukv-33519.mp3	8100	3992	Kunen Kpiyesiʼ na kpeja di leleʼ ŋutuʼ gboŋ ko yeyeesiʼ nagoŋ kindu?	kpiyesi na kpeja di lele ŋutu bgoŋ ko yeiyesi na na kindu na a jajamaju geleŋ geleŋ	1			Kuku	train	8.271604938271606		False	0.15000000000000002	False	4.242556132846376	0.237741456166419	True
8f02d83adfcef5096940ee32cf3acb24	34303	spontaneous-speech-ukv-34303.mp3	20628	3992	Kunen Kpiyesiʼ na kpeja di leleʼ ŋutuʼ gboŋ ko yeyeesiʼ nagoŋ kindu?	ŋutu logon yeiyesi kayit a kindu lo geleŋ na lepeŋ  lo yiŋa taliŋ a kukulya murek nayit na bgwoŋ 'bakan pusok na yesu yi na kpeja naŋ di ŋutu lo yeiyesi ti lepeŋ kune a kindu	1			Kuku	train	6.689936009307737		False	0.17543859649122806	False	4.439813417209459	0.33060921248142644	True
c4b295f61c6417a48253b975d0db3dc3	29561	spontaneous-speech-ukv-29561.mp3	14976	3965	Ti ŋutuʼ na gboŋ ko peleʼ na kodo sulujiʼ wörö yi jibitaliya nanuʼ?	ŋutu na ko denda 'börik ko pele kodo suluja wörö i jibitalia ko pele na a yenga yapa geleŋ 'de'de a lepeŋ suluji wörö tojo ko 'dutet na yuŋundo na lepeŋ	1			Kuku	train	8.146367521367521		False	0.1476510067114094	False	4.664307156883431	0.4576523031203566	True
03e89de29fa51f461c7ffb62db7c8e0d	30071	spontaneous-speech-ukv-30071.mp3	6876	3965	Ti ŋutuʼ na gboŋ ko peleʼ na kodo sulujiʼ wörö yi jibitaliya nanuʼ?	ŋutu na gboŋ ko pele' na ködö suluja wörö i jibitali ti pele' na nyu ko yapa geleŋ	1			Kuku	train	9.453170447934845		False	0.11392405063291144	False	4.322561162963109	0.2786032689450223	True
03e89de29fa51f461c7ffb62db7c8e0d	30071	spontaneous-speech-ukv-30071.mp3	6876	3965	Ti ŋutuʼ na gboŋ ko peleʼ na kodo sulujiʼ wörö yi jibitaliya nanuʼ?	ŋutu' nagon ko pele na ködö suluja wörö yi jibitali ti pele na nyuŋ ko yapa geleŋ	1			Kuku	train	9.453170447934845		False	0.08974358974358976	False	4.362065003251137	0.300148588410104	True
d61dfa8687c5e5b0d0a9ab598550b381	30251	spontaneous-speech-ukv-30251.mp3	18828	3965	Ti ŋutuʼ na gboŋ ko peleʼ na kodo sulujiʼ wörö yi jibitaliya nanuʼ?	ŋutu' nagoŋ a nyu' moka pele' na su ködö duluja wörö yi jibitali rere yi diŋit nagoŋ lepeŋ a timundi di nye gbe ko pele' na anyen bubulö ŋaraki' ko ŋutuu boduwat ti kadi na wini	1			Kuku	train	7.541958784788613		False	0.10919540229885061	False	4.68838861060695	0.4769687964338782	True
b5f5d64520d7376baeef5ca553c0c675	31486	spontaneous-speech-ukv-31486.mp3	21996	3965	Ti ŋutuʼ na gboŋ ko peleʼ na kodo sulujiʼ wörö yi jibitaliya nanuʼ?	ŋutu' naŋ ko pele' na ti bulön bulöne bulö to yi jibitali yu yi mukök na yapani' murek ama ko lepeŋ na ko yoyoŋesi ko kulye ayaniki lo yoyngu mugun na lepeŋ na ti lepeŋ na it tu i lakatan murek i mukök	1			Kuku	train	7.2285870158210574		False	0.20707070707070707	False	4.807974507281456	0.5341753343239227	True
403eb42cb6d7bf4e1ab0b5007a937e98	31547	spontaneous-speech-ukv-31547.mp3	46476	3965	Ti ŋutuʼ na gboŋ ko peleʼ na kodo sulujiʼ wörö yi jibitaliya nanuʼ?	ŋutu' nagon gboŋ ko pele ködö suluja wörö yi yapa geleŋ a do suluji wörö yi meta yi jibitali san tiyana reto kulo a lupundö jore parik ko do 'ba a meta kune yapa geleŋ a pele 'bukundi koke kune ŋiro gboŋ ko babatesi mugun ama nogon tiyana jibitali na a na'but a denda kulya  ti kelan do memeta ŋiro memeta ko yuyukan do memeta kule ŋo kilo luŋu wasaka kp ŋutu' mu guni kata diya 'ban a moga ko de 'bak moga a do rere suluji denda di 'busan na jibïtali na nye na yina ko do ko pele  do suluji wörö 'beron	1			Kuku	train	8.585076168344953		True	0.2954091816367266	False			False
ddae0f97a9679a1d5120cea6086416fd	31627	spontaneous-speech-ukv-31627.mp3	23328	3965	Ti ŋutuʼ na gboŋ ko peleʼ na kodo sulujiʼ wörö yi jibitaliya nanuʼ?	ŋutu' nagon ko pele na ködö tu yi jibitalia yi mukök na lakatan budök anyen ti pujö ŋariyesi ko winikö logon rereŋgu kulye reto logboŋ nyanyar moga ŋutu' nagon ko pele	1			Kuku	train	5.872770919067215		False	0.12804878048780488	False	4.232473150347212	0.23179791976225855	True
bc7de5ba8870d8cc13419daa6f9387f0	31738	spontaneous-speech-ukv-31738.mp3	21708	3965	Ti ŋutuʼ na gboŋ ko peleʼ na kodo sulujiʼ wörö yi jibitaliya nanuʼ?	um ŋutú na pele na kodó ti sulujin woro jibitali ko do je denda di do na gbak gbe ko pele yina miindi ti ŋutu'  sulujin tu yi jibitali yu ko ŋutu gbe ko yapani musala böböŋö nyenaŋ ŋutú 'dok pupu kiko loŋ ma ŋaŋarakini ŋutú wa	1			Kuku	train	8.430071862907683		False	0.17621145374449343	False	4.831359836956622	0.5460624071322436	True
3595372adebe9fa78cb5dbf05ddc6d75	31855	spontaneous-speech-ukv-31855.mp3	16956	3965	Ti ŋutuʼ na gboŋ ko peleʼ na kodo sulujiʼ wörö yi jibitaliya nanuʼ?	ŋutu' na ko bgoŋ ko pele i diŋit nagon lepeŋ kurun di lepeŋ gbe ko pele na a lepeŋ suluji' wörö i jibitali	1			Kuku	train	4.953998584571833		False	0.15533980582524276	False	3.775394771450067	0.061664190193164936	True
009983f810033d5152ddab92674ee038	32271	spontaneous-speech-ukv-32271.mp3	10800	3965	Ti ŋutuʼ na gboŋ ko peleʼ na kodo sulujiʼ wörö yi jibitaliya nanuʼ?	ŋutu na ko pele na suluja wörö i jibitali ko lepeŋ bge ko yapani murek	1			Kuku	train	5.185185185185185		False	0.04477611940298509	False	3.7775923853959648	0.06240713224368499	True
21ddeb69bfd3e57ad4af5253b149dd0f	32348	spontaneous-speech-ukv-32348.mp3	14256	3965	Ti ŋutuʼ na gboŋ ko peleʼ na kodo sulujiʼ wörö yi jibitaliya nanuʼ?	ŋutu na gbon ko pele' na ködö tu i jibitali yu i mukök na yapani murek anyen lepeŋ na tiki winiko lo gaju mugun na lepeŋ	1			Kuku	train	6.663860830527497		False	0.07692307692307687	False	4.01444962708864	0.12481426448736999	True
eaf2feaa162e2c5b79c0a23abcdce106	32850	spontaneous-speech-ukv-32850.mp3	12240	3965	Ti ŋutuʼ na gboŋ ko peleʼ na kodo sulujiʼ wörö yi jibitaliya nanuʼ?	ayi ŋutu nagon ko pele na kodo suluja wörö i jubitali diŋit nagon lepeŋ a moka pele tojo i diŋit nagon lepeŋ tata'duni	1			Kuku	train	7.84313725490196		False	0.20869565217391306	False	4.667328891761753	0.46136701337295694	True
4b430d377aba6a707850db0b3318714e	33637	spontaneous-speech-ukv-33637.mp3	20736	3965	Ti ŋutuʼ na gboŋ ko peleʼ na kodo sulujiʼ wörö yi jibitaliya nanuʼ?	kodo 'beron nyu denda di do ko pele tina i lu yaps rere mindi ti do iti i jibitalia nye naŋ do weweja meta 'bura i jibitalia yu kulu ŋutu titikinda do kukuwesi jore ko do  ko do tiju pele net na dinyo	1			Kuku	train	7.571373456790123		False	0.14213197969543145	False	5.232425053502769	0.7050520059435365	False
e9dcd66d26b3932c353f71bcc8b69d92	33723	spontaneous-speech-ukv-33723.mp3	9648	3965	Ti ŋutuʼ na gboŋ ko peleʼ na kodo sulujiʼ wörö yi jibitaliya nanuʼ?	ŋutu na pele na suluja i diŋit nagoŋ lepeŋ momokani pele na lakadi i yuŋundö na lepeŋ 	1			Kuku	train	7.151741293532338		False	0.15662650602409633	False	4.478669769311666	0.3514115898959881	True
a9f74c616d972aac0bc6d66da0be03d8	33745	spontaneous-speech-ukv-33745.mp3	6768	3965	Ti ŋutuʼ na gboŋ ko peleʼ na kodo sulujiʼ wörö yi jibitaliya nanuʼ?	ŋutú na weweja tu i jibitali i mukak na yapani musalá 	1			Kuku	train	6.648936170212767		False	0.037735849056603765	False	4.29745341259619	0.2652303120356612	True
a9f74c616d972aac0bc6d66da0be03d8	33745	spontaneous-speech-ukv-33745.mp3	6768	3965	Ti ŋutuʼ na gboŋ ko peleʼ na kodo sulujiʼ wörö yi jibitaliya nanuʼ?	ŋutu na weweja' tu yi jibitali yi mukök na yapani' musala 	1			Kuku	train	6.944444444444445		False	0.036363636363636376	False	3.610287664594666	0.031203566121842496	True
8f02d83adfcef5096940ee32cf3acb24	34299	spontaneous-speech-ukv-34299.mp3	21240	3965	Ti ŋutuʼ na gboŋ ko peleʼ na kodo sulujiʼ wörö yi jibitaliya nanuʼ?	ŋutu' na ködö ko pele ködö tu yi jibitali yu yi mukök na yapani murek ama ne diŋit na  kune pelela kjne moga ko yöyöŋesi kase 'boŋ ko kine yöyöŋesi kata ti leoeŋ na ti tu  jibitali yu meta	1			Kuku	train	6.967984934086628		False	0.18918918918918914	False	4.72459670588229	0.4962852897473997	True
c4b295f61c6417a48253b975d0db3dc3	29701	spontaneous-speech-ukv-29701.mp3	19296	3906	Ŋojik nawate na gboŋ kasu yi gboke kune pujö kunen yöjŋesiʼ yi kulya ti pujö na kenda nnaʼbut, ʼboŋ kine ŋoʼ a tetenakiʼ ʼburaʼ di nyo?	ŋojik nawate kune pujö yoŋesi ko kulya nagon koko meta a wate kana naŋ koko kunu tu kaŋö kokodo 'ban ti na bubulo guwa ko ŋutu kode ko monye midijin kulo ti todinikini 'busan na kenda na ŋojik na i pirit na geleŋ	1			Kuku	train	8.810116086235489		False	0.13875598086124397	False	4.145309133652756	0.18796433878157504	True
d61dfa8687c5e5b0d0a9ab598550b381	30291	spontaneous-speech-ukv-30291.mp3	26496	3906	Ŋojik nawate na gboŋ kasu yi gboke kune pujö kunen yöjŋesiʼ yi kulya ti pujö na kenda nnaʼbut, ʼboŋ kine ŋoʼ a tetenakiʼ ʼburaʼ di nyo?	'beron nu köju ŋojik nawate kune a köloki' yi kenda meta gboso kule' ŋo' logoŋ 'ban meta gboso toro'bo' ama kogboŋ kenda na aje baranyunda ŋutu' kulo 'dok dene den naŋ di ŋutuu nawate kune 'dok jone jo kenda 'boŋ kiruk ko miresi' ti kune' nagoŋ a kenda bulöne bulö konda kitajin jore ŋutuu kulo kölökikölökin ŋojik nawate kune yi pujö na kenda	1			Kuku	train	10.605374396135264		False	0.2382352941176471	False	4.2086189846483695	0.2213967310549777	True
b5f5d64520d7376baeef5ca553c0c675	31520	spontaneous-speech-ukv-31520.mp3	106956	3906	Ŋojik nawate na gboŋ kasu yi gboke kune pujö kunen yöjŋesiʼ yi kulya ti pujö na kenda nnaʼbut, ʼboŋ kine ŋoʼ a tetenakiʼ ʼburaʼ di nyo?	ye ŋojik nawate kune a pujö goliyesi' yi kpake na tokelan nase ko ŋo' gbe always kulo naŋ ko mimindi asan yi ŋojik nawate kune yi kata ko ŋo' jore loŋ yi mimindi ŋo' gbe kine boŋgolan na'di'dik kune a tawelon e kilo ŋo' liŋ tin taji dikune' nagoŋ 'dok ta deden yala kune' golesi' nagoŋ ŋojik nawate a pu kune yi kpake na wore' nase na koko kune yöyöŋö parik sasanya parik ko laliyan a kune ŋojik kune kunu yide yiŋgi' 'burötön kulo a kunu de yiŋgi kine kulya a kunu momolukajini yi joŋa yide kunu ti puji golesi' a kunu de nye' kenda yala yi kpakena ŋaraki' na kine ŋojik kune nan ködö luŋgu di ti gaamente na ŋaaŋarak̄n ŋojik nagoŋ ko pusök kata ko pusök yikenda lakin 'bakan na gurusu nagoŋ koko tirini sukulu'bakan kilo ŋo' lo'di'dik kilo ŋo' gbeŋge ko aluwrsi ko söbun kosuka nagoŋ koo ti kekendi yi sukuluyu kine ŋojik ködö ti ŋaaŋaraki' ko ŋo' ma koko bubulö kenda gbeŋge kune' ŋojik kune kase kune tinaye'	1			Kuku	train	6.9280825760125655		True	0.40154015401540155	False			False
ddae0f97a9679a1d5120cea6086416fd	31728	spontaneous-speech-ukv-31728.mp3	24120	3906	Ŋojik nawate na gboŋ kasu yi gboke kune pujö kunen yöjŋesiʼ yi kulya ti pujö na kenda nnaʼbut, ʼboŋ kine ŋoʼ a tetenakiʼ ʼburaʼ di nyo?	ŋojik koŋ na wate kune kodo miidi ŋaraki i pujä na bukan i puja na 'boguwat koko rabiri 'barik i diŋit naŋ i merok ti yapa ti ko kodo ŋarakini ŋgaraki a nyen gboŋ to ŋerot i sukulu 	1			Kuku	train	5.970149253731343		False	0.0949720670391061	False	5.34810306461	0.7377414561664191	False
bc7de5ba8870d8cc13419daa6f9387f0	31936	spontaneous-speech-ukv-31936.mp3	21816	3906	Ŋojik nawate na gboŋ kasu yi gboke kune pujö kunen yöjŋesiʼ yi kulya ti pujö na kenda nnaʼbut, ʼboŋ kine ŋoʼ a tetenakiʼ ʼburaʼ di nyo?	aa kulyensin jore nagon ko ŋwajik kaŋ pupu i diŋit nagon ko wörö i sukuluöt na nene' diŋit na do pujö di ŋiro na gwon i perok kayit ti yapa 'boŋ lepeŋ na 'bakan na kilo ŋo lo totokitai kulo a a jondi yeŋesi parik ko ŋiro na i yeŋadu i sukulu yu asan kukujen 	1			Kuku	train	9.305097176384306		False	0.15294117647058825	False	4.721849416295039	0.4947994056463596	True
403eb42cb6d7bf4e1ab0b5007a937e98	32213	spontaneous-speech-ukv-32213.mp3	31968	3906	Ŋojik nawate na gboŋ kasu yi gboke kune pujö kunen yöjŋesiʼ yi kulya ti pujö na kenda nnaʼbut, ʼboŋ kine ŋoʼ a tetenakiʼ ʼburaʼ di nyo?	kuly ŋutu loŋ tiyana 'ba kurundö kulo bgoŋ pajö yu denda di sukulu na ŋojik nawate na 'ba na'but lakin sukulu na ŋojik nawate na ko do kutun i komoŋ ni i lukata na tawun ko de na da do deden di kak na 'diri a ŋaju 'boŋ kine a metesi nagon ŋutu kulo meda lo ö'ö' 'ba meda lokomoŋ lakin tiyanan kilo ŋo bge 'ban kune piritön lakin kunu piritön nabgoŋ bot yu kunu nyu lisa bgoŋ ko kilo kwinyit	1			Kuku	train	9.697197197197196		True	0.2506459948320413	False			False
009983f810033d5152ddab92674ee038	32258	spontaneous-speech-ukv-32258.mp3	21816	3906	Ŋojik nawate na gboŋ kasu yi gboke kune pujö kunen yöjŋesiʼ yi kulya ti pujö na kenda nnaʼbut, ʼboŋ kine ŋoʼ a tetenakiʼ ʼburaʼ di nyo?	yöyöŋesi' naŋ ŋwajik nawate kune pupu kaaŋ yi gbokiyot yu kune a kulya ti moka na pelela tomurek a tiki nase koko yi konda na kiteesi' ti mede 'boŋ kodo kine konesi' mindi komonye kulo tötödinö ko ŋwajik luwaliyan kulo tötödinö	1			Kuku	train	8.571690502383571		False	0.1517857142857143	False	4.524538322635746	0.37518573551263	True
21ddeb69bfd3e57ad4af5253b149dd0f	32422	spontaneous-speech-ukv-32422.mp3	15840	3906	Ŋojik nawate na gboŋ kasu yi gboke kune pujö kunen yöjŋesiʼ yi kulya ti pujö na kenda nnaʼbut, ʼboŋ kine ŋoʼ a tetenakiʼ ʼburaʼ di nyo?	A nene diŋit ŋwajik nawate kune pujö goliyesi' yi diŋit naŋ do pujö naŋ di koko a pujö gurusutöt naŋ koko gbörundi boŋgo naŋ koko yani rabiri 'börik yi perok ti yapa	1			Kuku	train	8.45959595959596		False	0.1728395061728395	False	4.0861056205907715	0.15824665676077265	True
03e89de29fa51f461c7ffb62db7c8e0d	33085	spontaneous-speech-ukv-33085.mp3	19188	3906	Ŋojik nawate na gboŋ kasu yi gboke kune pujö kunen yöjŋesiʼ yi kulya ti pujö na kenda nnaʼbut, ʼboŋ kine ŋoʼ a tetenakiʼ ʼburaʼ di nyo?	ŋwajik nawate kune kaŋ i gboke yu pujö yöŋisi' ti 'bakan na gurusutöt na ropani gurusu ti sukulu 'boŋ a kukunaki ko 'bge'bgelaki na gurusutöt na roropani i na sukulu	1			Kuku	train	7.087763185324161		False	0.2098765432098766	False	4.0402369056085305	0.13967310549777118	True
eaf2feaa162e2c5b79c0a23abcdce106	33292	spontaneous-speech-ukv-33292.mp3	24696	3906	Ŋojik nawate na gboŋ kasu yi gboke kune pujö kunen yöjŋesiʼ yi kulya ti pujö na kenda nnaʼbut, ʼboŋ kine ŋoʼ a tetenakiʼ ʼburaʼ di nyo?	ŋojik nawate kune pujö goliyesi nagon ko lepeŋat a tu sukulu ko a moka diŋit nase na wate do pujö di a kunu puö mede kobgoŋ 'bakan na toro'bo loŋ kara tijini 'börik ama lepeŋat a tiki kikölin logon ko tijini 'börik ko bgoŋ diŋitan kase ti wate a tindi se bge na'but i sukulu ko moka diŋit nase na wate a lepeŋat bge 'ba kujon	1			Kuku	train	10.528020732102364		False	0.2795031055900621	False	4.253177406450805	0.24219910846953938	True
e9dcd66d26b3932c353f71bcc8b69d92	33740	spontaneous-speech-ukv-33740.mp3	11808	3906	Ŋojik nawate na gboŋ kasu yi gboke kune pujö kunen yöjŋesiʼ yi kulya ti pujö na kenda nnaʼbut, ʼboŋ kine ŋoʼ a tetenakiʼ ʼburaʼ di nyo?	ŋwajik nawate kune bgoŋ ko kitaesi' jore nye gboŋ a rukökini koko i kenda lakini tiyanan nye na rukökini koko i kenda jöjö	1			Kuku	train	8.468834688346883		False	0.2100840336134454	False	4.558194518630131	0.3915304606240713	True
c4b295f61c6417a48253b975d0db3dc3	29732	spontaneous-speech-ukv-29732.mp3	18828	4002	Mede na ŋona bubul rereŋgu na kinyotot yi gboŋ a kisum dinyo?	Ko 'de'yá na kinyotot na na'but i pirit na kye ko a mukö ko 'dela pape amanyen gboŋ manye gbooŋ manye gboŋ aaa presk kode' aa na 'but 'bayin a kisum 	1			Kuku	train	6.320373911196091		False	0.1768707482993197	False	5.808603321558109	0.8603268945022289	False
d61dfa8687c5e5b0d0a9ab598550b381	30306	spontaneous-speech-ukv-30306.mp3	26280	4002	Mede na ŋona bubul rereŋgu na kinyotot yi gboŋ a kisum dinyo?	kinyotot lo miindi ti derani' dera 'bura' ti jonejo köti' anyen rereŋgu kinyotot lo gboŋ kisum murek nayit na kinyotot lo ti nyöyini' yi diŋit nagoŋ tetemakinda anyen bubulö gboŋ 'bura ko ŋutu' mugun ni musala nayit na ti ŋutu' titime titim ko kulon kinyojin a lo'but logoŋ a joonda kulya narok	1			Kuku	train	9.246575342465754		False	0.2096219931271478	False	4.329514654595138	0.2823179791976226	True
3595372adebe9fa78cb5dbf05ddc6d75	31591	spontaneous-speech-ukv-31591.mp3	23220	4002	Mede na ŋona bubul rereŋgu na kinyotot yi gboŋ a kisum dinyo?	m ki kinyötö ko do a derja kotiaŋ na ti jone jo 'bura 'boŋ a do koloki kopuröt na i lupundö kaŋö 'böŋ ko kak na a waran kotumalu na ti do 'dok nyöki derja 'bura ma bgwöŋ a korju	1			Kuku	train	5.943152454780362		False	0.13218390804597702	False	6.864451058924755	0.9732540861812778	False
009983f810033d5152ddab92674ee038	31617	spontaneous-speech-ukv-31617.mp3	21240	4002	Mede na ŋona bubul rereŋgu na kinyotot yi gboŋ a kisum dinyo?	kinyotó lo anyen gboŋ a wora kisum miidi ti derani i pirit naŋ a na kiye tomurek ti kinyot lo mumumukä a lo 'but i diŋit naŋ a dera tomusalá ti kinyotó lo nye sidá ko diŋit na jo a tikini ŋojik i yesu 	1			Kuku	train	7.627118644067796		False	0.1921182266009852	False	5.025118631044579	0.6225854383358098	False
bc7de5ba8870d8cc13419daa6f9387f0	32025	spontaneous-speech-ukv-32025.mp3	13680	4002	Mede na ŋona bubul rereŋgu na kinyotot yi gboŋ a kisum dinyo?	do deder 'bura' a do kölu kópuröt naron na 'dok ti puwo koke' a do muke muk 'bura' katumalo na ko deti na toto a do minemi 'dok	1			Kuku	train	7.309941520467836		False	0.15322580645161288	False	7.006556196870353	0.9814264487369985	False
b5f5d64520d7376baeef5ca553c0c675	32116	spontaneous-speech-ukv-32116.mp3	27216	4002	Mede na ŋona bubul rereŋgu na kinyotot yi gboŋ a kisum dinyo?	mijö na 'deti na kaaje na  a mokim asan yi na 'deti yi na ko 'ba miyo ko sulun 'deti na ke 'burön ke sulunda 'burön de a nu nyoini ti na yi de a ko jondi 'bulötö na bgenge kisum 'dok	1			Kuku	train	5.144032921810699		False	0.25139664804469275	False	7.137046838052432	0.987369985141159	False
403eb42cb6d7bf4e1ab0b5007a937e98	32260	spontaneous-speech-ukv-32260.mp3	23976	4002	Mede na ŋona bubul rereŋgu na kinyotot yi gboŋ a kisum dinyo?	ko do gbon mede diŋitan kune liŋ deneden kukunda na kolu loke dene den mugö na ŋo do deden kindu na kakat anyen kuleŋö loŋ kulu a loro lorok kulo nye lubo i nyo i 'deti kata ni yala kodo pujö 'deti i minemi miyö na 'deti na mokim ŋaŋrakinda parik	1			Kuku	train	8.174841508174842		False	0.14814814814814814	False	5.449555045431699	0.7659732540861813	False
03e89de29fa51f461c7ffb62db7c8e0d	32715	spontaneous-speech-ukv-32715.mp3	16416	4002	Mede na ŋona bubul rereŋgu na kinyotot yi gboŋ a kisum dinyo?	mede na bubulö rerengu na kinyotot i gboŋ a kisum ko muggö na kinyotot logon a dere'  jo kode' yi nyesu na kinyotot lo pape	1			Kuku	train	5.969785575048733		False	0.20833333333333337	False	4.780298276248382	0.5222882615156018	True
eaf2feaa162e2c5b79c0a23abcdce106	32966	spontaneous-speech-ukv-32966.mp3	12276	4002	Mede na ŋona bubul rereŋgu na kinyotot yi gboŋ a kisum dinyo?	mede na jujukin yesu na kinyotot logon a dera 'bura ko köti ti kinyotot lo ti muköni mukö 'bura en kule ŋo ko 'don katani	1			Kuku	train	7.901596611274031		False	0.1610169491525424	False	4.512774410425135	0.3684992570579495	True
4b430d377aba6a707850db0b3318714e	33039	spontaneous-speech-ukv-33039.mp3	22608	4002	Mede na ŋona bubul rereŋgu na kinyotot yi gboŋ a kisum dinyo?	ma yi gaju i lo kinyötöt ma gböŋ 'ba kisum kayaŋ i loki mindi ti yi minemi 'deti na a na'but yala ti 'dok muke muk 'deti a na'but 'deti ko'ben kokoloki ka kadoŋan ko'ben soso'do kata ni nye naŋ yi a pujö miyen ko yi nyesu i na 'deti	1			Kuku	train	8.09447983014862		False	0.19213973799126638	False	6.5291401384762455	0.9561664190193165	False
e9dcd66d26b3932c353f71bcc8b69d92	33793	spontaneous-speech-ukv-33793.mp3	10728	4002	Mede na ŋona bubul rereŋgu na kinyotot yi gboŋ a kisum dinyo?	do rerengu kinyötöt lo anyen gboŋ 'bakan na kisum do mumuk lepeŋ lo 'bura do nyesu pape	1			Kuku	train	6.618195376584638		False	0.023809523809523836	False	4.877939342359032	0.5638930163447251	True
8f02d83adfcef5096940ee32cf3acb24	34324	spontaneous-speech-ukv-34324.mp3	18828	4002	Mede na ŋona bubul rereŋgu na kinyotot yi gboŋ a kisum dinyo?	anyen kinyotot lo gnoŋ 'ba kisum kaaŋ yi mugun ni kulo köti kinyotot nyöyini' ti nyu pape murek nayi na ko kinyotot lo ko pitundö ti muköni' mukö köti' yi dera yu ti lepeŋ lo muumukö	1			Kuku	train	7.807520713830465		False	0.16759776536312854	False	5.248474343861458	0.7109955423476969	False
03e89de29fa51f461c7ffb62db7c8e0d	30059	spontaneous-speech-ukv-30059.mp3	13428	3925	Tokore ko Kenda na a ŋarakinda do yi medda na gboloŋ na dinyo?	kenda na a ŋarakinda nan i meda na kikölin ti bgoloŋ jore togeleŋ 'n deneden wurjö a ko kenda tomurek nayit 'n pupujö kita	1			Kuku	train	7.372654155495978		False	0.08403361344537819	False	3.733391863623175	0.05423476968796434	True
3595372adebe9fa78cb5dbf05ddc6d75	31450	spontaneous-speech-ukv-31450.mp3	10980	3925	Tokore ko Kenda na a ŋarakinda do yi medda na gboloŋ na dinyo?	kenda na ŋarakinda nan yi ŋarakinda na marate lele' loŋ ko yöŋit nayit	1			Kuku	train	5.2823315118397085		False	0.20895522388059706	False	3.639115548759878	0.03566121842496285	True
ddae0f97a9679a1d5120cea6086416fd	31601	spontaneous-speech-ukv-31601.mp3	22320	3925	Tokore ko Kenda na a ŋarakinda do yi medda na gboloŋ na dinyo?	kenda na tikinda do i meda na ŋo jore i bgoloŋ inot do bgoŋ ko denda do bgoŋ ko denesi ti ŋarakinda do bgoŋ ko denesi i tengu na mede net	1			Kuku	train	4.793906810035843		False	0.33582089552238803	False	4.107017192839378	0.17013372956909362	True
bc7de5ba8870d8cc13419daa6f9387f0	31998	spontaneous-speech-ukv-31998.mp3	8028	3925	Tokore ko Kenda na a ŋarakinda do yi medda na gboloŋ na dinyo?	a tinda na tiyana um 'bu'bukä kenda um 'bu'bula ŋarakinda na lemeri	1			Kuku	train	7.100149476831091		False	0.23076923076923073	False	5.317307330607204	0.7310549777117384	False
403eb42cb6d7bf4e1ab0b5007a937e98	32048	spontaneous-speech-ukv-32048.mp3	31248	3925	Tokore ko Kenda na a ŋarakinda do yi medda na gboloŋ na dinyo?	sukulu na tinda ŋo kune liŋ a wora pölylyö do deden kiko lo tu da do ŋaŋarakin 'börik do 'dok dene den ko ŋojik kune tu sukulu yu dinyo 'ba gbeŋge na 'beron nagoŋgiti ŋutu pipija ŋo  ŋiro ko ayan do joga kilo winiko 'baka tiyanana do dendi di ko malaria a do nu jöngi jonga ko lon ayan a do nu jojonga konye dwadwaju do asan do ke kenda  monye mede lo 'dok a kenda	1			Kuku	train	9.184587813620071		True	0.17728531855955676	False			False
4b430d377aba6a707850db0b3318714e	33198	spontaneous-speech-ukv-33198.mp3	22860	3925	Tokore ko Kenda na a ŋarakinda do yi medda na gboloŋ na dinyo?	um kenda na a na'but parik a tikinda nan yi denda na kulya jore togeleŋ na kulya ti tokelan pirit naŋ 'bugini wasaka na bogga pirit naŋ konan lalaju toro'bo na tikinda kata ni a  ko pirit naŋ boŋgola koe kune luwa ya	1			Kuku	train	7.567804024496938		False	0.20657276995305163	False	4.51101432316642	0.3662704309063893	True
eaf2feaa162e2c5b79c0a23abcdce106	33326	spontaneous-speech-ukv-33326.mp3	13320	3925	Tokore ko Kenda na a ŋarakinda do yi medda na gboloŋ na dinyo?	ken a tikinda nan yi medda na to'durjö na jur köti a tikinda na kenda na ŋojik kuwe' ko si'da na mede niyo' ko taliŋ	1			Kuku	train	6.906906906906907		False	0.21238938053097345	False	3.2767204563196715	0.008172362555720654	True
e9dcd66d26b3932c353f71bcc8b69d92	33388	spontaneous-speech-ukv-33388.mp3	13968	3925	Tokore ko Kenda na a ŋarakinda do yi medda na gboloŋ na dinyo?	kenda na a ŋarakinda nan tiyana ŋojik kuwe kendi kenda ŋojik yesiyesu a lo'but mede niyo bge na'but	1			Kuku	train	5.8705612829324165		False	0.14583333333333337	False	3.3625683613910846	0.01188707280832095	True
a9f74c616d972aac0bc6d66da0be03d8	33722	spontaneous-speech-ukv-33722.mp3	4500	3925	Tokore ko Kenda na a ŋarakinda do yi medda na gboloŋ na dinyo?	tinda na ŋutu na koŋon ko denda	1			Kuku	train	5.555555555555555		True	0.0357142857142857	False			False
8f02d83adfcef5096940ee32cf3acb24	34180	spontaneous-speech-ukv-34180.mp3	13320	3925	Tokore ko Kenda na a ŋarakinda do yi medda na gboloŋ na dinyo?	kenda na a ŋarakinda nan parik kega i gagayerju na kinyö logongiti nan ko do nyonyo lo	1			Kuku	train	5.255255255255255		False	0.07228915662650603	False	3.62182001498126	0.03417533432392273	True
c4b295f61c6417a48253b975d0db3dc3	29674	spontaneous-speech-ukv-29674.mp3	20556	3969	Kikoʼ loʼbut logoŋ tiyuni riŋit na mugun lo a nyo ko ŋutuu woraniʼ a modoŋ?	kiko lo'but logon tiyuni riŋit na mugun na kega parik ko ŋutu' gbe'de a modoŋ a kiko lo kenisa wörö kenisa kode' tögu na kitajin ti kenisa kode tukokindö na keri lo'but	1			Kuku	train	6.6647207627943175		False	0.18181818181818177	False	3.9594554665930173	0.10846953937592868	True
d61dfa8687c5e5b0d0a9ab598550b381	30216	spontaneous-speech-ukv-30216.mp3	23148	3969	Kikoʼ loʼbut logoŋ tiyuni riŋit na mugun lo a nyo ko ŋutuu woraniʼ a modoŋ?	ŋo jore logon tiyuni riŋit na mugun ko ŋutu' gbe a modoŋ togeleŋ nyesu na'but kode nyesu na kinyö lo'but a ko tiyu na gilö kode' ayan lo titiyu 'bura a ko tiyu na yeiyesi ti ŋutu bge 'bakan wiwinya ko deliyesi ko ŋutu kuwe kata yu	1			Kuku	train	7.948850872645585		False	0.18942731277533043	False	4.5886020713286575	0.4138187221396731	True
ddae0f97a9679a1d5120cea6086416fd	31398	spontaneous-speech-ukv-31398.mp3	15696	3969	Kikoʼ loʼbut logoŋ tiyuni riŋit na mugun lo a nyo ko ŋutuu woraniʼ a modoŋ?	kiko lo'but lo mindi ti do wöwörö ti do 'dok kondi kitajin 'boŋ  ti do yeyesu 'bura anyen do tiju 'börik do bgoŋ ko riŋit i diŋit na tomondoŋan	1			Kuku	train	7.262996941896024		False	0.09999999999999998	False	4.286834017496562	0.2578008915304606	True
009983f810033d5152ddab92674ee038	31608	spontaneous-speech-ukv-31608.mp3	19656	3969	Kikoʼ loʼbut logoŋ tiyuni riŋit na mugun lo a nyo ko ŋutuu woraniʼ a modoŋ?	kikö lo'but lo tiyuni mugun na ŋutu worani a modong lo  a titimaki na diŋitan ti yesu na lepeŋ i kepo nanyit a ko diŋit na winiko ti lepeŋ ko mugun na a sa'yu	1			Kuku	train	6.308506308506309		False	0.13548387096774195	False	4.982666879713729	0.6062407132243685	False
3595372adebe9fa78cb5dbf05ddc6d75	31629	spontaneous-speech-ukv-31629.mp3	18180	3969	Kikoʼ loʼbut logoŋ tiyuni riŋit na mugun lo a nyo ko ŋutuu woraniʼ a modoŋ?	ko ŋutu worani a modoŋ togeleŋ mindi ti do yesi 'bura 'boŋ a do togole togo 'börik i konda na kune kitajin a ko woworo 'dok a na'but a ko kurju 'dok a na'but	1			Kuku	train	6.820682068206821		False	0.12337662337662336	False	4.917407576774229	0.5802377414561665	True
403eb42cb6d7bf4e1ab0b5007a937e98	31846	spontaneous-speech-ukv-31846.mp3	31536	3969	Kikoʼ loʼbut logoŋ tiyuni riŋit na mugun lo a nyo ko ŋutuu woraniʼ a modoŋ?	kiko lo 'but lo tiyuni ŋutu lo wora lo a kulya ti yesu a ko jibitali a ko jamesi loŋ lo'but ko lepeŋ i suwö a nyen lepeŋ gboŋ a toŋo ko yeyesi lakin ko yesu na'but 'ban i na mugun si'da ayan tuŋ ko do a toyiŋga ŋo' na ponda ko lepeŋ i mugun yu na na'but 	1			Kuku	train	6.2151192288178585		True	0.2111553784860558	False			False
bc7de5ba8870d8cc13419daa6f9387f0	31866	spontaneous-speech-ukv-31866.mp3	22068	3969	Kikoʼ loʼbut logoŋ tiyuni riŋit na mugun lo a nyo ko ŋutuu woraniʼ a modoŋ?	n gbeŋge naŋ ko ŋutu iti i towora na mindi ŋuto 'dok yesu ŋo logon lo'but do yesu 'dötilön naŋ na'but nagon welet na ti gbe a na'dit yala 'dok temba ko sa i waran kode' i tökö tiyaŋ ti ŋutu a ririne mökösi kulo ti ŋutu a wöwöröni wöwörö nyenagon ŋuti' bgoŋ na 'but	1			Kuku	train	9.516041326808049		False	0.16475095785440608	False	5.257907015864395	0.712481426448737	False
21ddeb69bfd3e57ad4af5253b149dd0f	32127	spontaneous-speech-ukv-32127.mp3	29520	3969	Kikoʼ loʼbut logoŋ tiyuni riŋit na mugun lo a nyo ko ŋutuu woraniʼ a modoŋ?	a anyen do bgoŋ nago' yani kunök kiŋajin ti towora ti do yani mindi ti do yesiyesu na'but ti do yesiyesu ŋo na jonda riŋit ti do 'dok yani yani ti do wööwöwörö anyen ŋarakinda mugun net na i gboŋ a na'but payoyo'	1			Kuku	train	5.75880758807588		True	0.23923444976076558	False			False
b5f5d64520d7376baeef5ca553c0c675	32131	spontaneous-speech-ukv-32131.mp3	31968	3969	Kikoʼ loʼbut logoŋ tiyuni riŋit na mugun lo a nyo ko ŋutuu woraniʼ a modoŋ?	ko ŋutu worani' modong 'dek ŋutu a yesu kilo 'detilon logon a weletan jore kulo do a möju sukari lo lo'bijö do a yesu ilo ayi 'deti logon tinda do toyinga mugun nena a naron yala 'dek ti do mokemok kita na bibilia na wörö i kenisa na mökim	1			Kuku	train	5.974724724724725		True	0.13559322033898302	False			False
a9f74c616d972aac0bc6d66da0be03d8	32625	spontaneous-speech-ukv-32625.mp3	7776	3969	Kikoʼ loʼbut logoŋ tiyuni riŋit na mugun lo a nyo ko ŋutuu woraniʼ a modoŋ?	yesu na ludöki manyen jonda riŋit i mugun	1			Kuku	train	4.372427983539095		False	0.0	False	5.967964944193381	0.8915304606240714	False
eaf2feaa162e2c5b79c0a23abcdce106	33278	spontaneous-speech-ukv-33278.mp3	14436	3969	Kikoʼ loʼbut logoŋ tiyuni riŋit na mugun lo a nyo ko ŋutuu woraniʼ a modoŋ?	kodo gbe a modoŋ do ködö ti möju yawa ko  do köti  ködö ti konda kita nagon a na go parik anyen tinda riŋit nonut na yi puputukinda gbiliŋet  lo lut lo  ŋerot	1			Kuku	train	8.451094486007204		False	0.09677419354838712	False	5.735219026400378	0.8432392273402675	False
4b430d377aba6a707850db0b3318714e	33376	spontaneous-speech-ukv-33376.mp3	18648	3969	Kikoʼ loʼbut logoŋ tiyuni riŋit na mugun lo a nyo ko ŋutuu woraniʼ a modoŋ?	kiko lo'but lo tiyunu riŋit na mugun lo a a wowoki ko biryö na kura ko kune kitaesi nagon do kokon ma tindu mugun net na bgoŋ a na'but	1			Kuku	train	5.684255684255684		False	0.07633587786259544	False	4.881920672765982	0.5646359583952452	True
e9dcd66d26b3932c353f71bcc8b69d92	33457	spontaneous-speech-ukv-33457.mp3	7308	3969	Kikoʼ loʼbut logoŋ tiyuni riŋit na mugun lo a nyo ko ŋutuu woraniʼ a modoŋ?	anyen ŋutu' lo wara lo tiju 'börik ti gbe ko nyesu na'but	1			Kuku	train	6.294471811713192		False	0.01851851851851849	False	4.030275254474174	0.13150074294205052	True
03e89de29fa51f461c7ffb62db7c8e0d	33620	spontaneous-speech-ukv-33620.mp3	19548	3969	Kikoʼ loʼbut logoŋ tiyuni riŋit na mugun lo a nyo ko ŋutuu woraniʼ a modoŋ?	kiko' lo'but lo tiyuni riŋit na mugun lo ko ŋutu' worani a modoŋ lo a 'deba na 'börik madaŋ 'bakan na konda na kitajin lo totoŋgu ako medda na jibitali wulek ko mugun na ŋutu a mijö	1			Kuku	train	7.417638633108246		False	0.1348314606741573	False	4.349639213889244	0.2912332838038633	True
8f02d83adfcef5096940ee32cf3acb24	34301	spontaneous-speech-ukv-34301.mp3	16920	3969	Kikoʼ loʼbut logoŋ tiyuni riŋit na mugun lo a nyo ko ŋutuu woraniʼ a modoŋ?	ko ŋutu' lo gbe'dŋe a  lowora ködö miindi nagoŋ ti lepeŋ möji' möju 'bura yi diŋitan kune liŋ köti' ti lepeŋ gbe'de ko nyesu nagoŋ a na'but a tikindi' mugun na lepeŋ gbe a nago'	1			Kuku	train	8.392434988179668		False	0.16666666666666663	False	3.894280338293835	0.08915304606240713	True
d61dfa8687c5e5b0d0a9ab598550b381	28695	spontaneous-speech-ukv-28695.mp3	22428	4001	Konyo nagoŋ ŋutuu yi kuleʼ piritön moka ko junya, ʼboŋ koko de wökön kaŋo kata ni dinyo?	kule' ŋutuu kase piritön momoka junya kogboŋ koko a tiju 'börik 'bura' avtiju 'börik lokye' si'da ko kijakwa yi pirit na geleŋ 'boŋ anyen koko bubulö wökön kaŋo yi kine ŋo' ti koko ködö tiji' 'börik lokye' a nye' si'da ko kijwaka yi pirit na geleŋ ko kulu a wuriyö lode nyo	1			Kuku	train	9.898341359015516		False	0.2518518518518519	False	4.734778582151291	0.5007429420505201	True
c4b295f61c6417a48253b975d0db3dc3	29617	spontaneous-speech-ukv-29617.mp3	18900	4001	Konyo nagoŋ ŋutuu yi kuleʼ piritön moka ko junya, ʼboŋ koko de wökön kaŋo kata ni dinyo?	wörö nagon ko mokot kana kode 'dapan kana i putut kobgoŋ junya kulo puet kak i putut so ko ŋutu kulo wörö kana 'bakan na kamuka a momorani junya 'boŋ ko ko ko kamuka a kanye pujö junya	1			Kuku	train	7.777777777777777		False	0.24309392265193375	False	6.596741919384781	0.9635958395245171	False
3595372adebe9fa78cb5dbf05ddc6d75	31487	spontaneous-speech-ukv-31487.mp3	11376	4001	Konyo nagoŋ ŋutuu yi kuleʼ piritön moka ko junya, ʼboŋ koko de wökön kaŋo kata ni dinyo?	junya kulo ponda i ŋutu logon a kuö kode a tetenda mugun so mindi ŋutu ti lo kuwoni kuwo ko ti tetene tenen 'börik	1			Kuku	train	7.99929676511955		False	0.11711711711711714	False	6.524426691325031	0.9554234769687965	False
b5f5d64520d7376baeef5ca553c0c675	31952	spontaneous-speech-ukv-31952.mp3	19296	4001	Konyo nagoŋ ŋutuu yi kuleʼ piritön moka ko junya, ʼboŋ koko de wökön kaŋo kata ni dinyo?	do bubulö wökön kaŋo yi yunya ko do kwakwaddu do piji' ŋun di ti lepeŋ ŋaraki do yi köu na yilo yunya	1			Kuku	train	4.1459369817578775		False	0.0714285714285714	False	6.5655099791999145	0.962109955423477	False
ddae0f97a9679a1d5120cea6086416fd	31953	spontaneous-speech-ukv-31953.mp3	22068	4001	Konyo nagoŋ ŋutuu yi kuleʼ piritön moka ko junya, ʼboŋ koko de wökön kaŋo kata ni dinyo?	junya kulo puo i piritön nagon ti put ko piritön nagon wasaka do wökön kaŋö i moka ko junya ti do rokoni roko kamuka ti do wöröni i piritön nagon nake anyen do rerengu 'börik	1			Kuku	train	6.3440275512053645		False	0.2573099415204678	False	4.875636865488606	0.5616641901931649	True
403eb42cb6d7bf4e1ab0b5007a937e98	32203	spontaneous-speech-ukv-32203.mp3	30096	4001	Konyo nagoŋ ŋutuu yi kuleʼ piritön moka ko junya, ʼboŋ koko de wökön kaŋo kata ni dinyo?	kilo ŋutu kulo ponda a denda kodo ko se bgoŋ ko ŋutu dinyo diŋitan kune liŋ kulya na'but na jama ko ti jamadu kulya ti mörö kulya na'but na jama ko ti jamadu kulya ti lenga kasu midijin kode kasu i si'daet naŋ ta si'da ko ŋutu kulo i lo a saret loŋ ko bgoŋ ko nye lo kilo a ŋutu loŋ 'ba denda	1			Kuku	train	7.608984582668793		True	0.3529411764705882	False			False
bc7de5ba8870d8cc13419daa6f9387f0	32214	spontaneous-speech-ukv-32214.mp3	18036	4001	Konyo nagoŋ ŋutuu yi kuleʼ piritön moka ko junya, ʼboŋ koko de wökön kaŋo kata ni dinyo?	'busan na sukulu na yöŋwöni ŋwajik na wate kune ŋwajik kune ŋaŋarakinda parik bgenge nan 'n ŋaŋarakinda ŋote niö na i yeŋit nanan an nan na liwaki ko nye mi	1			Kuku	train	7.0414726103348855		False	0.20261437908496727	False	4.519268031522301	0.3699851411589896	True
009983f810033d5152ddab92674ee038	32228	spontaneous-speech-ukv-32228.mp3	18936	4001	Konyo nagoŋ ŋutuu yi kuleʼ piritön moka ko junya, ʼboŋ koko de wökön kaŋo kata ni dinyo?	ŋutu kulo moka junya 'boŋ ko wörö i pirit lo a putut 'boŋ wörö 'bakan na kamuka 'boŋ kodo ma ŋutu a moka ko pirit lo putut ti ŋutu wöröni ko kamuka ti ŋutu kukuwö a loke i diŋitan liŋ	1			Kuku	train	7.604562737642586		False	0.2666666666666667	False	5.196983431488815	0.6887072808320951	False
21ddeb69bfd3e57ad4af5253b149dd0f	32363	spontaneous-speech-ukv-32363.mp3	16488	4001	Konyo nagoŋ ŋutuu yi kuleʼ piritön moka ko junya, ʼboŋ koko de wökön kaŋo kata ni dinyo?	anyen do bgwoŋ a moka kilo junya mindi ti do woroni ko kamuka 'boŋ ti do konye yani bibirö i piritön na putut	1			Kuku	train	5.276564774381368		False	0.047169811320754707	False	6.39784156736362	0.9427934621099554	False
eaf2feaa162e2c5b79c0a23abcdce106	32987	spontaneous-speech-ukv-32987.mp3	23220	4001	Konyo nagoŋ ŋutuu yi kuleʼ piritön moka ko junya, ʼboŋ koko de wökön kaŋo kata ni dinyo?	nŋut lo möka ko junya kulo kogwon lepeŋat wörö ko 'dapan kana 'bak kamukako köti piritön magon lepeŋat si'da kata ni ko wörö katani kune a wasaka ama lepeŋat jujukin wökön kaŋö i kine ŋo ko lepeŋat kukun 'börik 'bura ko pirit na bgwon a nake wo lepeŋat kö wörö ko kamuka	1			Kuku	train	9.431524547803615		False	0.21722846441947563	False	4.995793113669951	0.611441307578009	False
03e89de29fa51f461c7ffb62db7c8e0d	32988	spontaneous-speech-ukv-32988.mp3	13680	4001	Konyo nagoŋ ŋutuu yi kuleʼ piritön moka ko junya, ʼboŋ koko de wökön kaŋo kata ni dinyo?	kenda na kaŋ i gboke ni a ŋarakinda ŋojik lo'di'dik ko ŋutuu lo wora liŋ i kökö gbeti ŋutuu logon a kenda kulo a gboŋ a kpiyet i ŋojik lo'di'dik liŋ	1			Kuku	train	8.625730994152047		False	0.19999999999999996	False	4.185803074985747	0.21173848439821694	True
4b430d377aba6a707850db0b3318714e	33389	spontaneous-speech-ukv-33389.mp3	20340	4001	Konyo nagoŋ ŋutuu yi kuleʼ piritön moka ko junya, ʼboŋ koko de wökön kaŋo kata ni dinyo?	ko do wörö 'bakan na kamuka do momorani kilo ŋo' katani 'boŋ ko do nyu' puwö ko kilo ŋo' a mindi do kuyuni' kuyu do kuyuni' kuyu yi mokot ni ma kilo ŋo' ponda koke' yi mokot kata ni	1			Kuku	train	7.030481809242871		False	0.2584269662921348	False	6.172598898385258	0.9227340267459139	False
a9f74c616d972aac0bc6d66da0be03d8	33495	spontaneous-speech-ukv-33495.mp3	9828	4001	Konyo nagoŋ ŋutuu yi kuleʼ piritön moka ko junya, ʼboŋ koko de wökön kaŋo kata ni dinyo?	ti ŋutú rokoni ŋo ti mokosi a 'dok dó kuwäni i 'diŋitan kune liŋ a nyen gaju dó i lo ret lo junya 	1			Kuku	train	8.03825803825804		False	0.030303030303030276	False	6.156582243706702	0.9175334323922734	False
e9dcd66d26b3932c353f71bcc8b69d92	33802	spontaneous-speech-ukv-33802.mp3	13248	4001	Konyo nagoŋ ŋutuu yi kuleʼ piritön moka ko junya, ʼboŋ koko de wökön kaŋo kata ni dinyo?	wörö kana 'bakan na kamuka nye na tikinda do moka junya lakini tiyanana ɲutu kulo wöröni ko kamuka na 'bay moka junya	1			Kuku	train	7.246376811594202		False	0.1842105263157895	False	4.749730983526756	0.5052005943536404	True
8f02d83adfcef5096940ee32cf3acb24	34242	spontaneous-speech-ukv-34242.mp3	19008	4001	Konyo nagoŋ ŋutuu yi kuleʼ piritön moka ko junya, ʼboŋ koko de wökön kaŋo kata ni dinyo?	ŋutu kulo moka junya i kine piritö kobgoŋ 'bakan na kukunda na 'börik 'boŋ ko ŋutu kukun 'börik ŋutu kukuwö ŋutu bongolan kulo jujuko ŋutu toto i pirit nake ŋutu a moka ko junya	1			Kuku	train	7.575757575757576		False	0.2586206896551724	False	4.241086011229957	0.2362555720653789	True
c4b295f61c6417a48253b975d0db3dc3	29430	spontaneous-speech-ukv-29430.mp3	20376	3948	Do ŋona gboŋ ko pusö na jujumbu na kulya ti keriyat kaʼde kaʼdeʼ?	nan nya nyar kode nan ko pusök i jujumbu na keriyat ka'de ka'de kogwon ŋarakinda nan i denda na kune naga 'bayin kaŋ keri katani i denunda a nan medi nagoŋ di keri lele kata logon a lo'but parik lwongu lika lo	1			Kuku	train	8.244994110718492		False	0.1601941747572816	False	4.623583492495872	0.4346210995542348	True
3595372adebe9fa78cb5dbf05ddc6d75	31817	spontaneous-speech-ukv-31817.mp3	16056	3948	Do ŋona gboŋ ko pusö na jujumbu na kulya ti keriyat kaʼde kaʼdeʼ?	nan gboŋ ko pusök parik yi jujumbu na kulya ti keriyat ka'deka'de'	1			Kuku	train	3.425510712506228		False	0.031746031746031744	False	3.1710298876467937	0.003714710252600297	True
ddae0f97a9679a1d5120cea6086416fd	31895	spontaneous-speech-ukv-31895.mp3	19476	3948	Do ŋona gboŋ ko pusö na jujumbu na kulya ti keriyat kaʼde kaʼdeʼ?	nan gbon ko pusök parik jujumbu na ee keriyat kaŋ ka'de ka'de' kaŋ i jur ni kulo anyen nan deden keri likaŋ lo 'bura 'bura	1			Kuku	train	5.0318340521667695		False	0.10084033613445376	False	4.154136098929474	0.19093610698365526	True
403eb42cb6d7bf4e1ab0b5007a937e98	32140	spontaneous-speech-ukv-32140.mp3	22176	3948	Do ŋona gboŋ ko pusö na jujumbu na kulya ti keriyat kaʼde kaʼdeʼ?	a 'n nyanyar denda na kutujin jore san tiyana ŋutu' woworo manyen ko do tu i nene pirit a do 'dok jajambu wa' diniki na kutujin jore na 'ban naron 'ba möriyet anaŋ do denda ko na'but ama ko ŋutu'  'ban lo tötöndindö a do 'diri ko nye denda lakin ko kata lajim do nyanyar 	1			Kuku	train	9.695165945165945		False	0.20149253731343286	False	5.841896774522643	0.8677563150074294	False
b5f5d64520d7376baeef5ca553c0c675	32195	spontaneous-speech-ukv-32195.mp3	25056	3948	Do ŋona gboŋ ko pusö na jujumbu na kulya ti keriyat kaʼde kaʼdeʼ?	ee 'nkata ko pusök na jujumbu na keriyart kaaŋ asan ko kulo tokujö parik kuya na mokim kuya ti 'depa na mede kuya ti kenda kuya ti jur losu nye na tikinda 'ngboŋ ko pusök yi jujumbu	1			Kuku	train	5.787037037037037		False	0.2078651685393258	False	4.949330154052542	0.5921248142644874	True
bc7de5ba8870d8cc13419daa6f9387f0	32229	spontaneous-speech-ukv-32229.mp3	6876	3948	Do ŋona gboŋ ko pusö na jujumbu na kulya ti keriyat kaʼde kaʼdeʼ?	ee 'n ko pusök na jujumbu na keriyat ka'de ka'de	1			Kuku	train	5.671902268760907		False	0.0888888888888889	False	3.840298533196087	0.07726597325408618	True
009983f810033d5152ddab92674ee038	32269	spontaneous-speech-ukv-32269.mp3	14976	3948	Do ŋona gboŋ ko pusö na jujumbu na kulya ti keriyat kaʼde kaʼdeʼ?	nan gbak gboŋ ko pusök yi jujumbu na kulya ti keriyat anyen köti' kotumolu bubulö tojumukinda na ŋojik kuwe' ŋetot yu	1			Kuku	train	6.477029914529914		False	0.00877192982456143	False	4.231195879014647	0.2303120356612184	True
21ddeb69bfd3e57ad4af5253b149dd0f	32446	spontaneous-speech-ukv-32446.mp3	10728	3948	Do ŋona gboŋ ko pusö na jujumbu na kulya ti keriyat kaʼde kaʼdeʼ?	e nan bgoŋ ko pusök na jujumbu na keriyat ka'de ka'de anyen nan deden ko keri likaŋ lo nyo nyogu a nyo	1			Kuku	train	7.550335570469799		False	0.13131313131313127	False	4.482739009247485	0.35438335809806837	True
a9f74c616d972aac0bc6d66da0be03d8	32744	spontaneous-speech-ukv-32744.mp3	10116	3948	Do ŋona gboŋ ko pusö na jujumbu na kulya ti keriyat kaʼde kaʼdeʼ?	nan nyarnyar jujumbu na kulya ti keriyat kadekade a nyen na denuda ko na ludukak	1			Kuku	train	6.524317912218268		False	0.051948051948051965	False	4.577264253426643	0.4078751857355126	True
03e89de29fa51f461c7ffb62db7c8e0d	33193	spontaneous-speech-ukv-33193.mp3	7416	3948	Do ŋona gboŋ ko pusö na jujumbu na kulya ti keriyat kaʼde kaʼdeʼ?	ee nan bgoŋ ko pusök i jujimbu na keriyat ka'de ka'de	1			Kuku	train	5.798274002157497		False	0.06000000000000005	False	4.605794841232999	0.42421991084695393	True
e9dcd66d26b3932c353f71bcc8b69d92	33217	spontaneous-speech-ukv-33217.mp3	22356	3948	Do ŋona gboŋ ko pusö na jujumbu na kulya ti keriyat kaʼde kaʼdeʼ?	nan gböŋ ko pusök yi jujumbu na keriyat keriyat kulo gböŋ ka'de ka'de do pujö di kulo kuku kakuwak kulo acholi nye na tinda ma do deden	1			Kuku	train	4.875648595455359		False	0.18181818181818177	False	4.7981899523484595	0.5312035661218425	True
d61dfa8687c5e5b0d0a9ab598550b381	30260	spontaneous-speech-ukv-30260.mp3	28620	4020	Do bubulö tikinda kunen jujuwesiʼ yi ŋoji naʼdiʼdik nagoŋ gbe ko ŋojik kune?	nan jujuja koko di sukulu na nyo'bulö teŋo ko gboŋ ko ŋiro sukulu na nyo'bulö 'dudö ko gbo ko kuya ti kiŋajin sukulu tutu ŋerot ko ŋutu gboŋ ko pusak 'boŋ nan lo ŋarakinda di sukulu na gboŋ ko 'bulit na 'bijo iiii ŋerot na ŋutu kode' i ŋarakinda  na ŋutu' i kiŋajin lo popo	1			Kuku	train	7.617051013277428		False	0.337037037037037	False	4.6404548542343305	0.4427934621099554	True
03e89de29fa51f461c7ffb62db7c8e0d	30853	spontaneous-speech-ukv-30853.mp3	22428	4020	Do bubulö tikinda kunen jujuwesiʼ yi ŋoji naʼdiʼdik nagoŋ gbe ko ŋojik kune?	nan bubulö tinda jujuwesi i ŋwajik na'dik 'dik nagon bge ko ŋwajik kune adi ti ko töjuline ko  juline na'but kogwon tojulin ko narok kokorju loti lo rigwö	1			Kuku	train	5.617977528089887		False	0.13245033112582782	False	4.962543223263355	0.5973254086181278	True
3595372adebe9fa78cb5dbf05ddc6d75	31676	spontaneous-speech-ukv-31676.mp3	19620	4020	Do bubulö tikinda kunen jujuwesiʼ yi ŋoji naʼdiʼdik nagoŋ gbe ko ŋojik kune?	yi jujukinda koko adi ti koko si'dakini i mede geleŋ a to'durji 'börik i nu mede	1			Kuku	train	3.312945973496432		False	0.06493506493506496	False	4.483038099506507	0.3551263001485884	True
009983f810033d5152ddab92674ee038	31761	spontaneous-speech-ukv-31761.mp3	7236	4020	Do bubulö tikinda kunen jujuwesiʼ yi ŋoji naʼdiʼdik nagoŋ gbe ko ŋojik kune?	e nan bubulö  tikinda anyen ŋaŋarakinda koko kase yi yeyesi	1			Kuku	train	6.771697070204533		False	0.0535714285714286	False	3.3993630737299747	0.014858841010401188	True
ddae0f97a9679a1d5120cea6086416fd	31853	spontaneous-speech-ukv-31853.mp3	19440	4020	Do bubulö tikinda kunen jujuwesiʼ yi ŋoji naʼdiʼdik nagoŋ gbe ko ŋojik kune?	nan yinde jujuja ŋojik na'di'dik kune yi kenda anyen se molu ŋaŋarakin midijin kase ko'ben koko wökön yi 'debba na midijin ti  aa na'di'dik	1			Kuku	train	5.915637860082304		False	0.11764705882352944	False	5.112772193482762	0.6575037147102526	False
bc7de5ba8870d8cc13419daa6f9387f0	32050	spontaneous-speech-ukv-32050.mp3	7128	4020	Do bubulö tikinda kunen jujuwesiʼ yi ŋoji naʼdiʼdik nagoŋ gbe ko ŋojik kune?	um 'debba na mede net ko taliŋ	1			Kuku	train	3.3670033670033668		False	0.0	False	4.765135518946701	0.513372956909361	True
403eb42cb6d7bf4e1ab0b5007a937e98	32088	spontaneous-speech-ukv-32088.mp3	28368	4020	Do bubulö tikinda kunen jujuwesiʼ yi ŋoji naʼdiʼdik nagoŋ gbe ko ŋojik kune?	ŋiro na ko joŋ na'dit parik do gboso ŋutu' na kurundö do ködö ŋaŋrakin lepeŋ yi jamesi' lo'but ti lepeŋ 'depe mede nayiy na madaŋ ti lepeŋ moke mede na 'bura' alet lo ti lepeŋ kuke kuk lakin ko ŋiro na joŋa na'dit ŋutu' a ŋarskinda diŋitan kune liŋ na tiŋga wöwörö loki a si'daki kak musa lepeŋ na 'bakan na saresi' loŋ lepeŋ na yiyiŋunda 'bura' a kurundö ŋo' kune yi konda ni	1			Kuku	train	10.68104906937394		False	0.2466487935656837	False	5.213881766494274	0.6946508172362555	False
b5f5d64520d7376baeef5ca553c0c675	32268	spontaneous-speech-ukv-32268.mp3	32868	4020	Do bubulö tikinda kunen jujuwesiʼ yi ŋoji naʼdiʼdik nagoŋ gbe ko ŋojik kune?	un jujukinda ŋojik na'di'dik a i koke ni kune na gong gbe ko ŋojikan kase kune adi ta 'bu'bulä yitö bot yi sukulu ko ŋojik kolo  ke' woraki kiŋajin murek do 'bu'bulö yitöji' wa' yi sukulu do ti kekenadu ŋor kenet naŋ do mindi 'duddö  kata ni na lisa do pupuja kita na'but naŋ do ŋaŋarakidin 'börik ko yilo ŋiro let molu	1			Kuku	train	7.8191554095168545		True	0.14195583596214512	False			False
eaf2feaa162e2c5b79c0a23abcdce106	33138	spontaneous-speech-ukv-33138.mp3	19728	4020	Do bubulö tikinda kunen jujuwesiʼ yi ŋoji naʼdiʼdik nagoŋ gbe ko ŋojik kune?	ŋwajik na'dik'dik nagon bge ko ŋwajik jujukin tukuruki adi ti lepeŋ yitoni bot i sukulu köti ti lepeŋa galaki 'börik kikölin logon tinda lepeŋ i momrani na gurusu anyen gwiliŋesi kase kulo jujukin gawerju i si'da na se	1			Kuku	train	9.17477696674777		False	0.12558139534883717	False	4.8864209336183695	0.5661218424962853	True
e9dcd66d26b3932c353f71bcc8b69d92	33252	spontaneous-speech-ukv-33252.mp3	23796	4020	Do bubulö tikinda kunen jujuwesiʼ yi ŋoji naʼdiʼdik nagoŋ gbe ko ŋojik kune?	ŋojik na 'di'dik nagoŋ a pujö mede kine do jujukinda koko di ma'di koko a pujö mede a na 'di'dik ti lepeŋ tindi teili ti lepe ko ŋiro lo ko wörö a lepeŋ yitöni 'bot yi sukulu 	1			Kuku	train	5.799293998991427		False	0.19767441860465118	False	5.067355834501818	0.638187221396731	False
4b430d377aba6a707850db0b3318714e	33568	spontaneous-speech-ukv-33568.mp3	24588	4020	Do bubulö tikinda kunen jujuwesiʼ yi ŋoji naʼdiʼdik nagoŋ gbe ko ŋojik kune?	kukuesi' naŋ 'n jujukin takinda na koko kune 'eh ko do nyu' joŋa do nyu' den di do na mindi 'deba na mede 'boŋ ko golesi kune' naŋ ko punun ŋerot yini mindi tido dok gbe nago' i i i depba na koko	1			Kuku	train	6.222547584187408		False	0.17708333333333337	False	5.7121632971925	0.8410104011887073	False
a9f74c616d972aac0bc6d66da0be03d8	33761	spontaneous-speech-ukv-33761.mp3	8136	4020	Do bubulö tikinda kunen jujuwesiʼ yi ŋoji naʼdiʼdik nagoŋ gbe ko ŋojik kune?	ŋutu weweja ŋarakinda ko yeiyesi kode kunyaresi anyen koko yitö bot i sukulu	1			Kuku	train	7.866273352999015		False	0.0273972602739726	False	4.107603720355681	0.17161961367013373	True
c4b295f61c6417a48253b975d0db3dc3	29515	spontaneous-speech-ukv-29515.mp3	19908	3975	Do a tokita kenda nenut yi ropakinda na jur lo bot na dinyo?	tikitayi na kita na yi ropakinda  yi jur ni na lo'but na ko do a kenda a do pondi' kaŋo a do ŋarakindi' jurön kulo yi denda kode' yi yi yi kebbu na kikolin laga ti rigbo'	1			Kuku	train	6.680731364275668		False	0.17964071856287422	False	5.030685104081968	0.6240713224368499	False
d61dfa8687c5e5b0d0a9ab598550b381	30436	spontaneous-speech-ukv-30436.mp3	22608	3975	Do a tokita kenda nenut yi ropakinda na jur lo bot na dinyo?	Nan a röpakinda jur lo Kenda niyo' na ko kiko' logon Nan kukuji ŋwajik i kenda ko köti i tiinda na bgelesi nagon miminikin i kulya ti kenda konye nu a sukulu kode i kiysyesi nagon to'duröni sukulu	1			Kuku	train	7.032908704883227		False	0.1658031088082902	False	4.216946977125377	0.22436849925705796	True
03e89de29fa51f461c7ffb62db7c8e0d	30471	spontaneous-speech-ukv-30471.mp3	14796	3975	Do a tokita kenda nenut yi ropakinda na jur lo bot na dinyo?	Nan a tokitaju kenda nio na i ropakinda na jur lo bot i todindo na ŋwajik i sukuluwot ka'de ka'de nagon koko todino kata yu	1			Kuku	train	6.690997566909975		False	0.09999999999999998	False	4.430617243532782	0.32540861812778604	True
009983f810033d5152ddab92674ee038	31445	spontaneous-speech-ukv-31445.mp3	18360	3975	Do a tokita kenda nenut yi ropakinda na jur lo bot na dinyo?	kenda niyo na nan a ŋarakinda jur lo nan a ponda katodinonit nan todindö ŋojik kase ko kulo i wurjö ko i kenda a nan köti tukurukindi ŋojik ti jur kulo 'busan na sukulu na ko a nyo	1			Kuku	train	7.788671023965142		False	0.18644067796610164	False	4.0474090514947685	0.1411589895988113	True
b5f5d64520d7376baeef5ca553c0c675	31464	spontaneous-speech-ukv-31464.mp3	11520	3975	Do a tokita kenda nenut yi ropakinda na jur lo bot na dinyo?	nan ŋarakinda ŋojik logon kikiji manyen koko köti bubulö ŋarakinda na 'börik	1			Kuku	train	5.642361111111112		False	0.1095890410958904	False	3.245423168959544	0.006686478454680535	True
403eb42cb6d7bf4e1ab0b5007a937e98	31860	spontaneous-speech-ukv-31860.mp3	35568	3975	Do a tokita kenda nenut yi ropakinda na jur lo bot na dinyo?	yi' kitakinda 'borik yi kitakinda ŋutu logon i kominit ni kulo manyen denda di lo ŋutu' lose logon a gboŋ alo'but ko se ama kule' ŋo' liŋ a do nye gboŋ kaŋata ko koko asan ŋutu' lo ko yuŋe 'ba lo ŋutu' geleŋ a lo ŋutuu liŋ nyena ŋutuu kulo retete parik adi ti do kendi kenda ma do ko ŋarakinda se	1			Kuku	train	6.6070625281151605		True	0.23890784982935154	False			False
3595372adebe9fa78cb5dbf05ddc6d75	31869	spontaneous-speech-ukv-31869.mp3	19836	3975	Do a tokita kenda nenut yi ropakinda na jur lo bot na dinyo?	jur lo lobot lo nan a ŋarakinda nan a tutungö kenda na a nan ti kitani i lu jur lobot a manyen ŋarakinda jur liyaŋ lo	1			Kuku	train	4.638031861262351		False	0.2543859649122807	False	4.345183869952295	0.28826151560178304	True
ddae0f97a9679a1d5120cea6086416fd	31971	spontaneous-speech-ukv-31971.mp3	22068	3975	Do a tokita kenda nenut yi ropakinda na jur lo bot na dinyo?	kita nagon nan kokon na a nan 'bugö mosoro ina mosoro  nye na ŋarakinda jur lo anyen 'du'durjö yi na kita köti ŋarakinda nan yi tögu̧ na ŋojik yi sukulu i kenda	1			Kuku	train	5.800253761102048		False	0.1847133757961783	False	4.2348886535863	0.23328380386329867	True
bc7de5ba8870d8cc13419daa6f9387f0	32236	spontaneous-speech-ukv-32236.mp3	12960	3975	Do a tokita kenda nenut yi ropakinda na jur lo bot na dinyo?	n ropakinda kenda nio na i jur lo i kita  kita 'dok i ŋarakinda na ŋutu loŋ  n den di a lomerika 'dok mimindi ŋaraki manyen koko 'dok gboŋ gbe nan	1			Kuku	train	8.796296296296296		False	0.15384615384615385	False	4.710552189266528	0.48959881129271915	True
21ddeb69bfd3e57ad4af5253b149dd0f	32403	spontaneous-speech-ukv-32403.mp3	14940	3975	Do a tokita kenda nenut yi ropakinda na jur lo bot na dinyo?	kita niyo na ŋarakin jur na i diŋit nagoŋgiti yani do lo roroba musoro ina kpeja naŋ di do lo ŋarakinda jur 	1			Kuku	train	5.756358768406962		False	0.12380952380952381	False	4.816112670162854	0.537890044576523	True
e9dcd66d26b3932c353f71bcc8b69d92	32711	spontaneous-speech-ukv-32711.mp3	17388	3975	Do a tokita kenda nenut yi ropakinda na jur lo bot na dinyo?	do to'durjö jur lo do 'dukö ŋo bge gbeŋge ko ken jibitaliat sukuluöt ado nye na tinda do  to'durö na jur lo	1			Kuku	train	4.888428801472279		False	0.09615384615384615	False	4.524101594348989	0.37444279346210996	True
eaf2feaa162e2c5b79c0a23abcdce106	33328	spontaneous-speech-ukv-33328.mp3	16200	3975	Do a tokita kenda nenut yi ropakinda na jur lo bot na dinyo?	kenda niyona käti a tinda na i po i ŋarakinda na ŋutú kuwe ti gboke kulo a nyen koko jujukin gareju na gbwiliŋetsi kase ti 'beron a nyen koko pupujä yiyiesi nagoŋ na 'but a nyen koko sosondu ŋojik kase i sukulu 	1			Kuku	train	10.617283950617283		False	0.16113744075829384	False	4.266247321508553	0.24888558692421991	True
c4b295f61c6417a48253b975d0db3dc3	29545	spontaneous-speech-ukv-29545.mp3	17820	3950	Ŋoʼ togeleŋ na a nyo nagoŋ do kokon yi waran ʼberon yi mukök naŋ do a ŋiyun ki?	ŋo togeleŋ naŋ nan kökö ko nan a ŋiyun tötö togeleŋ na a jujuwö na kala a ko jujuji kala a nan dendi' reja na pörögö a ko kune kitajin nagon na'di'dik nagon kökönda 'börik	1			Kuku	train	7.687991021324355		False	0.2142857142857143	False	5.464637054366758	0.7682020802377415	False
d61dfa8687c5e5b0d0a9ab598550b381	30431	spontaneous-speech-ukv-30431.mp3	14436	3950	Ŋoʼ togeleŋ na a nyo nagoŋ do kokon yi waran ʼberon yi mukök naŋ do a ŋiyun ki?	ŋo togeleŋ nagon nan 'nkokoni i waran 'beron i mukok nagan nan a ŋiyen ki i toto a kwakwadu a nan ko kwakwadu a nan kiruk jujuji' jujujö kala	1			Kuku	train	7.827653089498476		False	0.18840579710144922	False	5.492452439591479	0.7756315007429421	False
403eb42cb6d7bf4e1ab0b5007a937e98	31387	spontaneous-speech-ukv-31387.mp3	21636	3950	Ŋoʼ togeleŋ na a nyo nagoŋ do kokon yi waran ʼberon yi mukök naŋ do a ŋiyun ki?	ŋo' ko 'npure yi toto a na kwakwa kwadu a  na ko kwakwadu aan  rooroko aan lupundi' koke' aan reji porogo a nan ko rereja porogo ko saai ti ŋojik a nan pedi' kulya ti kinyo to lo tuparan ko nan meda da an ti suk an kukundi' ŋo lo nyönyöyi lo ŋojik	1			Kuku	train	8.920317988537622		False	0.21311475409836067	False	6.160258224593111	0.9190193164933135	False
3595372adebe9fa78cb5dbf05ddc6d75	31546	spontaneous-speech-ukv-31546.mp3	12528	3950	Ŋoʼ togeleŋ na a nyo nagoŋ do kokon yi waran ʼberon yi mukök naŋ do a ŋiyun ki?	togeleŋ ko nan a ŋiyun kaŋ kadi yu a nan suluji reja na porogo	1			Kuku	train	3.911238825031929		False	0.05084745762711862	False	7.184488831996915	0.9881129271916791	False
ddae0f97a9679a1d5120cea6086416fd	31622	spontaneous-speech-ukv-31622.mp3	23436	3950	Ŋoʼ togeleŋ na a nyo nagoŋ do kokon yi waran ʼberon yi mukök naŋ do a ŋiyun ki?	ŋo' togeleŋ nagoŋ nan kokon na ko nan a pure nan tinda ŋun tinate' ko kwawaddu a nan kiruŋgi' kondi tokelan kuwe' yi mugun ko köti kuwe mede a nan kukundi ŋo' gbeŋge sayi	1			Kuku	train	5.8457074586106845		False	0.15568862275449102	False	5.202285807154192	0.6894502228826151	False
bc7de5ba8870d8cc13419daa6f9387f0	31673	spontaneous-speech-ukv-31673.mp3	21816	3950	Ŋoʼ togeleŋ na a nyo nagoŋ do kokon yi waran ʼberon yi mukök naŋ do a ŋiyun ki?	a ŋo naŋ 'n kokon i waran na ko nan a pure tina  'n a kwakwadu ko nan kwakwadu an lupundi koke' an ju'juji' jujjujö kon jujujö an kiruk poki i reja kon ke reja a kune kitajin kune bulödi' i ponda gbenge derja gbenge mijö na sayi	1			Kuku	train	8.250825082508252		False	0.18222222222222217	False	6.475270030358175	0.9479940564635958	False
b5f5d64520d7376baeef5ca553c0c675	31995	spontaneous-speech-ukv-31995.mp3	20196	3950	Ŋoʼ togeleŋ na a nyo nagoŋ do kokon yi waran ʼberon yi mukök naŋ do a ŋiyun ki?	ŋo togeleŋ loŋ 'nkokon ko 'nŋiyen ki lo aa kwakwadu konn ke' kwakwadu ann petdi' gboloŋ niyo' ann kondi' kitajin ti waran'beron mijö na sayi riya na porogo a ko kule' ŋo' kulo	1			Kuku	train	7.080610021786492		False	0.09883720930232553	False	6.016999156773705	0.9019316493313522	False
009983f810033d5152ddab92674ee038	32200	spontaneous-speech-ukv-32200.mp3	19260	3950	Ŋoʼ togeleŋ na a nyo nagoŋ do kokon yi waran ʼberon yi mukök naŋ do a ŋiyun ki?	ŋo togeleŋ na kon ŋiyun 'n kokon na 'n tinda ŋun tinate tomurek an lupundi kaŋo i reja na porogo ko kukunda na sayi naŋ ŋojik mamatara i sukulu	1			Kuku	train	5.97092419522326		False	0.06428571428571428	False	6.224245577221456	0.9294205052005944	False
21ddeb69bfd3e57ad4af5253b149dd0f	32351	spontaneous-speech-ukv-32351.mp3	9468	3950	Ŋoʼ togeleŋ na a nyo nagoŋ do kokon yi waran ʼberon yi mukök naŋ do a ŋiyun ki?	ŋo' togeleŋ nagon ko do pure' yi toto na do tikinda ŋun tinate kogboŋ lepeŋ gawunda do yi lu tukaje 'bukuluŋ	1			Kuku	train	9.294465568229828		False	0.04761904761904767	False	5.012853196589034	0.6173848439821694	False
eaf2feaa162e2c5b79c0a23abcdce106	32657	spontaneous-speech-ukv-32657.mp3	14400	3950	Ŋoʼ togeleŋ na a nyo nagoŋ do kokon yi waran ʼberon yi mukök naŋ do a ŋiyun ki?	togeleŋ ko nan a nyu' ŋiyun yi gboloŋ na jujujö kalá a nan 'burundi' 'burunda a nan kiruŋ  möji sayi ko sayi kata a kokuwe nagon nan tirini konda na kune' ŋo' 	1			Kuku	train	8.819444444444445		False	0.15286624203821653	False	5.546175146464082	0.7904903417533432	False
4b430d377aba6a707850db0b3318714e	33005	spontaneous-speech-ukv-33005.mp3	23040	3950	Ŋoʼ togeleŋ na a nyo nagoŋ do kokon yi waran ʼberon yi mukök naŋ do a ŋiyun ki?	ŋo' togeleŋ na 'n kokon yi waran 'beron na ko man a ŋiyen a tindi ŋun tinate' ko tikinda na yi na lor lele' lo luduk yala ann kiruŋ lupundi' koke' ann kiruŋ 'burundi kuwen ko on 'burunda kuwen  ann reji' poroggo ann 'dok bulö' lubbö kadi yi rewunda na kadi	1			Kuku	train	8.897569444444445		False	0.17786561264822132	False	5.735856182688368	0.8439821693907875	False
03e89de29fa51f461c7ffb62db7c8e0d	33249	spontaneous-speech-ukv-33249.mp3	9288	3950	Ŋoʼ togeleŋ na a nyo nagoŋ do kokon yi waran ʼberon yi mukök naŋ do a ŋiyun ki?	ŋo' togeleŋ nagon na kokon I waran 'beron ko nan a ŋiyen ki na a reja na porogo	1			Kuku	train	6.675279931093884		False	0.02631578947368418	False	5.312761271476325	0.7295690936106983	False
a9f74c616d972aac0bc6d66da0be03d8	33483	spontaneous-speech-ukv-33483.mp3	4680	3950	Ŋoʼ togeleŋ na a nyo nagoŋ do kokon yi waran ʼberon yi mukök naŋ do a ŋiyun ki?	do pija kulyaet loŋun manyen gaadi do	1			Kuku	train	6.623931623931624		True	0.0	False			False
e9dcd66d26b3932c353f71bcc8b69d92	33800	spontaneous-speech-ukv-33800.mp3	10368	3950	Ŋoʼ togeleŋ na a nyo nagoŋ do kokon yi waran ʼberon yi mukök naŋ do a ŋiyun ki?	ŋo' togeleŋ nagoŋ nan kokon yi waran na nan reja poroggo ann lalaji' torobo' ann miji sayi'	1			Kuku	train	7.233796296296296		False	0.06818181818181823	False	6.284817368421795	0.9338781575037147	False
8f02d83adfcef5096940ee32cf3acb24	34277	spontaneous-speech-ukv-34277.mp3	13536	3950	Ŋoʼ togeleŋ na a nyo nagoŋ do kokon yi waran ʼberon yi mukök naŋ do a ŋiyun ki?	ŋo togeleŋ naŋ 'n kokon waran 'beron na ko nan ŋiyun ki na a kwakwadu kobgon kon kwakwadu a ŋun de 'doladi na i lo lor liŋ	1			Kuku	train	7.092198581560284		False	0.10924369747899154	False	6.080714052177437	0.9071322436849926	False
03e89de29fa51f461c7ffb62db7c8e0d	30104	spontaneous-speech-ukv-30104.mp3	8496	3931	Ŋoʼ naʼbut nagoŋ mede nenut a puun yi piriton ti gboke momoresiʼ?	ŋo na'but nagon mede niyo na a puun i kine piritö momoresi kune  a tuŋarakin a ko si'da na'but ko 'börik	1			Kuku	train	9.769303201506592		False	0.06930693069306926	False	3.6622370530138264	0.03714710252600297	True
d61dfa8687c5e5b0d0a9ab598550b381	30398	spontaneous-speech-ukv-30398.mp3	27000	3931	Ŋoʼ naʼbut nagoŋ mede nenut a puun yi piriton ti gboke momoresiʼ?	kulyaŋan nagon kata nagon mede niyo na a puun i piritön ti bgoke momoresi bgoso kulyaŋan nagon laliaji lalai i  piritön momoresi todinesi kune kata na ŋutusok kona i piritö momoresi ko kune ŋo kule biriöjin lo kokona a todinesi i piritö momoresi	1			Kuku	train	7.481481481481482		False	0.3553719008264463	False	4.521597795683546	0.3722139673105498	True
bc7de5ba8870d8cc13419daa6f9387f0	31689	spontaneous-speech-ukv-31689.mp3	21708	3931	Ŋoʼ naʼbut nagoŋ mede nenut a puun yi piriton ti gboke momoresiʼ?	ŋo na'but nagon meda ŋutu' i pirit yi mo  na yi bule ti momoresi' kune aa liyöŋön liyöŋön na ko ta gboŋ yi pirito yi pirit na geleŋ a ta kunu gbe ko liyöŋesi' ko 'börik a ta kunu a boboŋo kune kulya kune liŋ di sit	1			Kuku	train	7.69301639948406		False	0.2274881516587678	False	5.004022969423583	0.6144130757800892	False
3595372adebe9fa78cb5dbf05ddc6d75	31706	spontaneous-speech-ukv-31706.mp3	16128	3931	Ŋoʼ naʼbut nagoŋ mede nenut a puun yi piriton ti gboke momoresiʼ?	ŋo' na'but nagoŋ mede niyo' a puun yi gboke morets momoret niyaŋ a tandarua	1			Kuku	train	3.844246031746032		False	0.04166666666666663	False	4.783869847423205	0.524517087667162	True
ddae0f97a9679a1d5120cea6086416fd	31902	spontaneous-speech-ukv-31902.mp3	22716	3931	Ŋoʼ naʼbut nagoŋ mede nenut a puun yi piriton ti gboke momoresiʼ?	ŋo' na'but nagon nan a puun kode' mede na a denunda i gbokiyot lo momorja do deden ŋo' jore ŋo' nagon do ködö tena kon konuk mede ni na do na ti dedenunda ko nu a derja ko nu do medda gwiliŋet  logon lo'but a do 'debbi	1			Kuku	train	7.527733755942947		False	0.2093023255813954	False	4.704867605458733	0.4866270430906389	True
009983f810033d5152ddab92674ee038	32074	spontaneous-speech-ukv-32074.mp3	16920	3931	Ŋoʼ naʼbut nagoŋ mede nenut a puun yi piriton ti gboke momoresiʼ?	ŋo' nagoŋ mede niyo' a pu yi petok ti kuki momoresi' kune a todinesi' na'but na 'depani mede a ko tokuwesi' nagoŋ do lpndiri biyasara	1			Kuku	train	6.442080378250591		False	0.11538461538461542	False	5.205276958846449	0.6916790490341753	False
b5f5d64520d7376baeef5ca553c0c675	32087	spontaneous-speech-ukv-32087.mp3	10188	3931	Ŋoʼ naʼbut nagoŋ mede nenut a puun yi piriton ti gboke momoresiʼ?	mede niyaŋ na a puundö ŋariyesi'  a ko kinyojin yi momoresi' yi gbokiyot yu	1			Kuku	train	5.987436199450333		False	0.04166666666666663	False	4.581328384042437	0.40936106983655274	True
403eb42cb6d7bf4e1ab0b5007a937e98	32277	spontaneous-speech-ukv-32277.mp3	21276	3931	Ŋoʼ naʼbut nagoŋ mede nenut a puun yi piriton ti gboke momoresiʼ?	na'but na puwä i momoresi kune gbege kota moraki i moret naŋ na jamet na 'but dó  yigundá kulya na 'but ko na jamet naron dó 'dok yiyikundá kulya na 'but a latiyät 'baŋ di a kule ŋob loŋ lorok 	1			Kuku	train	7.426207933822147		False	0.23469387755102045	False	6.279009627872498	0.9331352154531947	False
21ddeb69bfd3e57ad4af5253b149dd0f	32328	spontaneous-speech-ukv-32328.mp3	16488	3931	Ŋoʼ naʼbut nagoŋ mede nenut a puun yi piriton ti gboke momoresiʼ?	ŋo na'but na goŋ ko dó tu momoresi nagoŋ dó pupun kune a kulyesi lo 'but logoŋ weweja gareju na gbweliŋet let dó wewejá todindi ŋojik kulak ko mede net	1			Kuku	train	7.641921397379913		False	0.11184210526315785	False	4.4920695990200805	0.35958395245170877	True
e9dcd66d26b3932c353f71bcc8b69d92	33147	spontaneous-speech-ukv-33147.mp3	17820	3931	Ŋoʼ naʼbut nagoŋ mede nenut a puun yi piriton ti gboke momoresiʼ?	nan a puundö kukuwesi' yi piritö ti moresi' ŋo' gbeŋgeti kukuwesi' too togol togolet	1			Kuku	train	3.984287317620651		False	0.16049382716049387	False	4.987836582786984	0.6099554234769688	False
e9dcd66d26b3932c353f71bcc8b69d92	33147	spontaneous-speech-ukv-33147.mp3	17820	3931	Ŋoʼ naʼbut nagoŋ mede nenut a puun yi piriton ti gboke momoresiʼ?	nan a puundö kukuesi' yi peritön ti moresi ŋo' gbegeti kukuwesi to togolet	1			Kuku	train	3.479236812570146		False	0.04225352112676062	False	5.646885921689053	0.8209509658246656	False
eaf2feaa162e2c5b79c0a23abcdce106	33393	spontaneous-speech-ukv-33393.mp3	24768	3931	Ŋoʼ naʼbut nagoŋ mede nenut a puun yi piriton ti gboke momoresiʼ?	piritön bgokiyöt momoresi  kune tikinda ŋutu i pujö na ŋariesi nagon togoyu ŋutu ko tikinda ŋutu i pujö na ŋariesi nagon tinda ŋutu i tu i sukulu ko köti tikinda ŋutu i pujö na ŋariesi logon tinda ŋutu i pujö na kikö lo puesi ti gurursu ko köti ŋariesi nagon tinda ŋutu puputuru ŋerot i gwiliŋesi ti mede	1			Kuku	train	9.932170542635658		False	0.4651162790697675	True			False
a9f74c616d972aac0bc6d66da0be03d8	33662	spontaneous-speech-ukv-33662.mp3	6768	3931	Ŋoʼ naʼbut nagoŋ mede nenut a puun yi piriton ti gboke momoresiʼ?	ŋutu'  weweja pujo na todinesi yi ŋutulu ka'deka'de	1			Kuku	train	6.353427895981088		False	0.0625	False	4.241121590808999	0.23699851411589895	True
8f02d83adfcef5096940ee32cf3acb24	34161	spontaneous-speech-ukv-34161.mp3	12096	3931	Ŋoʼ naʼbut nagoŋ mede nenut a puun yi piriton ti gboke momoresiʼ?	mede niyo na a puundö naŋ di yi bgoke katani ti ŋutu bge i tojulin mede kata ni	1			Kuku	train	5.125661375661376		False	0.06578947368421051	False	4.142151218381571	0.18573551263001487	True
c4b295f61c6417a48253b975d0db3dc3	29638	spontaneous-speech-ukv-29638.mp3	26028	3970	Kulo kinyojin lo ŋaŋarakinda ŋutuʼ luwalet yi yuŋö?	kinyojin lo tikinda ŋutuu luealiyan yi yuŋö kulo a kinyo gboso smoot, kinyo na dera somot kode' aa kune' gboge kilo aa bakaya kode' ŋo' kulon kilo sosorobi kilo, kilo ŋaŋarakinda a tindi koko kode ko riŋit na'but paril kode ko kuluk	1			Kuku	train	7.3382511141847235		False	0.16157205240174677	False	4.93918092112176	0.587667161961367	True
03e89de29fa51f461c7ffb62db7c8e0d	30109	spontaneous-speech-ukv-30109.mp3	11556	3970	Kulo kinyojin lo ŋaŋarakinda ŋutuʼ luwalet yi yuŋö?	kinyöjin logon ŋarakinda ŋutu luwalet i yuŋö kulo a ŋo gbeti katelok a ko somot na dok	1			Kuku	train	6.057459328487365		False	0.0	False	4.691201033390693	0.47919762258543835	True
d61dfa8687c5e5b0d0a9ab598550b381	30366	spontaneous-speech-ukv-30366.mp3	26388	3970	Kulo kinyojin lo ŋaŋarakinda ŋutuʼ luwalet yi yuŋö?	kinyöjin logon yi ne diŋit ŋaŋarakinda ŋutu' luwalet e e i yuŋö kulo a ŋo gboso ko könyuŋ kuwen ti kö'di a a ŋo gboso kuwen ti ti poso ko somot ko kulye ŋo' gboso kilo	1			Kuku	train	5.002273760800364		False	0.18902439024390238	False	5.526417447920549	0.787518573551263	False
bc7de5ba8870d8cc13419daa6f9387f0	31726	spontaneous-speech-ukv-31726.mp3	21636	3970	Kulo kinyojin lo ŋaŋarakinda ŋutuʼ luwalet yi yuŋö?	aaa kilo tin taji di aaa 'bugu' kulo 'bugu kulo lo'but a ŋutu' de taji di lemun ako ananasi ananasi kulo 'dok a lo 'but ŋaŋarakinda i ŋutu luwaliyan ee titinda ŋutu 'dok gboŋ lo'but	1			Kuku	train	6.794231835829174		False	0.2415730337078652	False	5.478223921460598	0.7719167904903418	False
3595372adebe9fa78cb5dbf05ddc6d75	31896	spontaneous-speech-ukv-31896.mp3	18108	3970	Kulo kinyojin lo ŋaŋarakinda ŋutuʼ luwalet yi yuŋö?	kinyo lo ŋarakinda ŋutu luwalet i yuŋá kulo a köyimöt na kuluk na giyö a na don a ko cabegi köti' 'dok ŋaŋarakinda	1			Kuku	train	5.13585155732273		False	0.0892857142857143	False	4.615517954232964	0.4309063893016345	True
403eb42cb6d7bf4e1ab0b5007a937e98	32065	spontaneous-speech-ukv-32065.mp3	24696	3970	Kulo kinyojin lo ŋaŋarakinda ŋutuʼ luwalet yi yuŋö?	'dötilön logoŋ ko ŋutu a yesu a tindi mugun na ŋutu gboŋ a na go' ko gbanda kaata' ko kilo ŋo lo luŋu kaata' ti mundu kilo a ko 'bugu kilo 'dok lo'but a ko kilo 'dötilön logoŋ dörudöru kilo ŋaŋarakinda parik katani yi togo'yu na yi na mugun naŋ ŋutu' yukan ko nyena 	1			Kuku	train	8.584386135406543		False	0.2395437262357415	False	4.936143122067945	0.5861812778603269	True
21ddeb69bfd3e57ad4af5253b149dd0f	32448	spontaneous-speech-ukv-32448.mp3	11556	3970	Kulo kinyojin lo ŋaŋarakinda ŋutuʼ luwalet yi yuŋö?	ŋutu luwalet lo  yesu ŋo' lo gbeŋge ko kuluk ko gbanda kase nyo	1			Kuku	train	4.326756663205261		False	0.050000000000000044	False	4.156602658374414	0.19316493313521546	True
e9dcd66d26b3932c353f71bcc8b69d92	32738	spontaneous-speech-ukv-32738.mp3	11988	3970	Kulo kinyojin lo ŋaŋarakinda ŋutuʼ luwalet yi yuŋö?	ŋutu luwalet lo nyesu kinyötöt lo jounda mugun na lepeŋ i yuŋö	1			Kuku	train	4.254254254254255		False	0.03389830508474578	False	4.055634256454006	0.14635958395245172	True
4b430d377aba6a707850db0b3318714e	32793	spontaneous-speech-ukv-32793.mp3	9468	3970	Kulo kinyojin lo ŋaŋarakinda ŋutuʼ luwalet yi yuŋö?	gböndöli lodon lo a lo'but yi nyei ko ŋutu' luwalet	1			Kuku	train	4.435994930291508		False	0.0	False	6.809204052766647	0.9710252600297177	False
eaf2feaa162e2c5b79c0a23abcdce106	33051	spontaneous-speech-ukv-33051.mp3	7308	3970	Kulo kinyojin lo ŋaŋarakinda ŋutuʼ luwalet yi yuŋö?	kilo a kinyojin logoŋ tiidá ŋutú lulalet lo i gboŋ ko riŋit 	1			Kuku	train	6.841817186644773		False	0.0	False	5.151599729754486	0.6693907875185735	False
a9f74c616d972aac0bc6d66da0be03d8	33741	spontaneous-speech-ukv-33741.mp3	4860	3970	Kulo kinyojin lo ŋaŋarakinda ŋutuʼ luwalet yi yuŋö?	yesu na ludeeki' 	1			Kuku	train	2.8806584362139915	transcription-length	True	0.0	False			False
c4b295f61c6417a48253b975d0db3dc3	29564	spontaneous-speech-ukv-29564.mp3	19800	3959	Kikoʼ loʼbut lo a lolon logoŋ tokelani saʼyu na mugun?	kiko lo tokelani sa'yú na mugun a wini lo puwe i jibitaliá kode tema ko dó tema maleria kode sa'yú  na mugun a dó tikini kilo wini a dó wiwiä doji lo liŋ loŋ a tukoki ló a dó puji di a dó kelekelan 	1			Kuku	train	8.232323232323232		False	0.2292682926829268	False	5.592241884296674	0.8083209509658247	False
ddae0f97a9679a1d5120cea6086416fd	31388	spontaneous-speech-ukv-31388.mp3	18576	3959	Kikoʼ loʼbut lo a lolon logoŋ tokelani saʼyu na mugun?	kiko lo 'but lo do 'dumunda bogo a do tiki piyoŋ kata a do seseji mugun ko yina bogo anyen roroga yi na sa'yu a yi mukök na yi na sa'yu a do yiti kadi na wini anyen do totokela	1			Kuku	train	7.37510766580534		False	0.22543352601156075	False	5.062899773089925	0.6352154531946508	False
009983f810033d5152ddab92674ee038	31538	spontaneous-speech-ukv-31538.mp3	21780	3959	Kikoʼ loʼbut lo a lolon logoŋ tokelani saʼyu na mugun?	kiko lo'but lo tokelani sa'yu na mugun na ŋutu lo a jöŋa na ŋutu i kadi na wini a ŋutu lo kadi na wini tindi lepeŋ wini lo tonong mugun na sasa'yu na	1			Kuku	train	5.37190082644628		False	0.3082191780821918	False	4.203504482289396	0.21768202080237742	True
b5f5d64520d7376baeef5ca553c0c675	31552	spontaneous-speech-ukv-31552.mp3	45648	3959	Kikoʼ loʼbut lo a lolon logoŋ tokelani saʼyu na mugun?	do tinda piöŋ na lilik i kalaya kata ko bongolan musala togeleŋ ŋo togeleŋ na do kokon na a 'dumunda na bong i na tawel do mamamara mugun lo lepeŋ lo do si siyadu ma sa'yu na rorokadu do 'dumundi nen bongo na 'yöröte 'yöröt piöŋ kune kata yu do tanyaki kuwe ni yala do 'dumundi bongo to musala na a do tanyaki i kuku'dilan ni nye na mugun lo lepeŋ lo a sa'yu parik	1			Kuku	train	6.352961794602173		True	0.2936288088642659	False			False
3595372adebe9fa78cb5dbf05ddc6d75	31565	spontaneous-speech-ukv-31565.mp3	11556	3959	Kikoʼ loʼbut lo a lolon logoŋ tokelani saʼyu na mugun?	ko mugun na ŋutu' na ko sasa'yu miindi ŋutu' ködö möju winikö lo gbege panadol	1			Kuku	train	5.538248528902734		False	0.06666666666666665	False	4.763575278040041	0.512630014858841	True
bc7de5ba8870d8cc13419daa6f9387f0	31583	spontaneous-speech-ukv-31583.mp3	21636	3959	Kikoʼ loʼbut lo a lolon logoŋ tokelani saʼyu na mugun?	kiko logon lo'but loŋ lo tolikani sa'yu na mugun na a ko mugun na ŋutu na sasa'yu do 'dumunda tawel bongo bongo naŋ na'dit do tikindi i piöŋ kata a do piöŋ na lilik kune ŋaŋarkinda a do toligi mugun na	1			Kuku	train	7.441301534479571		False	0.20707070707070707	False	4.667061304565563	0.4606240713224368	True
403eb42cb6d7bf4e1ab0b5007a937e98	32296	spontaneous-speech-ukv-32296.mp3	22896	3959	Kikoʼ loʼbut lo a lolon logoŋ tokelani saʼyu na mugun?	kiko' lo'but loŋ ko mugun neet sasa'yu donyoŋaji' yi jibitali ki kadi na wini a do tetema ado puweni ŋo' lo tusa'yu mugun net na nyo aa malariya diya a kule' ŋo logoŋ kilo tiyana  luŋu akule' wasaka kaaŋ yi mugun ni kilo a do tikini' wini a mugun nenut na yiyeni' na'but	1			Kuku	train	9.477638015373865		False	0.1797752808988764	False	4.890638495144483	0.5683506686478454	True
a9f74c616d972aac0bc6d66da0be03d8	32825	spontaneous-speech-ukv-32825.mp3	8388	3959	Kikoʼ loʼbut lo a lolon logoŋ tokelani saʼyu na mugun?	do weweja meda kiko lo jibitali  manyen rerengu mugun na sa'yu 	1			Kuku	train	6.080114449213162		False	0.0	False	4.0937538780805385	0.16196136701337296	True
4b430d377aba6a707850db0b3318714e	33262	spontaneous-speech-ukv-33262.mp3	20376	3959	Kikoʼ loʼbut lo a lolon logoŋ tokelani saʼyu na mugun?	yakun ko do denda di ŋiro lo mugun na sasa'yu a na'but naŋ ko do nyoŋara i jibitalia ma tu momorani wini jambi ŋiro lo 'dit lo ko mugun na sasa'yu do ko do 'ban jong i jibitalia a naron parik	1			Kuku	train	7.410679230467216		False	0.25	False	4.5086847823924385	0.36478454680534916	True
eaf2feaa162e2c5b79c0a23abcdce106	33405	spontaneous-speech-ukv-33405.mp3	17928	3959	Kikoʼ loʼbut lo a lolon logoŋ tokelani saʼyu na mugun?	kiko' lo'but lo adi ko mugun na ŋutu' na sasa'yu do tiinda koŋgo kode' mendili yi piyoŋ a tanyakini' ko ŋutu' lo mugun ni a ko köti' 'damayi na jibitaliya anyen ŋutu' tetema	1			Kuku	train	7.864792503346719		False	0.12352941176470589	False	5.028229622470565	0.6233283803863299	False
e9dcd66d26b3932c353f71bcc8b69d92	33765	spontaneous-speech-ukv-33765.mp3	13248	3959	Kikoʼ loʼbut lo a lolon logoŋ tokelani saʼyu na mugun?	kiko loŋ ma do tengiri sa'yu na mugun nenut do 'dumunda bongo  nagon do tikinda i pioŋ a do tindi konu i mugun ni anyen tolikunda i na sa'yu	1			Kuku	train	8.378623188405797		False	0.15328467153284675	False	5.082058982656883	0.6441307578008916	False
8f02d83adfcef5096940ee32cf3acb24	34177	spontaneous-speech-ukv-34177.mp3	13788	3959	Kikoʼ loʼbut lo a lolon logoŋ tokelani saʼyu na mugun?	 kikö lo'but logologiti tokelani sa'yu na mugun lo a tiki na boŋgo yi piyoŋ kata a ina boŋgo sisiyani ina mugun na sasa'yu na	1			Kuku	train	7.325210327821294		False	0.180327868852459	False	4.94046437495952	0.5884101040118871	True
c4b295f61c6417a48253b975d0db3dc3	29658	spontaneous-speech-ukv-29658.mp3	20016	3918	Ŋona ŋoʼ nagoŋ kenda na kokon yi ŋarakinda na midijin na a nyo, anyen bubulo togu na kitajin ti tujarju kodeʼ sumalin lo tetenani ŋoʼ?	Kenda na kokon konesi jore I ŋarakinda na medijin kega parik i kulya ti 'duŋö na ŋojik lo 'didik ko de 'bunyö na ŋojik lo 'didik ko de tunyöyi na ŋojik 'bura' ma wora mugunya na'but 	1			Kuku	train	7.294164668265387		False	0.2178770949720671	False	4.257911535709239	0.24442793462109955	True
d61dfa8687c5e5b0d0a9ab598550b381	30390	spontaneous-speech-ukv-30390.mp3	30636	3918	Ŋona ŋoʼ nagoŋ kenda na kokon yi ŋarakinda na midijin na a nyo, anyen bubulo togu na kitajin ti tujarju kodeʼ sumalin lo tetenani ŋoʼ?	kenda na a ŋarakinda midijin jore anyen ko ko bubulö a tokitaju na tujarju nase na i kikö lo'but geleŋ na ŋutut kulo bulone bulo bgorundö na ŋo lo tutubgörö logon tetemakinda lo nyanyara ŋutu kulo 'dok bulone bulo 'deya na gurut kase i kikö lo'but bulone bulo i tiju na kita nase na 'bura	1			Kuku	train	7.63807285546416		True	0.26315789473684215	False			False
ddae0f97a9679a1d5120cea6086416fd	31635	spontaneous-speech-ukv-31635.mp3	23436	3918	Ŋona ŋoʼ nagoŋ kenda na kokon yi ŋarakinda na midijin na a nyo, anyen bubulo togu na kitajin ti tujarju kodeʼ sumalin lo tetenani ŋoʼ?	kenda na a tikinda ŋutu' i denda na kulya ti tujar do denede kadijin nagon 'delesi' ti gurut gbe'deŋe kata gbeŋge beŋki aa ŋo' gbeŋge turumbiliyat kode' arabiajin kata nagon aje kukuna ŋarakinda ŋutuu	1			Kuku	train	7.1257893838539		False	0.1624365482233503	False	4.383845958162759	0.30906389301634474	True
403eb42cb6d7bf4e1ab0b5007a937e98	31657	spontaneous-speech-ukv-31657.mp3	51336	3918	Ŋona ŋoʼ nagoŋ kenda na kokon yi ŋarakinda na midijin na a nyo, anyen bubulo togu na kitajin ti tujarju kodeʼ sumalin lo tetenani ŋoʼ?	ariya lo ko ŋutu kulo a kenda do bonga ŋutu kulo a bgoŋ ko loŋiset ko 'börik le ŋutu 'ban lo tinda teili ko lele ŋutu lakin ko ŋutu kulo liŋ 'ba kurundö do meda ŋo kune liŋ a yoŋesi ŋadi meda ŋo na'but ko lege a mindi lenga na lo ŋadi meda lu ko lege a mindi lenga na lo yi na tugö di ŋutu 'ba kurundö lakin ta a kurundö ŋo lo nyo logon do mindi lenga na lege ti do kata ko kulok ŋo do kata ko ŋo koluk kulo liŋ a ŋo nagon do bge nyobulo tinda na ŋutu i teili a do di ti do leŋe leŋ a do di ti do kone da ŋo kune liŋ a naŋ ta konda se kune	1			Kuku	train	8.025557113916161		True	0.44402985074626866	False			False
bc7de5ba8870d8cc13419daa6f9387f0	31719	spontaneous-speech-ukv-31719.mp3	21708	3918	Ŋona ŋoʼ nagoŋ kenda na kokon yi ŋarakinda na midijin na a nyo, anyen bubulo togu na kitajin ti tujarju kodeʼ sumalin lo tetenani ŋoʼ?	umm kenda na ŋarakinda midijin jore yi kikolin logoŋ 'dok koko 'dok pujö yani do gbe kata ko kurundö yi ŋo' logoŋ do koko yani 'dok ko konda tina do puundö gba na tina ko do a ŋaju lele' ŋo' lo do puji gurusu do deden ko do pujö muda	1			Kuku	train	8.476137829371659		False	0.24782608695652175	False	4.423315022831765	0.32169390787518576	True
009983f810033d5152ddab92674ee038	32053	spontaneous-speech-ukv-32053.mp3	22356	3918	Ŋona ŋoʼ nagoŋ kenda na kokon yi ŋarakinda na midijin na a nyo, anyen bubulo togu na kitajin ti tujarju kodeʼ sumalin lo tetenani ŋoʼ?	kenda na ŋarakinda i todindö na ŋutu kitajin ka'de ka'de ti biyasarajin köti kenda na ŋaŋarakinda i pujo na gurusutöt naŋ a banja anyen ŋutu kulo kondi biyasarajin ka'de ka'de lo to'duröni jur	1			Kuku	train	7.156915369475756		False	0.29100529100529104	False	3.827731950976564	0.07280832095096583	True
21ddeb69bfd3e57ad4af5253b149dd0f	32445	spontaneous-speech-ukv-32445.mp3	21636	3918	Ŋona ŋoʼ nagoŋ kenda na kokon yi ŋarakinda na midijin na a nyo, anyen bubulo togu na kitajin ti tujarju kodeʼ sumalin lo tetenani ŋoʼ?	yanii 'busan na kenda na yani tikinda do deden jur lo ko komiindi nyo a do jowundi' ŋo' logoŋ jur lo nyanyar anyen ŋarakinda koko	1			Kuku	train	4.853022739877981		False	0.11111111111111116	False	4.284199576798719	0.2555720653789004	True
03e89de29fa51f461c7ffb62db7c8e0d	32668	spontaneous-speech-ukv-32668.mp3	22896	3918	Ŋona ŋoʼ nagoŋ kenda na kokon yi ŋarakinda na midijin na a nyo, anyen bubulo togu na kitajin ti tujarju kodeʼ sumalin lo tetenani ŋoʼ?	kenda na a ŋarakinda midijik kune i kikölin jöre bgeti ko do kenda a do de puji kita nagon do puundi gurusutot nagon do robiri ŋojik ti sukulu köti a do de bulöne bulö tunyöju na mede na	1			Kuku	train	6.5076869322152335		False	0.14754098360655743	False	4.200446828389115	0.21693907875185736	True
e9dcd66d26b3932c353f71bcc8b69d92	33285	spontaneous-speech-ukv-33285.mp3	9396	3918	Ŋona ŋoʼ nagoŋ kenda na kokon yi ŋarakinda na midijin na a nyo, anyen bubulo togu na kitajin ti tujarju kodeʼ sumalin lo tetenani ŋoʼ?	kenda na a tikinda ŋutuu kulo koŋon anyen weweja' kita yi sumalin	1			Kuku	train	5.747126436781609		False	0.016129032258064502	False	3.720275988957964	0.0512630014858841	True
eaf2feaa162e2c5b79c0a23abcdce106	33426	spontaneous-speech-ukv-33426.mp3	18000	3918	Ŋona ŋoʼ nagoŋ kenda na kokon yi ŋarakinda na midijin na a nyo, anyen bubulo togu na kitajin ti tujarju kodeʼ sumalin lo tetenani ŋoʼ?	kenda na tikinda ŋutu kulo i bgoŋ ko yeiyesi nagon galakindi 'börik kitajin ti tujarju wo köti tikinda ŋutu kulo i nido na sumalin bgoso giyesi ti kinyo logon ŋarakinda ŋutu kune i jijö na kinyöjin kase	1			Kuku	train	9.22222222222222		False	0.2211055276381909	False	3.769538945885404	0.05943536404160475	True
a9f74c616d972aac0bc6d66da0be03d8	33604	spontaneous-speech-ukv-33604.mp3	5688	3918	Ŋona ŋoʼ nagoŋ kenda na kokon yi ŋarakinda na midijin na a nyo, anyen bubulo togu na kitajin ti tujarju kodeʼ sumalin lo tetenani ŋoʼ?	i na kenda tikinda ŋutu' koŋön	1			Kuku	train	4.39521800281294		True	0.03703703703703709	False			False
4b430d377aba6a707850db0b3318714e	33642	spontaneous-speech-ukv-33642.mp3	23400	3918	Ŋona ŋoʼ nagoŋ kenda na kokon yi ŋarakinda na midijin na a nyo, anyen bubulo togu na kitajin ti tujarju kodeʼ sumalin lo tetenani ŋoʼ?	kenda na a ŋarakinda yi kikölin jore kenda na ko do kenda do bubulö tetenda na kule' ŋo' loŋ ma ŋarakinda ŋutulu gbeŋge witiyöt kule' do bubulö kukunda  a poo a towuna a ko ŋarakindi' ŋutuu yi jijo yala 'dok a do 'du'dukö sukulu kode jibitali ma ŋojik kekenda kata ni	1			Kuku	train	9.23076923076923		False	0.23106060606060608	False	4.018140718181768	0.1263001485884101	True
c4b295f61c6417a48253b975d0db3dc3	29435	spontaneous-speech-ukv-29435.mp3	21060	3987	Kikoʼ loʼbut parik logoŋ ʼdelani koronyoʼ lo a lolon kuwe yi gboke ni?	kiko' lo'but parik logon 'delani koronyo' lo aaa 'boka kode' dili nagoŋ na koronyo' nagoŋ kode' 'boka a pögulu' a koronyo' kune yekani' katani yilo a kiko' lo 'delani koronyo' kega parik kwe gboke ni lo nye yilo	1			Kuku	train	8.262108262108262		False	0.29807692307692313	False	5.362512650595568	0.7407132243684993	False
d61dfa8687c5e5b0d0a9ab598550b381	30394	spontaneous-speech-ukv-30394.mp3	15408	3987	Kikoʼ loʼbut parik logoŋ ʼdelani koronyoʼ lo a lolon kuwe yi gboke ni?	kiko lo'but parik logon 'delani koronyo yi gboke yu lo a logbon pirit na 'buköni koronyo na 'bo'boka a dili  a ko kulo gbee yu ko nyuŋ totiyoŋ a  'yurani 'yura ko kimaŋ 	1			Kuku	train	8.696780893042575		False	0.1325301204819277	False	5.475984471758883	0.7704309063893017	False
009983f810033d5152ddab92674ee038	31418	spontaneous-speech-ukv-31418.mp3	19368	3987	Kikoʼ loʼbut parik logoŋ ʼdelani koronyoʼ lo a lolon kuwe yi gboke ni?	kiko' lo'but lo 'delani koronyo' lo togeleŋ do 'bogga dili a koronyo kulo 'buköjini kata yu tomurek ko waragalin kune a pependa 'börik jore a 'yurani' 'yura	1			Kuku	train	6.7121024370095		False	0.0980392156862745	False	5.2174283934651084	0.6961367013372957	False
3595372adebe9fa78cb5dbf05ddc6d75	31478	spontaneous-speech-ukv-31478.mp3	10800	3987	Kikoʼ loʼbut parik logoŋ ʼdelani koronyoʼ lo a lolon kuwe yi gboke ni?	koronyo kuwe bgwoke ni ŋutu 'boga dili a nutu gumbi kata yu ko aje wora jore a nokani noka	1			Kuku	train	6.666666666666666		False	0.04597701149425293	False	6.904382807616568	0.9777117384843982	False
21ddeb69bfd3e57ad4af5253b149dd0f	31483	spontaneous-speech-ukv-31483.mp3	18180	3987	Kikoʼ loʼbut parik logoŋ ʼdelani koronyoʼ lo a lolon kuwe yi gboke ni?	kiko' lo'but logoŋ do 'de'yiri koronyo' lo aaa do 'bogga dili a do'buggi' wasaka kulo kata yu lele' kiko' tomurek a do 'yurji' 'yurja wasaka kulo	1			Kuku	train	6.600660066006601		False	0.176056338028169	False	5.803237728688471	0.8580980683506686	False
ddae0f97a9679a1d5120cea6086416fd	31659	spontaneous-speech-ukv-31659.mp3	14508	3987	Kikoʼ loʼbut parik logoŋ ʼdelani koronyoʼ lo a lolon kuwe yi gboke ni?	kuwe gboke ni i gboŋ ko dili naŋo 'delani koronyo kulo logoŋ a je totiyok kulu ayi 'yura ni kaŋo a nyen ti jonda ret ko ŋutú ki 	1			Kuku	train	6.9616763165150255		False	0.04761904761904767	False	6.016183989249472	0.9011887072808321	False
bc7de5ba8870d8cc13419daa6f9387f0	32061	spontaneous-speech-ukv-32061.mp3	9360	3987	Kikoʼ loʼbut parik logoŋ ʼdelani koronyoʼ lo a lolon kuwe yi gboke ni?	ŋutu' ŋutu' 'bogga dili do yegi wasala kune kata yu 'boŋ ko  jore' a ŋutu' noke nok	1			Kuku	train	7.051282051282052		False	0.11250000000000004	False	5.744290658899881	0.8447251114413076	False
403eb42cb6d7bf4e1ab0b5007a937e98	32083	spontaneous-speech-ukv-32083.mp3	17640	3987	Kikoʼ loʼbut parik logoŋ ʼdelani koronyoʼ lo a lolon kuwe yi gboke ni?	a yi pependa wasaka kulo a yi nogi noga ko ŋojik kulo kotiyaŋ na kilo ŋo kule lo bgenge kabera ko nyonyo kulo i na a ŋo nagon yi kokon na yala kirut a yi poki jejenya na mede 'bitö na doru	1			Kuku	train	8.333333333333334		False	0.14054054054054055	False	5.98057278930896	0.8937592867756315	False
4b430d377aba6a707850db0b3318714e	32985	spontaneous-speech-ukv-32985.mp3	20340	3987	Kikoʼ loʼbut parik logoŋ ʼdelani koronyoʼ lo a lolon kuwe yi gboke ni?	tuköki na kulya ti tokelan kodo ködö tinda wasaka koluk kulo 'delaki ida like kodo reja mede nenut na kulo ŋo lo do rewun kulo do tikinda da mindö ti do tik pirit nagon na'but kaberajin kulo ko 'ben guguma a bulöndi	1			Kuku	train	8.55457227138643		False	0.15094339622641506	False	5.4726791348774055	0.7689450222882616	False
03e89de29fa51f461c7ffb62db7c8e0d	33327	spontaneous-speech-ukv-33327.mp3	13896	3987	Kikoʼ loʼbut parik logoŋ ʼdelani koronyoʼ lo a lolon kuwe yi gboke ni?	kikö lo'but parik lo 'delani koronyo kuwe i bgoke ni lo a 'boka na dili lo 'bukoni kilo koronyo a ko jore a 'yurani 'yura	1			Kuku	train	6.980426021876799		False	0.14406779661016944	False	5.382107404061763	0.7473997028231798	False
eaf2feaa162e2c5b79c0a23abcdce106	33374	spontaneous-speech-ukv-33374.mp3	11016	3987	Kikoʼ loʼbut parik logoŋ ʼdelani koronyoʼ lo a lolon kuwe yi gboke ni?	koro'yo kulo ŋupi 'bukö yi pirit nagon a 'dume na wasaka ko a'bukö a 'yurani kaŋo	1			Kuku	train	5.991285403050109		False	0.05128205128205132	False	6.6606841281902005	0.9643387815750372	False
a9f74c616d972aac0bc6d66da0be03d8	33716	spontaneous-speech-ukv-33716.mp3	5868	3987	Kikoʼ loʼbut parik logoŋ ʼdelani koronyoʼ lo a lolon kuwe yi gboke ni?	'bogaá na dilyo a nyen dó déiri  koro'yo nyin kuló 	1			Kuku	train	7.498295841854124		True	0.0	False			False
c4b295f61c6417a48253b975d0db3dc3	29428	spontaneous-speech-ukv-29428.mp3	25848	4024	Kunen jujuwesiʼ nagoŋ do bubulö tikinda na kayuŋönit logoŋ ŋiro loyit lo a nyuʼ marakinda yi teŋ kaʼdurök?	jujuwesi nagon nan titikin kayuŋiölöni logon ŋiro lonyit a nyu marakinda i teŋ na ka'dui adi ti lepeŋ muluki  i lo ŋiro ko ŋun ko tomurek ti lepeŋ ko bubulö maku  ti lepeŋ maku miri kode ŋutu ti okuma ma dende ko nyo na konda 'börik	1			Kuku	train	7.157226864747757		False	0.13100436681222705	False	5.286548971199716	0.7213967310549777	False
03e89de29fa51f461c7ffb62db7c8e0d	30108	spontaneous-speech-ukv-30108.mp3	12348	4024	Kunen jujuwesiʼ nagoŋ do bubulö tikinda na kayuŋönit logoŋ ŋiro loyit lo a nyuʼ marakinda yi teŋ kaʼdurök?	kukuwesi nagon nan titin kayuŋölönit logon ŋiro lo lepeŋ aje marakinda i teŋ na ka'durök na a jujuwesi nagon ti kujönö na matat	1			Kuku	train	8.503401360544217		False	0.10483870967741937	False	4.751014837624913	0.5059435364041605	True
d61dfa8687c5e5b0d0a9ab598550b381	30266	spontaneous-speech-ukv-30266.mp3	27360	4024	Kunen jujuwesiʼ nagoŋ do bubulö tikinda na kayuŋönit logoŋ ŋiro loyit lo a nyuʼ marakinda yi teŋ kaʼdurök?	kayuŋönit gbe yilo ti deneden naŋ di teŋ nagoŋ ŋiro loyit morakinda kata na 'bu'bulö gboŋ ko ŋo' na 'but 'bu'bulö gboŋ ko ŋo' narok nagoŋ koo kokon 'boŋ ti yilo ŋiro wulundi' ŋo' naŋ na'but kune a kö'yi nagoŋ narok kune murek nayit na ti yilo kayuŋönit kukurun naŋ di ee nye nyu gboŋ ko kita ma'di ko ŋiro lo   a wora miŋe ti lepeŋ yiti' ŋerot yi kunyarju yi jujuja na lepeŋ 	1			Kuku	train	10.928362573099417		False	0.29032258064516125	False	4.813782011418047	0.5364041604754829	True
ddae0f97a9679a1d5120cea6086416fd	31426	spontaneous-speech-ukv-31426.mp3	22176	4024	Kunen jujuwesiʼ nagoŋ do bubulö tikinda na kayuŋönit logoŋ ŋiro loyit lo a nyuʼ marakinda yi teŋ kaʼdurök?	a nan de jujukinda a kayuŋönit lo ŋilo ŋiro i tukökindö na i lo ŋiro kiko' lo'but lo denani ŋun a tomurek ti ŋiro lo iti i sukulu i kenda anyen ko ŋarakinda kayuŋöŋ kase	1			Kuku	train	6.087662337662337		False	0.1506024096385542	False	4.778965057890334	0.5200594353640416	True
b5f5d64520d7376baeef5ca553c0c675	31477	spontaneous-speech-ukv-31477.mp3	19800	4024	Kunen jujuwesiʼ nagoŋ do bubulö tikinda na kayuŋönit logoŋ ŋiro loyit lo a nyuʼ marakinda yi teŋ kaʼdurök?	'n luŋunda ŋojik loŋ beron ko lepeŋ lo konda kulya na'but lo ŋarakinda na lepeŋ ko yeiyesi köti an tikindi lepeŋ i konda na kita na konin ko lepeŋ nyobulo kulya ti sukulu kune	1			Kuku	train	7.171717171717171		False	0.22093023255813948	False	4.060234141370832	0.14933135215453194	True
403eb42cb6d7bf4e1ab0b5007a937e98	31512	spontaneous-speech-ukv-31512.mp3	45648	4024	Kunen jujuwesiʼ nagoŋ do bubulö tikinda na kayuŋönit logoŋ ŋiro loyit lo a nyuʼ marakinda yi teŋ kaʼdurök?	ŋiro na ko joyiniŋga ko lupbbö yi gurup naŋ naron na ŋutú kune pokin gboge ko monye ko ŋote ta  si'daki kak a ta poki jambu ko lopeŋ wora ko gurup narok na 'ba na'but ti lopeŋ gbe ŋiro  na yiyiniki tiyana  ko do kata ko ŋiro na yiyiniki do luŋu a parent naŋ a na'but do luŋu monye mede loŋ a lo'but lakin ko ŋiro na a yiniki' a tindi' yuyukesi' ko monye ki ta gboŋe ko monye kulo a do yuyutai' yuyitayi di do 'bak konda ŋo' na'but  i todina na ŋojik lakin kodo do gboŋ i mörju ŋojik naŋ a miŋan lakin do monye lödö a ko kölökin	1			Kuku	train	9.069400630914826		True	0.29714285714285715	False			False
bc7de5ba8870d8cc13419daa6f9387f0	31944	spontaneous-speech-ukv-31944.mp3	14400	4024	Kunen jujuwesiʼ nagoŋ do bubulö tikinda na kayuŋönit logoŋ ŋiro loyit lo a nyuʼ marakinda yi teŋ kaʼdurök?	e e ŋutu ŋutu tosi'dakinda ŋiro lo kak a do jujukin ŋiro lo di morakinda ka'durök ni na a na'but	1			Kuku	train	5.347222222222222		False	0.13978494623655913	False	4.636277118771004	0.4398216939078752	True
21ddeb69bfd3e57ad4af5253b149dd0f	31994	spontaneous-speech-ukv-31994.mp3	19440	4024	Kunen jujuwesiʼ nagoŋ do bubulö tikinda na kayuŋönit logoŋ ŋiro loyit lo a nyuʼ marakinda yi teŋ kaʼdurök?	do gnoŋge kayuŋölönit ko do medda naŋ di ŋiro let a tu yi jujumbu na kulya ti ka'durök weweja' ŋarakinda na lopeŋ di kitana na ka'durök na na'but nagoŋ tinda ŋiro lo yi denda na kiko' lo ŋun anyen lepeŋ lokukujönö konda na toron	1			Kuku	train	9.516460905349794		False	0.16000000000000003	False	4.347855945600662	0.29049034175334326	True
009983f810033d5152ddab92674ee038	32181	spontaneous-speech-ukv-32181.mp3	19620	4024	Kunen jujuwesiʼ nagoŋ do bubulö tikinda na kayuŋönit logoŋ ŋiro loyit lo a nyuʼ marakinda yi teŋ kaʼdurök?	jujuwesi i ŋarakinda na i lo ŋiro kode kilo ŋojik ko yeiyesi na'but na tinda kokobi yiyiunda na ŋo na'but nagon ko kodo konda nye anyen se bubulö luŋu a ŋojik	1			Kuku	train	6.523955147808358		False	0.16774193548387095	False	4.279112928455995	0.25334323922734026	True
e9dcd66d26b3932c353f71bcc8b69d92	32982	spontaneous-speech-ukv-32982.mp3	13860	4024	Kunen jujuwesiʼ nagoŋ do bubulö tikinda na kayuŋönit logoŋ ŋiro loyit lo a nyuʼ marakinda yi teŋ kaʼdurök?	dot do tinda i teŋ na ŋutu logo a ke' wora teŋ na kadurak	1			Kuku	train	3.174603174603175		False	0.09259259259259256	False	7.505225622797572	0.9933135215453195	False
eaf2feaa162e2c5b79c0a23abcdce106	33035	spontaneous-speech-ukv-33035.mp3	22068	4024	Kunen jujuwesiʼ nagoŋ do bubulö tikinda na kayuŋönit logoŋ ŋiro loyit lo a nyuʼ marakinda yi teŋ kaʼdurök?	kayuŋö logon ŋojik kase aje morakinda i teŋ na ka'durok ti bge nyona ko ŋojik kase i kukuju na nase i ŋarakinda nase anyen bgoŋ ko kiköliin logon a lo'but i kiden na ŋutu kikölin logon ŋaŋarakinda se i tu ŋerot i kenda nase	1			Kuku	train	8.156606851549755		False	0.2681818181818182	False	4.14595765816539	0.1887072808320951	True
a9f74c616d972aac0bc6d66da0be03d8	33215	spontaneous-speech-ukv-33215.mp3	11268	4024	Kunen jujuwesiʼ nagoŋ do bubulö tikinda na kayuŋönit logoŋ ŋiro loyit lo a nyuʼ marakinda yi teŋ kaʼdurök?	a kayuŋälanit lo ti ŋaraki li'budi lo i tikindá na kukuesi a ko  i tikinda na kwaset nyarnyar lepeŋ i 'durädu kayit i yupet 	1			Kuku	train	9.052183173588924		False	0.09677419354838712	False	6.536023680412604	0.9576523031203567	False
8f02d83adfcef5096940ee32cf3acb24	34267	spontaneous-speech-ukv-34267.mp3	16740	4024	Kunen jujuwesiʼ nagoŋ do bubulö tikinda na kayuŋönit logoŋ ŋiro loyit lo a nyuʼ marakinda yi teŋ kaʼdurök?	nan ŋarakinda yilo kayuŋölönit yi wukinda yi ŋiro ko ŋun yi könin yi diŋitan kune liŋ murek nayit na ti lepeŋ gbe ko jujuja na yilo ŋiro diŋitan kune liŋ	1			Kuku	train	7.4074074074074066		False	0.21333333333333337	False	4.352646094614824	0.29420505200594355	True
c4b295f61c6417a48253b975d0db3dc3	29711	spontaneous-speech-ukv-29711.mp3	19620	4005	Banjajin na ʼdiʼdik na nyöeeʼ yi tuŋöyoyö kune ŋona ŋarakinda wate kune yi suluja na tujarju dinyo?	Banjajin na'di'dikin kune tikinda wate kune ak kölökindö kode' suluja na tujarju na a togolon parik 	1			Kuku	train	4.281345565749235		False	0.061855670103092786	False	4.18392221710806	0.20950965824665677	True
d61dfa8687c5e5b0d0a9ab598550b381	30381	spontaneous-speech-ukv-30381.mp3	27720	4005	Banjajin na ʼdiʼdik na nyöeeʼ yi tuŋöyoyö kune ŋona ŋarakinda wate kune yi suluja na tujarju dinyo?	banjajin na 'di'dik na nyöee yi tuŋöyiyö kune bubulö ŋarakinda wate kulo yi suluja na tujarju naa na ŋo' kase yi kiko' loo lo 'dit 'dok koo bubulö tokitaju  yi gböreni na ŋo logoŋ ku'dik kode' kita nagoŋ na'dit anyen bubulö ŋoyi yi yina to'ditan nayit köti' ropa nayit na gboŋ pölylyö	1			Kuku	train	8.36940836940837		False	0.15658362989323849	False	5.161370298595757	0.673848439821694	False
ddae0f97a9679a1d5120cea6086416fd	31415	spontaneous-speech-ukv-31415.mp3	17748	4005	Banjajin na ʼdiʼdik na nyöeeʼ yi tuŋöyoyö kune ŋona ŋarakinda wate kune yi suluja na tujarju dinyo?	nan bgenge ŋutu nanaŋwan ko nan a 'dumunda i na banja a nan toyuŋöji toyuŋöju anyen nan pujö a taripatat nagon nan tögiri ŋojik i kenda	1			Kuku	train	6.197881451431146		False	0.11363636363636365	False	5.9672848374033105	0.8907875185735513	False
403eb42cb6d7bf4e1ab0b5007a937e98	31527	spontaneous-speech-ukv-31527.mp3	45216	4005	Banjajin na ʼdiʼdik na nyöeeʼ yi tuŋöyoyö kune ŋona ŋarakinda wate kune yi suluja na tujarju dinyo?	bijinesi lo suluwa ko lon na na'dit asandi kaŋ na gown i vilegi kune yi' 'bakan na gurut ama yi na ŋo na'dit nagon ko yi' tiyi a yi' medi 'ye yi tokitaju yi teriga loŋ lo lo'but ayi' nyöködi bod nyökit nayit na a do puji di na ŋutu' deden bijinesi lakin ko do ŋutu' nan a denda bijinesi a jondi yeŋit yi 'ukata na bijinesi 'boŋ do gwenge ŋutu' naŋ a denda gurusutöt na totokitayi' na kwakwase yi na gurusutöt do nyökörö bot yu ko kutu nayit na gwenge nagon a miyölönikin na	1			Kuku	train	8.381988676574665		True	0.2872340425531915	False			False
3595372adebe9fa78cb5dbf05ddc6d75	31581	spontaneous-speech-ukv-31581.mp3	20808	4005	Banjajin na ʼdiʼdik na nyöeeʼ yi tuŋöyoyö kune ŋona ŋarakinda wate kune yi suluja na tujarju dinyo?	kine bajajin na nyönyöye kune ŋarakinda wate kune ko suluja tujarju  tujara nayit na ko bubulö   gbo'dan a bubulö pujö nanayit gurusutöt na lepeŋ ŋarakindi mugun	1			Kuku	train	6.391772395232603		False	0.15822784810126578	False	4.235488763639202	0.23476968796433878	True
009983f810033d5152ddab92674ee038	31893	spontaneous-speech-ukv-31893.mp3	22068	4005	Banjajin na ʼdiʼdik na nyöeeʼ yi tuŋöyoyö kune ŋona ŋarakinda wate kune yi suluja na tujarju dinyo?	kine banjajin ŋaŋarakin wate kune i to'durjö na bisness anyen ko bubulö pujö na nene ŋo na'dit na ŋarakin midijik kase ka'de ka'de anyen tengu kulya ti momorotu nawate ko lalian i kulya ti gurusu i diŋitan liŋ 	1			Kuku	train	7.794090991480877		False	0.14009661835748788	False	4.035917291089191	0.1352154531946508	True
bc7de5ba8870d8cc13419daa6f9387f0	32171	spontaneous-speech-ukv-32171.mp3	12816	4005	Banjajin na ʼdiʼdik na nyöeeʼ yi tuŋöyoyö kune ŋona ŋarakinda wate kune yi suluja na tujarju dinyo?	a ŋarakindá wate kune i ga'yu na tujar yala 'dok wate kune 'bulene 'bulö i ŋarakindá i kuleŋo ti mede lo mindi 'dok gbagböre loŋ ko mindi 'dok gbagböre	1			Kuku	train	9.987515605493131		False	0.2875816993464052	False	5.018491287634768	0.6196136701337296	False
21ddeb69bfd3e57ad4af5253b149dd0f	32225	spontaneous-speech-ukv-32225.mp3	22356	4005	Banjajin na ʼdiʼdik na nyöeeʼ yi tuŋöyoyö kune ŋona ŋarakinda wate kune yi suluja na tujarju dinyo?	aa   do pujö naŋ di yani  ŋutu' na wate kune  yani ne diŋit ti' i na gurusutöt na 'dit na do pujö naŋ di kine yani weweja 'yököndu na yina  gurusutö ko kuwe nayit na a na'dit	1			Kuku	train	5.949185900876722		False	0.19883040935672514	False	4.449731641540948	0.33655274888558695	True
eaf2feaa162e2c5b79c0a23abcdce106	32732	spontaneous-speech-ukv-32732.mp3	17208	4005	Banjajin na ʼdiʼdik na nyöeeʼ yi tuŋöyoyö kune ŋona ŋarakinda wate kune yi suluja na tujarju dinyo?	wate kune ko nyöundö banjaji na tutuŋöiyö a lepeŋat iti i soko i bgwörö na kinyö kode toro'bö a lepeŋat ko tubgwörji kilo kinyö anyen tuŋöjo banja nagon lepeŋ a nyöun na anyen köti ŋarakonda lepeŋat	1			Kuku	train	9.472338447233843		False	0.19999999999999996	False	5.620682176289902	0.8142644873699851	False
4b430d377aba6a707850db0b3318714e	32946	spontaneous-speech-ukv-32946.mp3	19116	4005	Banjajin na ʼdiʼdik na nyöeeʼ yi tuŋöyoyö kune ŋona ŋarakinda wate kune yi suluja na tujarju dinyo?	banjajin na 'di'dik kune ŋarakinda wate kune yi tugbörju na ŋo' lo'di'dik lo'di'dik yi suk ma koko 'dok pukindi 'börik ŋo' nagoŋ koko 'dok ŋarakindi midijin kase ko ko ŋojik kase yina a ŋariyet naŋo ko pupu kata ni na	1			Kuku	train	9.311571458464114		False	0.21962616822429903	False	4.115000256018174	0.17459138187221396	True
a9f74c616d972aac0bc6d66da0be03d8	33472	spontaneous-speech-ukv-33472.mp3	11088	4005	Banjajin na ʼdiʼdik na nyöeeʼ yi tuŋöyoyö kune ŋona ŋarakinda wate kune yi suluja na tujarju dinyo?	kine banjajin tikinda wate kune ŋaju na kitaesi kase anyen ko tögiri nmidijin kase	1			Kuku	train	6.2229437229437226		False	0.03797468354430378	False	4.053070539455385	0.1448736998514116	True
03e89de29fa51f461c7ffb62db7c8e0d	33610	spontaneous-speech-ukv-33610.mp3	11448	4005	Banjajin na ʼdiʼdik na nyöeeʼ yi tuŋöyoyö kune ŋona ŋarakinda wate kune yi suluja na tujarju dinyo?	banjajin na'dik 'dik na nyei kune ŋarakinda wate kune i suluja na ŋo' kase lo tutugbörö a jondi mago'ba a to'durji koko	1			Kuku	train	8.560447239692522		False	0.051724137931034475	False	5.227793666755107	0.7028231797919762	False
e9dcd66d26b3932c353f71bcc8b69d92	33693	spontaneous-speech-ukv-33693.mp3	7596	4005	Banjajin na ʼdiʼdik na nyöeeʼ yi tuŋöyoyö kune ŋona ŋarakinda wate kune yi suluja na tujarju dinyo?	ŋarakinda nan yi bujines anyen nan weweja tögu na mede na	1			Kuku	train	6.187467087941021		False	0.03703703703703709	False	4.330307693048044	0.28306092124814264	True
8f02d83adfcef5096940ee32cf3acb24	34174	spontaneous-speech-ukv-34174.mp3	16020	4005	Banjajin na ʼdiʼdik na nyöeeʼ yi tuŋöyoyö kune ŋona ŋarakinda wate kune yi suluja na tujarju dinyo?	kine banjajin nagon wate une kodo suluji kita kune ŋaŋarkinda parik kega ko ŋutu a tikinda tirikuet i tokitaju na ina gurusutöt	1			Kuku	train	6.616729088639201		False	0.048387096774193505	False	4.670930027077428	0.4635958395245171	True
c4b295f61c6417a48253b975d0db3dc3	29615	spontaneous-speech-ukv-29615.mp3	19368	3988	Ti nan kondiʼ nyo anyen piyoŋ kuweʼ na mamata kune a nakeʼ?	luku'dö ko de girigisi ko de sogbo  logon na 'deiri piyoŋ nagon na mamata kune ködö ti muumukö ti si'dani loke ti  tokelani a loke ti lalayini lalayi nake manyan gboŋ manyen nan möju piyoŋ nake	1			Kuku	train	8.0545229244114		False	0.1842105263157895	False	5.649655093562305	0.8224368499257058	False
d61dfa8687c5e5b0d0a9ab598550b381	30307	spontaneous-speech-ukv-30307.mp3	29700	3988	Ti nan kondiʼ nyo anyen piyoŋ kuweʼ na mamata kune a nakeʼ?	ya togeleŋ na piyoŋ naŋ aje juwe' kadi kune ti miy ti miyöni miyö anyen kuru logboŋ kata yu kulo twatwa murek nayit na pirit nagon ko piyoŋ kune 'yile' kata yu ko lu a kidi ko lu a nyo yina pirit ti totokela ti gbe nake tomusala nayit na toro'bo' logon matani piyoŋ ko logoŋ  'delani  piyoŋ kulo ti kilo ŋo' liŋ ti tooto ti 'delani'  loke	1			Kuku	train	9.023569023569024		True	0.26268656716417915	False			False
3595372adebe9fa78cb5dbf05ddc6d75	31519	spontaneous-speech-ukv-31519.mp3	10656	3988	Ti nan kondiʼ nyo anyen piyoŋ kuweʼ na mamata kune a nakeʼ?	anyen piyoŋ kuwe' na mamata kune gbon a nake nan ködö 'dek ti nan minemi	1			Kuku	train	5.442942942942943		False	0.02898550724637683	False	5.671242379259219	0.8306092124814265	False
b5f5d64520d7376baeef5ca553c0c675	31526	spontaneous-speech-ukv-31526.mp3	26820	3988	Ti nan kondiʼ nyo anyen piyoŋ kuweʼ na mamata kune a nakeʼ?	anyen piyoŋ kuwe' na mamata kune gboŋ a nakeye' kon 'yilunda kare yu an i mine mi  an tindi yi kontena lokye' kode' konn a mijö siya ann tritŋ a nan dawale dawa' ann dawa'y ko winikö lo luŋ kulo lo luŋu a wota gatsi kulo yala ann lilijililija tina na piyoŋ kuwe kune gboŋ nakye' a nan buló' moju na koo kune	1			Kuku	train	9.097688292319164		False	0.20394736842105265	False	6.963656456286295	0.9799405646359584	False
bc7de5ba8870d8cc13419daa6f9387f0	31696	spontaneous-speech-ukv-31696.mp3	21816	3988	Ti nan kondiʼ nyo anyen piyoŋ kuweʼ na mamata kune a nakeʼ?	miindi ti an pune mobil um turu'buti logoŋ loyke' kode' luku'dö ti 'nalalane lokye' 'boŋ piyoŋ kune 'dok ti nan minemi a nan kölökindi lik ko ke' lik ann 'bukökindi' yi luku'dö' yu 'boŋ ti diŋitan kune liŋ ti lalayini' lalayi	1			Kuku	train	8.48001466813348		False	0.16216216216216217	False	6.264529432092709	0.9309063893016345	False
ddae0f97a9679a1d5120cea6086416fd	31758	spontaneous-speech-ukv-31758.mp3	19800	3988	Ti nan kondiʼ nyo anyen piyoŋ kuweʼ na mamata kune a nakeʼ?	anyen piyoŋ kuwe na mamata  kune gboŋ nakiye ti a suwani' suwa a nan 'bukökindi' i luku'dö anyen lilik a muköni' mukö a yi möjimöjú 	1			Kuku	train	5.404040404040404		False	0.06153846153846154	False	6.2047313823620005	0.9264487369985142	False
403eb42cb6d7bf4e1ab0b5007a937e98	32143	spontaneous-speech-ukv-32143.mp3	18576	3988	Ti nan kondiʼ nyo anyen piyoŋ kuweʼ na mamata kune a nakeʼ?	piyoŋ kune ko do mijö a do mugi'mugö kine piyoŋ gboŋ kata ko metet naŋ gbogboŋ nakiye ko diŋit najo do a momokatu ayanyan kule' abulandi  logoŋ wingö kuwe na ŋutu' kode' mugun na ŋutu'	1			Kuku	train	8.021102497846684		False	0.13812154696132595	False	5.747824232380927	0.8454680534918276	False
21ddeb69bfd3e57ad4af5253b149dd0f	32439	spontaneous-speech-ukv-32439.mp3	4428	3988	Ti nan kondiʼ nyo anyen piyoŋ kuweʼ na mamata kune a nakeʼ?	iye nan gboŋ ko pusok	1			Kuku	train	3.839205058717254		True	0.0	False			False
4b430d377aba6a707850db0b3318714e	32899	spontaneous-speech-ukv-32899.mp3	14580	3988	Ti nan kondiʼ nyo anyen piyoŋ kuweʼ na mamata kune a nakeʼ?	piöŋ na mamata kune mindi ti miyöni miyö e luku'dö lo ti lalaeni loke a 'buköni kata ni yala muköni mukö 'ben kökölö ŋa	1			Kuku	train	6.584362139917696		False	0.10344827586206895	False	6.184850647695172	0.9257057949479941	False
eaf2feaa162e2c5b79c0a23abcdce106	33079	spontaneous-speech-ukv-33079.mp3	13320	3988	Ti nan kondiʼ nyo anyen piyoŋ kuweʼ na mamata kune a nakeʼ?	piöŋ kune kodo mimiyo 'bura a bulöndi mötö ko köti ti muköni mukö 'bura 'ben wasaka ku 'don kata yu	1			Kuku	train	6.006006006006006		False	0.07291666666666663	False	4.748054518045115	0.5037147102526003	True
03e89de29fa51f461c7ffb62db7c8e0d	33091	spontaneous-speech-ukv-33091.mp3	7020	3988	Ti nan kondiʼ nyo anyen piyoŋ kuweʼ na mamata kune a nakeʼ?	nan kodo mimi piöŋ kuwe' na mamata kune anyen bgwoŋ nake	1			Kuku	train	6.552706552706552		False	0.0	False	4.701880272761226	0.4836552748885587	True
8f02d83adfcef5096940ee32cf3acb24	34182	spontaneous-speech-ukv-34182.mp3	16308	3988	Ti nan kondiʼ nyo anyen piyoŋ kuweʼ na mamata kune a nakeʼ?	anyen nan möju piyoŋ nagoŋgiti nake' miindi  naŋ di  ti nan minemi piyoŋ kune tomurek nayit na piyoŋ nake' kume miindi naŋ di ti nan tiki wini kata ni	1			Kuku	train	7.358351729212656		False	0.24489795918367352	False	4.481887458593492	0.35289747399702825	True
d61dfa8687c5e5b0d0a9ab598550b381	30279	spontaneous-speech-ukv-30279.mp3	15336	3936	Do ŋona bubulo tuggö ko berat na Uganda na gboŋ ko kulon lemesiʼ?	beret na uganda ko lemesi	1			Kuku	train	1.3693270735524257	transcription-length	False	0.0	False	4.686996430826816	0.4739970282317979	True
3595372adebe9fa78cb5dbf05ddc6d75	31711	spontaneous-speech-ukv-31711.mp3	10908	3936	Do ŋona bubulo tuggö ko berat na Uganda na gboŋ ko kulon lemesiʼ?	eeh nan 'bu'bulö tuggö ko beret na yuganda gboŋ ko kulon lemesi	1			Kuku	train	4.858819215254859		False	0.016393442622950838	False	5.875894381892419	0.87518573551263	False
ddae0f97a9679a1d5120cea6086416fd	31775	spontaneous-speech-ukv-31775.mp3	13248	3936	Do ŋona bubulo tuggö ko berat na Uganda na gboŋ ko kulon lemesiʼ?	beret na  Uganda na gboŋ ko lemesi' musala 	1			Kuku	train	2.5664251207729465	transcription-length	False	0.025000000000000022	False	3.7057796382573236	0.048291233283803865	True
b5f5d64520d7376baeef5ca553c0c675	31905	spontaneous-speech-ukv-31905.mp3	17568	3936	Do ŋona bubulo tuggö ko berat na Uganda na gboŋ ko kulon lemesiʼ?	eeh 'nbu'bulö beret na yuganda na gbo ko lemesi' lotor loruwö yelo ako logbe	1			Kuku	train	3.699908925318761		False	0.026666666666666616	False	5.768845665125935	0.849925705794948	False
bc7de5ba8870d8cc13419daa6f9387f0	32194	spontaneous-speech-ukv-32194.mp3	7056	3936	Do ŋona bubulo tuggö ko berat na Uganda na gboŋ ko kulon lemesiʼ?	ee 'n deden beret nauganda na ko bgoŋ ko kulo lemesi	1			Kuku	train	5.9523809523809526		False	0.020408163265306145	False	4.645191120945861	0.4457652303120357	True
21ddeb69bfd3e57ad4af5253b149dd0f	32272	spontaneous-speech-ukv-32272.mp3	14688	3936	Do ŋona bubulo tuggö ko berat na Uganda na gboŋ ko kulon lemesiʼ?	yani beret na yuganda na gboŋ ko lemesi' musala togeleŋ loruwö lotor a ko loparaŋ	1			Kuku	train	4.561546840958606		False	0.038461538461538436	False	5.023950744954866	0.6218424962852898	False
009983f810033d5152ddab92674ee038	32273	spontaneous-speech-ukv-32273.mp3	13896	3936	Do ŋona bubulo tuggö ko berat na Uganda na gboŋ ko kulon lemesiʼ?	beret na yuganda na gboŋ ko lemesi' musala lotor loruwö a ko lo paraŋ	1			Kuku	train	4.029936672423719		False	0.045454545454545414	False	5.073176468326855	0.6404160475482912	False
403eb42cb6d7bf4e1ab0b5007a937e98	32326	spontaneous-speech-ukv-32326.mp3	11196	3936	Do ŋona bubulo tuggö ko berat na Uganda na gboŋ ko kulon lemesiʼ?	berat na yuganda na gboŋ ko lemesi musala lotor a ko loruö	1			Kuku	train	4.197927831368346		False	0.054545454545454564	False	5.459374422938455	0.7674591381872214	False
4b430d377aba6a707850db0b3318714e	33031	spontaneous-speech-ukv-33031.mp3	21456	3936	Do ŋona bubulo tuggö ko berat na Uganda na gboŋ ko kulon lemesiʼ?	a kala lo a loruwö lopuraŋ a ko tor 'boŋ iya ŋutu nyanyar lu kala kulu a ŋo' loŋ lo'bot tugö gbiyari liyaŋ lo mogun lo 'böriköt niyaŋ na na ruwö yala a ko rima kaŋ kune a poki yi koloŋ na yi loja ni ko loja dinyo 	1			Kuku	train	7.690156599552573		False	0.12380952380952381	False	6.378250383391222	0.9413075780089153	False
eaf2feaa162e2c5b79c0a23abcdce106	33410	spontaneous-speech-ukv-33410.mp3	11160	3936	Do ŋona bubulo tuggö ko berat na Uganda na gboŋ ko kulon lemesiʼ?	beret na uganda na bgoŋ ko lemesi naruök lemet nator a ko lemet na  paraŋ	1			Kuku	train	5.197132616487455		False	0.2142857142857143	False	5.557939880220255	0.799405646359584	False
e9dcd66d26b3932c353f71bcc8b69d92	33416	spontaneous-speech-ukv-33416.mp3	10188	3936	Do ŋona bubulo tuggö ko berat na Uganda na gboŋ ko kulon lemesiʼ?	beret na yuganda na gboŋ ko lemesi loŋ loruwö  a ko lotor a ko yelo	1			Kuku	train	5.104043973301923		False	0.09375	False	5.162823071538277	0.6753343239227341	False
8f02d83adfcef5096940ee32cf3acb24	34183	spontaneous-speech-ukv-34183.mp3	15228	3936	Do ŋona bubulo tuggö ko berat na Uganda na gboŋ ko kulon lemesiʼ?	berat na yuganda na gboŋ ko lemesi' musala geleŋ a loruwö murek loa lo paraŋ tomusala lo a lotor	1			Kuku	train	5.12214342001576		False	0.10752688172043012	False	5.436124777870163	0.7622585438335809	False
c4b295f61c6417a48253b975d0db3dc3	29624	spontaneous-speech-ukv-29624.mp3	20268	3980	Sukuluöt ti jur ko petesi ti Kenda a ʼdoladu ŋerot na jur ada?	sukulu na ko kenda na a jonda taliŋ i jur ko 'dolet na ŋutu i teiliko paleleŋ kata a jondi liyöŋön ko taliŋ ko toyiŋakin i pirit na geleŋ 	1			Kuku	train	5.377935662127491		False	0.14814814814814814	False	4.76980749550462	0.5178306092124815	True
03e89de29fa51f461c7ffb62db7c8e0d	30090	spontaneous-speech-ukv-30090.mp3	9288	3980	Sukuluöt ti jur ko petesi ti Kenda a ʼdoladu ŋerot na jur ada?	petesi ti sukuluwöt ti jur a 'doladdu jur lo yi jowunda na 'durjö kata ni	1			Kuku	train	6.352282515073212		False	0.05714285714285716	False	4.40400092925423	0.3164933135215453	True
d61dfa8687c5e5b0d0a9ab598550b381	30400	spontaneous-speech-ukv-30400.mp3	22968	3980	Sukuluöt ti jur ko petesi ti Kenda a ʼdoladu ŋerot na jur ada?	sukuluwöt ti jur ko petesi' tikenda kune a 'doladdu jur lo yi kiko' logoŋ tiyana ŋo' jore kune konani temakinda yi ŋo nagoŋ kene' yi sukulu ko ŋutu logoŋ tikini' yi 'doladdu na ŋutuu kulo gbe a ŋutuu logoŋ 'ba'ban na a kenda	1			Kuku	train	7.924068268895855		False	0.21266968325791857	False	4.287838498942399	0.2585438335809807	True
21ddeb69bfd3e57ad4af5253b149dd0f	31417	spontaneous-speech-ukv-31417.mp3	25488	3980	Sukuluöt ti jur ko petesi ti Kenda a ʼdoladu ŋerot na jur ada?	'busan na sukulu na ko do ta gbeɲge lidasi ta tinda ŋojik kulo ti sukulu kenda a anyen ko ko malu wora a ŋutu' lobut anyen koko wora dogtasi a yi na ŋo nene togeleŋ nagon giti do yani sonyondu ŋojik kulök  yi sukulu 	1			Kuku	train	6.709039548022599		False	0.17840375586854462	False	5.144804964470089	0.6671619613670133	False
3595372adebe9fa78cb5dbf05ddc6d75	31670	spontaneous-speech-ukv-31670.mp3	14976	3980	Sukuluöt ti jur ko petesi ti Kenda a ʼdoladu ŋerot na jur ada?	ko ŋojik liŋ a kenda tikinda jur lo bgoŋ ko taliŋ 'boŋ jur lo a 'dugö a 'durjö 'bura 'dok	1			Kuku	train	4.674145299145299		False	0.12790697674418605	False	4.176523227015956	0.2087667161961367	True
ddae0f97a9679a1d5120cea6086416fd	31698	spontaneous-speech-ukv-31698.mp3	21996	3980	Sukuluöt ti jur ko petesi ti Kenda a ʼdoladu ŋerot na jur ada?	petesi ti kenda a tikinda ŋutu jöre i 'doladu na jur ko koŋon kogwon na si'dakini do i nu si'daet na tumatat nu do a den ŋo na'but ko ŋo nagon a narön	1			Kuku	train	5.36461174759047		False	0.08163265306122447	False	5.350618724551444	0.7392273402674592	False
009983f810033d5152ddab92674ee038	32166	spontaneous-speech-ukv-32166.mp3	11340	3980	Sukuluöt ti jur ko petesi ti Kenda a ʼdoladu ŋerot na jur ada?	jur lo a 'dolaji i meda na metesi naŋ ti ŋerot naŋ ti 'durjö na jur	1			Kuku	train	4.585537918871252		False	0.09375	False	4.7455472459314025	0.5029717682020802	True
eaf2feaa162e2c5b79c0a23abcdce106	33312	spontaneous-speech-ukv-33312.mp3	16416	3980	Sukuluöt ti jur ko petesi ti Kenda a ʼdoladu ŋerot na jur ada?	jur lo bge a lo 'but ŋutu jore kulo aje kenda köti kitaesi jore aje po i jur tindi ŋutu kulo konye' ga'yu kitaesi pajo ama'di jur aje 'durjo bge'de ko toyiŋin bge'de ko nyarju	1			Kuku	train	8.589181286549707		False	0.19767441860465118	False	5.306716651179982	0.7265973254086181	False
4b430d377aba6a707850db0b3318714e	33331	spontaneous-speech-ukv-33331.mp3	17820	3980	Sukuluöt ti jur ko petesi ti Kenda a ʼdoladu ŋerot na jur ada?	sukulu na a tikin dá yi i denda na ŋó jore parik um kulya ti kurujú ko kulya ti i tokekan kine liŋ i denundá i kulya ti kenda 	1			Kuku	train	5.667789001122334		False	0.19685039370078738	False	4.690651402722826	0.4784546805349183	True
a9f74c616d972aac0bc6d66da0be03d8	33453	spontaneous-speech-ukv-33453.mp3	14148	3980	Sukuluöt ti jur ko petesi ti Kenda a ʼdoladu ŋerot na jur ada?	'busan na sukuluöt na tikinda a piritön ti winiko ko kenisa liŋ i 'durjö i diŋit na i diŋit na keriyat ti jur	1			Kuku	train	6.149279050042409		False	0.13207547169811318	False	3.9094499930907234	0.09435364041604755	True
e9dcd66d26b3932c353f71bcc8b69d92	33759	spontaneous-speech-ukv-33759.mp3	8280	3980	Sukuluöt ti jur ko petesi ti Kenda a ʼdoladu ŋerot na jur ada?	ŋutuu kulo ko kenda gboŋ ko denesi na'but ŋariyeesi' na'but	1			Kuku	train	6.038647342995169		False	0.0892857142857143	False	3.59778626678307	0.02897473997028232	True
8f02d83adfcef5096940ee32cf3acb24	34253	spontaneous-speech-ukv-34253.mp3	15480	3980	Sukuluöt ti jur ko petesi ti Kenda a ʼdoladu ŋerot na jur ada?	kenda na a ŋarakinda a jur lo i gboŋ ko ka'dolak logoŋgiti a lokoŋ anyen bubulö 'doladu na jur lo	1			Kuku	train	5.038759689922481		False	0.1063829787234043	False	3.6189130880384814	0.03268945022288262	True
3595372adebe9fa78cb5dbf05ddc6d75	31612	spontaneous-speech-ukv-31612.mp3	16776	3957	Kpiyesiʼ kune a nyo na kpeja di ŋutuʼ gboŋ ko rima na jore?	kegga moga 'börik yi ŋutuu nagon mugun na a duma' parik 'boŋ ko lepeŋ a 'duŋö yi mugun ni rima kunu wökun 'bakan na 'dutet	1			Kuku	train	5.841678588459704		False	0.09243697478991597	False	5.042243896711999	0.6292719167904903	False
21ddeb69bfd3e57ad4af5253b149dd0f	31646	spontaneous-speech-ukv-31646.mp3	23688	3957	Kpiyesiʼ kune a nyo na kpeja di ŋutuʼ gboŋ ko rima na jore?	a ŋo  na kpeja di nene diŋit di do gboŋ ko puresa na pujö di diŋitan kune liŋ to toyiŋga kuwe net na mimiin töyili let lo 'bi'bitdö parik kata yu  a yani do pujö di a mugun neyet na yune yu na 'bijo  kine kune ŋo naŋ giti nagon kpeja naŋ di do gboŋ kata ko nyo ko puresa	1			Kuku	train	8.78081729145559		False	0.2134831460674157	False	4.82725044705547	0.5423476968796433	True
bc7de5ba8870d8cc13419daa6f9387f0	31766	spontaneous-speech-ukv-31766.mp3	23940	3957	Kpiyesiʼ kune a nyo na kpeja di ŋutuʼ gboŋ ko rima na jore?	a kenda ŋarakinda i kilölin jore gbeŋge kuwe mede ni tikinda nan ko ŋojik kulo sala' ko kulo ŋutu lo si'da kuwe mede ni kulo  gboŋ ko kurundö yani a ko deneden di ŋerot na na gboŋ tina koo ke konda ti na manyen koko 'dok liliwakl'	1			Kuku	train	7.644110275689223		False	0.15859030837004406	False	4.30737600238107	0.26968796433878156	True
ddae0f97a9679a1d5120cea6086416fd	31910	spontaneous-speech-ukv-31910.mp3	21996	3957	Kpiyesiʼ kune a nyo na kpeja di ŋutuʼ gboŋ ko rima na jore?	tupesi nagon do denda di ŋutu bgwoŋ ko ret lo rima jore lo a miyen na kuwe kuwe let mimiyen mokosi koluk weweli do bgwoŋ 'bakan na kamulak ti yesu kido net mimiyen ajuk sa yukan net na a na'dit	1			Kuku	train	7.001272958719767		False	0.1473684210526316	False	5.702005284318304	0.8380386329866271	False
009983f810033d5152ddab92674ee038	32122	spontaneous-speech-ukv-32122.mp3	15336	3957	Kpiyesiʼ kune a nyo na kpeja di ŋutuʼ gboŋ ko rima na jore?	togeleŋ ŋutu' lo yiŋga kuwe loyit lo mimiyen diŋitan kune liŋ tomurek töyili lo gboja parik tomusala mugun na miimittu kata yu	1			Kuku	train	6.846635367762128		False	0.03252032520325199	False	4.31709470070063	0.274888558692422	True
403eb42cb6d7bf4e1ab0b5007a937e98	32130	spontaneous-speech-ukv-32130.mp3	30348	3957	Kpiyesiʼ kune a nyo na kpeja di ŋutuʼ gboŋ ko rima na jore?	ko do gboŋ ko kayi blood pressure töyili  let lu mimiiyen mugun let lo liŋ mimiitu kilo a sayins ti  yi' lo ret logon lo yukan lo yi' ret 'ba ret logon 'ba lo'but lakin lepeŋ lo  kodo wowiö winikö kulo ŋaŋarakinda do a joŋga diŋit a najo mugun net na yiyite bot a na'but ko nyuŋ lulupökindö madaŋ a  golesi naŋ do pupu' katakatani	1			Kuku	train	8.63318834849084		True	0.13761467889908252	False			False
03e89de29fa51f461c7ffb62db7c8e0d	32643	spontaneous-speech-ukv-32643.mp3	26460	3957	Kpiyesiʼ kune a nyo na kpeja di ŋutuʼ gboŋ ko rima na jore?	Kpiyesi na kpeja di ŋutu bgoŋ ko rima jore kune a kpeja 'börik i kikölin jore togeleŋ kodo toyinga kak lo yuyuk iya diŋit tomurek i na yuk nak jonda ŋiŋira tomusala ne jaman kata ŋutu toyinga bge rima ti ŋutu kune ririgo kata yu	1			Kuku	train	6.953892668178383		False	0.1777777777777778	False	5.220402504957492	0.6976225854383358	False
4b430d377aba6a707850db0b3318714e	32774	spontaneous-speech-ukv-32774.mp3	9360	3957	Kpiyesiʼ kune a nyo na kpeja di ŋutuʼ gboŋ ko rima na jore?	ko do ŋiŋira parik i na kpeja di do bgoŋ ko rima na jore	1			Kuku	train	4.594017094017095		False	0.037735849056603765	False	5.276128385127634	0.7161961367013373	False
a9f74c616d972aac0bc6d66da0be03d8	33381	spontaneous-speech-ukv-33381.mp3	9396	3957	Kpiyesiʼ kune a nyo na kpeja di ŋutuʼ gboŋ ko rima na jore?	ŋutú logoŋ ko i lo ret lo kulá jore a tindi tomunyan na muŋun 	1			Kuku	train	5.321413367390378		False	0.016393442622950838	False	5.615965478389042	0.812778603268945	False
eaf2feaa162e2c5b79c0a23abcdce106	33401	spontaneous-speech-ukv-33401.mp3	10620	3957	Kpiyesiʼ kune a nyo na kpeja di ŋutuʼ gboŋ ko rima na jore?	miyen na kuwe parik ko 'biddö na töyili di wulekwulek yina kpeja di ŋutu' gboŋ ko rima jore	1			Kuku	train	6.967984934086628		False	0.06818181818181823	False	4.649873648667694	0.44799405646359586	True
8f02d83adfcef5096940ee32cf3acb24	34312	spontaneous-speech-ukv-34312.mp3	19656	3957	Kpiyesiʼ kune a nyo na kpeja di ŋutuʼ gboŋ ko rima na jore?	ŋo na kpeja di ŋutu' lo gboŋ ko rima na jore yi mugun lo geleŋ na di kuwe lo yeŋon miyen tuŋ murek nayit na mugun lo pipirön musala lepeŋ lo bes gboŋ ŋiŋira	1			Kuku	train	6.257631257631258		False	0.12418300653594772	False	4.802099846906298	0.5319465081723626	True
c4b295f61c6417a48253b975d0db3dc3	29663	spontaneous-speech-ukv-29663.mp3	21276	3994	Yiʼ ŋona bubulö teŋgu na ret lo ʼbulötö lo yi riyaraʼ dinyo?	ret lo 'bulötö lo tetengu 'börik ko mötö na piöŋ nake yala ko lo nyönyöyi ko derja 'börik 'bura lo ko jo na'but yi na tetengu 'bulötö ko  piöŋ nake ko ŋo liŋ nagon mimiinikin	1			Kuku	train	6.533182929122016		False	0.22807017543859653	False	4.366766685830616	0.30237741456166417	True
d61dfa8687c5e5b0d0a9ab598550b381	30393	spontaneous-speech-ukv-30393.mp3	25308	3994	Yiʼ ŋona bubulö teŋgu na ret lo ʼbulötö lo yi riyaraʼ dinyo?	ret lo 'bulötö bubulö teŋo ko yi a kölökindö kin kune yi duduwa ko kadoŋan  yinyönyöyi  ko sokorok nyönyöggu di kin kune 'di'diya temba yi diŋitan liŋ murek nayit na yi bubulö teŋgu ko yi' tokitaju ŋo' loke' yi nyöi kode' yi matanikin	1			Kuku	train	7.5075075075075075		False	0.1471861471861472	False	5.116196622208907	0.6597325408618128	False
03e89de29fa51f461c7ffb62db7c8e0d	30464	spontaneous-speech-ukv-30464.mp3	18576	3994	Yiʼ ŋona bubulö teŋgu na ret lo ʼbulötö lo yi riyaraʼ dinyo?	yi bubulö tengu na ret lo  'bulötö lo i riyar i kikolin jore togeleŋ  lalai na könin i iya diŋit tomurek kinyötöt lo nyei pape	1			Kuku	train	5.383290267011197		False	0.04065040650406504	False	4.828326682218984	0.5438335809806835	True
21ddeb69bfd3e57ad4af5253b149dd0f	31389	spontaneous-speech-ukv-31389.mp3	19008	3994	Yiʼ ŋona bubulö teŋgu na ret lo ʼbulötö lo yi riyaraʼ dinyo?	yi' rereŋgu 'bulötö na ko yi' yesu ŋo' logongiti a kukuna a loke' anyen yi gboŋ a 'bulötö yina tilinda ŋutu do a moka ret lo 'bulötö	1			Kuku	train	5.576599326599327		False	0.09302325581395354	False	4.731973112603	0.4985141158989599	True
ddae0f97a9679a1d5120cea6086416fd	31537	spontaneous-speech-ukv-31537.mp3	20160	3994	Yiʼ ŋona bubulö teŋgu na ret lo ʼbulötö lo yi riyaraʼ dinyo?	yi weja tengu na ret lo 'bulötö ko bgwoŋ a nake ti piöŋ miyöni miyö ti yi yesi ŋo lo pape anyen i lo ret ti muluja kata na 'baŋ na 'baŋ na liŋ	1			Kuku	train	5.406746031746032		False	0.13669064748201443	False	5.997897582080936	0.8989598811292719	False
009983f810033d5152ddab92674ee038	31599	spontaneous-speech-ukv-31599.mp3	18756	3994	Yiʼ ŋona bubulö teŋgu na ret lo ʼbulötö lo yi riyaraʼ dinyo?	yi bubulö tengu ret lo 'bulötö yi kilo kikolin ka'de ka'de geleŋ piyoŋ na mamata kune gbwe a nake tomurek 'döti na dera na ti muköni mukö nake tomusala ti yesi 'döti naŋ pape	1			Kuku	train	7.517594369801663		False	0.15204678362573099	False	4.401423489290375	0.3150074294205052	True
3595372adebe9fa78cb5dbf05ddc6d75	31621	spontaneous-speech-ukv-31621.mp3	17280	3994	Yiʼ ŋona bubulö teŋgu na ret lo ʼbulötö lo yi riyaraʼ dinyo?	ret lo 'bulötö teŋo do lalaju könin ko do a tu yi soron 'döti' nado derja 'bura' ti jone parik 'boŋ ti muköni' 'dok	1			Kuku	train	5.3240740740740735		False	0.044642857142857095	False	4.913547684124957	0.5780089153046062	True
b5f5d64520d7376baeef5ca553c0c675	32168	spontaneous-speech-ukv-32168.mp3	28980	3994	Yiʼ ŋona bubulö teŋgu na ret lo ʼbulötö lo yi riyaraʼ dinyo?	lalayi na konisi ko dó 'yö'yu piritön soronyesi' yala lalayi na kudaraki ko do mindi yesu yala miyö na 'döti' na kaaje 'dok ta 'bulöndi' yesu na ŋakarakinda i teŋgu na 'bulötö	1			Kuku	train	5.003450655624569		True	0.18497109826589597	False			False
bc7de5ba8870d8cc13419daa6f9387f0	32231	spontaneous-speech-ukv-32231.mp3	6516	3994	Yiʼ ŋona bubulö teŋgu na ret lo ʼbulötö lo yi riyaraʼ dinyo?	yi bubulö teŋgu na ret lo 'bulötö lo ko lalaju na könin ko sobun	1			Kuku	train	7.826887661141805		False	0.08196721311475408	False	4.469097648130373	0.3476968796433878	True
403eb42cb6d7bf4e1ab0b5007a937e98	32309	spontaneous-speech-ukv-32309.mp3	20700	3994	Yiʼ ŋona bubulö teŋgu na ret lo ʼbulötö lo yi riyaraʼ dinyo?	ret lo 'bulötöt lo yi tengu ko yi si'da i pirit na geleŋ a yi tengi kulya ti wasaka lakin kobyo wöwöröni ko i lo 'bulötö to a riyara i ŋutu ni abulöndi	1			Kuku	train	5.748792270531401		False	0.1351351351351351	False	4.842094818435284	0.5512630014858841	True
4b430d377aba6a707850db0b3318714e	33269	spontaneous-speech-ukv-33269.mp3	23328	3994	Yiʼ ŋona bubulö teŋgu na ret lo ʼbulötö lo yi riyaraʼ dinyo?	tokelan ko nuk mede ni ko kata do weweja ee tengu ret lo 'bulötö konuk mede ni yala 'dok mindi ti bgebgwoŋ ko dili na waska naŋ do do tindi wasaka i ret lo 'bulötö lo bgwoŋ 'ban	1			Kuku	train	6.001371742112483		False	0.18965517241379315	False	4.656881093857285	0.45170876671619614	True
eaf2feaa162e2c5b79c0a23abcdce106	33424	spontaneous-speech-ukv-33424.mp3	14148	3994	Yiʼ ŋona bubulö teŋgu na ret lo ʼbulötö lo yi riyaraʼ dinyo?	ret lo 'bulötö lo yi bubulö tengu ko yi lalaju konisi temba i diŋitan kune liŋ ko yi möju pioŋ na nake ko yi yesu kinyötöt logon a dera 'bura logon a mukö	1			Kuku	train	8.623126943737631		False	0.13907284768211925	False	4.224961288565213	0.22734026745913818	True
c4b295f61c6417a48253b975d0db3dc3	29642	spontaneous-speech-ukv-29642.mp3	17676	3928	Tokore ʼbulit na Kenda na yi tikinda na keriyat kasu ti mede kulo yi puputuruʼ.	kenda na a 'bulit tikinda keriyat ti ŋutuu kulo pipilata ŋerot 'bo kega parik ko do a kenda a do denundi ŋo na'but a do dendi di keri lo a kiko lo'but logon tikinda do i'durjö kode tikinda ŋutu kulo i 'durjö a puji di keri lo ayiti ŋerot	1			Kuku	train	10.692464358452137		False	0.2564102564102564	False	4.122284139531905	0.17830609212481427	True
d61dfa8687c5e5b0d0a9ab598550b381	30298	spontaneous-speech-ukv-30298.mp3	21240	3928	Tokore ʼbulit na Kenda na yi tikinda na keriyat kasu ti mede kulo yi puputuruʼ.	keri lo a ŋun lo bgeja a ŋun lo tinda ŋutu kulo bgoŋ ko nye lakin ŋutulu kulo a ko jonda kule ŋo lorok logon 'ba a lo'but i keri ni 'boŋ kenda na ŋarakinda yi i titmba na kilo ŋo lorok kulo a ŋutu siyara koke anyen ŋutu konda ŋo na'but na tinda keri lo puputuru ŋerot 'bura ko 'dok a lokie	1			Kuku	train	10.687382297551787		False	0.2727272727272727	False	4.971349651150201	0.6010401188707281	False
bc7de5ba8870d8cc13419daa6f9387f0	31515	spontaneous-speech-ukv-31515.mp3	22068	3928	Tokore ʼbulit na Kenda na yi tikinda na keriyat kasu ti mede kulo yi puputuruʼ.	tokoret bulet na kenda na i tikinda na kita a ŋaŋ loki na bge'geŋ a pupure iya ŋutu deden ko loŋ ti nye konekon ko kita nena a nyo do deden di nan konda na sikili na kita	1			Kuku	train	6.026826173645096		False	0.17964071856287422	False	7.081087055623215	0.9843982169390788	False
ddae0f97a9679a1d5120cea6086416fd	31530	spontaneous-speech-ukv-31530.mp3	23940	3928	Tokore ʼbulit na Kenda na yi tikinda na keriyat kasu ti mede kulo yi puputuruʼ.	kenda na ŋarakinda yi aa  tiju na keriyat kaŋ kulo anyen tu ŋerot yi a boŋö kulya ko baba koju konda se tinda yi i gboŋ yi pirit na geleŋ kega parik yi gbiyö na ŋwajik	1			Kuku	train	5.472013366750208		False	0.1097560975609756	False	4.237586185617601	0.23551263001485884	True
3595372adebe9fa78cb5dbf05ddc6d75	31907	spontaneous-speech-ukv-31907.mp3	34020	3928	Tokore ʼbulit na Kenda na yi tikinda na keriyat kasu ti mede kulo yi puputuruʼ.	kenda na ŋarakinada keri liyaŋ lo adi kulye saresi ti 'berön köju loŋ a ŋarakinda ŋutuu kulo a ŋutu 'dumadi yu a ŋutu tidini' saresi lo ludukök lo jonda 'duret yi yilo keri	1			Kuku	train	4.11522633744856		True	0.1775147928994083	False			False
009983f810033d5152ddab92674ee038	32047	spontaneous-speech-ukv-32047.mp3	19836	3928	Tokore ʼbulit na Kenda na yi tikinda na keriyat kasu ti mede kulo yi puputuruʼ.	'bulit na sukulu na a tikinda ŋutuu i wurjö na kulya ti keriyat ti ŋutulu ka'de ka'de' anyen kilo keriyat banden ko kekena ko ŋojik lo 'di'dik logon kulo nyu 'du'durundö bot ni kulo	1			Kuku	train	7.461181689856825		False	0.1404494382022472	False	3.9522798463303865	0.1062407132243685	True
403eb42cb6d7bf4e1ab0b5007a937e98	32113	spontaneous-speech-ukv-32113.mp3	27936	3928	Tokore ʼbulit na Kenda na yi tikinda na keriyat kasu ti mede kulo yi puputuruʼ.	sukulu na tiyana ŋaŋarakinda yi parik i kulye ŋo ti 'berön bgenge lotiyö nyenyei na 'detilön jajamaju i ŋutu kata abulöndi ŋutu 'bakan na kuket ama tiyana yi bgoŋ kata ko kuket ko sukulu na kilo kule lo ti lotiyöt ŋo kulo yi 'duŋörö koke ko ŋutu lo wora kule lo jajamaju kule ŋo loŋ a ŋarakinda kulo	1			Kuku	train	8.662657502863688		False	0.2635135135135135	False	4.995985949186658	0.612184249628529	False
21ddeb69bfd3e57ad4af5253b149dd0f	32301	spontaneous-speech-ukv-32301.mp3	14040	3928	Tokore ʼbulit na Kenda na yi tikinda na keriyat kasu ti mede kulo yi puputuruʼ.	sal 'busan na kenda na tikinda ŋutu' a to'duddö keriyat ti ŋutu' ti kuku kulo do pujö di a yi' 'dok molu ko todindi nyo ŋojik kaŋ kulo	1			Kuku	train	7.62108262108262		False	0.06870229007633588	False	4.306940150334673	0.2689450222882615	True
4b430d377aba6a707850db0b3318714e	32845	spontaneous-speech-ukv-32845.mp3	11448	3928	Tokore ʼbulit na Kenda na yi tikinda na keriyat kasu ti mede kulo yi puputuruʼ.	keri liyaŋ lo puputuru' ŋerot miindi ti yi' takitakin ŋojik kaŋ kulo kulya ti 'beron kune a koko dene den	1			Kuku	train	7.512229210342418		False	0.039215686274509776	False	4.588128863699059	0.41233283803863297	True
eaf2feaa162e2c5b79c0a23abcdce106	33263	spontaneous-speech-ukv-33263.mp3	12348	3928	Tokore ʼbulit na Kenda na yi tikinda na keriyat kasu ti mede kulo yi puputuruʼ.	'bulit na kenda tikinda yi yi titimba na keriyat kaŋ kulo 'bura' ko yi ririkindö na keriyat kaŋ	1			Kuku	train	6.316812439261419		False	0.21739130434782605	False	4.351387305324389	0.2919762258543834	True
e9dcd66d26b3932c353f71bcc8b69d92	33506	spontaneous-speech-ukv-33506.mp3	7956	3928	Tokore ʼbulit na Kenda na yi tikinda na keriyat kasu ti mede kulo yi puputuruʼ.	'bulit na kenda na a ŋarakinda ŋojik kayaŋ kulo anyen ti böŋö keriyat kayaŋ kulo	1			Kuku	train	8.295625942684765		False	0.1298701298701299	False	3.837224158144805	0.07578008915304606	True
03e89de29fa51f461c7ffb62db7c8e0d	33535	spontaneous-speech-ukv-33535.mp3	5976	3928	Tokore ʼbulit na Kenda na yi tikinda na keriyat kasu ti mede kulo yi puputuruʼ.	'bulit na kenda na tikinda keri lo a 'dudö a yeŋe puputuru' 	1			Kuku	train	8.032128514056225		True	0.052631578947368474	False			False
a9f74c616d972aac0bc6d66da0be03d8	33618	spontaneous-speech-ukv-33618.mp3	5976	3928	Tokore ʼbulit na Kenda na yi tikinda na keriyat kasu ti mede kulo yi puputuruʼ.	kenda na tikinda ŋutu  pujö na koŋön	1			Kuku	train	4.852744310575636		True	0.06060606060606055	False			False
8f02d83adfcef5096940ee32cf3acb24	34245	spontaneous-speech-ukv-34245.mp3	16200	3928	Tokore ʼbulit na Kenda na yi tikinda na keriyat kasu ti mede kulo yi puputuruʼ.	'bulit na kenda na a tikinda yi' yi tomorunda na 'bärik i pirit na geleng a yi medi' naŋ di keriyat kaŋ kulo ti puputuru' ŋerot yi loŋ giti a kenda kulo 	1			Kuku	train	7.530864197530865		False	0.13245033112582782	False	4.271355062960854	0.25037147102526003	True
c4b295f61c6417a48253b975d0db3dc3	29591	spontaneous-speech-ukv-29591.mp3	17388	3962	Torigbokesiʼ  kune a nyo na kpeja di deyiye a mogga ŋojik kulo?	ŋojik na moka deyiye kune mugunya kune rerewun ko kapisa na kune na 'di'dik ko a mugunya kune ponda di pulöt pulöti yi na kpeja di lepeŋ kode ŋiro lo bgoŋ ko deyiye	1			Kuku	train	7.591442374051069		False	0.21118012422360244	False	5.308064322572442	0.7273402674591382	False
d61dfa8687c5e5b0d0a9ab598550b381	30405	spontaneous-speech-ukv-30405.mp3	15408	3962	Torigbokesiʼ  kune a nyo na kpeja di deyiye a mogga ŋojik kulo?	toribgokesi kune na kpeja di e deyiye a moga ŋojik kuwe kune a juwe kode yola' ko sa'yu na mugun	1			Kuku	train	4.997403946002077		False	0.07526881720430112	False	5.105002137332268	0.6552748885586924	False
009983f810033d5152ddab92674ee038	31427	spontaneous-speech-ukv-31427.mp3	15228	3962	Torigbokesiʼ  kune a nyo na kpeja di deyiye a mogga ŋojik kulo?	to'diri na denani di ŋiro na moka deyiye na ŋiro lo kuwen kulo loja lotor kume lo wowon yala mugun na sasa'yu mugun na yayawun kamulak 'ban ti yesu	1			Kuku	train	7.814552140793276		False	0.11111111111111116	False	5.887820403719473	0.8759286775631501	False
ddae0f97a9679a1d5120cea6086416fd	31471	spontaneous-speech-ukv-31471.mp3	22176	3962	Torigbokesiʼ  kune a nyo na kpeja di deyiye a mogga ŋojik kulo?	Torigbo' ns di ko ŋiro aje yuŋe ti joŋni yi kadi na wini anyen susuwe ko winikö lo rereŋgu  tuwana jore yi mugun kega parik deyiye	1			Kuku	train	4.68975468975469		False	0.03149606299212604	False	6.081853634619287	0.9078751857355126	False
3595372adebe9fa78cb5dbf05ddc6d75	31806	spontaneous-speech-ukv-31806.mp3	20340	3962	Torigbokesiʼ  kune a nyo na kpeja di deyiye a mogga ŋojik kulo?	deyiye kune ko a moga ŋojik ŋojik yayawun mugun kume lo jojon bge juwe kuwen kulo 'dok won ŋolitan	1			Kuku	train	3.9331366764995086		False	0.06315789473684208	False	6.182696305794484	0.924962852897474	False
403eb42cb6d7bf4e1ab0b5007a937e98	32060	spontaneous-speech-ukv-32060.mp3	27756	3962	Torigbokesiʼ  kune a nyo na kpeja di deyiye a mogga ŋojik kulo?	aa deyiye kune ko mogga ŋojik deyiye kune kune kpeja 'börik mugun lo yayawun mugun na sasa'yu kutuk lo 'do'doddu 'dika' yilo a kpeja na deyiye ko ŋutu' yi mugun 'boŋ ko kak lo do a tokujö lepeŋ lo abulöndi ko tokuwö abulöndi  a sa'yu na mugun kiyaddi' ki a joondo yöŋit 'dok na'bijo parik	1			Kuku	train	8.394581351779795		False	0.2315789473684211	False	5.158898915608516	0.6723625557206538	False
21ddeb69bfd3e57ad4af5253b149dd0f	32420	spontaneous-speech-ukv-32420.mp3	11340	3962	Torigbokesiʼ  kune a nyo na kpeja di deyiye a mogga ŋojik kulo?	do denda di ŋiro lo ko möka ko deyiye do pujö naŋ di mugun na yayawn nene diŋit mugun na pupuri roro'ya mugun	1			Kuku	train	7.671957671957672		False	0.12264150943396224	False	4.427346163887744	0.32317979197622587	True
03e89de29fa51f461c7ffb62db7c8e0d	32782	spontaneous-speech-ukv-32782.mp3	12888	3962	Torigbokesiʼ  kune a nyo na kpeja di deyiye a mogga ŋojik kulo?	toripesi na kpeja di ŋwaji a möka ko deyiye na a yawun na mugun a ko puri' na mugun na ŋwajik	1			Kuku	train	5.664183736809435		False	0.18888888888888888	False	4.962246093827703	0.5965824665676077	True
eaf2feaa162e2c5b79c0a23abcdce106	33189	spontaneous-speech-ukv-33189.mp3	9900	3962	Torigbokesiʼ  kune a nyo na kpeja di deyiye a mogga ŋojik kulo?	ko deyiye a mogga ŋiro do pujö ŋiro lo mugun lo liŋ yayawun	1			Kuku	train	4.747474747474747		False	0.0714285714285714	False	5.155596526266406	0.6716196136701337	False
a9f74c616d972aac0bc6d66da0be03d8	33245	spontaneous-speech-ukv-33245.mp3	7488	3962	Torigbokesiʼ  kune a nyo na kpeja di deyiye a mogga ŋojik kulo?	a do gboso ŋote do titimba  ko ŋero lo ko ko deyiye kutuk na 'do'dodu na tor	1			Kuku	train	7.879273504273504		False	0.06849315068493156	False	6.86635598852504	0.974739970282318	False
4b430d377aba6a707850db0b3318714e	33349	spontaneous-speech-ukv-33349.mp3	19188	3962	Torigbokesiʼ  kune a nyo na kpeja di deyiye a mogga ŋojik kulo?	i na sayi na mugun yala kuwen kulo loja lotor yala mugun na yayawun i na tukokindo yi di lo ŋiro moka ko i lo ayan	1			Kuku	train	4.6383156139253705		False	0.1351351351351351	False	5.954671926323672	0.887815750371471	False
e9dcd66d26b3932c353f71bcc8b69d92	33421	spontaneous-speech-ukv-33421.mp3	13140	3962	Torigbokesiʼ  kune a nyo na kpeja di deyiye a mogga ŋojik kulo?	kpiyasi' nagoŋ ma do deden di ŋiro lelut a noka ko deyiye kune mugun na pupuri'  mugun na yayawun liŋ	1			Kuku	train	6.164383561643835		False	0.08163265306122447	False	5.103074060032727	0.6537890044576523	False
8f02d83adfcef5096940ee32cf3acb24	34256	spontaneous-speech-ukv-34256.mp3	18216	3962	Torigbokesiʼ  kune a nyo na kpeja di deyiye a mogga ŋojik kulo?	kpiyesi kata na kpeja di ŋutu lo a moka ko deyiye geleŋ nait na kutuk na ŋutu na 'do'dodu a gbe nator murek nayit na a ko kune punu punun	1			Kuku	train	5.928853754940711		False	0.11194029850746268	False	5.075483769424747	0.6411589895988113	False
c4b295f61c6417a48253b975d0db3dc3	29680	spontaneous-speech-ukv-29680.mp3	17028	3937	Do lo de tu konda nyo yi ʼdutet na lakat na?	temba 'dutet na lakat na nan tu kenisa i kwakwaddu kode' ii meda na julin kode' yi  meda na ŋutuu logoŋ ayanika logon miindi ŋariesi'	1			Kuku	train	6.342494714587739		False	0.12307692307692308	False	4.966190371695328	0.5988112927191679	True
d61dfa8687c5e5b0d0a9ab598550b381	30268	spontaneous-speech-ukv-30268.mp3	26748	3937	Do lo de tu konda nyo yi ʼdutet na lakat na?	 i 'dutet na lakat nan konda kitajin jore nan morakinda konda na kitajin ko ŋojik kuwe  i jambu ko ŋojik kuwe i jambu i kekenakinda na lukikirilon kaŋ ti mede a nan 'dok poki i 'yo'yoloju na ŋutu logon 'yo'yolo i 'dutet nayit na a nanbki'duk yiti i kenisa i kwakwadu ko ŋojik kuwe kulo i pirit na geleŋ	1			Kuku	train	9.04740541348886		False	0.30434782608695654	False	4.6830592449294	0.4702823179791976	True
009983f810033d5152ddab92674ee038	31431	spontaneous-speech-ukv-31431.mp3	14760	3937	Do lo de tu konda nyo yi ʼdutet na lakat na?	yi 'dutet na lakat na yi tu kwakwadu yi kenisa anyen yi  ti tojorelo ko mulokotiyo' lo ŋun anyen yi 'debiri 'börik kaaŋ yi midijin ni	1			Kuku	train	7.249322493224932		False	0.10769230769230764	False	5.228390727603692	0.7035661218424963	False
3595372adebe9fa78cb5dbf05ddc6d75	31500	spontaneous-speech-ukv-31500.mp3	10800	3937	Do lo de tu konda nyo yi ʼdutet na lakat na?	i 'dutet na lakat ko nan a po i kwakwadu a nan poki jugö na bongolan kuwe	1			Kuku	train	5.277777777777778		False	0.042857142857142816	False	5.936483294877362	0.8841010401188707	False
21ddeb69bfd3e57ad4af5253b149dd0f	31600	spontaneous-speech-ukv-31600.mp3	21960	3937	Do lo de tu konda nyo yi ʼdutet na lakat na?	ŋo nagoŋ na kokon i mukök na lakat na yani a tu kenisa a ko tu yi 'yö'yu na julin kuwe' logoŋgiti anyen ŋaraju kune' ŋo' nagoŋ na'but parik 	1			Kuku	train	5.054644808743169		False	0.08029197080291972	False	4.6517996263874	0.44947994056463597	True
bc7de5ba8870d8cc13419daa6f9387f0	31850	spontaneous-speech-ukv-31850.mp3	21528	3937	Do lo de tu konda nyo yi ʼdutet na lakat na?	aa nan na de tu kuwe yobu i melesin a nan 'dok kokondi kune kitajin nagon mindi kona ko nan kune yani kon ke tutungo a nan iti i kenisa kirut	1			Kuku	train	5.156075808249722		False	0.13043478260869568	False	5.86145321626644	0.8736998514115899	False
403eb42cb6d7bf4e1ab0b5007a937e98	32313	spontaneous-speech-ukv-32313.mp3	23688	3937	Do lo de tu konda nyo yi ʼdutet na lakat na?	'dutet na lakat na ko do ke tutungö kwakwadu a do yiti' mede a do kirut iti medi yak bgenge wate kune a do medi kulyaŋani könuk ti mede  kata nyo let loŋ 'ban a do kukunakindi ŋwajik kolu  ŋo lo nye nyei kode do 'dok tu i 'yö'yölödu na ŋune ŋutu nagon a ayan	1			Kuku	train	8.527524484971295		False	0.11764705882352944	False	5.897443418901914	0.8766716196136701	False
e9dcd66d26b3932c353f71bcc8b69d92	32868	spontaneous-speech-ukv-32868.mp3	15660	3937	Do lo de tu konda nyo yi ʼdutet na lakat na?	i 'dutet na lakat 'n tu i kenisa a nan ko puo i kenisa a nan puo i joga a nan derakindi 'börik kinyötöt	1			Kuku	train	5.108556832694764		False	0.21999999999999997	False	5.427258690069831	0.7570579494799405	False
4b430d377aba6a707850db0b3318714e	33258	spontaneous-speech-ukv-33258.mp3	20376	3937	Do lo de tu konda nyo yi ʼdutet na lakat na?	a ko 'ngboŋ ko pirit niyo' naŋ nu kare 'nmindi tu i 'boga man wewekindi ŋete kata yu yala nene' na ann tindi bamiya yala nene' na a tindi kudura mulukia kata ni	1			Kuku	train	6.281900274833137		False	0.16560509554140124	False	6.485951399002955	0.9487369985141159	False
eaf2feaa162e2c5b79c0a23abcdce106	33375	spontaneous-speech-ukv-33375.mp3	6876	3937	Do lo de tu konda nyo yi ʼdutet na lakat na?	i 'dutet na lakat lo na de tú i kwakwadu 	1			Kuku	train	4.653868528214078		False	0.02564102564102566	False	6.957052163447905	0.9784546805349182	False
03e89de29fa51f461c7ffb62db7c8e0d	33542	spontaneous-speech-ukv-33542.mp3	4788	3937	Do lo de tu konda nyo yi ʼdutet na lakat na?	i 'dutet na lakat na nan tu i kenisa	1			Kuku	train	5.847953216374269		True	0.06060606060606055	False			False
a9f74c616d972aac0bc6d66da0be03d8	33548	spontaneous-speech-ukv-33548.mp3	4860	3937	Do lo de tu konda nyo yi ʼdutet na lakat na?	dó tú i kwakwadu 	1			Kuku	train	3.08641975308642		True	0.0	False			False
403eb42cb6d7bf4e1ab0b5007a937e98	31542	spontaneous-speech-ukv-31542.mp3	73260	3924	Yi kilo kiŋanjin puök lo ʼduŋödu kilo, ŋona gbiyari lo kenda na ŋwajik lo a ʼdurjö loʼbut dinyo kasu yi gboke dinyo?	sukulu na tiyanana a na 'but yak kulo ke dukä sukuluwat ke dukä jibitaliaki gbokejin loŋ ŋutú ko dó a dukäni kulo ŋutú kulo ke dukäni i na 'busan na kenda na um gboŋ i loŋ jur loŋ  'ba kenanikin dó meda ke dukä kata dó medä towunalin ti  'bolok towunalin kata lo kukunda sobunyan kukundi weletan pirit naŋ dó 'ban espek do 'ban yup di kokonda 'bärik layin tiyanana ke gboŋ ŋo na 'but parik i ŋutú loŋ 'ba dendá ko jur loŋ 'ba dukä koju kadijin ti kudit na gboŋ lakin kenda na ko popó do medi solajin gbe katá kimaŋajin gbe kata piritan loŋ gbak lugu 'barik a juran loŋ pajo ko dó kilo ŋo a yenga nyin lakin kenda na 'but ŋojik kulo ko jondá sukulu naŋ ŋojik kulo kekenda katani dó medá kilo ayanyan lo 'bod lo 'bod kilo tiyana gbe 'bayin gboke ŋutú gbe town 'bok ŋutu kulo ke kaju kaje gboke ni 	1			Kuku	train	8.968058968058967		True	0.40981595092024536	False			False
3595372adebe9fa78cb5dbf05ddc6d75	31609	spontaneous-speech-ukv-31609.mp3	17280	3924	Yi kilo kiŋanjin puök lo ʼduŋödu kilo, ŋona gbiyari lo kenda na ŋwajik lo a ʼdurjö loʼbut dinyo kasu yi gboke dinyo?	yi kiŋajin puwök lo 'duŋöddu ŋojik kulo kaŋ yi gboke ni  kenaddu a yeŋaddu ŋerot kule' a pujö kitajin kule' ŋarakindi' 'baŋin kase to 'dok	1			Kuku	train	6.539351851851851		False	0.09629629629629632	False	4.572833925162768	0.4034175334323923	True
ddae0f97a9679a1d5120cea6086416fd	31799	spontaneous-speech-ukv-31799.mp3	20916	3924	Yi kilo kiŋanjin puök lo ʼduŋödu kilo, ŋona gbiyari lo kenda na ŋwajik lo a ʼdurjö loʼbut dinyo kasu yi gboke dinyo?	kiŋajin puwök logon  aje 'duŋödu  ŋojik kulo gwe ko geyari logon a lo'but ŋojik deneden konda na ŋo' lo könin logon ko ko aje denun 	1			Kuku	train	5.020080321285141		False	0.13953488372093026	False	5.140191720126856	0.6649331352154532	False
b5f5d64520d7376baeef5ca553c0c675	31956	spontaneous-speech-ukv-31956.mp3	10296	3924	Yi kilo kiŋanjin puök lo ʼduŋödu kilo, ŋona gbiyari lo kenda na ŋwajik lo a ʼdurjö loʼbut dinyo kasu yi gboke dinyo?	sukuluwöt jore aje dukö yi kilo kiŋajin lo duŋödu kilo yala ŋwojik jore a kenda 	1			Kuku	train	6.313131313131313		False	0.09090909090909094	False	5.493685951281701	0.7771173848439822	False
bc7de5ba8870d8cc13419daa6f9387f0	32106	spontaneous-speech-ukv-32106.mp3	14580	3924	Yi kilo kiŋanjin puök lo ʼduŋödu kilo, ŋona gbiyari lo kenda na ŋwajik lo a ʼdurjö loʼbut dinyo kasu yi gboke dinyo?	i kiŋajin puök ti kenda bgeyari lo ŋojik kaŋ kulo gayerju yani ko ko kurundö yala ko denda na ŋo ka'de ka'de	1			Kuku	train	5.967078189300412		False	0.07619047619047614	False	4.591574114426442	0.41679049034175336	True
21ddeb69bfd3e57ad4af5253b149dd0f	32316	spontaneous-speech-ukv-32316.mp3	18036	3924	Yi kilo kiŋanjin puök lo ʼduŋödu kilo, ŋona gbiyari lo kenda na ŋwajik lo a ʼdurjö loʼbut dinyo kasu yi gboke dinyo?	bgeyari lo ŋojik ti kulu kiŋajin puök wot kulu ŋojik kulo bgoŋ ko kuga bgoŋ ko denda na keri lose lo 'berön	1			Kuku	train	4.768241295187402		False	0.16346153846153844	False	4.6740447020715	0.46433878157503716	True
eaf2feaa162e2c5b79c0a23abcdce106	32873	spontaneous-speech-ukv-32873.mp3	20376	3924	Yi kilo kiŋanjin puök lo ʼduŋödu kilo, ŋona gbiyari lo kenda na ŋwajik lo a ʼdurjö loʼbut dinyo kasu yi gboke dinyo?	yi kiŋajin budök lo lwöŋödu kulo yi' a medya di kenda na a ŋarakinda ŋutu kulo yi kikölin  logon gbeti ŋutu Kulo  si'dani ko taliŋ köti do medya di gboke lo aje 'dukö ko kadijin na a jigilan kadijin ti kudit kune gbe  ku'dik	1			Kuku	train	8.73576756968983		False	0.14932126696832582	False	5.166413878565893	0.6797919762258544	False
4b430d377aba6a707850db0b3318714e	33297	spontaneous-speech-ukv-33297.mp3	22896	3924	Yi kilo kiŋanjin puök lo ʼduŋödu kilo, ŋona gbiyari lo kenda na ŋwajik lo a ʼdurjö loʼbut dinyo kasu yi gboke dinyo?	a tiyanana kenda na gboŋ ko tuka'de na'bijo parik jambi' ee sukulu na gabament na gbe'deŋe kata titikinda ŋojik yi kenda kana 'bakan na gurusu naŋ roropa 'boŋ yi na ŋo naŋ 'nta di gayersi kata jore na	1			Kuku	train	7.119147449336128		False	0.13197969543147203	False	4.81847507280285	0.5401188707280832	True
e9dcd66d26b3932c353f71bcc8b69d92	33351	spontaneous-speech-ukv-33351.mp3	9360	3924	Yi kilo kiŋanjin puök lo ʼduŋödu kilo, ŋona gbiyari lo kenda na ŋwajik lo a ʼdurjö loʼbut dinyo kasu yi gboke dinyo?	köju na ŋojik kulu wurja ko kujöŋ ama tiyanana ŋojik kulo wurji ko buk	1			Kuku	train	6.08974358974359		False	0.17910447761194026	False	5.287696694446283	0.7221396731054978	False
a9f74c616d972aac0bc6d66da0be03d8	33449	spontaneous-speech-ukv-33449.mp3	12276	3924	Yi kilo kiŋanjin puök lo ʼduŋödu kilo, ŋona gbiyari lo kenda na ŋwajik lo a ʼdurjö loʼbut dinyo kasu yi gboke dinyo?	tokenda na lupudiyöt na yi gboke ni tikinda koo ponda a katodinök katodinök a ko lo kita yi jibitaliyajin	1			Kuku	train	7.086999022482893		False	0.1470588235294118	False	4.5635639631017755	0.3974739970282318	True
8f02d83adfcef5096940ee32cf3acb24	34249	spontaneous-speech-ukv-34249.mp3	15336	3924	Yi kilo kiŋanjin puök lo ʼduŋödu kilo, ŋona gbiyari lo kenda na ŋwajik lo a ʼdurjö loʼbut dinyo kasu yi gboke dinyo?	Gbiyari lo kenda kaŋ i gboke ni a 'durjö ŋojik kulo suluji' kenda i naserye a kulu puputuru' ŋerot yu	1			Kuku	train	5.346896191966614		False	0.05102040816326525	False	4.549992110917983	0.387072808320951	True
c4b295f61c6417a48253b975d0db3dc3	29502	spontaneous-speech-ukv-29502.mp3	13788	4013	Ŋoʼ wöriyet logoŋ dedena parik kasu yi gbwoke lo a nyo?	woriet logon kaŋ bgwoke ni lo dedena parik lo a woriet lo kega kulya ti miri kode ti ukuma logon dedena parik longu kulye woriesi ka'de ka'de	1			Kuku	train	8.340586016826226		False	0.24637681159420288	False	5.204890419465678	0.6909361069836553	False
d61dfa8687c5e5b0d0a9ab598550b381	30408	spontaneous-speech-ukv-30408.mp3	11376	4013	Ŋoʼ wöriyet logoŋ dedena parik kasu yi gbwoke lo a nyo?	ŋo wöriet logon dedena parik kaŋ bgoke yu lo tiyanana a pikipiki a ko gari	1			Kuku	train	5.274261603375527		False	0.014084507042253502	False	4.901093454500049	0.5713224368499257	True
03e89de29fa51f461c7ffb62db7c8e0d	30470	spontaneous-speech-ukv-30470.mp3	8100	4013	Ŋoʼ wöriyet logoŋ dedena parik kasu yi gbwoke lo a nyo?	ŋo' wöriyet parik lo dedena kaaŋ yi gboke ni ilo a gari	1			Kuku	train	5.432098765432099		False	0.0	False	4.559325293141929	0.39301634472511143	True
ddae0f97a9679a1d5120cea6086416fd	31502	spontaneous-speech-ukv-31502.mp3	21456	4013	Ŋoʼ wöriyet logoŋ dedena parik kasu yi gbwoke lo a nyo?	ŋo logon wöriyet parik lo a tolomeran a ko ret lo silim a ko kansa i lo ko ŋutú a puwö ko nye a ŋutú gbe ko deliyet a ko woriyet a di nan tene kaju 	1			Kuku	train	5.40641312453393		False	0.1476510067114094	False	6.308703629082128	0.9346210995542348	False
3595372adebe9fa78cb5dbf05ddc6d75	31525	spontaneous-speech-ukv-31525.mp3	8820	4013	Ŋoʼ wöriyet logoŋ dedena parik kasu yi gbwoke lo a nyo?	ŋo wöriet lo dedena kaŋ i bgwoke ni lo a arabia lo mökösi nŋwan	1			Kuku	train	5.668934240362812		False	0.033333333333333326	False	5.8169380452484125	0.8610698365527489	False
bc7de5ba8870d8cc13419daa6f9387f0	31842	spontaneous-speech-ukv-31842.mp3	21636	4013	Ŋoʼ wöriyet logoŋ dedena parik kasu yi gbwoke lo a nyo?	ŋo wöriyet logon dedena parik kaŋ gbokiyöt ni lo a a pipiki lo pipiki lo nye loŋ dedena parik ko  ŋutuu asan lepeŋ lo 'dok wökön di wulek nyenagon do 'dok yeŋadu di wulek 'boŋ 'dok 'dur 'beron i pirit na do tu kata yu na 	1			Kuku	train	8.042151968940654		False	0.19266055045871555	False	5.041820357187097	0.6285289747399703	False
009983f810033d5152ddab92674ee038	31901	spontaneous-speech-ukv-31901.mp3	10296	4013	Ŋoʼ wöriyet logoŋ dedena parik kasu yi gbwoke lo a nyo?	ŋo' wöriyet lo dedena parik kaaŋ yi gboke yu ko ŋojik lo'di'dik lo a gari	1			Kuku	train	5.73038073038073		False	0.042857142857142816	False	4.004331013969108	0.11812778603268945	True
403eb42cb6d7bf4e1ab0b5007a937e98	32075	spontaneous-speech-ukv-32075.mp3	31320	4013	Ŋoʼ wöriyet logoŋ dedena parik kasu yi gbwoke lo a nyo?	aa di ŋo' wörö naŋ najo na tinda ŋutu' mokot logoŋgiti totonyonga  di wulek lo a gari ko yilo ŋo lo luŋu adi pikipiki lo a ko gurut kata a ko yilo ŋo lo luŋuni a arabia lo nye loŋ totonyoŋga di wulek lakin ko gurut 'ban a mokosi' a ko gari kogboŋ nagon kak na ŋaju na ko sukulu kilo ŋo' kilo gbak yiti' yi 'duddö arabiya ko yilp pikipiki nye lo wörönikin	1			Kuku	train	8.939974457215836		True	0.2649572649572649	False			False
21ddeb69bfd3e57ad4af5253b149dd0f	32444	spontaneous-speech-ukv-32444.mp3	14256	4013	Ŋoʼ wöriyet logoŋ dedena parik kasu yi gbwoke lo a nyo?	ŋo logon dedena parik kaŋ i bgoke yu wöriet lo a gari a ko piki piki  ilo ŋo logongiti kaŋ yi bgoke yu dedena lo	1			Kuku	train	6.102693602693603		False	0.21100917431192656	False	4.611365931727764	0.42570579494799404	True
eaf2feaa162e2c5b79c0a23abcdce106	32642	spontaneous-speech-ukv-32642.mp3	7020	4013	Ŋoʼ wöriyet logoŋ dedena parik kasu yi gbwoke lo a nyo?	ŋo wöriet parik kaŋ i bgwoke ni lo a pikipiki	1			Kuku	train	5.128205128205128		False	0.023809523809523836	False	4.209347105333171	0.22213967310549776	True
a9f74c616d972aac0bc6d66da0be03d8	33311	spontaneous-speech-ukv-33311.mp3	4068	4013	Ŋoʼ wöriyet logoŋ dedena parik kasu yi gbwoke lo a nyo?	pikipikiyö ako gatiyat	1			Kuku	train	4.916420845624385		True	0.052631578947368474	False			False
e9dcd66d26b3932c353f71bcc8b69d92	33591	spontaneous-speech-ukv-33591.mp3	10296	4013	Ŋoʼ wöriyet logoŋ dedena parik kasu yi gbwoke lo a nyo?	ŋo wöriet kaŋ i bgwöke lo togeleŋ a kipi kipik a ko arabia	1			Kuku	train	4.467754467754468		False	0.054545454545454564	False	5.973528134859141	0.8922734026745914	False
8f02d83adfcef5096940ee32cf3acb24	34257	spontaneous-speech-ukv-34257.mp3	13356	4013	Ŋoʼ wöriyet logoŋ dedena parik kasu yi gbwoke lo a nyo?	ŋo' wöriyet logon yi' a den parik kaaŋ yi gboke ni lo a pikipiki nye logoŋ ŋutuu kulo wörö ko nye parik	1			Kuku	train	6.139562743336328		False	0.08999999999999997	False	4.153000344693393	0.1901931649331352	True
c4b295f61c6417a48253b975d0db3dc3	29424	spontaneous-speech-ukv-29424.mp3	22176	3941	Kulon rinö logoŋ do nyanyar yiyiŋga parik?	ritönlogon nan nyanyar yiŋga parik kulo a ritön ti kanisa jakinda na aa nyarju kode' jakinda yeyeet na ŋun ama di ŋun kata ko ŋun ŋaŋarakin nan diŋitan kune liŋ a nan piji' kode a nan puji toyiŋet na'but	1			Kuku	train	7.44047619047619		False	0.15500000000000003	False	4.815576678854593	0.537147102526003	True
03e89de29fa51f461c7ffb62db7c8e0d	30023	spontaneous-speech-ukv-30023.mp3	7416	3941	Kulon rinö logoŋ do nyanyar yiyiŋga parik?	rinö logoŋ nan nyanyar yiyiŋga parik kulo kegga parik a rinö ti kanisa	1			Kuku	train	7.820927723840345		False	0.11940298507462688	False	4.080617803907767	0.1575037147102526	True
d61dfa8687c5e5b0d0a9ab598550b381	30245	spontaneous-speech-ukv-30245.mp3	15660	3941	Kulon rinö logoŋ do nyanyar yiyiŋga parik?	rino logon nan nyanyar yiyinga parik kulo a rino logon pupurani ŋun a ko kulye rino kata 'ban ti kenisa lakin a logon totodindö logon todindö ŋutulu kulyaŋan na'but	1			Kuku	train	8.684546615581098		False	0.19875776397515532	False	4.41317743234057	0.3187221396731055	True
3595372adebe9fa78cb5dbf05ddc6d75	31639	spontaneous-speech-ukv-31639.mp3	10008	3941	Kulon rinö logoŋ do nyanyar yiyiŋga parik?	rinö logoŋ nan nyanyar yiyiŋga parik kulo a lo pupurani ŋun	1			Kuku	train	4.896083133493205		False	0.0	False	3.8872306661585814	0.08692421991084695	True
bc7de5ba8870d8cc13419daa6f9387f0	31782	spontaneous-speech-ukv-31782.mp3	21528	3941	Kulon rinö logoŋ do nyanyar yiyiŋga parik?	a rinö logon nan nyanyar yinga parik kulo a rinö logon ti kenisa lo pupurani mata likaŋ yesu kristo do met kulo rinö ko do yinga ti na sala ko nene diŋit ko yeiyesi konu kata a do nu 'dok totoyinga di boŋ teri let kere lo teili lo 'dumaji ko mata yesu kristo a do toyingi na'but	1			Kuku	train	10.265700483091788		False	0.20363636363636362	False	5.510768594148134	0.7800891530460624	False
ddae0f97a9679a1d5120cea6086416fd	31805	spontaneous-speech-ukv-31805.mp3	15228	3941	Kulon rinö logoŋ do nyanyar yiyiŋga parik?	nan nyanyar yiyiŋga na rinö kaaŋ ti kanisa nan nyanyar yiyiŋga na rinö logoŋ ŋojik kaaŋ lo woggu logoŋ todindö yi' a lo'but	1			Kuku	train	6.632519043866561		False	0.275	False	4.794622493078172	0.5289747399702823	True
009983f810033d5152ddab92674ee038	31931	spontaneous-speech-ukv-31931.mp3	12600	3941	Kulon rinö logoŋ do nyanyar yiyiŋga parik?	rino loŋ 'n nyanyar parik kulo a rino kaŋ ti koji lo yolo ko kutuk niyaŋ na kuku lo	1			Kuku	train	5.158730158730159		False	0.025000000000000022	False	5.017538578487151	0.6188707280832095	False
403eb42cb6d7bf4e1ab0b5007a937e98	32148	spontaneous-speech-ukv-32148.mp3	28620	3941	Kulon rinö logoŋ do nyanyar yiyiŋga parik?	rinö ti kenisa kulo ŋaŋarakinda ŋutu' parik ko do gboŋ ko yöŋesi ko do nu gboŋ ko lele' yöŋit let lo yeyesi' koo kulo ko do yolo se ŋaŋarakinda do lakin kilo loŋ kulu mindi gbowanikin ko yawa i kuwen kulo a ŋarakinda  so i na ŋo' na um meda di rinö ti kenisa kulo lo'but ŋarakinda nan na kuwe' mugun ni na parik ko nye lu i diŋit na gusu i diŋit na ŋoga 	1			Kuku	train	9.713487071977635		False	0.2962962962962963	False	4.558491905842109	0.3922734026745914	True
b5f5d64520d7376baeef5ca553c0c675	32261	spontaneous-speech-ukv-32261.mp3	11700	3941	Kulon rinö logoŋ do nyanyar yiyiŋga parik?	nan nyanyar yiyiŋga rinö ti kanisa parikn  na a madi' kule' logoŋ kade' kulo 'dok nan yiyiŋi	1			Kuku	train	6.41025641025641		False	0.0674157303370787	False	5.779397705785113	0.8536404160475483	False
21ddeb69bfd3e57ad4af5253b149dd0f	32414	spontaneous-speech-ukv-32414.mp3	7056	3941	Kulon rinö logoŋ do nyanyar yiyiŋga parik?	rinö logoŋ 'nnyanyar parik kulo a rinö ti kenisa logoŋ na yiyiŋ i diŋitan liŋ 	1			Kuku	train	8.928571428571429		False	0.07999999999999996	False	3.981003080640599	0.11218424962852898	True
e9dcd66d26b3932c353f71bcc8b69d92	33557	spontaneous-speech-ukv-33557.mp3	7776	3941	Kulon rinö logoŋ do nyanyar yiyiŋga parik?	nan yeye nan nyanyar yiyinga na rino ti kenisa parik	1			Kuku	train	5.529835390946502		False	0.020408163265306145	False	4.4005065210240195	0.31426448736998513	True
a9f74c616d972aac0bc6d66da0be03d8	33569	spontaneous-speech-ukv-33569.mp3	6408	3941	Kulon rinö logoŋ do nyanyar yiyiŋga parik?	rinö ti kaje a ko ti kenisa	1			Kuku	train	3.2771535580524342		True	0.08333333333333337	False			False
4b430d377aba6a707850db0b3318714e	33624	spontaneous-speech-ukv-33624.mp3	13608	3941	Kulon rinö logoŋ do nyanyar yiyiŋga parik?	rino  logon  nan nyanyar yiyiŋga parik kulo a rino ti kenisa kogon tinda nan kukuyisi  jore parik yi kulyac ti ru na ŋerot nu	1			Kuku	train	7.275132275132274		False	0.09836065573770492	False	4.574562640450507	0.4049034175334324	True
8f02d83adfcef5096940ee32cf3acb24	34263	spontaneous-speech-ukv-34263.mp3	10656	3941	Kulon rinö logoŋ do nyanyar yiyiŋga parik?	nan nyanyar yiyiga na rinä logoŋ giti pupurani matat kulo	1			Kuku	train	4.598348348348348		False	0.0	False	5.601087066054225	0.8098068350668648	False
c4b295f61c6417a48253b975d0db3dc3	29687	spontaneous-speech-ukv-29687.mp3	19836	4012	Ta ŋona tiju kinyo kasu mede ni anyen gbon ti ʼburon dinyo?	kinyo kulo titiyu kode' tiki' yi koloŋ ko kilo loŋ kuwen kilo tiki koloŋ anyen gboŋ a 'burön kode anye gboŋ logo anyen gboŋ a gbogboka	1			Kuku	train	5.495059487799959		False	0.2595419847328244	False	4.817904719668316	0.5386329866270431	True
3595372adebe9fa78cb5dbf05ddc6d75	31425	spontaneous-speech-ukv-31425.mp3	11628	4012	Ta ŋona tiju kinyo kasu mede ni anyen gbon ti ʼburon dinyo?	Kinyö kulo manyen bgoŋ a 'burön yi loloja i kolöŋ a yi 'delakindi i gugu 	1			Kuku	train	4.987960096319229		False	0.02857142857142858	False	5.863077448399847	0.87444279346211	False
ddae0f97a9679a1d5120cea6086416fd	31570	spontaneous-speech-ukv-31570.mp3	16776	4012	Ta ŋona tiju kinyo kasu mede ni anyen gbon ti ʼburon dinyo?	i tiju kiyo kaŋ kulo yi pirit nagon a natiyon 'ben 'bo'bolo ko piyoŋ ko'buŋat 'dok ti gbegboŋ  kata anyen gboŋ a 'burön 	1			Kuku	train	5.722460658082976		False	0.02564102564102566	False	5.184585612053565	0.6857355126300149	False
bc7de5ba8870d8cc13419daa6f9387f0	31810	spontaneous-speech-ukv-31810.mp3	22716	4012	Ta ŋona tiju kinyo kasu mede ni anyen gbon ti ʼburon dinyo?	aa tiju na 'deti manyen a kokoroju na ko diŋitan kune ko ŋutu 'du mimi 'deti na yala kule 'detilon kata bgengeti tian taji di  somot ko lokore ne diŋit sa ŋutu tikinda i koloŋ a kolon 'dok a kokonda koko	1			Kuku	train	7.131537242472266		False	0.17500000000000004	False	5.2917201102780504	0.7228826151560178	False
009983f810033d5152ddab92674ee038	32117	spontaneous-speech-ukv-32117.mp3	12780	4012	Ta ŋona tiju kinyo kasu mede ni anyen gbon ti ʼburon dinyo?	kinyo lo tiyu joŋa kadi a tiini' yi pirit natiyön naŋ ti 'bolo ko piyoŋ	1			Kuku	train	4.460093896713615		False	0.0	False	5.900406271065831	0.8774145616641902	False
b5f5d64520d7376baeef5ca553c0c675	32291	spontaneous-speech-ukv-32291.mp3	18360	4012	Ta ŋona tiju kinyo kasu mede ni anyen gbon ti ʼburon dinyo?	kinyo kulo luluwa yi koloŋ nye naŋ a 'burön yala kinyo ge lokore ko juwe a i luluwa yi ŋotat yi kimaŋ nye naŋ a 'burön	1			Kuku	train	5.065359477124183		False	0.24347826086956526	False	6.87890996818257	0.9769687964338781	False
21ddeb69bfd3e57ad4af5253b149dd0f	32407	spontaneous-speech-ukv-32407.mp3	13680	4012	Ta ŋona tiju kinyo kasu mede ni anyen gbon ti ʼburon dinyo?	Do tiju kinyotota gboŋ a 'burö na 'döti na miindi ti do dereder ti muköni mukö nyena gbon giti  manyen gboŋ a 'birön	1			Kuku	train	6.798245614035088		False	0.1327433628318584	False	4.975102325545484	0.6040118870728083	False
03e89de29fa51f461c7ffb62db7c8e0d	33023	spontaneous-speech-ukv-33023.mp3	14400	4012	Ta ŋona tiju kinyo kasu mede ni anyen gbon ti ʼburon dinyo?	yi tengu kinyo lo kaŋ gboke ni anyen kinyo lo a gboŋ a 'burän ko yega i koloŋ  kode ko naŋ a jo na tiŋa miyä a ma nyen gboŋ a'burän 	1			Kuku	train	7.152777777777778		False	0.16666666666666663	False	5.546322642369126	0.7912332838038633	False
eaf2feaa162e2c5b79c0a23abcdce106	33315	spontaneous-speech-ukv-33315.mp3	9360	4012	Ta ŋona tiju kinyo kasu mede ni anyen gbon ti ʼburon dinyo?	kinyölö 'de'dela 'bura lode 'dela i gugu kode kadi kode i fridge anyen gwon a kokorju	1			Kuku	train	7.478632478632479		False	0.09756097560975607	False	5.6577751079179	0.825408618127786	False
e9dcd66d26b3932c353f71bcc8b69d92	33361	spontaneous-speech-ukv-33361.mp3	8676	4012	Ta ŋona tiju kinyo kasu mede ni anyen gbon ti ʼburon dinyo?	kinyo kulo anyen'gboŋ a 'burön do yegga koko yi koloŋ yi diŋitan kune liŋ	1			Kuku	train	6.915629322268327		False	0.014285714285714235	False	4.454447992980014	0.34026745913818723	True
a9f74c616d972aac0bc6d66da0be03d8	33413	spontaneous-speech-ukv-33413.mp3	8676	4012	Ta ŋona tiju kinyo kasu mede ni anyen gbon ti ʼburon dinyo?	kinyö kulo do tikinda i luwa ko perok musala a do i gugu i 'de'ya	1			Kuku	train	5.878284923928077		False	0.016129032258064502	False	5.370158999535066	0.7436849925705795	False
4b430d377aba6a707850db0b3318714e	33496	spontaneous-speech-ukv-33496.mp3	17388	4012	Ta ŋona tiju kinyo kasu mede ni anyen gbon ti ʼburon dinyo?	e kinyö lo ma bgoŋ a 'burön mindi do lala kojoron na nake yala ti do mine mi yala a do 'dok muke muk 'deti na nye naŋ 'deti na a 'burön	1			Kuku	train	5.981136415919024		False	0.18939393939393945	False	5.9664090039502975	0.8900445765230312	False
8f02d83adfcef5096940ee32cf3acb24	34302	spontaneous-speech-ukv-34302.mp3	18648	4012	Ta ŋona tiju kinyo kasu mede ni anyen gbon ti ʼburon dinyo?	kinyo kaŋ kulo ködö luluwa kokee luwa a yi tikindi yi gugu ko yi' 'bakan na gugu a yi' turuji   ko kulo yi kisi kata se logon yi' bubulo 'de 'ya 'bura anyen ti burön	1			Kuku	train	6.917631917631918		False	0.11728395061728392	False	6.207091848736724	0.9271916790490342	False
d61dfa8687c5e5b0d0a9ab598550b381	28666	spontaneous-speech-ukv-28666.mp3	9900	3960	Nan de ŋona dend dinyo ko ŋiro liyoʼ lo ʼbakan naʼ kinyo yi mugun?	denda nio di ŋiro lio lo 'bakan na kinyö i mugun na ko lepeŋ sosokan	1			Kuku	train	5.454545454545454		False	0.0461538461538461	False	4.216114537593593	0.2236255572065379	True
c4b295f61c6417a48253b975d0db3dc3	29541	spontaneous-speech-ukv-29541.mp3	13428	3960	Nan de ŋona dend dinyo ko ŋiro liyoʼ lo ʼbakan naʼ kinyo yi mugun?	ko ŋero lio lo diŋitan kune liŋ si'da di nong kana kune yeyiyesi na'but 'bayin a nan de dendi i lo ŋero 'bakan na nene ŋo na'but i mugun	1			Kuku	train	8.04289544235925		False	0.10526315789473684	False	4.621654135782586	0.43313521545319467	True
ddae0f97a9679a1d5120cea6086416fd	31548	spontaneous-speech-ukv-31548.mp3	21708	3960	Nan de ŋona dend dinyo ko ŋiro liyoʼ lo ʼbakan naʼ kinyo yi mugun?	ŋiro ko 'bakan na kinyo i mugun riŋit na lepeŋ bgoŋ 'bayin 'boŋ i na yingo denda di riŋit na lepeŋ 'bayin wo ŋiro bgibgiyen diŋitan kune liŋ i na tikinda nan i denda naŋ di ŋiro lo a ko nyesu 'bakan na kinyötöt	1			Kuku	train	7.69301639948406		False	0.2560386473429952	False	4.555876784460888	0.3900445765230312	True
3595372adebe9fa78cb5dbf05ddc6d75	31809	spontaneous-speech-ukv-31809.mp3	16308	3960	Nan de ŋona dend dinyo ko ŋiro liyoʼ lo ʼbakan naʼ kinyo yi mugun?	ko ŋiro 'bakan na kinyo yi mugun togeleŋ lopeŋ gbigbiyen kogboŋ magor	1			Kuku	train	3.5565366691194504		False	0.0	False	5.432747115306012	0.7615156017830609	False
403eb42cb6d7bf4e1ab0b5007a937e98	32031	spontaneous-speech-ukv-32031.mp3	28008	3960	Nan de ŋona dend dinyo ko ŋiro liyoʼ lo ʼbakan naʼ kinyo yi mugun?	ŋojik kulo  ko gboŋ mede ŋona pujö yi lo ŋo lo ŋarakini 'börik lo a di nyo ma mugun na gbon a  na 'but do na gboŋge ŋote ŋiro  do na meeda ŋojik kulök kulo ko gboŋ di nyo a do  yi kulya ti ŋojik yi nyei  ko de ŋo loŋ  ko jibitali kode ko  a nyo  na 'boŋ ŋutu'	1			Kuku	train	6.8551842330762645		False	0.25	False	4.76088194779561	0.5104011887072808	True
009983f810033d5152ddab92674ee038	32084	spontaneous-speech-ukv-32084.mp3	18036	3960	Nan de ŋona dend dinyo ko ŋiro liyoʼ lo ʼbakan naʼ kinyo yi mugun?	ŋiro lo bgwoŋ ko kuwen kulo a lokpe könisi kulo 'dok bgwoŋ lokpela a mugun lalaji na kpe a riririŋoro' a lepeŋ bge 'bakan na guwa kode na woworokta	1			Kuku	train	6.59791528055001		False	0.10416666666666663	False	5.591884754598909	0.8075780089153046	False
a9f74c616d972aac0bc6d66da0be03d8	32699	spontaneous-speech-ukv-32699.mp3	9288	3960	Nan de ŋona dend dinyo ko ŋiro liyoʼ lo ʼbakan naʼ kinyo yi mugun?	do gboso ŋote na ŋiro ko ŋiro gbine gbiyen a do dendi' di lepeŋ 'bakan na kinyotot yi mugun	1			Kuku	train	7.859603789836347		False	0.06818181818181823	False	5.25059229483244	0.711738484398217	False
4b430d377aba6a707850db0b3318714e	33139	spontaneous-speech-ukv-33139.mp3	22068	3960	Nan de ŋona dend dinyo ko ŋiro liyoʼ lo ʼbakan naʼ kinyo yi mugun?	'ngbulu'ya ko ŋiro niyo' kode' ko ŋiro liyo' 'bakan na kinyotot lo'but kayit yi mugun ni 'ngbulu'ya ko 'böriköt na lepeŋ na ruruŋga yina tuggö naŋ di yilo ŋiro kode' yina ŋiro 'bakan na kinyotot lo'but kayit yi mugun	1			Kuku	train	8.065977886532535		False	0.352112676056338	False	4.911237819134208	0.5765230312035661	True
e9dcd66d26b3932c353f71bcc8b69d92	33154	spontaneous-speech-ukv-33154.mp3	12168	3960	Nan de ŋona dend dinyo ko ŋiro liyoʼ lo ʼbakan naʼ kinyo yi mugun?	ŋiro ko 'bakan na kinyö i mugun do meda naŋ di mugun na bgoŋ na sok	1			Kuku	train	4.273504273504273		False	0.125	False	4.835751829624656	0.5482912332838039	True
eaf2feaa162e2c5b79c0a23abcdce106	33163	spontaneous-speech-ukv-33163.mp3	10188	3960	Nan de ŋona dend dinyo ko ŋiro liyoʼ lo ʼbakan naʼ kinyo yi mugun?	ko ŋiro lo 'bakan na kinyö i mugun ŋiro lo bgoŋ a losok mugun lo do pujö di 'boriköt na ririŋi	1			Kuku	train	7.263447192775814		False	0.13186813186813184	False	4.8960435917354905	0.5705794947994056	True
8f02d83adfcef5096940ee32cf3acb24	34320	spontaneous-speech-ukv-34320.mp3	13428	3960	Nan de ŋona dend dinyo ko ŋiro liyoʼ lo ʼbakan naʼ kinyo yi mugun?	ŋo lo tikinda nan yi denda naŋ di ŋiro liyo lo 'bakan na kinyo yi mugun lo ŋiro lo gboŋ 'bakan na riŋit ŋiro lo dödöŋtu yi wörö ni	1			Kuku	train	7.596067917783735		False	0.22047244094488194	False	4.099696184524376	0.1649331352154532	True
d61dfa8687c5e5b0d0a9ab598550b381	30438	spontaneous-speech-ukv-30438.mp3	20520	3976	Kulon kikolin logoŋ jur lo a tokita yi medda di midijin kune pupu kenda naʼbut na?	jur lo a tikinda midijik kune i pujö na kenda na'but na i juwe na sukuluöt kune nyo ko ŋutulu ko yi tiki na katodinok lo'but i todindö a ko köti i jujuwa na ŋojik loŋ totodino kulo	1			Kuku	train	6.968810916179337		False	0.14124293785310738	False	4.232585849109161	0.2325408618127786	True
3595372adebe9fa78cb5dbf05ddc6d75	31390	spontaneous-speech-ukv-31390.mp3	10080	3976	Kulon kikolin logoŋ jur lo a tokita yi medda di midijin kune pupu kenda naʼbut na?	koko a tikinda yi' piritän kenesi'  nagoŋ yi' kenda kata 	1			Kuku	train	4.662698412698413		False	0.07272727272727275	False	4.954056913210323	0.5928677563150074	True
ddae0f97a9679a1d5120cea6086416fd	31865	spontaneous-speech-ukv-31865.mp3	23616	3976	Kulon kikolin logoŋ jur lo a tokita yi medda di midijin kune pupu kenda naʼbut na?	kikölin logon jur lo a tokita anyen meda di kenda na a ŋo nagon a 'bulit na a 'dukökindö na yi na sukuluö a ko tinda na ŋojik i sukulu na kana anyen ŋojik kekenda	1			Kuku	train	5.420054200542006		False	0.1823899371069182	False	3.6834691191176994	0.043833580980683504	True
bc7de5ba8870d8cc13419daa6f9387f0	31908	spontaneous-speech-ukv-31908.mp3	23580	3976	Kulon kikolin logoŋ jur lo a tokita yi medda di midijin kune pupu kenda naʼbut na?	jurló á ŋarakkindá ijon dá na kune mugunyá naŋ napondá i jur lo gelá a kó medi di ti ŋojik kuló kekendá ŋojik kulo 'dok a jaki dó pujo di 'bukan na kekena a ko dok tikikini penyan ko 'bukan naŋ wuresí a karakindi kendá na ŋojik	1			Kuku	train	8.227311280746395		False	0.21518987341772156	False	5.516254403075944	0.7815750371471025	False
b5f5d64520d7376baeef5ca553c0c675	31987	spontaneous-speech-ukv-31987.mp3	32220	3976	Kulon kikolin logoŋ jur lo a tokita yi medda di midijin kune pupu kenda naʼbut na?	jur lo a ŋarakinda midijik kune i ropadu na kase ŋojik koko i sukulu parik na kulo ŋojik lo kata ko koŋön kulo ko kulo roropaji yala 'dok jur lo a ŋarakinda ŋojik i tikinda na ŋo ka ka'de bukan naŋ ko keken ko kule ŋo loŋ ko mimindi ti na	1			Kuku	train	5.834885164494104		True	0.2468085106382979	False			False
21ddeb69bfd3e57ad4af5253b149dd0f	32079	spontaneous-speech-ukv-32079.mp3	19116	3976	Kulon kikolin logoŋ jur lo a tokita yi medda di midijin kune pupu kenda naʼbut na?	a ŋo togeleŋ ti sukuluöt ti 'du'duko i gbokiyöt loŋ ŋutu kulo si'da katani lo tomurek ti tisas kulo yani ti jujuwe i kune sukuluöt anyen todindö ŋojik kaŋ kulo anyen wora ŋutu loŋarakinda yi i perok ti ŋerot	1			Kuku	train	8.840761665620423		False	0.1421568627450981	False	4.41904964670652	0.3202080237741456	True
eaf2feaa162e2c5b79c0a23abcdce106	32768	spontaneous-speech-ukv-32768.mp3	19656	3976	Kulon kikolin logoŋ jur lo a tokita yi medda di midijin kune pupu kenda naʼbut na?	ŋutu' logon a kametak ti jur kulo yi diŋitan liŋ ŋupi tokorju loŋiyo yi kulya ti kenda lopeŋ lo tokorju loŋoyo logon adi ti ŋojik kulo yiti yi kenda en lepeŋat sisi'da mede anen ŋerot na lepeŋat na molu gbon 'bura anyen lepeŋat jujukin tiju ŋarakinda na 'barik	1			Kuku	train	10.836385836385835		False	0.19066147859922178	False	4.460392361604285	0.3439821693907875	True
03e89de29fa51f461c7ffb62db7c8e0d	32851	spontaneous-speech-ukv-32851.mp3	15516	3976	Kulon kikolin logoŋ jur lo a tokita yi medda di midijin kune pupu kenda naʼbut na?	 jur lo a meda kikölin logon ko ko sondiri katodinok i sukulu anyen ko kune ponda a katodinok ti ŋojik na'but	1			Kuku	train	5.671564836298015		False	0.1132075471698113	False	4.169776043563018	0.2065378900445765	True
e9dcd66d26b3932c353f71bcc8b69d92	33277	spontaneous-speech-ukv-33277.mp3	8640	3976	Kulon kikolin logoŋ jur lo a tokita yi medda di midijin kune pupu kenda naʼbut na?	kikolin logon jur ló a tokita kuló a 'dugö na sukuluwöt 	1			Kuku	train	5.439814814814815		False	0.054545454545454564	False	4.304926792031036	0.2674591381872214	True
4b430d377aba6a707850db0b3318714e	33392	spontaneous-speech-ukv-33392.mp3	22428	3976	Kulon kikolin logoŋ jur lo a tokita yi medda di midijin kune pupu kenda naʼbut na?	'n kikölin loŋ yi pujö katani kulo jur lo a 'duko sukuluöt jore ma tikinda ŋutu kulo liŋ momorani e suk kenda na na'but na katani kune kune 'beron na 'duöji pajo lakin  kobgoŋ na kokulo kata 'duköni nyona nyona	1			Kuku	train	7.579810950597468		False	0.16425120772946855	False	4.516153943541073	0.36924219910846956	True
a9f74c616d972aac0bc6d66da0be03d8	33464	spontaneous-speech-ukv-33464.mp3	5868	3976	Kulon kikolin logoŋ jur lo a tokita yi medda di midijin kune pupu kenda naʼbut na?	tinda na kenda na ŋutulú 'bakan na ropa	1			Kuku	train	5.623721881390593		True	0.1351351351351351	False			False
8f02d83adfcef5096940ee32cf3acb24	34260	spontaneous-speech-ukv-34260.mp3	19008	3976	Kulon kikolin logoŋ jur lo a tokita yi medda di midijin kune pupu kenda naʼbut na?	kikolin kulo jore parik logoŋgiti ŋutuu kekendi ama togeleŋ lo miri na gboŋ ko sukuluwöt nagoŋ koo sulu 'boŋ a tikindi' ŋutu' robba ku'dik yi yina sukulu	1			Kuku	train	6.681397306397307		False	0.06666666666666665	False	4.245943513483097	0.23922734026745915	True
c4b295f61c6417a48253b975d0db3dc3	29469	spontaneous-speech-ukv-29469.mp3	22248	4016	Do yeyeju di ti ŋwajik nawate kune kodyö kdiʼ kenda?	ŋwajik na wate kune kodo ti kendi kenda ma jonda 'bulit midijin kega parik i kume jurön nagon na bot kunu do momorani di ŋwajik naga na kenda kunu jonda 'bulit kase midijin kase ko monye kase lalian kase midijin a jondi 'busan	1			Kuku	train	8.270406328658755		False	0.29147982062780264	False	4.44028568691093	0.3313521545319465	True
d61dfa8687c5e5b0d0a9ab598550b381	30230	spontaneous-speech-ukv-30230.mp3	8640	4016	Do yeyeju di ti ŋwajik nawate kune kodyö kdiʼ kenda?	Nan yeyeju parik parik parik nagon di ti ŋwajik nawate kune kendi kenda	1			Kuku	train	6.828703703703703		False	0.20588235294117652	False	3.1979887490592844	0.005200594353640416	True
03e89de29fa51f461c7ffb62db7c8e0d	30463	spontaneous-speech-ukv-30463.mp3	12708	4016	Do yeyeju di ti ŋwajik nawate kune kodyö kdiʼ kenda?	nan yeyeju parik naŋ di ti ŋojik na wate kune kendikenda kogon ko do a tokenda  ŋiro  na nakwan ko de ŋawajik na wate do a tokenda gur	1			Kuku	train	8.262511803588291		False	0.2290076335877863	False	4.016406331479513	0.12555720653789004	True
bc7de5ba8870d8cc13419daa6f9387f0	31712	spontaneous-speech-ukv-31712.mp3	21456	4016	Do yeyeju di ti ŋwajik nawate kune kodyö kdiʼ kenda?	umm a mokim ngon  ŋojik na wate 'dok ti keekenda kogboŋ nagoŋ di ayi ko do tokenda ŋiro nanskwan do tokenda jur lo 'dok''bukuluŋ aamanyen koko 'dok molu liliwa ko 'böri manyen koko bubulö ŋarakinda  ko monye kase ko ko ŋote kase ko nene puwet 'dok bösit	1			Kuku	train	9.554436987322893		False	0.17600000000000005	False	4.748768551021142	0.5044576523031203	True
3595372adebe9fa78cb5dbf05ddc6d75	31832	spontaneous-speech-ukv-31832.mp3	14436	4016	Do yeyeju di ti ŋwajik nawate kune kodyö kdiʼ kenda?	e e pon nan kodo yeyeju adi ŋwajik nawate kune ti kendi kenda a 'bulit parik kase ko yu	1			Kuku	train	4.779717373233583		False	0.0357142857142857	False	3.9160345626447834	0.09806835066864784	True
b5f5d64520d7376baeef5ca553c0c675	31887	spontaneous-speech-ukv-31887.mp3	40068	4016	Do yeyeju di ti ŋwajik nawate kune kodyö kdiʼ kenda?	ee kuwe' yeyeesi' ni na ŋoji na wate kune ti titii yi kenda asan tiyan yi na kak ni na ko ŋojik ma wate kune 'ba kenda ŋo' kulo liŋ kulo ko laliyan yi könin 'boŋ laliyan ti tiyana kulo a si'da 'bura ko wate kune koko 'bakan na ŋariyet na'bijo asan iyi ŋo' tiyana mindi gurusu 'boŋ ŋojik nawate kune ko tiki' yi kenda ni koko bubulö töggu yi nene' könin yi nenr' kpake	1			Kuku	train	7.312568633323351		True	0.3214285714285714	False			False
ddae0f97a9679a1d5120cea6086416fd	32003	spontaneous-speech-ukv-32003.mp3	17280	4016	Do yeyeju di ti ŋwajik nawate kune kodyö kdiʼ kenda?	ee ŋwajik na wate kune ti kendi kenda kogwon ŋero nawate kune ko kenda a 'bulit parik yi nan ŋaŋarakin do a logon s monye ŋaŋarakin mede nanyit ŋaŋarakin wöti liŋ 'boŋ kenda na ŋiro na nakwan na a'bulit parik	1			Kuku	train	9.780092592592592		False	0.24390243902439024	False	3.9167811094565295	0.0988112927191679	True
21ddeb69bfd3e57ad4af5253b149dd0f	32110	spontaneous-speech-ukv-32110.mp3	18648	4016	Do yeyeju di ti ŋwajik nawate kune kodyö kdiʼ kenda?	a ŋojik nawate kune ti kendi' kenda kogboŋ ŋojik nawate kune yini ko kenda koo a böŋö mede nase diŋitan kune liŋ do pujö yiyiwu mede nase na a koko ŋaraki ŋaraki mede nase na parik	1			Kuku	train	7.775632775632776		False	0.2994350282485876	False	3.664363062315021	0.03789004457652303	True
009983f810033d5152ddab92674ee038	32114	spontaneous-speech-ukv-32114.mp3	7560	4016	Do yeyeju di ti ŋwajik nawate kune kodyö kdiʼ kenda?	yee ŋojik nawate kune ködö a na'but ko koko kenda 	1			Kuku	train	5.29100529100529		False	0.021276595744680882	False	3.5922770116368414	0.02823179791976226	True
eaf2feaa162e2c5b79c0a23abcdce106	33332	spontaneous-speech-ukv-33332.mp3	9936	4016	Do yeyeju di ti ŋwajik nawate kune kodyö kdiʼ kenda?	ŋwajik na wate kune ti kendi kenda anyen lepeŋat jujuki tögu na'börik kase i gwiliŋet ko kase i midijin	1			Kuku	train	8.55475040257649		False	0.07999999999999996	False	3.4916950371027866	0.020802377414561663	True
a9f74c616d972aac0bc6d66da0be03d8	33474	spontaneous-speech-ukv-33474.mp3	7380	4016	Do yeyeju di ti ŋwajik nawate kune kodyö kdiʼ kenda?	i na diŋit na tiyanana ŋojik nawate kune bubulö tu i kenda	1			Kuku	train	6.368563685636857		False	0.018181818181818188	False	3.3171803151782595	0.009658246656760773	True
e9dcd66d26b3932c353f71bcc8b69d92	33744	spontaneous-speech-ukv-33744.mp3	6876	4016	Do yeyeju di ti ŋwajik nawate kune kodyö kdiʼ kenda?	a na'but naŋ ti ŋojik nawate kune ti kekenda	1			Kuku	train	5.235602094240837		False	0.024390243902439046	False	3.3439015635417277	0.010401188707280832	True
8f02d83adfcef5096940ee32cf3acb24	34274	spontaneous-speech-ukv-34274.mp3	12636	4016	Do yeyeju di ti ŋwajik nawate kune kodyö kdiʼ kenda?	ŋojik nawate kune ködö ti kendi' kenda kogboŋ ko kenda  koko ŋaŋarakinda midijin kase kune ko kayuŋök kase kulo liŋ	1			Kuku	train	7.5182019626464065		False	0.1696428571428571	False	2.9245989567381128	0.0014858841010401188	True
c4b295f61c6417a48253b975d0db3dc3	29382	spontaneous-speech-ukv-29382.mp3	21096	3983	Do ŋona meda kenda na toʼdurjo tomoret nago na midijik ko jur ada?	kenda na to'durjö tomore nago na midijin ko jur i kikölin ka'de ka'de kiko togeleŋ kenda na tikinda ŋutu i toden ko jurön ka'de ka'de i jur kata ni	1			Kuku	train	5.640879787637467		False	0.23611111111111116	False	3.7574305597884257	0.05794947994056464	True
d61dfa8687c5e5b0d0a9ab598550b381	30433	spontaneous-speech-ukv-30433.mp3	17748	3983	Do ŋona meda kenda na toʼdurjo tomoret nago na midijik ko jur ada?	to'diri na aaa nan a met ŋo' nagon ŋo nagoŋ nagoŋ to'durjo tomoret na midijin yi jur kata ni nagoŋ kenda na jowunda 'boŋ yina ŋo' a ŋo'  na'but parik	1			Kuku	train	6.704980842911877		False	0.14383561643835618	False	4.538247727486228	0.3826151560178306	True
bc7de5ba8870d8cc13419daa6f9387f0	31416	spontaneous-speech-ukv-31416.mp3	22068	3983	Do ŋona meda kenda na toʼdurjo tomoret nago na midijik ko jur ada?	a 'n meda di kenda na tomor ja midijin ka'de ka'de i kiko logon a joumda taliŋ a tikindi ŋutu i tunyar ko 'börik	1			Kuku	train	4.032988943266267		False	0.03669724770642202	False	4.166678710574061	0.20356612184249628	True
403eb42cb6d7bf4e1ab0b5007a937e98	31465	spontaneous-speech-ukv-31465.mp3	34920	3983	Do ŋona meda kenda na toʼdurjo tomoret nago na midijik ko jur ada?	a tomoret na ŋojik loŋ lo kenda kulo ko ge na tiyana jur lo durjö na ko ŋarakinda yi 'ba meda lakin ko medá ko medá di jur lo dudurjä yi tiyan na turjä i sukulu dukä i kitajin ŋo kaŋ tiyana gbe ŋo lo kenanikin 'ban di a ŋo loŋo ba kenanikin lo kitaninikin i na ŋo nagoŋ yi lo gboŋ 'bot kulo a ko joŋará yi ki a nyen yi gboŋ a ŋutú lo kurundä i jibitali i sukulu ko i kenisa 	1			Kuku	train	8.533791523482245		True	0.27176781002638517	False			False
3595372adebe9fa78cb5dbf05ddc6d75	31575	spontaneous-speech-ukv-31575.mp3	17748	3983	Do ŋona meda kenda na toʼdurjo tomoret nago na midijik ko jur ada?	kenda na a ŋarakinda parik i kiko' lo 'dukö na kadijin na 'delani gurusu a ko lele' lo tiki na kimaŋ lo waya i gbokiyöt ni	0			Kuku	train	5.465404552625648		False	0.0672268907563025	False	4.022948781475138	0.12852897473997027	True
009983f810033d5152ddab92674ee038	31870	spontaneous-speech-ukv-31870.mp3	22248	3983	Do ŋona meda kenda na toʼdurjo tomoret nago na midijik ko jur ada?	kenda na to'durjö mede kode jur i kokölin ka'de ka'de togeleŋ yi 'dugö na piritön bge jibitaliajin na ŋarakinda jur tomurek i kukunda na kikölin lo ŋarakinda jur	1			Kuku	train	6.023013304566702		False	0.18354430379746833	False	3.8385294842011444	0.07652303120356613	True
ddae0f97a9679a1d5120cea6086416fd	31922	spontaneous-speech-ukv-31922.mp3	19116	3983	Do ŋona meda kenda na toʼdurjo tomoret nago na midijik ko jur ada?	a kenda na tikinda ŋutu i toyiŋakin a jonda tomoret i pirit nageleŋ a  kobgon do deden ŋo nagon a naron ko ŋo nagon a na'but na to'durjö midijin kaŋ a ko jur lo 'bukulung	1			Kuku	train	7.062146892655368		False	0.13772455089820357	False	3.908890183235459	0.09361069836552749	True
b5f5d64520d7376baeef5ca553c0c675	32202	spontaneous-speech-ukv-32202.mp3	32760	3983	Do ŋona meda kenda na toʼdurjo tomoret nago na midijik ko jur ada?	kenda na to'durjö kode tinda mede na bgoŋ nago i kpake nagon ta liŋ kata yu koŋö na 'depani mede taliŋ kata ko toyiŋakin 'borik na su ta liŋ bubulö ŋarakinda mede ni yala 'dok ta ŋaŋarakinda jur na 'dok i kpakiyat ka'de ka'de	1			Kuku	train	5.555555555555556		True	0.23873873873873874	False			False
21ddeb69bfd3e57ad4af5253b149dd0f	32325	spontaneous-speech-ukv-32325.mp3	14976	3983	Do ŋona meda kenda na toʼdurjo tomoret nago na midijik ko jur ada?	kenda na a na'but parik i jonda na midijik kasu i pirit na geleŋ a ko i jonda na taliŋ kasu i 'baŋin a ko i jur 'bukuluŋ	1			Kuku	train	6.209935897435897		False	0.2222222222222222	False	4.575189376837584	0.40564635958395245	True
eaf2feaa162e2c5b79c0a23abcdce106	32926	spontaneous-speech-ukv-32926.mp3	18936	3983	Do ŋona meda kenda na toʼdurjo tomoret nago na midijik ko jur ada?	ai kobgon kenda na tikinda ŋutu kulo i si'da i pirit nageleŋ a peti ŋo nagon se konda nyena	1			Kuku	train	3.855090832277144		False	0.05681818181818177	False	4.155827367689539	0.1924219910846954	True
4b430d377aba6a707850db0b3318714e	33477	spontaneous-speech-ukv-33477.mp3	19188	3983	Do ŋona meda kenda na toʼdurjo tomoret nago na midijik ko jur ada?	kenda na a tikinda ŋutuu kulo a gboŋ ko metesiti' to'duresi' ti jur do meda di kulye kulo 'dukö sukuluwöt kulye kulo jibitaliajin ko lo kukunda aditön kulye logon gbe ko touna ma ko ŋarakinda jur lo	1			Kuku	train	8.442776735459663		False	0.14871794871794874	False	4.280374377911315	0.2540861812778603	True
03e89de29fa51f461c7ffb62db7c8e0d	33522	spontaneous-speech-ukv-33522.mp3	14220	3983	Do ŋona meda kenda na toʼdurjo tomoret nago na midijik ko jur ada?	'n meda kenda a to'durjö tomoret nagon na midijin ko jur lo i jonda na yeiyesi i pirit nageleŋ i ŋara a to'duröni jur lo	1			Kuku	train	6.751054852320674		False	0.1282051282051282	False	3.857592726397404	0.07949479940564635	True
e9dcd66d26b3932c353f71bcc8b69d92	33702	spontaneous-speech-ukv-33702.mp3	6588	3983	Do ŋona meda kenda na toʼdurjo tomoret nago na midijik ko jur ada?	ŋutuu kulo ko kenda yi jur ni a ŋutuuulo si'dani' ko taliŋ	1			Kuku	train	7.134183363691561		False	0.07272727272727275	False	4.162005314444589	0.1976225854383358	True
a9f74c616d972aac0bc6d66da0be03d8	33748	spontaneous-speech-ukv-33748.mp3	5256	3983	Do ŋona meda kenda na toʼdurjo tomoret nago na midijik ko jur ada?	tomorundá ŋutú i pirit na geleŋ 	1			Kuku	train	5.32724505327245		True	0.0	False			False
8f02d83adfcef5096940ee32cf3acb24	34321	spontaneous-speech-ukv-34321.mp3	20628	3983	Do ŋona meda kenda na toʼdurjo tomoret nago na midijik ko jur ada?	kenda na to'durjö midiji 'böŋ ko do kenda do puji naŋ di denet na 'bijö kata kode' koŋon kata naŋ do pupuun a tindi ŋutu yi gboŋ yi pirit na geleŋ ko jur lo	1			Kuku	train	5.962769051774288		False	0.130718954248366	False	4.0278844682841	0.1300148588410104	True
d61dfa8687c5e5b0d0a9ab598550b381	28673	spontaneous-speech-ukv-28673.mp3	7380	3972	Ti ŋutuʼ luwalet lo ködö temaniʼ tema ret lo sukariya lo daŋin muda?	ti ŋutu' luwalet lo ködö temani' tema ret lo sukariya lo diŋitan liŋ	1			Kuku	train	7.588075880758808		False	0.09230769230769231	False	4.432497923634067	0.32689450222882616	True
c4b295f61c6417a48253b975d0db3dc3	29585	spontaneous-speech-ukv-29585.mp3	15300	3972	Ti ŋutuʼ luwalet lo ködö temaniʼ tema ret lo sukariya lo daŋin muda?	temba i yapalin murek kode musalá kodo ti ŋutu luwalet lo tetema ayan lo sukara lo ma lopeŋ deden mugun nayit na ko gboŋ dinyo 	1			Kuku	train	6.73202614379085		False	0.040000000000000036	False	4.7980473811855635	0.5304606240713224	True
03e89de29fa51f461c7ffb62db7c8e0d	30094	spontaneous-speech-ukv-30094.mp3	7920	3972	Ti ŋutuʼ luwalet lo ködö temaniʼ tema ret lo sukariya lo daŋin muda?	ŋutu' luwalet lo ködö tema ret lo sukariya lo daŋ geleŋ yi mukökök na yapani musala	1			Kuku	train	8.585858585858587		False	0.0625	False	4.299057565756683	0.26671619613670133	True
ddae0f97a9679a1d5120cea6086416fd	31396	spontaneous-speech-ukv-31396.mp3	22356	3972	Ti ŋutuʼ luwalet lo ködö temaniʼ tema ret lo sukariya lo daŋin muda?	a ret lo sukaria lo kodo ŋutú luwalet lo ti tetema aa daŋin muret kode musala i yapa a nyen kepeŋ denakinda 'barik ko sukaria kata dia 'ban a nyen do titi 'barik 	1			Kuku	train	5.814993737699052		False	0.16249999999999998	False	4.972001179273166	0.6017830609212481	False
b5f5d64520d7376baeef5ca553c0c675	31837	spontaneous-speech-ukv-31837.mp3	14580	3972	Ti ŋutuʼ luwalet lo ködö temaniʼ tema ret lo sukariya lo daŋin muda?	ti tetema ayi diŋit i meda diya ret lo ke kiyadu ki kode a rorokunda kak	1			Kuku	train	3.909465020576132		False	0.0	False	7.102653572141657	0.9851411589895989	False
009983f810033d5152ddab92674ee038	32062	spontaneous-speech-ukv-32062.mp3	10620	3972	Ti ŋutuʼ luwalet lo ködö temaniʼ tema ret lo sukariya lo daŋin muda?	ŋutu' luwalet lo ködö tetema ret lo sukaria lo yi diŋitan liŋ naŋ lepeŋ a yiŋga tomiyesi kode' gayeeresi kanyit yi mugun ni	1			Kuku	train	9.51035781544256		False	0.05833333333333335	False	4.266252396948338	0.24962852897473997	True
403eb42cb6d7bf4e1ab0b5007a937e98	32217	spontaneous-speech-ukv-32217.mp3	23760	3972	Ti ŋutuʼ luwalet lo ködö temaniʼ tema ret lo sukariya lo daŋin muda?	a ŋutu lo kogboŋ ko i lo ret lo luŋu a sukaria lo i lo ret do tutu i tema diŋitan kune liŋ so ko do puwöni a do suluji' moju na wini do suluji gaareju na ŋo' lo nyönyöyi kulo asan ŋo' lo nyenyei lo kilo 'ba gboŋge kule'  ŋo kulo liŋ i lo a i lo ret lo luŋu a sukaria lo 	1			Kuku	train	8.627946127946128		False	0.28838951310861427	False	5.22478104391293	0.700594353640416	False
21ddeb69bfd3e57ad4af5253b149dd0f	32397	spontaneous-speech-ukv-32397.mp3	11376	3972	Ti ŋutuʼ luwalet lo ködö temaniʼ tema ret lo sukariya lo daŋin muda?	I na ködö ko kuwe' ni i mukök na yapani musala a do temani' temaa a nyen do deden ko do a lo'but 	1			Kuku	train	6.504922644163151		False	0.08510638297872342	False	4.796467192491194	0.5297176820208024	True
a9f74c616d972aac0bc6d66da0be03d8	33444	spontaneous-speech-ukv-33444.mp3	6588	3972	Ti ŋutuʼ luwalet lo ködö temaniʼ tema ret lo sukariya lo daŋin muda?	ŋutu luwalet lo ti temani ret lo sukaria lo perok musala	1			Kuku	train	6.982392228293867		False	0.07547169811320753	False	3.9132644614901357	0.09658246656760773	True
e9dcd66d26b3932c353f71bcc8b69d92	33603	spontaneous-speech-ukv-33603.mp3	6840	3972	Ti ŋutuʼ luwalet lo ködö temaniʼ tema ret lo sukariya lo daŋin muda?	ti ŋutu temani tema perok kulo liŋ	1			Kuku	train	4.093567251461988		False	0.06451612903225812	False	5.093994585942252	0.6508172362555721	False
4b430d377aba6a707850db0b3318714e	33650	spontaneous-speech-ukv-33650.mp3	15948	3972	Ti ŋutuʼ luwalet lo ködö temaniʼ tema ret lo sukariya lo daŋin muda?	ko do temba yapa ti do tetema ret lo sukaria lo a do denede ko kata wole kata a mijun i nanan kati kati	1			Kuku	train	5.016302984700276		False	0.10999999999999999	False	6.338152375787527	0.9398216939078752	False
8f02d83adfcef5096940ee32cf3acb24	34165	spontaneous-speech-ukv-34165.mp3	14868	3972	Ti ŋutuʼ luwalet lo ködö temaniʼ tema ret lo sukariya lo daŋin muda?	kobgoŋ ŋutu a denda ret lo sukaria lo suluja dinyo a na'but nagon ti ŋutu luwalet lo kodo temani tema daŋin murek i yapa ni	1			Kuku	train	6.658595641646489		False	0.09166666666666667	False	4.166492671283938	0.20282317979197623	True
c4b295f61c6417a48253b975d0db3dc3	29741	spontaneous-speech-ukv-29741.mp3	17280	4004	Yi de ŋona tikinda soronyon naʼbut ko a nakeʼ kaaŋ jur ni dinyo?	soronyon kune ti yeŋe kindu ti mumukä dili na ti mumukä ko 'dok ti ririyá a ya ti mara kulo jejenya ma gboŋ nakye 'bakan na kule ŋo ma jonda kulya ma gboŋ na kiye diŋitan kune liŋ 	1			Kuku	train	8.391203703703702		False	0.19999999999999996	False	6.082264449792266	0.9086181277860327	False
d61dfa8687c5e5b0d0a9ab598550b381	30284	spontaneous-speech-ukv-30284.mp3	17928	4004	Yi de ŋona tikinda soronyon naʼbut ko a nakeʼ kaaŋ jur ni dinyo?	yi de kukuju kukukinda ŋutu kulo liŋ i bgwoŋ ko sörönyön kodebi 'boga na söröyön ko i tiju na söröyön kase nake a könisi lalaini lalayi i mukök nagon do a 'yö'yu kode do a tokitaju sörön	1			Kuku	train	8.366800535475234		False	0.16393442622950816	False	6.097778720004837	0.9108469539375929	False
21ddeb69bfd3e57ad4af5253b149dd0f	31514	spontaneous-speech-ukv-31514.mp3	22860	4004	Yi de ŋona tikinda soronyon naʼbut ko a nakeʼ kaaŋ jur ni dinyo?	soronyön kaŋ kune ma bgoŋ nake yi mindi yi titi yi tiju yi lalaju diŋitan kune liŋ yani ŋojik kulo do tikinda saresi ko soron na tokitayi dinyo anyen wasaka bgoŋ a pujö yi	1			Kuku	train	6.036745406824148		False	0.0892857142857143	False	4.970146596172755	0.600297176820208	False
ddae0f97a9679a1d5120cea6086416fd	31708	spontaneous-speech-ukv-31708.mp3	22140	4004	Yi de ŋona tikinda soronyon naʼbut ko a nakeʼ kaaŋ jur ni dinyo?	soronyön kaŋ ma gboŋ nake ko a na'but i tokitayi ti gb'deŋe a nake ti lalalayi ko sobun a loke ti waraga nagon yi tokeyi 'börik na bge kata I soron a ko pioŋ	1			Kuku	train	5.600722673893405		False	0.1298701298701299	False	5.730182540147163	0.8424962852897474	False
b5f5d64520d7376baeef5ca553c0c675	31804	spontaneous-speech-ukv-31804.mp3	26100	4004	Yi de ŋona tikinda soronyon naʼbut ko a nakeʼ kaaŋ jur ni dinyo?	soronyon kune lalai  kode ririya ko bge wasaka yala water tank lo ti' loke ni loŋ ko do ke tokitaju soronyon kune a do lalaladu kenisi kode a do popokadu kata na soron to	1			Kuku	train	5.210727969348659		False	0.16766467065868262	False	6.400602270386525	0.9435364041604755	False
3595372adebe9fa78cb5dbf05ddc6d75	31890	spontaneous-speech-ukv-31890.mp3	20160	4004	Yi de ŋona tikinda soronyon naʼbut ko a nakeʼ kaaŋ jur ni dinyo?	a kokuwe yi kodo 'duko soronyön na luduk naŋ a nake na tokitayi ko piöŋ nye na ayi de bulo tetenda a nake 	1			Kuku	train	4.117063492063492		False	0.10679611650485432	False	6.157518593513133	0.9182763744427934	False
403eb42cb6d7bf4e1ab0b5007a937e98	32324	spontaneous-speech-ukv-32324.mp3	26208	4004	Yi de ŋona tikinda soronyon naʼbut ko a nakeʼ kaaŋ jur ni dinyo?	soronyon na kye' a ko na'but yi tikinda kaaŋ yi jur ni ge nagoŋ kune' mugunya kata  naŋ kine tötödindö ŋutu' ko kulya ti tokelan a do metundi' metunda a do tikindi' net na piri neet na soron 'dok könuk yi mede logga 'ba pajo' parik 'dok do besi 'dok medda kpake nagoŋ 'ba pajo' 'dok 'ba nyona parik 'dok	1			Kuku	train	9.271978021978022		False	0.20666666666666667	False	5.445184890802066	0.763744427934621	False
03e89de29fa51f461c7ffb62db7c8e0d	32751	spontaneous-speech-ukv-32751.mp3	9576	4004	Yi de ŋona tikinda soronyon naʼbut ko a nakeʼ kaaŋ jur ni dinyo?	yi de tikinda sornyön kaŋ kune bgoŋ na nake ko tiju na koko 'bura kode i tokitaju na koko 'bura	1			Kuku	train	7.936507936507936		False	0.1630434782608695	False	4.768809486415987	0.5163447251114414	True
4b430d377aba6a707850db0b3318714e	33120	spontaneous-speech-ukv-33120.mp3	20340	4004	Yi de ŋona tikinda soronyon naʼbut ko a nakeʼ kaaŋ jur ni dinyo?	soronyon kaŋ kune ma gboŋ nake mindi tiyi lalanelala rirya yala pogo nayit na 'dok jejenya  a gbedeŋe nake nyenaŋ a tinda ee kimur i sida katani 	1			Kuku	train	5.752212389380531		False	0.04225352112676062	False	6.550726710108121	0.9591381872213968	False
eaf2feaa162e2c5b79c0a23abcdce106	33371	spontaneous-speech-ukv-33371.mp3	9720	4004	Yi de ŋona tikinda soronyon naʼbut ko a nakeʼ kaaŋ jur ni dinyo?	Yi 'boga soronyon naŋ a na 'but a gbiyani gbiya ko tup a muköni mukö a na 'but 	1			Kuku	train	6.275720164609053		False	0.17105263157894735	False	5.083948987509219	0.6448736998514116	False
a9f74c616d972aac0bc6d66da0be03d8	33503	spontaneous-speech-ukv-33503.mp3	5796	4004	Yi de ŋona tikinda soronyon naʼbut ko a nakeʼ kaaŋ jur ni dinyo?	lalaju na soronyön kune i diŋitan liŋ	1			Kuku	train	5.348516218081436		True	0.0	False			False
e9dcd66d26b3932c353f71bcc8b69d92	33805	spontaneous-speech-ukv-33805.mp3	6948	4004	Yi de ŋona tikinda soronyon naʼbut ko a nakeʼ kaaŋ jur ni dinyo?	soronyon kune 'bo'boka a muköni' mukö 'bura' kutusin kune	1			Kuku	train	7.052389176741508		False	0.09259259259259256	False	6.762233757869258	0.9687964338781575	False
c4b295f61c6417a48253b975d0db3dc3	29511	spontaneous-speech-ukv-29511.mp3	14796	4008	Do ŋona wowoggu neneʼ tom na yoloni rinö? Ko do wowoggu, a nanan?	na wowogu kega parik aduŋgu i lo lo kakat ko piyano naa 'dok wowogu kode' gita nan 'dok wowogu	1			Kuku	train	5.136523384698567		False	0.17582417582417587	False	6.45581002393077	0.9472511144130757	False
d61dfa8687c5e5b0d0a9ab598550b381	30414	spontaneous-speech-ukv-30414.mp3	7776	4008	Do ŋona wowoggu neneʼ tom na yoloni rinö? Ko do wowoggu, a nanan?	nan wowogu tom na lugu adungu na yoloni rina 	1			Kuku	train	4.62962962962963		False	0.023809523809523836	False	6.817358830486182	0.9725111441307578	False
ddae0f97a9679a1d5120cea6086416fd	31650	spontaneous-speech-ukv-31650.mp3	18396	4008	Do ŋona wowoggu neneʼ tom na yoloni rinö? Ko do wowoggu, a nanan?	nan deden 'dogu na tom ŋo' gbege tewe nan dede wogu nan köti dede wogu na leri	1			Kuku	train	3.370297890845836		False	0.28	False	6.865772664450887	0.9739970282317979	False
b5f5d64520d7376baeef5ca553c0c675	31773	spontaneous-speech-ukv-31773.mp3	8496	4008	Do ŋona wowoggu neneʼ tom na yoloni rinö? Ko do wowoggu, a nanan?	ee nan wowoŋgu tom na yoloni rino na  wa gboso tekeyeŋ	1			Kuku	train	5.06120527306968		False	0.019607843137254943	False	8.116467260161157	0.9985141158989599	False
3595372adebe9fa78cb5dbf05ddc6d75	31923	spontaneous-speech-ukv-31923.mp3	16848	4008	Do ŋona wowoggu neneʼ tom na yoloni rinö? Ko do wowoggu, a nanan?	ee na wowogu nene tom na yoloni rinö ilo a koyo	1			Kuku	train	2.1961063627730297	transcription-length	False	0.022727272727272707	False	7.050571785626988	0.9829123328380386	False
009983f810033d5152ddab92674ee038	31941	spontaneous-speech-ukv-31941.mp3	13536	4008	Do ŋona wowoggu neneʼ tom na yoloni rinö? Ko do wowoggu, a nanan?	nan wowogu tom na luŋu a leri a ko kule köti luŋu a koyo	1			Kuku	train	3.176713947990544		False	0.13207547169811318	False	5.099077012374889	0.6523031203566122	False
403eb42cb6d7bf4e1ab0b5007a937e98	32013	spontaneous-speech-ukv-32013.mp3	24768	4008	Do ŋona wowoggu neneʼ tom na yoloni rinö? Ko do wowoggu, a nanan?	ye ko gboja na yi gboja ŋo' gbe kore bula' woko na tekeyek kilo ŋo' loŋ yi gbogbojita kata ni kaŋ ni kulo yii kuku ni kulo ta jejeja gbiriya ta gboja bula' loŋ tamam ko i gbiyö na ŋojik kode' ko yi kulya ti kenisa ta kokonda kilo ŋo' lo luŋu di a gbojajin ti 'beron kulo	1			Kuku	train	8.599806201550388		False	0.24344569288389517	False	6.334514280925541	0.9383358098068351	False
bc7de5ba8870d8cc13419daa6f9387f0	32239	spontaneous-speech-ukv-32239.mp3	7020	4008	Do ŋona wowoggu neneʼ tom na yoloni rinö? Ko do wowoggu, a nanan?	ee nan wowogu tom na woloni rinö 'boŋ na wogu tekeyek	1			Kuku	train	6.125356125356125		False	0.12	False	6.967736277024254	0.9806835066864784	False
21ddeb69bfd3e57ad4af5253b149dd0f	32376	spontaneous-speech-ukv-32376.mp3	10620	4008	Do ŋona wowoggu neneʼ tom na yoloni rinö? Ko do wowoggu, a nanan?	nan deden woggu na tom lakin parik nagoŋ nan deden na a löri ako tewe	1			Kuku	train	5.178907721280602		False	0.12121212121212122	False	5.965882337466783	0.8893016344725111	False
e9dcd66d26b3932c353f71bcc8b69d92	32776	spontaneous-speech-ukv-32776.mp3	19368	4008	Do ŋona wowoggu neneʼ tom na yoloni rinö? Ko do wowoggu, a nanan?	nan wogu ŋo gbege aduŋgu kode' koyo kilo ŋo' logoŋ un wowogu se kulo a ko gita 	1			Kuku	train	3.2011565468814536		False	0.03947368421052633	False	6.207881807998086	0.9279346210995543	False
eaf2feaa162e2c5b79c0a23abcdce106	32842	spontaneous-speech-ukv-32842.mp3	9360	4008	Do ŋona wowoggu neneʼ tom na yoloni rinö? Ko do wowoggu, a nanan?	ayi nan wowogu aduŋgu nan köti wowogu leri ko nan köti wowogu tewe	1			Kuku	train	5.769230769230769		False	0.33333333333333337	False	6.177163567489656	0.924219910846954	False
03e89de29fa51f461c7ffb62db7c8e0d	33290	spontaneous-speech-ukv-33290.mp3	9828	4008	Do ŋona wowoggu neneʼ tom na yoloni rinö? Ko do wowoggu, a nanan?	ye nan wowogu tom na woloni riná 'boŋ i na  a a dugu 	1			Kuku	train	4.07000407000407		False	0.019607843137254943	False	7.9632984848781865	0.9970282317979198	False
4b430d377aba6a707850db0b3318714e	33467	spontaneous-speech-ukv-33467.mp3	12960	4008	Do ŋona wowoggu neneʼ tom na yoloni rinö? Ko do wowoggu, a nanan?	nan wowoggu ee ŋo' loŋ nan wowogu 'bura' lo yilo koyo koyo lo loŋ 'unwowoggu 'bira'	1			Kuku	train	5.246913580246913		False	0.275	False	5.114246992875292	0.6582466567607727	False
a9f74c616d972aac0bc6d66da0be03d8	33668	spontaneous-speech-ukv-33668.mp3	7128	4008	Do ŋona wowoggu neneʼ tom na yoloni rinö? Ko do wowoggu, a nanan?	nan weweja wogu na adungu a ko loriyo ko koyojin	1			Kuku	train	5.471380471380472		False	0.0444444444444444	False	7.381924410863868	0.9903417533432393	False
8f02d83adfcef5096940ee32cf3acb24	34251	spontaneous-speech-ukv-34251.mp3	13428	4008	Do ŋona wowoggu neneʼ tom na yoloni rinö? Ko do wowoggu, a nanan?	nan wowogu tom kega parik i yolo ni nan wogu koyo kogbon ti yanana tom kune nye puru'	1			Kuku	train	5.06404527852249		False	0.09756097560975607	False	5.504870317631638	0.7793462109955424	False
c4b295f61c6417a48253b975d0db3dc3	29652	spontaneous-speech-ukv-29652.mp3	19188	3945	Ŋoʼ nagoŋ do nyanyar konda parik na a nyo?	ŋo nagon nan nyanyar konda parik na a kita nagon na jibitali nagon nan woro kata a ko nan nyanyar meda na ŋutu loŋ ko ret lo so'bi kode silimu	1			Kuku	train	5.889097352511987		False	0.2230215827338129	False	4.679599075907965	0.4673105497771174	True
d61dfa8687c5e5b0d0a9ab598550b381	30303	spontaneous-speech-ukv-30303.mp3	22356	3945	Ŋoʼ nagoŋ do nyanyar konda parik na a nyo?	nan nyanyar kenda na 'bukan na woworö ko koŋon na 'bijó gboso baibol a ko kune 'bukan naŋo todurjä iyeyesi ti ŋutú na 'dok nyanyar konda na kitesi gboso ti kurujú naŋo tindá ŋutú i gboŋ 'burá	1			Kuku	train	7.291107532653426		False	0.24489795918367352	False	5.035183956429838	0.6263001485884101	False
03e89de29fa51f461c7ffb62db7c8e0d	30465	spontaneous-speech-ukv-30465.mp3	7848	3945	Ŋoʼ nagoŋ do nyanyar konda parik na a nyo?	ŋo jore nagon nan nyanyar konda parik ama togeleŋ nayit a kenda na bibilia	1			Kuku	train	7.772680937818553		False	0.014084507042253502	False	4.643794014729785	0.4442793462109955	True
3595372adebe9fa78cb5dbf05ddc6d75	31493	spontaneous-speech-ukv-31493.mp3	7380	3945	Ŋoʼ nagoŋ do nyanyar konda parik na a nyo?	ŋo nagon nan nyanyar konda parik na a derja	1			Kuku	train	4.742547425474255		False	0.0	False	3.8613773268827645	0.08172362555720654	True
21ddeb69bfd3e57ad4af5253b149dd0f	31532	spontaneous-speech-ukv-31532.mp3	17928	3945	Ŋoʼ nagoŋ do nyanyar konda parik na a nyo?	a ŋo' nagon 'n nyanyar parik na a kita na derja yani biriö na kura a ne diŋit yani do nyanyar jambu na storisi	1			Kuku	train	4.852744310575636		False	0.12149532710280375	False	5.279479891226887	0.7169390787518574	False
b5f5d64520d7376baeef5ca553c0c675	31692	spontaneous-speech-ukv-31692.mp3	14256	3945	Ŋoʼ nagoŋ do nyanyar konda parik na a nyo?	ŋo' na nnyanyar konda parik na a kenda konye nu kenda lo bibiliya kenda lo lukikiriyöt kenda lo ayis ayo ŋo' lo kekena tin taji di	1			Kuku	train	7.365319865319865		False	0.1889763779527559	False	6.273128733329319	0.9323922734026746	False
ddae0f97a9679a1d5120cea6086416fd	31946	spontaneous-speech-ukv-31946.mp3	18288	3945	Ŋoʼ nagoŋ do nyanyar konda parik na a nyo?	nan nyanyar derjar parik  nan köti nyanyar 'birö na kura na nyanyar 'birö na lumurut  nan nyanyar konda na kitajin ti könin naŋ ŋarakinda nan ko mede niyo' na 	1			Kuku	train	6.99912510936133		False	0.28205128205128205	False	4.4627851595468995	0.34546805349182763	True
bc7de5ba8870d8cc13419daa6f9387f0	32020	spontaneous-speech-ukv-32020.mp3	5976	3945	Ŋoʼ nagoŋ do nyanyar konda parik na a nyo?	'n nyanyar yolo yala ko tojulin ko kune ŋutu	1			Kuku	train	6.024096385542169		True	0.024390243902439046	False			False
009983f810033d5152ddab92674ee038	32111	spontaneous-speech-ukv-32111.mp3	9036	3945	Ŋoʼ nagoŋ do nyanyar konda parik na a nyo?	nan nyanyar biriö na kura lo wate lo kokopoyi parik	1			Kuku	train	4.648074369189907		False	0.02083333333333337	False	4.843387482078874	0.5527488855869243	True
4b430d377aba6a707850db0b3318714e	33396	spontaneous-speech-ukv-33396.mp3	22068	3945	Ŋoʼ nagoŋ do nyanyar konda parik na a nyo?	ŋo' naŋ nan nyanyar konda parik na a kukunda na mede niyo'  jejenda yala ko tukökindö ma ŋutuu na kulya ti kelan yi jiran ma koko deden  ko 'bu'bu to busan na kelan na nyo	1			Kuku	train	6.117455138662316		False	0.1071428571428571	False	4.71153481093454	0.4903417533432392	True
e9dcd66d26b3932c353f71bcc8b69d92	33798	spontaneous-speech-ukv-33798.mp3	4608	3945	Ŋoʼ nagoŋ do nyanyar konda parik na a nyo?	nan nyanyar yolo rino ti kenisa parik	1			Kuku	train	6.7274305555555545		True	0.0	False			False
8f02d83adfcef5096940ee32cf3acb24	34167	spontaneous-speech-ukv-34167.mp3	11988	3945	Ŋoʼ nagoŋ do nyanyar konda parik na a nyo?	ŋo nagon 'nnyanyar parik na a kulya ti derja na 'döti  un nyanuar parik 	1			Kuku	train	4.754754754754755		False	0.1159420289855072	False	4.155643987248933	0.19167904903417535	True
c4b295f61c6417a48253b975d0db3dc3	29631	spontaneous-speech-ukv-29631.mp3	16956	3991	Nan ŋona bubulö tiju ʼbörik a logoʼ yi kiden na yeyeesiʼ na poonda ko kulya ti yöŋesiʼ ti perok liŋ?	nan 'bu'bulá tijú na 'barik kega  parik a logó i kiden na yeyesi na podá ko kulya ti yeyesi ti perok liŋ	1			Kuku	train	5.071950931823544		False	0.09523809523809523	False	4.643808291843863	0.4450222882615156	True
d61dfa8687c5e5b0d0a9ab598550b381	30297	spontaneous-speech-ukv-30297.mp3	9288	3991	Nan ŋona bubulö tiju ʼbörik a logoʼ yi kiden na yeyeesiʼ na poonda ko kulya ti yöŋesiʼ ti perok liŋ?	ko ŋutú a yinikindä 'barik ko ŋun ŋutú 'bu'bulä tiju na 'bärik a lo gó i kiden na yäyäkesi ti perok liŋ	1			Kuku	train	9.689922480620154		False	0.08333333333333337	False	4.9070805634160894	0.5742942050520059	True
bc7de5ba8870d8cc13419daa6f9387f0	31732	spontaneous-speech-ukv-31732.mp3	21780	3991	Nan ŋona bubulö tiju ʼbörik a logoʼ yi kiden na yeyeesiʼ na poonda ko kulya ti yöŋesiʼ ti perok liŋ?	nan bubulö gaju na 'boörik i yeyiyesi ko naŋ ponda i kiden na ŋutu a 'dok ko nan a pujö ŋutu ann 'dok ŋaŋaju teili lio lo di kine ŋo kune geleŋ murek musala ann 'dok puji ŋariesi kase koko yu	1			Kuku	train	6.932966023875115		False	0.12765957446808507	False	5.2429701816776575	0.7102526002971769	False
3595372adebe9fa78cb5dbf05ddc6d75	31862	spontaneous-speech-ukv-31862.mp3	12816	3991	Nan ŋona bubulö tiju ʼbörik a logoʼ yi kiden na yeyeesiʼ na poonda ko kulya ti yöŋesiʼ ti perok liŋ?	ee yi' bubulo tögö'yu na 'börik i kulya ti yeyiyesi na ponda i perok liŋ	1			Kuku	train	4.525593008739076		False	0.01449275362318836	False	4.660160881058774	0.4561664190193165	True
b5f5d64520d7376baeef5ca553c0c675	32080	spontaneous-speech-ukv-32080.mp3	12888	3991	Nan ŋona bubulö tiju ʼbörik a logoʼ yi kiden na yeyeesiʼ na poonda ko kulya ti yöŋesiʼ ti perok liŋ?	ee nan bubulö togo'yi na 'börik yi diŋit na yeiyeesi' na poonda ko kulya ti perok liŋ	1			Kuku	train	5.353817504655494		False	0.024390243902439046	False	3.516370451207322	0.021545319465081723	True
009983f810033d5152ddab92674ee038	32265	spontaneous-speech-ukv-32265.mp3	17568	3991	Nan ŋona bubulö tiju ʼbörik a logoʼ yi kiden na yeyeesiʼ na poonda ko kulya ti yöŋesiʼ ti perok liŋ?	'n bubulö  tiju 'börik yi yöŋesi' na poonda yi diŋitan liŋ́ yi kikolin ti ŋarju na kulya ti yöŋesi' kuwe' ko julin kode' ju' niyo' na'but naŋ bubulö ŋarakinda na nan ko yeyeesi' na'but	1			Kuku	train	8.538251366120218		False	0.17679558011049723	False	3.630992465910949	0.034918276374442794	True
21ddeb69bfd3e57ad4af5253b149dd0f	32267	spontaneous-speech-ukv-32267.mp3	14148	3991	Nan ŋona bubulö tiju ʼbörik a logoʼ yi kiden na yeyeesiʼ na poonda ko kulya ti yöŋesiʼ ti perok liŋ?	a togeleŋ na do kaka'yu kine yeyesi i wara piritän moresi a nyen dó pujä kulesi lo togo'yu dó tomurek na ti dó kwakwakwadú 	1			Kuku	train	7.421543681085666		False	0.09523809523809523	False	5.620091775729427	0.8135215453194651	False
a9f74c616d972aac0bc6d66da0be03d8	32910	spontaneous-speech-ukv-32910.mp3	12528	3991	Nan ŋona bubulö tiju ʼbörik a logoʼ yi kiden na yeyeesiʼ na poonda ko kulya ti yöŋesiʼ ti perok liŋ?	do weweja' tögu na 'barik  yi diŋit na yöyöŋesi' ko kulyet lo ŋun i pirit na geleŋ anyen togo'yu do	1			Kuku	train	6.305874840357599		False	0.04166666666666663	False	3.8224155923358447	0.06983655274888559	True
03e89de29fa51f461c7ffb62db7c8e0d	33056	spontaneous-speech-ukv-33056.mp3	14940	3991	Nan ŋona bubulö tiju ʼbörik a logoʼ yi kiden na yeyeesiʼ na poonda ko kulya ti yöŋesiʼ ti perok liŋ?	Nan bubulö  tengu börik a logo yi kiden na yeyesi na ponda ko  kulya ti yöŋesi ti perok liŋ ko kwakwadu a ko togo'yu na töyili 	1			Kuku	train	6.626506024096385		False	0.056451612903225756	False	4.263288852650754	0.24665676077265974	True
eaf2feaa162e2c5b79c0a23abcdce106	33244	spontaneous-speech-ukv-33244.mp3	21708	3991	Nan ŋona bubulö tiju ʼbörik a logoʼ yi kiden na yeyeesiʼ na poonda ko kulya ti yöŋesiʼ ti perok liŋ?	a nan 'bu'bulä tijú 'bärik i tó ŋerot i yinga na ŋariyesi na gon um tikindá nan i tu ŋerot i kulysi kó i gbeliŋet liyó a madi i goliyesi kata a nan bäŋäni goliyesi a yeyesi kuwe a na tidi i pujó na ŋo logon i puputurú ŋerot 	1			Kuku	train	8.568269762299613		False	0.2068965517241379	False	6.161633495106752	0.9197622585438335	False
e9dcd66d26b3932c353f71bcc8b69d92	33377	spontaneous-speech-ukv-33377.mp3	8748	3991	Nan ŋona bubulö tiju ʼbörik a logoʼ yi kiden na yeyeesiʼ na poonda ko kulya ti yöŋesiʼ ti perok liŋ?	do kwakwadu idiŋitan kune liŋ anyen do röruöt kine yeiyesi	1			Kuku	train	5.601280292638318		False	0.0	False	4.699054673265575	0.4821693907875186	True
4b430d377aba6a707850db0b3318714e	33448	spontaneous-speech-ukv-33448.mp3	9576	3991	Nan ŋona bubulö tiju ʼbörik a logoʼ yi kiden na yeyeesiʼ na poonda ko kulya ti yöŋesiʼ ti perok liŋ?	e 'n bubulö tiju na 'börik i yeiyesi	1			Kuku	train	3.028404344193817		False	0.0	False	4.563986543448389	0.39821693907875183	True
8f02d83adfcef5096940ee32cf3acb24	34169	spontaneous-speech-ukv-34169.mp3	19620	3991	Nan ŋona bubulö tiju ʼbörik a logoʼ yi kiden na yeyeesiʼ na poonda ko kulya ti yöŋesiʼ ti perok liŋ?	yoyŋesi' kune jore parik tiyanana ama ko aje ponda ina mindi naŋ di ti nan joo koo ko matat ni ti nan kwakwadi' ŋun an kölöki teri lo ko matat ni	1			Kuku	train	5.861365953109072		False	0.147887323943662	False	5.948899359771323	0.8863298662704309	False
d61dfa8687c5e5b0d0a9ab598550b381	30255	spontaneous-speech-ukv-30255.mp3	26136	3912	Gbiyari lo sukuluwöt kasu ti gboke kune a ŋarakinda kenda na mede nenut/nasu na di nyo?	gbiyari lo sukuluwöt lo gboŋ kaŋ i bgwoke yu lo a ŋarakinda kenda na mede niyo' na i kikolin jore geleŋ na sukulu na gboŋ nyona ŋwajik kuwe' kulo a dara wörö sukulu murek nayit na gbiyari lo sukulu lu kata yu a lo'but parik logon ko nan 'ba pujö gurusu nagoŋ 'nrorobi tetek 'nbubulö pija na koko  ti  a ŋaraki nan ti ŋiro lio lo ti' ŋerot yi kenda	1			Kuku	train	10.560146923783288		False	0.1598837209302325	False	4.0046972564281065	0.1188707280832095	True
bc7de5ba8870d8cc13419daa6f9387f0	31393	spontaneous-speech-ukv-31393.mp3	22140	3912	Gbiyari lo sukuluwöt kasu ti gboke kune a ŋarakinda kenda na mede nenut/nasu na di nyo?	gboloŋ na sukuluwöt  yi gbokiyot kaŋ na a ŋarakinda ŋojik jore lo kenda kulo i pujö na kita na ŋarakinda koko baden i pujö na nene' ŋo' 	1			Kuku	train	4.878048780487805		False	0.17293233082706772	False	4.051663119286644	0.14338781575037146	True
ddae0f97a9679a1d5120cea6086416fd	31488	spontaneous-speech-ukv-31488.mp3	22428	3912	Gbiyari lo sukuluwöt kasu ti gboke kune a ŋarakinda kenda na mede nenut/nasu na di nyo?	sukuluwö kaaŋ i gboke ni kune a na'but s ŋwajik kaaŋ kulo wöwörö yi sukulu yu 'bakan na boda köti' yi' pupujö piyoŋ nagoŋ nakye' apiraki' sukulu ni na ŋarakinda mede niyaŋ na aa yi' si'da na'but yi nyona na sukulu	1			Kuku	train	7.713572320313893		False	0.16666666666666663	False	4.185674839216522	0.21099554234769688	True
009983f810033d5152ddab92674ee038	31693	spontaneous-speech-ukv-31693.mp3	22176	3912	Gbiyari lo sukuluwöt kasu ti gboke kune a ŋarakinda kenda na mede nenut/nasu na di nyo?	sukuluwöt na gboŋ kaaŋ yi gboke ni kune a tikinda midijin kaŋ kune yi metunda ŋo na'but naŋ yi' pupuun yi sukulu ni kune a tikinda yi gboŋ ko pusö yi sondu na  na ŋwajik kaŋ kulo yi sukulu atikinda yi 'dok köti yi puundö pusök  konesi' naŋ yi tijiri midijin kaŋ kune nake'	1			Kuku	train	9.785353535353536		False	0.31226765799256506	False	4.254968808428408	0.24294205052005943	True
3595372adebe9fa78cb5dbf05ddc6d75	31781	spontaneous-speech-ukv-31781.mp3	17640	3912	Gbiyari lo sukuluwöt kasu ti gboke kune a ŋarakinda kenda na mede nenut/nasu na di nyo?	ŋojik kulo kaŋ gboke yu jujiki adi kenda na a na'but molu tikinda ŋutú gboŋ ko mede ko gurusu ko ŋo ko arabia ko de 	1			Kuku	train	5.215419501133787		False	0.06140350877192979	False	4.472905971338454	0.34843982169390786	True
b5f5d64520d7376baeef5ca553c0c675	32218	spontaneous-speech-ukv-32218.mp3	63288	3912	Gbiyari lo sukuluwöt kasu ti gboke kune a ŋarakinda kenda na mede nenut/nasu na di nyo?	sukuluwöt kune kaŋ gboke ni tiinda ŋojik kulo yi pasi 'bura yala ŋojik kulo tunyöyi ko  'dötilön  lo'but ŋojik kulo memeta 'bura ko tisalin kulo ko de katodinök kulu yi sukuluwöt yu yala ŋojik kulo ŋaŋaraki yi kpake naŋ ko ko nyobulö roba na 'börik yi sukuluwön yu ko 'bakan na ko monyejin kase kulo ko ŋotejin kulo ko ke tuwan kilo ŋojik bubulö ropaji ko sukulu na manyen ko bubulö ŋarakinda na 'börik a tindi yi na mede kune yi gboŋ ko yenet na sondu na ŋojik kulo yi sukulu a ma'di ko ko  ko puwet na 'dit 	1			Kuku	train	6.43091897358109		True	0.3537549407114624	False			False
21ddeb69bfd3e57ad4af5253b149dd0f	32311	spontaneous-speech-ukv-32311.mp3	16956	3912	Gbiyari lo sukuluwöt kasu ti gboke kune a ŋarakinda kenda na mede nenut/nasu na di nyo?	yani sukuluöt kaŋ ti kokuwe kune ko todinkindö yi gbiyari lo'depa na mede ko mede na 'depa di nyo ko ŋojik kulo ko do totondinun di nyo	1			Kuku	train	6.428402925218212		False	0.12878787878787878	False	4.937160932964001	0.586924219910847	True
403eb42cb6d7bf4e1ab0b5007a937e98	32321	spontaneous-speech-ukv-32321.mp3	27648	3912	Gbiyari lo sukuluwöt kasu ti gboke kune a ŋarakinda kenda na mede nenut/nasu na di nyo?	gbiyari lo sukuluwöt naɲ gboŋ kaaŋ gboke ni kune a ŋarakinda midijin kaaŋ gboke ni kune a ko niyo' na kl kulya naŋ wörö na tupajo' 'ban ŋwajik kulo liŋ wörö yi pirit naŋ logga yala a ŋarakindi' 'dok kulo ŋwajik lo iik ko lobot kulo liŋ a tindi komonye kulo a gaga'yu kulya ti turansipot	1			Kuku	train	8.355034722222221		False	0.22968197879858654	False	4.546858339542953	0.3863298662704309	True
eaf2feaa162e2c5b79c0a23abcdce106	32789	spontaneous-speech-ukv-32789.mp3	16020	3912	Gbiyari lo sukuluwöt kasu ti gboke kune a ŋarakinda kenda na mede nenut/nasu na di nyo?	sukuluwat naŋ gboŋ kaŋ yi gboke ni kune a ŋarakinda ŋwajik kulo i kiko logoŋ ko ŋiro logon monye a pujö gurusu naŋ roropani a lepeŋat joŋadi' kinyo a se lo tikini' sukulu yu a ŋiro lo kendi' kenda 'bai ko roba	1			Kuku	train	10.486891385767793		False	0.11650485436893199	False	4.321970361904877	0.2771173848439822	True
03e89de29fa51f461c7ffb62db7c8e0d	32794	spontaneous-speech-ukv-32794.mp3	24840	3912	Gbiyari lo sukuluwöt kasu ti gboke kune a ŋarakinda kenda na mede nenut/nasu na di nyo?	bgeyari lo sukuluöt kaŋ i bgoke ni lo a ŋarakinda mede nio na kode mede niyaŋ na i kikölin jore togeleŋ bgeyari lo sukulu i bgoke ni lo a tikinda ŋutu kaŋ bgoke ni kulo parika liyöŋörö i tu kata yu	1			Kuku	train	6.320450885668277		False	0.2680412371134021	False	3.826049939032909	0.0713224368499257	True
e9dcd66d26b3932c353f71bcc8b69d92	32832	spontaneous-speech-ukv-32832.mp3	5796	3912	Gbiyari lo sukuluwöt kasu ti gboke kune a ŋarakinda kenda na mede nenut/nasu na di nyo?	puöni gurusu anyen ropani ŋojik i sukulu kak waran ŋutu gele geleŋ	1			Kuku	train	9.489302967563836		True	0.031746031746031744	False			False
4b430d377aba6a707850db0b3318714e	33078	spontaneous-speech-ukv-33078.mp3	21060	3912	Gbiyari lo sukuluwöt kasu ti gboke kune a ŋarakinda kenda na mede nenut/nasu na di nyo?	kenda na kaŋ gboke ni a ŋarakinda yi' parik ee parik na ŋojik na wate kune a nyu' tiki' a kuwesik i sukul yala kune' kune 'dok se na gbe'de a kuwesik ti wate i sukulu yu 'boŋ kenda na ŋarakinda kuwe' mede ni parik	1			Kuku	train	8.024691358024691		False	0.27142857142857146	False	3.832459365163457	0.07429420505200594	True
a9f74c616d972aac0bc6d66da0be03d8	33590	spontaneous-speech-ukv-33590.mp3	6876	3912	Gbiyari lo sukuluwöt kasu ti gboke kune a ŋarakinda kenda na mede nenut/nasu na di nyo?	a jonda 'durjö na'bijo parik kayaŋ yi midijin ni	1			Kuku	train	5.817335660267597		False	0.0	False	4.353300510970972	0.2949479940564636	True
8f02d83adfcef5096940ee32cf3acb24	34268	spontaneous-speech-ukv-34268.mp3	18828	3912	Gbiyari lo sukuluwöt kasu ti gboke kune a ŋarakinda kenda na mede nenut/nasu na di nyo?	sukuluwat na gboŋ kaŋ i gboke kune a ŋarakinda paarik kega naŋ di ŋojik kulo nye wörö ko kpake naŋ na galaŋ parik ko gboŋ sukuluwöt kune gboŋ nyona 	1			Kuku	train	6.373486297004462		False	0.15753424657534243	False	4.4354619700114	0.32838038632986627	True
c4b295f61c6417a48253b975d0db3dc3	29470	spontaneous-speech-ukv-29470.mp3	21240	3958	Nan de ŋona den ʼburaʼ dinyo nagoŋ di ŋiro liyoʼ lo pupu bitamen lo jujukin na?	na denda di ŋiro lio lo pupu bitamen na 'bura na kogwon ko nan meda mugun na lepeŋ na purun nake 'böriköt na puru nake a sokan lepeŋ lo puru a pirön i na kpeja di lepeŋ pupujö bitamen kai ko lepeŋ mugun kata 'dok sisi'da ko si'daet lo'but	1			Kuku	train	8.945386064030131		False	0.2297872340425532	False	4.614707157019985	0.4294205052005943	True
d61dfa8687c5e5b0d0a9ab598550b381	30434	spontaneous-speech-ukv-30434.mp3	21708	3958	Nan de ŋona den ʼburaʼ dinyo nagoŋ di ŋiro liyoʼ lo pupu bitamen lo jujukin na?	kiko logon nan dendi 'bura di ŋiro lio lo pupu bitamen lo ju jujukin i mugun lo a tinda nio na lepeŋ kode na ŋiro lo i nyesu na ŋo lo jounda bitamen nagon mimikin i mugun ni kode 'yalakinda na wini lo jounda bitamen i mugun ni	1			Kuku	train	8.245807997051777		False	0.2959641255605381	False	4.311685473807113	0.27414561664190196	True
b5f5d64520d7376baeef5ca553c0c675	31727	spontaneous-speech-ukv-31727.mp3	15840	3958	Nan de ŋona den ʼburaʼ dinyo nagoŋ di ŋiro liyoʼ lo pupu bitamen lo jujukin na?	'n denda i yak lo meda kulya ti kelan kulo kodo ko ŋiro liyo lo pujo bitamen kulo muda ko i kulon yapani ko i nanan diŋit	1			Kuku	train	5.997474747474747		False	0.1271186440677966	False	5.694879006970656	0.8343239227340268	False
403eb42cb6d7bf4e1ab0b5007a937e98	31757	spontaneous-speech-ukv-31757.mp3	26280	3958	Nan de ŋona den ʼburaʼ dinyo nagoŋ di ŋiro liyoʼ lo pupu bitamen lo jujukin na?	a ŋijik kulo ma bgoŋ ko bitamen lo'but do monye lo ti do kukukunaki ŋo lo nyenyei kulo ti bge loke ko de ŋote na ti bge a nake specily ŋote na nye kukunda ŋo lo nyenyei ko mindi ŋojik kulo totokuö kukuna loke yesu ŋo loŋ ata ko ki lo doru ti bge a loke ilo bitamem lon a ŋojik kulo bge a lo'but ti ŋojik kulo nye putukö ko yeiyesi	1			Kuku	train	9.855403348554033		False	0.3516819571865444	False	5.445824228306393	0.7644873699851411	False
3595372adebe9fa78cb5dbf05ddc6d75	31843	spontaneous-speech-ukv-31843.mp3	24480	3958	Nan de ŋona den ʼburaʼ dinyo nagoŋ di ŋiro liyoʼ lo pupu bitamen lo jujukin na?	ŋiro lio lo kodo pujo bitamen lo ke jujukin lo ko lepeŋ nyesu 'detilon ka'de ka'de loŋ ludweki kode lo 'di'iye mudiŋ a ko kilo winiko ti bitamen kulo 'dok ŋaŋarakinda	1			Kuku	train	5.555555555555555		False	0.14110429447852757	False	5.1038818362185046	0.6545319465081724	False
ddae0f97a9679a1d5120cea6086416fd	31945	spontaneous-speech-ukv-31945.mp3	22788	3958	Nan de ŋona den ʼburaʼ dinyo nagoŋ di ŋiro liyoʼ lo pupu bitamen lo jujukin na?	anyen ŋuro pupujö bitamen logon jujukin i mugun ti ŋiro yesiyesu ka'de ka'de gbeŋge koropo bgenge katelok na suwa bgenge lokore gbeŋge tamatim logon anyen ŋarakinda mugun na lepeŋ na köti 'dok ti lepeŋ jöŋanijöŋa i kadi na wini anyen pujö bit	1			Kuku	train	8.820431806213797		False	0.19665271966527198	False	4.916562567801055	0.5794947994056464	True
21ddeb69bfd3e57ad4af5253b149dd0f	32207	spontaneous-speech-ukv-32207.mp3	26136	3958	Nan de ŋona den ʼburaʼ dinyo nagoŋ di ŋiro liyoʼ lo pupu bitamen lo jujukin na?	ai ŋiro lo anyen gboŋ ko bitamin ko de manyen gboŋ ko mugun na 'but ti lepeŋ lo yeyesu ŋo gege prutś ŋo gege lu'dayäki ŋo gege lemun ŋo gege paipai kilo ŋo lo jonda 	1			Kuku	train	5.050505050505051		False	0.2195121951219512	False	5.669317812265244	0.8291233283803864	False
eaf2feaa162e2c5b79c0a23abcdce106	33122	spontaneous-speech-ukv-33122.mp3	10656	3958	Nan de ŋona den ʼburaʼ dinyo nagoŋ di ŋiro liyoʼ lo pupu bitamen lo jujukin na?	nan joŋga i lo ŋiro i jibitali diŋitan kune liŋ anyen lepeŋ bubulö momorani na bitamen loŋ lepeŋ ködö pupu lo	1			Kuku	train	8.352102102102101		False	0.05660377358490565	False	4.105266074546199	0.16939078751857356	True
a9f74c616d972aac0bc6d66da0be03d8	33417	spontaneous-speech-ukv-33417.mp3	6876	3958	Nan de ŋona den ʼburaʼ dinyo nagoŋ di ŋiro liyoʼ lo pupu bitamen lo jujukin na?	joŋandu na lubudi lo yi pirit na wini	1			Kuku	train	4.363001745200698		False	0.02941176470588236	False	5.609081739699658	0.8112927191679049	False
03e89de29fa51f461c7ffb62db7c8e0d	33516	spontaneous-speech-ukv-33516.mp3	8028	3958	Nan de ŋona den ʼburaʼ dinyo nagoŋ di ŋiro liyoʼ lo pupu bitamen lo jujukin na?	nan de deden 'bura di ŋiro liyo' lo pupu bitamen na ko tunyöju niyo' na lepeŋ 'bura'	1			Kuku	train	8.470353761833582		False	0.07407407407407407	False	4.670929932607154	0.46285289747399705	True
8f02d83adfcef5096940ee32cf3acb24	34184	spontaneous-speech-ukv-34184.mp3	18360	3958	Nan de ŋona den ʼburaʼ dinyo nagoŋ di ŋiro liyoʼ lo pupu bitamen lo jujukin na?	nan titmba ŋiro liyo lo di a pujö bitamen logon a lo'but lo  ko lepeŋ lo yeyesu koropo 'detilön nagon koropo köti ko lepeŋ lo nyenyesu ludueki ilo ŋiro 'n dendi pupujo bitammen loŋ lo'but	1			Kuku	train	8.278867102396514		False	0.18478260869565222	False	5.093758851226131	0.650074294205052	False
c4b295f61c6417a48253b975d0db3dc3	29473	spontaneous-speech-ukv-29473.mp3	22896	3935	Ŋutuu kulo kasu yi gboke siʼda a loʼbut ko kuleʼ ŋutuu le?	ŋutu kulo kuwe bgoke ni sisi'da a lo'but ko ku'e ŋutu kulo ama ko ŋutu lo ponda kaŋo lo mugun ko de ko bgeyari lo lepeŋ lo a loron a do momorani naga di ŋutu kulo a suluji bguwadu  lepeŋ kaŋo a bge a si'da ko  si'daet lo lo'but	1			Kuku	train	7.730607966457023		False	0.25	False	4.827771212892619	0.5430906389301634	True
d61dfa8687c5e5b0d0a9ab598550b381	30449	spontaneous-speech-ukv-30449.mp3	5688	3935	Ŋutuu kulo kasu yi gboke siʼda a loʼbut ko kuleʼ ŋutuu le?	ŋutu kulo kaŋ bgoke ni sisi'da 'bura ko ŋutu kulye	1			Kuku	train	7.208157524613221		True	0.1063829787234043	False			False
009983f810033d5152ddab92674ee038	31422	spontaneous-speech-ukv-31422.mp3	12600	3935	Ŋutuu kulo kasu yi gboke siʼda a loʼbut ko kuleʼ ŋutuu le?	eee ŋutu kulo kaŋ yi gboke yu si'da a lo'but ko toyiŋakin ko tunyar kase i gbokiot yu	1			Kuku	train	5.396825396825397		False	0.060975609756097615	False	4.309344259687602	0.2711738484398217	True
21ddeb69bfd3e57ad4af5253b149dd0f	31554	spontaneous-speech-ukv-31554.mp3	17856	3935	Ŋutuu kulo kasu yi gboke siʼda a loʼbut ko kuleʼ ŋutuu le?	yani ŋo' togeleŋ a ŋarju na yeiyesi' ŋarju na gbiyari lo'but yani sowingo na bgeyari lo'but a ko gboŋ na ŋutu' yi pirit nageleŋ	1			Kuku	train	5.82437275985663		False	0.17741935483870963	False	4.175889268597875	0.20802377414561665	True
bc7de5ba8870d8cc13419daa6f9387f0	31677	spontaneous-speech-ukv-31677.mp3	21636	3935	Ŋutuu kulo kasu yi gboke siʼda a loʼbut ko kuleʼ ŋutuu le?	'umm ŋutu kaŋ ti gbokiyot kulo yani yi' si'da ko nyarju ko koko kulo yi totoyiŋakin ko 'börik ko ŋutu' na puwö ko kulya do pujö di ŋutu poonda i pirit nageleŋ i ŋarakinda na 'börik a do töggi' saser a saser tögi' do do töggu luŋaser a luŋaser tögi' do liŋ ko nyarju na kristo na	1			Kuku	train	10.260676650027731		False	0.2472727272727273	False	4.389935869287589	0.31054977711738485	True
bc7de5ba8870d8cc13419daa6f9387f0	31677	spontaneous-speech-ukv-31677.mp3	21636	3935	Ŋutuu kulo kasu yi gboke siʼda a loʼbut ko kuleʼ ŋutuu le?	ummm ŋutu kaŋ ti gbokiyot kulo yi si'da ko nyarju yani ko kulo yi' totoyiŋakin ko 'börik ko ŋutu' na puwö ko kulya do pujö di ŋutuu liŋ ponda pirit na geleŋ yi ŋsrakinda ns 'börik aa do töggu saser a saser töggi do do töggu luŋader a luŋaser töggi' do ko nyarju na Kristo na	1			Kuku	train	10.12201885745979		False	0.22878228782287824	False	4.596035130461202	0.42050520059435365	True
b5f5d64520d7376baeef5ca553c0c675	31765	spontaneous-speech-ukv-31765.mp3	16416	3935	Ŋutuu kulo kasu yi gboke siʼda a loʼbut ko kuleʼ ŋutuu le?	kule ŋutu kulo kaaŋ  gboke ni si'da 'bura lakin kule kulo a si'da 'bura ko 'börik ayi diŋit mömörötu ko 'börik rerenya bes mandu ko 'börik na se	1			Kuku	train	7.0662768031189085		False	0.24113475177304966	False	4.811044450143998	0.5356612184249628	True
3595372adebe9fa78cb5dbf05ddc6d75	31875	spontaneous-speech-ukv-31875.mp3	9108	3935	Ŋutuu kulo kasu yi gboke siʼda a loʼbut ko kuleʼ ŋutuu le?	ee ŋutulu kaŋ yi gboke yu  sisi'da 'bura ko kule'	1			Kuku	train	4.281949934123847		False	0.0	False	4.005050213758815	0.11961367013372957	True
403eb42cb6d7bf4e1ab0b5007a937e98	32175	spontaneous-speech-ukv-32175.mp3	24120	3935	Ŋutuu kulo kasu yi gboke siʼda a loʼbut ko kuleʼ ŋutuu le?	ŋutu' kulo ko totoyiŋakin  jur lo gboŋ ko lyöŋön  a gboŋ ko mörö ko kulya narok na ponda a  ko liŋ wöröni yi piri̧t na geleŋ ko miriku lo ponda a ko wöröni  liŋ yi pirit na geleŋ gbeŋgeyi kenisa ko kule ŋo loŋ ko kulu kulya ti jibitali kulya ti  piyoŋ yi jur kata ni koko lo denda koko konda dinyo	1			Kuku	train	9.577114427860696		False	0.2755102040816326	False	4.263078391099423	0.24591381872213966	True
eaf2feaa162e2c5b79c0a23abcdce106	33318	spontaneous-speech-ukv-33318.mp3	8856	3935	Ŋutuu kulo kasu yi gboke siʼda a loʼbut ko kuleʼ ŋutuu le?	a kenda na a tikinda ŋutuu kulo si'dani ko taliŋ wo si'dani 'bura ko 'börik mömörötu bge 'bayin	1			Kuku	train	8.807588075880759		False	0.09782608695652173	False	4.068022116905246	0.15230312035661217	True
4b430d377aba6a707850db0b3318714e	33470	spontaneous-speech-ukv-33470.mp3	21060	3935	Ŋutuu kulo kasu yi gboke siʼda a loʼbut ko kuleʼ ŋutuu le?	kaŋ yi gboke ni ŋutuu kulo sisi'da a lo'but ko böt nagon ŋun a kulya adi nyare nyar jiranti let lo gbe na do nyarjini mugun net na a tikinda yi 'dok kaaŋ gboke yu yi sisi'da a lo'but ko kule' ŋutu	1			Kuku	train	7.359924026590694		False	0.18134715025906734	False	4.443254757004008	0.3328380386329866	True
a9f74c616d972aac0bc6d66da0be03d8	33563	spontaneous-speech-ukv-33563.mp3	5328	3935	Ŋutuu kulo kasu yi gboke siʼda a loʼbut ko kuleʼ ŋutuu le?	ŋutuu kulo si'da ko toyiŋakin i pirit nageleŋ	1			Kuku	train	7.132132132132131		True	0.0	False			False
e9dcd66d26b3932c353f71bcc8b69d92	33686	spontaneous-speech-ukv-33686.mp3	5148	3935	Ŋutuu kulo kasu yi gboke siʼda a loʼbut ko kuleʼ ŋutuu le?	ee yi si'da na'but	1			Kuku	train	2.913752913752914	transcription-length	True	0.0	False			False
8f02d83adfcef5096940ee32cf3acb24	34175	spontaneous-speech-ukv-34175.mp3	9216	3935	Ŋutuu kulo kasu yi gboke siʼda a loʼbut ko kuleʼ ŋutuu le?	eee ŋutu' kaŋ ti gboke kulo si'da  lo'but ko kule ŋutu'	1			Kuku	train	4.774305555555555		False	0.09615384615384615	False	4.2880160466645725	0.25928677563150077	True
c4b295f61c6417a48253b975d0db3dc3	29452	spontaneous-speech-ukv-29452.mp3	22068	3943	Ta wuʼyö kaʼdolak kulo dinyo kasu yi gboke ni?	kadolak kaŋ kulo i bgoke ni yi wu'yo koko i metett nagon ŋutu ko a kenda bgoŋ ko metet na ŋerot kode a lepeŋ a kenda a iti vot a lepeŋ wuleni kata ni bgoŋ ti na	1			Kuku	train	5.6189958310676085		False	0.15286624203821653	False	5.120311548789581	0.6612184249628529	False
03e89de29fa51f461c7ffb62db7c8e0d	30056	spontaneous-speech-ukv-30056.mp3	10368	3943	Ta wuʼyö kaʼdolak kulo dinyo kasu yi gboke ni?	 kaŋ i bgoke ni yi wuyunda ka'dolak kaŋ kulo ko roman ti yi a ruguŋöki ka a yi tikindi ko kulo si'desi	1			Kuku	train	7.716049382716049		False	0.09090909090909094	False	6.070349192677025	0.9063893016344725	False
d61dfa8687c5e5b0d0a9ab598550b381	30232	spontaneous-speech-ukv-30232.mp3	21636	3943	Ta wuʼyö kaʼdolak kulo dinyo kasu yi gboke ni?	kaaŋ yi gboke yu ko ka'dolo ko ka'dolak lo wulö ŋutuu 'doggu könisi ki yi wulundö na se logoŋ liliwaki' kulo a ŋutuu kulo liwakini' kase koko yi oo logoŋ a wule' logoŋ ŋutuu kulo nyanyar lo ŋutuu kulo liwani' ko lopeɲ oo ni jore a lopeŋ lo kenani' di a wule' kode' a nye lo lwöŋöddu	1			Kuku	train	10.445553706784988		False	0.2652329749103942	False	5.500614750130602	0.7786032689450223	False
403eb42cb6d7bf4e1ab0b5007a937e98	31482	spontaneous-speech-ukv-31482.mp3	36468	3943	Ta wuʼyö kaʼdolak kulo dinyo kasu yi gboke ni?	yi wörö ko ka'dolak kulo kaŋ gboke ni gboŋge ko  yi wuju komon a kedmen lo tukökindi ŋutuu lo kurundö kulo adi komon kulo i ponda a yi wuyuni ko kilo ka'dolak a yi' poki jambu na nyönyökesi' ti mitiŋ naŋ a na'but na 'depani jur a kirut a yi yiteni bot a yi' tukökindi ŋutuu kulo di yi' ti jambu tina yala a ka'dolak kaŋ ti jur 'ba todindö yi' liyaŋesi' nagoŋ a yi' yiti' yi ŋo' nagoŋ a morakinda ko koko yi mindi ŋo' naŋ ti momorakinda ko koko i jur kata ni	1			Kuku	train	9.926510913677744		True	0.32819383259911894	False			False
bc7de5ba8870d8cc13419daa6f9387f0	31499	spontaneous-speech-ukv-31499.mp3	21600	3943	Ta wuʼyö kaʼdolak kulo dinyo kasu yi gboke ni?	wörö niyo' ko ka'durö kilo kaaŋ yi gboke ni na yi' wörö yi taliŋ yi' wörö 'dok yi piritön nagoŋ yi den di a joŋaddu ŋutu' yi kulyaŋan naŋ naron a jojoondi' lakapataji kaaŋ yi loki na      	1			Kuku	train	6.759259259259259		False	0.1567567567567567	False	5.5250425173556685	0.7845468053491828	False
21ddeb69bfd3e57ad4af5253b149dd0f	31595	spontaneous-speech-ukv-31595.mp3	30636	3943	Ta wuʼyö kaʼdolak kulo dinyo kasu yi gboke ni?	yani wule' na ka'dolanit losu kasu gboke ni lo ta a momorja ta a tinda loŋe a ŋutuu kulo momorundi' momorunda a ta kirut suluji' wu'yö na ka'dolanit lo ta soju kenisi' ki a ta kirut wulundi' ka'dolanit losu lo yi ŋutuu katani	1			Kuku	train	5.973364669016843		True	0.3153153153153153	False			False
ddae0f97a9679a1d5120cea6086416fd	31703	spontaneous-speech-ukv-31703.mp3	17100	3943	Ta wuʼyö kaʼdolak kulo dinyo kasu yi gboke ni?	yi wuju ka'dolak kaŋ ko liyöŋön yi wuju se ko si'desi' a yi 'dok tukökindi' koko goliesi' kaŋ nagon kata	1			Kuku	train	4.970760233918128		False	0.1188118811881188	False	5.696672686330426	0.8350668647845468	False
009983f810033d5152ddab92674ee038	31800	spontaneous-speech-ukv-31800.mp3	15480	3943	Ta wuʼyö kaʼdolak kulo dinyo kasu yi gboke ni?	ka'dolak kulo yi' wu'yo yi' tununda ŋutuu ti gboke kulo liŋ pirit nageleŋ a ŋutuu kulo soji könisi' ki a ŋutu' loŋ könisi' kayit a suwe ki jore lo nye lo 'doladi' ilo gboke	1			Kuku	train	8.979328165374676		False	0.1952662721893491	False	5.163731466181804	0.6760772659732541	False
b5f5d64520d7376baeef5ca553c0c675	31811	spontaneous-speech-ukv-31811.mp3	14868	3943	Ta wuʼyö kaʼdolak kulo dinyo kasu yi gboke ni?	yi' gumba vot kode' waraga na wuleni ka'dolak yala ŋutu'lo pujö vots jore lo kode' waragat jore lo nye gboŋ a ka'dolanit liyaŋ	1			Kuku	train	6.994888350820554		False	0.17886178861788615	False	5.228441293321732	0.7043090638930164	False
3595372adebe9fa78cb5dbf05ddc6d75	31867	spontaneous-speech-ukv-31867.mp3	15876	3943	Ta wuʼyö kaʼdolak kulo dinyo kasu yi gboke ni?	kaaŋ yi gboke ni yi' wulundö ka'dolak kune ko waragalin yi wurjo waragalin a kenani' kena	1			Kuku	train	4.661123708742757		False	0.13953488372093026	False	5.830227834711317	0.8647845468053492	False
eaf2feaa162e2c5b79c0a23abcdce106	33095	spontaneous-speech-ukv-33095.mp3	12960	3943	Ta wuʼyö kaʼdolak kulo dinyo kasu yi gboke ni?	pujö ka'dolak yi' soju könisi kulo ki kode yi pokin yi line yi ooo na ŋutu' logbon wuwule lo	1			Kuku	train	5.709876543209877		False	0.0337078651685393	False	6.32068814947452	0.9361069836552749	False
4b430d377aba6a707850db0b3318714e	33438	spontaneous-speech-ukv-33438.mp3	19908	3943	Ta wuʼyö kaʼdolak kulo dinyo kasu yi gboke ni?	a wu'yä katolag kaŋ kulo aa yi gugubá ko ban tina ta dok liwaki i layin a ta kiduŋ um liwakini oo na ŋutú lo dó mindi nye lo ko lolon a dó wuwulundä	1			Kuku	train	6.077958609604178		False	0.07947019867549665	False	7.6763238015057125	0.9940564635958395	False
c4b295f61c6417a48253b975d0db3dc3	29483	spontaneous-speech-ukv-29483.mp3	21600	3952	Do yeyeju kulya ti ʼdeʼya na gurusu yi kikoʼ lo köbuŋöt dinyo?	'dela na gurusu i kiko lk kobuŋöt na'but parik ŋarakinda do i de'ya kata na kiko logon dó wöwöröjini kiko loŋ lo jo 'boŋ tii da a 'dute a do momorani momorani na'but togolesi 'ban	1			Kuku	train	6.759259259259259		False	0.14689265536723162	False	4.79315018281359	0.5282317979197623	True
d61dfa8687c5e5b0d0a9ab598550b381	30296	spontaneous-speech-ukv-30296.mp3	25056	3952	Do yeyeju kulya ti ʼdeʼya na gurusu yi kikoʼ lo köbuŋöt dinyo?	de'ya na gurusu yi kiko' lo köbuŋöt na a na'but  lakin gown ko yeŋesi jore tiyanana  kolak  kule  gwe kata  logon  koko'ya gurusu   'dog yi kiko lo kobuŋöt 'bong kine yeŋesi  nagon gown kata ama ködö totonyonga  d̄i wuleg  bubulö ŋarakinda  di ̧wuleg bubulök logu lakin kilo kolak se logon a lorok se lo  tokujendu	1			Kuku	train	9.857918263090676		False	0.202572347266881	False	5.283522806933097	0.7199108469539376	False
ddae0f97a9679a1d5120cea6086416fd	31582	spontaneous-speech-ukv-31582.mp3	23616	3952	Do yeyeju kulya ti ʼdeʼya na gurusu yi kikoʼ lo köbuŋöt dinyo?	'dela na gurusu i kobuŋöt na a na'but kobgoŋ ŋarakinda do i 'de'ya kine gurut ŋarakinda do i nene diŋit ko do ti 'bunyoki i nene pirit nagon togolon na gurusutöt kata a do 'dumundi 'dumunda do ŋarakindi 'börik	1			Kuku	train	7.240853658536586		False	0.2669902912621359	False	4.107561922199172	0.17087667161961367	True
bc7de5ba8870d8cc13419daa6f9387f0	31655	spontaneous-speech-ukv-31655.mp3	22176	3952	Do yeyeju kulya ti ʼdeʼya na gurusu yi kikoʼ lo köbuŋöt dinyo?	'deya na gurusu i kune kadijin na 'delani gurusu kune ŋarakinda i kikölin ka'de ka'de togeleŋ na ŋutu 'ban logon deden di do ko gurusu na mukune 'boŋ kolak 'dok 'ban lo kokoladu bgenge kulu wuresi logon do totopodu kulo do tung na denda	1			Kuku	train	8.703102453102453		False	0.1802575107296137	False	4.5550059856465195	0.38930163447251115	True
3595372adebe9fa78cb5dbf05ddc6d75	31662	spontaneous-speech-ukv-31662.mp3	15120	3952	Do yeyeju kulya ti ʼdeʼya na gurusu yi kikoʼ lo köbuŋöt dinyo?	'ba na 'but i te'ya na gurusu i kiko lo kobuŋöt ko gboŋ ko simu na ko likin a kine gurusu kunu liilikinyörö' to 	1			Kuku	train	5.82010582010582		False	0.11926605504587151	False	5.787043460394717	0.8551263001485884	False
403eb42cb6d7bf4e1ab0b5007a937e98	32014	spontaneous-speech-ukv-32014.mp3	29916	3952	Do yeyeju kulya ti ʼdeʼya na gurusu yi kikoʼ lo köbuŋöt dinyo?	tiyanana gurut kune ŋutu' sondu ko yina ŋo luŋu a köbuŋöt na  nye na ŋarakinda ŋutu' asandi yilo ŋo' lo tiysns yayakiya na ŋutu' kons da kune gbe 'ban kak na a ke toludukö ko yina tokenda na ŋutuu 'boŋ nye na woŋgiri ŋutu' di ŋo' kune liŋ tiyana a wora pölyölyö ko do 'ba mindi tu siya' do lu sondu yi naŋo' na luŋu a köbuŋöt na a tu punörö ko lu suwöt yu a do lu ti 'duu'dumadu	1			Kuku	train	9.961224762668806		True	0.2533333333333333	False			False
009983f810033d5152ddab92674ee038	32125	spontaneous-speech-ukv-32125.mp3	13356	3952	Do yeyeju kulya ti ʼdeʼya na gurusu yi kikoʼ lo köbuŋöt dinyo?	'n yeyeju di ilo kiko' 'ba lo'but i 'delani na gurut kogboŋ nene' diŋit na köbuŋöt na gboŋ 'ban  'du'duŋgö ko do mimindi kitani na gurusu kune a do gbe nyöbulö 'dumunda	1			Kuku	train	10.182689427972448		False	0.10303030303030303	False	4.606928748743281	0.424962852897474	True
eaf2feaa162e2c5b79c0a23abcdce106	32748	spontaneous-speech-ukv-32748.mp3	16596	3952	Do yeyeju kulya ti ʼdeʼya na gurusu yi kikoʼ lo köbuŋöt dinyo?	nan yeyeju adi gurusu kune 'dela i bank ko do wöwórö i kiko do wörö kanan anyen gurusu kune bgwon ti likin ko do a yenga pirit na do tu kata nu a do ko 'dumundi gurusu konuk kune i bank anyen do jujukin kitani	1			Kuku	train	9.942154736080983		False	0.22815533980582525	False	5.177022770576908	0.6827637444279346	False
e9dcd66d26b3932c353f71bcc8b69d92	33333	spontaneous-speech-ukv-33333.mp3	8496	3952	Do yeyeju kulya ti ʼdeʼya na gurusu yi kikoʼ lo köbuŋöt dinyo?	tinda na gurusu i kikolin ti ko'buŋat kulo a lo'but 	1			Kuku	train	4.943502824858757		False	0.020408163265306145	False	4.24935182549997	0.24145616641901932	True
a9f74c616d972aac0bc6d66da0be03d8	33709	spontaneous-speech-ukv-33709.mp3	9288	3952	Do yeyeju kulya ti ʼdeʼya na gurusu yi kikoʼ lo köbuŋöt dinyo?	'de'ya na gurusu i kiko lo kobuŋöt lo a na'but nyena tinda do yi logu na marate di wulek	1			Kuku	train	7.536606373815676		False	0.03529411764705881	False	5.444530181925912	0.763001485884101	False
8f02d83adfcef5096940ee32cf3acb24	34162	spontaneous-speech-ukv-34162.mp3	10980	3952	Do yeyeju kulya ti ʼdeʼya na gurusu yi kikoʼ lo köbuŋöt dinyo?	'de'ya na gurusu yi beŋge na a ŋo' nagongiti a na'but do gboŋ ko yinikindö ti gurut könuk kune kata	1			Kuku	train	7.285974499089253		False	0.04166666666666663	False	4.392442947904552	0.312778603268945	True
c4b295f61c6417a48253b975d0db3dc3	29719	spontaneous-speech-ukv-29719.mp3	19836	3974	Do ŋona met kenda na molu bubulö tetenda ŋerot na gboke losi lo dinyo?	kenda na molu bubulö tetenda na gwoke nikana na kobgon denesi kune ko ere  denda 'börik gwokeyöt kune diŋitan  kune liŋ  ŋutu' totoyiŋakin ko 'börik a ŋutu' dendi' denda adi kune kulya a na'but kune kulya a narok ŋutu' bge a lo'but	1			Kuku	train	9.427303891913692		False	0.26754385964912286	False	4.2906935101335115	0.26151560178306094	True
d61dfa8687c5e5b0d0a9ab598550b381	30407	spontaneous-speech-ukv-30407.mp3	17640	3974	Do ŋona met kenda na molu bubulö tetenda ŋerot na gboke losi lo dinyo?	kenda na molu teeten ŋerot na gboke liyaŋ lu ko yi kiko' logoŋ ko ka'dolak kulo liŋ  gbe a logon a kenda kilo yina ŋerot  na i lo jur liyaŋ gbe'de lo'but	1			Kuku	train	6.802721088435374		False	0.12	False	4.4650905884268175	0.3462109955423477	True
009983f810033d5152ddab92674ee038	31511	spontaneous-speech-ukv-31511.mp3	22356	3974	Do ŋona met kenda na molu bubulö tetenda ŋerot na gboke losi lo dinyo?	kendya na bubulö kukunda na gboke likaŋ yi kikolin ka'de ka'de ŋutulu lo kenda kulo bubulö 'dulö na jibitiliya na ŋarakinda ŋutuu yi gboke kode' bubulö duggö na sukuluwöt na tinda ŋojik a kendi' kenda katani	1			Kuku	train	7.693684022186437		False	0.21568627450980393	False	4.063660455366735	0.15081723625557206	True
3595372adebe9fa78cb5dbf05ddc6d75	31521	spontaneous-speech-ukv-31521.mp3	13176	3974	Do ŋona met kenda na molu bubulö tetenda ŋerot na gboke losi lo dinyo?	kenda na a na'but parik tikinda ŋoji kaaŋ kulo a gboŋ kolak tikinda koko tetenda 'börik a lo'but ko a loke'	1			Kuku	train	6.602914389799635		False	0.16346153846153844	False	3.6202895230609573	0.033432392273402674	True
ddae0f97a9679a1d5120cea6086416fd	31891	spontaneous-speech-ukv-31891.mp3	22500	3974	Do ŋona met kenda na molu bubulö tetenda ŋerot na gboke losi lo dinyo?	nan medda di kenda na molu bubulö tetenda na ŋerot niyaŋ na kogbon ko yi' aje kenda sukuluwöt kune molu 'duköni' 'dukö jibitaliyajin 'duköni' 'dukö yi 'dok kikolin kaaŋ gbe'deŋe a lokye' 'boŋ ŋerot niyaŋ gboŋ a nake	1			Kuku	train	7.911111111111111		False	0.2028301886792453	False	4.371960525297836	0.30534918276374445	True
bc7de5ba8870d8cc13419daa6f9387f0	31983	spontaneous-speech-ukv-31983.mp3	9288	3974	Do ŋona met kenda na molu bubulö tetenda ŋerot na gboke losi lo dinyo?	kenda na jonda 'durjö na bgokiyöt kaŋ a 'dok 'durjö na nyakwerat kaŋ	1			Kuku	train	6.029285099052541		False	0.19999999999999996	False	5.080258018903598	0.6433878157503715	False
b5f5d64520d7376baeef5ca553c0c675	32002	spontaneous-speech-ukv-32002.mp3	13176	3974	Do ŋona met kenda na molu bubulö tetenda ŋerot na gboke losi lo dinyo?	um medda di kenda na molu totodurjö gboke niyaŋ na  yala sisiara' ai yupesi' lorok lo gboŋ ko yak kuló kuwe ni kulo	1			Kuku	train	7.0582877959927135		False	0.04424778761061943	False	5.385574204067665	0.7481426448736999	False
21ddeb69bfd3e57ad4af5253b149dd0f	32334	spontaneous-speech-ukv-32334.mp3	18576	3974	Do ŋona met kenda na molu bubulö tetenda ŋerot na gboke losi lo dinyo?	'busan na sukulu na malu i ŋerot nayit do pujö di a jondi yani  'busan kaŋ i bgokiyöt yu do pujö naŋ di sukuluöt 'du'dukö kikölin kukuna sukuluöt 'du'dukö	1			Kuku	train	6.729112833763996		False	0.2185430463576159	False	4.256250991231252	0.2436849925705795	True
e9dcd66d26b3932c353f71bcc8b69d92	32700	spontaneous-speech-ukv-32700.mp3	20268	3974	Do ŋona met kenda na molu bubulö tetenda ŋerot na gboke losi lo dinyo?	kenda na tetenda ŋo'  gboso  'dukö na sukuluöt i na tetenda bgwoke losu sukuluöt jibitali nye na tinda a bgwoke  gboŋ lo'but	1			Kuku	train	4.933885928557332		False	0.2479338842975206	False	4.273503119228626	0.2526002971768202	True
eaf2feaa162e2c5b79c0a23abcdce106	32919	spontaneous-speech-ukv-32919.mp3	19476	3974	Do ŋona met kenda na molu bubulö tetenda ŋerot na gboke losi lo dinyo?	nan meda di kenda na jujukin tetenda na bgwoke liyaŋ lo i perok ti ŋerot kogwoŋ ko ŋutu kulo liŋ aje kenda ŋutu kulo liŋ si'dani ko taliŋ momorotu gbe 'bayin bgwoke lo 'du'durjo kogwon ŋutu kulo 'dukon 'dukö nagon a na'but ŋutu kulo si'dani ko toyiŋakin ko 'börik	1			Kuku	train	11.039227767508727		False	0.25769230769230766	False	4.144193708696236	0.18647845468053492	True
a9f74c616d972aac0bc6d66da0be03d8	33441	spontaneous-speech-ukv-33441.mp3	10296	3974	Do ŋona met kenda na molu bubulö tetenda ŋerot na gboke losi lo dinyo?	pujö na koŋon na tikinda do yi pujö na todinesi' ma'but a do ko todinfi ŋutuu ti gbokiyot kulo	1			Kuku	train	7.381507381507382		False	0.13186813186813184	False	4.537575758489874	0.3818722139673105	True
4b430d377aba6a707850db0b3318714e	33505	spontaneous-speech-ukv-33505.mp3	21600	3974	Do ŋona met kenda na molu bubulö tetenda ŋerot na gboke losi lo dinyo?	ko do nyu' kenda do lo nyu' momor do punepu gurursu a do medi' jur lo a 'durji'  'durjö kikölin kulo a kukunani kukuna a lo'but yala sukuluöt 'du'dukö ee jibitaliajin 'du'dukö kine liŋ ponda ko bot na kenda	1			Kuku	train	7.731481481481481		False	0.15270935960591137	False	4.986894203310349	0.6077265973254086	False
8f02d83adfcef5096940ee32cf3acb24	34327	spontaneous-speech-ukv-34327.mp3	14328	3974	Do ŋona met kenda na molu bubulö tetenda ŋerot na gboke losi lo dinyo?	bgwoke liyaŋ lo 'du'durjo kega parik ko kulya ti kenda kune ko ŋwajik kaŋ lo kenda kulo poponda i pirit na geleŋ a tindi pete na ŋo geleŋ	1			Kuku	train	7.677275265214963		False	0.14179104477611937	False	3.4655198504843083	0.019316493313521546	True
c4b295f61c6417a48253b975d0db3dc3	29651	spontaneous-speech-ukv-29651.mp3	18828	3973	Kenda na a lwöggu yi jowunda na moret ko toyiŋakin dinyo kasu yi gboke ni?	Kenda na a lwöggu yi ko a jowunda tomorate na 'bijong parik kaŋ bgwoke ni kogwon ŋutulu lo kenda kulo totoyiŋakin dende ŋo naga a na'but koko a lewudya kulya nagon ti kenda kune a bgwe a narok kogwon koko den ŋo na'but kune	1			Kuku	train	9.560229445506693		False	0.19999999999999996	False	4.460506939268573	0.3447251114413076	True
d61dfa8687c5e5b0d0a9ab598550b381	30295	spontaneous-speech-ukv-30295.mp3	30096	3973	Kenda na a lwöggu yi jowunda na moret ko toyiŋakin dinyo kasu yi gboke ni?	kenda na a jounda möret ko töyiŋakin na 'bijö parik i gboke ni kogwon tiyana ŋutuu kulo dene den 'de'ya na gurusu kase i pirit nageleŋ ko bulöne bulö konda na kitajin kune' nagon luŋu a sasaiti i kule kutujin nagon tikinds ŋutuu kulo kita i pirit nageleŋ ŋutu kulo 'dok deneden ko se a rerenya ko kulya kune to'dutö di nyo ko i na rerenya to'duto dinyo	1			Kuku	train	9.469696969696969		True	0.2177650429799427	False			False
3595372adebe9fa78cb5dbf05ddc6d75	31455	spontaneous-speech-ukv-31455.mp3	9720	3973	Kenda na a lwöggu yi jowunda na moret ko toyiŋakin dinyo kasu yi gboke ni?	kenda na a tikinda yi totoyiŋaki ko yi bgoŋ a ŋo geleŋ	1			Kuku	train	4.423868312757201		False	0.039215686274509776	False	3.5478786975867616	0.02451708766716196	True
ddae0f97a9679a1d5120cea6086416fd	31790	spontaneous-speech-ukv-31790.mp3	18288	3973	Kenda na a lwöggu yi jowunda na moret ko toyiŋakin dinyo kasu yi gboke ni?	kenda na lwögu parik kobgon ŋutu toyiŋaki toyiŋakin do deden wurjö do deden kenda na kutuk logon lo leteleme lo 	1			Kuku	train	5.030621172353456		False	0.19266055045871555	False	5.147249875213347	0.6679049034175334	False
b5f5d64520d7376baeef5ca553c0c675	31980	spontaneous-speech-ukv-31980.mp3	13500	3973	Kenda na a lwöggu yi jowunda na moret ko toyiŋakin dinyo kasu yi gboke ni?	kenda yi pirit nageleŋ a ko ŋarju na yeyeesi' yi pirit nageleŋ an a jowunda moret ako toyiŋakin na ŋutuu kaaka'de kaaŋ yi gboke ni 	1			Kuku	train	7.851851851851852		False	0.15625	False	3.7305030295389257	0.05349182763744428	True
bc7de5ba8870d8cc13419daa6f9387f0	32015	spontaneous-speech-ukv-32015.mp3	7020	3973	Kenda na a lwöggu yi jowunda na moret ko toyiŋakin dinyo kasu yi gboke ni?	a jonda toyiŋakin a ko 'duret	1			Kuku	train	3.418803418803418		False	0.0	False	5.539074352316083	0.7890044576523031	False
403eb42cb6d7bf4e1ab0b5007a937e98	32023	spontaneous-speech-ukv-32023.mp3	27756	3973	Kenda na a lwöggu yi jowunda na moret ko toyiŋakin dinyo kasu yi gboke ni?	a sukul na ŋarakin yi' yi' kikolin jore tianana ko ta gboŋ ko moret ŋutuu kulo jambu a loŋ ti mulökötio' beko ŋutu kulo ke tokena lakini diŋit naŋ ŋutuu kulo 'baa tokena na do a pujö naŋ di le ŋutu' kata logoŋgiti gboŋ ko taili loŋ a lo'but a do lu sisi'daki tiyana ŋutuu kulo liŋ jambu a ti mulökötiyo' a yina sukulu 	1			Kuku	train	9.151174520824329		False	0.23492063492063497	False	5.03310604793679	0.62481426448737	False
009983f810033d5152ddab92674ee038	32247	spontaneous-speech-ukv-32247.mp3	10116	3973	Kenda na a lwöggu yi jowunda na moret ko toyiŋakin dinyo kasu yi gboke ni?	kenda na todindö ŋutu' kulya ti ŋarju na kulya i pirit na geleŋ ko i kita i gurupon ka'de ka'de	1			Kuku	train	7.512850929221036		False	0.10869565217391308	False	3.841007110749945	0.07800891530460624	True
21ddeb69bfd3e57ad4af5253b149dd0f	32342	spontaneous-speech-ukv-32342.mp3	11556	3973	Kenda na a lwöggu yi jowunda na moret ko toyiŋakin dinyo kasu yi gboke ni?	kenda na jounda toyiŋakin kasu yi bgoke ni i kega parik ta dende  ŋo na'but ko naron ko a nyo	1			Kuku	train	6.317064728279681		False	0.033333333333333326	False	4.657394102129958	0.4524517087667162	True
e9dcd66d26b3932c353f71bcc8b69d92	32725	spontaneous-speech-ukv-32725.mp3	21096	3973	Kenda na a lwöggu yi jowunda na moret ko toyiŋakin dinyo kasu yi gboke ni?	ŋutu kulo ko a ko kenda jonda mömörötu nyena tinda taliŋ gboŋ 'ban lakini tina de na ŋutú kulo a je kenda a jondi toyiŋakin na i jur	1			Kuku	train	5.024649222601441		False	0.1461538461538462	False	4.546744846278207	0.38558692421991086	True
a9f74c616d972aac0bc6d66da0be03d8	33137	spontaneous-speech-ukv-33137.mp3	10188	3973	Kenda na a lwöggu yi jowunda na moret ko toyiŋakin dinyo kasu yi gboke ni?	kikö geleŋ lo jounda toyiŋin ko tomore i jur kata ni lo a 'dukökindö na sukulu i jur kata ni	1			Kuku	train	7.165292500981547		False	0.1348314606741573	False	4.9211208184339394	0.5809806835066865	True
4b430d377aba6a707850db0b3318714e	33148	spontaneous-speech-ukv-33148.mp3	19980	3973	Kenda na a lwöggu yi jowunda na moret ko toyiŋakin dinyo kasu yi gboke ni?	yi kenda ni  ko do  kekenda do na totodiniki' nyarju  ko tokelan ko toyiŋakin yi jur katani  ko ta ködö yiŋga 'börik dinyo yi jur katani	1			Kuku	train	5.355355355355355		False	0.18796992481203012	False	4.663324005934922	0.45690936106983654	True
03e89de29fa51f461c7ffb62db7c8e0d	33159	spontaneous-speech-ukv-33159.mp3	14508	3973	Kenda na a lwöggu yi jowunda na moret ko toyiŋakin dinyo kasu yi gboke ni?	kenda na ajonda tojulin ko moret i ŋutu liŋ i kaŋ i gboke ni ko jonda na koko i pirit na geleŋ i ŋarju na kulyesi ti sukuluöt	1			Kuku	train	6.754893851668045		False	0.11475409836065575	False	3.9546054216440254	0.10698365527488855	True
eaf2feaa162e2c5b79c0a23abcdce106	33310	spontaneous-speech-ukv-33310.mp3	8100	3973	Kenda na a lwöggu yi jowunda na moret ko toyiŋakin dinyo kasu yi gboke ni?	ŋutu' kulo diŋitan liŋ gbe'de ko  toyiŋakin ko 'barik	1			Kuku	train	5.432098765432099		False	0.020000000000000018	False	3.8782727437586653	0.08543833580980684	True
8f02d83adfcef5096940ee32cf3acb24	34311	spontaneous-speech-ukv-34311.mp3	17028	3973	Kenda na a lwöggu yi jowunda na moret ko toyiŋakin dinyo kasu yi gboke ni?	ŋutuu lo kenda kulo kaŋ yi gboke ni tomorunda 'börik pirit nageleŋ ko kayuŋölök ko ŋutuu lo wora kulo a ŋutu' pedi' ŋo na geleŋ nagoŋ to'durjö  gboke likaŋ lo	1			Kuku	train	7.517030772844727		False	0.16129032258064513	False	3.8347482969801883	0.075037147102526	True
d61dfa8687c5e5b0d0a9ab598550b381	30430	spontaneous-speech-ukv-30430.mp3	17028	4009	Ko nyo nagoŋ piyoŋ nagoŋ ʼba tokela ko wini kune a narok yi mata, maʼdiʼ ködö puruʼ nakeʼ?	pioŋ kune ma'di ko kunu puru nake 'ba nyonyogu di ko kune 'bakan na yeŋit kode 'ba nyonyogu di ko bge nake nyena wini lo tiki anyen ko kuru bgoŋ kata i pioŋ kata yu a kilo kuru twatwane koke	1			Kuku	train	8.867747239840265		False	0.2620320855614974	False	5.922748312745096	0.8811292719167905	False
3595372adebe9fa78cb5dbf05ddc6d75	31442	spontaneous-speech-ukv-31442.mp3	8460	4009	Ko nyo nagoŋ piyoŋ nagoŋ ʼba tokela ko wini kune a narok yi mata, maʼdiʼ ködö puruʼ nakeʼ?	piyoŋ nagon a ko tokela kune jonda ayan kode miyen kaaŋ i mogunya 	1			Kuku	train	6.264775413711583		False	0.0	False	5.4322370236292965	0.7600297176820208	False
ddae0f97a9679a1d5120cea6086416fd	31587	spontaneous-speech-ukv-31587.mp3	25200	4009	Ko nyo nagoŋ piyoŋ nagoŋ ʼba tokela ko wini kune a narok yi mata, maʼdiʼ ködö puruʼ nakeʼ?	piöŋ nagon a ko tikin wini kune a narok ma'di ko koko a nake lakin kuru kulye kata loŋ a tkindi ŋutu moka ret lo 'bulötö kode' ret lo taipoit logon a loron	1			Kuku	train	4.880952380952381		False	0.09210526315789469	False	4.821290549014982	0.5408618127786032	True
21ddeb69bfd3e57ad4af5253b149dd0f	31618	spontaneous-speech-ukv-31618.mp3	21888	4009	Ko nyo nagoŋ piyoŋ nagoŋ ʼba tokela ko wini kune a narok yi mata, maʼdiʼ ködö puruʼ nakeʼ?	pioŋ kune mindi jug ko puru nake ti i totokel ma ko bgoŋ yani ko yi 'ba ko toke pioŋ kune a yi  mokani ayanin leŋo  logon bgenge miyen na kuwe a ko miyen na moit	1			Kuku	train	5.6652046783625725		False	0.16455696202531644	False	6.433314967315131	0.9442793462109955	False
403eb42cb6d7bf4e1ab0b5007a937e98	31700	spontaneous-speech-ukv-31700.mp3	20088	4009	Ko nyo nagoŋ piyoŋ nagoŋ ʼba tokela ko wini kune a narok yi mata, maʼdiʼ ködö puruʼ nakeʼ?	ti ŋutu' möji piöŋ naŋ a na susuwa ma ŋutu' gboŋ ko mugun naŋ na'but kune piöŋ  naŋ ti ŋo' kune 'ban a na'but a abiya' ko ŋutu' a mijö a do lu möji se	1			Kuku	train	5.724810832337714		False	0.2108843537414966	False	4.921406948793141	0.5817236255572066	True
009983f810033d5152ddab92674ee038	32136	spontaneous-speech-ukv-32136.mp3	12888	4009	Ko nyo nagoŋ piyoŋ nagoŋ ʼba tokela ko wini kune a narok yi mata, maʼdiʼ ködö puruʼ nakeʼ?	kogboŋ piöŋ naŋ 'ba tiini wini kune jonda ayaniki  ka'de ka'de kega parik ayan lo moyit lo tinda moyit kulök mimiyen	1			Kuku	train	7.4487895716946		False	0.1228070175438597	False	5.0799319702770145	0.6426448736998515	False
b5f5d64520d7376baeef5ca553c0c675	32177	spontaneous-speech-ukv-32177.mp3	24120	4009	Ko nyo nagoŋ piyoŋ nagoŋ ʼba tokela ko wini kune a narok yi mata, maʼdiʼ ködö puruʼ nakeʼ?	piöŋ kune ko 'ba tokela ko wini a naron asan bubulo puru nake koke ni ti kata yu na kata ko kuru 'boŋ kilo kuru ko mötöji i möyit kata yu a jondi ayaniko bge ko 'bulötö ko malaria kilo 'botin ko typhoid kulo	1			Kuku	train	6.799336650082918		False	0.1568627450980392	False	5.6063046395023735	0.8105497771173849	False
eaf2feaa162e2c5b79c0a23abcdce106	33418	spontaneous-speech-ukv-33418.mp3	10728	4009	Ko nyo nagoŋ piyoŋ nagoŋ ʼba tokela ko wini kune a narok yi mata, maʼdiʼ ködö puruʼ nakeʼ?	piyoŋ nagon 'ba tokela ko wini kune gboŋ ko kuru katani a wasaka  ko ŋutu' a möju a jakindi' ŋutuu ayan	1			Kuku	train	7.643549589858315		False	0.040000000000000036	False	4.218767457556975	0.22511144130757801	True
a9f74c616d972aac0bc6d66da0be03d8	33752	spontaneous-speech-ukv-33752.mp3	5436	4009	Ko nyo nagoŋ piyoŋ nagoŋ ʼba tokela ko wini kune a narok yi mata, maʼdiʼ ködö puruʼ nakeʼ?	jonda reto ka'de ka'de yi mugunya	1			Kuku	train	5.15084621044886		True	0.1333333333333333	False			False
e9dcd66d26b3932c353f71bcc8b69d92	33781	spontaneous-speech-ukv-33781.mp3	10620	4009	Ko nyo nagoŋ piyoŋ nagoŋ ʼba tokela ko wini kune a narok yi mata, maʼdiʼ ködö puruʼ nakeʼ?	piyoŋ nagon a ko tokela kune jonda kuru se na tikinda a do mokani' ayan	1			Kuku	train	5.367231638418079		False	0.02941176470588236	False	4.6230889656069145	0.4338781575037147	True
8f02d83adfcef5096940ee32cf3acb24	34181	spontaneous-speech-ukv-34181.mp3	12636	4009	Ko nyo nagoŋ piyoŋ nagoŋ ʼba tokela ko wini kune a narok yi mata, maʼdiʼ ködö puruʼ nakeʼ?	piöŋ nagon 'ba tokela ko wini kune nyöbulö mata kogwon gboŋ ko kurutio kata yu 'boŋ a ilo kurutiyo tindi ŋutu yi moka na ayaan	1			Kuku	train	8.072174738841404		False	0.07317073170731703	False	5.349446106765522	0.7384843982169391	False
c4b295f61c6417a48253b975d0db3dc3	29568	spontaneous-speech-ukv-29568.mp3	18648	3920	Ŋoʼ lorok parik lo tikinda ŋutuu yi moka na ret lo sokan/soʼbi lo kaaŋ yi gboke ni kulo a nyo?	kiko' loron lo tikinda ŋutu i moka na ret lo so'bi kega kaŋ bgoke ni lo kega parik toto ko ŋutu a bur ŋutu nanakwan toto ko ŋutu luwalian a bur ŋutu luwalian toto ko ŋutu wate bur a mokundi i lo ayan lo so'bi lo bosito	1			Kuku	train	9.223509223509224		False	0.3162790697674419	False	5.166355542957208	0.6790490341753344	False
03e89de29fa51f461c7ffb62db7c8e0d	30468	spontaneous-speech-ukv-30468.mp3	22320	3920	Ŋoʼ lorok parik lo tikinda ŋutuu yi moka na ret lo sokan/soʼbi lo kaaŋ yi gboke ni kulo a nyo?	ŋo lorok jore lo tinda ŋutuu yi moka na ret lo sokan togeleŋ nait a gboŋ ko ŋutu' lo gboŋ ko yilo ret 'bakan na ŋo' gayet lo 'borik tomurek ŋara na ŋo lo pi' bge leleŋetan ko ibirajin	1			Kuku	train	6.496415770609319		False	0.1444444444444445	False	4.528609680350682	0.3774145616641902	True
403eb42cb6d7bf4e1ab0b5007a937e98	31624	spontaneous-speech-ukv-31624.mp3	90396	3920	Ŋoʼ lorok parik lo tikinda ŋutuu yi moka na ret lo sokan/soʼbi lo kaaŋ yi gboke ni kulo a nyo?	a kikölin loŋ ko ŋutu bgoŋ ko yilo ayan lo sokan lo i lo ayan ge naŋ ŋutu' gboŋ yi todinoni adi ŋutu pupundö kodo bgoŋ ko ŋutu nanakwan ŋutu pupujö ko kilo leleŋesi waliya libirajin ko ŋutu tu yuŋundö tiyanana i na kak nagon ke ŋaju ŋutu kulo liŋ ke kenda na kodo moka pele do joŋa bgobgo do i tema i lo ŋo togeleŋ yi lo ŋo togeleŋ lo ko tema 'ba puö ŋutu na po i toyuŋundö na do na ti bge a 'bakan na i lo ret kule kikölin ŋutu bubulo pujö i kodo wöwörötu i salun kune ŋutu kune nyarnyar sumba na ŋutu ko kilo ŋo bge ibirajin 'ba di a jibitalijin 'ba di a mede tung kikölin jore lakini kilo kikölin logon ti ŋutu kukeku 'börik kata ni yo kilo ŋo kule kulo ko leleŋesi ko ibirajin ko yuŋundö ŋo kilo jore parik ko 'dikasin ko 'dute na kala ko kala 'dok 'du'dut a do puji ŋutu loŋ 'ban ko i lo ret i lo ŋo loŋ moga parik ŋutu lo	1			Kuku	train	7.20164609053498		True	0.38228155339805825	False			False
3595372adebe9fa78cb5dbf05ddc6d75	31822	spontaneous-speech-ukv-31822.mp3	15300	3920	Ŋoʼ lorok parik lo tikinda ŋutuu yi moka na ret lo sokan/soʼbi lo kaaŋ yi gboke ni kulo a nyo?	ret lo so'bi lo kayaŋ i gboke ni juwe ko ŋutu' lo nyanyar kita na tolup	1			Kuku	train	3.660130718954248		False	0.02941176470588236	False	5.111550372446719	0.6560178306092125	False
bc7de5ba8870d8cc13419daa6f9387f0	32191	spontaneous-speech-ukv-32191.mp3	12996	3920	Ŋoʼ lorok parik lo tikinda ŋutuu yi moka na ret lo sokan/soʼbi lo kaaŋ yi gboke ni kulo a nyo?	ŋo lo jonda ret lo so'bi lo ko kaŋ didiŋit ni lo kode kaŋ yi bgoke ni lo a tolup yala komun suwe ko libira logon lo ŋutu loŋ ayan	1			Kuku	train	7.694675284702985		False	0.11111111111111116	False	5.4971569770537565	0.7778603268945022	False
21ddeb69bfd3e57ad4af5253b149dd0f	32278	spontaneous-speech-ukv-32278.mp3	14760	3920	Ŋoʼ lorok parik lo tikinda ŋutuu yi moka na ret lo sokan/soʼbi lo kaaŋ yi gboke ni kulo a nyo?	yani ŋo' lo tikinda ŋutu'  yani yi pujö na yilo ayan na a ŋara na leleŋesi' a ko morja na ŋutu' na nakwan ko ŋutu' luwalet ko do 'ba 'bakan na gayesi'	1			Kuku	train	7.994579945799458		False	0.16326530612244894	False	4.195360332731452	0.2161961367013373	True
e9dcd66d26b3932c353f71bcc8b69d92	32690	spontaneous-speech-ukv-32690.mp3	17028	3920	Ŋoʼ lorok parik lo tikinda ŋutuu yi moka na ret lo sokan/soʼbi lo kaaŋ yi gboke ni kulo a nyo?	ko wöwörötu  a bulöndi nye na tinda do puwundö ret lo so'bi do a tiju mugun	1			Kuku	train	3.4648813718581164		False	0.02777777777777779	False	5.053959052930734	0.6337295690936107	False
eaf2feaa162e2c5b79c0a23abcdce106	33397	spontaneous-speech-ukv-33397.mp3	15228	3920	Ŋoʼ lorok parik lo tikinda ŋutuu yi moka na ret lo sokan/soʼbi lo kaaŋ yi gboke ni kulo a nyo?	togeleŋ na ŋo' na tikinda ŋutu' yi moka na ret lo sokan na a ŋarju na toro'bo' lo gboŋ geti lomusi köti' ko toto na ŋojik nawate ko luwaliyan a bur	1			Kuku	train	7.68321513002364		False	0.06944444444444442	False	4.158624388356777	0.19465081723625557	True
4b430d377aba6a707850db0b3318714e	33420	spontaneous-speech-ukv-33420.mp3	17928	3920	Ŋoʼ lorok parik lo tikinda ŋutuu yi moka na ret lo sokan/soʼbi lo kaaŋ yi gboke ni kulo a nyo?	ko do totonokin ko ŋutu' lo gboŋ lo so'bi wole ŋutu lo gboŋ ko ret lo sokan a do 'dok mokani moka ko yilo ayan 'boŋ ko do den di yilo ŋutu' gboŋ ko yilo ret lo sokan ko'ben do ruruggö totonokin ko lepeŋ	1			Kuku	train	8.868808567603748		False	0.3517587939698492	False	4.843210685786909	0.5520059435364042	True
8f02d83adfcef5096940ee32cf3acb24	34248	spontaneous-speech-ukv-34248.mp3	22500	3920	Ŋoʼ lorok parik lo tikinda ŋutuu yi moka na ret lo sokan/soʼbi lo kaaŋ yi gboke ni kulo a nyo?	ŋo lo tikinda yi' yi moka na ret lo sokan lo a gboŋ naŋ ŋutu' lo ko  a toto ko ŋutu' naŋgiti ko yilo ayan kode' lepeŋ lo   ko  yilo ayan köti ko ŋarju na ŋo' lopi'  gwoso leleŋet sukati ko kule liŋ	1			Kuku	train	6.666666666666667		False	0.1701030927835051	False	4.805694703838161	0.5334323922734027	True
c4b295f61c6417a48253b975d0db3dc3	29677	spontaneous-speech-ukv-29677.mp3	17388	3946	Kulon biryesiʼ logoŋ ŋojik kulo kasu gboke ni nyanyar biryö?	biresi logon ŋwajik nyarnyar parik kaŋ bgwoke lo a biresi ti kura kode' biresi ti domuna kode' ti sesi kod ti basiket bol kulo ti kura kulo long mimiinkin parik kulo selo kilo	1			Kuku	train	8.224062571888657		False	0.2325581395348837	False	5.6737233522816375	0.8320950965824666	False
d61dfa8687c5e5b0d0a9ab598550b381	30233	spontaneous-speech-ukv-30233.mp3	19908	3946	Kulon biryesiʼ logoŋ ŋojik kulo kasu gboke ni nyanyar biryö?	ŋojik kulo kaaŋ yi gboke yu  biryeesi' logoŋ koko nyanyar kulo a gbuwa na kura ko wöwöki  ko guma na 'deluŋ ako pipiya na kwrnya a ko 'bo'boka na mijok	1			Kuku	train	6.027727546714888		False	0.08783783783783783	False	5.554172774256551	0.7971768202080238	False
ddae0f97a9679a1d5120cea6086416fd	31475	spontaneous-speech-ukv-31475.mp3	15480	3946	Kulon biryesiʼ logoŋ ŋojik kulo kasu gboke ni nyanyar biryö?	yi köju nyanyar biriö na lumurut soro' a ko guma na kura anyen tinda mugun net na gbon payoyo'	1			Kuku	train	4.909560723514212		False	0.02197802197802201	False	5.409561653798194	0.7526002971768202	False
3595372adebe9fa78cb5dbf05ddc6d75	31688	spontaneous-speech-ukv-31688.mp3	12816	3946	Kulon biryesiʼ logoŋ ŋojik kulo kasu gboke ni nyanyar biryö?	biret loŋ ŋojik  nyanyar birö parik kaaŋ gboke ni lo a kura	1			Kuku	train	3.66729088639201		False	0.0	False	3.9910650100471674	0.11441307578008915	True
009983f810033d5152ddab92674ee038	31724	spontaneous-speech-ukv-31724.mp3	17136	3946	Kulon biryesiʼ logoŋ ŋojik kulo kasu gboke ni nyanyar biryö?	biryeesi' kulo a gboja na kura yi  laliyan kode' wate  gumba na kura 'boŋgu na soro' ko gumba na loko na na lokopet	1			Kuku	train	5.31045751633987		False	0.1964285714285714	False	5.975864939378844	0.8930163447251115	False
b5f5d64520d7376baeef5ca553c0c675	31794	spontaneous-speech-ukv-31794.mp3	8928	3946	Kulon biryesiʼ logoŋ ŋojik kulo kasu gboke ni nyanyar biryö?	ŋojik liyan ko wate kune liŋ kaaŋ yi gbokr ni nyanyar birö  na kura lo mokosi' lo	1			Kuku	train	7.168458781362006		False	0.0	False	4.7041438945989436	0.4851411589895988	True
bc7de5ba8870d8cc13419daa6f9387f0	31888	spontaneous-speech-ukv-31888.mp3	22716	3946	Kulon biryesiʼ logoŋ ŋojik kulo kasu gboke ni nyanyar biryö?	um  bibiresi' jore logoŋ ŋwajik bibirio do pujö di geleŋ guma na guma na kura ŋwajik gugumba kura a gbe a gbe biriö na bgusi ee bibiresi' kulo jore loŋ ŋojik kilo bibiyeni kaaŋ	1			Kuku	train	6.251100545870751		False	0.24277456647398843	False	5.86049508003542	0.8729569093610698	False
403eb42cb6d7bf4e1ab0b5007a937e98	32119	spontaneous-speech-ukv-32119.mp3	18108	3946	Kulon biryesiʼ logoŋ ŋojik kulo kasu gboke ni nyanyar biryö?	ŋojik kulo bibiriö kura tutu kenisa i yölö gbogboja gbojajin kule' loŋ ti 'beron gnoso bula' kore 'dok ko kulo wöwörö i karia kode i togorja	1			Kuku	train	6.350784183786172		False	0.051094890510948954	False	6.16215806802674	0.9205052005943536	False
21ddeb69bfd3e57ad4af5253b149dd0f	32378	spontaneous-speech-ukv-32378.mp3	9936	3946	Kulon biryesiʼ logoŋ ŋojik kulo kasu gboke ni nyanyar biryö?	kayaŋ i bgwoke ni ŋo' logon ŋojik nyanyar birö parik lo a lumurut ko birö na kura	1			Kuku	train	6.541867954911433		False	0.038461538461538436	False	4.359425555962411	0.2986627043090639	True
03e89de29fa51f461c7ffb62db7c8e0d	32660	spontaneous-speech-ukv-32660.mp3	15840	3946	Kulon biryesiʼ logoŋ ŋojik kulo kasu gboke ni nyanyar biryö?	'bireesi logoloŋ ŋojik kaŋ gboke ni nyanyar 'birä kulo a guma na kura 'birä na soró a ko 'birayit lo luŋú 'danani a ko ga'yi	1			Kuku	train	6.565656565656566		False	0.10399999999999998	False	6.335841664081663	0.9390787518573551	False
e9dcd66d26b3932c353f71bcc8b69d92	32786	spontaneous-speech-ukv-32786.mp3	16128	3946	Kulon biryesiʼ logoŋ ŋojik kulo kasu gboke ni nyanyar biryö?	ŋojik kulo nyanyar birö na ŋo bgenge ko kura lumurut logon lo biriö se kulo	1			Kuku	train	3.7822420634920633		False	0.04166666666666663	False	4.377365719937902	0.30683506686478457	True
eaf2feaa162e2c5b79c0a23abcdce106	33419	spontaneous-speech-ukv-33419.mp3	12888	3946	Kulon biryesiʼ logoŋ ŋojik kulo kasu gboke ni nyanyar biryö?	ŋojik kulo i gboke ni nyanyar birö na kurö parik köti nyanyar birö na lumurutön a logon yiyiŋo a lepeŋt lamtilamtu	1			Kuku	train	7.2936064556176285		False	0.16216216216216217	False	5.168141726254755	0.6812778603268945	False
4b430d377aba6a707850db0b3318714e	33619	spontaneous-speech-ukv-33619.mp3	13536	3946	Kulon biryesiʼ logoŋ ŋojik kulo kasu gboke ni nyanyar biryö?	kaŋ gboke ni ŋojik kulo nyanyar birö na kura parik yela a ko wogu na adungujin yela a ko leriyö ko  kulo nyanyar  kilo birösi parik	1			Kuku	train	7.683215130023641		False	0.203125	False	5.03562687114883	0.6270430906389302	False
c4b295f61c6417a48253b975d0db3dc3	29441	spontaneous-speech-ukv-29441.mp3	23400	3998	Ŋoʼ lo tikinda ŋutuu yi moka na ret lo yola lo, ʼboŋ yilo ret ŋona bubulö rereŋo dinyo?	ŋo' lo tikinda ŋutu' yi moka lo ret lo yola lo kega parik a pikö na taba a tikindi' mugun kode' purpur na ŋutu na a poki i miyen yala ko dödö guwa dinyo guwa na lepeŋ na ko'be ŋutu pipigö taba ko'ben ŋutu' sisi'da nyona ko ŋutu logon ko tibi kega parik ko ŋutu'  nyu susuluja moka	1			Kuku	train	9.487179487179484		False	0.223826714801444	False	5.225955633317952	0.7013372956909361	False
d61dfa8687c5e5b0d0a9ab598550b381	30412	spontaneous-speech-ukv-30412.mp3	26136	3998	Ŋoʼ lo tikinda ŋutuu yi moka na ret lo yola lo, ʼboŋ yilo ret ŋona bubulö rereŋo dinyo?	ŋo' logoŋ tikinda ŋutu' yi moka na ret lo yola kulo geleŋ a taba murek gbe'de a piko na taba tomusala gbe'de a diŋöko ko ŋutu lo gboŋ ko ret lo yola 'boŋ anyen ŋutu' bubulö rereŋgu taba ti kölöni' kölö ti ŋutu nye gboŋ nyona kode yi ŋarju na ŋo logoŋ ŋutu lo yola kikitani  tomusala  ti ŋutu' aa tine 'börik loke	1			Kuku	train	9.488827670645852		False	0.2524271844660194	False	4.511664841968941	0.36701337295690933	True
3595372adebe9fa78cb5dbf05ddc6d75	31497	spontaneous-speech-ukv-31497.mp3	15120	3998	Ŋoʼ lo tikinda ŋutuu yi moka na ret lo yola lo, ʼboŋ yilo ret ŋona bubulö rereŋo dinyo?	ret lo yola' lo juee' koŋutu' lomoju taba 'boŋ ko ŋutu' lo a kö' möju na taba a yilo ret lu tutuŋgi' tutuŋgö	1			Kuku	train	5.687830687830688		False	0.16190476190476188	False	6.155216390339566	0.9167904903417533	False
ddae0f97a9679a1d5120cea6086416fd	31981	spontaneous-speech-ukv-31981.mp3	23076	3998	Ŋoʼ lo tikinda ŋutuu yi moka na ret lo yola lo, ʼboŋ yilo ret ŋona bubulö rereŋo dinyo?	a ret lo yola' lo pupuö i ŋutu logon a momorakinda i pirit nageleŋ ama böŋö ŋutu bubulö rerengu ko ko do yoyola do mumuk kutuk net na ti do 'dok lalaji lalaju konin ko köti ti do tineti	1			Kuku	train	6.370254810192408		False	0.10989010989010994	False	4.75509537357254	0.5074294205052006	True
009983f810033d5152ddab92674ee038	32230	spontaneous-speech-ukv-32230.mp3	17820	3998	Ŋoʼ lo tikinda ŋutuu yi moka na ret lo yola lo, ʼboŋ yilo ret ŋona bubulö rereŋo dinyo?	ŋutulu kulo moka ret lo yola' ko möju na taba parik a kule' kulo moji' yawa 'boŋ yilo ret weweja rereŋo ko kilo ŋo' a kölö	1			Kuku	train	5.4433221099887765		False	0.10084033613445376	False	5.488172598994581	0.774145616641902	False
b5f5d64520d7376baeef5ca553c0c675	32252	spontaneous-speech-ukv-32252.mp3	34956	3998	Ŋoʼ lo tikinda ŋutuu yi moka na ret lo yola lo, ʼboŋ yilo ret ŋona bubulö rereŋo dinyo?	ret lo yola' lo pupuö i suket yala ko lele ŋutu yola' konu nyoga do 'dok pupun i lo ret ko le ŋutu yopingö konu nyoga do pupun ma do bgoŋ a moka i lo ret lo yola' 'dek ko lele ŋutu yoyola' ko kukutörö nyoga yala 'boŋ'ben do tutu i pirit nagon ŋutu kulo sukokindö jore kata yu asan yu na a dena ŋa loŋ ko lolon sikili lo ayan	1			Kuku	train	7.266277606133424		True	0.28348909657320875	False			False
21ddeb69bfd3e57ad4af5253b149dd0f	32288	spontaneous-speech-ukv-32288.mp3	17496	3998	Ŋoʼ lo tikinda ŋutuu yi moka na ret lo yola lo, ʼboŋ yilo ret ŋona bubulö rereŋo dinyo?	a yilo ret lo yola lo do  pujö  ko do  tu yi piritön ti moresi a mado gbong a moka yilo ret kodo tu yi piritön to moresi miindo   ti do mukemuk kutuk net na ko kitabara	1			Kuku	train	7.258802011888432		False	0.21212121212121215	False	5.3354742760030645	0.7347696879643388	False
403eb42cb6d7bf4e1ab0b5007a937e98	32317	spontaneous-speech-ukv-32317.mp3	22140	3998	Ŋoʼ lo tikinda ŋutuu yi moka na ret lo yola lo, ʼboŋ yilo ret ŋona bubulö rereŋo dinyo?	lo ret lo yola' lo yi bubulo rerengu kobgon ko do moroki jibitalia na  ŋo kune 'ba 'dukin 'bura a do juweni mede kode i jibitali yu mindi do si'da pajo ko ŋutu lologa a do tikini wini	1			Kuku	train	6.549232158988256		False	0.09999999999999998	False	5.127975481233617	0.663447251114413	False
eaf2feaa162e2c5b79c0a23abcdce106	33156	spontaneous-speech-ukv-33156.mp3	18288	3998	Ŋoʼ lo tikinda ŋutuu yi moka na ret lo yola lo, ʼboŋ yilo ret ŋona bubulö rereŋo dinyo?	ɲutu' lo momoka ret lo yola' ko a yukaddu köbuŋö logon a wasaka ko köti' ret lo yola' jujukin reteŋo ko si'da yi pirit nagon a na'but nagon köbuŋöt na ko ŋutu' yukaddu nye na a nake'	1			Kuku	train	7.983377077865267		False	0.22905027932960897	False	4.703666967931504	0.48439821693907875	True
03e89de29fa51f461c7ffb62db7c8e0d	33273	spontaneous-speech-ukv-33273.mp3	11988	3998	Ŋoʼ lo tikinda ŋutuu yi moka na ret lo yola lo, ʼboŋ yilo ret ŋona bubulö rereŋo dinyo?	ŋo' lo tinda ŋutuu yi moka na ret lo yola' lo a piggö na taba 'boŋ ködö rereŋo ko gboŋ naŋ ŋutu' a piggö taba	1			Kuku	train	7.090423757090424		False	0.14150943396226412	False	4.367405586561685	0.3038632986627043	True
a9f74c616d972aac0bc6d66da0be03d8	33338	spontaneous-speech-ukv-33338.mp3	8280	3998	Ŋoʼ lo tikinda ŋutuu yi moka na ret lo yola lo, ʼboŋ yilo ret ŋona bubulö rereŋo dinyo?	si'da i piritön naŋ ko putu a ko ŋutu logon ko ret lo yola	1			Kuku	train	5.434782608695652		False	0.054545454545454564	False	4.3557921940192905	0.2971768202080238	True
8f02d83adfcef5096940ee32cf3acb24	34283	spontaneous-speech-ukv-34283.mp3	21240	3998	Ŋoʼ lo tikinda ŋutuu yi moka na ret lo yola lo, ʼboŋ yilo ret ŋona bubulö rereŋo dinyo?	ret lo yola lo pupuö kega parik ko ŋutu pipigö taba 'boŋ anyen bubulö rereŋö ŋutu logon bge  ko i lo ayan lo ti lepeŋ tokitaji ŋo bgoso sakan kubaya kayit kulo geleŋ ti nye ŋarŋara	1			Kuku	train	6.779661016949152		False	0.05084745762711862	False	4.752543851034462	0.5066864784546805	True
c4b295f61c6417a48253b975d0db3dc3	29548	spontaneous-speech-ukv-29548.mp3	21780	3907	Kenda na ŋona a ŋarakinda do kodeʼ ŋutuu ti mede nenut/nasu di nyo yi pujö na ŋo nagoŋ do a pet kunen?	Kenda na a ŋarakinda Nan kode' ŋutu ti mede kune kega parik yi pujö na ŋo nagon nan a petun kune ŋo' bgo ke 'dukö kode' kune ŋo' nagon yi ŋaŋar yi pirit nageleŋ yi metesi ti ŋeröt kode' i tokenda na ŋajik kogboŋ gurusutöt	1			Kuku	train	8.1267217630854		False	0.17431192660550454	False	3.778901902272998	0.06315007429420505	True
d61dfa8687c5e5b0d0a9ab598550b381	30283	spontaneous-speech-ukv-30283.mp3	18540	3907	Kenda na ŋona a ŋarakinda do kodeʼ ŋutuu ti mede nenut/nasu di nyo yi pujö na ŋo nagoŋ do a pet kunen?	nan a peda di ti mede niyo na bge a na'but ti ŋojik kuwe kendi kenda ko ti nyesi nyesu 'bura ko ti totoni i kadi nagon a na'but kine ŋo nagon nan a pet kune a ponda konda na 'börik kobgoŋ kulya ti kenda	1			Kuku	train	8.522114347357066		False	0.22613065326633164	False	4.057232718192672	0.14784546805349183	True
3595372adebe9fa78cb5dbf05ddc6d75	31507	spontaneous-speech-ukv-31507.mp3	14436	3907	Kenda na ŋona a ŋarakinda do kodeʼ ŋutuu ti mede nenut/nasu di nyo yi pujö na ŋo nagoŋ do a pet kunen?	Ko ŋutu' a kenda ŋutu' 'bu'bulaö riyöju na gurusu naŋ do kondiri  petesi' na kata yi mede kune 	1			Kuku	train	5.264616237184816		False	0.06521739130434778	False	4.765304182702358	0.5141158989598811	True
ddae0f97a9679a1d5120cea6086416fd	31940	spontaneous-speech-ukv-31940.mp3	19908	3907	Kenda na ŋona a ŋarakinda do kodeʼ ŋutuu ti mede nenut/nasu di nyo yi pujö na ŋo nagoŋ do a pet kunen?	aa kenda ŋarakinda ŋutu' aa kode' kuwe' mede ni yi tomorunda na yeyeesi' kaaŋ anyen yi pedda ŋo' nagon yi a tikin yi komoŋ miindi kona a puwo a pölyölyö parik	1			Kuku	train	6.429576049829214		False	0.08387096774193548	False	4.327284474434437	0.28083209509658247	True
009983f810033d5152ddab92674ee038	31958	spontaneous-speech-ukv-31958.mp3	20448	3907	Kenda na ŋona a ŋarakinda do kodeʼ ŋutuu ti mede nenut/nasu di nyo yi pujö na ŋo nagoŋ do a pet kunen?	kendya na a ŋarakindya nan yi 'dukökindö na met na mede nagoŋ a na'but köti a ŋarakinda  nan yi jukin i robba na ŋwajik kuwe yi sukulu naŋ a na'but naŋ ko kekendini 'bura 	1			Kuku	train	6.651017214397496		False	0.22619047619047616	False	4.036894637448586	0.137444279346211	True
bc7de5ba8870d8cc13419daa6f9387f0	32238	spontaneous-speech-ukv-32238.mp3	12060	3907	Kenda na ŋona a ŋarakinda do kodeʼ ŋutuu ti mede nenut/nasu di nyo yi pujö na ŋo nagoŋ do a pet kunen?	um a ŋarakinda yi kikolin ka'de ka'de do pujö di denda na 'dokoo puwet naŋ a ŋarakindi mede niyaŋ na 	0			Kuku	train	6.716417910447761		False	0.15306122448979587	False	3.774776746929568	0.060178306092124816	True
e9dcd66d26b3932c353f71bcc8b69d92	32906	spontaneous-speech-ukv-32906.mp3	23220	3907	Kenda na ŋona a ŋarakinda do kodeʼ ŋutuu ti mede nenut/nasu di nyo yi pujö na ŋo nagoŋ do a pet kunen?	koju na nan 'bakan ŋo puet 'ban wo ŋutu si'da i kadijik ti kudit lakin ti nade nan kenda na 'n ke petakinda ŋo nagon 'n to'durji mede bgeti 'duko kadijik ti jingi nyena ŋarakinda nan	1			Kuku	train	6.330749354005168		False	0.15083798882681565	False	5.928329881260694	0.8826151560178306	False
a9f74c616d972aac0bc6d66da0be03d8	33577	spontaneous-speech-ukv-33577.mp3	15228	3907	Kenda na ŋona a ŋarakinda do kodeʼ ŋutuu ti mede nenut/nasu di nyo yi pujö na ŋo nagoŋ do a pet kunen?	'busan na kenda na tikinda lubudiyöt kulo kode' ŋutu kulo i wora a katodinök a ko kita yi jibitali	1			Kuku	train	5.253480430785396		False	0.06315789473684208	False	3.991149121416763	0.1151560178306092	True
8f02d83adfcef5096940ee32cf3acb24	34239	spontaneous-speech-ukv-34239.mp3	14256	3907	Kenda na ŋona a ŋarakinda do kodeʼ ŋutuu ti mede nenut/nasu di nyo yi pujö na ŋo nagoŋ do a pet kunen?	kenda na ŋarakinda yi nagon di ŋutu bge ko köŋö i denda na kikö logongiti ŋutu' gaaga'yi kita i temakinda na pete na	1			Kuku	train	6.593714927048261		False	0.1415929203539823	False	3.962983463718888	0.1099554234769688	True
d61dfa8687c5e5b0d0a9ab598550b381	28816	spontaneous-speech-ukv-28816.mp3	25560	3913	Kenda na ŋona a ŋarakinda mede nenut/nasu na yi dinikiʼ na gaeeresiʼ ti gboke kune yi lolon kikoʼ?	kenda na a ŋarakinda mede niyo' na yi diniki' na konda na ŋariyesi' na'but  gboso lalayi na könin ko ŋutu' poonda yi ŋarakinda na 'börik gboso nyesu na ŋo' logon a lalayi a kokuwe gboso tiyu na mede a nakye' gboso  ko kune' ŋo' jore kata ma'di' kenda na gbe'de  ee ee nyarani' nyara parik	1			Kuku	train	9.037558685446008		False	0.24561403508771928	False	4.168543432354405	0.20579494799405645	True
c4b295f61c6417a48253b975d0db3dc3	29713	spontaneous-speech-ukv-29713.mp3	19800	3913	Kenda na ŋona a ŋarakinda mede nenut/nasu na yi dinikiʼ na gaeeresiʼ ti gboke kune yi lolon kikoʼ?	kenda na a ŋarakinda kega parik i diŋitan nagon ködö ŋutu' a gboŋ ko puwet kogboŋ denesi' na'but a do topundi' lele' kiko logon do galundi gurusutöt	1			Kuku	train	6.161616161616162		False	0.04137931034482756	False	4.028626445556597	0.13075780089153047	True
3595372adebe9fa78cb5dbf05ddc6d75	31485	spontaneous-speech-ukv-31485.mp3	9576	3913	Kenda na ŋona a ŋarakinda mede nenut/nasu na yi dinikiʼ na gaeeresiʼ ti gboke kune yi lolon kikoʼ?	kenda a na'but kaŋ gboke ni tinda do denda ŋo na'but kode' naŋ naron	1			Kuku	train	5.743525480367586		False	0.1384615384615384	False	3.735979226623685	0.05572065378900446	True
ddae0f97a9679a1d5120cea6086416fd	31642	spontaneous-speech-ukv-31642.mp3	23040	3913	Kenda na ŋona a ŋarakinda mede nenut/nasu na yi dinikiʼ na gaeeresiʼ ti gboke kune yi lolon kikoʼ?	kenda na a tikinda yi' yi denda na gayiresi' kode' diniki' na gayiresi' jore kaŋ yi gboke ni a gboŋ na ŋutuu yi pirit nageleŋ gboŋ na lyöŋön na ŋutuu yi pirit na geleŋ kina liŋ a konesi' ti kenda na tikinda ŋutu' yi denda na ŋo' na'but ko naron	1			Kuku	train	8.463541666666668		False	0.34024896265560167	False	3.5449810152624766	0.0237741456166419	True
21ddeb69bfd3e57ad4af5253b149dd0f	32021	spontaneous-speech-ukv-32021.mp3	27180	3913	Kenda na ŋona a ŋarakinda mede nenut/nasu na yi dinikiʼ na gaeeresiʼ ti gboke kune yi lolon kikoʼ?	'busan na sukulu na yani do pujö naŋ di i yengi loŋiyo loŋ kulo ti kitajin do pupu masan do kenda lakin ko do 'baa kenda do pujö naŋ di kilo loŋiyo do a yiŋa yani nene' diŋit kenda na ko do tu nene pirit do pujö di waraga nu 'bikiki' i lele' ködini a do kekenda a do suluji' denda naŋ di ŋo' nene' na kata ni 	1			Kuku	train	8.86681383370125		False	0.2679738562091504	False	5.371639883264091	0.7444279346210996	False
bc7de5ba8870d8cc13419daa6f9387f0	32185	spontaneous-speech-ukv-32185.mp3	14616	3913	Kenda na ŋona a ŋarakinda mede nenut/nasu na yi dinikiʼ na gaeeresiʼ ti gboke kune yi lolon kikoʼ?	nn ŋarakinda ŋutu' i gboŋ ko denesi ii ŋutu' 'dok ŋutu' 'dok kulurundö yani di tin kone kine ko 'nkonda kune  a narok kon konda kune a na'but	1			Kuku	train	7.731253420908594		False	0.21739130434782605	False	4.551405918513821	0.3885586924219911	True
b5f5d64520d7376baeef5ca553c0c675	32211	spontaneous-speech-ukv-32211.mp3	36756	3913	Kenda na ŋona a ŋarakinda mede nenut/nasu na yi dinikiʼ na gaeeresiʼ ti gboke kune yi lolon kikoʼ?	a tinda na köŋön i denda di ayi diŋit 'duresi' kata ko ŋutu kenda 'boŋ koŋ ko jur lo kode' ko gboke lo ke' 'durjo i na maatu a kpiyet naŋ di kilo ŋutuu i na gboke kan a kenda a puji' köŋön naŋ ko gayeraji gboke lose lo gboke lose lo i puru' a loron i pirit naŋ na kwekwelen 	1			Kuku	train	5.794972249428665		True	0.24723247232472323	False			False
009983f810033d5152ddab92674ee038	32266	spontaneous-speech-ukv-32266.mp3	19116	3913	Kenda na ŋona a ŋarakinda mede nenut/nasu na yi dinikiʼ na gaeeresiʼ ti gboke kune yi lolon kikoʼ?	kenda na ŋarakinda na i titimba na kulyá na bgoŋ i gboke ni kune a köti tindi na i pujö na kikölin ka'de ka'de lo ŋaŋarakini a nyen ŋutu kune ponda koke i kine kulya 	1			Kuku	train	6.905210295040804		False	0.17682926829268297	False	3.8821259790599605	0.0861812778603269	True
403eb42cb6d7bf4e1ab0b5007a937e98	32312	spontaneous-speech-ukv-32312.mp3	24120	3913	Kenda na ŋona a ŋarakinda mede nenut/nasu na yi dinikiʼ na gaeeresiʼ ti gboke kune yi lolon kikoʼ?	kenda na gboke na ŋarakinda yi ko niyaŋ na ŋarakinda yak ti gboke kulo ko ŋutu gboŋ kata ko nene' momoret kode' suket na kulya na'but a ŋutu bge ko gboro' loŋ ŋutuu jambu i pirit na geleŋ gboŋge ŋutuu ti gboke lo geleŋ a ŋo' kune liŋ pedi' 'börik na'but	1			Kuku	train	8.41625207296849		False	0.22799999999999998	False	3.945632962140204	0.10401188707280833	True
eaf2feaa162e2c5b79c0a23abcdce106	32890	spontaneous-speech-ukv-32890.mp3	23760	3913	Kenda na ŋona a ŋarakinda mede nenut/nasu na yi dinikiʼ na gaeeresiʼ ti gboke kune yi lolon kikoʼ?	kenda na a tinda ŋutu kulo i bgoke ni yi si'da ko taliŋ köti lepeŋat bgoŋ ko jamesi kase nagon kukuju 'börik anyen se bgoŋ ko petesi ti kulya ti 'durjö na bgole lose lo köti anyen ŋojil kase kulo jujukin tu i sukulu ko diŋit na sukuluöt aje ŋaju en ŋojik kase kulo si'da mede	1			Kuku	train	9.25925925925926		False	0.1875	False	4.10420441736681	0.16716196136701336	True
4b430d377aba6a707850db0b3318714e	32994	spontaneous-speech-ukv-32994.mp3	21960	3913	Kenda na ŋona a ŋarakinda mede nenut/nasu na yi dinikiʼ na gaeeresiʼ ti gboke kune yi lolon kikoʼ?	kenda na a na'but parik e a tinkinda na denda na derja na kule' 'dötilön loŋ kodo um 'baan   den lakin ko bot na do kenda a do deneden di lo ŋo dera tina yala kule' kulo ripa na boŋolan kine liŋ a gayiresi' na ponda a yi sukulu 	1			Kuku	train	8.060109289617486		False	0.18222222222222217	False	5.5883013930760805	0.8060921248142645	False
03e89de29fa51f461c7ffb62db7c8e0d	33366	spontaneous-speech-ukv-33366.mp3	15516	3913	Kenda na ŋona a ŋarakinda mede nenut/nasu na yi dinikiʼ na gaeeresiʼ ti gboke kune yi lolon kikoʼ?	kenda na a ŋarakinda mede niyo' kode' niyaŋ na yi diniki' na gayeresi' ti gboke yi kikolin jore togeleŋ ŋara na yeiyeesi' yi pirit na geleŋ anyen jounda to'duret yi jur ni	1			Kuku	train	9.022944057746844		False	0.125	False	3.6050368633135492	0.030460624071322436	True
a9f74c616d972aac0bc6d66da0be03d8	33656	spontaneous-speech-ukv-33656.mp3	7200	3913	Kenda na ŋona a ŋarakinda mede nenut/nasu na yi dinikiʼ na gaeeresiʼ ti gboke kune yi lolon kikoʼ?	kenda na tikinda ŋutú koŋon a ŋutú jondi gairet i gbokiyot 	1			Kuku	train	6.944444444444445		False	0.10344827586206895	False	4.261989181539373	0.2451708766716196	True
e9dcd66d26b3932c353f71bcc8b69d92	33731	spontaneous-speech-ukv-33731.mp3	11268	3913	Kenda na ŋona a ŋarakinda mede nenut/nasu na yi dinikiʼ na gaeeresiʼ ti gboke kune yi lolon kikoʼ?	ŋutu kulo ko kenda i bgoke ni ko kulo bgoŋ ko denesi nagon na'but i 'deba na se ko na jur	1			Kuku	train	6.123535676251331		False	0.10465116279069764	False	4.06927425921084	0.1537890044576523	True
8f02d83adfcef5096940ee32cf3acb24	34170	spontaneous-speech-ukv-34170.mp3	14580	3913	Kenda na ŋona a ŋarakinda mede nenut/nasu na yi dinikiʼ na gaeeresiʼ ti gboke kune yi lolon kikoʼ?	kenda na ŋarakinda mede niyo na kega i diniki na gbiari lo kuga i gboke katani 	1			Kuku	train	4.320987654320987		False	0.06578947368421051	False	4.227484297308274	0.2288261515601783	True
c4b295f61c6417a48253b975d0db3dc3	29694	spontaneous-speech-ukv-29694.mp3	20808	3986	Ti nan ködö ŋona lalane könisiʼ kulo daŋin muda anyen nan bubulö teŋgu reto?	ti nan kodo lalane konin ko nan tu i soron lalane konin ko nan ponda i soron ti nan lalane konin ko nan mindi nyesi lele ŋo ti nan lalane konin a kokuwe yala 'dok ti do kodo a ere nyesu ŋo lonyenyi i lo a kiko lo nan gaji 'börki	1			Kuku	train	8.55440215301807		False	0.36444444444444446	True			False
03e89de29fa51f461c7ffb62db7c8e0d	30113	spontaneous-speech-ukv-30113.mp3	14220	3986	Ti nan ködö ŋona lalane könisiʼ kulo daŋin muda anyen nan bubulö teŋgu reto?	do ködö bubulö lalaju na könis köluk kulo daŋin mukanat kode' buryo' yi budök kata anyen do bubulö teŋgu na  reto	1			Kuku	train	6.469760900140646		False	0.0636363636363636	False	5.522735895892838	0.7823179791976226	False
d61dfa8687c5e5b0d0a9ab598550b381	30443	spontaneous-speech-ukv-30443.mp3	19548	3986	Ti nan ködö ŋona lalane könisiʼ kulo daŋin muda anyen nan bubulö teŋgu reto?	do kodo lalaju konisi kulobi diŋitan liŋ kega i diŋit naŋ do mindi yesu na lele ŋo ko lu a lo'bijo ko lu a lo dera kode ludwekitöt ko köti i diŋit nagon do lupodu i ŋarakinda na 'börik lupundo net na rere a do lalaji konin	1			Kuku	train	9.003478616738285		False	0.17808219178082196	False	5.238395453606063	0.7065378900445766	False
21ddeb69bfd3e57ad4af5253b149dd0f	31434	spontaneous-speech-ukv-31434.mp3	19116	3986	Ti nan ködö ŋona lalane könisiʼ kulo daŋin muda anyen nan bubulö teŋgu reto?	'däti na goŋ 'däti na miidi ti jonejo na kiye ti kukunani kukuna na'but a nyen mogun ne'd na gboŋ na 'böt ti dó yesiyesu ŋo lo jondä rima ŋo ló jondä yani mogun nét na gboŋ na 'bot 	1			Kuku	train	7.846829880728186		False	0.24731182795698925	False	6.170185336024792	0.9219910846953938	False
bc7de5ba8870d8cc13419daa6f9387f0	31531	spontaneous-speech-ukv-31531.mp3	21780	3986	Ti nan ködö ŋona lalane könisiʼ kulo daŋin muda anyen nan bubulö teŋgu reto?	nan kodo mindi ti lalane könisi kuwe kulo 'bura ko piöŋ a ko sobun tin lalane 'ba di diŋit na 'dit ti lalane 'dö' ti jojoŋga diŋit na tujörun kuwe mugun ni bgeng reto logon parik bge sorondu yala ko kune reto kulo	1			Kuku	train	7.851239669421487		False	0.17619047619047623	False	5.539465516623483	0.7897473997028231	False
ddae0f97a9679a1d5120cea6086416fd	31653	spontaneous-speech-ukv-31653.mp3	22788	3986	Ti nan ködö ŋona lalane könisiʼ kulo daŋin muda anyen nan bubulö teŋgu reto?	anyen nan tengu kulye retö jore ti nan lalane lala konisi kuwe i diŋitan liŋ ko nan mindi nyesu ti nan lalane lala konini ko nan a tu i pirit ŋariet na 'börik ti nan lalane lala konin	1			Kuku	train	6.406880814463753		False	0.3055555555555556	False	5.59704434373951	0.8090638930163447	False
009983f810033d5152ddab92674ee038	31879	spontaneous-speech-ukv-31879.mp3	20808	3986	Ti nan ködö ŋona lalane könisiʼ kulo daŋin muda anyen nan bubulö teŋgu reto?	konisi kulo mindi lalai i diŋitan liŋ nagon ko do'bo'yu lele ŋo kode kodo mindi tu nyesu na lele ŋo anyen gaju yi  i ayanyen kode manyen tengu ayanyan lo moga ŋutu ka'de ka'de kulo	1			Kuku	train	6.968473663975394		False	0.19774011299435024	False	4.733431799260832	0.5	True
403eb42cb6d7bf4e1ab0b5007a937e98	32164	spontaneous-speech-ukv-32164.mp3	24408	3986	Ti nan ködö ŋona lalane könisiʼ kulo daŋin muda anyen nan bubulö teŋgu reto?	na yi lalaju könisi manyen yi' bgoŋ a na'but ko'ben yi moka ret logogiti lupundö yi 'duŋgö na moit ti ŋutu kode i kokorju na gwiliŋet lo ŋutu ko ŋojik  ti ŋutu mede kukune ti do kukun mugun net na do kukuwö ko tu yesu a do lalaji lalaju nake	1			Kuku	train	7.82530317928548		False	0.17647058823529416	False	5.114862141592039	0.6589895988112927	False
e9dcd66d26b3932c353f71bcc8b69d92	33008	spontaneous-speech-ukv-33008.mp3	5760	3986	Ti nan ködö ŋona lalane könisiʼ kulo daŋin muda anyen nan bubulö teŋgu reto?	do lalaju i diŋittan kune liŋ	1			Kuku	train	4.166666666666667		True	0.0	False			False
a9f74c616d972aac0bc6d66da0be03d8	33743	spontaneous-speech-ukv-33743.mp3	7200	3986	Ti nan ködö ŋona lalane könisiʼ kulo daŋin muda anyen nan bubulö teŋgu reto?	do weweja lalaju na kenisi koluk i mukök na perok musala	1			Kuku	train	6.388888888888888		False	0.018867924528301883	False	4.021017352097278	0.1277860326894502	True
8f02d83adfcef5096940ee32cf3acb24	34323	spontaneous-speech-ukv-34323.mp3	19908	3986	Ti nan ködö ŋona lalane könisiʼ kulo daŋin muda anyen nan bubulö teŋgu reto?	 nan kodo lalaju konisi kuwe kulo daŋin jore togeleŋ na 'n kodo lalaju konisi ko nan ti ponda i soron tomurek nayit na kon roman ko lele ŋutu tomusala nayit na ko nan kodo tu nyesu na kinyo	1			Kuku	train	7.584890496282901		False	0.26344086021505375	False	4.62606871142362	0.4361069836552749	True
c4b295f61c6417a48253b975d0db3dc3	29629	spontaneous-speech-ukv-29629.mp3	15588	3951	Do konda kitaji muda yi lor ni, ʼboŋ a do kondiʼ nyo yi mukök na kita?	Möju na piöŋ nagon a lut na töpunundö ret loŋ  lo'bulötö lo luŋu kolera lo kogwon wasaka na 'duke ko piöŋ i piöŋ naga mamata nake kune a koko mötöjini i moit a joundi ayan a joundi twanti lo kolera	1			Kuku	train	10.071850141134204		False	0.14948453608247425	False	5.043582020154847	0.6300148588410104	False
03e89de29fa51f461c7ffb62db7c8e0d	30083	spontaneous-speech-ukv-30083.mp3	7020	3951	Do konda kitaji muda yi lor ni, ʼboŋ a do kondiʼ nyo yi mukök na kita?	nan konda kitajin jore i lor ni 'boŋ i mukök na kitajin a nan yuke yukan	1			Kuku	train	8.11965811965812		False	0.13043478260869568	False	4.538842679153133	0.3833580980683507	True
d61dfa8687c5e5b0d0a9ab598550b381	30423	spontaneous-speech-ukv-30423.mp3	15120	3951	Do konda kitaji muda yi lor ni, ʼboŋ a do kondiʼ nyo yi mukök na kita?	nan bubulö konda na kitajin musala i lor ni 'boŋ yi mukök na kine kitajin a nan kirut kuwoni kuwo a nan poki kenda na buk kode baibur a nan kwakwadi kwakwadu	1			Kuku	train	8.333333333333332		False	0.2012987012987013	False	4.867341787114355	0.5594353640416048	True
b5f5d64520d7376baeef5ca553c0c675	31558	spontaneous-speech-ukv-31558.mp3	39240	3951	Do konda kitaji muda yi lor ni, ʼboŋ a do kondiʼ nyo yi mukök na kita?	yi lor ni nan kokona kitajin ko se kulu 'nŋman kode' mukanat lalayi na toro'bo riya na kadijin derja yala a ko 'yila na piöŋ kare  paran na ko ke tituŋgö kine kitajin kuwe' na 'di'dik kune an nu a pirikini' kak yukan de kotyaŋ an dederja na lalaji' toro'bo' de 'dok derja na tokotuaŋ na ko do ke derja a yesu an de pirikini kak yi yukan	1			Kuku	train	6.829765545361875		True	0.23423423423423428	False			False
3595372adebe9fa78cb5dbf05ddc6d75	31644	spontaneous-speech-ukv-31644.mp3	20520	3951	Do konda kitaji muda yi lor ni, ʼboŋ a do kondiʼ nyo yi mukök na kita?	i lor ni nan konda kitajin yeyenga i musala togeleŋ nan de tu kurju a nan ko derji 'deti an de jugi bongolan ana de yuke yukan kirut	1			Kuku	train	5.116959064327485		False	0.10077519379844957	False	5.854410747524636	0.8699851411589896	False
bc7de5ba8870d8cc13419daa6f9387f0	31990	spontaneous-speech-ukv-31990.mp3	10368	3951	Do konda kitaji muda yi lor ni, ʼboŋ a do kondiʼ nyo yi mukök na kita?	um konda kitajin um yeyeŋakinda umgŋan mukanat a i 'dute ni um yukeyukan 	1			Kuku	train	5.787037037037037		False	0.05714285714285716	False	6.333095592084091	0.937592867756315	False
ddae0f97a9679a1d5120cea6086416fd	32016	spontaneous-speech-ukv-32016.mp3	23580	3951	Do konda kitaji muda yi lor ni, ʼboŋ a do kondiʼ nyo yi mukök na kita?	temba i lor nan konda kitajin bgoso mukanat derja jugö na böngölan mökujö na kine böngölan tökujö na ŋwajik ŋarakinda ŋwajik i kulya kase ko ti todinö yi mökö na yi na an nan kwakwadi kwakwaddu	1			Kuku	train	6.700593723494486		False	0.18947368421052635	False	5.33340098934597	0.7340267459138187	False
403eb42cb6d7bf4e1ab0b5007a937e98	32124	spontaneous-speech-ukv-32124.mp3	21708	3951	Do konda kitaji muda yi lor ni, ʼboŋ a do kondiʼ nyo yi mukök na kita?	do kikita ko salin naŋ tetemakinda ko do 'dok ke lure' a do a si'dakinik ka i yakan do 'dok sabpipirik wa ' yukan bgonge do naŋ a ŋote kitajin kune na 'ba di do kitakinda lege do kikita ko kune salin murek  a do i nu 'dok i yuke yukan ajuk ko sa geleŋ a do nu a si'dakini kak i yukan	1			Kuku	train	10.13451262207481		False	0.2857142857142857	False	6.580555781987925	0.962852897473997	False
009983f810033d5152ddab92674ee038	32198	spontaneous-speech-ukv-32198.mp3	20376	3951	Do konda kitaji muda yi lor ni, ʼboŋ a do kondiʼ nyo yi mukök na kita?	i lor ni um konda kita geleng na todindá na ŋojik a nan kondi kitajin ti mede kadekade naŋ i lukata na mede niyo	1			Kuku	train	4.416961130742049		False	0.10909090909090913	False	5.207734253688761	0.6931649331352154	False
21ddeb69bfd3e57ad4af5253b149dd0f	32437	spontaneous-speech-ukv-32437.mp3	12636	3951	Do konda kitaji muda yi lor ni, ʼboŋ a do kondiʼ nyo yi mukök na kita?	kiteesi' ti ŋutuu jore yi lor kiteesi' ko do konda kiteesi' yi mukök nanyit a do kwakwaddi' kwaddu a do pirikini' kak	1			Kuku	train	7.597340930674263		False	0.21052631578947367	False	5.227525608469924	0.7020802377414561	False
4b430d377aba6a707850db0b3318714e	33179	spontaneous-speech-ukv-33179.mp3	17280	3951	Do konda kitaji muda yi lor ni, ʼboŋ a do kondiʼ nyo yi mukök na kita?	nan kokonda kitajin i lor ni ko salin um gban yalá ko nan konda kine salin um gban an a yukeyukan ko salin murek	1			Kuku	train	5.208333333333333		False	0.28181818181818186	False	5.558325490695382	0.8001485884101041	False
eaf2feaa162e2c5b79c0a23abcdce106	33250	spontaneous-speech-ukv-33250.mp3	12600	3951	Do konda kitaji muda yi lor ni, ʼboŋ a do kondiʼ nyo yi mukök na kita?	nan konda kitajin jore i lor ama i mukak na kita a nan kuwäni kuwá a nan puji yukan 	1			Kuku	train	5.317460317460317		False	0.1325301204819277	False	5.985940931890087	0.8967310549777118	False
a9f74c616d972aac0bc6d66da0be03d8	33489	spontaneous-speech-ukv-33489.mp3	7596	3951	Do konda kitaji muda yi lor ni, ʼboŋ a do kondiʼ nyo yi mukök na kita?	nan a konda kiteesi' jore a nan puji' diŋit na aan pujiri yukan	1			Kuku	train	6.714060031595577		False	0.08333333333333337	False	5.406539739963812	0.7518573551263001	False
8f02d83adfcef5096940ee32cf3acb24	34319	spontaneous-speech-ukv-34319.mp3	14580	3951	Do konda kitaji muda yi lor ni, ʼboŋ a do kondiʼ nyo yi mukök na kita?	kitajin nagon nan kokon kune a kitajin nagon jore i lor ni ama i mukök magon 'n ke konda kine kitajin a nan nu poki i yukan	1			Kuku	train	6.652949245541838		False	0.19166666666666665	False	4.765914912293447	0.5148588410104011	True
c4b295f61c6417a48253b975d0db3dc3	29410	spontaneous-speech-ukv-29410.mp3	23400	3910	Kenda na ŋona a ŋarakinda mede nenut/nasu na di nyo anyen bubulö töggu toʼdurö na jur?	kenda na a ŋarakinsa yi kega parik mede niyaŋ na i kikolin jore parik togeleŋ yani a ŋarakinda yi denda na ŋo na 'but a dó puji di kule kaŋ kulo puji posisons kode piritan ti lidars a wuleni a ka ka'dolak ti jur yalá i na tägu jur lo liŋ 	1			Kuku	train	8.11965811965812		False	0.134453781512605	False	4.556027243397092	0.39078751857355126	True
d61dfa8687c5e5b0d0a9ab598550b381	30219	spontaneous-speech-ukv-30219.mp3	26676	3910	Kenda na ŋona a ŋarakinda mede nenut/nasu na di nyo anyen bubulö töggu toʼdurö na jur?	kenda na a ŋara kinda mede niyo na i kikölin jore anyen to'durö na jur togeleŋ yi bulone bulo to'durjö na kinyö kaŋ kulo i kikö lo'but lo kekene ko to'durö na kijoka ti mede ko to'durö na ŋojik yi kikö logon a lo'but kine ŋo na geleŋ kune 'dok a yi todinikindi kule ŋutu i konda kase i midijin	1			Kuku	train	8.771929824561402		False	0.24137931034482762	False	4.1210236185785485	0.1775631500742942	True
ddae0f97a9679a1d5120cea6086416fd	31717	spontaneous-speech-ukv-31717.mp3	23580	3910	Kenda na ŋona a ŋarakinda mede nenut/nasu na di nyo anyen bubulö töggu toʼdurö na jur?	kenda na tikinda yi a i tögu na ka'dolak kaŋ kenda tikinda yi i to'durjö na jur liŋ ko ŋaju na sukuluöt anyen todinoni ŋojik kaŋ	1			Kuku	train	4.368108566581848		False	0.16800000000000004	False	3.862637463715777	0.0824665676077266	True
21ddeb69bfd3e57ad4af5253b149dd0f	31807	spontaneous-speech-ukv-31807.mp3	27720	3910	Kenda na ŋona a ŋarakinda mede nenut/nasu na di nyo anyen bubulö töggu toʼdurö na jur?	a kenda niyo' na anyen ŋarakinda mede niyo' na kogboŋ nan  weleweja' konakinda 'börik na ŋo' nan wejaleweja' sondu na ŋwajik kuwe' sukulu yala nan wejaleweja ŋarakinda na jur liyaŋ lo yi nene' diŋit ko nan a jonda jibitaliya nyogga  ko nan a 'duggö sukuluwöt muda	1			Kuku	train	7.792207792207792		False	0.24230769230769234	False	3.997647169091664	0.11664190193164933	True
3595372adebe9fa78cb5dbf05ddc6d75	31836	spontaneous-speech-ukv-31836.mp3	22176	3910	Kenda na ŋona a ŋarakinda mede nenut/nasu na di nyo anyen bubulö töggu toʼdurö na jur?	kaŋ i mede yu ko ŋutu a tutungö kenda na a ŋutu puji kita a ŋarakindi jur kulo ŋarakinda i jibitali kulo ŋarakinda i sukulu na todinoni ŋojik a jondi to'duret mayina	1			Kuku	train	6.042568542568542		False	0.17901234567901236	False	4.296877183507828	0.26448736998514116	True
009983f810033d5152ddab92674ee038	32004	spontaneous-speech-ukv-32004.mp3	20340	3910	Kenda na ŋona a ŋarakinda mede nenut/nasu na di nyo anyen bubulö töggu toʼdurö na jur?	kenda a ŋarakinda mede niyo na i pujö na yeiyesi ko kukuwis na'but nagon jujukin ŋarakini na ŋutu ti jur kulo anyen ko köti yiyimot 'busa na kenda na anyen 'du'durjö	1			Kuku	train	6.6371681415929205		False	0.12345679012345678	False	3.6898488778700873	0.04606240713224369	True
bc7de5ba8870d8cc13419daa6f9387f0	32093	spontaneous-speech-ukv-32093.mp3	8928	3910	Kenda na ŋona a ŋarakinda mede nenut/nasu na di nyo anyen bubulö töggu toʼdurö na jur?	tinda ŋutu' ŋarakinda kikijikö yala ko ŋutuu lomerika	1			Kuku	train	5.152329749103942		False	0.07999999999999996	False	4.985506263053641	0.6069836552748885	False
403eb42cb6d7bf4e1ab0b5007a937e98	32310	spontaneous-speech-ukv-32310.mp3	22896	3910	Kenda na ŋona a ŋarakinda mede nenut/nasu na di nyo anyen bubulö töggu toʼdurö na jur?	kenda na ŋarakinda yi' yi to'durjö niyaŋ na jur ako midijin ako wöti kaaŋ kulo bgenge ko ŋutu bgoŋ ko kune yoŋesi naŋ na go a tayini di kulo ŋutu logon madaŋ a meda kulo ti koko puwo i ŋarakinda i konisi a ko i kwinyit do ŋaŋarakinda	1			Kuku	train	8.123689727463312		False	0.16086956521739126	False	4.755887461251509	0.5081723625557206	True
eaf2feaa162e2c5b79c0a23abcdce106	32816	spontaneous-speech-ukv-32816.mp3	24588	3910	Kenda na ŋona a ŋarakinda mede nenut/nasu na di nyo anyen bubulö töggu toʼdurö na jur?	a kenda na atikinda mede nikaŋ na i denda na ŋo na'but ko ŋo narök  köti a tinda mede nikaŋ na si'da ko ta'liŋ  ko jiran köti a tikinda mede nikaŋ na i ŋarakinda na kulye ŋutu logon yöyöŋö ŋaraki ŋutu logon 'bakan nene ŋo' nagon lepeŋat pupu a lepeŋat ŋarakini' ŋaraki' anyen tu ŋeröt kase i gwiliŋet	1			Kuku	train	9.801529201236375		False	0.30639730639730645	False	4.144679092149667	0.18722139673105498	True
4b430d377aba6a707850db0b3318714e	32819	spontaneous-speech-ukv-32819.mp3	10548	3910	Kenda na ŋona a ŋarakinda mede nenut/nasu na di nyo anyen bubulö töggu toʼdurö na jur?	ŋaju na sukuluwöt jore	1			Kuku	train	1.80128934395146	transcription-length	False	0.0	False	4.3310609500495945	0.28454680534918275	True
03e89de29fa51f461c7ffb62db7c8e0d	33469	spontaneous-speech-ukv-33469.mp3	17280	3910	Kenda na ŋona a ŋarakinda mede nenut/nasu na di nyo anyen bubulö töggu toʼdurö na jur?	kenda na a ŋarakinda mede niyo' kode' niaŋ na i bu i bulö to'durjö na jur lo kogwon kpiyesi' nagon a mete' kune tikini' i konesi' a to'duröni jur	1			Kuku	train	6.770833333333333		False	0.09154929577464788	False	4.080154911547749	0.15676077265973254	True
e9dcd66d26b3932c353f71bcc8b69d92	33564	spontaneous-speech-ukv-33564.mp3	16416	3910	Kenda na ŋona a ŋarakinda mede nenut/nasu na di nyo anyen bubulö töggu toʼdurö na jur?	kenda na tu i to'durjö na jur ko ŋo bgenge 'dukö na sukuluöt jibitalijin yi na ŋo na tinda 'durjö na jur	1			Kuku	train	5.056042884990253		False	0.18811881188118806	False	3.826405662362495	0.07206537890044576	True
a9f74c616d972aac0bc6d66da0be03d8	33673	spontaneous-speech-ukv-33673.mp3	12528	3910	Kenda na ŋona a ŋarakinda mede nenut/nasu na di nyo anyen bubulö töggu toʼdurö na jur?	kenda na a tinda nan i i a tikinda nan yi pujö na koŋon naŋ to'durji kode'  'nkitakindi gbokiyot a ko jur lo i pirit na geleŋ 	1			Kuku	train	7.822477650063857		False	0.12195121951219512	False	4.008618675303971	0.12184249628528974	True
8f02d83adfcef5096940ee32cf3acb24	34314	spontaneous-speech-ukv-34314.mp3	22680	3910	Kenda na ŋona a ŋarakinda mede nenut/nasu na di nyo anyen bubulö töggu toʼdurö na jur?	kenda niyo' na kode' kenda niyaŋ na mede na a ŋarakinda a ŋwajik kulo i kenda i kukuju koko yi 'dukö na sukulu naŋ ŋwajik kulo titirini kata ni i jur kata ni ko i gböraökindö na koko ŋo' logoŋgiti koko totokita i sukulu yu	1			Kuku	train	7.848324514991182		False	0.2465753424657534	False	4.005316091955068	0.12035661218424963	True
d61dfa8687c5e5b0d0a9ab598550b381	30287	spontaneous-speech-ukv-30287.mp3	19908	3966	Ŋutuʼ na tutunögu na ködö nyösiʼ kulon kinyojin anyen gboŋ gboŋ ko le jore?	loŋgu kinyojin logon doŋta lo tugö  di se lo 'yeyi  ko ŋutu' na tutu'dögu na ködö tetemara kinyojin kulo jore  anyen denunda ko lon kinyo  loŋ  jojonda le jore a ŋiro lo nöŋgu 'bura	1			Kuku	train	7.183041993168575		False	0.1179775280898876	False	5.473999091358225	0.7696879643387816	False
ddae0f97a9679a1d5120cea6086416fd	31495	spontaneous-speech-ukv-31495.mp3	20448	3966	Ŋutuʼ na tutunögu na ködö nyösiʼ kulon kinyojin anyen gboŋ gboŋ ko le jore?	ŋutú na tutunögu na ködó ti yesi na'but a daŋin musala yi lor ti yesi' yesu 'döti na dera ko köyimöt ti mojimoju 'bolot ti liyot anyen ŋarakinda lepeŋ ko ŋiro lo gboŋ i köni lo ko lee na jore 	1			Kuku	train	7.531298904538341		False	0.08900523560209428	False	5.085237972155055	0.6456166419019317	False
3595372adebe9fa78cb5dbf05ddc6d75	31636	spontaneous-speech-ukv-31636.mp3	18756	3966	Ŋutuʼ na tutunögu na ködö nyösiʼ kulon kinyojin anyen gboŋ gboŋ ko le jore?	ŋutu na tutunöggu na ködö tunyöi 'bura' yi diŋit naŋ ŋiro alo'dit a nyesi' lokore ko somot a ko ŋete' a möji le 'dok a ko 'bolok	1			Kuku	train	5.438259756877799		False	0.05600000000000005	False	6.123437710745565	0.9138187221396731	False
bc7de5ba8870d8cc13419daa6f9387f0	31792	spontaneous-speech-ukv-31792.mp3	21888	3966	Ŋutuʼ na tutunögu na ködö nyösiʼ kulon kinyojin anyen gboŋ gboŋ ko le jore?	ŋuutu na tutunöggu na miindi ti nyesi' ŋo' naa tin taji 'dötilön na naŋ na 'dötilön na yuyurö ee ko do yeyesu burusut ee ko  ŋetelelan kune bes 'döti' naŋ ti deedera naŋ köyimöt na ti pupuru nyena ma bubulö jonda le ti ŋiro	1			Kuku	train	8.177997076023392		False	0.15909090909090906	False	6.088181287956662	0.9093610698365527	False
b5f5d64520d7376baeef5ca553c0c675	32069	spontaneous-speech-ukv-32069.mp3	32796	3966	Ŋutuʼ na tutunögu na ködö nyösiʼ kulon kinyojin anyen gboŋ gboŋ ko le jore?	ŋutu' na tutunögu na 'dek ti yesiyesu kinyojin  ko kudaraki jore ma pupujö le jore kinyojin gbe ko liserit ko somot somot  janjaro ko ŋetelan ko dodojin kudaraki matoke ko ananasi  ki lo ŋo se na	1			Kuku	train	4.787169166971582		True	0.15625	False			False
403eb42cb6d7bf4e1ab0b5007a937e98	32220	spontaneous-speech-ukv-32220.mp3	23328	3966	Ŋutuʼ na tutunögu na ködö nyösiʼ kulon kinyojin anyen gboŋ gboŋ ko le jore?	kaŋ ni kuku ni na ko ŋutu na yuŋundö do yitoki 'bolot ti liyöt a do derakin luparate a do derakin loputu kine a ŋo lo jojonda le ti ŋiro 'bura kulo se lokilo a ko ŋete ilo ŋo loruwok kulo ti do nyesi se kilo ŋo lo jonda le kulo	1			Kuku	train	7.587448559670782		False	0.21875	False	6.144394130615078	0.9160475482912332	False
21ddeb69bfd3e57ad4af5253b149dd0f	32331	spontaneous-speech-ukv-32331.mp3	11448	3966	Ŋutuʼ na tutunögu na ködö nyösiʼ kulon kinyojin anyen gboŋ gboŋ ko le jore?	ko ŋutu na tutunöghu na anyen gboŋ ko le jore ti yesi' ŋete' na yurö ko köyimöt anyen le kine gboŋ jore	1			Kuku	train	7.16282320055905		False	0.14	False	5.05933382089028	0.6344725111441307	False
e9dcd66d26b3932c353f71bcc8b69d92	32812	spontaneous-speech-ukv-32812.mp3	17640	3966	Ŋutuʼ na tutunögu na ködö nyösiʼ kulon kinyojin anyen gboŋ gboŋ ko le jore?	ŋutu na tutunögu na mindi ti nyesi ŋo bgenge ŋete na a yurö ko koyimöt ko ŋo lo a dera ko koyimöt katani nye na jojonda le jore i ŋutu na yuŋundö	1			Kuku	train	6.462585034013605		False	0.176056338028169	False	5.483037737025297	0.7734026745913819	False
a9f74c616d972aac0bc6d66da0be03d8	33013	spontaneous-speech-ukv-33013.mp3	11736	3966	Ŋutuʼ na tutunögu na ködö nyösiʼ kulon kinyojin anyen gboŋ gboŋ ko le jore?	kinyotot lo yuyurö lo  kodö ŋotejin na tutunögu nyesu nye   anyen jonda le ti ŋiro	1			Kuku	train	5.538513974096796		False	0.03797468354430378	False	6.562532274621018	0.9613670133729569	False
eaf2feaa162e2c5b79c0a23abcdce106	33284	spontaneous-speech-ukv-33284.mp3	11520	3966	Ŋutuʼ na tutunögu na ködö nyösiʼ kulon kinyojin anyen gboŋ gboŋ ko le jore?	ŋutu' nagoŋ tutunöggu na ködö nyesu kinyojin logoŋ jonda le jore anyen ŋiro lo ti gbon a ryöju goliyesi' ti le	1			Kuku	train	7.8125		False	0.01869158878504673	False	5.310708784215448	0.7288261515601783	False
4b430d377aba6a707850db0b3318714e	33594	spontaneous-speech-ukv-33594.mp3	20016	3966	Ŋutuʼ na tutunögu na ködö nyösiʼ kulon kinyojin anyen gboŋ gboŋ ko le jore?	e ŋutu na ko tutunögu mindi ti yesi yesu 'detilön naŋ ko köyimot kodo nyesu 'detilön loŋ bgoŋ lo köyimot e do meda le kune bgoŋ jore a ŋiro lo nogi nogu 'bura 'dok a ŋiro lo pirepirön a  lo'but	1			Kuku	train	7.64388489208633		False	0.17894736842105263	False	5.556503701590272	0.7986627043090639	False
c4b295f61c6417a48253b975d0db3dc3	29396	spontaneous-speech-ukv-29396.mp3	21996	4003	Nan ŋona bubulö rereŋgu kuwa ko kimur yi diŋit na toto dinyo?	nan bubulö rereŋgu na kimur yi  koja  na nan yi diŋit na toto ko togeleŋ toto yi lemesia kata aya ko  tomurek a gbe'de metet nagon di ti parara gwe kata  kode  lombo kode ti lomba  ti bge'de kata kadini	1			Kuku	train	7.137661392980541		False	0.14572864321608037	False	5.127476953761129	0.662704309063893	False
d61dfa8687c5e5b0d0a9ab598550b381	30418	spontaneous-speech-ukv-30418.mp3	26496	4003	Nan ŋona bubulö rereŋgu kuwa ko kimur yi diŋit na toto dinyo?	rereŋo na kumur na poliölö ŋutu a kolokindo piöŋ i gbogbo'di  nyona ko mede mede na ti totokela ma doru lo bgwong nyonani kulo ti totokela koronyo' kulo ti no'nonoka kadi na ti nye bgwoŋ a bulondi yala kirut ti ŋutu totoni i pirit nagon ko lemesia kode tandarua	1			Kuku	train	8.001207729468598		False	0.16666666666666663	False	5.855480082057303	0.8714710252600297	False
3595372adebe9fa78cb5dbf05ddc6d75	31414	spontaneous-speech-ukv-31414.mp3	7056	4003	Nan ŋona bubulö rereŋgu kuwa ko kimur yi diŋit na toto dinyo?	nan bubulö nan  torja tandarua 	1			Kuku	train	3.5430839002267573		False	0.0357142857142857	False	5.752877517706043	0.8476968796433878	False
009983f810033d5152ddab92674ee038	31516	spontaneous-speech-ukv-31516.mp3	16560	4003	Nan ŋona bubulö rereŋgu kuwa ko kimur yi diŋit na toto dinyo?	nan bubulö rereŋgu kuwa ko kimur yi diŋit na toto ko tandaruwa naŋ 'an lupödu kata yu ann totoni' kata yu	1			Kuku	train	5.132850241545894		False	0.08823529411764708	False	4.658822754621533	0.45468053491827637	True
bc7de5ba8870d8cc13419daa6f9387f0	31702	spontaneous-speech-ukv-31702.mp3	21888	4003	Nan ŋona bubulö rereŋgu kuwa ko kimur yi diŋit na toto dinyo?	umm nan bubulö rereŋgu kuwa ko kimur ko nan gboŋ ko tandaruwa totowet yani ko gbe kotyak na a nan tetenakindi' tandaruwa niyo'  na 'bura'   a 'nn seesekiŋga  ko kimur 'ba lubbö kayu nyengon  nan a kuwa  a nyena nan 'dok a jonda ret	1			Kuku	train	8.315058479532164		False	0.16228070175438591	False	5.855197120661713	0.8707280832095097	False
b5f5d64520d7376baeef5ca553c0c675	31929	spontaneous-speech-ukv-31929.mp3	21456	4003	Nan ŋona bubulö rereŋgu kuwa ko kimur yi diŋit na toto dinyo?	un bubulö reregu kuwa ko kimur yi kulo kikolin toto yi lemesiya kata yela a ko wela ko wini lo kimur lo do we'a' mugun let lo liŋ  nye naŋ kimur kulo kukujen koja na do yela 'boŋ do toto yi lemesiya na do walan	1			Kuku	train	7.690156599552573		False	0.24637681159420288	False	5.9424330284422515	0.8855869242199108	False
21ddeb69bfd3e57ad4af5253b149dd0f	32043	spontaneous-speech-ukv-32043.mp3	21348	4003	Nan ŋona bubulö rereŋgu kuwa ko kimur yi diŋit na toto dinyo?	yani yina do rereŋgu kuwa ko kimur na yani yi diŋit na toto miindi ti do totoni' yi tandarua kata aa nene' diŋit ko do ti yi toto yu ti do metemet tandurua nu kode' ŋona ko kimurat  kata kata yu kode' 'ban 	1			Kuku	train	7.588532883642496		False	0.24630541871921185	False	5.6602401593561416	0.826151560178306	False
4b430d377aba6a707850db0b3318714e	32626	spontaneous-speech-ukv-32626.mp3	8388	4003	Nan ŋona bubulö rereŋgu kuwa ko kimur yi diŋit na toto dinyo?	ma nan  gbong a kuwa ko kimur miyiindi  ti nan toto i lemesiya kata	1			Kuku	train	6.19933237958989		False	0.03125	False	5.644449686976753	0.8202080237741456	False
a9f74c616d972aac0bc6d66da0be03d8	33325	spontaneous-speech-ukv-33325.mp3	3456	4003	Nan ŋona bubulö rereŋgu kuwa ko kimur yi diŋit na toto dinyo?	toto i lemesia	1			Kuku	train	3.4722222222222223		True	0.0	False			False
eaf2feaa162e2c5b79c0a23abcdce106	33345	spontaneous-speech-ukv-33345.mp3	12348	4003	Nan ŋona bubulö rereŋgu kuwa ko kimur yi diŋit na toto dinyo?	nan jujukin rerengu  kuwa ko kimur i diŋit na toto ko nan toto i lemesia kata nagon a tora 'bura lemesia nagon a ko tu'yo	1			Kuku	train	7.774538386783284		False	0.17796610169491522	False	4.891328768497599	0.5690936106983655	True
e9dcd66d26b3932c353f71bcc8b69d92	33471	spontaneous-speech-ukv-33471.mp3	11988	4003	Nan ŋona bubulö rereŋgu kuwa ko kimur yi diŋit na toto dinyo?	do weweja rereŋgu na kuwa ko kimur i diŋit na toto na i toto i lemesia kata	1			Kuku	train	4.921588254921589		False	0.06944444444444442	False	4.398930539563206	0.3135215453194651	True
03e89de29fa51f461c7ffb62db7c8e0d	33476	spontaneous-speech-ukv-33476.mp3	16920	4003	Nan ŋona bubulö rereŋgu kuwa ko kimur yi diŋit na toto dinyo?	nan bubulo rerengu kuwa ko kimur i diŋit na toto ko toto i lemesia kata kode ko we'ya na mugun niyo ko welet logon kimur ti 'bo	1			Kuku	train	5.969267139479904		False	0.12096774193548387	False	4.735917393293862	0.5014858841010401	True
8f02d83adfcef5096940ee32cf3acb24	34164	spontaneous-speech-ukv-34164.mp3	17388	4003	Nan ŋona bubulö rereŋgu kuwa ko kimur yi diŋit na toto dinyo?	kimur kulo jore 'boŋ miindi naŋ di ti nan totoni' yi tandaruwa kata 'boŋ ko nan miindi lupöddu kata yu ti man mete met kode lele' kata logoŋ a lupöddu kata yu anyen duŋun kaŋo kode' nan leleŋ	1			Kuku	train	8.856682769726246		False	0.21276595744680848	False	5.651896677097994	0.8231797919762258	False
d61dfa8687c5e5b0d0a9ab598550b381	30282	spontaneous-speech-ukv-30282.mp3	8028	3984	Kulon kikölin logon Kenda na made net na a liwaki yi jowunda na gaweret yi jur?	kenda na ŋwajik nawate ko luwaliyan jojo na jonda gayiret i jur	1			Kuku	train	6.477329347284504		False	0.033333333333333326	False	4.037155065586159	0.13818722139673106	True
3595372adebe9fa78cb5dbf05ddc6d75	31793	spontaneous-speech-ukv-31793.mp3	22176	3984	Kulon kikölin logon Kenda na made net na a liwaki yi jowunda na gaweret yi jur?	kenda na kaŋ i jur yu ŋarakinda yi i kukuju na kule ŋutu logon a ko den ko i ŋarakinda na kule loŋ a ko den nyu	1			Kuku	train	3.8329725829725834		False	0.25	False	4.564199421610181	0.39895988112927194	True
ddae0f97a9679a1d5120cea6086416fd	31960	spontaneous-speech-ukv-31960.mp3	20916	3984	Kulon kikölin logon Kenda na made net na a liwaki yi jowunda na gaweret yi jur?	a meda na a liwaki i jujumbu na kita na kelan na tondiöd ana dukö anyen ko ŋarakinda jur lo 'bukulun	1			Kuku	train	3.824823101931536		False	0.05154639175257736	False	5.2092715965585965	0.6939078751857355	False
403eb42cb6d7bf4e1ab0b5007a937e98	31963	spontaneous-speech-ukv-31963.mp3	34956	3984	Kulon kikölin logon Kenda na made net na a liwaki yi jowunda na gaweret yi jur?	aa tiyanana yi' jambu ŋo' yi  kulya ti ŋutu' lo kita yiloŋ a kenda lo kita yi jibitali yani ko ŋutu' lo kita yi ukuma kilo ŋutu' liŋ a sukulu na nye na  jonda yi na 'busan gbege tiyanan ŋutu' kulo gboŋ ko kwinyit loŋ  kenda ko seesa lo a nyo lakin yo lo seesa yi kule 'bayin kule ŋtutu' liŋ yona a yinaŋo na geleŋ na nye na lupunda yi konda na yi na ŋo 'ba'di ponda yi kikolin loŋ 'bak dena	1			Kuku	train	8.725254605790136		True	0.289405684754522	False			False
009983f810033d5152ddab92674ee038	32017	spontaneous-speech-ukv-32017.mp3	16740	3984	Kulon kikölin logon Kenda na made net na a liwaki yi jowunda na gaweret yi jur?	 kikölin ti tetena na midijin a nake ti bgoŋ ko dili na körönyö ti bgoŋ ko sörönyön ko kikölin lo tiyuni ŋojik yi ayanyan ka'de ka'de	1			Kuku	train	6.391875746714455		False	0.1923076923076923	False	4.940867665954357	0.5898959881129272	True
bc7de5ba8870d8cc13419daa6f9387f0	32206	spontaneous-speech-ukv-32206.mp3	15768	3984	Kulon kikölin logon Kenda na made net na a liwaki yi jowunda na gaweret yi jur?	kikolin logoŋ kenda yi to'durjö na jur lo a tokenda na ŋojik kuwe kulo ko si'da 'bura' 'dok ŋutu loŋ yi si'da liŋ kulo	1			Kuku	train	6.024860476915271		False	0.09565217391304348	False	3.6180574170418693	0.03194650817236255	True
4b430d377aba6a707850db0b3318714e	32811	spontaneous-speech-ukv-32811.mp3	13860	3984	Kulon kikölin logon Kenda na made net na a liwaki yi jowunda na gaweret yi jur?	kenda  na kulya ti jibitaliya na a 'bulit duma jonda gayeret yi jur	1			Kuku	train	3.896103896103896		False	0.03125	False	3.7262486097257157	0.05274888558692422	True
03e89de29fa51f461c7ffb62db7c8e0d	32956	spontaneous-speech-ukv-32956.mp3	17388	3984	Kulon kikölin logon Kenda na made net na a liwaki yi jowunda na gaweret yi jur?	kenda na mede niyo' na a liwaki' yi jonda na gayeret kogbon nan bulöne bulö liwaki geleŋ komugun niyo' yi tunyöju na mede niyo kode' yi tokenda na ŋojik kwe	1			Kuku	train	7.303887738670347		False	0.23529411764705888	False	4.166197846521199	0.2013372956909361	True
a9f74c616d972aac0bc6d66da0be03d8	33555	spontaneous-speech-ukv-33555.mp3	9108	3984	Kulon kikölin logon Kenda na made net na a liwaki yi jowunda na gaweret yi jur?	ŋarakinda i kukuwesi a ko rijo na kenisi naŋ ŋutulu totogiri	1			Kuku	train	5.489679402722881		False	0.0	False	5.004212392360353	0.6151560178306092	False
8f02d83adfcef5096940ee32cf3acb24	34160	spontaneous-speech-ukv-34160.mp3	14976	3984	Kulon kikölin logon Kenda na made net na a liwaki yi jowunda na gaweret yi jur?	kenda niyo na a ŋarakinda kega parik i jur ni i kukuju na ŋojik kulo anyen tu ŋerot i kenda anyen pupujö kitajin nagon a na'but anyen tögu 'börik	1			Kuku	train	7.812499999999999		False	0.10563380281690138	False	3.3639782057535235	0.01263001485884101	True
c4b295f61c6417a48253b975d0db3dc3	29403	spontaneous-speech-ukv-29403.mp3	21996	3997	Ŋona möju na piyoŋ nagoŋ a lut na topunundö ret lo ʼbulötö lo luŋu kolera lo dinyo?	moju na piöŋ nagon a lut na topundo ret loŋ lo'buloto lo luŋu kolera lo ko kogbon wasaka na 'duke ko piöŋ i piöŋ naga mamata a nake kune a koko mötöjini i möit a jounda anyen a joundi twanti lo kolera	1			Kuku	train	7.2285870158210574		False	0.14720812182741116	False	5.164948621364604	0.6775631500742942	False
03e89de29fa51f461c7ffb62db7c8e0d	30101	spontaneous-speech-ukv-30101.mp3	6228	3997	Ŋona möju na piyoŋ nagoŋ a lut na topunundö ret lo ʼbulötö lo luŋu kolera lo dinyo?	 naŋ lut kune gbon ko kuru lorok topunundö ret lo 'bulötö lo luŋu kolera	1			Kuku	train	9.312780989081569		True	0.01449275362318836	False			False
d61dfa8687c5e5b0d0a9ab598550b381	30442	spontaneous-speech-ukv-30442.mp3	24048	3997	Ŋona möju na piyoŋ nagoŋ a lut na topunundö ret lo ʼbulötö lo luŋu kolera lo dinyo?	yilo ret topunundö  kolera lo yi kiko' logoŋ koo kin a 'doŋoki' koke' kin ti ŋutu' lo kolera a kadoŋan ke tu nyin a ke' ti su'duki yi yi kilo yo  kine kin a ti su'dukini yi kinyo lo ŋutu' logoŋ lo'but yilo ŋutu lajim susuluunda kolera	1			Kuku	train	7.734530938123751		False	0.2597402597402597	False	6.444363514985083	0.9457652303120356	False
b5f5d64520d7376baeef5ca553c0c675	31441	spontaneous-speech-ukv-31441.mp3	20196	3997	Ŋona möju na piyoŋ nagoŋ a lut na topunundö ret lo ʼbulötö lo luŋu kolera lo dinyo?	möju na piöŋ nagoŋ a lut kune a naron asan kine piöŋ kata yu a kuru lo jon loŋ ko mötöji' yo moyit kata yu tinda do yi 'bulötö ko nye lu ko perok murek kode' musala nyena luŋuni ko di koleta	1			Kuku	train	7.377698554169142		False	0.0802139037433155	False	5.454724453127348	0.7667161961367014	False
3595372adebe9fa78cb5dbf05ddc6d75	31625	spontaneous-speech-ukv-31625.mp3	17856	3997	Ŋona möju na piyoŋ nagoŋ a lut na topunundö ret lo ʼbulötö lo luŋu kolera lo dinyo?	lu ret  lo luŋu kolera lo gboŋ ko  piyong kune gboŋ ko kurutiyo' katani 'bong lo kurutio nye lo jowonda  yi miyen  ŋutu' yi moyit  kata a mugon na  ŋutu' na ling gilöni'gilö	1			Kuku	train	7.560483870967741		False	0.15294117647058825	False	5.70053165031869	0.837295690936107	False
ddae0f97a9679a1d5120cea6086416fd	31996	spontaneous-speech-ukv-31996.mp3	22680	3997	Ŋona möju na piyoŋ nagoŋ a lut na topunundö ret lo ʼbulötö lo luŋu kolera lo dinyo?	Nan bubulö pujö na ret lo 'bulötö I piöŋ nagon a lut kobgon lu kare logon do pundö kine piöŋ kata ni na a ŋutu logon lo 'bu'bulötö köti a 'doŋö kata yu 'boŋ kine piöŋ ko a ko dera a do de pundi i lo ret	1			Kuku	train	6.878306878306878		False	0.20603015075376885	False	4.658284001680373	0.45319465081723626	True
bc7de5ba8870d8cc13419daa6f9387f0	32132	spontaneous-speech-ukv-32132.mp3	11088	3997	Ŋona möju na piyoŋ nagoŋ a lut na topunundö ret lo ʼbulötö lo luŋu kolera lo dinyo?	piöŋ naŋ lut kune bgwoŋ ko lokur ko kurutiö logon  a ko ke mötodu a joundi ret lo kolera lo	1			Kuku	train	6.403318903318903		False	0.03409090909090906	False	5.928647504434246	0.8833580980683506	False
403eb42cb6d7bf4e1ab0b5007a937e98	32158	spontaneous-speech-ukv-32158.mp3	23436	3997	Ŋona möju na piyoŋ nagoŋ a lut na topunundö ret lo ʼbulötö lo luŋu kolera lo dinyo?	piyoŋ kune ko wasaaka a ŋutu' mokani' ret lo sorondu babaddu muun kogboŋ nagoŋ ŋo' kulo liŋ a wasaka kine a piyoŋ nagoŋ a wasaka 'ba suwa kode' do 'dok kueö ko piyoɲ logoŋ 'dok wasaka kilo ŋo' liŋ jowunda yöŋit ko ŋutu' ki	1			Kuku	train	7.637822153951186		False	0.19634703196347036	False	5.4926256688239175	0.7763744427934621	False
eaf2feaa162e2c5b79c0a23abcdce106	32937	spontaneous-speech-ukv-32937.mp3	17820	3997	Ŋona möju na piyoŋ nagoŋ a lut na topunundö ret lo ʼbulötö lo luŋu kolera lo dinyo?	ko ŋutu kulo möju piyoŋ nagon wasaka köti ko yesu kinyotot logon a wasaka köti ko ŋutu kulo si'da i bgoke logon a wasaka a tindi ŋutu kulo i moka na ret lo kolera	1			Kuku	train	7.239057239057239		False	0.289308176100629	False	3.960241647987981	0.10921248142644874	True
e9dcd66d26b3932c353f71bcc8b69d92	33339	spontaneous-speech-ukv-33339.mp3	6948	3997	Ŋona möju na piyoŋ nagoŋ a lut na topunundö ret lo ʼbulötö lo luŋu kolera lo dinyo?	piöŋ nagan lut kune kurutiyö lo jonda kolera	1			Kuku	train	5.325273459988486		False	0.0	False	5.628187665087579	0.8157503714710252	False
a9f74c616d972aac0bc6d66da0be03d8	33456	spontaneous-speech-ukv-33456.mp3	11160	3997	Ŋona möju na piyoŋ nagoŋ a lut na topunundö ret lo ʼbulötö lo luŋu kolera lo dinyo?	möju na ŋutu' na piyoŋ nagoŋ a soronyonikin tikinda ŋutu' yi moka na ret lo kolera	1			Kuku	train	6.003584229390681		False	0.10126582278481011	False	3.951349407718055	0.10549777117384844	True
8f02d83adfcef5096940ee32cf3acb24	34332	spontaneous-speech-ukv-34332.mp3	15948	3997	Ŋona möju na piyoŋ nagoŋ a lut na topunundö ret lo ʼbulötö lo luŋu kolera lo dinyo?	piyoŋ naŋ lüt kune gboŋ ko kurutuyó yala ko dó mojú kine piyoŋ a kunu ti topurundi ret ló kolera lo a toŋogitoŋgá	1			Kuku	train	6.0822673689490845		False	0.0431034482758621	False	6.75474799055623	0.9680534918276374	False
c4b295f61c6417a48253b975d0db3dc3	29685	spontaneous-speech-ukv-29685.mp3	11448	3971	Ŋutuʼ luwalet lo ködö kinda nyo ko lopeŋ yiŋga lureʼ yi diŋitan liŋ?	lepeŋ ködö tu yi meta kode' yi sekiŋa yi jibitaliya a dedena ko nyo lo tikinda lepeŋ mugun na yi lure' yi diŋitan liŋ	1			Kuku	train	8.211041229909155		False	0.0964912280701754	False	4.127846124126005	0.17979197622585438	True
d61dfa8687c5e5b0d0a9ab598550b381	30252	spontaneous-speech-ukv-30252.mp3	15588	3971	Ŋutuʼ luwalet lo ködö kinda nyo ko lopeŋ yiŋga lureʼ yi diŋitan liŋ?	ko ŋutu' luwalet yiŋga lure' yi diŋitan liŋ lepeŋ ködö tu kadi na wini i pija na bodo kode' doctor anyen bubulö ŋarakinda lepeŋ ko ŋo' lo nyo lo tikinda lepeŋ lulure' i diŋitan kune liŋ	1			Kuku	train	9.622786759045418		False	0.15384615384615385	False	3.7813130216171698	0.06463595839524518	True
403eb42cb6d7bf4e1ab0b5007a937e98	31437	spontaneous-speech-ukv-31437.mp3	27540	3971	Ŋutuʼ luwalet lo ködö kinda nyo ko lopeŋ yiŋga lureʼ yi diŋitan liŋ?	ŋutu luwalet lo yingabluré i diŋitan liŋ ko konda kita naŋ na'bijó kita na 'bijo totolur'yu ŋutú luwalet parik a puji yukan lepeŋ 'ban miyölönikin di tinye yukan lepeŋ 'dok ti ee yukeyukan do ŋote mede na kölöki lepeŋ 'diŋit na yukan wole i pirit kitayet́ ko lepeŋ ponda kölöki lepeŋ tii yuyukara'	1			Kuku	train	9.005083514887437		False	0.23232323232323238	False	5.063629855282789	0.6359583952451708	False
b5f5d64520d7376baeef5ca553c0c675	31456	spontaneous-speech-ukv-31456.mp3	10440	3971	Ŋutuʼ luwalet lo ködö kinda nyo ko lopeŋ yiŋga lureʼ yi diŋitan liŋ?	lepeŋ bubulö piriki' yi yukan ko lepeŋ yinga lur lure' i i diŋi diŋitan liŋ	1			Kuku	train	5.842911877394636		False	0.09722222222222221	False	4.578382013856196	0.4086181277860327	True
3595372adebe9fa78cb5dbf05ddc6d75	31658	spontaneous-speech-ukv-31658.mp3	13500	3971	Ŋutuʼ luwalet lo ködö kinda nyo ko lopeŋ yiŋga lureʼ yi diŋitan liŋ?	ko ŋutu luwalet a lure' ködö lepeŋ a piriki kak i yukan a lepeŋ de puji' reŋit nayit na köti 	1			Kuku	train	5.407407407407407		False	0.07777777777777772	False	5.656853357179681	0.8246656760772659	False
21ddeb69bfd3e57ad4af5253b149dd0f	31731	spontaneous-speech-ukv-31731.mp3	21888	3971	Ŋutuʼ luwalet lo ködö kinda nyo ko lopeŋ yiŋga lureʼ yi diŋitan liŋ?	aa ŋutú luwaket lo ko toyinga lure a lepeŋ tikinda 'barik diŋit naŋ lepeŋ yuyugiri a nene diŋit ta tu koke i memeda na ŋo gbe kuraa a nyen dó kakaladu i na lure net 	1			Kuku	train	6.030701754385964		False	0.08536585365853655	False	5.781306453007746	0.8543833580980683	False
ddae0f97a9679a1d5120cea6086416fd	31741	spontaneous-speech-ukv-31741.mp3	16200	3971	Ŋutuʼ luwalet lo ködö kinda nyo ko lopeŋ yiŋga lureʼ yi diŋitan liŋ?	ŋutu luwalet lo ko yiŋga lure' yi diŋitan kune liŋ miinfi ti lepeŋ yiti' yi kadi na wini anyen ti memeta ŋona nyo lo tikinda lepeŋ yi dure'	1			Kuku	train	6.913580246913581		False	0.09558823529411764	False	4.166295780428148	0.20208023774145617	True
bc7de5ba8870d8cc13419daa6f9387f0	32044	spontaneous-speech-ukv-32044.mp3	5616	3971	Ŋutuʼ luwalet lo ködö kinda nyo ko lopeŋ yiŋga lureʼ yi diŋitan liŋ?	n ko lepeŋ lure a si'siyö	1			Kuku	train	3.5612535612535607		True	0.0	False			False
009983f810033d5152ddab92674ee038	32254	spontaneous-speech-ukv-32254.mp3	14796	3971	Ŋutuʼ luwalet lo ködö kinda nyo ko lopeŋ yiŋga lureʼ yi diŋitan liŋ?	ŋutu luwalet lo ködö ti nyesi' nyesu 'bura ko ti puji' pujö diŋit yuket naŋ na'but a nyen lepeŋ a yinga lure' i diŋit ta liŋ	1			Kuku	train	6.690997566909975		False	0.07438016528925617	False	4.067507348793584	0.1515601783060921	True
eaf2feaa162e2c5b79c0a23abcdce106	32678	spontaneous-speech-ukv-32678.mp3	15516	3971	Ŋutuʼ luwalet lo ködö kinda nyo ko lopeŋ yiŋga lureʼ yi diŋitan liŋ?	ŋutu luwalet lo ködö konda kita nagon a nago' kode' lepeŋ kodo pokin yi wöwörö kode' lepeŋ pokin yi wöwöki anyen mugun na lepeŋ na pokin yi ŋiŋira anyen gboŋ a na'but	1			Kuku	train	8.700696055684455		False	0.26993865030674846	False	4.263631355020303	0.2473997028231798	True
e9dcd66d26b3932c353f71bcc8b69d92	32931	spontaneous-speech-ukv-32931.mp3	17748	3971	Ŋutuʼ luwalet lo ködö kinda nyo ko lopeŋ yiŋga lureʼ yi diŋitan liŋ?	ŋutu' luwalet lo ko toyiŋga lure' lepeŋ konda kune'  kitajin nagoŋ tegil gboŋge wöwöki kode' ko kita kita logoŋ tegil	1			Kuku	train	5.465404552625648		False	0.10526315789473684	False	4.095408739558585	0.16270430906389302	True
4b430d377aba6a707850db0b3318714e	33276	spontaneous-speech-ukv-33276.mp3	22176	3971	Ŋutuʼ luwalet lo ködö kinda nyo ko lopeŋ yiŋga lureʼ yi diŋitan liŋ?	a ko ŋutu lo yinga lure' a na'but naŋ ko tu jibitaliya a lepeŋ lo a tu metani meta ko nyo lo tinda i diŋit na'dit lepeŋ yinga lure' i diŋit na'dit yinga lure' a lepeŋ momorani wini	1			Kuku	train	6.448412698412698		False	0.3163841807909604	False	4.235198899290014	0.23402674591381872	True
a9f74c616d972aac0bc6d66da0be03d8	33367	spontaneous-speech-ukv-33367.mp3	10980	3971	Ŋutuʼ luwalet lo ködö kinda nyo ko lopeŋ yiŋga lureʼ yi diŋitan liŋ?	ti lepeŋ tiki 'börik   diŋit na yukan kode ti lepeŋ yiti yi pirit  na wini	1			Kuku	train	5.191256830601093		False	0.09859154929577463	False	3.8771348636902254	0.08469539375928678	True
8f02d83adfcef5096940ee32cf3acb24	34313	spontaneous-speech-ukv-34313.mp3	13356	3971	Ŋutuʼ luwalet lo ködö kinda nyo ko lopeŋ yiŋga lureʼ yi diŋitan liŋ?	ŋutu luwalet lo kodo a na'but nagoŋ ko lepeŋ pupu diŋit na lepeŋ yuyugi i diŋitam kune liŋ ko lepeŋ yinga lure	1			Kuku	train	6.663671758011381		False	0.15887850467289721	False	3.5643850827852437	0.02674591381872214	True
c4b295f61c6417a48253b975d0db3dc3	29626	spontaneous-speech-ukv-29626.mp3	19980	4006	Ŋona suluwa na kita na tujarju na pölyölyöʼ kasu yi gboke ni?	suluwa na kita na madaŋ pölyölyö kaaŋ yi gboke ni lakin kune' diŋitan kune' madaŋ a nago' kogboŋ kule' ɲo' logoŋ do tunskin pirit nageleŋ ma do sulujo kita nene' diŋit gbogbo 'ban a ko kata a do puji' di gbe'de pölyölyö	1			Kuku	train	8.90890890890891		False	0.18055555555555558	False	4.614501737262971	0.42867756315007427	True
d61dfa8687c5e5b0d0a9ab598550b381	30231	spontaneous-speech-ukv-30231.mp3	29268	4006	Ŋona suluwa na kita na tujarju na pölyölyöʼ kasu yi gboke ni?	kaŋ yi gboke ni suluwa na kita na tujarju na 'ba gwon pölöl'yö kogon ŋutu' kulo  jore kulo ŋo logon tutujara kulo 'ban ŋutu' kulo gwon ko se ko kulu kinyo kulo ɲutu' kulo gbon ko se kinyoji ma'di ko di ko kita ma 'di ko kita na kuluk kuluk na 'dok ŋutu' kulo a nyesu yi kuluk kogbon ŋutu' kulo gwon ko midijin kase nye na tiinda kits ma tujarju na suluwa nayit na 'ban pöl'yöl'yö	1			Kuku	train	10.31843651769851		True	0.4122340425531915	False			False
3595372adebe9fa78cb5dbf05ddc6d75	31529	spontaneous-speech-ukv-31529.mp3	8460	4006	Ŋona suluwa na kita na tujarju na pölyölyöʼ kasu yi gboke ni?	sulua na kita na ko a tujarju 'ba pölyölyö	1			Kuku	train	4.018912529550828		False	0.10256410256410253	False	4.653343947214895	0.45022288261515603	True
21ddeb69bfd3e57ad4af5253b149dd0f	31718	spontaneous-speech-ukv-31718.mp3	31860	4006	Ŋona suluwa na kita na tujarju na pölyölyöʼ kasu yi gboke ni?	yani suluja na bijinesi ko ŋutu' yi gboke ni na madaŋ a nago parik yani nene diŋit do pujö naŋ di yani ŋo ŋutu' kulo  ku'dik yi na gboke s do puji nan di  ko suluki tinda na biyasara let ni yani pujö  di ŋo kulo a gbörö ko miindi gbögbörö	1			Kuku	train	5.806654111738857		True	0.2297872340425532	False			False
ddae0f97a9679a1d5120cea6086416fd	31736	spontaneous-speech-ukv-31736.mp3	11160	4006	Ŋona suluwa na kita na tujarju na pölyölyöʼ kasu yi gboke ni?	suluja na kita na tujar na a pölyölyö ko gurusu kata ama ko gurusu 'ban gboŋ a nago' i suluja	1			Kuku	train	6.630824372759856		False	0.1777777777777778	False	4.45734586940922	0.3424962852897474	True
403eb42cb6d7bf4e1ab0b5007a937e98	31786	spontaneous-speech-ukv-31786.mp3	25956	4006	Ŋona suluwa na kita na tujarju na pölyölyöʼ kasu yi gboke ni?	suluwa na kita na a nago kaŋ i bgoke ni  kobgon ko gurusutö naŋ do susuluji ko 'ban lisa a yöŋit yi ŋutu' lobgoŋ ko kwinyit ti bisinesi kune lakin  bisinesi lo ko gurustöt kata kune kune  pölyölyö 'ba nago'	1			Kuku	train	6.3183849591616585		False	0.1576354679802956	False	5.282900318373656	0.7191679049034175	False
b5f5d64520d7376baeef5ca553c0c675	32294	spontaneous-speech-ukv-32294.mp3	7056	4006	Ŋona suluwa na kita na tujarju na pölyölyöʼ kasu yi gboke ni?	ee suluwa na kita na tujarju na pölyölyö'	1			Kuku	train	4.81859410430839		False	0.10526315789473684	False	4.5108846874208215	0.3655274888558692	True
e9dcd66d26b3932c353f71bcc8b69d92	33108	spontaneous-speech-ukv-33108.mp3	12348	4006	Ŋona suluwa na kita na tujarju na pölyölyöʼ kasu yi gboke ni?	suluwa na tujar na pölyölyö ko gurusu kata naga do susuluji ile ko girusu 'bayi suluwa na tujar na anago'	1			Kuku	train	6.964690638160025		False	0.23529411764705888	False	5.642858137692621	0.8194650817236255	False
4b430d377aba6a707850db0b3318714e	33238	spontaneous-speech-ukv-33238.mp3	23040	4006	Ŋona suluwa na kita na tujarju na pölyölyöʼ kasu yi gboke ni?	n nan tukökindö ŋutu kuwe bgwoke ni ko toron na ŋarju na ŋo bge leleŋesi na a nyo kogwon i na liŋ n denunda i kenda kata ann dendi di ŋara na leleŋesi na 'ban na'but parik	1			Kuku	train	5.859375		False	0.13690476190476186	False	4.6431927370220905	0.44353640416047546	True
03e89de29fa51f461c7ffb62db7c8e0d	33256	spontaneous-speech-ukv-33256.mp3	5256	4006	Ŋona suluwa na kita na tujarju na pölyölyöʼ kasu yi gboke ni?	Ee suluwa na kita na tujarju na  pölyölyö kaaŋ i gboke ni	1			Kuku	train	8.561643835616438		True	0.07407407407407407	False			False
a9f74c616d972aac0bc6d66da0be03d8	33694	spontaneous-speech-ukv-33694.mp3	5040	4006	Ŋona suluwa na kita na tujarju na pölyölyöʼ kasu yi gboke ni?	kega'yu na kita na bá palyälyä	1			Kuku	train	5.555555555555555		True	0.06666666666666665	False			False
8f02d83adfcef5096940ee32cf3acb24	34306	spontaneous-speech-ukv-34306.mp3	16596	4006	Ŋona suluwa na kita na tujarju na pölyölyöʼ kasu yi gboke ni?	suluja na tujarju na kaaŋ yi gboke ni na 'ban pölyölyö kogboŋ ko do tujarju miindi ti do gbe ko gurusu kata nagoŋ do susuluji ina tujarju	1			Kuku	train	6.688358640636298		False	0.16417910447761197	False	4.0494298308683225	0.14190193164933135	True
8f02d83adfcef5096940ee32cf3acb24	34306	spontaneous-speech-ukv-34306.mp3	16596	4006	Ŋona suluwa na kita na tujarju na pölyölyöʼ kasu yi gboke ni?	suluja na tujarju na kaŋ gboke ni na 'ban polyölyö kogbon ko suluja tujarju mindi ti do gbe'de ko gurusu kata nagon do susuluji yi na tujarju	1			Kuku	train	6.9293805736322005		False	0.2028985507246377	False	4.320008127623168	0.2763744427934621	True
c4b295f61c6417a48253b975d0db3dc3	29518	spontaneous-speech-ukv-29518.mp3	10800	3961	Ti Nan ŋona tiki ŋiro liyoʼ lo winikö ti kuru , ʼboŋ temba yi diŋit gbada?	temba mukök na yapa gele geleŋ ködö ti nan tikitikin ŋiro i wi'yö na wini lo kuru ma goja kuruk	1			Kuku	train	7.037037037037036		False	0.06521739130434778	False	5.526243355705417	0.7867756315007429	False
d61dfa8687c5e5b0d0a9ab598550b381	30448	spontaneous-speech-ukv-30448.mp3	16668	3961	Ti Nan ŋona tiki ŋiro liyoʼ lo winikö ti kuru , ʼboŋ temba yi diŋit gbada?	a ŋo' na'but yi tikinda na ŋiro winikö ti kuru lakin tiki' yi temba diŋit tan nagoŋ dokta kode ŋutu' lo winikö a temakin di ködö tiki' katani kune	1			Kuku	train	7.079433645308376		False	0.13286713286713292	False	4.598018655280088	0.4227340267459138	True
3595372adebe9fa78cb5dbf05ddc6d75	31559	spontaneous-speech-ukv-31559.mp3	19116	3961	Ti Nan ŋona tiki ŋiro liyoʼ lo winikö ti kuru , ʼboŋ temba yi diŋit gbada?	wini lo kuru lo ko tiyi ŋiro lo'dit dodo' tiki i waran a ko paran a ko kotiyan i mukök nagon lepeŋ aje nyesu kinyötöt	1			Kuku	train	4.865034526051475		False	0.0964912280701754	False	5.561810751597197	0.8016344725111442	False
bc7de5ba8870d8cc13419daa6f9387f0	31606	spontaneous-speech-ukv-31606.mp3	21708	3961	Ti Nan ŋona tiki ŋiro liyoʼ lo winikö ti kuru , ʼboŋ temba yi diŋit gbada?	nan tikinda ŋiro liyo lo winikö ti kuru kulo daŋ geleŋ yi lor ni muu koo ko perok musala ko gboŋ na yi lor ni mata geleŋ  a kulu temakinda loron musala	1			Kuku	train	5.4818500092131925		False	0.15540540540540537	False	4.818217248183492	0.5393759286775631	True
ddae0f97a9679a1d5120cea6086416fd	31672	spontaneous-speech-ukv-31672.mp3	20916	3961	Ti Nan ŋona tiki ŋiro liyoʼ lo winikö ti kuru , ʼboŋ temba yi diŋit gbada?	winikö ti kuru aa ködö ti tikini' ŋiro yi mukök na yapa geleŋ kode' yapani' musala anyen lelenga kuru logon ko ŋiro i mugun	1			Kuku	train	4.781028877414419		False	0.09999999999999998	False	4.5704593404876706	0.4026745913818722	True
009983f810033d5152ddab92674ee038	31848	spontaneous-speech-ukv-31848.mp3	13320	3961	Ti Nan ŋona tiki ŋiro liyoʼ lo winikö ti kuru , ʼboŋ temba yi diŋit gbada?	ŋiro liyo' lo 'n tikinda lepeŋ winikö ti kuru i mukök na yapani musala	1			Kuku	train	4.27927927927928		False	0.014925373134328401	False	4.291401414695435	0.262258543833581	True
b5f5d64520d7376baeef5ca553c0c675	31899	spontaneous-speech-ukv-31899.mp3	11340	3961	Ti Nan ŋona tiki ŋiro liyoʼ lo winikö ti kuru , ʼboŋ temba yi diŋit gbada?	ee ŋiro lo titiki' winikö ti kuru temba yi mukök na yapa geleŋ manyen teteŋgu lepeŋ yi kule' ayanikö	1			Kuku	train	7.231040564373898		False	0.030927835051546393	False	4.803570258551905	0.5326894502228826	True
403eb42cb6d7bf4e1ab0b5007a937e98	32039	spontaneous-speech-ukv-32039.mp3	28836	3961	Ti Nan ŋona tiki ŋiro liyoʼ lo winikö ti kuru , ʼboŋ temba yi diŋit gbada?	ŋojik kulo ko gown mede do  tinda kilo  winikö loŋ maatu tonnuja kuru kulo yi moyit yu kulo manyen tinda ko gboŋ mugunya kune na'but yi mukuk na yapani' musala yala a do titinda yi yi mukök na yapani' musala a do titinda yina ŋo' nan natayini di ti ŋote ŋiro na gwe loga ko ŋojik kulo ma memet yi sukulu 'dog saa koo titiyi kilo wi'yo  nina	1			Kuku	train	9.363295880149812		False	0.24629080118694358	False	5.415158336004271	0.7533432392273403	False
21ddeb69bfd3e57ad4af5253b149dd0f	32149	spontaneous-speech-ukv-32149.mp3	24588	3961	Ti Nan ŋona tiki ŋiro liyoʼ lo winikö ti kuru , ʼboŋ temba yi diŋit gbada?	yani a na 'but i tiki na ŋiro na wini lo reregu kuru i moyit a do bubulö tikinda na ŋiro lo lakin ko do titikinda ti do deneden yani ŋiro lo yani gboŋ ko kikaŋjin muda a lepeŋ ŋona moju lo wini moju gbada	1			Kuku	train	6.507239303725394		False	0.19402985074626866	False	5.331218666406963	0.7332838038632986	False
eaf2feaa162e2c5b79c0a23abcdce106	33075	spontaneous-speech-ukv-33075.mp3	11988	3961	Ti Nan ŋona tiki ŋiro liyoʼ lo winikö ti kuru , ʼboŋ temba yi diŋit gbada?	temba i yapa nan kodo tikinda ŋojik kuwe kulo winiko ti kuru anyen rerengu kuru	1			Kuku	train	5.422088755422089		False	0.03947368421052633	False	3.904411868866083	0.09286775631500743	True
4b430d377aba6a707850db0b3318714e	33128	spontaneous-speech-ukv-33128.mp3	16668	3961	Ti Nan ŋona tiki ŋiro liyoʼ lo winikö ti kuru , ʼboŋ temba yi diŋit gbada?	yi tikinda ŋojik kaŋ kulo winiko ti kuru kulo temba i yapani musala a yi t'itikinda ma tengu koko i moka ko kuru	1			Kuku	train	5.399568034557236		False	0.1009174311926605	False	4.4024637572682614	0.31575037147102525	True
03e89de29fa51f461c7ffb62db7c8e0d	33222	spontaneous-speech-ukv-33222.mp3	8928	3961	Ti Nan ŋona tiki ŋiro liyoʼ lo winikö ti kuru , ʼboŋ temba yi diŋit gbada?	nan kodo tikinda ŋiro liyo' lo winikö ti kuru daŋ geleŋ i mukö na yapani musala	1			Kuku	train	7.168458781362006		False	0.013157894736842146	False	4.339310943884887	0.2867756315007429	True
a9f74c616d972aac0bc6d66da0be03d8	33701	spontaneous-speech-ukv-33701.mp3	8280	3961	Ti Nan ŋona tiki ŋiro liyoʼ lo winikö ti kuru , ʼboŋ temba yi diŋit gbada?	do titinda winiko i mukok na perok musala	1			Kuku	train	4.1062801932367154		False	0.0	False	5.590835849016487	0.8068350668647846	False
e9dcd66d26b3932c353f71bcc8b69d92	33783	spontaneous-speech-ukv-33783.mp3	7416	3961	Ti Nan ŋona tiki ŋiro liyoʼ lo winikö ti kuru , ʼboŋ temba yi diŋit gbada?	nan tikinda ŋiro lo kotem perok liŋ temba yi yapa	1			Kuku	train	5.393743257820928		False	0.0	False	4.494992188907682	0.3610698365527489	True
c4b295f61c6417a48253b975d0db3dc3	29744	spontaneous-speech-ukv-29744.mp3	17028	4022	Kita nagoŋ kaʼdolak ti keriyat a kon kasu yi gboke ni na avnyo?	aa kitajin kune a meta na kujöŋ kode meta na kulya ti jur kode' rerenyesi' naga a narok a koo medi a dunakindi' ŋutuu kulo i pirit na geleŋ kine kitajin naŋ ko kokon 	1			Kuku	train	7.7519379844961245		False	0.12269938650306744	False	4.576382816233294	0.4063893016344725	True
d61dfa8687c5e5b0d0a9ab598550b381	30250	spontaneous-speech-ukv-30250.mp3	26028	4022	Kita nagoŋ kaʼdolak ti keriyat a kon kasu yi gboke ni na avnyo?	ka'dolak ti keriyat kulo a ŋarakinda ŋutuu kulo kaaŋ yi gboke ni yi tiju na tumaratiyan na toluŋaseran na tukakat ko na lötiyöt kaaŋ ti 'beron kulo köti' a ŋarakinda ŋutuu kulo yi titimba  ko tuka'de na kulu lötiyöt ko gbiyri lo kulo lötiyö lo poponda kulo gboŋ dinyo 	1			Kuku	train	8.375595512524972		False	0.2867924528301887	False	4.861409587598649	0.5564635958395245	True
b5f5d64520d7376baeef5ca553c0c675	31604	spontaneous-speech-ukv-31604.mp3	13860	4022	Kita nagoŋ kaʼdolak ti keriyat a kon kasu yi gboke ni na avnyo?	ka'dolak ti keriyat kune a ŋarakinda i tokujö na loŋiyot loŋ mokim loŋiyo bge ti kenda ti kuga ti 'depa na mede 'bura'	1			Kuku	train	6.926406926406926		False	0.12173913043478257	False	5.389070913326322	0.7488855869242199	False
009983f810033d5152ddab92674ee038	31721	spontaneous-speech-ukv-31721.mp3	18288	4022	Kita nagoŋ kaʼdolak ti keriyat a kon kasu yi gboke ni na avnyo?	ka'dolak ti keriyat kulo jakinda yi' loŋiyo lo ponda i miri a torekindi' yi gbokiyot liŋ ka'de ka'de' i dena ko ŋutulu kulo anyen ŋutulu kulo kokon anyen koo kekep	1			Kuku	train	7.327209098862642		False	0.14375000000000004	False	4.960527652817699	0.5943536404160475	True
3595372adebe9fa78cb5dbf05ddc6d75	31816	spontaneous-speech-ukv-31816.mp3	11916	4022	Kita nagoŋ kaʼdolak ti keriyat a kon kasu yi gboke ni na avnyo?	ka'dolak kulokaaŋi gboke yu ŋarakinda yi' yi tinda na yi' na saresi'	1			Kuku	train	4.783484390735146		False	0.09230769230769231	False	4.003832098033395	0.11738484398216939	True
3595372adebe9fa78cb5dbf05ddc6d75	31816	spontaneous-speech-ukv-31816.mp3	11916	4022	Kita nagoŋ kaʼdolak ti keriyat a kon kasu yi gboke ni na avnyo?	ka'dolak kulo kaŋ i bgwoke yu ŋarakinda yi i tinda na yi' na saresi 	1			Kuku	train	4.531722054380665		False	0.06153846153846154	False	3.9343567789198133	0.1025260029717682	True
ddae0f97a9679a1d5120cea6086416fd	31935	spontaneous-speech-ukv-31935.mp3	15300	4022	Kita nagoŋ kaʼdolak ti keriyat a kon kasu yi gboke ni na avnyo?	ŋutu' ti keriyat kulo todindö yii keriyat kaŋ kulo ko yii ködyö konda nyo	1			Kuku	train	3.92156862745098		False	0.19999999999999996	False	5.015803580628678	0.6181277860326895	False
21ddeb69bfd3e57ad4af5253b149dd0f	31977	spontaneous-speech-ukv-31977.mp3	22356	4022	Kita nagoŋ kaʼdolak ti keriyat a kon kasu yi gboke ni na avnyo?	ŋo' ngon ko kokon kaŋ i gboke yu na todindö ŋutulu yani keri liyaŋ lo 'berön lo ko'ben likin yani keriyat kaŋ kode' ŋo' nagon gbe gbuwa na na kore todindö ŋojik kulo ma kilo ŋo' gboŋ a likin	1			Kuku	train	6.799069601001968		False	0.1657754010695187	False	4.9060945138649545	0.5735512630014858	True
eaf2feaa162e2c5b79c0a23abcdce106	32698	spontaneous-speech-ukv-32698.mp3	13320	4022	Kita nagoŋ kaʼdolak ti keriyat a kon kasu yi gboke ni na avnyo?	ka'dolak ti keriyat  yi gboke todindö yi' yi kebu na  keriyat kaŋ ti 'beron kulo anyen tikinda yi si'da 'bura 'baŋ mömörötu ko 'börik	1			Kuku	train	8.108108108108109		False	0.08461538461538465	False	4.443703923745337	0.33358098068350667	True
4b430d377aba6a707850db0b3318714e	33254	spontaneous-speech-ukv-33254.mp3	21816	4022	Kita nagoŋ kaʼdolak ti keriyat a kon kasu yi gboke ni na avnyo?	a koko kulo a takinda yi kulye lo ŋun ko yi kodo bgoŋ dinyo kulya ti nyarju e koko bgenge ka'dola a takinda yi kulya jore i  loki naŋ ko yi kodo sisi'dani  yi si'da dinyo	1			Kuku	train	6.096442977631097		False	0.25149700598802394	False	5.15203222437904	0.6701337295690936	False
e9dcd66d26b3932c353f71bcc8b69d92	33403	spontaneous-speech-ukv-33403.mp3	9000	4022	Kita nagoŋ kaʼdolak ti keriyat a kon kasu yi gboke ni na avnyo?	peda na kulya ti taliŋ kode peda na momoresi na jonda ŋutu i pirit nageleŋ	1			Kuku	train	6.666666666666667		False	0.08450704225352113	False	3.9037551390455882	0.09212481426448738	True
03e89de29fa51f461c7ffb62db7c8e0d	33551	spontaneous-speech-ukv-33551.mp3	10908	4022	Kita nagoŋ kaʼdolak ti keriyat a kon kasu yi gboke ni na avnyo?	kita nago ka'dolak kaŋ ti keriyat kokon kaŋ yi gboke yu na a kukunda na kulya na korju a jondi toyiŋakin	1			Kuku	train	7.700770077007701		False	0.07920792079207917	False	4.631140586177153	0.43833580980683506	True
8f02d83adfcef5096940ee32cf3acb24	34316	spontaneous-speech-ukv-34316.mp3	19368	4022	Kita nagoŋ kaʼdolak ti keriyat a kon kasu yi gboke ni na avnyo?	kita nagoŋgiti kado'lak kaŋ ti gboke kulo a kon na kega parik a tikindá na ŋutúu loŋ ti gboke kulo i kebbu na saresi' kulo ko i titimba na saresi' kulo anyen ti böŋö	1			Kuku	train	6.918628665840561		False	0.2195121951219512	False	4.60569176873989	0.4234769687964339	True
c4b295f61c6417a48253b975d0db3dc3	29736	spontaneous-speech-ukv-29736.mp3	11736	3999	Ko nyo nagoŋ ŋojik loʼdiʼdik kulo moka ret lo ʼbulötö lo di wulek yi mukök na biryö yi piritön nagoŋ a lut?	kobgoŋ ŋojik lo'di'dikin kulo nyanyar nyesu kode tikinda na ŋo logon ko 'du'dumadu a loron i kutuk a joundi 'bulötö	1			Kuku	train	8.1799591002045		False	0.008928571428571397	False	4.46838124629131	0.34695393759286774	True
d61dfa8687c5e5b0d0a9ab598550b381	30292	spontaneous-speech-ukv-30292.mp3	23436	3999	Ko nyo nagoŋ ŋojik loʼdiʼdik kulo moka ret lo ʼbulötö lo di wulek yi mukök na biryö yi piritön nagoŋ a lut?	kogboŋ ŋojik lo 'di'dik kulo a denda ko se ködö tiju 'börik loke' dinyo bibirö nase yi piritön nagoŋ a lut na tikinda koko yi moka na ret lo 'bulötö kogboŋ könisi' lohoŋ 'ba lalayi kulo sosooji' kutuk ŋo kule' logoŋ koo bibiröni kulo bubulö sosooji' kutuk 'boŋ a kilo ŋo' liŋ joondi yöŋit kase koko  mugunya ni	1			Kuku	train	10.75268817204301		False	0.16612377850162863	False	4.649854855575482	0.4472511144130758	True
b5f5d64520d7376baeef5ca553c0c675	31458	spontaneous-speech-ukv-31458.mp3	6300	3999	Ko nyo nagoŋ ŋojik loʼdiʼdik kulo moka ret lo ʼbulötö lo di wulek yi mukök na biryö yi piritön nagoŋ a lut?	lepeŋ bubulö piriki yi yukan 	1			Kuku	train	3.8095238095238098		True	0.0	False			False
3595372adebe9fa78cb5dbf05ddc6d75	31513	spontaneous-speech-ukv-31513.mp3	15696	3999	Ko nyo nagoŋ ŋojik loʼdiʼdik kulo moka ret lo ʼbulötö lo di wulek yi mukök na biryö yi piritön nagoŋ a lut?	anyen ret lo 'bulötö lo a poonda yi ŋojik ködö ti yi' tetene teten pirit nagoŋ ŋojik si'da kata nye na a ko gbe a pujö I lo ret kase Koko I mugun	1			Kuku	train	7.199286442405708		False	0.08450704225352113	False	4.430826144299945	0.3261515601783061	True
ddae0f97a9679a1d5120cea6086416fd	31560	spontaneous-speech-ukv-31560.mp3	20268	3999	Ko nyo nagoŋ ŋojik loʼdiʼdik kulo moka ret lo ʼbulötö lo di wulek yi mukök na biryö yi piritön nagoŋ a lut?	ŋojik lo 'di'dik a  moka ret lo 'bulötö kogboŋ ko aje birö ko ŋo logon a lut a gbe'deŋe a ko lala könisi kase a 'demeji yesu yi na  a ko mokani 'bulötö adi wuleŋ	1			Kuku	train	6.167357410696664		False	0.10759493670886078	False	4.759704276771301	0.5096582466567607	True
21ddeb69bfd3e57ad4af5253b149dd0f	32346	spontaneous-speech-ukv-32346.mp3	18900	3999	Ko nyo nagoŋ ŋojik loʼdiʼdik kulo moka ret lo ʼbulötö lo di wulek yi mukök na biryö yi piritön nagoŋ a lut?	ŋojik lo'di'dik kulo moka ret lo 'bulötö lo di wulek kobgon nene diŋit koko a tu i bibirio a ko puö i bibiriö a 'demeji yesu ti 'ba lalaju konin a do puji di a mokani kurutiyö lo jonda ret lo 'bulötö	1			Kuku	train	8.359788359788359		False	0.1377551020408163	False	4.933150343133839	0.5854383358098069	True
e9dcd66d26b3932c353f71bcc8b69d92	32883	spontaneous-speech-ukv-32883.mp3	18396	3999	Ko nyo nagoŋ ŋojik loʼdiʼdik kulo moka ret lo ʼbulötö lo di wulek yi mukök na biryö yi piritön nagoŋ a lut?	ŋojik kulo ponda i pirit na biryö nu a ko lalaju konin a kulu sopadi i ŋo lo nyenyei kata a suluji yesu na i lo ŋo a jondi 'bulötöt	1			Kuku	train	5.544683626875408		False	0.046875	False	5.326096406559836	0.7325408618127786	False
a9f74c616d972aac0bc6d66da0be03d8	33067	spontaneous-speech-ukv-33067.mp3	11628	3999	Ko nyo nagoŋ ŋojik loʼdiʼdik kulo moka ret lo ʼbulötö lo di wulek yi mukök na biryö yi piritön nagoŋ a lut?	riŋitö ti ŋojik na'yi'yik a na'di'dik a tindi koko i moka na ret lo 'bulötö di wulek koko biriö i piritön nagon a lut	1			Kuku	train	8.083935328517372		False	0.06140350877192979	False	4.855151229840313	0.5557206537890045	True
4b430d377aba6a707850db0b3318714e	33465	spontaneous-speech-ukv-33465.mp3	18936	3999	Ko nyo nagoŋ ŋojik loʼdiʼdik kulo moka ret lo ʼbulötö lo di wulek yi mukök na biryö yi piritön nagoŋ a lut?	ŋojik lo 'di'di kilo  ko birö yi puritan naŋ lut yela ko ponda yu yi pirit na biröyet nu  a de puwo a ko mogi ŋo lo nyönyöyi ti na  ti 'ba a lalaju könisi kalasi ko wasaka a tindi ko  mokani ret lo 'bulötö	1			Kuku	train	8.291085762568652		False	0.08910891089108908	False	5.991052124151432	0.8974739970282318	False
03e89de29fa51f461c7ffb62db7c8e0d	33511	spontaneous-speech-ukv-33511.mp3	13680	3999	Ko nyo nagoŋ ŋojik loʼdiʼdik kulo moka ret lo ʼbulötö lo di wulek yi mukök na biryö yi piritön nagoŋ a lut?	ŋojik lo'di'dik kulo moka re lo 'bulötö ko piritön nagon ko si'da kata ni kune a wasaka kode' a 'do'doŋonikin abulöndi	1			Kuku	train	7.16374269005848		False	0.017391304347826098	False	4.486348423658049	0.35661218424962854	True
8f02d83adfcef5096940ee32cf3acb24	34280	spontaneous-speech-ukv-34280.mp3	15696	3999	Ko nyo nagoŋ ŋojik loʼdiʼdik kulo moka ret lo ʼbulötö lo di wulek yi mukök na biryö yi piritön nagoŋ a lut?	ŋojik lo 'didik kulo moka ret lo 'bulötö lo i 'diŋit na 'birá na di wulek ko gboŋ riŋit na seko koko na a na 'dit nagoŋ ko rereŋgi 'barik na 	1			Kuku	train	7.071865443425077		False	0.1294964028776978	False	4.4221627226567115	0.3209509658246657	True
c4b295f61c6417a48253b975d0db3dc3	29394	spontaneous-speech-ukv-29394.mp3	23940	3953	Nan ŋona de tiju ʼbörik ko mede niyoʼ na dinyo yi moka ko malariya?	nan tiju 'borik ko mede nio i kulya ti moka na maleria ko kiko togeleŋ a toto i lemesia kata tomurek a gbe'de a kiko lo pirit na  i kukuna a nake ma gboŋ kimur a gboŋ kata	1			Kuku	train	5.555555555555555		False	0.11904761904761907	False	4.6871451331803025	0.47473997028231796	True
d61dfa8687c5e5b0d0a9ab598550b381	30239	spontaneous-speech-ukv-30239.mp3	31176	3953	Nan ŋona de tiju ʼbörik ko mede niyoʼ na dinyo yi moka ko malariya?	kilo' lo'but lo ti ŋutu' nye' kölökindö piyoŋ na gbogbodi' nyona ko mede murek nayit na ti bor na mede na totokela naky musala nayit na ko ŋutu' kata mede ni lo moka ko meleriya ti tikini' wini lo di wulek to musala to 'nŋman na ana'but naŋ ko ŋutu' toto yi tandaruwa kata 	1			Kuku	train	7.024634334103156		True	0.23333333333333328	False			False
03e89de29fa51f461c7ffb62db7c8e0d	30469	spontaneous-speech-ukv-30469.mp3	24300	3953	Nan ŋona de tiju ʼbörik ko mede niyoʼ na dinyo yi moka ko malariya?	nan de teŋgu 'barik ko mede niyo' i moka ko malaria i kikolin jore togeleŋ a toto i lemesia kata tomurek mede na koko doru a nan poki jejendá a ma'yen teŋu kimur i pó lo jondá malaria 	1			Kuku	train	6.131687242798353		False	0.09782608695652173	False	5.063780758586508	0.6367013372956909	False
ddae0f97a9679a1d5120cea6086416fd	31429	spontaneous-speech-ukv-31429.mp3	23328	3953	Nan ŋona de tiju ʼbörik ko mede niyoʼ na dinyo yi moka ko malariya?	ma nan tiju mede niyo bura na kodo tikinda di ŋojik kuwe liŋ ko nan totot i mukök na tandaruwa temba i tokotyaŋ i sa bukien lo tokotiŋ kakasi ko kwilisesi liŋ kikinu anyen kimur bgoŋ a lipo kata 	1			Kuku	train	6.68724279835391		False	0.07291666666666663	False	6.441195378403494	0.9450222882615156	False
bc7de5ba8870d8cc13419daa6f9387f0	31433	spontaneous-speech-ukv-31433.mp3	21780	3953	Nan ŋona de tiju ʼbörik ko mede niyoʼ na dinyo yi moka ko malariya?	e nan ide titi 'börik ko gaga 'börik anyen na gbon a moka ko meleria nan 'beron de titi mugun 'bura anyen ayan lo de gboŋ a moga nan	1			Kuku	train	4.775022956841139		False	0.18604651162790697	False	5.698147298177798	0.8358098068350669	False
009983f810033d5152ddab92674ee038	31436	spontaneous-speech-ukv-31436.mp3	21636	3953	Nan ŋona de tiju ʼbörik ko mede niyoʼ na dinyo yi moka ko malariya?	nan kodo tiju 'börik i moka ko malaria  i toto i tandaruwa kata to murek gondi lo gboŋ nyonani lo totokela to musala piöŋ nagon loga ko mede kune a koloki i liwa	1			Kuku	train	5.916065816232206		False	0.08227848101265822	False	4.968469020299469	0.5995542347696879	True
b5f5d64520d7376baeef5ca553c0c675	31535	spontaneous-speech-ukv-31535.mp3	25920	3953	Nan ŋona de tiju ʼbörik ko mede niyoʼ na dinyo yi moka ko malariya?	ŋo togeleŋ na toto i tadaruwa kata ruruwö na kadi ko wini ma kimur kulo yoyoŋga kode' leleŋa  ayi dorutö logboŋ i kiko pitöki kak nye naŋ a yi kimurtat kode' kimurta lo jounda maleria kulo leleŋa	1			Kuku	train	6.095679012345679		False	0.11979166666666663	False	6.7324089468835036	0.9665676077265973	False
3595372adebe9fa78cb5dbf05ddc6d75	31859	spontaneous-speech-ukv-31859.mp3	13500	3953	Nan ŋona de tiju ʼbörik ko mede niyoʼ na dinyo yi moka ko malariya?	yi teŋgu malariya lokaaŋ yi mede niyi' torakinda tandaruwa	1			Kuku	train	3.703703703703704		False	0.0	False	5.554454294992667	0.7979197622585439	False
403eb42cb6d7bf4e1ab0b5007a937e98	32042	spontaneous-speech-ukv-32042.mp3	32220	3953	Nan ŋona de tiju ʼbörik ko mede niyoʼ na dinyo yi moka ko malariya?	malaria lo mayi gbogboŋ meda naŋ di ma  gboŋ a moga yi i toto lemesia kata nye na goloŋ ŋojik kuló ti lupi 'beron pirit na dó teten da loga ko piyoŋ doru pa miyölönikin piyoŋ 'ba miyälanikin a nyen i gboŋ a moka i lo ayan lo luŋu malaria ló a ko ŋutú a tumadú mete gbe i na a ŋutu puji i lo ayan lakin um yubä di ko ŋutu toto lemesia kata a na'but 	1			Kuku	train	8.597144630664184		True	0.2272727272727273	False			False
4b430d377aba6a707850db0b3318714e	33337	spontaneous-speech-ukv-33337.mp3	18828	3953	Nan ŋona de tiju ʼbörik ko mede niyoʼ na dinyo yi moka ko malariya?	'ntiju 'börik ko mede nio na i kulya ti kimur i ko'ben nan titinkinda 'börik i nyöyi ko kimur yala 'ntoto i lemsiya kata ma gaju nan yi moka ko mell malaria	1			Kuku	train	6.639048226046314		False	0.11111111111111116	False	5.280628521980702	0.7184249628528975	False
eaf2feaa162e2c5b79c0a23abcdce106	33379	spontaneous-speech-ukv-33379.mp3	7200	3953	Nan ŋona de tiju ʼbörik ko mede niyoʼ na dinyo yi moka ko malariya?	anyen nan ko mede niyo  bgoŋ a moka malaria  nan de toto i lemesia kata	1			Kuku	train	7.638888888888888		False	0.02941176470588236	False	4.683784144107683	0.4710252600297177	True
e9dcd66d26b3932c353f71bcc8b69d92	33407	spontaneous-speech-ukv-33407.mp3	8820	3953	Nan ŋona de tiju ʼbörik ko mede niyoʼ na dinyo yi moka ko malariya?	ama do gboŋ a moka ko meleriya miindi ti do totoni' yi lemesiya kata	1			Kuku	train	6.235827664399093		False	0.03076923076923077	False	5.4215980590870965	0.7555720653789004	False
e9dcd66d26b3932c353f71bcc8b69d92	33407	spontaneous-speech-ukv-33407.mp3	8820	3953	Nan ŋona de tiju ʼbörik ko mede niyoʼ na dinyo yi moka ko malariya?	ma do gboŋ a moka ko meleria miidi ti dó totoni i lemesia katá	1			Kuku	train	5.782312925170068		False	0.0	False	5.91095196654787	0.8789004457652303	False
a9f74c616d972aac0bc6d66da0be03d8	33458	spontaneous-speech-ukv-33458.mp3	4248	3953	Nan ŋona de tiju ʼbörik ko mede niyoʼ na dinyo yi moka ko malariya?	'n toto i lemesia	1			Kuku	train	3.295668549905838		True	0.0	False			False
8f02d83adfcef5096940ee32cf3acb24	34285	spontaneous-speech-ukv-34285.mp3	12708	3953	Nan ŋona de tiju ʼbörik ko mede niyoʼ na dinyo yi moka ko malariya?	yi bubulö rereŋgu na maleria lo kaŋ mede ni kega parik ko yi toto i tandarua kata	1			Kuku	train	5.11488825936418		False	0.0	False	4.361631369598654	0.29940564635958394	True
c4b295f61c6417a48253b975d0db3dc3	29730	spontaneous-speech-ukv-29730.mp3	7416	4007	Do ŋona totokitaju simu  yi diŋitan jore?	yee nan totokitaju simu yi diŋitan jore	1			Kuku	train	4.449838187702265		False	0.0	False	4.311325304989863	0.2726597325408618	True
d61dfa8687c5e5b0d0a9ab598550b381	30367	spontaneous-speech-ukv-30367.mp3	5436	4007	Do ŋona totokitaju simu  yi diŋitan jore?	Nan' totokitaju simu i diŋitan ka'de ka'de	1			Kuku	train	6.622516556291391		True	0.07692307692307687	False			False
3595372adebe9fa78cb5dbf05ddc6d75	31661	spontaneous-speech-ukv-31661.mp3	10836	4007	Do ŋona totokitaju simu  yi diŋitan jore?	nyu'bak nan a tokitaju simu yi diŋitan jore	1			Kuku	train	3.3222591362126246		False	0.0	False	4.706315471341452	0.487369985141159	True
bc7de5ba8870d8cc13419daa6f9387f0	31861	spontaneous-speech-ukv-31861.mp3	22320	4007	Do ŋona totokitaju simu  yi diŋitan jore?	nan tokitaju simu niyo na diŋitan kune liŋ sala konye nu waran sala konye nu paran sala konye nu tokotiyaŋ asan kune diŋitan kata naŋ 'dok ŋutu luluŋu 'dok mimind ti ŋutu moke mok simu na kulyet lele kata logon poponda mokim mindi ti ŋutu yiŋe yiŋ 'boŋ niyo na tokitayi i diŋitan kune liŋ	1			Kuku	train	10.483870967741936		False	0.31228070175438594	False	5.415267533683065	0.7540861812778603	False
403eb42cb6d7bf4e1ab0b5007a937e98	31882	spontaneous-speech-ukv-31882.mp3	37800	4007	Do ŋona totokitaju simu  yi diŋitan jore?	simu nan un a tokitaju yi diŋitan jore besi ko kuwesik ti kulya kata yi na diŋit naŋ un totokita kode' 'dok koon a luŋu lisan diŋitan kune liŋ ko do si'dani ko simu do 'böböŋö kune' ŋo' naŋ do konda se kune ko a nyo do gbeŋge ŋote mede 'ben do gbege ŋiro na 'dit ko na sukulu a nu bööböŋö 'bukan ko na mede a nu bööböŋö kulya kayit ti mede kata ko simu na 'ba tokitai i diŋitan kune liŋ ko do 'dok gboŋ ko diŋit naŋ do tetemunda	1			Kuku	train	8.915343915343914		True	0.3223529411764706	False			False
ddae0f97a9679a1d5120cea6086416fd	31914	spontaneous-speech-ukv-31914.mp3	15048	4007	Do ŋona totokitaju simu  yi diŋitan jore?	iye nan totokitaju simu i diŋitan liŋ kobgoŋ nan jajambu ko woti kuwe ko julin	1			Kuku	train	4.253056884635832		False	0.040000000000000036	False	4.535664456460536	0.38112927191679047	True
009983f810033d5152ddab92674ee038	32156	spontaneous-speech-ukv-32156.mp3	12636	4007	Do ŋona totokitaju simu  yi diŋitan jore?	nan totokitaju simu i diŋit nagologiti ko nan a luŋu kode i diŋit ko nan mindi luŋgu	1			Kuku	train	5.38144982589427		False	0.16049382716049387	False	4.593472374712261	0.4175334323922734	True
21ddeb69bfd3e57ad4af5253b149dd0f	32359	spontaneous-speech-ukv-32359.mp3	4860	4007	Do ŋona totokitaju simu  yi diŋitan jore?	nan totokitaju simu ko diŋitan jore	1			Kuku	train	6.172839506172839		True	0.0	False			False
03e89de29fa51f461c7ffb62db7c8e0d	32712	spontaneous-speech-ukv-32712.mp3	18000	4007	Do ŋona totokitaju simu  yi diŋitan jore?	nan totokitaju simu yi diŋitan jore gbeti yi  waran  nan weweja tokitaju simu  paran nayit köti nan  bubulö totokitaju köti kode yi tokotayaŋ köti totokitaju̧ simu	1			Kuku	train	7.444444444444445		False	0.2875	False	4.5350293121878815	0.3803863298662704	True
e9dcd66d26b3932c353f71bcc8b69d92	33000	spontaneous-speech-ukv-33000.mp3	17568	4007	Do ŋona totokitaju simu  yi diŋitan jore?	nan totokitaju simu i diŋitan jore ko nan a yinga report loŋ a loron nyen na tikinda na i tokitaju na simu diŋitan jore 	1			Kuku	train	5.46448087431694		False	0.19658119658119655	False	4.700370787167257	0.48291233283803864	True
eaf2feaa162e2c5b79c0a23abcdce106	33302	spontaneous-speech-ukv-33302.mp3	4860	4007	Do ŋona totokitaju simu  yi diŋitan jore?	ayi na totokitaju simú i dikita joré	1			Kuku	train	6.584362139917695		True	0.02857142857142858	False			False
4b430d377aba6a707850db0b3318714e	33446	spontaneous-speech-ukv-33446.mp3	16308	4007	Do ŋona totokitaju simu  yi diŋitan jore?	um totokitaju simu i diŋitan kune liŋ ko gboŋ i lo ŋo loŋ ee yi totoyiŋkindi ko maratika kuwe loŋ pajopajo kulo liŋ i simu um totokitaju	1			Kuku	train	6.7451557517782685		False	0.16541353383458646	False	5.242449392924346	0.7095096582466568	False
8f02d83adfcef5096940ee32cf3acb24	34264	spontaneous-speech-ukv-34264.mp3	16020	4007	Do ŋona totokitaju simu  yi diŋitan jore?	ee nan totokitaju simu na i diŋitan na jore kogbon tiyanana simu na nye na puputukinda ŋutu' loŋi kulo	1			Kuku	train	5.243445692883896		False	0.09090909090909094	False	4.785440292282761	0.525260029717682	True
c4b295f61c6417a48253b975d0db3dc3	29493	spontaneous-speech-ukv-29493.mp3	20880	3993	Ŋona ʼbusan na suweni ŋutuu ko wini lo rereŋoni reto yi gboke kata yu na a nyo?	Rereŋö na mugunya ti ŋutu ee kulya ti reto kune tikinda ŋutu si'da a lo'but a bgwe a ŋutu loke ma yi bgoŋ jounda twana jore i bgwoke kat	1			Kuku	train	5.172413793103448		False	0.10526315789473684	False	5.286323913550359	0.7206537890044576	False
d61dfa8687c5e5b0d0a9ab598550b381	30241	spontaneous-speech-ukv-30241.mp3	26388	3993	Ŋona ʼbusan na suweni ŋutuu ko wini lo rereŋoni reto yi gboke kata yu na a nyo?	'busan na suweni ŋutu ko wini lo rereŋoni ret na i bgwoke ni na tikinda ŋutu' logon nye lo suwe lo ayanyan logon se lo rereŋo  kulo a ponda i moga na lepeŋ murek nayit na ko i lo ayan a mok  kode i lo ret a mok lepeŋ lo a i lo ret bge ti bulo lenga na ŋutu logon aje suwe lo	1			Kuku	train	7.920266787933909		False	0.2878228782287823	False	5.052807732810978	0.6329866270430906	False
3595372adebe9fa78cb5dbf05ddc6d75	31903	spontaneous-speech-ukv-31903.mp3	16488	3993	Ŋona ʼbusan na suweni ŋutuu ko wini lo rereŋoni reto yi gboke kata yu na a nyo?	'busan  na suwe ko wini  rereŋet lo reto lo adi ko do a suwe a mugun net na de gbe a na 'but ko a nago'	1			Kuku	train	4.6094129063561375		False	0.13	False	5.18299551626543	0.6849925705794948	False
ddae0f97a9679a1d5120cea6086416fd	31992	spontaneous-speech-ukv-31992.mp3	20556	3993	Ŋona ʼbusan na suweni ŋutuu ko wini lo rereŋoni reto yi gboke kata yu na a nyo?	'busan na suwe ko wini na rerengu retö jore bgenge ko deyiye ret lo 'yola ŋo bgenge wöji i na a 'busan anyen dob'durundö 'dok a na'but	1			Kuku	train	5.253940455341506		False	0.1145038167938931	False	5.396288261007061	0.7511144130757801	False
bc7de5ba8870d8cc13419daa6f9387f0	32030	spontaneous-speech-ukv-32030.mp3	7956	3993	Ŋona ʼbusan na suweni ŋutuu ko wini lo rereŋoni reto yi gboke kata yu na a nyo?	Ma goja kule tuwana loŋ a baden ko pondi' kaŋ mugunya	1			Kuku	train	5.404725992961287		False	0.0	False	7.898876461129532	0.9955423476968797	False
009983f810033d5152ddab92674ee038	32151	spontaneous-speech-ukv-32151.mp3	11376	3993	Ŋona ʼbusan na suweni ŋutuu ko wini lo rereŋoni reto yi gboke kata yu na a nyo?	anyen tikida mugun net na i gboŋ nago' yi mörö ko kilo ayanyan lo ko ponda kunök i mugun 	1			Kuku	train	6.153305203938116		False	0.05813953488372092	False	4.63002262829786	0.437592867756315	True
b5f5d64520d7376baeef5ca553c0c675	32163	spontaneous-speech-ukv-32163.mp3	21276	3993	Ŋona ʼbusan na suweni ŋutuu ko wini lo rereŋoni reto yi gboke kata yu na a nyo?	tengu ŋutu kulo i moka na retöjin ka'de ka'de bge ko ebola ko poliö ko tetenus kilo lo tinda do i bata nyonyo kilo	1			Kuku	train	4.277119759353262		False	0.08108108108108103	False	5.925955705577047	0.8818722139673105	False
403eb42cb6d7bf4e1ab0b5007a937e98	32244	spontaneous-speech-ukv-32244.mp3	19080	3993	Ŋona ʼbusan na suweni ŋutuu ko wini lo rereŋoni reto yi gboke kata yu na a nyo?	'busan na suwe na na kobkilo winikö loŋ ti teyiye a ko lp ŋo' lo luŋu lo iruŋa ŋutu' lo kilo winikö lo'but asan ŋaŋarakinda ŋutuu kulo yi  bileji ni a perok koko a pujö aside ŋo' kulon jibitali nsgon koko titirini	1			Kuku	train	8.962264150943396		False	0.13809523809523805	False	5.648091967093118	0.8216939078751857	False
03e89de29fa51f461c7ffb62db7c8e0d	32730	spontaneous-speech-ukv-32730.mp3	9756	3993	Ŋona ʼbusan na suweni ŋutuu ko wini lo rereŋoni reto yi gboke kata yu na a nyo?	'busan na suweni ŋutú i gboke yú na a nyen reregú tuwanti logon aa pó i reyará i ŋutulu yú	1			Kuku	train	7.892578925789258		False	0.07526881720430112	False	5.266674045826146	0.7154531946508172	False
4b430d377aba6a707850db0b3318714e	33280	spontaneous-speech-ukv-33280.mp3	21168	3993	Ŋona ʼbusan na suweni ŋutuu ko wini lo rereŋoni reto yi gboke kata yu na a nyo?	wate kune a pujö yukan kitajin kune suluja yi waran lakadi i tokotiyaŋ iya diŋit ŋo na kita 'boŋ i na tikinda ko a yukan kase koko i mugun ni	1			Kuku	train	5.291005291005291		False	0.07971014492753625	False	5.124599710998231	0.6619613670133729	False
e9dcd66d26b3932c353f71bcc8b69d92	33585	spontaneous-speech-ukv-33585.mp3	13248	3993	Ŋona ʼbusan na suweni ŋutuu ko wini lo rereŋoni reto yi gboke kata yu na a nyo?	'busan na suweni  ŋutu' ko wini na anyen rereŋgu̇ ŋo gbee deyiye 	1			Kuku	train	3.92512077294686		False	0.016129032258064502	False	4.391491287019588	0.31203566121842496	True
a9f74c616d972aac0bc6d66da0be03d8	33623	spontaneous-speech-ukv-33623.mp3	7668	3993	Ŋona ʼbusan na suweni ŋutuu ko wini lo rereŋoni reto yi gboke kata yu na a nyo?	ma 'yen gaju ŋutulú i mogak na retó kadekade	1			Kuku	train	4.95565988523735		False	0.023255813953488413	False	8.429112240815117	0.9992570579494799	False
8f02d83adfcef5096940ee32cf3acb24	34235	spontaneous-speech-ukv-34235.mp3	14256	3993	Ŋona ʼbusan na suweni ŋutuu ko wini lo rereŋoni reto yi gboke kata yu na a nyo?	rereŋó na kilo retó ko wini na kogboŋ 'ben ti jondá tuwan ko ŋutú loki kiló retó a lorok	1			Kuku	train	5.331088664421998		False	0.09890109890109888	False	5.772933854992282	0.8521545319465081	False
c4b295f61c6417a48253b975d0db3dc3	29645	spontaneous-speech-ukv-29645.mp3	14040	3938	Kudu lo jöjön kasu yi gboke ni yi diŋitan liŋ yi kulo perok?	kudu lo jöjön a diŋitan diŋitan kega parik yi jön yi diŋit na ka'be aa ko gbe'de meliŋ na a gbe'de a jön kaaŋ yi gboke ni	1			Kuku	train	6.766381766381766		False	0.1694915254237288	False	4.787972215064774	0.5267459138187222	True
d61dfa8687c5e5b0d0a9ab598550b381	30290	spontaneous-speech-ukv-30290.mp3	15588	3938	Kudu lo jöjön kasu yi gboke ni yi diŋitan liŋ yi kulo perok?	kaŋ yi gboke ni kudu lo jöjön perök liŋ kega suluja yi yapato burio' a yeŋadi' lakadi yapato puwökwot geleŋ kiden	1			Kuku	train	5.96612779060816		False	0.0636363636363636	False	5.705319441905459	0.8395245170876672	False
03e89de29fa51f461c7ffb62db7c8e0d	30462	spontaneous-speech-ukv-30462.mp3	21096	3938	Kudu lo jöjön kasu yi gboke ni yi diŋitan liŋ yi kulo perok?	ud lo jojon parik kaŋ i bgwoke ni i diŋitan liŋ kega parik i yapato nŋwan mukanat bukiyen burio' budök i puök kata kilo' perok kode yapani logwon yi wuji kudu lo jojon	1			Kuku	train	6.399317406143345		False	0.08536585365853655	False	5.835167296696616	0.8662704309063893	False
009983f810033d5152ddab92674ee038	31550	spontaneous-speech-ukv-31550.mp3	21996	3938	Kudu lo jöjön kasu yi gboke ni yi diŋitan liŋ yi kulo perok?	kudu lo kaŋ yi bgoke you a jon diŋitan kune liŋ ama jon i diŋitan kune ka'de ka'de ko i yapani ka'de ka'de bgoso yapato buriö yapato budök yapato buŋan kine kune diŋitan naŋ kudu lo jojon	1			Kuku	train	6.864884524458992		False	0.34239130434782605	False	4.698343538445498	0.4814264487369985	True
ddae0f97a9679a1d5120cea6086416fd	31597	spontaneous-speech-ukv-31597.mp3	11448	3938	Kudu lo jöjön kasu yi gboke ni yi diŋitan liŋ yi kulo perok?	kuduöt kulo suluja jon i yapato musala tojo i yaato puök kaŋ i bgoke ni	1			Kuku	train	4.979035639412998		False	0.044117647058823484	False	5.446880504373693	0.7652303120356612	False
3595372adebe9fa78cb5dbf05ddc6d75	31763	spontaneous-speech-ukv-31763.mp3	10836	3938	Kudu lo jöjön kasu yi gboke ni yi diŋitan liŋ yi kulo perok?	kudu lojojon kaŋ i bgoke ni lo jon i sor na kak	1			Kuku	train	3.3222591362126246		False	0.022727272727272707	False	6.032254239963933	0.9034175334323923	False
b5f5d64520d7376baeef5ca553c0c675	32157	spontaneous-speech-ukv-32157.mp3	10296	3938	Kudu lo jöjön kasu yi gboke ni yi diŋitan liŋ yi kulo perok?	kudu lo jojon parik kaŋ bgoke ni i yapato bukien ŋor yapato buŋan	1			Kuku	train	5.147630147630148		False	0.11290322580645162	False	4.909302976328647	0.575780089153046	True
bc7de5ba8870d8cc13419daa6f9387f0	32240	spontaneous-speech-ukv-32240.mp3	6336	3938	Kudu lo jöjön kasu yi gboke ni yi diŋitan liŋ yi kulo perok?	aa kudu lo popo kaaŋ gboke yi yi diŋitan liŋ na poonda isör na kak	1			Kuku	train	8.207070707070706		True	0.031746031746031744	False			False
21ddeb69bfd3e57ad4af5253b149dd0f	32393	spontaneous-speech-ukv-32393.mp3	13356	3938	Kudu lo jöjön kasu yi gboke ni yi diŋitan liŋ yi kulo perok?	kudu lo jöjön perok liŋ yi diŋitan liŋ lo suluja yi yapa to iŋman  lakadi i yapa to buŋan yina a diŋit nagoŋ kudu jäjän ko riŋit	1			Kuku	train	7.711889787361486		False	0.13385826771653542	False	5.168201512296853	0.6820208023774146	False
21ddeb69bfd3e57ad4af5253b149dd0f	32393	spontaneous-speech-ukv-32393.mp3	13356	3938	Kudu lo jöjön kasu yi gboke ni yi diŋitan liŋ yi kulo perok?	kudu lo jöjön i perok liŋ i diŋitan  liŋ lo suluja i yapa to nŋman lakadi yapa to buŋan yina diŋit nagoŋgiti kudu jojon ko riŋit	1			Kuku	train	7.637017070979335		False	0.128	False	5.019261437730763	0.6203566121842496	False
a9f74c616d972aac0bc6d66da0be03d8	33233	spontaneous-speech-ukv-33233.mp3	13068	3938	Kudu lo jöjön kasu yi gboke ni yi diŋitan liŋ yi kulo perok?	kuduwöt jöjön yi diŋitan liŋ kaŋ yi gbokeyot ni  ama nagon kega parik yi yapa lo  imman mukanat buryo bukiyen ŋor yi puwök	1			Kuku	train	7.499234771962045		False	0.025210084033613467	False	5.653170123342405	0.8239227340267459	False
4b430d377aba6a707850db0b3318714e	33442	spontaneous-speech-ukv-33442.mp3	18216	3938	Kudu lo jöjön kasu yi gboke ni yi diŋitan liŋ yi kulo perok?	kudu lo a jön perok liŋ kaaŋ gboke ni yi nene'  diŋit na jöjön a nene diŋit a a nye' jön ŋo' kulo yapani  yapani ko mindi yapato puwök lo   yi diŋit na  a kudu lo gwe lo 'bijo	1			Kuku	train	7.246376811594202		False	0.19186046511627908	False	5.009999110713019	0.6166419019316494	False
e9dcd66d26b3932c353f71bcc8b69d92	33644	spontaneous-speech-ukv-33644.mp3	8316	3938	Kudu lo jöjön kasu yi gboke ni yi diŋitan liŋ yi kulo perok?	kudu lo jon ja'be lakini i kulo perok kudu 'ban lo jojon	1			Kuku	train	5.411255411255411		False	0.09433962264150941	False	7.013274079880816	0.9821693907875185	False
8f02d83adfcef5096940ee32cf3acb24	34261	spontaneous-speech-ukv-34261.mp3	15228	3938	Kudu lo jöjön kasu yi gboke ni yi diŋitan liŋ yi kulo perok?	kaŋ gboke ni ma kudu lo jöjön psrik keggs yapa to 'nŋman kode ya to mukanat yapa to buryo' yi puwök kata	1			Kuku	train	5.450485946939848		False	0.07920792079207917	False	6.494870274087167	0.9494799405646359	False
d61dfa8687c5e5b0d0a9ab598550b381	30217	spontaneous-speech-ukv-30217.mp3	27756	3927	Do ŋona a met kenda na yi toʼdurjö na wate kodeʼ ŋojik nawate kasu mede ni?	kaŋ mede ni kaŋ mede ni kenda bgoŋ yi to'durjö ŋojik na wate e kega parik yi tiyana bgoŋ ko katodinok kata nagon a nawate yo bgoŋ kata ko ŋutulu na kita yi jibitali nagon a nawate yi 'dok bgoŋ ko lubo yi kon yi kenda na kulya ti jibitali	1			Kuku	train	6.773310275255801		False	0.2948717948717948	False	3.922152071015619	0.10029717682020803	True
03e89de29fa51f461c7ffb62db7c8e0d	30472	spontaneous-speech-ukv-30472.mp3	17496	3927	Do ŋona a met kenda na yi toʼdurjö na wate kodeʼ ŋojik nawate kasu mede ni?	nan a met kenda na i to'durjó na ŋojik nawate kaŋ medeni kogon togeleŋ kune kase a po a katodinaök tomurek a kune' kase kitani' yi jibitalijin 	1			Kuku	train	6.68724279835391		False	0.05673758865248224	False	4.354240318708165	0.29569093610698366	True
ddae0f97a9679a1d5120cea6086416fd	31566	spontaneous-speech-ukv-31566.mp3	23616	3927	Do ŋona a met kenda na yi toʼdurjö na wate kodeʼ ŋojik nawate kasu mede ni?	nan a met 'bulit na todinö na ŋojik nawate kogwon na a gbulu' ko 'börik ŋiro nanaŋwan na ko kenda ŋaŋarakin mede nayit na to'durun ŋwajik logon a lo'but ko gbiyari logoŋ a lo'but ko ŋaŋarkin wöti kase ko kaŋaranit lonyit	1			Kuku	train	7.621951219512195		False	0.15668202764976957	False	4.55011330491568	0.38781575037147104	True
3595372adebe9fa78cb5dbf05ddc6d75	31746	spontaneous-speech-ukv-31746.mp3	15588	3927	Do ŋona a met kenda na yi toʼdurjö na wate kodeʼ ŋojik nawate kasu mede ni?	eee nan amet to'duret na 'bijo parik i ŋojik nawate kode kode ŋojik kaŋ nawate kune	1			Kuku	train	4.362329997433923		False	0.17500000000000004	False	3.7688337578662767	0.058692421991084695	True
009983f810033d5152ddab92674ee038	31756	spontaneous-speech-ukv-31756.mp3	20916	3927	Do ŋona a met kenda na yi toʼdurjö na wate kodeʼ ŋojik nawate kasu mede ni?	ŋojik nawate kune a to'durö ko kenda koko bge'deŋe ko bgoro' loŋ ko jajambiri ma'di i kita na miri i si'daet naki ma'di i pirit na ŋutu loŋ lo momorja wate kune jambi jambu	1			Kuku	train	6.645630139606043		False	0.16568047337278102	False	4.476087618742669	0.34992570579494797	True
b5f5d64520d7376baeef5ca553c0c675	31762	spontaneous-speech-ukv-31762.mp3	38556	3927	Do ŋona a met kenda na yi toʼdurjö na wate kodeʼ ŋojik nawate kasu mede ni?	e 'n meda kenda na i to'durjö na ŋojik nawate asan ŋojik nawate kune ko tokena tiyanan ko kune memetunda bot kase midijin ni susundö n'ŋariet ŋojik nawate kune 'dok na kenda kune tiyana wora konda ŋo nagon laliyan kulo kenda se ko nye nu doctor ko nye lu pilot ko nye lu police man ko nye lu ay sikili lo kita logon laliyan kokon toyana wate kokonda 'boŋ kune kune konda ka yega laliyan	1			Kuku	train	8.092125739184564		True	0.3342036553524804	False			False
bc7de5ba8870d8cc13419daa6f9387f0	31824	spontaneous-speech-ukv-31824.mp3	22356	3927	Do ŋona a met kenda na yi toʼdurjö na wate kodeʼ ŋojik nawate kasu mede ni?	aa kenda na kon na meda kuwe kuwe kuwe mede ni banden na ŋarakinda ŋojik kulo i 'durjö m m koko denden ŋo naron ko ŋo na'but yala 'dok banden a koko 'dok gbe kata ko puet nagoloŋ ŋaŋarakinda 'borik ko ŋarakinda yi a ko monye 'dok	1			Kuku	train	8.185721953837895		False	0.24336283185840712	False	4.1953423584899605	0.21545319465081725	True
21ddeb69bfd3e57ad4af5253b149dd0f	32339	spontaneous-speech-ukv-32339.mp3	14400	3927	Do ŋona a met kenda na yi toʼdurjö na wate kodeʼ ŋojik nawate kasu mede ni?	a ŋo na tikinda do titimba di piyoŋ 'ban konuk mugun  ni na do pujö di kuwe let lo mimiin yani mugun net na gboŋ wik riŋit gboŋ 'ban	1			Kuku	train	7.152777777777778		False	0.12403100775193798	False	4.070620250347151	0.15527488855869243	True
a9f74c616d972aac0bc6d66da0be03d8	33346	spontaneous-speech-ukv-33346.mp3	7560	3927	Do ŋona a met kenda na yi toʼdurjö na wate kodeʼ ŋojik nawate kasu mede ni?	kakitak i pirit na kelan a ko tögu i kenisa	1			Kuku	train	4.497354497354497		False	0.0	False	5.566026959258073	0.8023774145616642	False
eaf2feaa162e2c5b79c0a23abcdce106	33363	spontaneous-speech-ukv-33363.mp3	14508	3927	Do ŋona a met kenda na yi toʼdurjö na wate kodeʼ ŋojik nawate kasu mede ni?	ŋo na 'durjá ŋojik nawate parik  kobgon ŋojik nawate  pujipuji kitasi nagon tijitiju midijin kase  dugidugä kadijin nago ko sondi sondu ŋojik kase i sukulu 	1			Kuku	train	8.960573476702509		False	0.17419354838709677	False	4.524100610241526	0.3736998514115899	True
e9dcd66d26b3932c353f71bcc8b69d92	33612	spontaneous-speech-ukv-33612.mp3	18216	3927	Do ŋona a met kenda na yi toʼdurjö na wate kodeʼ ŋojik nawate kasu mede ni?	kenda na ŋojik wate kune tiyana toto'durjö asan ko do meda ŋojik nawate robi roba ŋojik i sukulu ko 'dok 'dukoni 'duko yina ŋo naŋ medi di wate kune toto'durjö na	1			Kuku	train	7.246376811594202		False	0.23899371069182385	False	4.445353584581112	0.3343239227340267	True
4b430d377aba6a707850db0b3318714e	33614	spontaneous-speech-ukv-33614.mp3	11448	3927	Do ŋona a met kenda na yi toʼdurjö na wate kodeʼ ŋojik nawate kasu mede ni?	ee un met yina a gayeeret na'bijo parik ŋojik nawate ko kenda a yina 'bulit na'bijo parik i mede ni 	1			Kuku	train	6.988120195667365		False	0.17525773195876293	False	4.0788459698454425	0.15601783060921248	True
8f02d83adfcef5096940ee32cf3acb24	34179	spontaneous-speech-ukv-34179.mp3	11160	3927	Do ŋona a met kenda na yi toʼdurjö na wate kodeʼ ŋojik nawate kasu mede ni?	Mede  niyaŋ na tiyanana   meta ko  ŋojik na wate kogboŋ kulya ti kenda na se na 	1			Kuku	train	5.376344086021505		False	0.051948051948051965	False	3.267603968914475	0.007429420505200594	True
c4b295f61c6417a48253b975d0db3dc3	29533	spontaneous-speech-ukv-29533.mp3	19188	4017	Yöyöŋesiʼ nagoŋ ŋutuu wate ko ŋojik nawate pujö se kune a nyo?	yöyöŋesi nagon ŋwajik na wate ko ŋutu na wate kune jore parik kune kega a kulya ti goki na se koko i kulya ti 'do'ya i kötumit kode i kulya ti koloji na se koko i sukulu kine kulya nabot parik	1			Kuku	train	7.921617677715239		False	0.2698412698412699	False	4.433136590129422	0.3276374442793462	True
d61dfa8687c5e5b0d0a9ab598550b381	30285	spontaneous-speech-ukv-30285.mp3	22896	4017	Yöyöŋesiʼ nagoŋ ŋutuu wate ko ŋojik nawate pujö se kune a nyo?	wate ko ŋoji kuló eeehi ŋoji lo didiƙ nyu lisa gpak rukaki gbo ko toliyan i rugä na kulya kode i jodä na yiyesi kode i yuyugä na kulya i kiden na ŋutũ lo wora ŋutũ lowoorä kuló laliyan kuló gbon ko rudesi kata na mindi todutä	1			Kuku	train	7.817959468902865		False	0.19819819819819817	False	6.136075713567383	0.9145616641901931	False
bc7de5ba8870d8cc13419daa6f9387f0	31467	spontaneous-speech-ukv-31467.mp3	21960	4017	Yöyöŋesiʼ nagoŋ ŋutuu wate ko ŋojik nawate pujö se kune a nyo?	yöyönesi nagon wate ko ŋwajik nawate pujö se kune jore parik a ŋutu a 'depa 'bura 'depa 'bura  'ban i medijin kune kune ŋutu luwalian gege ŋwajik nawate i lalian	1			Kuku	train	5.965391621129326		False	0.23417721518987344	False	4.164563509478341	0.20059435364041606	True
3595372adebe9fa78cb5dbf05ddc6d75	31654	spontaneous-speech-ukv-31654.mp3	18576	4017	Yöyöŋesiʼ nagoŋ ŋutuu wate ko ŋojik nawate pujö se kune a nyo?	ŋutuu nawate ko laliyan kase a kölökin koko a pakindi' koko ko ŋojik yina a yöŋit 'boŋ ko ŋoji na'yi'yik kune a pujö pele' mede a yina jowundi' yi na kuwe	1			Kuku	train	6.675279931093884		False	0.1258278145695364	False	5.29577549196755	0.725111441307578	False
009983f810033d5152ddab92674ee038	32068	spontaneous-speech-ukv-32068.mp3	20268	4017	Yöyöŋesiʼ nagoŋ ŋutuu wate ko ŋojik nawate pujö se kune a nyo?	togeleŋ yöyöŋesi' kune a diŋit naŋ  ko ŋojik nawate gboŋ i merok ti yapa kode do 'bakan na gurusu naŋ do gbörundi ŋo' dokesi' tomurek ŋutuu luwaliaan kulo meda di se lo gboŋ ŋerot ko koko a  nawate kune gbede 'bot ko koko	1			Kuku	train	8.732978093546476		False	0.12385321100917435	False	4.625758435257605	0.43536404160475484	True
403eb42cb6d7bf4e1ab0b5007a937e98	32299	spontaneous-speech-ukv-32299.mp3	33876	4017	Yöyöŋesiʼ nagoŋ ŋutuu wate ko ŋojik nawate pujö se kune a nyo?	yöyöŋesi' naŋ ŋote ko ŋojik pujö se kune ko ŋutu naŋ na kurundö kune a kulya ti midijik naŋ tiyana yöŋesi kune jore a kulya ti sukul pees titiga reto yesu titiga ropesi' ti kadijin kine yöyöŋesi' na joonda deliyesi' ko ŋutu na kurundö kune ni ko ŋojik nawate kune gbe a pujö ŋo koko monye ni 'bura' a kunu gagayi kule' kikolin goŋ 'ba se a de a jondi yäŋin ko  koko monye lisa' a yöŋit na 'bijo 	1			Kuku	train	9.328137914747904		True	0.30025445292620867	False			False
21ddeb69bfd3e57ad4af5253b149dd0f	32323	spontaneous-speech-ukv-32323.mp3	9036	4017	Yöyöŋesiʼ nagoŋ ŋutuu wate ko ŋojik nawate pujö se kune a nyo?	do tereŋgu yi na  'döti anyen gboŋ a burön na do tikinda ti jone jo a muköni mukö	1			Kuku	train	6.972111553784861		False	0.05128205128205132	False	5.233787691951134	0.7057949479940565	False
e9dcd66d26b3932c353f71bcc8b69d92	32948	spontaneous-speech-ukv-32948.mp3	22680	4017	Yöyöŋesiʼ nagoŋ ŋutuu wate ko ŋojik nawate pujö se kune a nyo?	yoŋesi' nagon ŋojik nawate pupu kode' ŋutu' nawate pupu kune a ŋo' gbeŋgeti ta tiki di ti ta  gbe'deŋ mede 'ben ta  tu sukulu ta ti' kitajin ti ta kondi' se kode' kitajin ti mu'diŋ kode' ti mede kine a yöŋesi' nagoŋ ŋojik nawate pujö se kune	1			Kuku	train	8.509700176366843		False	0.31092436974789917	False	4.634061011025314	0.4390787518573551	True
03e89de29fa51f461c7ffb62db7c8e0d	33003	spontaneous-speech-ukv-33003.mp3	13608	4017	Yöyöŋesiʼ nagoŋ ŋutuu wate ko ŋojik nawate pujö se kune a nyo?	yöyöŋesi' nagoŋ ŋutuu wate ko ŋojuk nawate pupu kune a yöŋit nagoŋ wate kune meta kita 'ban	1			Kuku	train	5.511463844797178		False	0.1477272727272727	False	4.488672086159413	0.35809806835066865	True
4b430d377aba6a707850db0b3318714e	33617	spontaneous-speech-ukv-33617.mp3	12600	4017	Yöyöŋesiʼ nagoŋ ŋutuu wate ko ŋojik nawate pujö se kune a nyo?	ŋojik nawate kune a pujö yukan kitaesi kase kunebjore parik suluja i waran tojono tokotyaŋ	1			Kuku	train	6.031746031746032		False	0.03448275862068961	False	4.271445874413093	0.2511144130757801	True
a9f74c616d972aac0bc6d66da0be03d8	33633	spontaneous-speech-ukv-33633.mp3	6948	4017	Yöyöŋesiʼ nagoŋ ŋutuu wate ko ŋojik nawate pujö se kune a nyo?	duŋödu yi ŋoŋesi i medijin kase ti yema 	1			Kuku	train	4.605641911341393		False	0.0	False	7.125175599820509	0.986627043090639	False
8f02d83adfcef5096940ee32cf3acb24	34166	spontaneous-speech-ukv-34166.mp3	13428	4017	Yöyöŋesiʼ nagoŋ ŋutuu wate ko ŋojik nawate pujö se kune a nyo?	ŋo' kune jore nagoŋgiti wate kune a ruköki' konda kune nagoŋ koo pupu kune kegga  togeleŋ na di wate kune 'bakan na gboro'	1			Kuku	train	7.372654155495978		False	0.19327731092436973	False	4.371622211769131	0.30460624071322434	True
c4b295f61c6417a48253b975d0db3dc3	29464	spontaneous-speech-ukv-29464.mp3	21816	3978	Kenda na mede net na ŋona a ŋarakinda dinyo ko gbwoloŋ na ŋutuu i pirit na geleŋ ko gbwoŋ jojo i lilija na kulya ʼburaʼ?	Kenda na mede niyo' na a ŋarakinda yi kikolin jore kogboŋ mede niyo' na deneden kulya nagoŋ ko jama a ti lyöŋön kode' kulya nagoŋ tö'durjö jur kode' to'durjö ŋutu' ma ŋutu' liliyunda kune' narok kune laŋo	1			Kuku	train	7.700770077007701		False	0.20895522388059706	False	4.129949739550785	0.1812778603268945	True
d61dfa8687c5e5b0d0a9ab598550b381	30293	spontaneous-speech-ukv-30293.mp3	30888	3978	Kenda na mede net na ŋona a ŋarakinda dinyo ko gbwoloŋ na ŋutuu i pirit na geleŋ ko gbwoŋ jojo i lilija na kulya ʼburaʼ?	kenda ajo ko tikinda ŋutu kulo i kurundö naŋ di ŋutu lele lo 'bakan na kulya na 'but ŋutu kulo liŋ bgoŋ ko yeyiyesi na'but a kata kase yi yeyiyesi kata yu nagon bubulö 'yalaki i kune anyen tikinda ŋutu kulo i puputuru ŋerot murek nayit na kenda na a tinda ŋutu kulo i denda naŋ di kulye ŋutu kata lo bgenge ŋutu 'boŋ ŋutu bulöne bulö morja i konda na kitajin i pirit nageleŋ	1			Kuku	train	9.712509712509712		True	0.2964959568733153	False			False
bc7de5ba8870d8cc13419daa6f9387f0	31409	spontaneous-speech-ukv-31409.mp3	22860	3978	Kenda na mede net na ŋona a ŋarakinda dinyo ko gbwoloŋ na ŋutuu i pirit na geleŋ ko gbwoŋ jojo i lilija na kulya ʼburaʼ?	kenda na mede niyo na a jonda bgoloŋ na nyaret kayaŋ kiden ko ko	1			Kuku	train	2.230971128608924	transcription-length	False	0.049180327868852514	False	4.56954552814837	0.40193164933135217	True
3595372adebe9fa78cb5dbf05ddc6d75	31439	spontaneous-speech-ukv-31439.mp3	12168	3978	Kenda na mede net na ŋona a ŋarakinda dinyo ko gbwoloŋ na ŋutuu i pirit na geleŋ ko gbwoŋ jojo i lilija na kulya ʼburaʼ?	kenda na mede niyo' na a na'but a tomorja yi a ŋo' geleŋ yi yeyeesi' kaaŋ naŋ yi' joon yi ŋarakinda na mede	1			Kuku	train	6.985535831689678		False	0.125	False	4.231830163842171	0.2310549777117385	True
403eb42cb6d7bf4e1ab0b5007a937e98	32055	spontaneous-speech-ukv-32055.mp3	28368	3978	Kenda na mede net na ŋona a ŋarakinda dinyo ko gbwoloŋ na ŋutuu i pirit na geleŋ ko gbwoŋ jojo i lilija na kulya ʼburaʼ?	wate kune yengi moro kikölin kase loŋ tivse pupujo ŋo naŋ se kokon tiyana wate kune kere ruköji i nyo i konda na tubgorju na suk kata a ko kule ŋo logogiti ko tendi a konda kulo ko kone kon kine liŋ a sukulu na jonda kine kulya laliyan kulo konye rörö'yu wate kune parik bge na 'beron na wate kune tiyana bge ko hak na se jajambiri	1			Kuku	train	9.306260575296108		False	0.23780487804878048	False	5.560848019312096	0.8008915304606241	False
009983f810033d5152ddab92674ee038	32251	spontaneous-speech-ukv-32251.mp3	19296	3978	Kenda na mede net na ŋona a ŋarakinda dinyo ko gbwoloŋ na ŋutuu i pirit na geleŋ ko gbwoŋ jojo i lilija na kulya ʼburaʼ?	kenda na a ŋarakinda nan yi denda na   yeyesi'  na'but naŋ yi jujukin ŋarju yi pirit na geleŋ ŋo jonda tomomoret  'bura yi midiijin	1			Kuku	train	5.389718076285241		False	0.1171875	False	3.666028158480949	0.03937592867756315	True
b5f5d64520d7376baeef5ca553c0c675	32270	spontaneous-speech-ukv-32270.mp3	26316	3978	Kenda na mede net na ŋona a ŋarakinda dinyo ko gbwoloŋ na ŋutuu i pirit na geleŋ ko gbwoŋ jojo i lilija na kulya ʼburaʼ?	a tikinda yak kune yi gown ko yeyesi na geleŋ yeyesi  na tinda  ta yi toyiŋakin na bit yala a lo yi denda na koŋon na tinda do denda na kulya ma'but ko narok nyena tinda yak kulo yi gwon yi pirit na geleŋ medeni	1			Kuku	train	6.269949840401277		False	0.2692307692307693	False	4.620155381396729	0.43164933135215455	True
21ddeb69bfd3e57ad4af5253b149dd0f	32292	spontaneous-speech-ukv-32292.mp3	16668	3978	Kenda na mede net na ŋona a ŋarakinda dinyo ko gbwoloŋ na ŋutuu i pirit na geleŋ ko gbwoŋ jojo i lilija na kulya ʼburaʼ?	kenda na ŋarakinda na yi lilija na kulya na'but a ko na kulya narok yani na'but kene a do 'dumaddi' se a narok kune a do kö'yi' se yina ŋarakinda yina 'busan na sukulu na ŋarakinda nan tina	1			Kuku	train	9.119270458363331		False	0.33870967741935487	False	4.068164320729076	0.15304606240713226	True
eaf2feaa162e2c5b79c0a23abcdce106	33234	spontaneous-speech-ukv-33234.mp3	19260	3978	Kenda na mede net na ŋona a ŋarakinda dinyo ko gbwoloŋ na ŋutuu i pirit na geleŋ ko gbwoŋ jojo i lilija na kulya ʼburaʼ?	kenda na a tinda mede nio na ŋtuu kulo  si'da taliŋ ko jiran ŋutu koti ŋutu kulo si'da ko tuŋarakin ko 'börik lepeŋat titim ko kulya nagon a pokin lili a kulya  kune 'duŋöni bgwobgwo	1			Kuku	train	7.580477673935618		False	0.13966480446927376	False	5.034144529756662	0.62555720653789	False
03e89de29fa51f461c7ffb62db7c8e0d	33518	spontaneous-speech-ukv-33518.mp3	6588	3978	Kenda na mede net na ŋona a ŋarakinda dinyo ko gbwoloŋ na ŋutuu i pirit na geleŋ ko gbwoŋ jojo i lilija na kulya ʼburaʼ?	kenda na mede niyo na a ŋarakinda i petesi na'but ko kukuwesi i pirit na geleŋ	1			Kuku	train	9.562841530054644		False	0.06666666666666665	False	2.840626356737616	0.0007429420505200594	True
a9f74c616d972aac0bc6d66da0be03d8	33638	spontaneous-speech-ukv-33638.mp3	5760	3978	Kenda na mede net na ŋona a ŋarakinda dinyo ko gbwoloŋ na ŋutuu i pirit na geleŋ ko gbwoŋ jojo i lilija na kulya ʼburaʼ?	'n tikinda ŋojik koŋon	1			Kuku	train	3.298611111111111		True	0.0	False			False
e9dcd66d26b3932c353f71bcc8b69d92	33753	spontaneous-speech-ukv-33753.mp3	8388	3978	Kenda na mede net na ŋona a ŋarakinda dinyo ko gbwoloŋ na ŋutuu i pirit na geleŋ ko gbwoŋ jojo i lilija na kulya ʼburaʼ?	Kenda na a na'but 'yena tinda ŋutuú kuló gboŋ ko kurundä na kulya na 'but kó narok 	1			Kuku	train	8.345255126371006		False	0.09523809523809523	False	4.0562046365396025	0.14710252600297177	True
8f02d83adfcef5096940ee32cf3acb24	34171	spontaneous-speech-ukv-34171.mp3	18576	3978	Kenda na mede net na ŋona a ŋarakinda dinyo ko gbwoloŋ na ŋutuu i pirit na geleŋ ko gbwoŋ jojo i lilija na kulya ʼburaʼ?	kobgoŋ kulya ti kenda ŋutu bubulö bgoŋ i pirit na geleŋ a ŋutu bge ko koŋön i lilija na kulyan'bura ŋutu deden kulya na'but ko ŋutu deden kulya narok kega i bgoke kata ni	1			Kuku	train	7.37510766580534		False	0.23353293413173648	False	4.007828120554174	0.12109955423476969	True
c4b295f61c6417a48253b975d0db3dc3	29437	spontaneous-speech-ukv-29437.mp3	14148	3963	Ti nan ködö kondi nyo anyen teŋgu yöyöŋesiʼ yi diŋit na pelrʼ?	Nan ködö kwakwaddu ŋun kode' nan miminda anyen teɲgu yeueesi' managoŋ yi perok liŋ	1			Kuku	train	4.877014418999152		False	0.0	False	4.070469787591826	0.15453194650817237	True
d61dfa8687c5e5b0d0a9ab598550b381	30299	spontaneous-speech-ukv-30299.mp3	17460	3963	Ti nan ködö kondi nyo anyen teŋgu yöyöŋesiʼ yi diŋit na pelrʼ?	lele' ŋo 'ban loŋ ŋutú 'bu'bulä kondá i tegú na yökesi ko dé yöyöŋesi' ama ko yöyökesi' na po ŋutú bubulö teŋgu kine yöyökesi' yi to'doro'yu na ŋutu ko de i körju na yeyesi ti ŋutu' kune ma ŋutu gboŋ a 'doro i kulya narok	1			Kuku	train	10.481099656357388		False	0.1785714285714286	False	5.219219846711072	0.6968796433878157	False
3595372adebe9fa78cb5dbf05ddc6d75	31468	spontaneous-speech-ukv-31468.mp3	8028	3963	Ti nan ködö kondi nyo anyen teŋgu yöyöŋesiʼ yi diŋit na pelrʼ?	anyen teŋgu na yeyeesi' nan ködö kwaddu ŋariyesi' ko luŋaser liyo' kode' ko saser niyo'	1			Kuku	train	9.093173891380168		False	0.09523809523809523	False	4.924976989601584	0.5824665676077266	True
ddae0f97a9679a1d5120cea6086416fd	31684	spontaneous-speech-ukv-31684.mp3	16560	3963	Ti nan ködö kondi nyo anyen teŋgu yöyöŋesiʼ yi diŋit na pelrʼ?	anyen nan tengu yoyoŋesi i diŋit na pele ti nan gbe a kaliyöŋönit ti nan yesi yesu 'bura ti nan woroni woro anyen nan ryöju riŋit	1			Kuku	train	6.280193236714976		False	0.19047619047619047	False	5.490817760061127	0.774888558692422	False
009983f810033d5152ddab92674ee038	31768	spontaneous-speech-ukv-31768.mp3	20268	3963	Ti nan ködö kondi nyo anyen teŋgu yöyöŋesiʼ yi diŋit na pelrʼ?	ti nan kodo yesi yesu 'bura' ti nan bge'de bgwoŋ ko diŋit na toto naŋ a na'but köti ti nan ködö 'duŋoro yeyeesi na gboŋ kuwe töyili ni kune koke'	1			Kuku	train	5.723307677126504		False	0.11267605633802813	False	4.852626436301573	0.5542347696879644	True
21ddeb69bfd3e57ad4af5253b149dd0f	32186	spontaneous-speech-ukv-32186.mp3	33840	3963	Ti nan ködö kondi nyo anyen teŋgu yöyöŋesiʼ yi diŋit na pelrʼ?	a ŋo na'but na yani do gajini 'börik na do yesiyesu na'but a ko woro net i jibitalia i mateneti yala ko do 'dok tiki winiko logon ti do mate mat ti do yani mate mat kilo winikö manyen gaju ŋiro lo ponda koke'	1			Kuku	train	4.875886524822694		True	0.18048780487804883	False			False
b5f5d64520d7376baeef5ca553c0c675	32232	spontaneous-speech-ukv-32232.mp3	26496	3963	Ti nan ködö kondi nyo anyen teŋgu yöyöŋesiʼ yi diŋit na pelrʼ?	anyen tengu yoyonŋesi diŋit na pele 'ntoto i tandaruwa kata yal ann iti i mateneti yi mukök na pele' i mukök na yapani murek yapni bukiyen ai diŋit 'ntutu yu i mateneti nyena ŋiro lio lo a gboŋ ko kule golesi i yuŋe ni	1			Kuku	train	6.604770531400965		False	0.16744186046511633	False	6.166411082094343	0.9212481426448736	False
403eb42cb6d7bf4e1ab0b5007a937e98	32243	spontaneous-speech-ukv-32243.mp3	16128	3963	Ti nan ködö kondi nyo anyen teŋgu yöyöŋesiʼ yi diŋit na pelrʼ?	'n yi lalaju kenisi kaŋ kulo ko diiŋit naŋ yo mindi nyesu nye na ŋo jore logon yi momoga kule ayanyan kata loŋ ko ŋutu 'ba meda 'bura ko momo kadu ŋutu laadi kokoro möyit ti ŋutu	1			Kuku	train	8.804563492063492		False	0.07428571428571429	False	5.849837242145845	0.8692421991084696	False
a9f74c616d972aac0bc6d66da0be03d8	32664	spontaneous-speech-ukv-32664.mp3	19296	3963	Ti nan ködö kondi nyo anyen teŋgu yöyöŋesiʼ yi diŋit na pelrʼ?	ŋutu' weweja' teŋgu na yöyöŋesi' yi diŋit na pele' yi kiko' loŋ ko ŋutu' tu yi jibitaliya a ŋutu' ti puji' todinesi' nagoŋ a na'but naŋ  gagaju mugun a ko winikö 'dok lo gagaju mugun na ŋutu' yi diŋit na pele' ko ŋiro lo to yi pirit nageleŋ	1			Kuku	train	9.950248756218906		False	0.240506329113924	False	3.8650781733153914	0.08320950965824665	True
eaf2feaa162e2c5b79c0a23abcdce106	33274	spontaneous-speech-ukv-33274.mp3	8496	3963	Ti nan ködö kondi nyo anyen teŋgu yöyöŋesiʼ yi diŋit na pelrʼ?	na ködö roroga kitesi jore anyen na gboŋ ko diŋit na 'bijo nagoŋ na yuyukan 	1			Kuku	train	7.17984934086629		False	0.0273972602739726	False	4.889234364172505	0.5668647845468053	True
4b430d377aba6a707850db0b3318714e	33408	spontaneous-speech-ukv-33408.mp3	23040	3963	Ti nan ködö kondi nyo anyen teŋgu yöyöŋesiʼ yi diŋit na pelrʼ?	 aa ko nan gboŋ ko pele miindi ti nan nye yeyeju parik ysla ti nan kondi konda kune ŋo' naŋ  un kokon  ma tinda ŋiro lo gboŋ lo'but ti nan 'dok wöröni' wörö yi jibitalia ma ŋiro lo tetema ko ŋiro lo'but ko gboŋ di nyo	1			Kuku	train	7.335069444444445		False	0.2289719626168224	False	4.249148090645791	0.24071322436849926	True
03e89de29fa51f461c7ffb62db7c8e0d	33598	spontaneous-speech-ukv-33598.mp3	5220	3963	Ti nan ködö kondi nyo anyen teŋgu yöyöŋesiʼ yi diŋit na pelrʼ?	ködö tu jibitali anyen teŋgu yöyöŋesi ti pele' 	1			Kuku	train	7.471264367816092		True	0.0	False			False
e9dcd66d26b3932c353f71bcc8b69d92	33788	spontaneous-speech-ukv-33788.mp3	5760	3963	Ti nan ködö kondi nyo anyen teŋgu yöyöŋesiʼ yi diŋit na pelrʼ?	mindö ti do woroni i jibitalia temba i yapa	1			Kuku	train	6.076388888888889		True	0.0	False			False
c4b295f61c6417a48253b975d0db3dc3	29575	spontaneous-speech-ukv-29575.mp3	21276	3911	Mede nenut/nasu na a pujö ʼbulit yi lolon kikoʼ yi sukuluwöt nagoŋ suluwa ko tökö ko ŋutuu ti jur?	sukuluöt na suluja na suluwa ko a ko tökö ko ŋutu ti jur na a ŋarakinda parik i midijin ni kobgoŋ ŋojik kulo  suluja denda na ŋutu kode katodinok kulo ŋutu logon a tiju ko deden ŋo liŋ a ŋojik kulo dedenunda	1			Kuku	train	7.75521714608009		False	0.21568627450980393	False	4.0128071930224145	0.1225854383358098	True
d61dfa8687c5e5b0d0a9ab598550b381	30294	spontaneous-speech-ukv-30294.mp3	28368	3911	Mede nenut/nasu na a pujö ʼbulit yi lolon kikoʼ yi sukuluwöt nagoŋ suluwa ko tökö ko ŋutuu ti jur?	'bulit nagon nan a pu yi sukuluöt nagoŋ sulua ko tökö na ŋutu ti jur a todinö na ŋwajik kulo  'bakan na ropa ko gböröki' na ŋwajik na boŋgolan ti sukulu a ko bongolan a ko bukan nagon ko kekendiri kine ŋo' a tiki yi sukuluöt gboso kine	1			Kuku	train	6.591934574168076		False	0.2456896551724138	False	4.696424405618346	0.48068350668647847	True
3595372adebe9fa78cb5dbf05ddc6d75	31578	spontaneous-speech-ukv-31578.mp3	20088	3911	Mede nenut/nasu na a pujö ʼbulit yi lolon kikoʼ yi sukuluwöt nagoŋ suluwa ko tökö ko ŋutuu ti jur?	ŋutulu sukulu na 'dukö na 'duko ko ŋutuu ti jur kulo kukukinda yi' ama yi' joŋga ŋwajik kaŋ yi kenda  ma kotumolu gboke liyaŋ lo gboŋ s lo'but ko ŋwajik kaŋ a kenda	1			Kuku	train	6.521306252489048		False	0.16149068322981364	False	4.51240027289784	0.36775631500742945	True
009983f810033d5152ddab92674ee038	31825	spontaneous-speech-ukv-31825.mp3	23580	3911	Mede nenut/nasu na a pujö ʼbulit yi lolon kikoʼ yi sukuluwöt nagoŋ suluwa ko tökö ko ŋutuu ti jur?	'bulit na mede niaŋ ko pu i na sukulu na suluwa ko jur na  togeleŋ ŋwajik ti mede kulo  a ko kenda tomurek monye liyo' a pujö kita gboso katiyunit i sukulu a ko ŋarakinda mede	1			Kuku	train	5.852417302798981		False	0.13372093023255816	False	4.454023465001917	0.3395245170876672	True
bc7de5ba8870d8cc13419daa6f9387f0	31834	spontaneous-speech-ukv-31834.mp3	22176	3911	Mede nenut/nasu na a pujö ʼbulit yi lolon kikoʼ yi sukuluwöt nagoŋ suluwa ko tökö ko ŋutuu ti jur?	sukuluöt na gboŋ kaŋ gbokiyot ni kune a ŋarakinda parik yi tinda na ŋwajik na köŋön yi kurundö na ŋwajik a ko 'dok kulyajin jore i 'durjö na kokoo a ko kine sukuluat 'dok totodindö kutuk liyaŋ lo kuku lo a ŋwajik kulo deneden kenda na kutuk liyaŋ lo kuku lo 	1			Kuku	train	9.334415584415584		False	0.2588235294117647	False	4.128640734179563	0.18053491827637444	True
b5f5d64520d7376baeef5ca553c0c675	32276	spontaneous-speech-ukv-32276.mp3	20448	3911	Mede nenut/nasu na a pujö ʼbulit yi lolon kikoʼ yi sukuluwöt nagoŋ suluwa ko tökö ko ŋutuu ti jur?	a lwogu mede niyaŋ na yi roba na ŋwajik yi sukulu ni kolum kine gurusu naŋ ködö ropani  kilo ŋwajik  yi sukulu ni kune de tokitayini' yi galeni na sobun a ko sukari  mede ni	1			Kuku	train	6.651017214397496		False	0.1588235294117647	False	5.1638345716356335	0.6768202080237742	False
21ddeb69bfd3e57ad4af5253b149dd0f	32413	spontaneous-speech-ukv-32413.mp3	7200	3911	Mede nenut/nasu na a pujö ʼbulit yi lolon kikoʼ yi sukuluwöt nagoŋ suluwa ko tökö ko ŋutuu ti jur?	mede niyo na 'ban  pujö 'bulit i  tökö ko jur 'bukuluŋ	1			Kuku	train	5.833333333333333		False	0.019607843137254943	False	5.7192049881842175	0.8417533432392273	False
eaf2feaa162e2c5b79c0a23abcdce106	32667	spontaneous-speech-ukv-32667.mp3	11520	3911	Mede nenut/nasu na a pujö ʼbulit yi lolon kikoʼ yi sukuluwöt nagoŋ suluwa ko tökö ko ŋutuu ti jur?	aa mede niyaŋ na a pujö 'bulit  yi kiko logoŋ ŋwajik kayaŋ kulo a tu yi sukulu a lepeŋat suluji' jujumbi na kenda	1			Kuku	train	7.8125		False	0.027272727272727226	False	4.159358073916695	0.19539375928677563	True
4b430d377aba6a707850db0b3318714e	33110	spontaneous-speech-ukv-33110.mp3	21276	3911	Mede nenut/nasu na a pujö ʼbulit yi lolon kikoʼ yi sukuluwöt nagoŋ suluwa ko tökö ko ŋutuu ti jur?	a kine a ŋarkinda yi parik sukuluö kine ŋarakinda yi parik laiki kine naŋ ti jounda kulya ti melesin ti kurju kune tikinda yi 'nyömötan girigisi ko kole ma do kukurjini	1			Kuku	train	6.486181613085167		False	0.17575757575757578	False	6.1089529053318	0.912332838038633	False
03e89de29fa51f461c7ffb62db7c8e0d	33143	spontaneous-speech-ukv-33143.mp3	7236	3911	Mede nenut/nasu na a pujö ʼbulit yi lolon kikoʼ yi sukuluwöt nagoŋ suluwa ko tökö ko ŋutuu ti jur?	mede niyo' na a pujö 'bulit i sukul na suluwa ko ŋutu ti jur 	1			Kuku	train	6.495301271420675		False	0.017241379310344862	False	3.8414457998212144	0.0787518573551263	True
a9f74c616d972aac0bc6d66da0be03d8	33162	spontaneous-speech-ukv-33162.mp3	11196	3911	Mede nenut/nasu na a pujö ʼbulit yi lolon kikoʼ yi sukuluwöt nagoŋ suluwa ko tökö ko ŋutuu ti jur?	sukuluwat na duköki' yi gbokiyot ni kune a jounda toyiŋakin na'but i ŋutulu ni wo a tinda a lu'budiyöt kune kenda nyona	1			Kuku	train	8.753126116470169		False	0.051724137931034475	False	4.930774878967154	0.5846953937592868	True
e9dcd66d26b3932c353f71bcc8b69d92	33669	spontaneous-speech-ukv-33669.mp3	8640	3911	Mede nenut/nasu na a pujö ʼbulit yi lolon kikoʼ yi sukuluwöt nagoŋ suluwa ko tökö ko ŋutuu ti jur?	mede na a pujö 'bulit i sukuluwöt na ŋaki ko ŋutuu ti jur 	1			Kuku	train	5.208333333333333		False	0.018181818181818188	False	4.103389661420109	0.1664190193164933	True
8f02d83adfcef5096940ee32cf3acb24	34322	spontaneous-speech-ukv-34322.mp3	21708	3911	Mede nenut/nasu na a pujö ʼbulit yi lolon kikoʼ yi sukuluwöt nagoŋ suluwa ko tökö ko ŋutuu ti jur?	'bulit naŋgogiti i pu kega parik i sukuluwöt  na 'duko ko jur kune a naŋ di sukuluwöt kune gboŋ nyona ŋwajik kulo a dara yi wörö ni murek nayit na jur lo ŋutuu ti jur kulo 'bulö jejenda na kikolin kulo	1			Kuku	train	7.370554634236226		False	0.1515151515151515	False	4.308411230649919	0.2704309063893016	True
c4b295f61c6417a48253b975d0db3dc3	29542	spontaneous-speech-ukv-29542.mp3	13356	4018	Ta gboŋ ko kimaŋ lo waya kasu yi gboke ni?	yi 'bakan na kimag lo wayakag yi bgoke ni bgoke lika lo yi tokitaju maka kode  baturi ̈kode sola na yi tokitaju yi medya	1			Kuku	train	7.187780772686433		False	0.17948717948717952	False	6.141050857424626	0.9153046062407132	False
d61dfa8687c5e5b0d0a9ab598550b381	30421	spontaneous-speech-ukv-30421.mp3	4356	4018	Ta gboŋ ko kimaŋ lo waya kasu yi gboke ni?	kimaŋ lo waya 'ban kaŋ i bgwoke yu	1			Kuku	train	6.198347107438017		True	0.0	False			False
009983f810033d5152ddab92674ee038	31652	spontaneous-speech-ukv-31652.mp3	7236	4018	Ta gboŋ ko kimaŋ lo waya kasu yi gboke ni?	eee yi bgwoŋ ko kimaŋ lo wayya kaŋ i bgwoke yu	1			Kuku	train	4.975124378109453		False	0.06976744186046513	False	4.407678280355527	0.31723625557206536	True
ddae0f97a9679a1d5120cea6086416fd	31759	spontaneous-speech-ukv-31759.mp3	4320	4018	Ta gboŋ ko kimaŋ lo waya kasu yi gboke ni?	ye yi bgoŋ ko kimaŋ lo waya kata kaŋ i bgoke ni	1			Kuku	train	8.333333333333332		True	0.06818181818181823	False			False
21ddeb69bfd3e57ad4af5253b149dd0f	31783	spontaneous-speech-ukv-31783.mp3	15336	4018	Ta gboŋ ko kimaŋ lo waya kasu yi gboke ni?	'detilön naŋ nan nyenyesu parik nan nyanyar parik ŋo bge ko loputu bgenge ko janjaro ŋo bgenge ludweki	1			Kuku	train	5.542514345331247		False	0.202020202020202	False	4.363767189973299	0.30089153046062406	True
bc7de5ba8870d8cc13419daa6f9387f0	32066	spontaneous-speech-ukv-32066.mp3	4896	4018	Ta gboŋ ko kimaŋ lo waya kasu yi gboke ni?	yee kata 	1			Kuku	train	1.4297385620915033	transcription-length	True	0.0	False			False
403eb42cb6d7bf4e1ab0b5007a937e98	32193	spontaneous-speech-ukv-32193.mp3	27648	4018	Ta gboŋ ko kimaŋ lo waya kasu yi gboke ni?	kimaŋ lo 'ba yeŋunda kaŋ ni asandi kuwesi ti kulya kata kaden kulo gbögbörölö na gali yala ŋutu kulo 'dok madaŋ 'bakan na gurut ko kulya naŋ tiyanana yeŋisi na kune i kak ni 'bukuluŋ na na nye na medi kimaŋ lo 'ba po ko po a yi 'dok medi meda di yeyeŋunda kayaŋ ni ko kine ŋo nagongiti yi gboŋ yi jambu ko kulya ti i lo kimaŋ	1			Kuku	train	9.29542824074074		False	0.22360248447204967	False	5.793152593306922	0.8566121842496285	False
b5f5d64520d7376baeef5ca553c0c675	32262	spontaneous-speech-ukv-32262.mp3	4140	4018	Ta gboŋ ko kimaŋ lo waya kasu yi gboke ni?	ye yi kata ko kimaŋ lo waya kaŋ i bgoke ni	1			Kuku	train	7.729468599033817		True	0.0	False			False
eaf2feaa162e2c5b79c0a23abcdce106	32644	spontaneous-speech-ukv-32644.mp3	4356	4018	Ta gboŋ ko kimaŋ lo waya kasu yi gboke ni?	kimaŋ lo waya kata 	1			Kuku	train	3.443526170798898		True	0.0	False			False
a9f74c616d972aac0bc6d66da0be03d8	33270	spontaneous-speech-ukv-33270.mp3	4356	4018	Ta gboŋ ko kimaŋ lo waya kasu yi gboke ni?	kimaŋ lo waya 'ban kaŋ i bgoke ni	1			Kuku	train	5.968778696051423		True	0.0	False			False
4b430d377aba6a707850db0b3318714e	33649	spontaneous-speech-ukv-33649.mp3	11736	4018	Ta gboŋ ko kimaŋ lo waya kasu yi gboke ni?	kimaŋ lo waya lo lisa 'ba a yeŋunda kayaŋ i bgwoke ni yi lisa wo 'ba a momorani kimaŋ lo waya	1			Kuku	train	6.2201772324471705		False	0.19999999999999996	False	6.500363741559612	0.950222882615156	False
e9dcd66d26b3932c353f71bcc8b69d92	33708	spontaneous-speech-ukv-33708.mp3	4860	4018	Ta gboŋ ko kimaŋ lo waya kasu yi gboke ni?	yi bgoŋ 'baka na kimaŋ na waya	1			Kuku	train	4.938271604938271		True	0.03703703703703709	False			False
8f02d83adfcef5096940ee32cf3acb24	34247	spontaneous-speech-ukv-34247.mp3	8928	4018	Ta gboŋ ko kimaŋ lo waya kasu yi gboke ni?	eee yi' gboŋ ko kimaŋ lo waya kaŋ yi gbokeni	1			Kuku	train	3.9202508960573472		False	0.024390243902439046	False	4.292720933712321	0.26300148588410105	True
d61dfa8687c5e5b0d0a9ab598550b381	30302	spontaneous-speech-ukv-30302.mp3	26100	3982	Kulon kikölin logoŋ Kenda na a ŋarakinda riŋit nenut yi gaʼyu na tirikuwet na gboŋ yi gayesi?	kikolin jore logon ŋarkinda riŋit na ŋutu' na yi ga'yu na tirikuwet na gboŋ yi gawesi na puwö yi kenda na kiruk kene yi bukan kune a yi na kenda tindi ŋutu' yi denda na kulya  kirun gaga'yiri kulya a ŋutu' köti bulöni bulö kweja kode totokorju ŋo ŋutu' gboŋ ko se  ni  kune yi kikolin logbon a lo 'but	1			Kuku	train	9.157088122605364		False	0.2348993288590604	False	4.882103268417787	0.5653789004457652	True
403eb42cb6d7bf4e1ab0b5007a937e98	31406	spontaneous-speech-ukv-31406.mp3	37836	3982	Kulon kikölin logoŋ Kenda na a ŋarakinda riŋit nenut yi gaʼyu na tirikuwet na gboŋ yi gayesi?	kenda na a ŋarakinda yi kode tiyanana yo 'bakan na ŋojik loŋ ko 'ba tu sukulu yesu na seko na nago sukulu na a na'but yi kenda nenut do deden kulya ti jibitalia kiko loŋ ko tu kiko loron ko  'bakan na kenda yi 'bakan na ŋo nagon yi' kokon kak ni ama yi kwadu di ti ŋun tiyana kikolin  kilo liŋ a kenda  na ti lepeŋ  ŋaraki yi' kata ni ŋojik kaŋ kulo ko kenda yi' pujö ŋo na 'but	1			Kuku	train	7.770377418331748		True	0.29866666666666664	False			False
3595372adebe9fa78cb5dbf05ddc6d75	31754	spontaneous-speech-ukv-31754.mp3	18828	3982	Kulon kikölin logoŋ Kenda na a ŋarakinda riŋit nenut yi gaʼyu na tirikuwet na gboŋ yi gayesi?	kenda  na a ŋarakinda nan ko gbon ko julin jore logon ko nan gbon ko kulya ti gayet nan wökön kata 	1			Kuku	train	4.08965370724453		False	0.16666666666666663	False	3.5589878647931457	0.02600297176820208	True
bc7de5ba8870d8cc13419daa6f9387f0	31764	spontaneous-speech-ukv-31764.mp3	22536	3982	Kulon kikölin logoŋ Kenda na a ŋarakinda riŋit nenut yi gaʼyu na tirikuwet na gboŋ yi gayesi?	ee kenda na ŋarakinda yi kikolin jore geleŋ na di nn tiyanana deneden di piyoŋ kune miiindi ti mimiyö do 'bulöndi' möju 'boŋ 'dok miyindi ti totoni tandaruwa kata nye naŋ yi a gboŋ ayan 'boŋ 'dok ko mugun na niyö 'dok tinti to pirit na wini nye nagoŋ mayi pujö makerenda 'dok	1			Kuku	train	9.895278665246716		False	0.12867647058823528	False	5.089886413118365	0.649331352154532	False
21ddeb69bfd3e57ad4af5253b149dd0f	31962	spontaneous-speech-ukv-31962.mp3	23076	3982	Kulon kikölin logoŋ Kenda na a ŋarakinda riŋit nenut yi gaʼyu na tirikuwet na gboŋ yi gayesi?	riŋit na kenda na a tinda na gboŋ i logo na weweja metakinda 'barik kiko lo wini nan weweja galakinda 'barik kiko lo yesu na kye nan weweja yani tokye'ya na bor na kadi na um sida katanina a gbede na kye 	1			Kuku	train	7.020280811232449		False	0.2935323383084577	False	4.837621762636996	0.549034175334324	True
009983f810033d5152ddab92674ee038	32187	spontaneous-speech-ukv-32187.mp3	15660	3982	Kulon kikölin logoŋ Kenda na a ŋarakinda riŋit nenut yi gaʼyu na tirikuwet na gboŋ yi gayesi?	kikolin lo tikinda nan i ga'yö  na ŋo' na ŋo' naŋ ködö kokona kune nyu 'beran i diŋitan na 'but	2			Kuku	train	4.853128991060026		False	0.10752688172043012	False	4.325186184649122	0.27934621099554235	True
b5f5d64520d7376baeef5ca553c0c675	32274	spontaneous-speech-ukv-32274.mp3	17388	3982	Kulon kikölin logoŋ Kenda na a ŋarakinda riŋit nenut yi gaʼyu na tirikuwet na gboŋ yi gayesi?	i diŋit na gayesi kenda na ŋarakinda nan ko koŋön i yeyeju na kule kitaesi logon 'n kokon man ŋarakindi 'börik i diŋit na'dit na	1			Kuku	train	5.981136415919024		False	0.17600000000000005	False	4.051516268666047	0.1426448736998514	True
03e89de29fa51f461c7ffb62db7c8e0d	33316	spontaneous-speech-ukv-33316.mp3	11700	3982	Kulon kikölin logoŋ Kenda na a ŋarakinda riŋit nenut yi gaʼyu na tirikuwet na gboŋ yi gayesi?	kenda a ŋarakinda riŋit niyona kogon nan bulönibulö pujö ŋo nagon nan mimiindi	1			Kuku	train	5.6410256410256405		False	0.09333333333333338	False	4.105187564133479	0.1686478454680535	True
4b430d377aba6a707850db0b3318714e	33634	spontaneous-speech-ukv-33634.mp3	16920	3982	Kulon kikölin logoŋ Kenda na a ŋarakinda riŋit nenut yi gaʼyu na tirikuwet na gboŋ yi gayesi?	e yi kenda ni 'n pujö naŋ di ŋo bgenge leleŋesi ko ben ta ŋaŋarju kodo 'dok denda dilo ŋutu bgoŋ ko twanti lo so'bi 'ben tototo ko lepeŋ ma do bgoŋ a pujö i lo ayan lo so'bi lo	1			Kuku	train	8.09692671394799		False	0.138728323699422	False	5.073108692426227	0.6396731054977711	False
a9f74c616d972aac0bc6d66da0be03d8	33738	spontaneous-speech-ukv-33738.mp3	11916	3982	Kulon kikölin logoŋ Kenda na a ŋarakinda riŋit nenut yi gaʼyu na tirikuwet na gboŋ yi gayesi?	tikinda na töyili yi kulyeet lo ŋun kode' yi kwasesi' a ko kwaddu na kiyasasirik yi tikinda na do na puet	2			Kuku	train	7.133266196710305		False	0.13725490196078427	False	5.80594121814129	0.8588410104011887	False
e9dcd66d26b3932c353f71bcc8b69d92	33768	spontaneous-speech-ukv-33768.mp3	8460	3982	Kulon kikölin logoŋ Kenda na a ŋarakinda riŋit nenut yi gaʼyu na tirikuwet na gboŋ yi gayesi?	kenda na ŋaju kuwe na ŋutu a tindi do i konda ŋo do ŋarakinda na 'börik	1			Kuku	train	6.619385342789597		False	0.11764705882352944	False	3.9024953174359838	0.0913818722139673	True
c4b295f61c6417a48253b975d0db3dc3	29487	spontaneous-speech-ukv-29487.mp3	18396	3996	Ŋoʼ logoŋ dedena di se lo tikinda ŋutuu kaaŋ yi gboke ni yi moka na tayipot?	ŋutu kulo möka taypot kogwon na sörönyön 'bayin ko ŋutu kode ŋwajik kulo 'döŋö kaŋö ki kine a 'dököni i piöŋ kata a se na ko ileni a se na ko jondi taypot ko ŋutu ki	1			Kuku	train	7.066753642096107		False	0.20370370370370372	False	5.917933609035907	0.8796433878157504	False
d61dfa8687c5e5b0d0a9ab598550b381	30395	spontaneous-speech-ukv-30395.mp3	15300	3996	Ŋoʼ logoŋ dedena di se lo tikinda ŋutuu kaaŋ yi gboke ni yi moka na tayipot?	ŋo logon dedena ŋaŋ i bgwoke ni kulo nyelo tikinda ŋutu kulo i moka na tayipöt kulo a piön ma'di nagon kulye kulya di a kimur lo jonda	1			Kuku	train	6.993464052287582		False	0.07633587786259544	False	4.761754620244892	0.5118870728083209	True
03e89de29fa51f461c7ffb62db7c8e0d	30474	spontaneous-speech-ukv-30474.mp3	12708	3996	Ŋoʼ logoŋ dedena di se lo tikinda ŋutuu kaaŋ yi gboke ni yi moka na tayipot?	ŋo nagon denda di se lo tinda ŋutu i bgwoke ni i moka na tayipöt na a möju na piöŋ naŋ wasaka	1			Kuku	train	5.665722379603399		False	0.033333333333333326	False	4.717543691764987	0.49257057949479943	True
3595372adebe9fa78cb5dbf05ddc6d75	31557	spontaneous-speech-ukv-31557.mp3	13788	3996	Ŋoʼ logoŋ dedena di se lo tikinda ŋutuu kaaŋ yi gboke ni yi moka na tayipot?	tayipot kaŋ yi gboke ni juwe' ko ŋutu' möju piyoŋ nagon a ko dera	1			Kuku	train	3.7713954163040326		False	0.016129032258064502	False	4.026890463290815	0.12927191679049035	True
bc7de5ba8870d8cc13419daa6f9387f0	31626	spontaneous-speech-ukv-31626.mp3	21708	3996	Ŋoʼ logoŋ dedena di se lo tikinda ŋutuu kaaŋ yi gboke ni yi moka na tayipot?	eeŋo' lo tikinda yi momoka tayipod lo kulya naŋ di yi a kebbu saresi' saresi' logoŋ di ti piöŋ kune miimiyö a bulöndi' mötö diŋitan jore yi a kebbu kilo saresi' a jakindi yi tayipod	2			Kuku	train	6.7716970702045325		False	0.1966292134831461	False	5.280293393077643	0.7176820208023774	False
21ddeb69bfd3e57ad4af5253b149dd0f	31633	spontaneous-speech-ukv-31633.mp3	24876	3996	Ŋoʼ logoŋ dedena di se lo tikinda ŋutuu kaaŋ yi gboke ni yi moka na tayipot?	ŋo na jonda parik yani ilo ayan na yani ŋo nagongiti do a tiju do kkodo anyen yi ayan a moga do mindi piöŋ kune kodo ti mimiyo do totoni i tandarua kata ti do konye moju piöŋ nagon a wasaka	1			Kuku	train	5.989708956423862		False	0.16129032258064513	False	5.364522824290392	0.7421991084695394	False
b5f5d64520d7376baeef5ca553c0c675	31752	spontaneous-speech-ukv-31752.mp3	21348	3996	Ŋoʼ logoŋ dedena di se lo tikinda ŋutuu kaaŋ yi gboke ni yi moka na tayipot?	mötö na piöŋ lo wasaka bgengeti piöŋ lo ile i kidiyöt kode i karia lo wöwökiyörö i kikölin kata loŋ wasaka yala a ko nyöj na 'deti lon 'ba miyö titinda ŋutu i möka na taipot	1			Kuku	train	6.464305789769534		False	0.12352941176470589	False	6.262328703963862	0.9301634472511144	False
ddae0f97a9679a1d5120cea6086416fd	31818	spontaneous-speech-ukv-31818.mp3	15228	3996	Ŋoʼ logoŋ dedena di se lo tikinda ŋutuu kaaŋ yi gboke ni yi moka na tayipot?	ŋo nagon a dena kaŋ yi bgoke ni yi tikinda na yii na tayipoit a maju na piong  nagon wasaka  nagon 'ba  dera	1			Kuku	train	5.450485946939848		False	0.11428571428571432	False	4.961617281820177	0.5958395245170877	True
009983f810033d5152ddab92674ee038	32173	spontaneous-speech-ukv-32173.mp3	15840	3996	Ŋoʼ logoŋ dedena di se lo tikinda ŋutuu kaaŋ yi gboke ni yi moka na tayipot?	ŋo' lo tikinda ŋutui yo gnoke yi moka na tayipot kulo a moju na piyoŋ nagoŋ 'ba tikini wini lode' naŋ 'ba dera	1			Kuku	train	5.555555555555555		False	0.07476635514018692	False	4.726036469063054	0.4970282317979198	True
403eb42cb6d7bf4e1ab0b5007a937e98	32184	spontaneous-speech-ukv-32184.mp3	21816	3996	Ŋoʼ logoŋ dedena di se lo tikinda ŋutuu kaaŋ yi gboke ni yi moka na tayipot?	Taipoiyid lo moga ŋutú parik ko kulya nagoŋ ko piöŋ a miyö  aa ŋutu a gboŋ i pirit na 'but kilo kimur 'dok nyönyö ŋutu pirit net totuwet na ti gbe na 'but yeyesutö na kuleŋo 'ban temakinda 'dok madaŋ momoga ŋutu lakin parik na gbak a kulya ti piyoŋ kune yala a ko toto i pirit naŋ a na 'but 	2			Kuku	train	10.542720938760544		False	0.23183391003460208	False	4.944939207957548	0.5913818722139673	True
4b430d377aba6a707850db0b3318714e	33309	spontaneous-speech-ukv-33309.mp3	22356	3996	Ŋoʼ logoŋ dedena di se lo tikinda ŋutuu kaaŋ yi gboke ni yi moka na tayipot?	a möju na piyoŋ naŋ 'ba miyö nye na joonda kule'ayanikö jore lo gboŋge ko tayipod kulo'boŋ ko do möju piyoŋ naŋ 'ba miyö do momoka yilo ret di wulek nye na tiinda ŋutuu kulo tuköki' di to koko  kulo mine mi piyoŋ na mamata kune	1			Kuku	train	8.096260511719448		False	0.2008928571428571	False	4.8340610265100095	0.5468053491827637	True
a9f74c616d972aac0bc6d66da0be03d8	33665	spontaneous-speech-ukv-33665.mp3	7560	3996	Ŋoʼ logoŋ dedena di se lo tikinda ŋutuu kaaŋ yi gboke ni yi moka na tayipot?	mata na piöŋ na wasaka a tindi ŋutu möka na ret lo taipot	1			Kuku	train	5.952380952380952		False	0.05555555555555558	False	5.2231050659203	0.6998514115898959	False
8f02d83adfcef5096940ee32cf3acb24	34246	spontaneous-speech-ukv-34246.mp3	16956	3996	Ŋoʼ logoŋ dedena di se lo tikinda ŋutuu kaaŋ yi gboke ni yi moka na tayipot?	ŋo logoŋ i denda kaŋ gboke ni di nye lojonda aa taipoid lo a kulya ti mata na piyoŋ nagoŋgiti 'ba miyä  kode 'ba tiki wini katani 	1			Kuku	train	6.074545883463081		False	0.03125	False	5.111716258944519	0.6567607726597325	False
d61dfa8687c5e5b0d0a9ab598550b381	28647	spontaneous-speech-ukv-28647.mp3	6516	3949	Do ŋona yiŋga naʼbut yi momoara ko nutuu lo luduk a gbejiʼ tojulin ko ŋutuu lo luduk?	nan yinga na'bot ko na momora ko ŋutuu loluduk a nan tojuline ko se 	1			Kuku	train	8.287292817679559		False	0.06153846153846154	False	4.6952749610398765	0.4799405646359584	True
c4b295f61c6417a48253b975d0db3dc3	29746	spontaneous-speech-ukv-29746.mp3	19188	3949	Do ŋona yiŋga naʼbut yi momoara ko nutuu lo luduk a gbejiʼ tojulin ko ŋutuu lo luduk?	ee nan yinga a na'but kogwon ko ta momora ko julin ko ŋutu kule a do denundi denesi na'but a ta gbe'de a 'bura a ta dendi toden ta dendi' tögu na 'börik ko ta tu yi kune' piritön ta momorani a julin lo'but kode' ŋutu geleŋ	1			Kuku	train	9.172399416301856		False	0.21461187214611877	False	4.8261438074324925	0.5416047548291233	True
bc7de5ba8870d8cc13419daa6f9387f0	31420	spontaneous-speech-ukv-31420.mp3	22068	3949	Do ŋona yiŋga naʼbut yi momoara ko nutuu lo luduk a gbejiʼ tojulin ko ŋutuu lo luduk?	umm 'n yiŋga 'bura yi jambu ŋutu ko ŋutuu yi momora ko ŋutu lo ludukök aaa kogboŋ jowunda tojulin tojulin kaaŋ kiden ni 'boŋ toden na jakinfa ŋutu' tojulin	1			Kuku	train	5.754939278593438		False	0.17105263157894735	False	5.196346028751118	0.687964338781575	False
3595372adebe9fa78cb5dbf05ddc6d75	31596	spontaneous-speech-ukv-31596.mp3	10620	3949	Do ŋona yiŋga naʼbut yi momoara ko nutuu lo luduk a gbejiʼ tojulin ko ŋutuu lo luduk?	ee a na'but yi moga na tojulin ko ŋutu' lo luduk	1			Kuku	train	3.5781544256120523		False	0.022222222222222254	False	4.148595042270737	0.18945022288261515	True
009983f810033d5152ddab92674ee038	32058	spontaneous-speech-ukv-32058.mp3	7776	3949	Do ŋona yiŋga naʼbut yi momoara ko nutuu lo luduk a gbejiʼ tojulin ko ŋutuu lo luduk?	nan yiŋga a lo'but yi momora ko ŋutu' lo luduk anyen yi gbeyunda ŋo na luduk  	1			Kuku	train	7.844650205761317		False	0.07999999999999996	False	4.525000875851552	0.37592867756315007	True
21ddeb69bfd3e57ad4af5253b149dd0f	32169	spontaneous-speech-ukv-32169.mp3	19728	3949	Do ŋona yiŋga naʼbut yi momoara ko nutuu lo luduk a gbejiʼ tojulin ko ŋutuu lo luduk?	aaa ano'a'bit yi momora lo ŋutulu kulök kogbon ko do a momora ko ŋutulu kulök do pujö naŋ di a gayerji' gbiliŋet let lo do pujö di nene' diŋit ta ko ŋaŋarju kulya jore parik yi diŋit nagoŋ ko ta momora	1			Kuku	train	8.160989456609894		False	0.23232323232323238	False	4.544963707314386	0.3848439821693908	True
403eb42cb6d7bf4e1ab0b5007a937e98	32199	spontaneous-speech-ukv-32199.mp3	30060	3949	Do ŋona yiŋga naʼbut yi momoara ko nutuu lo luduk a gbejiʼ tojulin ko ŋutuu lo luduk?	ko do gboŋ ko julin kode' ko ko ŋutulu köluk ti mede diŋitan kune liŋ bge'deŋe ta gboŋ ko meeting naŋ ta jajam  anyen ta jamunda kulyesi' logon a lo'but ta tögöi 'börik könuk yi julin ko könuk yi ŋutulu	1			Kuku	train	5.389221556886227		True	0.16080402010050254	False			False
03e89de29fa51f461c7ffb62db7c8e0d	33231	spontaneous-speech-ukv-33231.mp3	8388	3949	Do ŋona yiŋga naʼbut yi momoara ko nutuu lo luduk a gbejiʼ tojulin ko ŋutuu lo luduk?	nan yiŋga 'bura' yi momora ko ŋutuu lo luduk kogboŋ momoro ko ŋutuu lo luduk na jowunda tojulin	1			Kuku	train	9.298998569384835		False	0.2065217391304348	False	4.2072800255944705	0.2199108469539376	True
eaf2feaa162e2c5b79c0a23abcdce106	33335	spontaneous-speech-ukv-33335.mp3	12636	3949	Do ŋona yiŋga naʼbut yi momoara ko nutuu lo luduk a gbejiʼ tojulin ko ŋutuu lo luduk?	ko yi a momora ko ŋutu' lo luduk a yi' gbeji' tojulin ko lepeŋat yi pirit na geleŋ ko wörö yi pirit nageleŋ ko gnoŋ a ŋo' geleŋ	1			Kuku	train	7.913896802785691		False	0.16935483870967738	False	4.186011462490237	0.212481426448737	True
4b430d377aba6a707850db0b3318714e	33415	spontaneous-speech-ukv-33415.mp3	23508	3949	Do ŋona yiŋga naʼbut yi momoara ko nutuu lo luduk a gbejiʼ tojulin ko ŋutuu lo luduk?	a 'n nyar parik i momora ko ŋutu kobgoŋ yini na 'n denda kulya jore kulye kukuwisi kata loŋ 'n a denda lakin ko yi momora ko ŋutulu a nan tutuköki ko kune kukuwsi naŋ na'but	1			Kuku	train	5.870342011230219		False	0.17647058823529416	False	4.769616135040854	0.5170876671619614	True
e9dcd66d26b3932c353f71bcc8b69d92	33655	spontaneous-speech-ukv-33655.mp3	13320	3949	Do ŋona yiŋga naʼbut yi momoara ko nutuu lo luduk a gbejiʼ tojulin ko ŋutuu lo luduk?	nan yinga na'but i yinga na momora ko ŋutu lo luduk kobgoŋ nan yiyinga kukuwesi na'but	1			Kuku	train	5.33033033033033		False	0.19277108433734935	False	4.031937929030627	0.13224368499257058	True
8f02d83adfcef5096940ee32cf3acb24	34278	spontaneous-speech-ukv-34278.mp3	14580	3949	Do ŋona yiŋga naʼbut yi momoara ko nutuu lo luduk a gbejiʼ tojulin ko ŋutuu lo luduk?	ee nan nyanyar tojulin ko ŋutu logoŋ a loluduk anyen nan bubulö puwundö na kune' ŋo' nagoŋgiti um  'ban den nagoŋ  käti a na luduk	1			Kuku	train	7.20164609053498		False	0.0859375	False	4.136394168141598	0.18350668647845467	True
c4b295f61c6417a48253b975d0db3dc3	29636	spontaneous-speech-ukv-29636.mp3	20736	3923	Sukuluöt na bgwoŋ kasu yi bgokiyot kune ŋona ŋarakinda ŋojik lo kekenda lo gboŋ ko yöŋesiʼ kase yi pipilet dinyo?	sukuluöt na nagboŋ kaŋ gbokiot ni kulo a ŋarakinda ŋojik kulo parik kobgon a ŋaŋarakinda yi kikölin logon ti deden a ko i kulya ti ŋerot a tindi koko deneden kose kodo konda nyo a böŋöni kulya narok nagon 'dandu toden	2			Kuku	train	8.53587962962963		False	0.14953271028037385	False	4.372318114993831	0.3060921248142645	True
009983f810033d5152ddab92674ee038	31561	spontaneous-speech-ukv-31561.mp3	29556	3923	Sukuluöt na bgwoŋ kasu yi bgokiyot kune ŋona ŋarakinda ŋojik lo kekenda lo gboŋ ko yöŋesiʼ kase yi pipilet dinyo?	sukuluwöt na gboŋ kaaŋ yi gbokiyot  kune ŋarakinda yi titimba na kilo ŋojik lo gboŋ ko kine golesi' kune anyen koko bubulö titimunda na kilo ŋojik anyen koko joŋaji' yi kune' sukuluwö nagoŋ koo bubulö ŋarakimda kune kega parik ŋojik lo gboŋ ko golesi' ti yiŋga ko golesi' ti kuwen loŋ koo a medda	1			Kuku	train	8.187846799296251		True	0.33105802047781574	False			False
ddae0f97a9679a1d5120cea6086416fd	31667	spontaneous-speech-ukv-31667.mp3	20520	3923	Sukuluöt na bgwoŋ kasu yi bgokiyot kune ŋona ŋarakinda ŋojik lo kekenda lo gboŋ ko yöŋesiʼ kase yi pipilet dinyo?	a sukuluwöt kune na gboŋ kaŋ yi gbokiyot kune ŋaŋarakinda ŋojik yi todindö na koko tomurek kokorakinda koko bukan nagon koko susuluji 	1			Kuku	train	5.458089668615984		False	0.16030534351145043	False	3.7356550363496974	0.0549777117384844	True
bc7de5ba8870d8cc13419daa6f9387f0	31949	spontaneous-speech-ukv-31949.mp3	16308	3923	Sukuluöt na bgwoŋ kasu yi bgokiyot kune ŋona ŋarakinda ŋojik lo kekenda lo gboŋ ko yöŋesiʼ kase yi pipilet dinyo?	ŋarakinda i roba na ŋojik logon do pujö di bgenge komonye ko koŋote nyobulo roba na ko i sukulu kulo	1			Kuku	train	4.966887417218543		False	0.08247422680412375	False	4.497653712249664	0.362555720653789	True
21ddeb69bfd3e57ad4af5253b149dd0f	32196	spontaneous-speech-ukv-32196.mp3	23256	3923	Sukuluöt na bgwoŋ kasu yi bgokiyot kune ŋona ŋarakinda ŋojik lo kekenda lo gboŋ ko yöŋesiʼ kase yi pipilet dinyo?	ŋutu kaŋ do pujo naŋ di yani ŋutu kule kata logon ponda i ŋarakinda na kilo ŋojik loŋ kodo mindi tu sukulu kulo do pujo naŋ di kulo poonda ko ŋariesi ti bukan kulo ponda ko ŋariesi naŋ di 'n rorop lo ŋiro i sukulu a do puji di ŋiro lo lu ko kendi kenda kasu bgoke yu	1			Kuku	train	8.986928104575163		False	0.28136882129277563	False	4.683957575343963	0.47176820208023773	True
b5f5d64520d7376baeef5ca553c0c675	32264	spontaneous-speech-ukv-32264.mp3	12996	3923	Sukuluöt na bgwoŋ kasu yi bgokiyot kune ŋona ŋarakinda ŋojik lo kekenda lo gboŋ ko yöŋesiʼ kase yi pipilet dinyo?	sukuluwöt kune ŋarakinda yi todindö na ŋojik kulo yi ko koŋön na tokelan a ko dawala na kilo ŋojik 	2			Kuku	train	6.155740227762388		False	0.08333333333333337	False	4.326271466898641	0.2800891530460624	True
03e89de29fa51f461c7ffb62db7c8e0d	33099	spontaneous-speech-ukv-33099.mp3	13176	3923	Sukuluöt na bgwoŋ kasu yi bgokiyot kune ŋona ŋarakinda ŋojik lo kekenda lo gboŋ ko yöŋesiʼ kase yi pipilet dinyo?	sukuluöt na gböŋ kaŋ yi gboke yu kune ŋarakinda ŋojik logon ko  yöŋesi' kase yi pipilet kune ko tikinda na koko i kenda 'bakan na roba	1			Kuku	train	8.19672131147541		False	0.08396946564885499	False	3.672748941925983	0.04234769687964339	True
eaf2feaa162e2c5b79c0a23abcdce106	33145	spontaneous-speech-ukv-33145.mp3	18828	3923	Sukuluöt na bgwoŋ kasu yi bgokiyot kune ŋona ŋarakinda ŋojik lo kekenda lo gboŋ ko yöŋesiʼ kase yi pipilet dinyo?	ŋojik lo bgoŋ ko yoyoŋesi kase i pipilet kulo ŋaraki ko toro'bo bgoso bukan ko galaman köti lepeŋat ŋaŋaraki ko yeiyesi adi se tikindi yeiyesi kase kune i kenda manyen lepeŋa bgoŋ 'bura kase ŋerot you	1			Kuku	train	8.763543658381135		False	0.18274111675126903	False	4.66542307992667	0.4591381872213967	True
4b430d377aba6a707850db0b3318714e	33303	spontaneous-speech-ukv-33303.mp3	21420	3923	Sukuluöt na bgwoŋ kasu yi bgokiyot kune ŋona ŋarakinda ŋojik lo kekenda lo gboŋ ko yöŋesiʼ kase yi pipilet dinyo?	sukuluö kune tiyana nene kata naŋ nene' mugun  poponda yi a ko ŋarakindi ŋojik yi roba na na sukulu yala ko kulo a tikini gurusu naŋ ko kune ŋarakindi 'börik i sukuluöt ni	1			Kuku	train	6.442577030812324		False	0.1964285714285714	False	4.0968724709069395	0.16419019316493313	True
a9f74c616d972aac0bc6d66da0be03d8	33356	spontaneous-speech-ukv-33356.mp3	7308	3923	Sukuluöt na bgwoŋ kasu yi bgokiyot kune ŋona ŋarakinda ŋojik lo kekenda lo gboŋ ko yöŋesiʼ kase yi pipilet dinyo?	ŋarakinda ŋojik kaŋ kulo i kenda 'bakan na gurusu	1			Kuku	train	5.610290093048714		False	0.021739130434782594	False	2.9820933086106742	0.002228826151560178	True
e9dcd66d26b3932c353f71bcc8b69d92	33772	spontaneous-speech-ukv-33772.mp3	9720	3923	Sukuluöt na bgwoŋ kasu yi bgokiyot kune ŋona ŋarakinda ŋojik lo kekenda lo gboŋ ko yöŋesiʼ kase yi pipilet dinyo?	sukuluwöt kune tukökindö loŋiyo di ti ŋojik kulo yiti' sukulu anyen kekenda	1			Kuku	train	6.584362139917695		False	0.04166666666666663	False	4.5257649825445565	0.37667161961367013	True
8f02d83adfcef5096940ee32cf3acb24	34273	spontaneous-speech-ukv-34273.mp3	15768	3923	Sukuluöt na bgwoŋ kasu yi bgokiyot kune ŋona ŋarakinda ŋojik lo kekenda lo gboŋ ko yöŋesiʼ kase yi pipilet dinyo?	ŋojik loŋ bgoŋ ko yoŋesi kega parik i pipilet kulo katodinök ko totodindö 'ya'yalakinda koko nene diŋit i loki na diŋit naŋ ko do bgoŋ konye na	1			Kuku	train	7.420091324200912		False	0.09999999999999998	False	4.780238510706445	0.5215453194650818	True
d61dfa8687c5e5b0d0a9ab598550b381	28705	spontaneous-speech-ukv-28705.mp3	25560	3930	Kitayessiʼ ti Kenda na gbong kasu yi gboke kune ŋona a ŋarakinda ŋojik loʼdiʼdik ko ŋuruu lo wora liŋ dinyo?	Kaŋ yi gboke ni kiteesi' ti kenda kune a ŋarakinda ŋojik lo'di'dik kulo yi nyarju na sukulu kode na todinö kode' yi gboŋ ko pusök na todinö ko 'dok a ŋarakinda ŋutuu lo wora kulo yi gboŋ ko denet nagoŋ di ŋojik kulo miindi tiki' yi todinö	1			Kuku	train	7.511737089201877		False	0.2595744680851064	False	3.4260610614462337	0.017087667161961365	True
c4b295f61c6417a48253b975d0db3dc3	29668	spontaneous-speech-ukv-29668.mp3	17676	3930	Kitayessiʼ ti Kenda na gbong kasu yi gboke kune ŋona a ŋarakinda ŋojik loʼdiʼdik ko ŋuruu lo wora liŋ dinyo?	Kitesi' ti kenda gboge todindö ko ge kune nago ti bisinesi kode ti tutugbörju a ŋarakinda gojik kulo jore yi denda na  kona na kitajin na go koko konakinda 'borik ma ko puji gurustöt na ko ŋarakindi 'börik	1			Kuku	train	9.44783887757411		False	0.13861386138613863	False	4.890420206621105	0.5676077265973254	True
3595372adebe9fa78cb5dbf05ddc6d75	31695	spontaneous-speech-ukv-31695.mp3	16596	3930	Kitayessiʼ ti Kenda na gbong kasu yi gboke kune ŋona a ŋarakinda ŋojik loʼdiʼdik ko ŋuruu lo wora liŋ dinyo?	ŋutuu lo wora ko ŋoji lo iik ko ko a kenda ko Aŋarakinda jur lose lo a koo ŋarakindi' gbokiyot kase kulo	1			Kuku	train	5.00120510966498		False	0.14851485148514854	False	4.4384666798730334	0.3298662704309064	True
009983f810033d5152ddab92674ee038	31710	spontaneous-speech-ukv-31710.mp3	21960	3930	Kitayessiʼ ti Kenda na gbong kasu yi gboke kune ŋona a ŋarakinda ŋojik loʼdiʼdik ko ŋuruu lo wora liŋ dinyo?	kitaesi ti kenda kune a todindö ŋwajik kaaŋ lo'di'dik a ko lo wora kulo liŋ konesi' kode' kitaes ti kelan na metani mede a 'dok ke todinikindö yi' kitaesi' ti könin na kokona	1			Kuku	train	6.466302367941712		False	0.1578947368421053	False	4.648266443866929	0.44650817236255574	True
bc7de5ba8870d8cc13419daa6f9387f0	31927	spontaneous-speech-ukv-31927.mp3	21708	3930	Kitayessiʼ ti Kenda na gbong kasu yi gboke kune ŋona a ŋarakinda ŋojik loʼdiʼdik ko ŋuruu lo wora liŋ dinyo?	kenda kaŋ bgokiyöt yu ŋarakinda parik do pujö di sa ŋarakinda tomejik kulo san kokulo 'dek kurundö ko nyo loŋ kokon ko nyo loŋ loron 'dok ŋojik kulo ko totodino i sukulu yu i denda na ŋo lo'but kode ŋo logon a loron ŋarakinda koko	1			Kuku	train	8.568269762299613		False	0.2290748898678414	False	4.28497746685128	0.2563150074294205	True
ddae0f97a9679a1d5120cea6086416fd	31950	spontaneous-speech-ukv-31950.mp3	21708	3930	Kitayessiʼ ti Kenda na gbong kasu yi gboke kune ŋona a ŋarakinda ŋojik loʼdiʼdik ko ŋuruu lo wora liŋ dinyo?	kitesi ti 'dukö na kadi kitesi ti kukunda na kikölin kitesi ti 'dela na gurusu aa ŋarakinda ŋwajik jore parik i denda 'boŋ kine liŋ ponda i riŋit na kenda	1			Kuku	train	5.758245807997051		False	0.17880794701986757	False	4.207214706408291	0.21916790490341753	True
b5f5d64520d7376baeef5ca553c0c675	32259	spontaneous-speech-ukv-32259.mp3	35100	3930	Kitayessiʼ ti Kenda na gbong kasu yi gboke kune ŋona a ŋarakinda ŋojik loʼdiʼdik ko ŋuruu lo wora liŋ dinyo?	kitaesi ti kenda kune a ŋarakinda  yak 'lo  wora kolo  yi kpake nagon yak 'lo wora ko lo  totodindi ŋojik kulo a puji koŋon  'dog  ŋarakinda yak lo wora kulo a ko de puji gurusutot na 'dit na yala ŋojik lo 'di'dik kulo a ŋarakinda ko koŋon nagon a ko puji kita koo puji' kita nagon ko molu  ŋarakinda 'barik a to'durji jur lo 	1			Kuku	train	7.264957264957265		True	0.3405572755417957	False			False
21ddeb69bfd3e57ad4af5253b149dd0f	32332	spontaneous-speech-ukv-32332.mp3	20088	3930	Kitayessiʼ ti Kenda na gbong kasu yi gboke kune ŋona a ŋarakinda ŋojik loʼdiʼdik ko ŋuruu lo wora liŋ dinyo?	na ŋojik lo 'di'di tiyanana dene den kitayesi  ti kenda ŋo gbeŋge  tokitayi na kompiyuta tokitayi na phone do pujö di ko kulo dene den ko tokitayi  di nyo	1			Kuku	train	6.123058542413381		False	0.21192052980132448	False	4.9407837983699885	0.5891530460624071	True
e9dcd66d26b3932c353f71bcc8b69d92	33204	spontaneous-speech-ukv-33204.mp3	22500	3930	Kitayessiʼ ti Kenda na gbong kasu yi gboke kune ŋona a ŋarakinda ŋojik loʼdiʼdik ko ŋuruu lo wora liŋ dinyo?	kitesi naŋ ti ŋutuu na kenda i gboke ŋo gbegiti todujö na jur sukuluwöt jibitaliyajin se na ŋarakinda ŋojik ló'didik	1			Kuku	train	4.355555555555555		False	0.02631578947368418	False	4.666642964659697	0.45988112927191677	True
4b430d377aba6a707850db0b3318714e	33455	spontaneous-speech-ukv-33455.mp3	21636	3930	Kitayessiʼ ti Kenda na gbong kasu yi gboke kune ŋona a ŋarakinda ŋojik loʼdiʼdik ko ŋuruu lo wora liŋ dinyo?	aa kenda na a ŋarakinda ŋwajik lo 'di'dik kulo i tu ŋerot i kenda ako 'dok i denadu na kune ŋo' ŋerot yu yala i ŋutuu lo wora kulo a ŋarakinda koko yi niddö na sumalan ma ŋarakinda koo i jijö na kinyöjin wole' ko a köyimötön	1			Kuku	train	8.227029025697911		False	0.1945701357466063	False	4.414288571367859	0.31946508172362553	True
a9f74c616d972aac0bc6d66da0be03d8	33493	spontaneous-speech-ukv-33493.mp3	5940	3930	Kitayessiʼ ti Kenda na gbong kasu yi gboke kune ŋona a ŋarakinda ŋojik loʼdiʼdik ko ŋuruu lo wora liŋ dinyo?	a tikinda koko i pujö na koŋön	1			Kuku	train	4.04040404040404		True	0.03703703703703709	False			False
8f02d83adfcef5096940ee32cf3acb24	34250	spontaneous-speech-ukv-34250.mp3	20268	3930	Kitayessiʼ ti Kenda na gbong kasu yi gboke kune ŋona a ŋarakinda ŋojik loʼdiʼdik ko ŋuruu lo wora liŋ dinyo?	ŋutuu kaŋ lo gboŋ i gboke ni kulo koo kulo tikinda miret kega logoŋ a kendá kulo koo kulo poda pirit na geleŋ dikitan liŋ 'boŋ köti' ko kune' kulya na gboŋ ko ŋaŋarakinda parik tötögu yi kaŋ gboke ni	1			Kuku	train	7.943556344977304		False	0.19289340101522845	False	4.482123251451568	0.3536404160475483	True
403eb42cb6d7bf4e1ab0b5007a937e98	31501	spontaneous-speech-ukv-31501.mp3	21168	3939	Tokore ko do derja ʼdötiʼ nagoŋ do nyanya parik di nyo?	a koon na derja ko sukuri suluja ko basala aan keke'yu aanu nu tindi piöŋ ko iloŋ 'n suluja ko piöŋ then a bönökindi 'bolok tindi aan kukundi ŋo lo nyenye a loke	1			Kuku	train	6.094104308390023		False	0.1708860759493671	False	7.768597040178936	0.9947994056463596	False
3595372adebe9fa78cb5dbf05ddc6d75	31541	spontaneous-speech-ukv-31541.mp3	17280	3939	Tokore ko do derja ʼdötiʼ nagoŋ do nyanya parik di nyo?	'deti' nagoŋ nan nyanyar parik na a ŋete do tikinda piyoŋ kimaŋ a do tikindi' 'balaŋ na kuku a do tikindi' ŋete na katani do tikindi mulukia i 'dutet nait a do yurji rjöyu ti 'balaŋ na kuku na gbe na'but	1			Kuku	train	9.43287037037037		False	0.26	False	5.021153799008164	0.6210995542347697	False
ddae0f97a9679a1d5120cea6086416fd	31982	spontaneous-speech-ukv-31982.mp3	18756	3939	Tokore ko do derja ʼdötiʼ nagoŋ do nyanya parik di nyo?	nan nyanyar derja na ŋete' ŋete na mindi do dera ko 'balaŋ na kuku ti purune na'but a do kirungi tindi köyimöt do yuyurjö na'but nye naŋ do nyesu ko kure	1			Kuku	train	6.55790147152911		False	0.1266666666666667	False	5.991892567328821	0.8982169390787519	False
009983f810033d5152ddab92674ee038	32108	spontaneous-speech-ukv-32108.mp3	16560	3939	Tokore ko do derja ʼdötiʼ nagoŋ do nyanya parik di nyo?	burusut kulo kon lalaju 'n tindi kimaŋ a jone jo an tikindi 'balaŋ na kuku an tindi koyimöt an yurji yurjö an 'dukundi kak	1			Kuku	train	5.978260869565218		False	0.1428571428571429	False	6.783969976816808	0.9695393759286776	False
21ddeb69bfd3e57ad4af5253b149dd0f	32353	spontaneous-speech-ukv-32353.mp3	8100	3939	Tokore ko do derja ʼdötiʼ nagoŋ do nyanya parik di nyo?	'döti niyo' na to'bi'bin na um nyarnyar na um 'derja loputu' an yuyurjö na go'	1			Kuku	train	7.901234567901235		False	0.09333333333333338	False	5.630368450333371	0.8164933135215453	False
a9f74c616d972aac0bc6d66da0be03d8	32645	spontaneous-speech-ukv-32645.mp3	21456	3939	Tokore ko do derja ʼdötiʼ nagoŋ do nyanya parik di nyo?	kinyotot lo kaŋ yi jur lo gbeŋge burusut loŋ yi nyanyar  parik loŋ do lalakinda a ko do ke' lalakinda do tikindi yi jo' ko ke jo a do 'yalakindi' 'balaŋ niyaŋ na kuku na a ko ke jukin ko 'balaŋ na kuku na a do yurjiyurjö a juki jukin a do 'dukundi' kak	1			Kuku	train	9.228187919463087		False	0.29718875502008035	False	5.577675104523119	0.8031203566121843	False
03e89de29fa51f461c7ffb62db7c8e0d	32723	spontaneous-speech-ukv-32723.mp3	22860	3939	Tokore ko do derja ʼdötiʼ nagoŋ do nyanya parik di nyo?	nan totokor derja na 'döti' nagoŋ nan nyanyar parik togeleŋ na a tinda niyo' na tirikuwet parik yi meda di 'döti' na ti 'duu gbak gbe nagoŋ na miindi na tomurek gagalunda na ŋo logoŋ tiki' yi 'döti' kata ni yi to'bi'binda	1			Kuku	train	7.874015748031496		False	0.20642201834862384	False	4.57445317956376	0.40416047548291234	True
eaf2feaa162e2c5b79c0a23abcdce106	32879	spontaneous-speech-ukv-32879.mp3	17028	3939	Tokore ko do derja ʼdötiʼ nagoŋ do nyanya parik di nyo?	'deti nagon nan nyanyar parik na a 'deti nagon dera ko 'balaŋ na kuku a derani ko köyimöt 'bayin a 'deti nagon kekelo wo a deti nagon a dera 'bura wo to'bi'bin parik	1			Kuku	train	7.810664787408974		False	0.28395061728395066	False	4.901603661039804	0.5720653789004457	True
4b430d377aba6a707850db0b3318714e	33097	spontaneous-speech-ukv-33097.mp3	19548	3939	Tokore ko do derja ʼdötiʼ nagoŋ do nyanya parik di nyo?	a 'deti naŋ 'n nyanyar parik na a burukusut 'n derja jujuko a bge'deŋe nago ko keyimot na titiki na 'bijo yi na 'deti 'n nyonyo ko pusok kombo na 'balaŋ na kuku na ti mokim' mokin 'bura	1			Kuku	train	7.57110701862083		False	0.14835164835164838	False	6.265253482337168	0.9316493313521546	False
e9dcd66d26b3932c353f71bcc8b69d92	33706	spontaneous-speech-ukv-33706.mp3	9468	3939	Tokore ko do derja ʼdötiʼ nagoŋ do nyanya parik di nyo?	'deti nagon nan nyanyar parik na nan derja lepeŋ ko köyimöt 'bakan na welet	1			Kuku	train	6.54837346852556		False	0.06944444444444442	False	4.0937011266100125	0.1612184249628529	True
8f02d83adfcef5096940ee32cf3acb24	34244	spontaneous-speech-ukv-34244.mp3	20088	3939	Tokore ko do derja ʼdötiʼ nagoŋ do nyanya parik di nyo?	'deti nagongiti nan nyanyar lepeŋ parik na kega n tikinda diŋit na na'bijo parik i derja na lepeŋ na ŋo liŋ logoŋgiti miminikin kata ni kulo nan gagalun an bulo' suluja derja na lepeŋ	1			Kuku	train	7.467144563918757		False	0.17222222222222228	False	4.455082517582699	0.3410104011887073	True
c4b295f61c6417a48253b975d0db3dc3	29419	spontaneous-speech-ukv-29419.mp3	15516	3947	Do a i wöröjiʼ yi leleʼ jur? Ko tina, da?	 iye nan a woroji i jur lo yuganda nan 'dok a woroji' i jur lo saut sudan nan 'dok a woroji i jur lo kongo	1			Kuku	train	5.220417633410673		False	0.38834951456310685	True			False
d61dfa8687c5e5b0d0a9ab598550b381	30222	spontaneous-speech-ukv-30222.mp3	18828	3947	Do a i wöröjiʼ yi leleʼ jur? Ko tina, da?	Nan a i wöröji' yi jurön jore nan a wöröji yi jur lo kenya nan a wöröji yi jur lo tanjania nan a wöröji' yi jur lo kongo  nan a wöröji' yi jur lo eee lo lo lo ruwanda ko kule' kata logoŋ nan a wõröji kata yi	1			Kuku	train	8.444869343530911		False	0.4509803921568627	True			False
009983f810033d5152ddab92674ee038	31490	spontaneous-speech-ukv-31490.mp3	13320	3947	Do a i wöröjiʼ yi leleʼ jur? Ko tina, da?	ee nan a wöröji i lele jur lo luŋu south sudan	1			Kuku	train	2.702702702702702	transcription-length	False	0.0	False	5.308283260244888	0.7280832095096582	False
ddae0f97a9679a1d5120cea6086416fd	31679	spontaneous-speech-ukv-31679.mp3	11448	3947	Do a i wöröjiʼ yi leleʼ jur? Ko tina, da?	nan a wöwöröji yi lele' jur jur gwoso south Sudan nan a tu kata	1			Kuku	train	4.367575122292103		False	0.08333333333333337	False	6.3815896267476075	0.9420505200594353	False
21ddeb69bfd3e57ad4af5253b149dd0f	31815	spontaneous-speech-ukv-31815.mp3	10260	3947	Do a i wöröjiʼ yi leleʼ jur? Ko tina, da?	ye nan a tu i lele jur logon a kampala	1			Kuku	train	2.8265107212475638	transcription-length	False	0.02857142857142858	False	7.267259342292082	0.9895988112927192	False
bc7de5ba8870d8cc13419daa6f9387f0	31872	spontaneous-speech-ukv-31872.mp3	20916	3947	Do a i wöröjiʼ yi leleʼ jur? Ko tina, da?	nan nan le 'ba jölöji i nene pirit nagonŋ di an gbak a titu yi ann ti yiiyite n gbak gboŋ yi yuganda ni aa 'ba di ŋutu' nyobulö tu ama ŋutu 'dok 'ba apujö na kuwe nagongiti di ti ŋutu' a jölöji yi nene' pirit	1			Kuku	train	7.793077070185504		False	0.18536585365853664	False	6.068970336732649	0.9056463595839525	False
b5f5d64520d7376baeef5ca553c0c675	32183	spontaneous-speech-ukv-32183.mp3	30528	3947	Do a i wöröjiʼ yi leleʼ jur? Ko tina, da?	'n wöröji i lele jur lo asan  'n mindi pujö na taliŋ kaŋ jur yu na taliŋ 'ban 'boŋ kon yeŋ yu 'n nyobulo kenda 'n nyobulo pujö ŋo loŋ 'n mindi nye lo kuwe life ni na 'boŋ a na'but naŋ kon tu i lele jur an ti pupujö ŋo na'but an molu bulö yitö kaŋ jur yu yi to'durjö na jur niyaŋ na ko taliŋ ke ponda	1			Kuku	train	7.534067085953878		True	0.2702702702702703	False			False
03e89de29fa51f461c7ffb62db7c8e0d	32674	spontaneous-speech-ukv-32674.mp3	16740	3947	Do a i wöröjiʼ yi leleʼ jur? Ko tina, da?	nan a nyar wöröji' yi lele' jur kogboŋ wöröj' yi jurön kule' kulo tikinda ŋutu' i denda na kulyaŋan nagon do 'ba den kasu i gboke yu kune	1			Kuku	train	6.571087216248506		False	0.08208955223880599	False	4.761337261177636	0.5111441307578009	True
eaf2feaa162e2c5b79c0a23abcdce106	33064	spontaneous-speech-ukv-33064.mp3	12996	3947	Do a i wöröjiʼ yi leleʼ jur? Ko tina, da?	ayi na waräji i jur lo sudan i na karatum yi jur lo yuganda a ko jur lo sudan na loki kode sout sudan 	1			Kuku	train	6.078793474915359		False	0.24	False	6.507191575958089	0.9524517087667161	False
e9dcd66d26b3932c353f71bcc8b69d92	33077	spontaneous-speech-ukv-33077.mp3	6408	3947	Do a i wöröjiʼ yi leleʼ jur? Ko tina, da?	um nan a wöröji' juba kampala	1			Kuku	train	3.745318352059925		True	0.0	False			False
4b430d377aba6a707850db0b3318714e	33597	spontaneous-speech-ukv-33597.mp3	8676	3947	Do a i wöröjiʼ yi leleʼ jur? Ko tina, da?	a un wöröji lele jur un ponda sudan un puwo Uganda	1			Kuku	train	4.610419548178884		False	0.06382978723404253	False	8.102185451348342	0.9977711738484398	False
8f02d83adfcef5096940ee32cf3acb24	34279	spontaneous-speech-ukv-34279.mp3	18576	3947	Do a i wöröjiʼ yi leleʼ jur? Ko tina, da?	nan a wöröji yi jurön jore geleŋ lo nan tu lakadi ruwanda murek nayit na nan tu lakadi kenya um ke tu lakadi south sudan 	1			Kuku	train	5.167958656330749		False	0.17796610169491522	False	6.514699231822052	0.9539375928677564	False
c4b295f61c6417a48253b975d0db3dc3	29609	spontaneous-speech-ukv-29609.mp3	20880	3985	Ŋona petesi ti kenda na ŋutuu logo a ŋarakinda yi toʼdurjö na gboŋ naʼbut na midijin dinyo?	kenda na ŋutú kega parik logo kuló a ŋarakindá i dendá na ŋutu logoŋ midijin ni kulo i togbodijaja na midijin kase kune ko jamesi lo'but ko ŋarakinda i korja na kulya na rok kó na'but	1			Kuku	train	7.327586206896552		False	0.19999999999999996	False	4.185239366362237	0.21025260029717682	True
d61dfa8687c5e5b0d0a9ab598550b381	30243	spontaneous-speech-ukv-30243.mp3	27756	3985	Ŋona petesi ti kenda na ŋutuu logo a ŋarakinda yi toʼdurjö na gboŋ naʼbut na midijin dinyo?	kine petesi' a ŋarakinda ŋutuu logo' kulo yi to'durjö na midijin kase kune yi kikolin logoŋ tetemakinda ŋutuu logo' logoŋ aa todinö  kode' logoŋ a   ŋraki' kulo bulöne bulö tiju na midijin kase kune yi kikolin logoŋ lo'bu' gbe nyöbulö tu yi 'bunit gbe nyöbulö tu yi kikolin logoŋ a ŋarakinda ama kölumbö tindi' yeyeesi' kase kune yi ŋo' na'but kune	1			Kuku	train	10.268050151318633		False	0.3913043478260869	True			False
3595372adebe9fa78cb5dbf05ddc6d75	31423	spontaneous-speech-ukv-31423.mp3	19728	3985	Ŋona petesi ti kenda na ŋutuu logo a ŋarakinda yi toʼdurjö na gboŋ naʼbut na midijin dinyo?	Kenda na ŋutu' lo wora na a na'but ŋarakinda ŋojik kase yi metunda ko komonye kulo ni mede na 'durji 'duirjö liŋ	1			Kuku	train	4.612733171127331		False	0.07339449541284404	False	4.036820330655064	0.13670133729569092	True
009983f810033d5152ddab92674ee038	31669	spontaneous-speech-ukv-31669.mp3	19188	3985	Ŋona petesi ti kenda na ŋutuu logo a ŋarakinda yi toʼdurjö na gboŋ naʼbut na midijin dinyo?	'n kine petesi a ŋarakinda i tinda na ŋutu logo yeyiyesi na'but naŋ anyen se bubulö pupurakinda ŋojik kase i metadu ŋero i pirit na kenda na	1			Kuku	train	5.941213258286429		False	0.0948905109489051	False	3.899108651951345	0.09063893016344725	True
ddae0f97a9679a1d5120cea6086416fd	31827	spontaneous-speech-ukv-31827.mp3	24480	3985	Ŋona petesi ti kenda na ŋutuu logo a ŋarakinda yi toʼdurjö na gboŋ naʼbut na midijin dinyo?	petesi nagon a na'but tikinda ŋutu bgwoŋ a lo go na i ŋarakinda na jur lo abgwoŋ i taliŋ ti moro bge'de 'ban nyarju na 'börik ko ŋarakinda i kitajin nagon a tiki a ti jur anyen ŋutu 'du'durjö	1			Kuku	train	6.25		False	0.18617021276595747	False	3.829363236240522	0.07355126300148589	True
21ddeb69bfd3e57ad4af5253b149dd0f	31947	spontaneous-speech-ukv-31947.mp3	21456	3985	Ŋona petesi ti kenda na ŋutuu logo a ŋarakinda yi toʼdurjö na gboŋ naʼbut na midijin dinyo?	e kenda na ŋutu logo na ŋarakinda koko kulo yani yi nu diŋit nagon giti ko 'ban yitu yi na sukulu na adal na ko a denda kenda a denda wurujö 'bong do pujö naŋ di ko ke ko tu yi na sukulu na ko kulo bulöni bulö kenda ko 'busan na adal na	1			Kuku	train	8.529082774049217		False	0.3047210300429185	False	4.75774327027802	0.5089153046062407	True
403eb42cb6d7bf4e1ab0b5007a937e98	32290	spontaneous-speech-ukv-32290.mp3	23400	3985	Ŋona petesi ti kenda na ŋutuu logo a ŋarakinda yi toʼdurjö na gboŋ naʼbut na midijin dinyo?	Kenda na ŋutu logo na ŋarakinda i to'durjö i kulo ŋutu lo bgoŋ bot 'ba kenda a denda busines  adenda kulya ti kenda a koko ŋarakindi di ti ŋojik kase kulo ŋarakini manyen ko ŋarakinda kulu kule lo bgoŋ bot kulo kilo ŋutu logo kulo	1			Kuku	train	7.905982905982905		False	0.3436123348017621	False	3.8576004790011638	0.08023774145616643	True
e9dcd66d26b3932c353f71bcc8b69d92	32840	spontaneous-speech-ukv-32840.mp3	16056	3985	Ŋona petesi ti kenda na ŋutuu logo a ŋarakinda yi toʼdurjö na gboŋ naʼbut na midijin dinyo?	kenda na a tikinda ŋutu nago kune denede i tiju na mede na se kode i kiko logon ko kendi ni gurusu ko a ŋaju kuwesi kase koko 'dok	1			Kuku	train	6.352765321375187		False	0.08661417322834641	False	4.381022556504643	0.3083209509658247	True
4b430d377aba6a707850db0b3318714e	32960	spontaneous-speech-ukv-32960.mp3	23760	3985	Ŋona petesi ti kenda na ŋutuu logo a ŋarakinda yi toʼdurjö na gboŋ naʼbut na midijin dinyo?	aa kenda na ŋutuu logo' na a ŋarakinda parik parik yi ŋutulu jore do medda ii denesi' ti kelan kune ŋutuu a ko den ama diŋit nagoŋ ma koko kendini ii a kokodene den ŋo' ŋo' naron ko ŋo' ŋo na'but ko kulya ti kelan liŋ	1			Kuku	train	7.239057239057239		False	0.19626168224299068	False	4.2963694834161705	0.2637444279346211	True
eaf2feaa162e2c5b79c0a23abcdce106	33053	spontaneous-speech-ukv-33053.mp3	14580	3985	Ŋona petesi ti kenda na ŋutuu logo a ŋarakinda yi toʼdurjö na gboŋ naʼbut na midijin dinyo?	ŋutuu kulo ko lepeŋat kenda 	0			Kuku	train	1.5775034293552812	transcription-length	False	0.0	False	3.232944840623539	0.005943536404160475	True
03e89de29fa51f461c7ffb62db7c8e0d	33549	spontaneous-speech-ukv-33549.mp3	8136	3985	Ŋona petesi ti kenda na ŋutuu logo a ŋarakinda yi toʼdurjö na gboŋ naʼbut na midijin dinyo?	Petesi' ti krnda kune a ŋarakinda midijin kune yi toyiŋakin ko 'börik ko kukuju na 'börik	1			Kuku	train	9.095378564405111		False	0.12790697674418605	False	3.702498778460272	0.0475482912332838	True
a9f74c616d972aac0bc6d66da0be03d8	33643	spontaneous-speech-ukv-33643.mp3	8028	3985	Ŋona petesi ti kenda na ŋutuu logo a ŋarakinda yi toʼdurjö na gboŋ naʼbut na midijin dinyo?	ŋutuu ŋarakinda ŋutu' yi diŋit naŋ ŋutu' gboŋ ko yöyöŋsi naŋ ŋutu' 'duŋödu kata	1			Kuku	train	8.221225710014947		False	0.17105263157894735	False	3.4065266852481417	0.015601783060921248	True
c4b295f61c6417a48253b975d0db3dc3	29553	spontaneous-speech-ukv-29553.mp3	17208	3933	Ŋona kenda na a lewudda tojulin na ŋutuu kodeʼ puwet na midijin ns diŋö ko do kine?	ee kenda na  a ŋarakinda ko a lewuda tojulin na ŋutu kode puet na midijik na kokune liŋ	1			Kuku	train	4.009762900976289		False	0.059523809523809534	False	3.6830407443685136	0.04309063893016345	True
d61dfa8687c5e5b0d0a9ab598550b381	30392	spontaneous-speech-ukv-30392.mp3	25020	3933	Ŋona kenda na a lewudda tojulin na ŋutuu kodeʼ puwet na midijin ns diŋö ko do kine?	kenda na a lewuda tojulin na ŋutuu kode puwet na midijin na yi kikolin jore kenda na a tikinda ŋutulu yi titimba ko ŋa logon gboŋ ko metet na geleŋ ko ŋutuu lo mimiindi konda na kita lo a yi yi na metet nageleŋ na tömijundi' koko yi pirit na nageleŋ	1			Kuku	train	7.953637090327738		False	0.24390243902439024	False	3.931653821430805	0.10104011887072809	True
3595372adebe9fa78cb5dbf05ddc6d75	31411	spontaneous-speech-ukv-31411.mp3	12780	3933	Ŋona kenda na a lewudda tojulin na ŋutuu kodeʼ puwet na midijin ns diŋö ko do kine?	kenda na a na'but lepeŋ a ŋarakinda ŋutu jore i pujö na tojulin a ko kulye a bulö 'dukö na kadijik	1			Kuku	train	6.103286384976525		False	0.052631578947368474	False	3.889349506476234	0.08766716196136701	True
b5f5d64520d7376baeef5ca553c0c675	31504	spontaneous-speech-ukv-31504.mp3	30888	3933	Ŋona kenda na a lewudda tojulin na ŋutuu kodeʼ puwet na midijin ns diŋö ko do kine?	kenda na a ŋarakinda parik tiyana yi to'durjö na jur liyaŋ lo yi tiyana gbe kata ko jibitalijin sukuluwö kenesi' yala 'dok köti bulöne bulö sondu na ŋojik yi sukulu asan yi gbe kata ko puwet na'dit i kenda yala tojulin 'dok kata ko kule ŋutulu ko kulya naŋ  ŋutu bge dende kutusen ka'de ka'de 'ba nyu kutuk geleŋ	1			Kuku	train	8.19088319088319		True	0.19741100323624594	False			False
009983f810033d5152ddab92674ee038	31628	spontaneous-speech-ukv-31628.mp3	22968	3933	Ŋona kenda na a lewudda tojulin na ŋutuu kodeʼ puwet na midijin ns diŋö ko do kine?	kendya na a ko lewuda tojulin na ŋutu i midijik ama a lewudiya puet ŋutulu lo kenda gboŋ ko puet naŋ koo ŋaŋarakindi 'börik gboso gurusu	1			Kuku	train	4.832810867293626		False	0.10526315789473684	False	4.590399890505115	0.41530460624071325	True
bc7de5ba8870d8cc13419daa6f9387f0	31892	spontaneous-speech-ukv-31892.mp3	22896	3933	Ŋona kenda na a lewudda tojulin na ŋutuu kodeʼ puwet na midijin ns diŋö ko do kine?	a do meda di ŋutu loŋ 'ba kenda kulo ko kulo yani meda di tokenda na ŋiro na 'ba 'bulit ken kokoroyi na gurusu yala na diŋit lakin ŋutu lo kenda lo deden di kenda na a 'bulit geleŋ tokenda na ŋiro ko do tokenda ŋiro do tokenda jur lo 'bukulung	1			Kuku	train	8.42941998602376		False	0.35416666666666663	False	4.388484380438166	0.3098068350668648	True
ddae0f97a9679a1d5120cea6086416fd	32027	spontaneous-speech-ukv-32027.mp3	19656	3933	Ŋona kenda na a lewudda tojulin na ŋutuu kodeʼ puwet na midijin ns diŋö ko do kine?	aa kenda na a lewuda tojulin ma gboŋ a na 'but tiinda ŋutú puwet a tindi ŋutú i ŋarakinda na midijin ta gboŋ ko nyarju mämärätu 'ban 	1			Kuku	train	5.647130647130648		False	0.11851851851851847	False	4.171369862040084	0.2072808320950966	True
21ddeb69bfd3e57ad4af5253b149dd0f	32431	spontaneous-speech-ukv-32431.mp3	21168	3933	Ŋona kenda na a lewudda tojulin na ŋutuu kodeʼ puwet na midijin ns diŋö ko do kine?	yani kenda niyo' na a tikinda na yi denda kode' yi gayerju na gbiliŋet liyo' lo  yani tiyana nan  deneden yani pukindö na 'börik ko nan pujö gurusutöt dinyo kode' ko nan  ti 'börik ada	1			Kuku	train	6.944444444444445		False	0.1933701657458563	False	4.281795515262287	0.25482912332838037	True
03e89de29fa51f461c7ffb62db7c8e0d	32688	spontaneous-speech-ukv-32688.mp3	26388	3933	Ŋona kenda na a lewudda tojulin na ŋutuu kodeʼ puwet na midijin ns diŋö ko do kine?	kenda na a lewudda midijin ti ŋutulu kode' puwesi' ti ŋutulu i kikolin gbeti do ko do kenda a do de puji kita nagon do ŋarakindi mede net na kode' do puundi puwet naŋ do toliwakindi mede net na	1			Kuku	train	5.873882067606488		False	0.23684210526315785	False	4.4564904337562705	0.34175334323922735	True
a9f74c616d972aac0bc6d66da0be03d8	33406	spontaneous-speech-ukv-33406.mp3	10440	3933	Ŋona kenda na a lewudda tojulin na ŋutuu kodeʼ puwet na midijin ns diŋö ko do kine?	kenda na tikinda ŋutu yoŋesi jore kega parik puö na gurusu i ropani na lubudiyöt	1			Kuku	train	6.32183908045977		False	0.038961038961038974	False	4.161619345512049	0.19687964338781574	True
4b430d377aba6a707850db0b3318714e	33613	spontaneous-speech-ukv-33613.mp3	21456	3933	Ŋona kenda na a lewudda tojulin na ŋutuu kodeʼ puwet na midijin ns diŋö ko do kine?	a ko do bge ko gurut do gayeresi gboŋ gboŋ jore konu mede ni do weweja 'dukö kadi nagon na'but parik do gbögbörökindö 'börik ŋo lo'but loŋ do wöwöröni gbeŋge arabia ko do yeŋgi lu wörö ko gari ko bot nagon do nyu' ko kenda a do nyu pujö gurusu a do kirut gböröni' arabia logon do wöwöröni	1			Kuku	train	10.7662192393736		False	0.2210526315789474	False	5.166976815040612	0.6805349182763745	False
c4b295f61c6417a48253b975d0db3dc3	29707	spontaneous-speech-ukv-29707.mp3	16776	4019	Ta nyesu kinyo daŋin muda yi lor ni?	ne' diŋet na ŋutu'  yesu daŋin murek ne' diŋet daŋin musala aa yi waran  moju sayi paran gwe a 'diloŋ kosaŋ a gwe a 'diloŋ nene' diŋit na sayi yi waran a 'diloŋ na ko nyeyini kosaŋ	1			Kuku	train	8.464473056747735		False	0.30508474576271183	False	6.054372246141302	0.9049034175334324	False
3595372adebe9fa78cb5dbf05ddc6d75	31413	spontaneous-speech-ukv-31413.mp3	6948	4019	Ta nyesu kinyo daŋin muda yi lor ni?	nan nyesu perok musala i lor ni 	1			Kuku	train	3.5981577432354634		False	0.0	False	3.6848257921175644	0.045319465081723624	True
009983f810033d5152ddab92674ee038	31697	spontaneous-speech-ukv-31697.mp3	8496	4019	Ta nyesu kinyo daŋin muda yi lor ni?	yi nyesu kinyo lo daŋin musala i lor ni	1			Kuku	train	3.6487758945386064		False	0.0	False	4.479829124232696	0.3521545319465082	True
bc7de5ba8870d8cc13419daa6f9387f0	31812	spontaneous-speech-ukv-31812.mp3	21456	4019	Ta nyesu kinyo daŋin muda yi lor ni?	a kinyotot logon ködö ti ŋutu' pune pu i lor ni ti taji di i warani ti ŋutu' möömöju sayi paran na ti ŋutu nyenyesu kinyotot a ŋutu' mönökindi i 'dok i tokotiaŋ ni tukwaje lo ti ŋutu nyöönyöödu ŋo' 'dok na nyönyögu di daŋin musala i lor ni	1			Kuku	train	8.901938851603282		False	0.23305084745762716	False	5.837465203979148	0.8670133729569094	False
ddae0f97a9679a1d5120cea6086416fd	31904	spontaneous-speech-ukv-31904.mp3	5256	4019	Ta nyesu kinyo daŋin muda yi lor ni?	yi' yesu taŋin musala	1			Kuku	train	3.4246575342465757		True	0.0	False			False
b5f5d64520d7376baeef5ca553c0c675	32072	spontaneous-speech-ukv-32072.mp3	5400	4019	Ta nyesu kinyo daŋin muda yi lor ni?	yi' yesu kinyo daŋin musala yi lor ni	1			Kuku	train	5.555555555555555		True	0.0	False			False
21ddeb69bfd3e57ad4af5253b149dd0f	32427	spontaneous-speech-ukv-32427.mp3	6516	4019	Ta nyesu kinyo daŋin muda yi lor ni?	yi yesu kinyo yi lor daŋin musala	1			Kuku	train	4.143646408839779		False	0.0	False	4.676273896125579	0.4658246656760773	True
eaf2feaa162e2c5b79c0a23abcdce106	32806	spontaneous-speech-ukv-32806.mp3	12240	4019	Ta nyesu kinyo daŋin muda yi lor ni?	i yesu daŋin musala i lor ni i waran na yi möju sayi paran na a yi' nyesi' 'deti na tuparan yala  a yi nyesi 'deti na tokotiaŋ	1			Kuku	train	8.006535947712418		False	0.2032520325203252	False	5.755966697639753	0.8484398216939079	False
03e89de29fa51f461c7ffb62db7c8e0d	33045	spontaneous-speech-ukv-33045.mp3	13536	4019	Ta nyesu kinyo daŋin muda yi lor ni?	yi' yesu kinyo na daŋin musala yi lor ni yi diŋit na waran yi sa puwök a ko yi diŋit na lu'balaŋa a ko yi tokotyaŋ	1			Kuku	train	6.575059101654847		False	0.1711711711711712	False	5.640048522247315	0.8187221396731055	False
a9f74c616d972aac0bc6d66da0be03d8	33265	spontaneous-speech-ukv-33265.mp3	9756	4019	Ta nyesu kinyo daŋin muda yi lor ni?	iloŋ na 'yei perok musala i lor ni i waran paran ko kotyaŋ 	1			Kuku	train	4.715047150471505		False	0.0357142857142857	False	5.834979586985783	0.8655274888558693	False
4b430d377aba6a707850db0b3318714e	33601	spontaneous-speech-ukv-33601.mp3	16920	4019	Ta nyesu kinyo daŋin muda yi lor ni?	yi yesu kinyö  kinyo kulo   diŋitan e yi lor ni yi nyesu perok musala i waran yi mömöju majan  parana a yi nyesi nyesu iloŋ 'boŋ kotiyaŋ na a yi nyesi' nyesu iloŋ	1			Kuku	train	7.446808510638297		False	0.22012578616352196	False	5.7481293248461265	0.8462109955423477	False
e9dcd66d26b3932c353f71bcc8b69d92	33751	spontaneous-speech-ukv-33751.mp3	5868	4019	Ta nyesu kinyo daŋin muda yi lor ni?	nan nyesu kinyo daŋin murek i lor	1			Kuku	train	4.601226993865031		True	0.0	False			False
8f02d83adfcef5096940ee32cf3acb24	34178	spontaneous-speech-ukv-34178.mp3	16308	4019	Ta nyesu kinyo daŋin muda yi lor ni?	kinyo lo i nyesu daŋin musala i lor ni yi moju sai i waran na paran na a yi nyesi kinyo ko tiyaŋ na 'dok ayi nyesi kinyo daŋin musala 	1			Kuku	train	6.377238165317635		False	0.2748091603053435	False	5.068434081289464	0.6389301634472511	False
c4b295f61c6417a48253b975d0db3dc3	29722	spontaneous-speech-ukv-29722.mp3	20160	4010	Do ʼyuddu kulo kinyo kulök yi yöbu yu?	nan 'yuddu kinyo gboso gbanda' kaata' burusut aaam lisötit a gbe'de maragi' a gbe'deŋe aa loputu' kokule' loŋ kata	1			Kuku	train	4.761904761904762		False	0.06306306306306309	False	5.7759353129130675	0.8528974739970282	False
d61dfa8687c5e5b0d0a9ab598550b381	30267	spontaneous-speech-ukv-30267.mp3	25200	4010	Do ʼyuddu kulo kinyo kulök yi yöbu yu?	nan 'uddu lisörit nan 'yuddu janjanjaru nan 'yuddu 'dok loputu ko burusut nan 'dok 'yuddu maasika nan 'dok 'yuddu kaata nan 'yuddu kinyojin lo ruwök kode' kinyojin 'dötilön loruwök gbeŋge ko dodo kase kabesi kade sukumawiki kase nyanyajin ko kule' ŋo' jore	1			Kuku	train	8.531746031746032		False	0.2806324110671937	False	5.6251880635172276	0.8150074294205052	False
21ddeb69bfd3e57ad4af5253b149dd0f	31489	spontaneous-speech-ukv-31489.mp3	15696	4010	Do ʼyuddu kulo kinyo kulök yi yöbu yu?	kinyo logon nan 'yu'yut kuwe yöbu ni kulo gbanda maasika burusut soŋgo loputu janjaru' kilo ŋo' logoŋgiti nan 'yu'yut kuwe yobu ni kulo	1			Kuku	train	7.199286442405708		False	0.19696969696969702	False	5.0857543512264805	0.6463595839524517	False
ddae0f97a9679a1d5120cea6086416fd	31506	spontaneous-speech-ukv-31506.mp3	17676	4010	Do ʼyuddu kulo kinyo kulök yi yöbu yu?	nan 'yudu kuluk liserit a ko gbanda a ko loputu' kuwe i yobu ni	1			Kuku	train	2.828694274722788	transcription-length	False	0.050000000000000044	False	6.117461971516303	0.913075780089153	False
009983f810033d5152ddab92674ee038	31619	spontaneous-speech-ukv-31619.mp3	19620	4010	Do ʼyuddu kulo kinyo kulök yi yöbu yu?	kinyo lo um kur kuwe yobu kode kuwe melesin yu kulo a burusut loputú puluk a ko songo a ko liserit 	1			Kuku	train	4.026503567787971		False	0.07216494845360821	False	6.55485992679639	0.9598811292719168	False
403eb42cb6d7bf4e1ab0b5007a937e98	32257	spontaneous-speech-ukv-32257.mp3	22356	4010	Do ʼyuddu kulo kinyo kulök yi yöbu yu?	a ŋo' loŋ  nan 'yu'yudu parik kuwe ̇ yi yobu kulo a gbanda maasika a ko kuluk a ko burusut kilo ŋo logon ti nan kurekur parik  kulo ko lisörit kilo ti nan  kurekur kilo ŋo' logon ŋaŋarakinda parik yi kati kati na 'diloŋ ko 'döti	1			Kuku	train	8.051529790660226		False	0.2533333333333333	False	5.204436037602138	0.6901931649331352	False
b5f5d64520d7376baeef5ca553c0c675	32283	spontaneous-speech-ukv-32283.mp3	20160	4010	Do ʼyuddu kulo kinyo kulök yi yöbu yu?	n'yuddo lisórit janjaru ŋete kabeji dodo ee ko kulok a ko kule' kudaraka gbeŋge guwapa maŋga 	1			Kuku	train	3.819444444444444		False	0.0444444444444444	False	7.9424551551562805	0.9962852897473997	False
eaf2feaa162e2c5b79c0a23abcdce106	32800	spontaneous-speech-ukv-32800.mp3	17388	4010	Do ʼyuddu kulo kinyo kulök yi yöbu yu?	nan 'yudu kinyo gboso rabolo  gbanda liserit ko dura loputu köti ko burusut ki lo ŋo liŋ logon wandi nan nyunyudu se  mede na yesu se 	1			Kuku	train	6.096158270071313		False	0.04580152671755722	False	6.816591268007264	0.9717682020802377	False
e9dcd66d26b3932c353f71bcc8b69d92	33355	spontaneous-speech-ukv-33355.mp3	9468	4010	Do ʼyuddu kulo kinyo kulök yi yöbu yu?	kinyo logon nan 'yu'yut kulo a gbanda ko janjaro ko musele	1			Kuku	train	5.069708491761724		False	0.018181818181818188	False	5.679070861530402	0.8335809806835067	False
4b430d377aba6a707850db0b3318714e	33431	spontaneous-speech-ukv-33431.mp3	17028	4010	Do ʼyuddu kulo kinyo kulök yi yöbu yu?	kuwe yobu yu 'n kata ko gbanda dura 'n kata ko maasika a ko liyöt a ko songo kilo ŋo logon 'n 'yu'yudu kuwe yobu kata yu	1			Kuku	train	5.520319473807846		False	0.2136752136752137	False	6.036500617704926	0.9041604754829123	False
03e89de29fa51f461c7ffb62db7c8e0d	33513	spontaneous-speech-ukv-33513.mp3	10260	4010	Do ʼyuddu kulo kinyo kulök yi yöbu yu?	kinyö logon nan 'yu'yut kuwe i yobu yu kulo a bganda liserit janjaro a ko puluk	1			Kuku	train	6.237816764132554		False	0.013157894736842146	False	5.953443583268178	0.8870728083209509	False
a9f74c616d972aac0bc6d66da0be03d8	33567	spontaneous-speech-ukv-33567.mp3	10116	4010	Do ʼyuddu kulo kinyo kulök yi yöbu yu?	do weweja 'yuudu na kuluk janjaro burusut a ko Maasika	1			Kuku	train	4.448398576512456		False	0.0	False	4.974006600123102	0.6032689450222882	False
d61dfa8687c5e5b0d0a9ab598550b381	30257	spontaneous-speech-ukv-30257.mp3	21996	3934	Gbo ʼbakan na kita na a ʼboʼ ŋutuu kasu yi gboke ni dinyo?	bgoŋ 'bakan na kita na a naron paril kobgon tikinda ŋutu ti bgoke kode ti midijik kulo nyobulo ŋarakinda na 'börik i ŋo liŋ nagon kodo mindi puö ko gururt ma'di nyesu ma'di sukulu ma'di roko ma'di wini mindi gurut nagon ponda i kita	1			Kuku	train	8.592471358428805		False	0.17030567685589515	False	4.78281038199135	0.5230312035661219	True
3595372adebe9fa78cb5dbf05ddc6d75	31440	spontaneous-speech-ukv-31440.mp3	8856	3934	Gbo ʼbakan na kita na a ʼboʼ ŋutuu kasu yi gboke ni dinyo?	gboŋ 'bakan na kita ma kaaŋ yi gboke ni a tikinda kule' jore yi hboŋ a lomerika 'bakan na kinyotot lo nyonyoyi	1			Kuku	train	10.049683830171634		False	0.11214953271028039	False	4.583678071490028	0.4101040118870728	True
ddae0f97a9679a1d5120cea6086416fd	31592	spontaneous-speech-ukv-31592.mp3	22860	3934	Gbo ʼbakan na kita na a ʼboʼ ŋutuu kasu yi gboke ni dinyo?	'bakan na kita tikinda ŋutu' gboŋ ko yeyeesi' jore tomurek a todindi ŋajik koko'ya kogboŋ koko gbe nyöbulö ŋarakinda na 'börik 'bakan na kita tikinda do lubbö yi toron  ss 'bakan na kita na tikinda do yi ŋoŋga	1			Kuku	train	7.480314960629921		False	0.27184466019417475	False	3.8974023783588034	0.08989598811292719	True
b5f5d64520d7376baeef5ca553c0c675	31844	spontaneous-speech-ukv-31844.mp3	21528	3934	Gbo ʼbakan na kita na a ʼboʼ ŋutuu kasu yi gboke ni dinyo?	a tu'bakan na kita na tikinda ŋutuu jore kaaŋ gboke ni wora kolak ko gbeŋge wate kune kune' kune ke' wora saramit kune' wora'	1			Kuku	train	4.7380156075808255		False	0.15573770491803274	False	5.044876789949128	0.6322436849925706	False
009983f810033d5152ddab92674ee038	31948	spontaneous-speech-ukv-31948.mp3	15588	3934	Gbo ʼbakan na kita na a ʼboʼ ŋutuu kasu yi gboke ni dinyo?	bgoŋ 'bakan na kita kaŋ i bgoke yu na a tikinda kule ŋutu kulo a tika i sondu na ŋojik kase i sukulu i kenda	1			Kuku	train	5.388760585065435		False	0.07619047619047614	False	3.7945263344933253	0.06612184249628529	True
21ddeb69bfd3e57ad4af5253b149dd0f	32434	spontaneous-speech-ukv-32434.mp3	14400	3934	Gbo ʼbakan na kita na a ʼboʼ ŋutuu kasu yi gboke ni dinyo?	yani dó tikindá 'boŋgo i piyonŋ kata a do tindi kunak mogun ni anyen roroga sa'yu na mogun neet na 	1			Kuku	train	5.625		False	0.061224489795918324	False	5.479339048132361	0.7726597325408618	False
4b430d377aba6a707850db0b3318714e	33320	spontaneous-speech-ukv-33320.mp3	23508	3934	Gbo ʼbakan na kita na a ʼboʼ ŋutuu kasu yi gboke ni dinyo?	kule' ŋutu kulo ko böt naŋ 'ba pujö kita a kulu worani' a kolak a kulu poki i kokol'ya ina liŋ ko böt nagon do a ko pujö kita a tindi'do lu worani a kolanit yala kulye kulo a kujöne kujön  teri loyi lo mede lu bge'deŋe 'buön jönga	1			Kuku	train	7.699506550961375		False	0.22466960352422904	False	6.53354407494269	0.9569093610698366	False
e9dcd66d26b3932c353f71bcc8b69d92	33683	spontaneous-speech-ukv-33683.mp3	8460	3934	Gbo ʼbakan na kita na a ʼboʼ ŋutuu kasu yi gboke ni dinyo?	kodo 'bakan na kita do pujö goliyesi kune jöre parik	1			Kuku	train	5.082742316784869		False	0.0	False	4.310746015456842	0.27191679049034173	True
a9f74c616d972aac0bc6d66da0be03d8	33714	spontaneous-speech-ukv-33714.mp3	7056	3934	Gbo ʼbakan na kita na a ʼboʼ ŋutuu kasu yi gboke ni dinyo?	a tikinda ŋutu tolomerikan ko ŋutu i kiden	1			Kuku	train	4.9603174603174605		False	0.07692307692307687	False	4.66008370779524	0.4554234769687964	True
8f02d83adfcef5096940ee32cf3acb24	34291	spontaneous-speech-ukv-34291.mp3	14328	3934	Gbo ʼbakan na kita na a ʼboʼ ŋutuu kasu yi gboke ni dinyo?	gboŋ 'bakan na kita na kaŋ yi gboke ni jonda tolomeriyan nagon   na 'bijo parik magor kaŋ yi gbokeni	1			Kuku	train	5.583472920156336		False	0.15463917525773196	False	4.035995063077985	0.13595839524517087	True
c4b295f61c6417a48253b975d0db3dc3	29421	spontaneous-speech-ukv-29421.mp3	23508	4021	Ŋoʼ logoŋ perok liŋ tikinda ŋutuu bööböŋöjiʼ yi kikolin yi Uganga ni kulo a nyo?	ŋo'  lo tiinda ŋuto boboŋoji yi kikolin ti yuganda ni kulo kega parik a ŋo' gboŋge pikipikiyot kode arabiyaki naworo yi spid naga tu patik kode ko riŋit a tikindi ko gbo kiko lo gbo ko dliyo a tikindi ŋutu yi julo kode a ŋutu 'be'beleŋo	1			Kuku	train	8.082354942998128		False	0.1673819742489271	False	5.984819226039837	0.8959881129271917	False
d61dfa8687c5e5b0d0a9ab598550b381	30439	spontaneous-speech-ukv-30439.mp3	26748	4021	Ŋoʼ logoŋ perok liŋ tikinda ŋutuu bööböŋöjiʼ yi kikolin yi Uganga ni kulo a nyo?	ŋo logon perok liŋ ŋutu kulo boboŋöji i kikölin ti uganda kulo a kulya ti suguwö na arabiya lo ko wurö nagon jore parik murek na i nene diŋit kasuguök kulo sugujo ti a meran tomusala na kulye kasuguök wörö ti wate a si'daki kase ko i nyona ni ti kulo jajamadu 'boŋ kiruk a jondi kulya narok	1			Kuku	train	8.710931658441753		False	0.1428571428571429	False	5.827245942299771	0.8632986627043091	False
21ddeb69bfd3e57ad4af5253b149dd0f	31395	spontaneous-speech-ukv-31395.mp3	33228	4021	Ŋoʼ logoŋ perok liŋ tikinda ŋutuu bööböŋöjiʼ yi kikolin yi Uganga ni kulo a nyo?	yani ŋo na tikinda uganda kulo nene diŋit boboŋöji i kikö katani parik na a nene diŋit do wókön ko wuró na jore a nene' diŋit do a kebu könin loŋ ko do do 'ban wökön katani nye na tikinda a böböŋöji' na ŋutuu na gbe'de parik i kikö kata ni	1			Kuku	train	5.6879739978331525		True	0.2584745762711864	False			False
3595372adebe9fa78cb5dbf05ddc6d75	31536	spontaneous-speech-ukv-31536.mp3	11376	4021	Ŋoʼ logoŋ perok liŋ tikinda ŋutuu bööböŋöjiʼ yi kikolin yi Uganga ni kulo a nyo?	böŋöji lo i uganda ni juwe ko ŋutu lo a möju a ti i sugujö na arabia nait na i kiko yu	1			Kuku	train	5.713783403656822		False	0.02409638554216864	False	7.4178222483140805	0.9918276374442794	False
ddae0f97a9679a1d5120cea6086416fd	31725	spontaneous-speech-ukv-31725.mp3	23940	4021	Ŋoʼ logoŋ perok liŋ tikinda ŋutuu bööböŋöjiʼ yi kikolin yi Uganga ni kulo a nyo?	ŋo na tikinda yi' yi böböŋöji' yi kikolin ni kulo a denda nagon 'ban ŋoji kaaŋ ti bodaboda ŋojik kaaŋ lo yegga arabiyajin kulo wörö parik a nye' medda ko ɲutuu logoŋ wörö ko mokosi' kulo ködö tiyu ada	1			Kuku	train	6.7669172932330826		False	0.10152284263959388	False	4.718380135401583	0.4933135215453195	True
bc7de5ba8870d8cc13419daa6f9387f0	31961	spontaneous-speech-ukv-31961.mp3	6768	4021	Ŋoʼ logoŋ perok liŋ tikinda ŋutuu bööböŋöjiʼ yi kikolin yi Uganga ni kulo a nyo?	ye kaŋ gboke ni ŋut kulö sida lo'but ko kule' ŋutu koo kulo si'da lo'but ko 'börik ko toyiŋakin ko 'barik ko ŋo' ka'deka'de nagon pupujö iya ŋutu na gbonde kayit mede kaŋ gbokeni	1			Kuku	train	21.42434988179669		False	0.22285714285714286	False	4.973802179843395	0.6025260029717682	False
403eb42cb6d7bf4e1ab0b5007a937e98	32190	spontaneous-speech-ukv-32190.mp3	39240	4021	Ŋoʼ logoŋ perok liŋ tikinda ŋutuu bööböŋöjiʼ yi kikolin yi Uganga ni kulo a nyo?	aa tiyanana ŋutuu kulo böböŋöji parik ko kilo arabat ko pikipikiyöt aa kilo ŋutuu lo luŋu a kasuguwök kilo a tiinda balak yi medda na ŋo' lo po bot ko lo poponda ŋerot koo kulu bes denda   di se kulo yegga yilo riyat lo'but kase ni lakin kulya kune liŋ anago' diŋitan kune liŋ twatwa kogboŋ naŋ kuwe lo ŋutu lo lu kenaddu kayit 'boŋ yilo ŋo' lo tikinda twatea lo lo'bijo parik lo ko 'dok ko kune' kulya kunök tindi do gbe nyöbulödugujö	1			Kuku	train	8.91946992864424		True	0.20138888888888884	False			False
eaf2feaa162e2c5b79c0a23abcdce106	32630	spontaneous-speech-ukv-32630.mp3	18288	4021	Ŋoʼ logoŋ perok liŋ tikinda ŋutuu bööböŋöjiʼ yi kikolin yi Uganga ni kulo a nyo?	 aa kikolin ti yuganda 'bayin a lo'but  ŋutu' lo wörö ko pikipikiyöt kolo wörö parik lo wörö ko arabat ku lo wörö parik a tikindi ŋutu' kulo yi böböŋöji diŋitan kune liŋ	1			Kuku	train	7.436570428696413		False	0.18674698795180722	False	4.060943334772491	0.150074294205052	True
03e89de29fa51f461c7ffb62db7c8e0d	32772	spontaneous-speech-ukv-32772.mp3	14616	4021	Ŋoʼ logoŋ perok liŋ tikinda ŋutuu bööböŋöjiʼ yi kikolin yi Uganga ni kulo a nyo?	ŋö narok nagoŋ tikinda ŋutu  boboŋogi' perotoliŋ na a momoro'tu ko 'borik kode' 'doro ko ŋo woriet 'be 'doro kode' kipikipik kode turumbili	1			Kuku	train	7.936507936507937		False	0.125	False	6.508319547244378	0.9531946508172363	False
e9dcd66d26b3932c353f71bcc8b69d92	33394	spontaneous-speech-ukv-33394.mp3	13320	4021	Ŋoʼ logoŋ perok liŋ tikinda ŋutuu bööböŋöjiʼ yi kikolin yi Uganga ni kulo a nyo?	wökö parik' kode' tikinda na töri logon lo 'bijo joonda 'doro'	1			Kuku	train	3.903903903903904		False	0.016949152542372836	False	5.178717755515298	0.6842496285289748	False
4b430d377aba6a707850db0b3318714e	33580	spontaneous-speech-ukv-33580.mp3	20628	4021	Ŋoʼ logoŋ perok liŋ tikinda ŋutuu bööböŋöjiʼ yi kikolin yi Uganga ni kulo a nyo?	ŋo' na tikinda ŋutu' böböŋöji' yi kikolin yi yuganda ni na kikolin kulo 'ba lo'but yala 'dok kulo ŋutuu lo wöwöki ko arabiya  ko lo wöwöki ko pikipiki kulo wöwöki parik a wöwöki madaŋ  yina tikind ŋutuu yi böböŋöji'	1			Kuku	train	8.483614504556913		False	0.28773584905660377	False	4.685153544512751	0.47325408618127784	True
a9f74c616d972aac0bc6d66da0be03d8	33678	spontaneous-speech-ukv-33678.mp3	6120	4021	Ŋoʼ logoŋ perok liŋ tikinda ŋutuu bööböŋöjiʼ yi kikolin yi Uganga ni kulo a nyo?	julo julö ko arabat a ko kipikipiyat 	1			Kuku	train	4.901960784313726		True	0.05882352941176472	False			False
8f02d83adfcef5096940ee32cf3acb24	34168	spontaneous-speech-ukv-34168.mp3	17856	4021	Ŋoʼ logoŋ perok liŋ tikinda ŋutuu bööböŋöjiʼ yi kikolin yi Uganga ni kulo a nyo?	ŋo jore kata logon tikinda ŋutu böböŋöji kega i kikölin kata ni parik nase na arabat kulo wörö ko wurö na jore murek nayit na kuga na 'borik i kikö ni 'ban	1			Kuku	train	6.944444444444444		False	0.10526315789473684	False	4.61512957587422	0.43016344725111444	True
c4b295f61c6417a48253b975d0db3dc3	29459	spontaneous-speech-ukv-29459.mp3	21276	4023	Tokore diŋit neneʼ nagoŋ do a jore ko lyöŋön dumaʼ. ʼBoŋ a nyo lo jowunda yina lyöŋön?	Diŋit nagoŋ nan a jore' ko lyöŋön duma' parik na, kega parik,  a diŋit natioŋ ko nan a jowunda nakwan, a nan meddi' kode' ŋo' liŋ nagoŋ a miinikin kune a ropa , koo ŋutu' na an naga  nan nyanyar lepeŋ parik	1			Kuku	train	7.661214514006392		False	0.14778325123152714	False	4.448696814547125	0.33580980683506684	True
d61dfa8687c5e5b0d0a9ab598550b381	30447	spontaneous-speech-ukv-30447.mp3	23940	4023	Tokore diŋit neneʼ nagoŋ do a jore ko lyöŋön dumaʼ. ʼBoŋ a nyo lo jowunda yina lyöŋön?	diŋit nene kan kata naŋ ŋiro nio a kayo na a pasi 'bura i siniya nŋwan 'boŋ ŋo na tikinda nan i liyöŋön parik na kogwon nan aje met di pete nio na kulya ti ŋerot i loki na sukulu kode kenda na  totojuki 'bura gbeŋge naŋ nan pedi na	1			Kuku	train	7.560568086883876		False	0.1228070175438597	False	6.101078244828025	0.9115898959881129	False
009983f810033d5152ddab92674ee038	31594	spontaneous-speech-ukv-31594.mp3	19620	4023	Tokore diŋit neneʼ nagoŋ do a jore ko lyöŋön dumaʼ. ʼBoŋ a nyo lo jowunda yina lyöŋön?	diŋit naŋ  nan a lyöŋön parik na a diŋit nan nan a ta'dunda ŋiro liyo togeleŋ lo  a nan Lyöŋi lyöŋön parik ko ŋun kogon lepeŋ 'dogga nan ko ŋiro logoŋ a ko lungu ropet kode ropesi  katani	1			Kuku	train	7.492354740061161		False	0.20108695652173914	False	5.144131500660718	0.6664190193164933	False
ddae0f97a9679a1d5120cea6086416fd	31616	spontaneous-speech-ukv-31616.mp3	21168	4023	Tokore diŋit neneʼ nagoŋ do a jore ko lyöŋön dumaʼ. ʼBoŋ a nyo lo jowunda yina lyöŋön?	diŋit nagon nan a liyöŋön parik na a diŋit nagon lubudi liyo i lor lo se ko lo ti kini loguya nan a liyöŋön parik 'ban madaŋ	1			Kuku	train	4.62962962962963		False	0.2479338842975206	False	4.834120407857976	0.5475482912332839	True
3595372adebe9fa78cb5dbf05ddc6d75	31772	spontaneous-speech-ukv-31772.mp3	15336	4023	Tokore diŋit neneʼ nagoŋ do a jore ko lyöŋön dumaʼ. ʼBoŋ a nyo lo jowunda yina lyöŋön?	ko nan gbon yi yolo na kölisi ti ŋun nan jore ko löŋön a duma a  na poonda ko ŋun	1			Kuku	train	3.9775691184141886		False	0.07692307692307687	False	7.3903868449149375	0.9910846953937593	False
b5f5d64520d7376baeef5ca553c0c675	32059	spontaneous-speech-ukv-32059.mp3	38916	4023	Tokore diŋit neneʼ nagoŋ do a jore ko lyöŋön dumaʼ. ʼBoŋ a nyo lo jowunda yina lyöŋön?	diŋit naŋ nan jore ko liyöŋö duma na kpake nagon nan ke tutungo level niyo na  senior  nŋan nan liyöŋön asandi kobgoŋ nan pujö yoŋesi jore 'n ye yeju afi nan a passi j lakin nan ko sorju naŋ nan passi 'bura a nan ke liyöŋö duma	1			Kuku	train	4.599650529345256		True	0.2232142857142857	False			False
21ddeb69bfd3e57ad4af5253b149dd0f	32086	spontaneous-speech-ukv-32086.mp3	19728	4023	Tokore diŋit neneʼ nagoŋ do a jore ko lyöŋön dumaʼ. ʼBoŋ a nyo lo jowunda yina lyöŋön?	a nene diŋit ŋo lo jonda liyöŋön duma parik kuwe i teili lo yani i diŋit nagon ko ŋiro a yuŋwe i na jonda liyöŋö duma i nene diŋit ko ŋiro aje tutungö sukulu i na jonda liyöŋön duma parik	1			Kuku	train	7.502027575020275		False	0.34782608695652173	False	4.681156007853187	0.46805349182763745	True
bc7de5ba8870d8cc13419daa6f9387f0	32138	spontaneous-speech-ukv-32138.mp3	13176	4023	Tokore diŋit neneʼ nagoŋ do a jore ko lyöŋön dumaʼ. ʼBoŋ a nyo lo jowunda yina lyöŋön?	um aa  saser nio po i 'yö'yu na nan aa tindi nan i löŋön parik yi na ŋo na gbak na jonda löŋön duma kuwe  töyili na	1			Kuku	train	6.602914389799635		False	0.1071428571428571	False	6.545884530725686	0.9583952451708767	False
403eb42cb6d7bf4e1ab0b5007a937e98	32249	spontaneous-speech-ukv-32249.mp3	18360	4023	Tokore diŋit neneʼ nagoŋ do a jore ko lyöŋön dumaʼ. ʼBoŋ a nyo lo jowunda yina lyöŋön?	si ko do bgoŋ i liyöŋon i diŋitan kune liŋ do 'dok toyinga murta kos ŋo na'but kata sukulu na'but kata ŋo na tutuliyöngu do na kata lakin ko 'ban nye nagoloŋ a yeŋit	1			Kuku	train	7.189542483660131		False	0.13580246913580252	False	6.007051298296768	0.899702823179792	False
eaf2feaa162e2c5b79c0a23abcdce106	32640	spontaneous-speech-ukv-32640.mp3	21420	4023	Tokore diŋit neneʼ nagoŋ do a jore ko lyöŋön dumaʼ. ʼBoŋ a nyo lo jowunda yina lyöŋön?	yi kiŋa lo elipu murek ko meria murek wot musala nan a momorani  kita nagon  tinda na  jonga na ŋojik kuwe kulo i sukulu nyená ŋojik kuwe kulo aje momorani kenda kogbon na ko  kita a nan robirobiri lepeŋat wa 'yena tida nan gbon ko löŋön kuwe i töili	1			Kuku	train	9.337068160597571		False	0.21285140562248994	False	5.142171632497847	0.6656760772659732	False
a9f74c616d972aac0bc6d66da0be03d8	33185	spontaneous-speech-ukv-33185.mp3	6300	4023	Tokore diŋit neneʼ nagoŋ do a jore ko lyöŋön dumaʼ. ʼBoŋ a nyo lo jowunda yina lyöŋön?	bgoŋ niyo i sukulu na a tikinda nan jore ko liyöŋön parik	1			Kuku	train	7.301587301587301		True	0.0	False			False
03e89de29fa51f461c7ffb62db7c8e0d	33481	spontaneous-speech-ukv-33481.mp3	19188	4023	Tokore diŋit neneʼ nagoŋ do a jore ko lyöŋön dumaʼ. ʼBoŋ a nyo lo jowunda yina lyöŋön?	diŋitan jore nagon nan jojore' ko lyöŋön a duma 'boŋ ŋo' na jonda yina lyöŋön na a momora ko ŋutuu logon ŋutu' 'ba momora ko diŋit najo' kode' ko nene' ŋo' na'but nagoŋ a kpnda 'börik a joondi yina lyöŋön	1			Kuku	train	8.59912445278299		False	0.23880597014925375	False	4.563006733647547	0.39598811292719166	True
4b430d377aba6a707850db0b3318714e	33657	spontaneous-speech-ukv-33657.mp3	24876	4023	Tokore diŋit neneʼ nagoŋ do a jore ko lyöŋön dumaʼ. ʼBoŋ a nyo lo jowunda yina lyöŋön?	ŋo' naŋ a tikinda nan a lyöŋön a duma'  na a diŋit naŋ ŋiro liyo' lo a 'dumundi ee ee ee waraga' nayit i sukulu yu a nan tukökini' di a pasi 'bura na a tikinda nan lyöŋön na 'bijo parik kogboŋ i den di gerot ni lo kokon ŋo' naŋ na'but a ŋarkindi ŋarakinda nan ko jur lo liŋ	1			Kuku	train	8.562469850458273		False	0.1962962962962963	False	4.79277594468386	0.5274888558692422	True
e9dcd66d26b3932c353f71bcc8b69d92	33777	spontaneous-speech-ukv-33777.mp3	10368	4023	Tokore diŋit neneʼ nagoŋ do a jore ko lyöŋön dumaʼ. ʼBoŋ a nyo lo jowunda yina lyöŋön?	ŋo na tinda do gboŋ ko lyöŋön na ŋo togeleŋ na do yiŋga di ŋiro let lo pasi'kase yi sukulu a do gbe ko lyöŋön	1			Kuku	train	8.198302469135802		False	0.14150943396226412	False	4.141400849537082	0.18424962852897475	True
8f02d83adfcef5096940ee32cf3acb24	34172	spontaneous-speech-ukv-34172.mp3	18288	4023	Tokore diŋit neneʼ nagoŋ do a jore ko lyöŋön dumaʼ. ʼBoŋ a nyo lo jowunda yina lyöŋön?	aa diŋitan jore nagon giti nan gboŋ ko löyöŋön 'boŋ ŋo lo jonda yi na löyöŋön na a gboŋ nagon ŋutu' gboŋ yi pirit na geleŋ ŋutu' jajambu 'bura  ŋutu' totoyiŋakin ko nyarji	1			Kuku	train	7.545931758530184		False	0.1785714285714286	False	3.948971621174767	0.10475482912332838	True
c4b295f61c6417a48253b975d0db3dc3	29599	spontaneous-speech-ukv-29599.mp3	18576	3909	Tokore ko mede nenut/nasu na na kunyarju jujumbu mede na dinyo.	mede nikaŋ na kunyarju kunyarju jambu mede na ko si'det lo ta si'daki kak poki i ŋo bgoge meeting a jambi a 'börik a na'but ko teiliko loke	1			Kuku	train	6.029285099052541		False	0.125	False	6.343883527867527	0.9405646359583952	False
d61dfa8687c5e5b0d0a9ab598550b381	30441	spontaneous-speech-ukv-30441.mp3	22356	3909	Tokore ko mede nenut/nasu na na kunyarju jujumbu mede na dinyo.	mede niyo na kunyarju kulya ti jujumbu i kikölin jore lele lo mede niyo na nyanyar jambu na 'busan na sukulu i kiden na ŋojik kode i kiden na ŋutu momoresi mede niyo na 'dok bgoŋ i tögu na ŋutu logon bgoŋ ko pusök na kenda	1			Kuku	train	7.917337627482555		False	0.24200913242009137	False	3.8078472492112887	0.0676077265973254	True
009983f810033d5152ddab92674ee038	31394	spontaneous-speech-ukv-31394.mp3	28296	3909	Tokore ko mede nenut/nasu na na kunyarju jujumbu mede na dinyo.	mede niyo' na  tukökindö ŋwajik kulo bgeyari lo kugga ko bgiyari lo kebbu na saresi ti ŋutulu lo wora anyen ko bubulö 'böria a ŋwajik lo'but kotumalu lo 'deba midijin kase	1			Kuku	train	4.947695787390444		False	0.11309523809523814	False	4.563026083561587	0.3967310549777117	True
21ddeb69bfd3e57ad4af5253b149dd0f	31694	spontaneous-speech-ukv-31694.mp3	22680	3909	Tokore ko mede nenut/nasu na na kunyarju jujumbu mede na dinyo.	do pujö di mede anyen ŋwajik kilo weweja denunda na kune ŋo' mede katani do pujö do yina kenda do totodin kenda  ko kuku a ne' diŋit do pujö naŋ di yolo do totodin koo kune a kwakwadu do  totodinkin 	1			Kuku	train	6.922398589065256		False	0.22448979591836737	False	4.366518639828541	0.3016344725111441	True
403eb42cb6d7bf4e1ab0b5007a937e98	31774	spontaneous-speech-ukv-31774.mp3	35388	3909	Tokore ko mede nenut/nasu na na kunyarju jujumbu mede na dinyo.	kenda na mede mindi ti ŋutu bge ko teiliko lo lilik 'ba lo loturö a ŋutu tikindi ŋutu kune i yunda a ta puji ŋo naŋ na'but nye na moronikin di iya ŋero ko lu a miŋe komonye kulo retete go di ti lepeŋ bge a ŋo lo'but  ma ko jakinda yi 'busan ko lepeŋ a ko ŋutu ni 'ba ko logeleŋ lakin ko di yi na 'busan a juwe' do 'dok lisa a yeŋit i lukata na mede	1			Kuku	train	7.60144681813044		True	0.2115942028985507	False			False
ddae0f97a9679a1d5120cea6086416fd	31821	spontaneous-speech-ukv-31821.mp3	14148	3909	Tokore ko mede nenut/nasu na na kunyarju jujumbu mede na dinyo.	a tokoret na'dit naŋ nan titikin na adi kodo jujumbu mede ti ta   bgo'de ko nyarju ti ta ŋarji ŋo kulo liŋ i pirit nageleŋ ma ta to'durundö ŋojik kasu kulo a lo'but	1			Kuku	train	9.188577890867968		False	0.07453416149068326	False	5.262002452572621	0.7139673105497771	False
bc7de5ba8870d8cc13419daa6f9387f0	32012	spontaneous-speech-ukv-32012.mp3	8856	3909	Tokore ko mede nenut/nasu na na kunyarju jujumbu mede na dinyo.	um ŋutu' ŋutu' gboŋ kayiŋanit na'but yala ŋutú 'dok gboŋ ŋutu' na jonda taliŋ mede kata 	1			Kuku	train	8.242999096657634		False	0.15116279069767447	False	4.4578461238738125	0.34323922734026746	True
b5f5d64520d7376baeef5ca553c0c675	32076	spontaneous-speech-ukv-32076.mp3	18900	3909	Tokore ko mede nenut/nasu na na kunyarju jujumbu mede na dinyo.	mede niyaŋ na tokökindö yi' di ti ŋutu' yiyiŋga kulya ti ŋuru' buubulö kuga na 'börik yala ti ŋutu' ŋaŋarakinda 'börik 'ben do kölökindö kita lo liŋ ŋutu' geleŋ tina 	1			Kuku	train	7.195767195767195		False	0.16564417177914115	False	4.49093635410559	0.3588410104011887	True
eaf2feaa162e2c5b79c0a23abcdce106	33429	spontaneous-speech-ukv-33429.mp3	20160	3909	Tokore ko mede nenut/nasu na na kunyarju jujumbu mede na dinyo.	mede na kunyarju ko jujumbu na mede na di togeleŋ ti ŋutuu kulo yiti' sukulu anyen lepeŋat po yi 'debba na mede a jone jo tiju na mede nase na köti ti si'dani' ko taliŋ ti si'dani ko nyarju yi pirit nageleŋ	1			Kuku	train	8.18452380952381		False	0.21674876847290636	False	4.208082918458649	0.22065378900445765	True
4b430d377aba6a707850db0b3318714e	33588	spontaneous-speech-ukv-33588.mp3	22860	3909	Tokore ko mede nenut/nasu na na kunyarju jujumbu mede na dinyo.	 ee ŋariyesi' nagoŋ nan jujukin takinda ŋutuu loŋ nyu' jujumbu mede kulo di ko lopeŋ gbe ko mede ti lepeŋ 'depe mede na ko nyarju yala ako taliŋ yala 'dok ti lepeŋ kikita parik yi pujö na gurusu naŋ ma sonyoni ŋwajik yi kenda	1			Kuku	train	7.917760279965004		False	0.11711711711711714	False	4.688184601313967	0.47622585438335807	True
a9f74c616d972aac0bc6d66da0be03d8	33766	spontaneous-speech-ukv-33766.mp3	9036	3909	Tokore ko mede nenut/nasu na na kunyarju jujumbu mede na dinyo.	ŋutu' lo weweja jujumbu na mede ko kiŋajin kulo a yenga puwök wot 'budak kode' ko ke' kurundö	1			Kuku	train	8.4108012394865		False	0.033333333333333326	False	5.548454568527325	0.7934621099554234	False
8f02d83adfcef5096940ee32cf3acb24	34262	spontaneous-speech-ukv-34262.mp3	16200	3909	Tokore ko mede nenut/nasu na na kunyarju jujumbu mede na dinyo.	yi' ku nyarju se kogon a miret ka se kokoni  murek nayit na yi' 'dok kunyarju naŋ di ti nyarju  na gbe'deŋe' a ŋerot i ŋo liŋ	1			Kuku	train	5.987654320987654		False	0.11475409836065575	False	4.724573088698801	0.49554234769687966	True
c4b295f61c6417a48253b975d0db3dc3	29588	spontaneous-speech-ukv-29588.mp3	20736	3916	Kenda na ŋona a ŋarakin mede nenut/nasu na dinyo yi konda na kita na ʼdolet kasu yi gboke ni, kodeʼ yi yeyeesiʼ ti ŋoʼ nagoŋ jur lo mimiindi konda?	Kenda na a ŋarakinda mede nikaŋ kode bgwoke logon yi gwon kata ni lo i kikölin jore parik yi ŋo bgonge ŋule lungu 'börik projects kode kune kitaesi nagon jounda gurusu kode jounda a a'durjö ii bgwoke ni kune liŋ kon	1			Kuku	train	8.439429012345679		False	0.1367924528301887	False	4.141526141401518	0.1849925705794948	True
21ddeb69bfd3e57ad4af5253b149dd0f	31444	spontaneous-speech-ukv-31444.mp3	31788	3916	Kenda na ŋona a ŋarakin mede nenut/nasu na dinyo yi konda na kita na ʼdolet kasu yi gboke ni, kodeʼ yi yeyeesiʼ ti ŋoʼ nagoŋ jur lo mimiindi konda?	'busan na sukulu na ŋarakinda  mede na ko ŋiro let kenda do puja naŋ di ŋiro let yani 'dukökindö do kadi yani ŋiro let nene diŋ a jondi a ko gbeji' yani a jibitalia kasu i gboke ni ŋiro let ko kenda do pujö naŋ di ŋaŋarakinda parik ko jur lo liŋ a tikindi ŋojik kulo gbe'de lo'but	1			Kuku	train	6.983767459418648		True	0.2635379061371841	False			False
ddae0f97a9679a1d5120cea6086416fd	31750	spontaneous-speech-ukv-31750.mp3	17676	3916	Kenda na ŋona a ŋarakin mede nenut/nasu na dinyo yi konda na kita na ʼdolet kasu yi gboke ni, kodeʼ yi yeyeesiʼ ti ŋoʼ nagoŋ jur lo mimiindi konda?	kenda na a konda ŋo' 'bulit parik kogbon ŋutuu ka'dolak gbe'de kata lo yiŋga yöyöŋesi' kaŋ lo yiŋga ŋo' nagon yi' mindi konda nye	1			Kuku	train	5.99683186241231		False	0.12698412698412698	False	4.352532642976474	0.2934621099554235	True
3595372adebe9fa78cb5dbf05ddc6d75	31788	spontaneous-speech-ukv-31788.mp3	16956	3916	Kenda na ŋona a ŋarakin mede nenut/nasu na dinyo yi konda na kita na ʼdolet kasu yi gboke ni, kodeʼ yi yeyeesiʼ ti ŋoʼ nagoŋ jur lo mimiindi konda?	kenda na kaŋ yi gboke ni ŋarakinda ŋutu' yi wurjö na ŋo' naŋ ŋutu' a luŋu yi konda 	1			Kuku	train	3.833451285680585		False	0.11250000000000004	False	3.460478800456919	0.018573551263001486	True
b5f5d64520d7376baeef5ca553c0c675	31826	spontaneous-speech-ukv-31826.mp3	15156	3916	Kenda na ŋona a ŋarakin mede nenut/nasu na dinyo yi konda na kita na ʼdolet kasu yi gboke ni, kodeʼ yi yeyeesiʼ ti ŋoʼ nagoŋ jur lo mimiindi konda?	a ŋarakinda i kpake na korja na ŋutulu i kitajin naŋ koo ködö konda se yala i 'do'ya na kitajin na kokona	1			Kuku	train	5.542359461599366		False	0.17647058823529416	False	4.838085440432848	0.5505200594353641	True
bc7de5ba8870d8cc13419daa6f9387f0	31976	spontaneous-speech-ukv-31976.mp3	9936	3916	Kenda na ŋona a ŋarakin mede nenut/nasu na dinyo yi konda na kita na ʼdolet kasu yi gboke ni, kodeʼ yi yeyeesiʼ ti ŋoʼ nagoŋ jur lo mimiindi konda?	kenda na jonda denda yela ko ŋutu' 'dok kata ko denda a ŋutu' 'dok gbwe ko taliŋ	1			Kuku	train	6.4412238325281805		False	0.24675324675324672	False	4.092500236592735	0.16047548291233285	True
009983f810033d5152ddab92674ee038	32089	spontaneous-speech-ukv-32089.mp3	17748	3916	Kenda na ŋona a ŋarakin mede nenut/nasu na dinyo yi konda na kita na ʼdolet kasu yi gboke ni, kodeʼ yi yeyeesiʼ ti ŋoʼ nagoŋ jur lo mimiindi konda?	kenda na a ŋarakinda nan i pujö na gurusu naŋ a tindi ŋutuu ti bgwoke kulo a yi poki yi jambu na kikölin ka'de ka'de loŋ yi bubulö komda yi pirit na geleŋ anyen yi' ŋarakinda 'börik yi gboke kata ni	1			Kuku	train	8.902411539328375		False	0.14871794871794874	False	3.5274699851931457	0.023031203566121844	True
403eb42cb6d7bf4e1ab0b5007a937e98	32255	spontaneous-speech-ukv-32255.mp3	25308	3916	Kenda na ŋona a ŋarakin mede nenut/nasu na dinyo yi konda na kita na ʼdolet kasu yi gboke ni, kodeʼ yi yeyeesiʼ ti ŋoʼ nagoŋ jur lo mimiindi konda?	ee sukulu na a na'but ŋaŋarakinda yi parik i gayerju na gbiyari liyaŋ lo mede ko gbiyari yi ŋutu kata ko gbiyari liyaŋyi usura ko do tu yi sukulu kune ŋo' nagon do mede di 'ba se kune a do lu medi bosit a do lu kondi konda gbenge naŋ mimiinikin na ko gurusutöt kata do konda liŋ 'duu'dun bge naŋ mindi na	1			Kuku	train	9.56219377272009		False	0.23920265780730898	False	5.581383194365582	0.8046062407132244	False
eaf2feaa162e2c5b79c0a23abcdce106	33299	spontaneous-speech-ukv-33299.mp3	20340	3916	Kenda na ŋona a ŋarakin mede nenut/nasu na dinyo yi konda na kita na ʼdolet kasu yi gboke ni, kodeʼ yi yeyeesiʼ ti ŋoʼ nagoŋ jur lo mimiindi konda?	kenda na a tikinda ŋutu kulo i 'dukö na kadijik nago' köti' a tikinda ŋutuu yi 'duggö na jibitalia köti' yi 'duggö na sukuluöt a tindi' ŋojik kulo bge 'bayin woro pajo i sukulwöt ko köti' ŋojik kulo bge ko tonyona ko sukulu	1			Kuku	train	8.898721730580137		False	0.3136363636363636	False	4.089956127390753	0.15973254086181277	True
a9f74c616d972aac0bc6d66da0be03d8	33663	spontaneous-speech-ukv-33663.mp3	9360	3916	Kenda na ŋona a ŋarakin mede nenut/nasu na dinyo yi konda na kita na ʼdolet kasu yi gboke ni, kodeʼ yi yeyeesiʼ ti ŋoʼ nagoŋ jur lo mimiindi konda?	kenda na tikinda ŋutu' koŋon naŋ ŋutu' 'doladi  ŋutulu kulo i gbokiyot ni	1			Kuku	train	6.410256410256411		False	0.09999999999999998	False	3.4601123729022483	0.017830609212481426	True
e9dcd66d26b3932c353f71bcc8b69d92	33736	spontaneous-speech-ukv-33736.mp3	11196	3916	Kenda na ŋona a ŋarakin mede nenut/nasu na dinyo yi konda na kita na ʼdolet kasu yi gboke ni, kodeʼ yi yeyeesiʼ ti ŋoʼ nagoŋ jur lo mimiindi konda?	kenda na a ŋarakinda parik yi ŋo' nabgoŋ bge sukuluwöt jibitaliyat a 'dukö nye na ŋarakindi ŋutuu kulo	2			Kuku	train	7.59199714183637		False	0.09090909090909094	False	3.370415438771507	0.01337295690936107	True
8f02d83adfcef5096940ee32cf3acb24	34158	spontaneous-speech-ukv-34158.mp3	15228	3916	Kenda na ŋona a ŋarakin mede nenut/nasu na dinyo yi konda na kita na ʼdolet kasu yi gboke ni, kodeʼ yi yeyeesiʼ ti ŋoʼ nagoŋ jur lo mimiindi konda?	kenda na ŋarakinda bgoke likaŋ lo i meda naŋ di ŋojik kaŋ kulo a kenda yala mede niyaŋ na 'dok bge ko ka'dolak kata logon bubulö 'doladu kobgoŋ kuly ti kenda	1			Kuku	train	8.339900183871816		False	0.11688311688311692	False	3.751789119125933	0.057206537890044575	True
c4b295f61c6417a48253b975d0db3dc3	29508	spontaneous-speech-ukv-29508.mp3	21780	3989	Ŋoʼ narok kune a nyo nagoŋ ŋutuʼ pupu yi ŋarju na toroʼboʼ gboso leleŋesiʼ?	ŋara na leleŋesi na jakinda ŋutu ayan kega parik ayan lo so'bi i lo lo sokan lo luŋu a silimu a jakindi ŋutu kulye retö madi ko epatitis b kilo a ayina lo jakinda ŋutu kode logon ŋutu pupun i rima kata kodo 'dungö 'börik	1			Kuku	train	8.08080808080808		False	0.17972350230414746	False	5.189295573668625	0.6864784546805349	False
d61dfa8687c5e5b0d0a9ab598550b381	30372	spontaneous-speech-ukv-30372.mp3	21060	3989	Ŋoʼ narok kune a nyo nagoŋ ŋutuʼ pupu yi ŋarju na toroʼboʼ gboso leleŋesiʼ?	ŋarju na toro'bo' gboso leleŋesi' na naron kogbon tikinda ŋutu' kode' titikinda ŋutu' yi 'bulundö na ret lo logoŋ gboŋ yi rima gboso ret sokan ko ebola ko kule'	1			Kuku	train	6.267806267806268		False	0.14649681528662417	False	4.708513916480067	0.48811292719167904	True
403eb42cb6d7bf4e1ab0b5007a937e98	31522	spontaneous-speech-ukv-31522.mp3	52308	3989	Ŋoʼ narok kune a nyo nagoŋ ŋutuʼ pupu yi ŋarju na toroʼboʼ gboso leleŋesiʼ?	''*****ŋo narok nagon yi pujö i ŋarju na ŋo' gbe leleŋesi' leleŋesi kulo jonda ayanyan gbeŋge ko silim ko ŋo' lo pupuö yi rima leleŋet lo 'beron mini 'beron a tukö di 'ben ŋutu' ŋaŋarju leleŋet wale ko lowe ŋo' loŋ 'bulundö 'biyet na ŋutu' koke' 'ba leleŋet geleŋ ŋo' jore tiyanan ŋutuu kulo a denda yilo ret kata gbe silim 'ba silim geleŋ retö jore loŋ pupujö 'börik i kilo ŋo' ama nagon ko ta si'daji' yi piritön nagon ta 'ba den lakin ŋutuu gboŋ yi tukuruki' tiyanana na todinesi' kata ama juk yi ŋo' kine mugunya na ponda i todindo kine totodino kolo ŋo i jibitalijin ŋutu tutukuruki köti ŋara na ŋo na 'ba na'but	1			Kuku	train	9.577884835971552		True	0.2785016286644951	False			False
b5f5d64520d7376baeef5ca553c0c675	31735	spontaneous-speech-ukv-31735.mp3	20700	3989	Ŋoʼ narok kune a nyo nagoŋ ŋutuʼ pupu yi ŋarju na toroʼboʼ gboso leleŋesiʼ?	ŋaraju na torobo gbesi ti leleŋesi na a naron asan ko do 'duŋö do pupujö ayaniko lorok parik bge ko silimu ko hipatatis bi logon a lorok parik	1			Kuku	train	5.555555555555555		False	0.1079136690647482	False	5.858649759179362	0.8722139673105498	False
bc7de5ba8870d8cc13419daa6f9387f0	31787	spontaneous-speech-ukv-31787.mp3	22968	3989	Ŋoʼ narok kune a nyo nagoŋ ŋutuʼ pupu yi ŋarju na toroʼboʼ gboso leleŋesiʼ?	aa ŋutu' deden di ŋutu kata ko ret lo 'biyet na kija nene diŋit na ŋutu pujö di kak nasa  lilik do ŋiŋira yela kuwe let 'o diŋit kune liŋ do toyiŋga di 'de'dekan yaa a töyili let lo 'dok 'bitdi di wulek wulek wulek yi na do deden di do kata ko ret lo biyet	1			Kuku	train	8.707767328456983		False	0.23320158102766797	False	5.674925299921103	0.8328380386329867	False
ddae0f97a9679a1d5120cea6086416fd	32005	spontaneous-speech-ukv-32005.mp3	21996	3989	Ŋoʼ narok kune a nyo nagoŋ ŋutuʼ pupu yi ŋarju na toroʼboʼ gboso leleŋesiʼ?	a toro'bo gbeŋge leleŋesi' ködö nyöbulo ŋara kogboŋ ko do ŋarju ŋo' gbeŋge leleŋesi' ko ŋutu' logon gboŋ ko ret lo so'bi a ko morji ko 'biyet net na a do mokani yilo ret	2			Kuku	train	6.182942353155118		False	0.19277108433734935	False	4.585186032392929	0.41084695393759285	True
4b430d377aba6a707850db0b3318714e	32680	spontaneous-speech-ukv-32680.mp3	5940	3989	Ŋoʼ narok kune a nyo nagoŋ ŋutuʼ pupu yi ŋarju na toroʼboʼ gboso leleŋesiʼ?	tuwanti ló so'bi 	1			Kuku	train	2.525252525252525	transcription-length	True	0.0	False			False
03e89de29fa51f461c7ffb62db7c8e0d	32756	spontaneous-speech-ukv-32756.mp3	16776	3989	Ŋoʼ narok kune a nyo nagoŋ ŋutuʼ pupu yi ŋarju na toroʼboʼ gboso leleŋesiʼ?	ŋo narok naŋ ŋutu pupu i tokitaju na toro'bo bgwoso leleŋesi na a puundo na ret loŋ do pouun i tokitaju na i lo leleŋet bgeti ret lo sokan	1			Kuku	train	6.5569861707200765		False	0.18518518518518523	False	5.338329498023698	0.7355126300148589	False
eaf2feaa162e2c5b79c0a23abcdce106	33268	spontaneous-speech-ukv-33268.mp3	8388	3989	Ŋoʼ narok kune a nyo nagoŋ ŋutuʼ pupu yi ŋarju na toroʼboʼ gboso leleŋesiʼ?	ko narok nagon ŋutú pupu i ŋarjú na toro'bó gboso lelegesi kune a pujö na retoó kadekadé logon ŋutú lo tokitajú kiló toro'bó kuló gboŋ ko se ret gbegé so'bi ŋutú wewejá pujö i 'biyet na ŋutú lo gboŋ ko ilo ret	1			Kuku	train	21.936099189318075		False	0.21621621621621623	False	5.265668656012115	0.7147102526002972	False
e9dcd66d26b3932c353f71bcc8b69d92	33384	spontaneous-speech-ukv-33384.mp3	12780	3989	Ŋoʼ narok kune a nyo nagoŋ ŋutuʼ pupu yi ŋarju na toroʼboʼ gboso leleŋesiʼ?	ŋara na ŋo na leleŋesi a naron kogwon do puundo ayanyan ŋo bgenge ti silim	1			Kuku	train	4.694835680751173		False	0.04225352112676062	False	5.699132063713551	0.836552748885587	False
c4b295f61c6417a48253b975d0db3dc3	29737	spontaneous-speech-ukv-29737.mp3	13320	3968	Nan de den gilötti lo mogga ŋutuu luwaliyan yi pirit kulaaet ʼberon dinyo?	Ko pirit kulayet na pipika kode mimiyen a na a joŋani yi jibitali kode yi pirit na wini a metani katani kode ayan kata kode 'ban	1			Kuku	train	7.732732732732733		False	0.19999999999999996	False	4.710411008188609	0.4888558692421991	True
d61dfa8687c5e5b0d0a9ab598550b381	30406	spontaneous-speech-ukv-30406.mp3	25596	3968	Nan de den gilötti lo mogga ŋutuu luwaliyan yi pirit kulaaet ʼberon dinyo?	Dena na giloti lo moga ŋutu' luwaliyan i pirit kulayet 'beron na a titimba na puri' na i lo kulayet kode ko i lo kulayet mimiyen kode ko lepeŋ lo suluja welan kode ŋona ko kukula rima na poonda kune poonda   ko 'butet	1			Kuku	train	6.758868573214564		False	0.2149532710280374	False	5.097663881505835	0.6515601783060921	False
3595372adebe9fa78cb5dbf05ddc6d75	31476	spontaneous-speech-ukv-31476.mp3	9036	3968	Nan de den gilötti lo mogga ŋutuu luwaliyan yi pirit kulaaet ʼberon dinyo?	nan denda togeleŋ kula kune sasa'yu ko pirit kulyet lo pupuri' 'dok	1			Kuku	train	6.19743249225321		False	0.015625	False	4.347300549472025	0.2890044576523031	True
bc7de5ba8870d8cc13419daa6f9387f0	31743	spontaneous-speech-ukv-31743.mp3	22140	3968	Nan de den gilötti lo mogga ŋutuu luwaliyan yi pirit kulaaet ʼberon dinyo?	a liyan kulo mindi ti koko kulo diŋitan kune liŋ ti koko wöwör i jibitaliya manyen koko ti tema mugun na ŋutu na liŋ do tetema retö kulo liŋ a memeta a de'dena di ayan lo lolo ayan lo lolo nyena do 'diri deden ko do lo'but kode do ayan	1			Kuku	train	8.401084010840108		False	0.22413793103448276	False	5.23950992111434	0.7080237741456167	False
ddae0f97a9679a1d5120cea6086416fd	31957	spontaneous-speech-ukv-31957.mp3	22176	3968	Nan de den gilötti lo mogga ŋutuu luwaliyan yi pirit kulaaet ʼberon dinyo?	ko do a do bgulu'ya di pirit kulyet nenut pupuri a mimiyen ŋo bge 'butöt popo kata ni ti bge a loke a do köti itini i meda na doktor i kadi na wini anyen do ŋaŋaraki	1			Kuku	train	5.817099567099566		False	0.08024691358024694	False	5.907049882909921	0.8781575037147102	False
b5f5d64520d7376baeef5ca553c0c675	32123	spontaneous-speech-ukv-32123.mp3	15480	3968	Nan de den gilötti lo mogga ŋutuu luwaliyan yi pirit kulaaet ʼberon dinyo?	Ko pirit na yawun kode puru welan do pipi lepeŋ lo di mimiyen dia a miyen ko di a miyen do i sekiŋe sekiŋ 	2			Kuku	train	5.297157622739018		False	0.18446601941747576	False	7.441020406426239	0.9925705794947994	False
403eb42cb6d7bf4e1ab0b5007a937e98	32135	spontaneous-speech-ukv-32135.mp3	25668	3968	Nan de den gilötti lo mogga ŋutuu luwaliyan yi pirit kulaaet ʼberon dinyo?	a mede na ko ŋutu a toyinga mugun a ŋutu na na'but kode' ko lele ŋo welun bgenge kole lo juwe do tu i jibitali kilo ŋo lo welun tina kulo ko do 'ba denakin i lupundö a i lo ret loron lo go ilo karein kayit kune n a denda ko kuku lakin a logon loron lo iya ŋo loŋ welun ilo toyinga miyen do ti i jibitali	1			Kuku	train	9.155368552283		False	0.20999999999999996	False	5.086889704154588	0.6471025260029718	False
009983f810033d5152ddab92674ee038	32212	spontaneous-speech-ukv-32212.mp3	14868	3968	Nan de den gilötti lo mogga ŋutuu luwaliyan yi pirit kulaaet ʼberon dinyo?	togeleŋ na ko ŋutu' luwalet lo tu kula yiŋga miyen yi diŋit nayit na kula na tomiyesi' kata parik tomurek ko pirit na a welan	2			Kuku	train	6.793112725316115		False	0.11475409836065575	False	3.912945088505775	0.09583952451708767	True
21ddeb69bfd3e57ad4af5253b149dd0f	32441	spontaneous-speech-ukv-32441.mp3	12996	3968	Nan de den gilötti lo mogga ŋutuu luwaliyan yi pirit kulaaet ʼberon dinyo?	nan ti den ko ŋutu luwalet ŋona tomiyö ada ko ret lo kulayet kobgon nan ti den ko tomijö ada	2			Kuku	train	5.61711295783318		False	0.1797752808988764	False	5.390315557128171	0.74962852897474	False
eaf2feaa162e2c5b79c0a23abcdce106	33178	spontaneous-speech-ukv-33178.mp3	11016	3968	Nan de den gilötti lo mogga ŋutuu luwaliyan yi pirit kulaaet ʼberon dinyo?	nan tu i tema diŋitan kune liŋ i jibitalia anyen nan deden gilöti lo moga ŋutu liyan i pirit kulayet	1			Kuku	train	7.352941176470588		False	0.010309278350515427	False	4.594643022750341	0.4197622585438336	True
4b430d377aba6a707850db0b3318714e	33360	spontaneous-speech-ukv-33360.mp3	20808	3968	Nan de den gilötti lo mogga ŋutuu luwaliyan yi pirit kulaaet ʼberon dinyo?	laliyan kulo ti iti tu i jibitaliya ma tu memeta ko jibitaliya ko ŋo lo nyo lo tomijö koko a koko 'dok punpu e wini ma tuŋajo koko	1			Kuku	train	4.950019223375625		False	0.20472440944881887	False	5.672468271336793	0.8313521545319466	False
a9f74c616d972aac0bc6d66da0be03d8	33609	spontaneous-speech-ukv-33609.mp3	7740	3968	Nan de den gilötti lo mogga ŋutuu luwaliyan yi pirit kulaaet ʼberon dinyo?	tu na ŋutu' luwalet lo i meta yi pirit na wini 	1			Kuku	train	4.651162790697675		False	0.022727272727272707	False	3.8581973480457807	0.08098068350668648	True
e9dcd66d26b3932c353f71bcc8b69d92	33807	spontaneous-speech-ukv-33807.mp3	7416	3968	Nan de den gilötti lo mogga ŋutuu luwaliyan yi pirit kulaaet ʼberon dinyo?	i diŋit nagon do kukula kula kune miminyen maratbkula konuk kune pounda wasaka	1			Kuku	train	8.89967637540453		False	0.1333333333333333	False	5.7038370894925405	0.8387815750371471	False
8f02d83adfcef5096940ee32cf3acb24	34297	spontaneous-speech-ukv-34297.mp3	20376	3968	Nan de den gilötti lo mogga ŋutuu luwaliyan yi pirit kulaaet ʼberon dinyo?	gilöti lo moga ŋutu luwalet lo i pirit kulayet lo titima i kikölin jore geleŋ na lepeŋ lo titima ko welan murek na titima köti ko miyen 'boŋ kilo a kikölin lo titimani i lo gilöti 	1			Kuku	train	7.067137809187279		False	0.22598870056497178	False	4.875517792127833	0.5609212481426449	True
d61dfa8687c5e5b0d0a9ab598550b381	30254	spontaneous-speech-ukv-30254.mp3	32616	3914	Mede nenut/nasu na a mörju yi gboŋ yi pirit na geleŋ yi tigga na togolonyon ti puwo na kenda na dinyo?	mede mede nio na a mörju parik i tengu na togolonyon ti puö na sukulu I kiköline jore geleŋ na yi a tomorja 'borik  geleŋ anyen bubulo tötöködu na ŋot ŋwajik  liŋ logon bgwo i sukulu kulo i tutungö na sukul sukulu na se na murek nait na yi diŋitan liŋ yi bgebge'ya gurusu kaŋ kune i pirit na geleŋ anyen ŋutuu' logon mi'indi tika lo a yi ŋaŋarakin lepeŋ anyen bubulo roba na ŋuro lonyit lo i sukulu	1			Kuku	train	9.74981604120677		True	0.2253164556962025	False			False
ddae0f97a9679a1d5120cea6086416fd	31454	spontaneous-speech-ukv-31454.mp3	22968	3914	Mede nenut/nasu na a mörju yi gboŋ yi pirit na geleŋ yi tigga na togolonyon ti puwo na kenda na dinyo?	yi yi' gboŋge mede yi kukurju a yi' puji' taripatat nagon yi sondiri ŋojik kaŋ kulo i kenda anyen ko karakinda yi' yi na ŋo' nagon a tikinda yi' gboŋ a logo' anyen tigga  togolon na puwö na kenda	1			Kuku	train	6.792058516196447		False	0.16666666666666663	False	5.0645006635179906	0.637444279346211	False
3595372adebe9fa78cb5dbf05ddc6d75	31462	spontaneous-speech-ukv-31462.mp3	12276	3914	Mede nenut/nasu na a mörju yi gboŋ yi pirit na geleŋ yi tigga na togolonyon ti puwo na kenda na dinyo?	mede niyaŋ   na  sasirik kaŋ kune ko luŋasirik kaŋ kune morja a ŋo geleŋ yi ŋarakinda na ŋwajik kaŋ  yi kenda	1			Kuku	train	6.924079504724666		False	0.18867924528301883	False	3.7387799854260884	0.05646359583952452	True
21ddeb69bfd3e57ad4af5253b149dd0f	32036	spontaneous-speech-ukv-32036.mp3	26496	3914	Mede nenut/nasu na a mörju yi gboŋ yi pirit na geleŋ yi tigga na togolonyon ti puwo na kenda na dinyo?	to geleŋ  na a punda yi pirit na geleŋ 	1			Kuku	train	1.0945048309178742	transcription-length	False	0.13888888888888884	False	3.0340566415017904	0.0029717682020802376	True
009983f810033d5152ddab92674ee038	32077	spontaneous-speech-ukv-32077.mp3	22536	3914	Mede nenut/nasu na a mörju yi gboŋ yi pirit na geleŋ yi tigga na togolonyon ti puwo na kenda na dinyo?	mede niyo' na a möröju yi ga'yu  na gurusu yi pirit nageleŋ  yi ga'yu na melesino na kukuru anyen yi tugborju kinyo kulo a yi robi ŋojik kulo yi sukulu tomurek yi' köti a möröju yi gboŋ yi momoresi' na 'delani gurusu a kine gurusu a yi' ko korji' yi 'dutet na kiŋa anyen yi' ŋarakindi ŋojik	1			Kuku	train	10.294639687610934		False	0.23344947735191635	False	4.4529858952321835	0.3387815750371471	True
bc7de5ba8870d8cc13419daa6f9387f0	32118	spontaneous-speech-ukv-32118.mp3	12420	3914	Mede nenut/nasu na a mörju yi gboŋ yi pirit na geleŋ yi tigga na togolonyon ti puwo na kenda na dinyo?	umm  nan ko kaŋaranit liyo' lo yi' konda bisinesi leru  'dok yi kukurju a yi' puji' gurusu na sonyoni ŋojik sukulu	1			Kuku	train	7.407407407407407		False	0.018018018018018056	False	6.01817488166455	0.9026745913818722	False
b5f5d64520d7376baeef5ca553c0c675	32256	spontaneous-speech-ukv-32256.mp3	23580	3914	Mede nenut/nasu na a mörju yi gboŋ yi pirit na geleŋ yi tigga na togolonyon ti puwo na kenda na dinyo?	ko kulo a mörju gboŋ i pirit na geleŋ i diŋit na tögölönyön asani toyinŋakin kata 'börik nase yala ŋaŋara na kitajin 'dok i pirit na geleŋ na nye na tinda ko bubulö gboŋ yi pirit nageleŋ  jadu yi diŋit na go'	2			Kuku	train	7.039864291772688		False	0.224390243902439	False	4.16259284381026	0.19910846953937592	True
03e89de29fa51f461c7ffb62db7c8e0d	32824	spontaneous-speech-ukv-32824.mp3	18036	3914	Mede nenut/nasu na a mörju yi gboŋ yi pirit na geleŋ yi tigga na togolonyon ti puwo na kenda na dinyo?	mede niyo na kode niyaŋ na a morju togu na luŋaserik logon ti bulö roba na gurusu ti sukulu ko bgebgelakinda lepeŋ anyen lepeŋ roroba gurusu ti ŋojik wa 	1			Kuku	train	6.875138611665557		False	0.1466666666666666	False	4.317382432285849	0.27563150074294207	True
4b430d377aba6a707850db0b3318714e	33050	spontaneous-speech-ukv-33050.mp3	20016	3914	Mede nenut/nasu na a mörju yi gboŋ yi pirit na geleŋ yi tigga na togolonyon ti puwo na kenda na dinyo?	a 'n ŋarakinda mede niyo na i kikölin jore ma ko weweja tu i sukulu i kenda bgorokindö na galam a ko ga'yu na gurusu na roropani katodinok kulo	1			Kuku	train	5.745403677058353		False	0.07857142857142863	False	4.116995115407917	0.1760772659732541	True
e9dcd66d26b3932c353f71bcc8b69d92	33629	spontaneous-speech-ukv-33629.mp3	19116	3914	Mede nenut/nasu na a mörju yi gboŋ yi pirit na geleŋ yi tigga na togolonyon ti puwo na kenda na dinyo?	mede nenut kode' nasu yi morju yi pirit na geleŋ na a konda na biyasara a ko lejaleja	1			Kuku	train	3.557229545930111		False	0.09756097560975607	False	5.087798068337685	0.6478454680534919	False
a9f74c616d972aac0bc6d66da0be03d8	33720	spontaneous-speech-ukv-33720.mp3	6876	3914	Mede nenut/nasu na a mörju yi gboŋ yi pirit na geleŋ yi tigga na togolonyon ti puwo na kenda na dinyo?	rijö ma könisi' a tikindi' ŋutulu yi kenda	1			Kuku	train	5.090168702734148		False	0.0	False	4.567290588205805	0.40044576523031206	True
8f02d83adfcef5096940ee32cf3acb24	34266	spontaneous-speech-ukv-34266.mp3	17208	3914	Mede nenut/nasu na a mörju yi gboŋ yi pirit na geleŋ yi tigga na togolonyon ti puwo na kenda na dinyo?	anyen yi tiga kine togolonyön ti kita kune yi jounda yeyiyesi kaŋ kune i pirit na geleŋ a yi medi kona yi puundö ŋariet na di nyo i togu na kenda na	1			Kuku	train	6.7991631799163175		False	0.08275862068965523	False	5.423406997750756	0.7563150074294205	False
c4b295f61c6417a48253b975d0db3dc3	29499	spontaneous-speech-ukv-29499.mp3	19008	3964	Nan ŋona bubulö toŋoga miyen na perok ti yapa dinyo a mede mede?	perok ti yapa kulo 'bu'bulö teŋgú kegá parik kó tomijä parik ko ŋutú tu jibitalia a ŋutú puji wini a galakini winii a dó nye meda miyen parik a nye toyiŋa miyen parik	1			Kuku	train	7.417929292929293		False	0.1823529411764706	False	4.864818955667847	0.5586924219910847	True
d61dfa8687c5e5b0d0a9ab598550b381	30218	spontaneous-speech-ukv-30218.mp3	18180	3964	Nan ŋona bubulö toŋoga miyen na perok ti yapa dinyo a mede mede?	Winikö kaŋ kata ti mu'diŋ logon bubulo tengu aaa tomiyet nap nap na perok ti yapa kilo winiko bubulö mata anyen ŋarajkinda ŋuto nagon i ŋöngana	1			Kuku	train	6.490649064906491		False	0.07857142857142863	False	5.941028073483367	0.8848439821693908	False
ddae0f97a9679a1d5120cea6086416fd	31919	spontaneous-speech-ukv-31919.mp3	18036	3964	Nan ŋona bubulö toŋoga miyen na perok ti yapa dinyo a mede mede?	na miiyen na perok ti yapá ko möju na piyoŋ na pape köti' makerenda ko kaya a do mötöddi' mötöddu anyen teŋgu miyen	1			Kuku	train	5.211798624972277		False	0.11504424778761058	False	5.983040807176691	0.8945022288261516	False
3595372adebe9fa78cb5dbf05ddc6d75	31932	spontaneous-speech-ukv-31932.mp3	12996	3964	Nan ŋona bubulö toŋoga miyen na perok ti yapa dinyo a mede mede?	perok kuwe' ti yapa 'bayi miyen tinda nan a yiŋga miyen	1			Kuku	train	3.4626038781163437		False	0.05769230769230771	False	5.214735054165593	0.6953937592867756	False
b5f5d64520d7376baeef5ca553c0c675	32189	spontaneous-speech-ukv-32189.mp3	40320	3964	Nan ŋona bubulö toŋoga miyen na perok ti yapa dinyo a mede mede?	'n turakinda piöŋ na pape i cupa kata a tindi' kwe yi moit ni i sa'yu na moit kwe kulo nye naŋ lu 'biyet loŋ kode kun rima naŋ ke runga 'börik gbe na go kune lalagu 'börik a ko kune pondi koke' ni a miyen na nu de ro'roroga 'börik kode' ko 'ba tina 'nmoju wini lo kak loŋ ŋaŋarakinda a miyena na nye yoŋga  a miyen na yooyoŋg	1			Kuku	train	6.324404761904762		True	0.20186335403726707	False			False
bc7de5ba8870d8cc13419daa6f9387f0	32209	spontaneous-speech-ukv-32209.mp3	9468	3964	Nan ŋona bubulö toŋoga miyen na perok ti yapa dinyo a mede mede?	nan 'n moju luguöni logon nan a toyinga miyen i perok ti yapa	1			Kuku	train	5.175327418673426		False	0.017241379310344862	False	5.806790494414975	0.8595839524517088	False
21ddeb69bfd3e57ad4af5253b149dd0f	32284	spontaneous-speech-ukv-32284.mp3	12600	3964	Nan ŋona bubulö toŋoga miyen na perok ti yapa dinyo a mede mede?	 aa yina miyen na moyit  do weweja möju na  piyoŋ na pape' anyen tonoŋga i na miiyen na parik na	1			Kuku	train	5.8730158730158735		False	0.15053763440860213	False	5.372106988762673	0.7451708766716196	False
403eb42cb6d7bf4e1ab0b5007a937e98	32305	spontaneous-speech-ukv-32305.mp3	15768	3964	Nan ŋona bubulö toŋoga miyen na perok ti yapa dinyo a mede mede?	moyit kolök ti yapa ko mimiiyen ko perok  liŋ ko ŋo 'ban loŋ   do mamat  a do  matandi piyoŋ  a noŋenoŋan	1			Kuku	train	5.0101471334348044		False	0.0490196078431373	False	6.808568047319285	0.9702823179791976	False
eaf2feaa162e2c5b79c0a23abcdce106	33390	spontaneous-speech-ukv-33390.mp3	12600	3964	Nan ŋona bubulö toŋoga miyen na perok ti yapa dinyo a mede mede?	nan de tnnoŋga miyen na yapa a mede mede ko a suluja do waju sukar nadon a do möji' möju a ŋarakinidi' ŋarakinda na do	2			Kuku	train	7.46031746031746		False	0.11304347826086958	False	6.009030628617258	0.9004457652303121	False
4b430d377aba6a707850db0b3318714e	33492	spontaneous-speech-ukv-33492.mp3	19836	3964	Nan ŋona bubulö toŋoga miyen na perok ti yapa dinyo a mede mede?	a ee do tonoŋga miyen na perok ti yapa na ko do waju sukar ko piöŋ a do matadi matadu a mede mede i na 'dok tiinda miyen kukujun kak	1			Kuku	train	5.19257914902198		False	0.13953488372093026	False	6.874471863810268	0.9762258543833581	False
03e89de29fa51f461c7ffb62db7c8e0d	33504	spontaneous-speech-ukv-33504.mp3	13356	3964	Nan ŋona bubulö toŋoga miyen na perok ti yapa dinyo a mede mede?	nan bubulö togbo'ya na miyen na perok ti yapa  a mede mede  ko wi'yö na winikö ti kak	1			Kuku	train	4.941599281221923		False	0.07317073170731703	False	4.861778122810903	0.5572065378900446	True
a9f74c616d972aac0bc6d66da0be03d8	33688	spontaneous-speech-ukv-33688.mp3	7308	3964	Nan ŋona bubulö toŋoga miyen na perok ti yapa dinyo a mede mede?	moju na piöŋ napape anyen yo'ya moyit koluk	1			Kuku	train	4.926108374384237		False	0.0	False	6.695510628469943	0.9658246656760773	False
03e89de29fa51f461c7ffb62db7c8e0d	30114	spontaneous-speech-ukv-30114.mp3	3996	4015	Ŋo wöriyet logoŋ  ropa kuʼdik lo a nyo?	ŋo woriyet na ropa ku'dik na a gari	1			Kuku	train	7.007007007007007		True	0.03125	False			False
d61dfa8687c5e5b0d0a9ab598550b381	30420	spontaneous-speech-ukv-30420.mp3	7056	4015	Ŋo wöriyet logoŋ  ropa kuʼdik lo a nyo?	ŋo woriyet logoŋ ropá gurusu ku'dik lo a gari 	1			Kuku	train	5.385487528344672		False	0.0	False	4.594000093946031	0.4182763744427935	True
bc7de5ba8870d8cc13419daa6f9387f0	31459	spontaneous-speech-ukv-31459.mp3	21996	4015	Ŋo wöriyet logoŋ  ropa kuʼdik lo a nyo?	ŋo' logon woriet ropa ku'dik lo a gari yani gari na ŋutu a 'bugö jasi kata ni ŋone do nu rorokadu ilo ŋo loŋ ropa ku'dik lo	1			Kuku	train	4.409892707765048		False	0.125	False	5.827824071886476	0.8640416047548292	False
21ddeb69bfd3e57ad4af5253b149dd0f	31671	spontaneous-speech-ukv-31671.mp3	20700	4015	Ŋo wöriyet logoŋ  ropa kuʼdik lo a nyo?	yani kiko' lo 'but logoŋgiti anyen gurusutöt neet́  na a tu na'bijo parik na a warö ko arabiya aa nee' diŋit ko mokosi' nee' diŋit ko pikipiki nee diŋit ko garii i na kiko lo'but logoŋgiti a gurusutöt na a tu na'bijo na	1			Kuku	train	8.502415458937199		False	0.30092592592592593	False	5.078648226613467	0.6419019316493314	False
3595372adebe9fa78cb5dbf05ddc6d75	31683	spontaneous-speech-ukv-31683.mp3	9396	4015	Ŋo wöriyet logoŋ  ropa kuʼdik lo a nyo?	ŋo' wöriyet lo gurusu ku'dik lo a gari	1			Kuku	train	3.2992762877820345		False	0.02857142857142858	False	4.740734382498841	0.5022288261515602	True
ddae0f97a9679a1d5120cea6086416fd	31753	spontaneous-speech-ukv-31753.mp3	10908	4015	Ŋo wöriyet logoŋ  ropa kuʼdik lo a nyo?	iye ŋo' wariet nagon ropa kune na  a boda lo gari  a ko pikipiki	1			Kuku	train	4.492115878254492		False	0.032786885245901676	False	7.226518822260401	0.9888558692421991	False
009983f810033d5152ddab92674ee038	32275	spontaneous-speech-ukv-32275.mp3	8856	4015	Ŋo wöriyet logoŋ  ropa kuʼdik lo a nyo?	ŋo' wöriyet lo ropa ku'dik lo a gari	2			Kuku	train	3.274616079494128		False	0.030303030303030276	False	5.377494172539179	0.7466567607726597	False
eaf2feaa162e2c5b79c0a23abcdce106	33036	spontaneous-speech-ukv-33036.mp3	6660	4015	Ŋo wöriyet logoŋ  ropa kuʼdik lo a nyo?	boda boda logon ropa ku'dik i woronikin	1			Kuku	train	4.954954954954955		False	0.05555555555555558	False	6.317578239547718	0.9353640416047548	False
a9f74c616d972aac0bc6d66da0be03d8	33305	spontaneous-speech-ukv-33305.mp3	5148	4015	Ŋo wöriyet logoŋ  ropa kuʼdik lo a nyo?	ŋo gboso ki'boo a ko arabia loŋ ropa bösit	1			Kuku	train	6.798756798756799		True	0.0	False			False
4b430d377aba6a707850db0b3318714e	33427	spontaneous-speech-ukv-33427.mp3	19620	4015	Ŋo wöriyet logoŋ  ropa kuʼdik lo a nyo?	ŋo woriet loŋ ropa ku'dik lo a gari ko do woro ko gari gurusutöt na do a roba na'bijö i lo kaŋ i bgwoke ni nye logon a ŋo lo do woro ko nye ko gurut ku'dik	1			Kuku	train	6.065239551478084		False	0.19736842105263153	False	5.363843551491393	0.7414561664190193	False
e9dcd66d26b3932c353f71bcc8b69d92	33773	spontaneous-speech-ukv-33773.mp3	7056	4015	Ŋo wöriyet logoŋ  ropa kuʼdik lo a nyo?	ŋo lo wora ŋo lo wöriet lo ropa ku'dik lo a piki piki	1			Kuku	train	5.810657596371882		False	0.16000000000000003	False	5.666636719755214	0.8283803863298663	False
8f02d83adfcef5096940ee32cf3acb24	34288	spontaneous-speech-ukv-34288.mp3	12708	4015	Ŋo wöriyet logoŋ  ropa kuʼdik lo a nyo?	ŋo wariyat logoŋiti ŋo kegá ropá   kutik parik kaŋ i gboke ni lo a gari lopeŋ na ropá gurut kune kutik 	1			Kuku	train	6.53131885426503		False	0.08737864077669899	False	6.523192720147998	0.9546805349182764	False
c4b295f61c6417a48253b975d0db3dc3	29385	spontaneous-speech-ukv-29385.mp3	22788	3990	Nan ŋona bubulö rereŋgu reto lo mogga ʼböriköt kulo dinyo?	Reto lo mogga 'borikot kulo rereŋo yi kikolin jore . Kiko' togeleŋ a nyoi na ŋo' gbo ge lemunyo matunda ,ko kule' logon lo luŋgu 'borik a puruts  kulo , kilo a tikindi' 'borikot na ŋutu' na si'dani 'bura a gbe'de  ,ko kuwo nake	1			Kuku	train	7.986659645427418		False	0.1026785714285714	False	5.585965450726663	0.8053491827637445	False
d61dfa8687c5e5b0d0a9ab598550b381	30261	spontaneous-speech-ukv-30261.mp3	23688	3990	Nan ŋona bubulö rereŋgu reto lo mogga ʼböriköt kulo dinyo?	nan bubulö rereŋgu reto logoŋ mogga 'böriköt lo ŋutu' yi kiko' lo tiju na mugun na ŋutu' na nakye' 'bakan na yöŋisi' murek nayit na ŋutu' 'dok bubulö tiki' suki' na wini logoŋ rereŋoni kilo reto	1			Kuku	train	6.712259371833841		False	0.17801047120418845	False	4.055387606627335	0.14561664190193166	True
bc7de5ba8870d8cc13419daa6f9387f0	31549	spontaneous-speech-ukv-31549.mp3	21708	3990	Nan ŋona bubulö rereŋgu reto lo mogga ʼböriköt kulo dinyo?	nan rereŋgu reto lo mogga mugun niyo' na yi diŋit na kudu aa ko kuwö yi warna paran kotyaŋ 'boŋ 'dok ŋutu' kuwö ko söbun ko poddu namugun na ŋutu' na 'bura' 'ba di do poddu asan do  na rurumba do joŋga diŋit yi kuwö ni nyena ŋutu' a moka	1			Kuku	train	8.614335728763589		False	0.18803418803418803	False	5.525979117824836	0.7860326894502229	False
ddae0f97a9679a1d5120cea6086416fd	31648	spontaneous-speech-ukv-31648.mp3	21996	3990	Nan ŋona bubulö rereŋgu reto lo mogga ʼböriköt kulo dinyo?	ret lo 'böriköt rereŋo ko gboŋ a nakye' tokelan ti do kuöni' kuwö yi diŋitan kune liŋ anyen do köti 'dok tu yi kadi na wini yi medda na diktor anyen ŋarakinda do	2			Kuku	train	5.864702673213311		False	0.06329113924050633	False	4.891998804252961	0.5698365527488856	True
009983f810033d5152ddab92674ee038	31715	spontaneous-speech-ukv-31715.mp3	13428	3990	Nan ŋona bubulö rereŋgu reto lo mogga ʼböriköt kulo dinyo?	ret lo 'börikot lo yi rerengu ko kuwö i diŋitan liŋ a lake tomurek ti yi totoni i piritön nagolongiti a nake	1			Kuku	train	6.478999106344951		False	0.02857142857142858	False	4.8544633972093	0.5549777117384844	True
3595372adebe9fa78cb5dbf05ddc6d75	31801	spontaneous-speech-ukv-31801.mp3	16308	3990	Nan ŋona bubulö rereŋgu reto lo mogga ʼböriköt kulo dinyo?	ŋutu' tengu reto ti 'böriköt kulo ti ŋutu' kukuwö nake a ŋutu' welani wela ko welet	1			Kuku	train	4.169732646553839		False	0.15000000000000002	False	5.579164993038373	0.8038632986627043	False
403eb42cb6d7bf4e1ab0b5007a937e98	32105	spontaneous-speech-ukv-32105.mp3	27828	3990	Nan ŋona bubulö rereŋgu reto lo mogga ʼböriköt kulo dinyo?	á kilo ayanyan i gboŋ i tegu ko kulya ti piyoŋ ti kudú gboge ti ŋutú rokoni kamuka kode soksi kilo lo ŋo lo luŋu dia nyo ayan lo 'bärikat lo i lo ayan lo lupunda i piyoŋ lulupundä i 'diŋit na kudú lakin ko ŋutú 'ba retete momoga ko ŋojik ti ŋutú kulo liŋ 	1			Kuku	train	7.474486129078626		False	0.22307692307692306	False	5.751159387628646	0.8469539375928677	False
21ddeb69bfd3e57ad4af5253b149dd0f	32418	spontaneous-speech-ukv-32418.mp3	20448	3990	Nan ŋona bubulö rereŋgu reto lo mogga ʼböriköt kulo dinyo?	kikölin rereŋesi ti i lo ayan lo'böriköt lo do rerengu yani 'ben do ŋaŋarju bongolan ti do kuwöni kuwö a ti do yani tine ti mugun net na diŋitan liŋ ko kuwö	1			Kuku	train	6.113067292644757		False	0.13725490196078427	False	5.258064653567093	0.7132243684992571	False
4b430d377aba6a707850db0b3318714e	32999	spontaneous-speech-ukv-32999.mp3	20736	3990	Nan ŋona bubulö rereŋgu reto lo mogga ʼböriköt kulo dinyo?	um 'bu'bulä reregu kilo retó i gboŋ naŋ ta a ŋaraju kalaya naŋ kuwet kode ko lipa loŋ do kukuwani ko ŋutu lo gboŋ ko i lo ret nyenaŋ tidá a pujä i lo ret miidi dó kita ko kalya naŋ a nenut geleng 	1			Kuku	train	7.571373456790123		False	0.13131313131313127	False	6.556343361118541	0.9606240713224369	False
eaf2feaa162e2c5b79c0a23abcdce106	33083	spontaneous-speech-ukv-33083.mp3	9540	3990	Nan ŋona bubulö rereŋgu reto lo mogga ʼböriköt kulo dinyo?	uret  lo mogga 'böriköt lo bubulö rereŋo ko kuwö a nake' diŋitan kune liŋ	1			Kuku	train	6.184486373165618		False	0.014285714285714235	False	4.427527528612736	0.32392273402674593	True
a9f74c616d972aac0bc6d66da0be03d8	33764	spontaneous-speech-ukv-33764.mp3	4356	3990	Nan ŋona bubulö rereŋgu reto lo mogga ʼböriköt kulo dinyo?	kuwö i diŋitan liŋ 	1			Kuku	train	3.443526170798898		True	0.0	False			False
8f02d83adfcef5096940ee32cf3acb24	34305	spontaneous-speech-ukv-34305.mp3	19116	3990	Nan ŋona bubulö rereŋgu reto lo mogga ʼböriköt kulo dinyo?	kilo reto yi rereŋgu yi kikolin jore sma geleŋ na yi' rereŋgu kilo kokolin kega parik i kuwö i diŋitan kune liŋ i gnoŋ a  makye' nyenagon ŋutu' reereŋ kiloret logoŋ mogga ŋutu' yi 'böriköt kilo	1			Kuku	train	8.213015275162167		False	0.12105263157894741	False	4.505848937713463	0.3640416047548291	True
d61dfa8687c5e5b0d0a9ab598550b381	28642	spontaneous-speech-ukv-28642.mp3	13248	3922	Kasu yi ʼbgwoke ni, koloki na ŋwajik na wate yi kenda na ŋona a lewuda dinyo yi kilo kiŋanjin liŋ?	i kilo kiŋajin liŋ ŋojik nagoŋ ŋojik nawate nagoŋ a kölöki' kenda kune a je lewuda i kikolin jore koko deneden tiju na 'barik 	1			Kuku	train	7.69927536231884		False	0.09756097560975607	False	4.244983294197781	0.2384843982169391	True
3595372adebe9fa78cb5dbf05ddc6d75	31452	spontaneous-speech-ukv-31452.mp3	9540	3922	Kasu yi ʼbgwoke ni, koloki na ŋwajik na wate yi kenda na ŋona a lewuda dinyo yi kilo kiŋanjin liŋ?	a na'but ŋojilk kaaŋ nawate kune se na to'durjö jur liyaŋ lo a to'durji' midijin kase kune	1			Kuku	train	7.7568134171907746		False	0.10344827586206895	False	4.11527975017159	0.17533432392273401	True
403eb42cb6d7bf4e1ab0b5007a937e98	31534	spontaneous-speech-ukv-31534.mp3	56556	3922	Kasu yi ʼbgwoke ni, koloki na ŋwajik na wate yi kenda na ŋona a lewuda dinyo yi kilo kiŋanjin liŋ?	tiyanana ŋojik kune wöröni wörö sukulu koju na adi ko'ben wöwörö sukulu yu jambi jambbu englisi ko kune bge bgoŋ ko bgoro ge naŋ ta medi na kine ŋutu naŋ kuwesi kaŋ ti wate kune jambu jambu ko bgoro i suket na ŋutu kata lakin kan na yak kune a jambu ko bgoro i suket na ŋutu lakin kan na ŋutu a jambu ama 'busan na kenda na a lupundö nye na yi na tiyanana ko ŋojik konu a kenda murek musala do bgoŋ a kalyöŋöni ko suket na ŋutu lo  momorja bgoŋ a kalyöŋö kega ko ŋutu loŋ a kusik kaŋ ti kulya ko kulya ti miri na ponda ko lo medi denden wurjö dende jambu ko bgoro' logo i ŋo kata yu koju na yi nyobulö jambu ama tiyana ŋo kune bge na'but	1			Kuku	train	8.876158144140321		True	0.41955835962145105	False			False
b5f5d64520d7376baeef5ca553c0c675	31857	spontaneous-speech-ukv-31857.mp3	35028	3922	Kasu yi ʼbgwoke ni, koloki na ŋwajik na wate yi kenda na ŋona a lewuda dinyo yi kilo kiŋanjin liŋ?	ŋojik nawate kunr tiyana se na töggi midijin kase kune ko laliyan kase ko kulo 'ban ŋo' gbe 'ban na ryaka na wate ko laliyan kase ko kulo ke' tuwan yala 'dok koo a ŋarakinda wa' yala wate kune tiyana 'dok se na to'durji nidijin kase ko kune 'du'dukö rorba ŋojik kase ko kulo ko luŋasiri ko sasirik kase koko mede yu	1			Kuku	train	7.251341783715885		True	0.3589743589743589	False			False
bc7de5ba8870d8cc13419daa6f9387f0	31921	spontaneous-speech-ukv-31921.mp3	21960	3922	Kasu yi ʼbgwoke ni, koloki na ŋwajik na wate yi kenda na ŋona a lewuda dinyo yi kilo kiŋanjin liŋ?	a do pujö di kenda na ŋojik na wate na ŋarakinda kikolin jore kune kune saa ko na wate aka'dolak do pujö di ka'dolak sala ŋaŋ gbokiyot yu ko na 'dolaudu  ŋutu' ya ko  ŋarakinda ̇yi 'durjö na jur liyaŋ lo liŋ kine 'dok ko  kulya ti kenda	1			Kuku	train	8.469945355191257		False	0.23605150214592274	False	4.020460411937587	0.12704309063893016	True
ddae0f97a9679a1d5120cea6086416fd	32011	spontaneous-speech-ukv-32011.mp3	20016	3922	Kasu yi ʼbgwoke ni, koloki na ŋwajik na wate yi kenda na ŋona a lewuda dinyo yi kilo kiŋanjin liŋ?	kenda na wate na tiyanana aje lewusa 'bang gwenge kiŋajin koji kule kulo logon Adi ŋojik na wate kune adi si'da mede kode a kenda koŋajin kaŋ ti tiyana kulo ŋojik na wate kune koko kendi kase yi pusök  ŋo nagpn ko miindi konda nye na	1			Kuku	train	9.342525979216626		False	0.21739130434782605	False	4.654167103741074	0.4509658246656761	True
21ddeb69bfd3e57ad4af5253b149dd0f	32435	spontaneous-speech-ukv-32435.mp3	19296	3922	Kasu yi ʼbgwoke ni, koloki na ŋwajik na wate yi kenda na ŋona a lewuda dinyo yi kilo kiŋanjin liŋ?	gayiret kata nagon ko do tokenda ŋiro nanaŋwan ŋiro nanaŋwan deden mede na se na ko pujo gurusutöt nyanyar ŋarakinda na mede na se na parik	1			Kuku	train	5.907960199004975		False	0.22058823529411764	False	4.195231167639262	0.21471025260029716	True
e9dcd66d26b3932c353f71bcc8b69d92	32826	spontaneous-speech-ukv-32826.mp3	14436	3922	Kasu yi ʼbgwoke ni, koloki na ŋwajik na wate yi kenda na ŋona a lewuda dinyo yi kilo kiŋanjin liŋ?	Tiyana wate kune bge yi jujukin roba na ŋwajik kase yi sukulu kode' koko kune tuutunyöju ŋwajik kase	1			Kuku	train	5.749515101136049		False	0.14432989690721654	False	4.438290782218363	0.3291233283803863	True
eaf2feaa162e2c5b79c0a23abcdce106	32995	spontaneous-speech-ukv-32995.mp3	22500	3922	Kasu yi ʼbgwoke ni, koloki na ŋwajik na wate yi kenda na ŋona a lewuda dinyo yi kilo kiŋanjin liŋ?	a kälaki na ŋojik na wate i kenda na a lewuda i gboke ni i kiko logoŋ ŋojik na wate kune tiyana sondisondu ŋojin kase i sukulu lepeŋat kitanikita i opisyat na 'bijokok nagoŋ lepeŋ a momorani momorani gurusu käti lepeŋat todurji todurjö midijin kase 	1			Kuku	train	9.155555555555557		False	0.20564516129032262	False	4.19219202457919	0.2139673105497771	True
4b430d377aba6a707850db0b3318714e	33055	spontaneous-speech-ukv-33055.mp3	22356	3922	Kasu yi ʼbgwoke ni, koloki na ŋwajik na wate yi kenda na ŋona a lewuda dinyo yi kilo kiŋanjin liŋ?	Kine gayeresi a tikinda ŋojik liŋ nawate kune ko laliyan  ti sukulu na jonda gayeresi jore  parik ŋojik na wate kune  deneden kulya ti tokelen yela 'dok kenda na tiyanana 'dok titikin kune ŋojik na wate kune yi kenda kana	1			Kuku	train	8.006799069601001		False	0.26146788990825687	False	3.795721430393709	0.06686478454680535	True
03e89de29fa51f461c7ffb62db7c8e0d	33439	spontaneous-speech-ukv-33439.mp3	19656	3922	Kasu yi ʼbgwoke ni, koloki na ŋwajik na wate yi kenda na ŋona a lewuda dinyo yi kilo kiŋanjin liŋ?	kölöki na ŋojik nawate yi kenda na a lewuda yi kulo kiŋajin liŋ ni kogbon ŋiro nanakwan na ko kenda jounda tö'duret i jur ni kode ko do tokenda ŋiro nanakwan na do a tokenda jur 'bukulung	1			Kuku	train	7.834757834757835		False	0.22459893048128343	False	4.8286845412247	0.5445765230312035	True
a9f74c616d972aac0bc6d66da0be03d8	33540	spontaneous-speech-ukv-33540.mp3	6300	3922	Kasu yi ʼbgwoke ni, koloki na ŋwajik na wate yi kenda na ŋona a lewuda dinyo yi kilo kiŋanjin liŋ?	tikinda koko i denda na ŋo jore	1			Kuku	train	3.968253968253968		True	0.0357142857142857	False			False
8f02d83adfcef5096940ee32cf3acb24	34325	spontaneous-speech-ukv-34325.mp3	15588	3922	Kasu yi ʼbgwoke ni, koloki na ŋwajik na wate yi kenda na ŋona a lewuda dinyo yi kilo kiŋanjin liŋ?	Kölöki' na ŋojik nawate yi kenda na lewudda yi kikolin jore kegga yi kulo kiŋajin na i medda di midijin kune tiyana tökö ko ŋojik na wate	1			Kuku	train	7.12086220169361		False	0.12686567164179108	False	4.322015593318313	0.27786032689450224	True
c4b295f61c6417a48253b975d0db3dc3	29704	spontaneous-speech-ukv-29704.mp3	18828	3929	Gboke losu lo ŋona konda nyo yi töggu na ŋojik lo kekenda kulo ko midijin kase kune kase yi kenda ni?	ko mose ŋojik kulo meda kilo ŋojik logon koko aje yuŋun kulo a koko medi' se a koko leru yiti' ŋerot kase a ko mose kase kulo yiti' ŋerot leru kase kenda yi kenda tojo ko koko a  tutuŋundö a koko bulöndi pokin kade medijin	2			Kuku	train	9.40089228808158		False	0.319634703196347	False	5.525259618156367	0.7852897473997028	False
403eb42cb6d7bf4e1ab0b5007a937e98	31400	spontaneous-speech-ukv-31400.mp3	31248	3929	Gboke losu lo ŋona konda nyo yi töggu na ŋojik lo kekenda kulo ko midijin kase kune kase yi kenda ni?	gboke lo ŋaraki ko kedimen lo a lepeŋ tundi ŋutú loŋ lo bäot kulo kulo ŋutú logoŋ  elders i gboke ni kulo lo 'boat kulo a koko pedi ko ŋutú kulo ŋaraki dinyo ŋojik lo gboŋ i kenda kulo asan mimidi suwe na kenisi i gboge ŋutú ti jur i gboke loŋ i gboŋ kata ni lo 	1			Kuku	train	6.688428059395801		True	0.28409090909090906	False			False
3595372adebe9fa78cb5dbf05ddc6d75	31401	spontaneous-speech-ukv-31401.mp3	12888	3929	Gboke losu lo ŋona konda nyo yi töggu na ŋojik lo kekenda kulo ko midijin kase kune kase yi kenda ni?	koko kodö ŋarakinda ŋojik kulo yi pujö na kita amanyen se bbubulö ŋarakinda na midijin kase kune 	1			Kuku	train	6.207324643078833		False	0.1063829787234043	False	3.1768346847599243	0.004457652303120356	True
ddae0f97a9679a1d5120cea6086416fd	31838	spontaneous-speech-ukv-31838.mp3	21888	3929	Gboke losu lo ŋona konda nyo yi töggu na ŋojik lo kekenda kulo ko midijin kase kune kase yi kenda ni?	gboke likaŋ lo a todindö ŋojik kulo yi gboŋ 'bura' ŋojik kulo ti nyare nyar 'börik ko ti ŋojik kulo ti kendi' kenda anyen ŋarakinda midijin kase	2			Kuku	train	5.391081871345029		False	0.2056737588652482	False	3.6950644382253066	0.046805349182763745	True
bc7de5ba8870d8cc13419daa6f9387f0	31954	spontaneous-speech-ukv-31954.mp3	9576	3929	Gboke losu lo ŋona konda nyo yi töggu na ŋojik lo kekenda kulo ko midijin kase kune kase yi kenda ni?	gboke lo ŋarakinda ŋojik kulo ko kukuwesi na'bit  manyen koko tutu yi kenda a numara sukulu na ŋo nagon 'ba bibiret	1			Kuku	train	9.816207184628237		False	0.017857142857142905	False	4.485844194396288	0.3558692421991085	True
009983f810033d5152ddab92674ee038	32081	spontaneous-speech-ukv-32081.mp3	14256	3929	Gboke losu lo ŋona konda nyo yi töggu na ŋojik lo kekenda kulo ko midijin kase kune kase yi kenda ni?	gboke liyaŋ lo tunda ŋojik pirit na geleŋ a tindi' kukuwesi' na tikinda ŋojik kulo yi gbon ko pusök na sukulu na kenda	1			Kuku	train	6.7340067340067336		False	0.09565217391304348	False	3.4681464118155763	0.020059435364041606	True
21ddeb69bfd3e57ad4af5253b149dd0f	32388	spontaneous-speech-ukv-32388.mp3	19836	3929	Gboke losu lo ŋona konda nyo yi töggu na ŋojik lo kekenda kulo ko midijin kase kune kase yi kenda ni?	a yani kominiti na ŋarakinda kulo ŋojik logon i sukulu ni kulo ko ŋolik ko ŋo bgenge ko bukan anyen togu kenda na se ko anyen tu ŋerot kule ŋarakinda ko gurustöt nagongiti ropakin	1			Kuku	train	7.360354910264165		False	0.17613636363636365	False	4.298654024916644	0.2659732540861813	True
a9f74c616d972aac0bc6d66da0be03d8	32778	spontaneous-speech-ukv-32778.mp3	14976	3929	Gboke losu lo ŋona konda nyo yi töggu na ŋojik lo kekenda kulo ko midijin kase kune kase yi kenda ni?	pipo kilo weweja tinda na kukuwesi i ŋutulu lo bgoŋ i sukulu loŋ ko midijin manyen koko weweja meda na midijin kase ko lubudiyöt kase i pirit na geleŋ	1			Kuku	train	8.146367521367521		False	0.15646258503401356	False	4.014385035129012	0.12407132243684993	True
4b430d377aba6a707850db0b3318714e	32964	spontaneous-speech-ukv-32964.mp3	23508	3929	Gboke losu lo ŋona konda nyo yi töggu na ŋojik lo kekenda kulo ko midijin kase kune kase yi kenda ni?	ee midijin kaŋ kune a ŋarakinda parik i ŋojik lo 'di'dik yi  kulya ti kenda ka'de' ŋutuu kulo  mindi tutuköki' to'bibin na sukulu na ko nyo ko do 'ban takin koko ko kulo a denda ama ko do tukaökin kokó to'bibin na sukulu a ko deneden di a sukulu na a na'but parik mindi ti nan 'dok yiti' tu 'dok yi sukulu 	2			Kuku	train	10.336906584992343		False	0.2532894736842105	False	4.4506870350284915	0.337295690936107	True
e9dcd66d26b3932c353f71bcc8b69d92	33060	spontaneous-speech-ukv-33060.mp3	18216	3929	Gboke losu lo ŋona konda nyo yi töggu na ŋojik lo kekenda kulo ko midijin kase kune kase yi kenda ni?	do kukukinda ŋojik kulo ŋo' naŋ na'but a nyen koko 'debiri 'barik  kode' do kukukinda koko ti gbo'deŋe yi sukulu asan sukulu na a mokim 	1			Kuku	train	6.038647342995168		False	0.13533834586466165	False	4.877034783076022	0.562407132243685	True
03e89de29fa51f461c7ffb62db7c8e0d	33260	spontaneous-speech-ukv-33260.mp3	11160	3929	Gboke losu lo ŋona konda nyo yi töggu na ŋojik lo kekenda kulo ko midijin kase kune kase yi kenda ni?	gboke liyaŋ lo tengu ŋwajik na kekenda kune kogwon naŋ 'ban i ropa na gurusu ti sukulu	1			Kuku	train	6.272401433691757		False	0.012048192771084376	False	4.223845027340894	0.22585438335809807	True
eaf2feaa162e2c5b79c0a23abcdce106	33368	spontaneous-speech-ukv-33368.mp3	15516	3929	Gboke losu lo ŋona konda nyo yi töggu na ŋojik lo kekenda kulo ko midijin kase kune kase yi kenda ni?	gboke lo  lawija loŋoyo lo 	1			Kuku	train	1.3534416086620262	transcription-length	False	0.04166666666666663	False	9.89345683706943	1.0	False
8f02d83adfcef5096940ee32cf3acb24	34294	spontaneous-speech-ukv-34294.mp3	9756	3929	Gboke losu lo ŋona konda nyo yi töggu na ŋojik lo kekenda kulo ko midijin kase kune kase yi kenda ni?	ŋo jore naŋ giti gboke liyaŋ lo kokon geleŋ nayit na di a gboke lo ti tugi	1			Kuku	train	5.945059450594506		False	0.08450704225352113	False	5.177783056783471	0.6835066864784547	False
c4b295f61c6417a48253b975d0db3dc3	29415	spontaneous-speech-ukv-29415.mp3	23148	3981	Kenda na ŋona a ŋarakinda mede nenut na yi gboŋ a jo, kodeʼ yi konda na kitajin ti jur dinyo?	kenda na ŋarakinda nan kode' mede niyo' na yi gno'dikin kogboŋ nan bubulö 'dughö nan kadi nan bubulö gbörö na kule' wönyön laga kode' ŋo laga kode lo ŋarakinda jur kode' nan bubulö ŋaju na bijinesi ko'de tujariya	1			Kuku	train	7.56004838430966		False	0.26315789473684215	False	4.650447799602447	0.4487369985141159	True
d61dfa8687c5e5b0d0a9ab598550b381	30403	spontaneous-speech-ukv-30403.mp3	23148	3981	Kenda na ŋona a ŋarakinda mede nenut na yi gboŋ a jo, kodeʼ yi konda na kitajin ti jur dinyo?	kenda na a ŋarakinds mede niyo' yi gboŋ a jo kode' yi konda na ŋonagoŋ ködö mimiinikin yi kona yi jur ni gboŋ koko yiyiŋ loŋiyo lo layiya kulo ko se kulu yi rediyo ko kulu kena yi bukan  kulu yi nyo 'boŋ koko 'dok dene den 'bulit na morakind yi konda na kitajin ti jur na 	1			Kuku	train	9.244859167098667		False	0.22304832713754652	False	5.0381646115334995	0.6277860326894502	False
21ddeb69bfd3e57ad4af5253b149dd0f	31760	spontaneous-speech-ukv-31760.mp3	19008	3981	Kenda na ŋona a ŋarakinda mede nenut na yi gboŋ a jo, kodeʼ yi konda na kitajin ti jur dinyo?	sukulu aje ŋarakin mede niyaŋ parik kobgoŋ nan aje 'dukökindö kadi a nan weja weja galakina na 'börik na kita anyen nan tutunyoju 'börik	1			Kuku	train	5.94486531986532		False	0.1278195488721805	False	4.683027109049442	0.46953937592867756	True
ddae0f97a9679a1d5120cea6086416fd	31814	spontaneous-speech-ukv-31814.mp3	15660	3981	Kenda na ŋona a ŋarakinda mede nenut na yi gboŋ a jo, kodeʼ yi konda na kitajin ti jur dinyo?	e kenda a ŋarakinda mede na i liwa go' ko liwa jo i konda na kitajin nagon 'dok ŋarakimda jur lo	1			Kuku	train	4.853128991060026		False	0.10752688172043012	False	4.779703445330308	0.5208023774145617	True
009983f810033d5152ddab92674ee038	31841	spontaneous-speech-ukv-31841.mp3	20340	3981	Kenda na ŋona a ŋarakinda mede nenut na yi gboŋ a jo, kodeʼ yi konda na kitajin ti jur dinyo?	kenda na a ŋarakinda nan i tunda na ŋutulu i todinikindö na koko na metesi ti 'depa na midijin ka'de ka'de	1			Kuku	train	4.2281219272369714		False	0.16504854368932043	False	3.600900567846806	0.029717682020802376	True
403eb42cb6d7bf4e1ab0b5007a937e98	32000	spontaneous-speech-ukv-32000.mp3	32400	3981	Kenda na ŋona a ŋarakinda mede nenut na yi gboŋ a jo, kodeʼ yi konda na kitajin ti jur dinyo?	tokena na ŋutu' ns a tinda ŋutu kulo tiyana gboŋ a lowat yi kita yii pirit na luŋuba sirika ko arabi kikita 'dok yi piritön naŋ geŋge do 'du'dumunda lon 'dok kwaddu na gurusutöt do ruruköki kogboŋ do kenda asan ŋutu kulo den di do lowat a ko kule' ŋo' loŋ do kikita 'fok yi kine piritön nagoŋ nabot nabot kine do ruruköki liŋ a nyo a yina kenda na geleŋ na	1			Kuku	train	8.796296296296296		True	0.2606232294617564	False			False
bc7de5ba8870d8cc13419daa6f9387f0	32235	spontaneous-speech-ukv-32235.mp3	11520	3981	Kenda na ŋona a ŋarakinda mede nenut na yi gboŋ a jo, kodeʼ yi konda na kitajin ti jur dinyo?	a tinda nan gboŋ ko denesi' i ŋo' ka'de ka'de' na 'dok 'n konakinda 'börik na to'duröni jur	1			Kuku	train	6.423611111111112		False	0.06818181818181823	False	4.086141245870101	0.1589895988112927	True
4b430d377aba6a707850db0b3318714e	32854	spontaneous-speech-ukv-32854.mp3	14040	3981	Kenda na ŋona a ŋarakinda mede nenut na yi gboŋ a jo, kodeʼ yi konda na kitajin ti jur dinyo?	kenda na a 'bulit duma ŋarakinda mede niyo na i denda na kulya ti to kelan yala ko jur liyo lo i denda na kulya ti tokelan	1			Kuku	train	6.837606837606837		False	0.25210084033613445	False	3.646322194064731	0.036404160475482915	True
eaf2feaa162e2c5b79c0a23abcdce106	32951	spontaneous-speech-ukv-32951.mp3	21276	3981	Kenda na ŋona a ŋarakinda mede nenut na yi gboŋ a jo, kodeʼ yi konda na kitajin ti jur dinyo?	kenda na a tikinda ŋutú kaŋ ti mede kulo i momorani na kitajin kadekade käti  jojo tägu na kitajin ti jur kode ti gboke lo käti a tinda gboke lo a je 'dukä gboke lo gbe a lo'but ŋutú kulo si'dani ko taliŋ ŋojik liŋ i ti sukulu 	1			Kuku	train	8.648242150780222		False	0.21304347826086956	False	4.305833636021799	0.26820208023774145	True
e9dcd66d26b3932c353f71bcc8b69d92	33126	spontaneous-speech-ukv-33126.mp3	14976	3981	Kenda na ŋona a ŋarakinda mede nenut na yi gboŋ a jo, kodeʼ yi konda na kitajin ti jur dinyo?	ken ken kenda na a ŋarakinda nan mede niyö na yesi yesu a na'but kinyö kata logon ŋojik kulo yesi yesu ŋojik kulo kekenda	1			Kuku	train	6.543803418803418		False	0.2457627118644068	False	3.9150078013054057	0.09732540861812779	True
03e89de29fa51f461c7ffb62db7c8e0d	33181	spontaneous-speech-ukv-33181.mp3	10296	3981	Kenda na ŋona a ŋarakinda mede nenut na yi gboŋ a jo, kodeʼ yi konda na kitajin ti jur dinyo?	kenda na a ŋarakinda mede niyo kode niyaŋ kode yi konda na kitajin ti jur gbog  ko kebu na saresi 	1			Kuku	train	7.478632478632479		False	0.12631578947368416	False	3.939531314957633	0.10326894502228826	True
a9f74c616d972aac0bc6d66da0be03d8	33546	spontaneous-speech-ukv-33546.mp3	8748	3981	Kenda na ŋona a ŋarakinda mede nenut na yi gboŋ a jo, kodeʼ yi konda na kitajin ti jur dinyo?	tikinda ŋutu i denda na ŋo na luduko a ŋutu to'durji bgokiyöt ti ŋutulu	1			Kuku	train	6.6300868770004575		False	0.11764705882352944	False	4.347309019948022	0.2897473997028232	True
8f02d83adfcef5096940ee32cf3acb24	34284	spontaneous-speech-ukv-34284.mp3	12600	3981	Kenda na ŋona a ŋarakinda mede nenut na yi gboŋ a jo, kodeʼ yi konda na kitajin ti jur dinyo?	kenda na a ŋarakinda mede niyo na a nyen  pujä na lokiyo logogiti dó pujini kita a dó käti kitakindi jur 	1			Kuku	train	6.904761904761905		False	0.14150943396226412	False	4.163445332963386	0.199851411589896	True
c4b295f61c6417a48253b975d0db3dc3	29728	spontaneous-speech-ukv-29728.mp3	12096	3995	Yi ködö ŋona konda nyo ko leleʼ ŋutuʼ yi gboke ni gboŋ ko kpiyesiʼ ti ret lo yolaʼ?	Yi' ködö sondu yilo ŋutu' yI kadi na wini ma dedena a lepeŋ dendi tiki' na ruket na ret lo yola'	0			Kuku	train	6.283068783068783		False	0.032258064516129004	False	5.417239970400699	0.7548291233283804	False
d61dfa8687c5e5b0d0a9ab598550b381	30300	spontaneous-speech-ukv-30300.mp3	28800	3995	Yi ködö ŋona konda nyo ko leleʼ ŋutuʼ yi gboke ni gboŋ ko kpiyesiʼ ti ret lo yolaʼ?	ŋo nagon ŋutu kodo kokon na ŋutu kodo jujukinda kode kunyarju i lo ŋutu i anyen bgoŋ a tokitaju toro'bo bgonge lo matani piöŋ kulo abulöndi ti lepeŋ 'dok nye yayakatu abulöndi ko lepeŋ yoyola ti lepeŋ muke muk kutuk yala ŋutu kulye kulo a jujukini di ti lepeŋat tine ti 'börik i tokitaju na toro'bo logon ilo ŋutu a tokitaju anyen bgoŋ a 'bulundö i lo ret logeleŋ lo	1			Kuku	train	10.3125		False	0.2892561983471075	False	4.7856407008367485	0.5260029717682021	True
03e89de29fa51f461c7ffb62db7c8e0d	30466	spontaneous-speech-ukv-30466.mp3	11376	3995	Yi ködö ŋona konda nyo ko leleʼ ŋutuʼ yi gboke ni gboŋ ko kpiyesiʼ ti ret lo yolaʼ?	ko lele ŋutu a bgoŋ ko piyesi i kulya ti ret lo yola i bgoke ni yi ŋarakinda lepeŋ ko yeyiyesi ti tu jibitali	1			Kuku	train	7.559774964838256		False	0.06603773584905659	False	3.7795787354335406	0.0638930163447251	True
3595372adebe9fa78cb5dbf05ddc6d75	31505	spontaneous-speech-ukv-31505.mp3	17100	3995	Yi ködö ŋona konda nyo ko leleʼ ŋutuʼ yi gboke ni gboŋ ko kpiyesiʼ ti ret lo yolaʼ?	i gboke ni ko ŋutú gboŋ ko ret lo yolá kodo lepeŋ a morakinda i kule kata 'boŋ ti lepeŋ 'dok rokoni 'bogo na mugä kutuk ma gboŋ a rekin i kule ŋutú kayit nyona 	1			Kuku	train	7.5438596491228065		False	0.13043478260869568	False	5.318270132233155	0.7317979197622585	False
21ddeb69bfd3e57ad4af5253b149dd0f	31577	spontaneous-speech-ukv-31577.mp3	22248	3995	Yi ködö ŋona konda nyo ko leleʼ ŋutuʼ yi gboke ni gboŋ ko kpiyesiʼ ti ret lo yolaʼ?	aa ŋutu' lo gboŋ ko ret lo yola' ko ŋuti' gboke ni lo aa togeleŋ lepeŋ lo koŋ jibitaliya tomurek yani  ti ŋuti' konye' ŋarju ti ŋutu' konye' gboŋ nyohanyoga tomusala ti ŋutu' konye' ŋarju kinyotot logoŋ ŋutu' nyönyö lo yi pirit nageleŋ	1			Kuku	train	8.629989212513484		False	0.26724137931034486	False	4.520719694627431	0.37147102526002973	True
ddae0f97a9679a1d5120cea6086416fd	31808	spontaneous-speech-ukv-31808.mp3	23076	3995	Yi ködö ŋona konda nyo ko leleʼ ŋutuʼ yi gboke ni gboŋ ko kpiyesiʼ ti ret lo yolaʼ?	ŋo nagon yi kokon kaŋ i gboke ni kune ko ŋutu gboŋ ko kepesi ti yola' a kokuwe ti lepeŋ itini' i kadi na wini ama ko ti lepeŋ gane ga mugun anyen mede na liŋ gbon a pujo i lo ret lo yola i lo ko lepeŋ yoyola ti lepeŋ muke muk kutu nayit na	1			Kuku	train	7.97365227942451		False	0.15677966101694918	False	5.373324698932796	0.7459138187221397	False
009983f810033d5152ddab92674ee038	31937	spontaneous-speech-ukv-31937.mp3	16956	3995	Yi ködö ŋona konda nyo ko leleʼ ŋutuʼ yi gboke ni gboŋ ko kpiyesiʼ ti ret lo yolaʼ?	yi' ködö joŋga yilo ŋutu' yi kadi na wini anyen ŋutuu ti kadi na wini lo medda lepeŋ anyen ŋarakinda lepeŋ ko saresi' lo kekepo ti ret lo yola'	1			Kuku	train	6.782259966973343		False	0.19999999999999996	False	4.336394292980675	0.2852897473997028	True
b5f5d64520d7376baeef5ca553c0c675	31938	spontaneous-speech-ukv-31938.mp3	34848	3995	Yi ködö ŋona konda nyo ko leleʼ ŋutuʼ yi gboke ni gboŋ ko kpiyesiʼ ti ret lo yolaʼ?	togeleng na do tukökindö ilo ŋutũ i to piriɗ na jibitaliya ma lepeŋ lo ti tetema ko yilo yola' pwödä kö kulya  ti so a ko puwe ko yola' lo pwodä ko kulya  ti so a lopeŋ galakini wini ko yola loron lo ilo ret lo TB ko a lopeng tukani i ponda  i jibiali yu a tojono ayan lo kode  reɗ lo ke roroga	1			Kuku	train	6.485307621671258		True	0.18556701030927836	False			False
403eb42cb6d7bf4e1ab0b5007a937e98	32146	spontaneous-speech-ukv-32146.mp3	24336	3995	Yi ködö ŋona konda nyo ko leleʼ ŋutuʼ yi gboke ni gboŋ ko kpiyesiʼ ti ret lo yolaʼ?	ko ŋutu' lo bgwoŋ ko ayan lo yola' a i lo ret ko momoga ado joŋara' i jibitalia asan do konye ŋarju na ŋo konye lu kubaya kode 'bgwoloŋ kode si'det ta konye ŋarju ŋo lo geleŋ lepeŋ lo tikini' ŋo kayit kulo awok kogwon i lo ayan a logo lo yola' lo	1			Kuku	train	7.971729125575279		False	0.19753086419753085	False	5.768122193163208	0.8491827637444279	False
bc7de5ba8870d8cc13419daa6f9387f0	32233	spontaneous-speech-ukv-32233.mp3	10008	3995	Yi ködö ŋona konda nyo ko leleʼ ŋutuʼ yi gboke ni gboŋ ko kpiyesiʼ ti ret lo yolaʼ?	e yi kukukinda ŋutu' lo di ti lepeŋ iti i jibitalia ti ti tetema diya ret lo lu nyo anyen lepeŋ pujö wini	2			Kuku	train	8.293365307753795		False	0.08823529411764708	False	5.008209212748069	0.6158989598811293	False
eaf2feaa162e2c5b79c0a23abcdce106	32653	spontaneous-speech-ukv-32653.mp3	14868	3995	Yi ködö ŋona konda nyo ko leleʼ ŋutuʼ yi gboke ni gboŋ ko kpiyesiʼ ti ret lo yolaʼ?	yi ködö luŋgu ŋutu' lo medda kulya ti kelan kode ŋutu' lo medda kulya t ret lo  yola anyen kine piyesi' yi' bubulö tukurukindö na yi     	2			Kuku	train	7.12940543449018		False	0.16417910447761197	False	4.7328339943817275	0.49925705794947994	True
4b430d377aba6a707850db0b3318714e	32694	spontaneous-speech-ukv-32694.mp3	8460	3995	Yi ködö ŋona konda nyo ko leleʼ ŋutuʼ yi gboke ni gboŋ ko kpiyesiʼ ti ret lo yolaʼ?	yi bubulo jonga na lo ŋutu kode i na ŋutu i kadi na wini	1			Kuku	train	5.082742316784869		False	0.1132075471698113	False	4.914012392641485	0.5787518573551264	True
e9dcd66d26b3932c353f71bcc8b69d92	32961	spontaneous-speech-ukv-32961.mp3	17568	3995	Yi ködö ŋona konda nyo ko leleʼ ŋutuʼ yi gboke ni gboŋ ko kpiyesiʼ ti ret lo yolaʼ?	um do joŋga ripot yi ŋutu' lo medda gboke anyen medda kulya ti ilo ŋutu' lo gnoŋ ko ret lo yola' ko lepeŋ konda adinyo	1			Kuku	train	5.35063752276867		False	0.12173913043478257	False	4.440509762558748	0.33209509658246655	True
a9f74c616d972aac0bc6d66da0be03d8	33705	spontaneous-speech-ukv-33705.mp3	5328	3995	Yi ködö ŋona konda nyo ko leleʼ ŋutuʼ yi gboke ni gboŋ ko kpiyesiʼ ti ret lo yolaʼ?	sondu na ŋutu i pirit na wini 	2			Kuku	train	4.316816816816816		True	0.03703703703703709	False			False
8f02d83adfcef5096940ee32cf3acb24	34295	spontaneous-speech-ukv-34295.mp3	18648	3995	Yi ködö ŋona konda nyo ko leleʼ ŋutuʼ yi gboke ni gboŋ ko kpiyesiʼ ti ret lo yolaʼ?	ret lo yola lo lepeŋ lo wörö i kobuŋuöt 'boŋ i lo ret mindo rereŋo naŋ di kilo ŋutu a bgoŋ i kiden na kulye ŋutu kata anyen bgoŋ ti moka i lo ret	1			Kuku	train	6.006006006006007		False	0.147887323943662	False	4.870380120688724	0.5601783060921248	True
c4b295f61c6417a48253b975d0db3dc3	29444	spontaneous-speech-ukv-29444.mp3	21996	3915	Ŋoʼ nagoŋ kayuŋok kulök/kasu kulo kokon na a nyo anyen ŋojik kulo wulundö Kenda na a ŋoʼ togeleŋ?	ŋo togeleŋ ti kayuŋölök kulo ti todiniki ŋojik kulo i sukulu yi kenda tomurek ko ŋojik kulo gboŋ i sukulu ti kayuŋölök kulo ti gbe'de ko metet nagoŋ di ti ko kulo meemeta i kulya naŋ ti sukulu kode' yi kulya naŋ di gurusu ti sukulu kune ti roropa	2			Kuku	train	9.001636661211128		False	0.33333333333333337	False	4.0352946802258485	0.1337295690936107	True
d61dfa8687c5e5b0d0a9ab598550b381	30437	spontaneous-speech-ukv-30437.mp3	26676	3915	Ŋoʼ nagoŋ kayuŋok kulök/kasu kulo kokon na a nyo anyen ŋojik kulo wulundö Kenda na a ŋoʼ togeleŋ?	ŋo nagon kayuŋö kwe' a kon anyen tikinda nan yi wulundö na na na kenda na yi gboŋ a ŋo' togeleŋ na a jambu nase ko nan kulya ti sukulu a na'but more na ko tögu nase na na kulya ti kenda a ko I ŋarakinda na kule' ŋutuu 'dok logoŋ ee ködö miindi kö'yu na na kenda na	2			Kuku	train	7.722297195981405		False	0.25287356321839083	False	4.0402043546575275	0.13893016344725112	True
03e89de29fa51f461c7ffb62db7c8e0d	30475	spontaneous-speech-ukv-30475.mp3	14760	3915	Ŋoʼ nagoŋ kayuŋok kulök/kasu kulo kokon na a nyo anyen ŋojik kulo wulundö Kenda na a ŋoʼ togeleŋ?	ŋo nagon kayuŋölök kuwe' kode' kaŋ kökön anyen nan wulundö kenda na togeleŋ na a roba na gurusu ti sukulu todinesi'	2			Kuku	train	6.436314363143632		False	0.0357142857142857	False	4.2482558467994185	0.2399702823179792	True
21ddeb69bfd3e57ad4af5253b149dd0f	31403	spontaneous-speech-ukv-31403.mp3	43380	3915	Ŋoʼ nagoŋ kayuŋok kulök/kasu kulo kokon na a nyo anyen ŋojik kulo wulundö Kenda na a ŋoʼ togeleŋ?	a ŋo togeleŋ naŋ 'n tutukökin ŋojik kulok kulo a 'busan na sukulu na ko do kenda ŋarakinda yani jur losu lo jounda i ŋaju na kuwen ti ŋojik a ne diŋit yani ko ŋiro lo kenda do pujö naŋ a ŋarakindi kulo ŋutu loŋ 'ba kenda kulo i ne diŋit a ko yani a jondi 'busan	1			Kuku	train	4.7256800368833565		True	0.24031007751937983	False			False
3595372adebe9fa78cb5dbf05ddc6d75	31666	spontaneous-speech-ukv-31666.mp3	17460	3915	Ŋoʼ nagoŋ kayuŋok kulök/kasu kulo kokon na a nyo anyen ŋojik kulo wulundö Kenda na a ŋoʼ togeleŋ?	yi' ko wöti luŋasirik ko sasirik nagoŋ kenda 'boŋ koko kikita yina a metet naŋ ŋolik kulo 'dok metunda kata ni a ko 'dok kenadi ŋerot ma ko kotumolu gboŋ 'bura'	2			Kuku	train	7.445589919816723		False	0.12101910828025475	False	5.524385095154831	0.7838038632986627	False
b5f5d64520d7376baeef5ca553c0c675	31699	spontaneous-speech-ukv-31699.mp3	13428	3915	Ŋoʼ nagoŋ kayuŋok kulök/kasu kulo kokon na a nyo anyen ŋojik kulo wulundö Kenda na a ŋoʼ togeleŋ?	tukökindö na ŋojik kulo 'busan na sukulu na a ko ŋo' naŋ sukulu titikin koko ko koko molu kenda na a nyo na	1			Kuku	train	6.330056598153113		False	0.15384615384615385	False	4.227296006331114	0.22808320950965824	True
ddae0f97a9679a1d5120cea6086416fd	31831	spontaneous-speech-ukv-31831.mp3	23220	3915	Ŋoʼ nagoŋ kayuŋok kulök/kasu kulo kokon na a nyo anyen ŋojik kulo wulundö Kenda na a ŋoʼ togeleŋ?	ŋo nagon kayuŋök kokon anyen ŋojik kulo wuwulundö kenda na a ŋarakinda na ŋojik kulo yi kenda nye nagon a ŋo' togeleng tomurek a kukuju na kilo ŋojik anyen ko kekenda	1			Kuku	train	5.857019810508183		False	0.22085889570552142	False	3.5233090313360207	0.022288261515601784	True
009983f810033d5152ddab92674ee038	31925	spontaneous-speech-ukv-31925.mp3	24480	3915	Ŋoʼ nagoŋ kayuŋok kulök/kasu kulo kokon na a nyo anyen ŋojik kulo wulundö Kenda na a ŋoʼ togeleŋ?	ŋo' na  kayuŋök kulo kokon na a jujukinda na ŋojik na 'busan na kenda na ko nyo to murek kayuŋök kulo a kpekindi' koko ŋutuu loŋ a kenda tiyana kilo gbe 'bura kase midijin yi 'debba na midijin kase	2			Kuku	train	6.454248366013072		False	0.21649484536082475	False	4.104529677010235	0.16790490341753342	True
403eb42cb6d7bf4e1ab0b5007a937e98	31988	spontaneous-speech-ukv-31988.mp3	19080	3915	Ŋoʼ nagoŋ kayuŋok kulök/kasu kulo kokon na a nyo anyen ŋojik kulo wulundö Kenda na a ŋoʼ togeleŋ?	ko kulo ŋarakimnda ŋojik kulo i ropa na sukulu pees jibitali kode' tukökindö na saresi' lo'but kode' kukuna na mugunya kase yi ŋo' lo nyönyöyi lele' ŋo' lo 'bijö tina 'ban	2			Kuku	train	7.3899371069182385		False	0.10119047619047616	False	4.559637129729574	0.3937592867756315	True
bc7de5ba8870d8cc13419daa6f9387f0	32176	spontaneous-speech-ukv-32176.mp3	13356	3915	Ŋoʼ nagoŋ kayuŋok kulök/kasu kulo kokon na a nyo anyen ŋojik kulo wulundö Kenda na a ŋoʼ togeleŋ?	yaa togeleŋ na kayuŋök kulo kuku ŋojik kulo yela 'dok a ko 'dok wöwökine yi kikölin  loŋ ko meda  di ŋaŋarakindi ŋojik anyen tutuŋökindi sukulu na se na	2			Kuku	train	9.209344115004493		False	0.12751677852348997	False	4.342104749460243	0.287518573551263	True
eaf2feaa162e2c5b79c0a23abcdce106	33043	spontaneous-speech-ukv-33043.mp3	9216	3915	Ŋoʼ nagoŋ kayuŋok kulök/kasu kulo kokon na a nyo anyen ŋojik kulo wulundö Kenda na a ŋoʼ togeleŋ?	ŋojik kulo tukuruki kode kekenaki lukikirlön ti 'busan na kenda	1			Kuku	train	5.859374999999999		False	0.0	False	5.9835771235327755	0.8952451708766717	False
a9f74c616d972aac0bc6d66da0be03d8	33632	spontaneous-speech-ukv-33632.mp3	7380	3915	Ŋoʼ nagoŋ kayuŋok kulök/kasu kulo kokon na a nyo anyen ŋojik kulo wulundö Kenda na a ŋoʼ togeleŋ?	tikinda na ŋojik na saresi' yi gbokiot kode' yi medijin	2			Kuku	train	6.233062330623306		False	0.05769230769230771	False	3.708425499256725	0.04903417533432392	True
4b430d377aba6a707850db0b3318714e	33654	spontaneous-speech-ukv-33654.mp3	16920	3915	Ŋoʼ nagoŋ kayuŋok kulök/kasu kulo kokon na a nyo anyen ŋojik kulo wulundö Kenda na a ŋoʼ togeleŋ?	kukuki' na ŋojik yi kiko' lo kenda wole' kukuki na ŋojik yi kulya naŋ na'but kune a 'bulit ko do kukukin yi kiko' logoŋ a lo'but koko kulo wuwulundö kenda na togeleŋ	2			Kuku	train	7.919621749408982		False	0.2407407407407407	False	4.336659467768073	0.28603268945022287	True
e9dcd66d26b3932c353f71bcc8b69d92	33785	spontaneous-speech-ukv-33785.mp3	6516	3915	Ŋoʼ nagoŋ kayuŋok kulök/kasu kulo kokon na a nyo anyen ŋojik kulo wulundö Kenda na a ŋoʼ togeleŋ?	lepeŋ a tukuruki' 'busan na kenda diŋitan kune liŋ	1			Kuku	train	6.445672191528545		False	0.0	False	4.013660982952369	0.12332838038632987	True
8f02d83adfcef5096940ee32cf3acb24	34330	spontaneous-speech-ukv-34330.mp3	17136	3915	Ŋoʼ nagoŋ kayuŋok kulök/kasu kulo kokon na a nyo anyen ŋojik kulo wulundö Kenda na a ŋoʼ togeleŋ?	a na'but naŋ ko kayuŋölök a met 'bulit na kenda na a kukuji ŋojik kulo i kebu na kikö lo kenda lo i na tikinda ŋojik kulo i wulundö na kenda na a togeleŋ	1			Kuku	train	7.002801120448179		False	0.2466666666666667	False	4.04533415424583	0.14041604754829123	True
c4b295f61c6417a48253b975d0db3dc3	29505	spontaneous-speech-ukv-29505.mp3	19008	3926	Kenda na ŋona a toʼdur gbiliŋet lelut lo a loʼbut yi kulon kikolin?	kenda na to'dur gwiliŋet lio lo parik i kulya ti denesi na'but naga ŋaŋarakinda ko i denesi nagon ti 'durjö ko metet na ŋerot i diŋitan kune liŋ	2			Kuku	train	6.15530303030303		False	0.11347517730496459	False	3.7101285315802577	0.04977711738484398	True
d61dfa8687c5e5b0d0a9ab598550b381	30440	spontaneous-speech-ukv-30440.mp3	24948	3926	Kenda na ŋona a toʼdur gbiliŋet lelut lo a loʼbut yi kulon kikolin?	kogoŋ kul'ya ti kendya  nan tiyanana   gown ko kita niyo'  nagoŋ   nan pupuji gurut murek nayit na  nan bulöne bulö roba na  ŋojik  kwe kolo  yi sukulu nan 'dok tikitinda ŋojik kwe kulo yi nyesu na ŋo' logon a lo'but kode' toto yi pirit nagon  na'but so kenda na a to'durujö  nan yi ŋo' jore ma'di kwinyit kwe kune sa katayu na deden di a 'durujö 	2			Kuku	train	10.782427449094117		False	0.17732558139534882	False	4.451484492003694	0.33803863298662706	True
ddae0f97a9679a1d5120cea6086416fd	31556	spontaneous-speech-ukv-31556.mp3	22428	3926	Kenda na ŋona a toʼdur gbiliŋet lelut lo a loʼbut yi kulon kikolin?	kenda na a to'dur gwiliŋet liö i ŋo jore man deneden ŋo na'but ko ŋo naron nan deneden kitakinda na 'börik a nan ŋarakindi ŋarakinda mede niö kode jonga na ŋwajik kuwe i su kenda	1			Kuku	train	6.420545746388443		False	0.1885714285714286	False	3.8256748527932674	0.07057949479940565	True
3595372adebe9fa78cb5dbf05ddc6d75	31681	spontaneous-speech-ukv-31681.mp3	18216	3926	Kenda na ŋona a toʼdur gbiliŋet lelut lo a loʼbut yi kulon kikolin?	kenda a to'dur gbliŋet liyo lo yi kiko loŋ na kikita nan gbee ko gurusutöt naŋ na ŋarakinda lomerika un ŋaŋarakinda mede niyaŋ köti	1			Kuku	train	5.928853754940711		False	0.09375	False	4.13170583957536	0.1827637444279346	True
bc7de5ba8870d8cc13419daa6f9387f0	31714	spontaneous-speech-ukv-31714.mp3	22068	3926	Kenda na ŋona a toʼdur gbiliŋet lelut lo a loʼbut yi kulon kikolin?	kenda jakinda nan ŋo jore nagon 'n tiyana denda bgenge gaju na'börik yala ko kikölin logon 'n 'dok wöwöki a nan 'dok pukindi 'börik puet anyen nan bgoŋ a sasdndu na kulye ŋutu di ti koko ŋarakin nan ko ŋo nagon 'n mimindi na san toyana 'n pune pu	1			Kuku	train	8.97226753670473		False	0.18106995884773658	False	4.714073558093262	0.49108469539375926	True
009983f810033d5152ddab92674ee038	32032	spontaneous-speech-ukv-32032.mp3	23616	3926	Kenda na ŋona a toʼdur gbiliŋet lelut lo a loʼbut yi kulon kikolin?	kenda na a tikinda nan i gboŋ ko gbiliŋet lo'but i twöju lo ŋarakinda ko gwiliŋet lo ŋarju na ŋo' ko ŋutu loŋ kodo mindi ŋaraki köti a tikinda nan i pujö na kukesi ko ŋutu ka'de ka'de	2			Kuku	train	6.182249322493225		False	0.2833333333333333	False	3.7208732114940464	0.05200594353640416	True
b5f5d64520d7376baeef5ca553c0c675	32126	spontaneous-speech-ukv-32126.mp3	25596	3926	Kenda na ŋona a toʼdur gbiliŋet lelut lo a loʼbut yi kulon kikolin?	kenda na a tikinda nan koŋön i kulya ti denda na kulya ti tokelan a tinda an 'dok kita i pirit na tokelan i dawa'yu na ayaniko ka'de ka'de	1			Kuku	train	4.297546491639318		False	0.24444444444444446	False	3.91080954961518	0.0950965824665676	True
403eb42cb6d7bf4e1ab0b5007a937e98	32297	spontaneous-speech-ukv-32297.mp3	30888	3926	Kenda na ŋona a toʼdur gbiliŋet lelut lo a loʼbut yi kulon kikolin?	kenda na a na'but a tö'durjö ŋutu' yi kikölin ka'de ka'de tiyanana do deneden kiko lo tu i pirit naron do ke kenun lakin köju na ŋutu' a denda a tiyanana ŋojik kulo deneden kulya ti  kulo masinyan loŋ kulo ke punun logon ŋutu' jambi' yi köbuŋöt ko do na to yi na 'busan na  do deden ko kikö lo jibitali tirinikin dinyo  ko 'busan na ŋo lo'but lo do ŋona pu di nyö	2			Kuku	train	9.291634291634292		True	0.24444444444444446	False			False
21ddeb69bfd3e57ad4af5253b149dd0f	32425	spontaneous-speech-ukv-32425.mp3	13788	3926	Kenda na ŋona a toʼdur gbiliŋet lelut lo a loʼbut yi kulon kikolin?	kenda na to'durjö nan yi kikolin lo'but nan deden ŋo' na'but ko naron na woo nan deden wurjö	1			Kuku	train	5.439512619669277		False	0.1685393258426966	False	3.994161051970359	0.11589895988112928	True
03e89de29fa51f461c7ffb62db7c8e0d	32658	spontaneous-speech-ukv-32658.mp3	13788	3926	Kenda na ŋona a toʼdur gbiliŋet lelut lo a loʼbut yi kulon kikolin?	kenda na a gayer gwiliŋet liyo lo i kikölin jore togeleŋ 'n 'du'dumadu yeiyet naŋ a na'but 'ba bur	1			Kuku	train	5.802146794313896		False	0.010526315789473717	False	4.390739965408656	0.3112927191679049	True
4b430d377aba6a707850db0b3318714e	33069	spontaneous-speech-ukv-33069.mp3	20556	3926	Kenda na ŋona a toʼdur gbiliŋet lelut lo a loʼbut yi kulon kikolin?	kenda na a tinda nan gayeresi jore parik un dene den wurja un dene den ye  ko to'bi'bin na sukulu na nyo un dene den ko gurusu kune gala di nyo  mado rubini  ŋojik kulök yi sukulu 	1			Kuku	train	6.81066355322047		False	0.192090395480226	False	5.130100371800914	0.6641901931649331	False
eaf2feaa162e2c5b79c0a23abcdce106	33239	spontaneous-speech-ukv-33239.mp3	18936	3926	Kenda na ŋona a toʼdur gbiliŋet lelut lo a loʼbut yi kulon kikolin?	kenda na a tikinda nan jambi' jambu yi kiden ma ŋutuu 'bak kujönö köti' a tinda nan yi lilija na kulya köti' a tinda nan kita naŋ nan ŋarakinda 'baŋ niyo' ko ŋojik kuwe'	2			Kuku	train	7.182087029995775		False	0.24698795180722888	False	4.560667766961563	0.39450222882615155	True
a9f74c616d972aac0bc6d66da0be03d8	33730	spontaneous-speech-ukv-33730.mp3	6660	3926	Kenda na ŋona a toʼdur gbiliŋet lelut lo a loʼbut yi kulon kikolin?	kenda na a tikinda nan koŋon a ko kitayesi naŋ nan totokita 	1			Kuku	train	7.207207207207207		False	0.10526315789473684	False	3.6682628114210774	0.04011887072808321	True
e9dcd66d26b3932c353f71bcc8b69d92	33762	spontaneous-speech-ukv-33762.mp3	9180	3926	Kenda na ŋona a toʼdur gbiliŋet lelut lo a loʼbut yi kulon kikolin?	kenda na tikinda do do jojo ŋarakinda na 'barik ŋojik köluk keekenda a na'but yeyesu lo'bit	1			Kuku	train	8.278867102396514		False	0.13636363636363635	False	3.958725001552362	0.10772659732540862	True
8f02d83adfcef5096940ee32cf3acb24	34286	spontaneous-speech-ukv-34286.mp3	15336	3926	Kenda na ŋona a toʼdur gbiliŋet lelut lo a loʼbut yi kulon kikolin?	Kenda na a to'dur gbiliŋet liyo' lo kega i denda na ŋutu ka'de ka'de 'boŋ käti i denda na piritön ka'de ka'de' nagoŋ 'n tendi 'ba den a nan köti kee tu katayu	2			Kuku	train	8.281168492436098		False	0.19871794871794868	False	4.114410711705747	0.1738484398216939	True
c4b295f61c6417a48253b975d0db3dc3	29530	spontaneous-speech-ukv-29530.mp3	21276	4000	Kuwesiʼ ti kulya nabot kune a kunen na tikinda ŋojik loʼiʼdik jore kulo gboŋ ʼbakan na ŋoʼ nagoŋ mugun na mimiindi kune?	kitajin nagoŋ ka'dolak ti ketat a kon kaaŋ yi gboke ni kune kegga parik a kitajin tii metet nagoŋ di kujöŋ kune a ko kököröyi kode' ŋutu' lo poonda kaŋo eeyi  ko ri'dija ŋutuuv logoŋ gboŋ ni kulo yala kega parik tomurek  ko metet nago di ŋutuu kulo ti puji' pirit na'b	1			Kuku	train	10.10528294792254		False	0.18867924528301883	False	4.772158095301307	0.5193164933135216	True
d61dfa8687c5e5b0d0a9ab598550b381	30396	spontaneous-speech-ukv-30396.mp3	17100	4000	Kuwesiʼ ti kulya nabot kune a kunen na tikinda ŋojik loʼiʼdik jore kulo gboŋ ʼbakan na ŋoʼ nagoŋ mugun na mimiindi kune?	Tuyöyi na ŋojik lo 'di'dik ko ŋo' logoɲ jojowunda rima ko kukundsa mugun na ɲutu' na nye nagoɲ a kukuwesi' nabot nagon bubulö tikinda ŋojik kulo yi gboŋ ko mugun na'but 	1			Kuku	train	8.07017543859649		False	0.13855421686746983	False	3.9219635589580863	0.09955423476968796	True
3595372adebe9fa78cb5dbf05ddc6d75	31607	spontaneous-speech-ukv-31607.mp3	15588	4000	Kuwesiʼ ti kulya nabot kune a kunen na tikinda ŋojik loʼiʼdik jore kulo gboŋ ʼbakan na ŋoʼ nagoŋ mugun na mimiindi kune?	ŋwajik kule tojuju ko 'borik a ko poki i moju na yawa a tindi koko a metadu ŋerot	1			Kuku	train	4.105722350526046		False	0.012820512820512775	False	5.635542325681098	0.8172362555720654	False
403eb42cb6d7bf4e1ab0b5007a937e98	31720	spontaneous-speech-ukv-31720.mp3	22536	4000	Kuwesiʼ ti kulya nabot kune a kunen na tikinda ŋojik loʼiʼdik jore kulo gboŋ ʼbakan na ŋoʼ nagoŋ mugun na mimiindi kune?	ŋojik kulo gboŋ yi lo ret loŋ sosokan sesu na'but 'ban  ŋo na metani gboŋ gboso gurusutöt  yi jibitali ni ko kulo jajambu di ti ŋojik kulo metani meta  ko meta ŋojik gbe a lo'but	1			Kuku	train	6.256656017039403		False	0.1885714285714286	False	4.0353391311911535	0.13447251114413075	True
b5f5d64520d7376baeef5ca553c0c675	31873	spontaneous-speech-ukv-31873.mp3	42228	4000	Kuwesiʼ ti kulya nabot kune a kunen na tikinda ŋojik loʼiʼdik jore kulo gboŋ ʼbakan na ŋoʼ nagoŋ mugun na mimiindi kune?	tojoŋara na'di'dik do meda komonye ti kilo ŋojik kulo tojoŋara ti ko 'ba 'dur i diŋit nagon ko 'ba 'dur i joŋba tindi kilo ŋojik konye pujö ŋo nagon ko pupu kune bge ŋojik ti karo kulo ko de nye pujö ŋo naŋ ko mimindi kune yala nene ŋo na tolomeran kule komonye kulo 'bakan na kitajin kitajin nagon ko tikin ŋo nago ko mimindi kune	1			Kuku	train	6.299138012693		True	0.3628048780487805	False			False
21ddeb69bfd3e57ad4af5253b149dd0f	31939	spontaneous-speech-ukv-31939.mp3	22788	4000	Kuwesiʼ ti kulya nabot kune a kunen na tikinda ŋojik loʼiʼdik jore kulo gboŋ ʼbakan na ŋoʼ nagoŋ mugun na mimiindi kune?	ŋo togeleŋ ŋo nagon tinda ŋwajik kulo a mindi ŋo nase parik na ŋo jore patik do pujö di nene diŋit nyesu na'but 'ban ne diŋit puö na wini na nago pirit naŋ ko totoni na a pirit naŋ 'ba na'but a do puji di ŋwajik kilo kanye mukö	1			Kuku	train	7.8550114095137795		False	0.2098214285714286	False	4.42787625528444	0.324665676077266	True
ddae0f97a9679a1d5120cea6086416fd	31974	spontaneous-speech-ukv-31974.mp3	22068	4000	Kuwesiʼ ti kulya nabot kune a kunen na tikinda ŋojik loʼiʼdik jore kulo gboŋ ʼbakan na ŋoʼ nagoŋ mugun na mimiindi kune?	lotolomeran na tikinda ŋwajik gboŋ jore 'bakan na ŋo loŋ ko mimindi  kega parik ŋwajik nawate bongolan nagon rapesi ti 'börik ŋwskil lulalian do pujö nagongiti bukan jadu 'ban nagon se kekendiri	1			Kuku	train	7.3409461663947795		False	0.12565445026178013	False	4.772005854398929	0.5185735512630015	True
bc7de5ba8870d8cc13419daa6f9387f0	32054	spontaneous-speech-ukv-32054.mp3	8316	4000	Kuwesiʼ ti kulya nabot kune a kunen na tikinda ŋojik loʼiʼdik jore kulo gboŋ ʼbakan na ŋoʼ nagoŋ mugun na mimiindi kune?	n ŋo na tikinda na a tolomeran a nene na ko möju na yawa	1			Kuku	train	5.170755170755171		False	0.05660377358490565	False	5.428493333235387	0.7578008915304606	False
009983f810033d5152ddab92674ee038	32134	spontaneous-speech-ukv-32134.mp3	14040	4000	Kuwesiʼ ti kulya nabot kune a kunen na tikinda ŋojik loʼiʼdik jore kulo gboŋ ʼbakan na ŋoʼ nagoŋ mugun na mimiindi kune?	kuwe na kulya na 'bijö na a 'bakan na yinga na kukuwisi ti komonye ko ko ŋote kuwe tomure na a möju na yawa naŋ wöwöröni a bulöndi	1			Kuku	train	7.336182336182335		False	0.1417322834645669	False	5.36913497090556	0.7429420505200595	False
4b430d377aba6a707850db0b3318714e	32743	spontaneous-speech-ukv-32743.mp3	12168	4000	Kuwesiʼ ti kulya nabot kune a kunen na tikinda ŋojik loʼiʼdik jore kulo gboŋ ʼbakan na ŋoʼ nagoŋ mugun na mimiindi kune?	ŋojik kulo ko do medi piprikini kak maatu ki lo ŋojil kilo ne diŋit na ko yigi magor ko 'ban da 'do ko kilo  a gilö 	1			Kuku	train	7.314266929651544		False	0.07079646017699115	False	6.218057264894681	0.9286775631500743	False
a9f74c616d972aac0bc6d66da0be03d8	32888	spontaneous-speech-ukv-32888.mp3	13536	4000	Kuwesiʼ ti kulya nabot kune a kunen na tikinda ŋojik loʼiʼdik jore kulo gboŋ ʼbakan na ŋoʼ nagoŋ mugun na mimiindi kune?	ŋwojik kulo kodó mimiindi kulya ti kenda a ko kulon ŋo lo goŋ  manyen tikinda mugun na i gboŋ a na 'but 	1			Kuku	train	6.057919621749409		False	0.0490196078431373	False	3.670052385111465	0.04086181277860327	True
03e89de29fa51f461c7ffb62db7c8e0d	33514	spontaneous-speech-ukv-33514.mp3	12996	4000	Kuwesiʼ ti kulya nabot kune a kunen na tikinda ŋojik loʼiʼdik jore kulo gboŋ ʼbakan na ŋoʼ nagoŋ mugun na mimiindi kune?	kuwesi ti kulya na ŋojik kulo bgoŋ 'bakan na ŋo nagon mugun na mimindi na a tu'bakan na tikinda	1			Kuku	train	5.924899969221299		False	0.15217391304347827	False	3.775325287358089	0.06092124814264487	True
e9dcd66d26b3932c353f71bcc8b69d92	33552	spontaneous-speech-ukv-33552.mp3	18396	4000	Kuwesiʼ ti kulya nabot kune a kunen na tikinda ŋojik loʼiʼdik jore kulo gboŋ ʼbakan na ŋoʼ nagoŋ mugun na mimiindi kune?	kukuwesi ti kulya na'but kune togeleŋ tinda ŋiro sukulu tomure ti koko wöröni wörö kenisa	1			Kuku	train	4.076973255055447		False	0.046511627906976716	False	4.113923925751326	0.17310549777117384	True
8f02d83adfcef5096940ee32cf3acb24	34298	spontaneous-speech-ukv-34298.mp3	22320	4000	Kuwesiʼ ti kulya nabot kune a kunen na tikinda ŋojik loʼiʼdik jore kulo gboŋ ʼbakan na ŋoʼ nagoŋ mugun na mimiindi kune?	kuwesi ti kulya na kweji di ŋojik kulo 'ba pu ŋo nagon giti mugun na mimiindi kune geleŋ na a gbong 'bakan na kinyo  murek nayit na kulya ti wini  ko kulo joŋo jibitali a mugun na kweji naŋ di mugun  na wini lo	1			Kuku	train	7.347670250896058		False	0.19806763285024154	False	4.157198136269633	0.19390787518573552	True
c4b295f61c6417a48253b975d0db3dc3	29596	spontaneous-speech-ukv-29596.mp3	17856	4014	Do ŋona gege a pujö yöyögesiʼ yi wörö ko ŋoʼ wöriyet lo ŋutuu liŋ?	ee yeyeŋesi' jore yeyeŋesi'  kata yi wörö ko ŋo' logoŋ wörönikin ko ŋutu' liŋ kegs parik tukariki do kakarakin do a 'dur di wulek yi pirit nagoŋ do miindi tu kata yu na	1			Kuku	train	7.560483870967741		False	0.1393939393939394	False	4.627229217223319	0.43684992570579495	True
d61dfa8687c5e5b0d0a9ab598550b381	30369	spontaneous-speech-ukv-30369.mp3	19116	4014	Do ŋona gege a pujö yöyögesiʼ yi wörö ko ŋoʼ wöriyet lo ŋutuu liŋ?	Nan a pujö yöŋesi' yi wöröko ko wöriyesi' ti gutu liŋ ŋo' gboso toriri'di kata nene' diŋit ŋo ti ŋutu  'dok ko kokolaji' nene' diŋit ŋo lo wörö parik, nene' diŋit 'dok ŋo' lo wörö madaŋ	1			Kuku	train	7.794517681523331		False	0.24725274725274726	False	4.987788390385304	0.6092124814264487	False
3595372adebe9fa78cb5dbf05ddc6d75	31408	spontaneous-speech-ukv-31408.mp3	9036	4014	Do ŋona gege a pujö yöyögesiʼ yi wörö ko ŋoʼ wöriyet lo ŋutuu liŋ?	ee nan a pujö yöŋesi i wöriet ko ŋutu liŋ	1			Kuku	train	3.5413899955732626		False	0.0	False	4.488603325257172	0.3573551263001486	True
009983f810033d5152ddab92674ee038	31543	spontaneous-speech-ukv-31543.mp3	13716	4014	Do ŋona gege a pujö yöyögesiʼ yi wörö ko ŋoʼ wöriyet lo ŋutuu liŋ?	ee nan a pujö yöyöŋesi' yi wörö ko ŋo' loŋ ŋutuu liŋ wöwöröni 	1			Kuku	train	3.5724701079031784		False	0.016949152542372836	False	4.329152583718861	0.2815750371471025	True
403eb42cb6d7bf4e1ab0b5007a937e98	31678	spontaneous-speech-ukv-31678.mp3	88776	4014	Do ŋona gege a pujö yöyögesiʼ yi wörö ko ŋoʼ wöriyet lo ŋutuu liŋ?	ee ko ŋutu' wörö ko transpot lo a loŋ lo lo ŋutulu kata ŋutu a gboŋ madaŋ a na'but ko lo kiló kuló rörö'yu kulo a 'buwan sitesi kune i ŋará kuló gboŋ ko ayanyan mugunya a ma do besi ŋoŋakindi asandi dó 'bakan na lelut loŋ dó wöwäräni lakin ko do katá ko mokot́ ŋo 'ban naŋ dó puja naŋ ti tete'yá ŋo kune liŋ tu na 'but tuŋ i na ŋo naŋ yutakinda di ko ŋutu wärä ko i lo arabia lo ŋutulú jore lo ŋutú a gboŋ 'bura na a kine kulya tomurek ko do lu gboŋ ko kune yäkesi kó ayan ko a yiwundä kodo miyindu ti dó tonyogi tonyogä a ŋo lo lege do de gboŋ 'bakan na gboro i na diŋit naŋ yäyägu ŋutú ko kulya ti mokot lo wäriyet kode wöra ko ŋo loŋogiti 'ban lelut lo 	2			Kuku	train	6.071460755159052		True	0.30294117647058827	False			False
ddae0f97a9679a1d5120cea6086416fd	31871	spontaneous-speech-ukv-31871.mp3	21888	4014	Do ŋona gege a pujö yöyögesiʼ yi wörö ko ŋoʼ wöriyet lo ŋutuu liŋ?	yoyoŋesi kata logon ŋutu a pu i kulya ti kenda ko i kulya ti kona logon sasandu ŋutu kaŋ i bgoke a tindi ŋutu bgöŋ ko kujen	1			Kuku	train	4.431652046783626		False	0.19166666666666665	False	4.783332289567529	0.5237741456166419	True
bc7de5ba8870d8cc13419daa6f9387f0	32237	spontaneous-speech-ukv-32237.mp3	5148	4014	Do ŋona gege a pujö yöyögesiʼ yi wörö ko ŋoʼ wöriyet lo ŋutuu liŋ?	e 'n pujö yoyoŋesi i wöriyet lo ŋutu liŋ	1			Kuku	train	6.216006216006217		True	0.0	False			False
b5f5d64520d7376baeef5ca553c0c675	32253	spontaneous-speech-ukv-32253.mp3	3600	4014	Do ŋona gege a pujö yöyögesiʼ yi wörö ko ŋoʼ wöriyet lo ŋutuu liŋ?	eee nan a ko pujö	1			Kuku	train	3.611111111111111		True	0.0	False			False
21ddeb69bfd3e57ad4af5253b149dd0f	32357	spontaneous-speech-ukv-32357.mp3	21060	4014	Do ŋona gege a pujö yöyögesiʼ yi wörö ko ŋoʼ wöriyet lo ŋutuu liŋ?	a yi ko togolonyesi kata nagon do a pu ko do wörö ko ŋo loŋ wöriesi ti ŋutu liŋ nene diŋitbyani arabiya kokoroju kiko ne diŋit ta tototo i kiko a do puji di ne diŋit ta 'dur let	1			Kuku	train	6.600189933523267		False	0.14942528735632188	False	5.47659495860811	0.7711738484398217	False
4b430d377aba6a707850db0b3318714e	32755	spontaneous-speech-ukv-32755.mp3	5940	4014	Do ŋona gege a pujö yöyögesiʼ yi wörö ko ŋoʼ wöriyet lo ŋutuu liŋ?	yöyöŋesi kata 	1			Kuku	train	2.02020202020202	transcription-length	True	0.0	False			False
a9f74c616d972aac0bc6d66da0be03d8	33682	spontaneous-speech-ukv-33682.mp3	5436	4014	Do ŋona gege a pujö yöyögesiʼ yi wörö ko ŋoʼ wöriyet lo ŋutuu liŋ?	ködö tu na ŋutulu ko arabat 	1			Kuku	train	4.047093451066961		True	0.0	False			False
e9dcd66d26b3932c353f71bcc8b69d92	33698	spontaneous-speech-ukv-33698.mp3	5868	4014	Do ŋona gege a pujö yöyögesiʼ yi wörö ko ŋoʼ wöriyet lo ŋutuu liŋ?	ko nan wörö ko arabiya yöyöŋesi kata	1			Kuku	train	5.112474437627812		True	0.0	False			False
8f02d83adfcef5096940ee32cf3acb24	34328	spontaneous-speech-ukv-34328.mp3	19296	4014	Do ŋona gege a pujö yöyögesiʼ yi wörö ko ŋoʼ wöriyet lo ŋutuu liŋ?	nan a momorani yoyoŋesi i kilo ŋo 'ogon a wöriesi kulo geleŋ nayit na kule ŋutu kulo a kuwo momon murek nayit na kule ŋutu kulo ko wörö i ŋo gbe i lo jaja a gbe a yoŋit kuweni parik	1			Kuku	train	7.359038142620232		False	0.202247191011236	False	5.119915199503329	0.6604754829123328	False
c4b295f61c6417a48253b975d0db3dc3	29613	spontaneous-speech-ukv-29613.mp3	18576	3919	Kita nagong mede nenut/nasu na a kon yi media di kuleʼ ŋutuu yi jur kata yu kulo a wulundö Kenda na yi gboŋ a togeleŋ?	kita kega  parik na todindö nagon a kita togeleŋ nagon mede nikaŋ  na a wulun yi kuya ti aa wu kuya ti kenda nagon ŋutu' a gelun na	2			Kuku	train	5.4909560723514215		False	0.15625	False	4.978928908902392	0.6047548291233283	False
d61dfa8687c5e5b0d0a9ab598550b381	30301	spontaneous-speech-ukv-30301.mp3	25596	3919	Kita nagong mede nenut/nasu na a kon yi media di kuleʼ ŋutuu yi jur kata yu kulo a wulundö Kenda na yi gboŋ a togeleŋ?	kukuwesi ko kunyaresi nagon ŋutu titin kune tikinda ŋutu kulo i wulundo na sukulu na i bgoŋ a ŋo togeleŋ murek na ŋutu 'dok jujukinda lepeŋat i nyarju na sukulu na anyen bgoŋ a togeleŋ musala na ŋutu 'dok kpekinda ko biriesi ti sukulu kode ti ŋo nagon a konda 'börik 'bura i sukulu	1			Kuku	train	8.907641819034223		False	0.2769784172661871	False	3.9327925846922986	0.10178306092124814	True
ddae0f97a9679a1d5120cea6086416fd	31438	spontaneous-speech-ukv-31438.mp3	17748	3919	Kita nagong mede nenut/nasu na a kon yi media di kuleʼ ŋutuu yi jur kata yu kulo a wulundö Kenda na yi gboŋ a togeleŋ?	mede nikaŋ na gboŋ ko katodinok diktoron logon ŋarakinda i tole'ya na ŋutu i kadi na wini nagon a ŋarakinda a jur likaŋ lo	2			Kuku	train	5.578093306288032		False	0.11764705882352944	False	4.5230799576024285	0.37295690936106984	True
bc7de5ba8870d8cc13419daa6f9387f0	31897	spontaneous-speech-ukv-31897.mp3	21996	3919	Kita nagong mede nenut/nasu na a kon yi media di kuleʼ ŋutuu yi jur kata yu kulo a wulundö Kenda na yi gboŋ a togeleŋ?	mm mede nio na a tokenda ŋutu yani i meda na na 'bulit na kenda yi ŋo' loŋ kule' a denda ko kune' a denda yala i jonda na taliŋ i midijin kata e i na liŋ ko kulya ti kenda	1			Kuku	train	5.955628296053828		False	0.1964285714285714	False	4.5206736332658375	0.3707280832095097	True
009983f810033d5152ddab92674ee038	32041	spontaneous-speech-ukv-32041.mp3	20268	3919	Kita nagong mede nenut/nasu na a kon yi media di kuleʼ ŋutuu yi jur kata yu kulo a wulundö Kenda na yi gboŋ a togeleŋ?	mede niyo' na a ŋarakinda i robba na ŋojik kule' lo sisi'da mede ni a kilo ŋojik pondi' a ŋutuu loŋ ko 'bulit i mede ni a tikinda ŋutuu kulo i meda di 'bulit na sukulu a na'but gboŋ kata	1			Kuku	train	7.252812314979278		False	0.20765027322404372	False	3.8173615367271716	0.06909361069836553	True
403eb42cb6d7bf4e1ab0b5007a937e98	32092	spontaneous-speech-ukv-32092.mp3	33048	3919	Kita nagong mede nenut/nasu na a kon yi media di kuleʼ ŋutuu yi jur kata yu kulo a wulundö Kenda na yi gboŋ a togeleŋ?	ko yi jambu sukulu 'busan nayit na kune yak kune a denda kodo taju di ti ŋojik iti sukulu kode ti riŋani riŋa ko 'ba kurun lakin 'busan na sukulu na do meda a ŋojik kune lupundi a kinyö lo'but 'ba lupundo a ŋo loŋ loron a yi de 'beya na ko puo lukata a   lakin ko ta si'da ko ŋutu i diŋitan kune liŋ tukoki tukokin ŋutu kulo di do na bgoŋ ti na kode di na jambu ko ŋojik kulo ti na lo bgoŋ jambu ko ŋojik kulo ti na 'ba kiko lo ro'yu 'ba i kikö lo moro bgenge ŋutu loŋ a kurundö  i kikö lo sukulu	1			Kuku	train	11.619462599854756		True	0.3387423935091278	False			False
21ddeb69bfd3e57ad4af5253b149dd0f	32322	spontaneous-speech-ukv-32322.mp3	17100	3919	Kita nagong mede nenut/nasu na a kon yi media di kuleʼ ŋutuu yi jur kata yu kulo a wulundö Kenda na yi gboŋ a togeleŋ?	togeleŋ kasu i mede ko do wulundo 'borik bgoso a katodinonit a kule miradi i na miret a ko 'dok mindi bgoŋ ge net na	1			Kuku	train	5.380116959064327		False	0.053097345132743334	False	7.10544789199968	0.9858841010401189	False
4b430d377aba6a707850db0b3318714e	32648	spontaneous-speech-ukv-32648.mp3	13500	3919	Kita nagong mede nenut/nasu na a kon yi media di kuleʼ ŋutuu yi jur kata yu kulo a wulundö Kenda na yi gboŋ a togeleŋ?	todindö na kulya ti kelan na  a tikinda kule' ŋutuu yi jur kata yu i wulundö na kenda na a togeleng	1			Kuku	train	5.777777777777778		False	0.125	False	3.582821313098218	0.0274888558692422	True
e9dcd66d26b3932c353f71bcc8b69d92	32683	spontaneous-speech-ukv-32683.mp3	14868	3919	Kita nagong mede nenut/nasu na a kon yi media di kuleʼ ŋutuu yi jur kata yu kulo a wulundö Kenda na yi gboŋ a togeleŋ?	do tinda koko yeiyesi kenda na	1			Kuku	train	1.6814635458703255	transcription-length	False	0.03703703703703709	False	3.9889016921601312	0.11367013372956909	True
a9f74c616d972aac0bc6d66da0be03d8	32932	spontaneous-speech-ukv-32932.mp3	12456	3919	Kita nagong mede nenut/nasu na a kon yi media di kuleʼ ŋutuu yi jur kata yu kulo a wulundö Kenda na yi gboŋ a togeleŋ?	tinda na kukuwesi' a ko rijö na könisi anyen weweja' togö na ŋutu i kenda	2			Kuku	train	4.816955684007708		False	0.04225352112676062	False	4.503721425489401	0.36329866270430905	True
eaf2feaa162e2c5b79c0a23abcdce106	33255	spontaneous-speech-ukv-33255.mp3	19476	3919	Kita nagong mede nenut/nasu na a kon yi media di kuleʼ ŋutuu yi jur kata yu kulo a wulundö Kenda na yi gboŋ a togeleŋ?	kenda nyenagon a ŋo togeleŋ köti kenda na tinda do i momorani na ŋo liŋ nago do mimindi konu i gwiliŋet köti kenda tinda do bgoŋ logo yi 'depadu na gwiliŋet i lot lo mede köti ko i si'da ko joran köti ko jur 'bukuluŋ	1			Kuku	train	8.831382214006984		False	0.23474178403755863	False	5.0443583659644915	0.6307578008915304	False
03e89de29fa51f461c7ffb62db7c8e0d	33523	spontaneous-speech-ukv-33523.mp3	8496	3919	Kita nagong mede nenut/nasu na a kon yi media di kuleʼ ŋutuu yi jur kata yu kulo a wulundö Kenda na yi gboŋ a togeleŋ?	e yi a met nagon di kule ŋutu a wulundö kenda na a togeleŋ i jur ni	1			Kuku	train	6.002824858757061		False	0.0	False	4.704866884656791	0.48588410104011887	True
8f02d83adfcef5096940ee32cf3acb24	34173	spontaneous-speech-ukv-34173.mp3	16416	3919	Kita nagong mede nenut/nasu na a kon yi media di kuleʼ ŋutuu yi jur kata yu kulo a wulundö Kenda na yi gboŋ a togeleŋ?	ko naŋ mede niyo na kon na i kukuju na kayuŋak ko ŋojik kase kega i loki na kulya ti kenda anyen ko 'bu'bulö wulunda kenda na a ŋo togeleŋ 	1			Kuku	train	6.639863547758284		False	0.1029411764705882	False	4.44578925594242	0.3350668647845468	True
c4b295f61c6417a48253b975d0db3dc3	29734	spontaneous-speech-ukv-29734.mp3	22788	3954	Ti nan ködö nyösiʼ kulon kinyojin anyen nan gboŋ ko mugun naʼbut perok liŋ?	ti nan kodo nyesi kiyönji gboke a dodo ŋete kabeji ma'di kulye loŋ gboke burusut a marage lokore katelok sya ama'di kule' logon gbeti gboŋoti wole ti nan kodo nyesi nyesu	1			Kuku	train	6.143584342636475		False	0.19161676646706582	False	6.504719600367316	0.9517087667161961	False
d61dfa8687c5e5b0d0a9ab598550b381	30253	spontaneous-speech-ukv-30253.mp3	29268	3954	Ti nan ködö nyösiʼ kulon kinyojin anyen nan gboŋ ko mugun naʼbut perok liŋ?	ti do ködö möji' piyoŋ jore nagon tetemakinda ti do nyesi kinyöjin logon a lo'but gboso ko doruö ko kinyöjin logon tinda ŋutu' gwon ko riŋit a ŋutu' ko'yi' kinyöjin logon jounda reto gboso 'dötilön logoŋ a welet kinyöjin lo mamatai gboso ko yawa ko kule' ŋo' lorok gboso kilo	1			Kuku	train	7.721743884105508		True	0.2647058823529411	False			False
21ddeb69bfd3e57ad4af5253b149dd0f	31466	spontaneous-speech-ukv-31466.mp3	17496	3954	Ti nan ködö nyösiʼ kulon kinyojin anyen nan gboŋ ko mugun naʼbut perok liŋ?	ma mugun net na a gbogboŋ a na'but do kodo yesu ŋo' gbeŋge koropo ŋo gbeŋge loputu' ŋo gbeŋge janjaru ŋo gbeŋge luduöki anyen mugun gboŋ a nabut	1			Kuku	train	6.68724279835391		False	0.24113475177304966	False	5.338536659046312	0.736255572065379	False
3595372adebe9fa78cb5dbf05ddc6d75	31849	spontaneous-speech-ukv-31849.mp3	13860	3954	Ti nan ködö nyösiʼ kulon kinyojin anyen nan gboŋ ko mugun naʼbut perok liŋ?	ma mogun niyo na a gboŋ na'bot nan ködö möju lee a nan  yesi' lokore na sukuri 	1			Kuku	train	4.401154401154401		False	0.03947368421052633	False	5.661090436416938	0.8268945022288261	False
403eb42cb6d7bf4e1ab0b5007a937e98	31979	spontaneous-speech-ukv-31979.mp3	35100	3954	Ti nan ködö nyösiʼ kulon kinyojin anyen nan gboŋ ko mugun naʼbut perok liŋ?	'dötilön loŋ yi yesu se kulo a janjaru ko i na iloŋ na gbe na kode' i lo  ŋete ko i kilo ŋo lo luŋo di gudura lo kilo ŋo' loŋ tiyana i nyanya kaŋ pirit ni kulo yala kiruk ko kine ŋo' na luŋu somot na 'yik'yik kine yi yeyesutö se parik na a ko kó koropo' ti kädi kode lakabi kode kaata' kilo ŋo 'dok i yeyesu kilo 'dötilön loŋ kaaŋ ni i parik karakinda 'barik ko se kulo  	1			Kuku	train	8.262108262108262		True	0.245945945945946	False			False
b5f5d64520d7376baeef5ca553c0c675	32099	spontaneous-speech-ukv-32099.mp3	46296	3954	Ti nan ködö nyösiʼ kulon kinyojin anyen nan gboŋ ko mugun naʼbut perok liŋ?	yesi aii ki'yo ba ki'yo lo geleng lo tiaŋa perok liŋ kinyo kulo ti nyönyöyi a ko kudaraki 'dok katani kinyo gbe liserit janjanju ŋete lokore somot katelok kilo kinyojin liŋ ko kabejiyot ko dodojin ko sukumawiki ti nyönyöi liŋ a ko kudaraki geko matokee ko kilo matoke kulo 'bugu kulo a ko lemunyön maŋgaa kilo liŋ do nyönyö ma mogun net na gboŋ na'but	1			Kuku	train	6.199239675133921		True	0.23275862068965514	False			False
009983f810033d5152ddab92674ee038	32142	spontaneous-speech-ukv-32142.mp3	16236	3954	Ti nan ködö nyösiʼ kulon kinyojin anyen nan gboŋ ko mugun naʼbut perok liŋ?	nan ködö yesu kinyo loŋ a koropo a ko ludweki se lo tikinda mugun niyo' na anyen gboŋ na'but	2			Kuku	train	4.557772850455777		False	0.022471910112359605	False	4.229208082754777	0.22956909361069835	True
bc7de5ba8870d8cc13419daa6f9387f0	32152	spontaneous-speech-ukv-32152.mp3	9576	3954	Ti nan ködö nyösiʼ kulon kinyojin anyen nan gboŋ ko mugun naʼbut perok liŋ?	anyen na gboŋ ko mugun na 'but kodó tiin nyesi ludöki ko ŋete ko lokore na doḱ	1			Kuku	train	6.683375104427736		False	0.06493506493506496	False	5.54847541637391	0.7942050520059435	False
03e89de29fa51f461c7ffb62db7c8e0d	32805	spontaneous-speech-ukv-32805.mp3	18288	3954	Ti nan ködö nyösiʼ kulon kinyojin anyen nan gboŋ ko mugun naʼbut perok liŋ?	anyen nan gboŋ ko mugun na'but perok liŋ nanködö nyedu kinyojin gbeti sokums janjaru lokore kode' katelok ko kabeji	1			Kuku	train	5.304024496937883		False	0.0357142857142857	False	5.8210542575615145	0.861812778603269	False
a9f74c616d972aac0bc6d66da0be03d8	33080	spontaneous-speech-ukv-33080.mp3	9000	3954	Ti nan ködö nyösiʼ kulon kinyojin anyen nan gboŋ ko mugun naʼbut perok liŋ?	do wewja' yesu ma ludööki' anyen mugun net na gboŋ na'but yi diŋitan liŋ	1			Kuku	train	6.555555555555555		False	0.0	False	4.0335152956856755	0.13298662704309064	True
4b430d377aba6a707850db0b3318714e	33287	spontaneous-speech-ukv-33287.mp3	20340	3954	Ti nan ködö nyösiʼ kulon kinyojin anyen nan gboŋ ko mugun naʼbut perok liŋ?	um ŋo loŋ lo'but miyi 'dotilä loŋ lo'but miyi gboŋ 'burä katani kuló ko i yeyesu 'burusut gbandá ko kaatá kilo 'dätilä loŋ lo'but lo'but ŋaŋarikindá i mogun ni yalá 'dok titidá riŋit na na'bijo parik	1			Kuku	train	8.55457227138643		False	0.20873786407766992	False	5.159024313641171	0.6731054977711739	False
e9dcd66d26b3932c353f71bcc8b69d92	33425	spontaneous-speech-ukv-33425.mp3	12456	3954	Ti nan ködö nyösiʼ kulon kinyojin anyen nan gboŋ ko mugun naʼbut perok liŋ?	kinyöjin lo'but kulo a ŋete ko lokore na yuyurö ko köyumöt nye na tinda mugun net na bgwoŋ na'but	1			Kuku	train	6.342324983943481		False	0.05319148936170215	False	4.664361479540185	0.45839524517087665	True
c4b295f61c6417a48253b975d0db3dc3	29412	spontaneous-speech-ukv-29412.mp3	21276	3944	Döti nagoŋ do nyanyar parik na a nyo?	'döti nagon nan nyanyar parik na a koropo to dodo kode' rele kogboŋ lepeŋ na na'but konda 'börik a na tör yala ŋarakinda ko do ko moyit köluk kulo ko mimiyen kata yu a gbe'de ge wini ŋarakinda moyityi miye	1			Kuku	train	7.802218462116939		False	0.12376237623762376	False	4.640030226659188	0.44205052005943535	True
03e89de29fa51f461c7ffb62db7c8e0d	30024	spontaneous-speech-ukv-30024.mp3	5616	3944	Döti nagoŋ do nyanyar parik na a nyo?	Geeda, 'döti' naaŋ nan nyanyar parik na luparate'	1			Kuku	train	7.478632478632478		True	0.0	False			False
d61dfa8687c5e5b0d0a9ab598550b381	30256	spontaneous-speech-ukv-30256.mp3	6876	3944	Döti nagoŋ do nyanyar parik na a nyo?	'deti nagon nan nyanyar parik na a luparate na loputu	1			Kuku	train	6.3990692262943565		False	0.020000000000000018	False	4.903917958716803	0.5728083209509658	True
bc7de5ba8870d8cc13419daa6f9387f0	31474	spontaneous-speech-ukv-31474.mp3	21708	3944	Döti nagoŋ do nyanyar parik na a nyo?	'deti nagon 'n nyanyar parik na a 'deti niyaŋ na jur na 'deti niyaŋ na kuku na 'n nyanyar mijok parik asan a 'deti niyaŋ  na ŋutu ti kuku 'deti  naŋ yi nyönyö  parik na	1			Kuku	train	6.03464160678091		False	0.37575757575757573	True			False
3595372adebe9fa78cb5dbf05ddc6d75	31484	spontaneous-speech-ukv-31484.mp3	8028	3944	Döti nagoŋ do nyanyar parik na a nyo?	'döti naŋ na nyanyar parik na a ŋete ko 'diloŋ na maaisika 	1			Kuku	train	5.854509217737917		False	0.0535714285714286	False	5.670662719669678	0.8298662704309064	False
009983f810033d5152ddab92674ee038	31568	spontaneous-speech-ukv-31568.mp3	11916	3944	Döti nagoŋ do nyanyar parik na a nyo?	'deti naŋ n nyanyar parik na a burukusut a ko ŋete' kogwoŋ kilo a 'detilön kaŋ ti kaje	1			Kuku	train	5.790533736153072		False	0.02409638554216864	False	5.7691094706203225	0.850668647845468	False
ddae0f97a9679a1d5120cea6086416fd	31701	spontaneous-speech-ukv-31701.mp3	8100	3944	Döti nagoŋ do nyanyar parik na a nyo?	nana nyanyar nyesu na koropo' ti loputu' ŋete'	1			Kuku	train	4.814814814814815		False	0.0	False	5.551394905236411	0.7956909361069836	False
b5f5d64520d7376baeef5ca553c0c675	31778	spontaneous-speech-ukv-31778.mp3	5436	3944	Döti nagoŋ do nyanyar parik na a nyo?	'döti naŋ un nyanyay parik na a pasiko na miji	1			Kuku	train	6.806475349521707		True	0.023255813953488413	False			False
21ddeb69bfd3e57ad4af5253b149dd0f	31780	spontaneous-speech-ukv-31780.mp3	17748	3944	Döti nagoŋ do nyanyar parik na a nyo?	a 'dötilön logon nan nyanyar parik kulo  a kilo a döruwö a ko ŋo gbeŋge ko janjaro a ko ludeyeki kilo ŋo' logon nan nyanyar parik	1			Kuku	train	5.803470813612801		False	0.24603174603174605	False	4.426968446542771	0.3224368499257058	True
403eb42cb6d7bf4e1ab0b5007a937e98	32210	spontaneous-speech-ukv-32210.mp3	29988	3944	Döti nagoŋ do nyanyar parik na a nyo?	'deti naŋ yi nyönyön na a 'deti na kilo 'dötilon kaŋ belet ko brusto ko loputu' luparate ko 'diloŋ  navmaasika kode' na gbanda kilo ŋo kaŋ loŋ yi nyönyö kulo loruwök bge ko ŋete' kase pöndu kilo ŋo logon yi nyönyö a ko giyari logon yi gboŋ katani lo kilo 'dötilön loŋ yi nyanyar parik	1			Kuku	train	7.636387888488729		True	0.24911032028469748	False			False
e9dcd66d26b3932c353f71bcc8b69d92	32991	spontaneous-speech-ukv-32991.mp3	13968	3944	Döti nagoŋ do nyanyar parik na a nyo?	'döti' nagoŋ nan nyanyar parik na  yi a 'doti' na dera ko köyimö nagoŋ yuyurö tamam parik nye na nan nyanyar nan nyenyesu ko pusök	1			Kuku	train	7.517182130584192		False	0.2362204724409449	False	5.100920831889533	0.6530460624071323	False
eaf2feaa162e2c5b79c0a23abcdce106	33267	spontaneous-speech-ukv-33267.mp3	12348	3944	Döti nagoŋ do nyanyar parik na a nyo?	naon nan nyanysr parik na a 'döti na loputu' nagoŋ dera ko luparate' nagon dera ko köyimöt	1			Kuku	train	5.992873339812115		False	0.11494252873563215	False	5.4322087481766435	0.7592867756315007	False
4b430d377aba6a707850db0b3318714e	33343	spontaneous-speech-ukv-33343.mp3	16956	3944	Döti nagoŋ do nyanyar parik na a nyo?	'döti naŋ nan nyanyaŗ parik na yi na a pasiko na miji yina 'döti naŋ nan nyarnyar parik parik parik na lakin kulye kulo nan 'ba nyar parik gboso nagon nan nyarji  pasiko na miji na	1			Kuku	train	8.551545175748998		False	0.3932584269662921	True			False
a9f74c616d972aac0bc6d66da0be03d8	33639	spontaneous-speech-ukv-33639.mp3	3960	3944	Döti nagoŋ do nyanyar parik na a nyo?	ŋete nagon nan nyanyar parik	1			Kuku	train	6.0606060606060606		True	0.0	False			False
8f02d83adfcef5096940ee32cf3acb24	34289	spontaneous-speech-ukv-34289.mp3	12816	3944	Döti nagoŋ do nyanyar parik na a nyo?	'döti nagon nan nyanyar parik anyen nan yeyesu ko ̵pusök gbak na  a janjaro nye nagon  'nnyanyar	1			Kuku	train	6.086142322097378		False	0.11827956989247312	False	4.051991959013978	0.14413075780089152	True
c4b295f61c6417a48253b975d0db3dc3	29691	spontaneous-speech-ukv-29691.mp3	14076	3932	Kenda na ngona a ŋrsakinda do dinyo yi kulya ti ŋoʼ na kinda ʼböri yi Kiden na ŋutuu?	kenda na ŋarakinda nan yi denunda na ŋo' nagon a wuröki yi ŋo' nagon  ködyö  nan titimun a nan dendi galakinda kiko' logon a lorigbo'	1			Kuku	train	7.6015913611821535		False	0.2384615384615385	False	4.585773042429016	0.4115898959881129	True
d61dfa8687c5e5b0d0a9ab598550b381	30389	spontaneous-speech-ukv-30389.mp3	26820	3932	Kenda na ngona a ŋrsakinda do dinyo yi kulya ti ŋoʼ na kinda ʼböri yi Kiden na ŋutuu?	kenda na a ŋarakinda nan parik i kulya ti  ŋo na konda 'börik i kiden na ŋutu nan denede jambu ko ŋutu ko nene ŋo na konda 'börik di wulek nan dende kunyarju nan dende ŋarakinda na ŋutu kulo nan bulöne bulo i yutakinda na ŋutu kulo i kebu na saresi logon se lo kepo	1			Kuku	train	7.829977628635347		False	0.3549618320610687	False	4.211958600458584	0.22288261515601784	True
b5f5d64520d7376baeef5ca553c0c675	31851	spontaneous-speech-ukv-31851.mp3	9288	3932	Kenda na ngona a ŋrsakinda do dinyo yi kulya ti ŋoʼ na kinda ʼböri yi Kiden na ŋutuu?	 'nweja' ŋarakinda na yak kulo yi yeyeesi' naŋ koo kodö konda nyo	1			Kuku	train	5.706287683031869		False	0.032258064516129004	False	4.808621692027585	0.5349182763744428	True
3595372adebe9fa78cb5dbf05ddc6d75	31878	spontaneous-speech-ukv-31878.mp3	16236	3932	Kenda na ngona a ŋrsakinda do dinyo yi kulya ti ŋoʼ na kinda ʼböri yi Kiden na ŋutuu?	kenda na ŋarakinda nan yi kukuju na ŋutuu nagon kaaŋ yi kiden	1			Kuku	train	3.0795762503079573		False	0.13793103448275867	False	3.6649690285257326	0.03863298662704309	True
ddae0f97a9679a1d5120cea6086416fd	31930	spontaneous-speech-ukv-31930.mp3	16740	3932	Kenda na ngona a ŋrsakinda do dinyo yi kulya ti ŋoʼ na kinda ʼböri yi Kiden na ŋutuu?	ko do a kenda do gboŋ a nago yi  liwa yi kiden na ŋutulu köti do nyonyoba i kiden na ŋutulu ama ko do 'ba kenda do gboŋ ko yu na kuwe	1			Kuku	train	6.033452807646356		False	0.27692307692307694	False	5.161913715226244	0.674591381872214	False
009983f810033d5152ddab92674ee038	32029	spontaneous-speech-ukv-32029.mp3	13716	3932	Kenda na ngona a ŋrsakinda do dinyo yi kulya ti ŋoʼ na kinda ʼböri yi Kiden na ŋutuu?	kenda na a tinda na yi gboŋ a nago' yi tikinda na rukesi' kode' na ŋariyesi' yi ŋo na konda 'börik yi ŋutulu kiden	1			Kuku	train	6.63458734324876		False	0.18018018018018023	False	4.160996077830855	0.1961367013372957	True
403eb42cb6d7bf4e1ab0b5007a937e98	32179	spontaneous-speech-ukv-32179.mp3	27720	3932	Kenda na ngona a ŋrsakinda do dinyo yi kulya ti ŋoʼ na kinda ʼböri yi Kiden na ŋutuu?	tiyanana ŋutuu kune a kenda denede kune ponyon naŋ ŋutuu kune kita ko se kune do sondi' ŋo' kune yi ko'buŋät do jajambu ko kulya na kunu diyo a tiga ile ko pon 'ban lakin ko pon na kata ŋo' kune liŋ poonda pölöyaö majuk ko do nu luŋgu ko nye lu a lele' ŋutu lo luŋu di lo kita yi kadi na wini lepeŋ lo siya' ruggö di wulek asan  a den namba kulök kata ko lepeŋ ni 	1			Kuku	train	10.281385281385282		False	0.2016574585635359	False	5.772916479715271	0.8514115898959881	False
bc7de5ba8870d8cc13419daa6f9387f0	32216	spontaneous-speech-ukv-32216.mp3	9828	3932	Kenda na ngona a ŋrsakinda do dinyo yi kulya ti ŋoʼ na kinda ʼböri yi Kiden na ŋutuu?	kenda na a ŋarakinda nan  yi wurjö 'bura a yi tinda na jujuwesi  ko kune ŋutulu	1			Kuku	train	6.308506308506309		False	0.13157894736842102	False	3.423340571642813	0.01634472511144131	True
03e89de29fa51f461c7ffb62db7c8e0d	33281	spontaneous-speech-ukv-33281.mp3	6588	3932	Kenda na ngona a ŋrsakinda do dinyo yi kulya ti ŋoʼ na kinda ʼböri yi Kiden na ŋutuu?	kenda na a ŋarakinda i tinda na nan na yeiyesi na luduk	1			Kuku	train	6.678809957498482		False	0.17307692307692313	False	3.3014503824895236	0.008915304606240713	True
a9f74c616d972aac0bc6d66da0be03d8	33435	spontaneous-speech-ukv-33435.mp3	9288	3932	Kenda na ngona a ŋrsakinda do dinyo yi kulya ti ŋoʼ na kinda ʼböri yi Kiden na ŋutuu?	kenda na tikinda ŋutu' yi denda na koŋon a tikindi ŋutu' yi logu na ŋutuu i gbokiyot .	1			Kuku	train	7.428940568475452		False	0.2650602409638554	False	3.555913779132096	0.02526002971768202	True
4b430d377aba6a707850db0b3318714e	33561	spontaneous-speech-ukv-33561.mp3	14688	3932	Kenda na ngona a ŋrsakinda do dinyo yi kulya ti ŋoʼ na kinda ʼböri yi Kiden na ŋutuu?	yiŋara aa  kenda na ŋarakinda nan parik  yi denda na kulya ti taliŋ  wo ko kule' ŋutu' gbon ko wuwuŋi kase mede aan bulönibulö ŋarakinda na koko	1			Kuku	train	7.829520697167756		False	0.17021276595744683	False	4.12298557805943	0.17904903417533433	True
c4b295f61c6417a48253b975d0db3dc3	29583	spontaneous-speech-ukv-29583.mp3	23616	3921	Ŋona sukuluwöt na gboŋ kasu yi jur kune kökölökin ŋojik nawate ko luwaliyan kulo yi tödinö jojo?	denesi na'but ko a tiki ko de ko ŋutu kulo a den 'busan na tokenani ŋojik na wate ko  tikinda lulaliyan kune a do puji di a ŋo ŋutu kulo liŋ nyare nyar a tikinda kode bgoŋ i jur ni a lo'but i tikinda ŋojik i sukulu	1			Kuku	train	7.071476964769648		False	0.19905213270142175	False	4.311342621979855	0.27340267459138184	True
03e89de29fa51f461c7ffb62db7c8e0d	30119	spontaneous-speech-ukv-30119.mp3	9036	3921	Ŋona sukuluwöt na gboŋ kasu yi jur kune kökölökin ŋojik nawate ko luwaliyan kulo yi tödinö jojo?	sukulluwöt na gboŋ kanŋ  i jur ni kune kökölökindö ŋojik nawate ko laliyan kulo yi todindö a jojo	1			Kuku	train	8.742806551571492		False	0.021276595744680882	False	4.5417021260766255	0.38410104011887075	True
3595372adebe9fa78cb5dbf05ddc6d75	31615	spontaneous-speech-ukv-31615.mp3	13680	3921	Ŋona sukuluwöt na gboŋ kasu yi jur kune kökölökin ŋojik nawate ko luwaliyan kulo yi tödinö jojo?	kulo kiŋajin sukuluöt kune a kolökin ŋojik luwaliyan ko na wate kune kenda jojo	1			Kuku	train	4.824561403508772		False	0.03947368421052633	False	4.162538759680828	0.19836552748885586	True
ddae0f97a9679a1d5120cea6086416fd	31744	spontaneous-speech-ukv-31744.mp3	10908	3921	Ŋona sukuluwöt na gboŋ kasu yi jur kune kökölökin ŋojik nawate ko luwaliyan kulo yi tödinö jojo?	ee sukuluöt aa kaŋ gboke ni kune kolokindo ŋojik nawate ko luwaliyan kulo jojo	1			Kuku	train	5.958929226255959		False	0.013333333333333308	False	4.2239501239428305	0.22659732540861813	True
bc7de5ba8870d8cc13419daa6f9387f0	31969	spontaneous-speech-ukv-31969.mp3	2808	3921	Ŋona sukuluwöt na gboŋ kasu yi jur kune kökölökin ŋojik nawate ko luwaliyan kulo yi tödinö jojo?	ee kokolokindo	1			Kuku	train	4.629629629629629		True	0.0	False			False
21ddeb69bfd3e57ad4af5253b149dd0f	32100	spontaneous-speech-ukv-32100.mp3	21420	3921	Ŋona sukuluwöt na gboŋ kasu yi jur kune kökölökin ŋojik nawate ko luwaliyan kulo yi tödinö jojo?	yani do pujö naŋ di tiyanan ŋojik nawate ko luwalian tiki i sukulu lakin koju na do pujö naŋ di wate kune a ri'diki mede a tu sukulu kobgoŋ adi ko kunu de tu i kikölin logon 'ban lo'but tiyanana ŋojik kune liŋ tiki i sukulu	1			Kuku	train	8.309990662931838		False	0.2272727272727273	False	4.3516202601626555	0.29271916790490343	True
403eb42cb6d7bf4e1ab0b5007a937e98	32319	spontaneous-speech-ukv-32319.mp3	22356	3921	Ŋona sukuluwöt na gboŋ kasu yi jur kune kökölökin ŋojik nawate ko luwaliyan kulo yi tödinö jojo?	sukuluöt kune kokölökindö tiyanana ŋojik nawate ko luwaliyan kune yi kenda musan kak na a ke ŋaju kodyö ko 'beron nu adi ŋojik luwaliyan a mora ko wate lakin tiyanana  yi gbokiyot lo pajo pajo kulo kine kulya gwe konda na 'borik	2			Kuku	train	8.319914117015566		False	0.1777777777777778	False	4.877757239923626	0.563150074294205	True
eaf2feaa162e2c5b79c0a23abcdce106	32716	spontaneous-speech-ukv-32716.mp3	15156	3921	Ŋona sukuluwöt na gboŋ kasu yi jur kune kökölökin ŋojik nawate ko luwaliyan kulo yi tödinö jojo?	koju 'beron nu ŋojik luwaliyan se lo kenda ŋojik nawate kune sida mede a kenda ama soŋinana ŋojik luwalian ko nawate kune kendi' jojo yi sukulu yu	1			Kuku	train	7.91765637371338		False	0.21678321678321677	False	4.20652340418124	0.21842496285289748	True
4b430d377aba6a707850db0b3318714e	33451	spontaneous-speech-ukv-33451.mp3	22248	3921	Ŋona sukuluwöt na gboŋ kasu yi jur kune kökölökin ŋojik nawate ko luwaliyan kulo yi tödinö jojo?	e tiyanana ŋojik nawate kune kökölöki i kenda lakin 'beron na ködö ŋojik luwalian lo kenda a ŋojik nawate kune gbe'deŋe mede e kine todinesi' naŋ ko ponda tiyana ko konda 'börik kendi kenda wate kune kendi kenda jojo ko laliyan kulo	2			Kuku	train	8.585041352031643		False	0.27510917030567683	False	4.058739012960044	0.1485884101040119	True
a9f74c616d972aac0bc6d66da0be03d8	33699	spontaneous-speech-ukv-33699.mp3	7128	3921	Ŋona sukuluwöt na gboŋ kasu yi jur kune kökölökin ŋojik nawate ko luwaliyan kulo yi tödinö jojo?	ŋojik nawate ko lulali luwaliyan kulo kekenda  yi pirit na geleŋ	1			Kuku	train	7.435465768799102		False	0.0	False	3.3505216971890692	0.011144130757800892	True
e9dcd66d26b3932c353f71bcc8b69d92	33796	spontaneous-speech-ukv-33796.mp3	11628	3921	Ŋona sukuluwöt na gboŋ kasu yi jur kune kökölökin ŋojik nawate ko luwaliyan kulo yi tödinö jojo?	ƙöju na ŋojik kulo a ruköki yi kenda lakini tinana ŋojik kulo tiyana ŋojik kulo ruruköki yi kenda ajejo	1			Kuku	train	7.309941520467836		False	0.36	True			False
8f02d83adfcef5096940ee32cf3acb24	34254	spontaneous-speech-ukv-34254.mp3	13356	3921	Ŋona sukuluwöt na gboŋ kasu yi jur kune kökölökin ŋojik nawate ko luwaliyan kulo yi tödinö jojo?	köju 'beron na ŋojik nawate kune a kölöki yi kenda 'boŋ tiyanana ŋojik nawate kune kendi jojo ko ŋojik luwaliyan kulo yi pirit nageleŋ	1			Kuku	train	8.310871518418688		False	0.1984732824427481	False	3.3981864754829334	0.01411589895988113	True
c4b295f61c6417a48253b975d0db3dc3	29721	spontaneous-speech-ukv-29721.mp3	5688	3942	Do ʼdeʼya gurusu könuk kene yi beŋge?	ee na 'de'ya gurusu kune i beki bai mede 	1			Kuku	train	5.625879043600563		True	0.0	False			False
d61dfa8687c5e5b0d0a9ab598550b381	30374	spontaneous-speech-ukv-30374.mp3	10620	3942	Do ʼdeʼya gurusu könuk kene yi beŋge?	Ye nan 'de'ya gurusu kuwe' kune i benge 'boŋ kune 'dok kata nagon nan 'de'ya ko i i' könisi ti kulye ŋutuu logon nan yiyinikin	1			Kuku	train	9.6045197740113		False	0.1382113821138211	False	4.612897834652967	0.4264487369985141	True
ddae0f97a9679a1d5120cea6086416fd	31605	spontaneous-speech-ukv-31605.mp3	20628	3942	Do ʼdeʼya gurusu könuk kene yi beŋge?	ee nan 'de'ya gurusu yi benge köti nan a tikinda yi piritön   nagon gbenge asoso anyen nam weweja ŋarakinda na 'barik yi digit nagon tika kata 	1			Kuku	train	5.574946674423114		False	0.1071428571428571	False	4.120322144193218	0.17682020802377416	True
3595372adebe9fa78cb5dbf05ddc6d75	31777	spontaneous-speech-ukv-31777.mp3	9396	3942	Do ʼdeʼya gurusu könuk kene yi beŋge?	eee gurusu kune yi 'de'ya i beŋge	1			Kuku	train	2.8735632183908044	transcription-length	False	0.0	False	4.677281071230383	0.46656760772659733	True
009983f810033d5152ddab92674ee038	31917	spontaneous-speech-ukv-31917.mp3	7956	3942	Do ʼdeʼya gurusu könuk kene yi beŋge?	ye nan 'delya gurusu kuwe kune i beŋ	1			Kuku	train	3.645047762694821		False	0.0	False	4.928504259238224	0.5839524517087668	True
b5f5d64520d7376baeef5ca553c0c675	32095	spontaneous-speech-ukv-32095.mp3	10188	3942	Do ʼdeʼya gurusu könuk kene yi beŋge?	e e' 'n a 'de'ya gurusu kuwe kune i bongo n 'de'ya gurusu kuwe kune i köbuŋwöt	1			Kuku	train	6.0855908912446015		False	0.31999999999999995	False	4.130071717890892	0.18202080237741455	True
403eb42cb6d7bf4e1ab0b5007a937e98	32280	spontaneous-speech-ukv-32280.mp3	18900	3942	Do ʼdeʼya gurusu könuk kene yi beŋge?	'dela na gurut i baŋ na a na'but lakin ko gurustöt net na a 'dur a do nu 'de'yi ŋo' net mede asan ide na puji do diŋit do i'dumunda jonga a koloŋ	1			Kuku	train	5.978835978835978		False	0.09154929577464788	False	6.322510130203998	0.936849925705795	False
21ddeb69bfd3e57ad4af5253b149dd0f	32336	spontaneous-speech-ukv-32336.mp3	10476	3942	Do ʼdeʼya gurusu könuk kene yi beŋge?	aa  'nde'ya ŋo' kuwe kadi kode' kune kulya na ko 'bödu a do nu wögiri ŋo' kunök to 	1			Kuku	train	6.109201985490645		False	0.07499999999999996	False	6.873468184863382	0.975482912332838	False
a9f74c616d972aac0bc6d66da0be03d8	32955	spontaneous-speech-ukv-32955.mp3	15480	3942	Do ʼdeʼya gurusu könuk kene yi beŋge?	nan wewej 'de'ya na gurut kuwe i baŋ i benge kobgoŋ i na a pirit naŋ nan a yinikin di gurut kuwe kune gagayi a na'but	1			Kuku	train	5.943152454780361		False	0.1228070175438597	False	4.476727459743438	0.35066864784546803	True
03e89de29fa51f461c7ffb62db7c8e0d	32959	spontaneous-speech-ukv-32959.mp3	5760	3942	Do ʼdeʼya gurusu könuk kene yi beŋge?	e nan 'de'ya gurusu kuwe' kune yi beŋ	1			Kuku	train	5.208333333333334		True	0.0	False			False
eaf2feaa162e2c5b79c0a23abcdce106	33020	spontaneous-speech-ukv-33020.mp3	6588	3942	Do ʼdeʼya gurusu könuk kene yi beŋge?	nan 'de'ya gurusu kune yi baŋ	2			Kuku	train	3.6429872495446265		False	0.0	False	3.7137975867075452	0.05052005943536404	True
4b430d377aba6a707850db0b3318714e	33645	spontaneous-speech-ukv-33645.mp3	17928	3942	Do ʼdeʼya gurusu könuk kene yi beŋge?	gurusu kuwe' kune um 'de'ya kadi uma 'de'ya gurusu kuwe' yi baŋ jambi' ko mörö na ko 'dukin i diŋit nene a kine gurusu kunu ko kakarakindi ini 'boŋ a na'but naŋ kon de'ya kadi an wagini ŋo' kuwe to	2			Kuku	train	8.813029897367246		False	0.19072164948453607	False	5.29686422379642	0.725854383358098	False
e9dcd66d26b3932c353f71bcc8b69d92	33726	spontaneous-speech-ukv-33726.mp3	4788	3942	Do ʼdeʼya gurusu könuk kene yi beŋge?	tiki nan 'de'ya gurus kuwr kune kadi	1			Kuku	train	6.265664160401002		True	0.0	False			False
8f02d83adfcef5096940ee32cf3acb24	34293	spontaneous-speech-ukv-34293.mp3	13536	3942	Do ʼdeʼya gurusu könuk kene yi beŋge?	eye nan 'de'ya gurusu kuwe' kune yi beŋge kogboŋ yi beŋge yu na gurut kuwe' kune a likin	1			Kuku	train	5.245271867612293		False	0.22352941176470587	False	4.492947107375681	0.3603268945022288	True
c4b295f61c6417a48253b975d0db3dc3	29576	spontaneous-speech-ukv-29576.mp3	16056	3956	Ti Nan ŋona yiti yi jibitaliya daŋin muda yi tema?	temba yapalin musala a ködyö yiti yi tema yi kibitaliya yu yi kode ko na pilinga kona temba mugum niyo na naron kode totomiyö laji ma ko neneŋo ko kata ti  na temani tema yi jibitaliya 	1			Kuku	train	9.217737917289488		False	0.1923076923076923	False	5.843249156090598	0.8684992570579495	False
d61dfa8687c5e5b0d0a9ab598550b381	30264	spontaneous-speech-ukv-30264.mp3	11556	3956	Ti Nan ŋona yiti yi jibitaliya daŋin muda yi tema?	yi diŋitan liŋ nagoŋ nan titimba kode' nan yiŋga lele' ŋo' ban lo'but kuwe mugun ti nan ködö yiti' yi tema	1			Kuku	train	7.442021460713049		False	0.06796116504854366	False	4.6583432009677574	0.4539375928677563	True
21ddeb69bfd3e57ad4af5253b149dd0f	31410	spontaneous-speech-ukv-31410.mp3	13608	3956	Ti Nan ŋona yiti yi jibitaliya daŋin muda yi tema?	ködö ko gbeŋge nan ködö tu jibitaliya yu daŋin musala yi tema anyen nan deden ko ret liyo' lo ŋona a lolon	1			Kuku	train	6.246325690770135		False	0.04854368932038833	False	4.7153790124891986	0.4918276374442793	True
bc7de5ba8870d8cc13419daa6f9387f0	31749	spontaneous-speech-ukv-31749.mp3	21708	3956	Ti Nan ŋona yiti yi jibitaliya daŋin muda yi tema?	aaa mindi di ti nan wöröni' yi jibitaliya yu biyandi' ko di ko di yaa pero geleŋ i yapa ni temba yi yapa na  yiti' tu yi yi siki yiiti' tu meta ti nn memeta diya mugun niyo' na na'but diya' nn na ko kule' reto kuwr mugun ni ŋaŋarakinda parik	1			Kuku	train	8.752533628155518		False	0.17226890756302526	False	5.960701785783136	0.888558692421991	False
3595372adebe9fa78cb5dbf05ddc6d75	31881	spontaneous-speech-ukv-31881.mp3	13320	3956	Ti Nan ŋona yiti yi jibitaliya daŋin muda yi tema?	ko ŋutu toyinga mugun na ŋutu mimiyen a ŋutu iti i jibitali i tema	1			Kuku	train	3.978978978978979		False	0.12698412698412698	False	3.6837395150608914	0.04457652303120357	True
b5f5d64520d7376baeef5ca553c0c675	31906	spontaneous-speech-ukv-31906.mp3	10476	3956	Ti Nan ŋona yiti yi jibitaliya daŋin muda yi tema?	ayi diŋit naŋ 'n moka ayan an iti tu kode kon toyinga mugun niyo na 'ban na'but an ti tu i jibitali i tema	1			Kuku	train	7.92287132493318		False	0.03883495145631066	False	4.683970505803506	0.4725111441307578	True
009983f810033d5152ddab92674ee038	31993	spontaneous-speech-ukv-31993.mp3	18828	3956	Ti Nan ŋona yiti yi jibitaliya daŋin muda yi tema?	tu yi jibitaliya yi tema na do tutu yi diŋit na do yiŋgs tomiyesi' kunök yi mugun a do ti' yi denda ko nyo lo tomijö kode yi diŋit naŋ do miindi denda ko mugun net na gboŋ dinyo kata yu do köti' tutu jibitaliya	1			Kuku	train	8.816656044189505		False	0.26086956521739135	False	4.596162857131371	0.4212481426448737	True
4b430d377aba6a707850db0b3318714e	32785	spontaneous-speech-ukv-32785.mp3	7668	3956	Ti Nan ŋona yiti yi jibitaliya daŋin muda yi tema?	iti i jibitalia daŋin budok i tema	1			Kuku	train	3.651538862806469		False	0.0	False	5.823099536571467	0.862555720653789	False
03e89de29fa51f461c7ffb62db7c8e0d	32875	spontaneous-speech-ukv-32875.mp3	10836	3956	Ti Nan ŋona yiti yi jibitaliya daŋin muda yi tema?	ŋutu' tu yi jibitali yi tema yi daŋin murek yi yapa ni yi suluwet nayit ko yi 'dutet	2			Kuku	train	6.183093392395718		False	0.07407407407407407	False	4.82871413422142	0.5453194650817236	True
a9f74c616d972aac0bc6d66da0be03d8	32943	spontaneous-speech-ukv-32943.mp3	7956	3956	Ti Nan ŋona yiti yi jibitaliya daŋin muda yi tema?	nan tutu yi tema na mugun nio yi diŋit naŋ ko mugun nio a mijö	1			Kuku	train	6.033182503770739		False	0.15254237288135597	False	4.594390065222001	0.41901931649331353	True
eaf2feaa162e2c5b79c0a23abcdce106	33294	spontaneous-speech-ukv-33294.mp3	10800	3956	Ti Nan ŋona yiti yi jibitaliya daŋin muda yi tema?	do tu i jibitali i tema temba i yapa anyen do deden ko mugun nou na ko ret kode ret 'bayin	2			Kuku	train	6.481481481481481		False	0.04597701149425293	False	5.207068597977399	0.6924219910846954	False
e9dcd66d26b3932c353f71bcc8b69d92	33734	spontaneous-speech-ukv-33734.mp3	5976	3956	Ti Nan ŋona yiti yi jibitaliya daŋin muda yi tema?	nan wörö perok liŋ i tema 	1			Kuku	train	3.3467202141900936		True	0.0	False			False
c4b295f61c6417a48253b975d0db3dc3	29717	spontaneous-speech-ukv-29717.mp3	17820	3979	Kulon kikölin logon ʼdoladu ŋwajik kulök yi metesi yi denda net na kenda?	todiniki' na koko na skul kode na kenda aya ko metet nagon di ti koko gbe'de 'bura kode' wöwöro skul yi meta 'bura	1			Kuku	train	5.162738496071829		False	0.15315315315315314	False	5.390821052884065	0.75037147102526	False
d61dfa8687c5e5b0d0a9ab598550b381	30432	spontaneous-speech-ukv-30432.mp3	14040	3979	Kulon kikölin logon ʼdoladu ŋwajik kulök yi metesi yi denda net na kenda?	pusö niyo' nagoŋ nan kukukindi ŋoji yi kulya ti kenda kode' yi nyarju na kenda na tikinda ŋojik kolo köti yi denda di nan nysnyar kulya ti kenda	1			Kuku	train	8.333333333333332		False	0.21276595744680848	False	3.867128796599264	0.08395245170876671	True
3595372adebe9fa78cb5dbf05ddc6d75	31430	spontaneous-speech-ukv-31430.mp3	15120	3979	Kulon kikölin logon ʼdoladu ŋwajik kulök yi metesi yi denda net na kenda?	koko meda luŋasirik kaŋ ko sasirik ko na kenadu ŋor ŋerot kune i kita ko i ŋarakindá na se na gurusu a ko dok kenadi ŋerok 	1			Kuku	train	6.481481481481481		False	0.1322314049586777	False	5.088105958377081	0.6485884101040119	False
bc7de5ba8870d8cc13419daa6f9387f0	31492	spontaneous-speech-ukv-31492.mp3	21600	3979	Kulon kikölin logon ʼdoladu ŋwajik kulök yi metesi yi denda net na kenda?	kenda na a tikinda nan i gwilimŋet lo'but 'o twöju lo ŋ arakinda ko gwiliŋet lo ŋarju na ŋo ko ŋutu' lonŋ ködö miyiindi ŋaraki köti a tikinda nan yi pujö na kukesi ko ŋutulu ka'deka'de	1			Kuku	train	6.898148148148148		False	0.2154696132596685	False	3.8902076942991384	0.08841010401188708	True
009983f810033d5152ddab92674ee038	31797	spontaneous-speech-ukv-31797.mp3	20628	3979	Kulon kikölin logon ʼdoladu ŋwajik kulök yi metesi yi denda net na kenda?	kiko' togeleŋ lo a meda na koko na ŋutu loŋ aje kenda aje momorani 'busan na kenda kikö tomurek lo a yinga na ko ko na saresi ti komonye ko koŋote ko ti ŋutu logongiti a köti ajo kenda	2			Kuku	train	7.07775838665891		False	0.1933701657458563	False	4.533215079305071	0.37964338781575035	True
ddae0f97a9679a1d5120cea6086416fd	31884	spontaneous-speech-ukv-31884.mp3	21996	3979	Kulon kikölin logon ʼdoladu ŋwajik kulök yi metesi yi denda net na kenda?	kikölin ti to'durjo na jur a kikölin logon do mindi bgwoŋ a katodinonit kikölin logon ti 'dela na gurusu titinda ŋwajik kulo i meda petesi nagon adi ti se kendi kenda	1			Kuku	train	6.182942353155118		False	0.1595092024539877	False	4.290578975567344	0.2607726597325409	True
b5f5d64520d7376baeef5ca553c0c675	32150	spontaneous-speech-ukv-32150.mp3	12636	3979	Kulon kikölin logon ʼdoladu ŋwajik kulök yi metesi yi denda net na kenda?	kekenakinda na koko na 'busan na sukulu ko sukulu na jonda nyo ko  kekenda molu	1			Kuku	train	5.064893953782843		False	0.1842105263157895	False	4.286357713118375	0.25705794947994054	True
eaf2feaa162e2c5b79c0a23abcdce106	33116	spontaneous-speech-ukv-33116.mp3	13860	3979	Kulon kikölin logon ʼdoladu ŋwajik kulök yi metesi yi denda net na kenda?	ŋojik kulo ko wöwörö i kanisa temb i sabata ko köti ko tutukuruki	1			Kuku	train	3.823953823953824		False	0.032258064516129004	False	5.528768175586443	0.788261515601783	False
4b430d377aba6a707850db0b3318714e	33485	spontaneous-speech-ukv-33485.mp3	18720	3979	Kulon kikölin logon ʼdoladu ŋwajik kulök yi metesi yi denda net na kenda?	um kenda na a tikinda ŋutuu kulo gboŋ ko metesi' naŋ na'but ee kule' kulo a tinkinda ŋojik kulo wöröni' wöraö yi kenisa ma ko dendenunda kulyet lele'  loŋ ee yi kenisa yu ma koko titijini 'börik 	1			Kuku	train	8.44017094017094		False	0.1606217616580311	False	4.28967613254327	0.2600297176820208	True
03e89de29fa51f461c7ffb62db7c8e0d	33566	spontaneous-speech-ukv-33566.mp3	14976	3979	Kulon kikölin logon ʼdoladu ŋwajik kulök yi metesi yi denda net na kenda?	kikolin logoŋ ma 'dolsddu ŋojik ma denda ns denedi' ti kenda na a kukuju na koko yi kiko' lo'but lo 'doladdu koko yi metesi' ti kenda	1			Kuku	train	7.211538461538461		False	0.18461538461538463	False	4.264795500066098	0.24814264487369986	True
8f02d83adfcef5096940ee32cf3acb24	34304	spontaneous-speech-ukv-34304.mp3	15048	3979	Kulon kikölin logon ʼdoladu ŋwajik kulök yi metesi yi denda net na kenda?	gbiyari logboŋ yi gboŋ ko nye ko ŋojik kulo ko tögu niyo' na koko na tikinda ko yi metandu nan di kenda na na'but parik 	1			Kuku	train	6.313131313131313		False	0.10256410256410253	False	3.970794304016607	0.11069836552748885	True
c4b295f61c6417a48253b975d0db3dc3	29455	spontaneous-speech-ukv-29455.mp3	23400	3955	Kpiyesiʼ na dedena na tuggö di piyoŋ ʼban ko ŋutuʼ yi mugun?	ŋo na tugo'borik di piyoŋ 'bayi konul mugun ni na togeleŋ ko do gboro lowu lo lilikara katawu  do piliga kure tomure a ge'de ko do aa diŋitan kune liŋ do kikira a do ki'duŋ nyoŋakiki piyoŋ na dugo di do 'bakanna piyoŋ yi mugun	1			Kuku	train	7.735042735042734		False	0.1300448430493274	False	6.501762828392222	0.950965824665676	False
d61dfa8687c5e5b0d0a9ab598550b381	30378	spontaneous-speech-ukv-30378.mp3	24120	3955	Kpiyesiʼ na dedena na tuggö di piyoŋ ʼban ko ŋutuʼ yi mugun?	ŋo' na kpeja di piyoŋ 'ban ko ŋutu' yi mugun kule ko ŋutu' kukula kula kune gboŋ nator ko ŋutu pure' yi wara'beron nene' diŋit kuee lo ŋutu' wiwirjö nene' diŋit kuwe lo ŋutu mimiyen 'boŋ nene' diŋit mokosi' ti ŋutu' kulo ko tanya weweli 'boŋ nene diŋit ko ŋutu' kukula  kula kune mimiyen	1			Kuku	train	9.660033167495854		False	0.35915492957746475	False	4.687896957397462	0.475482912332838	True
3595372adebe9fa78cb5dbf05ddc6d75	31528	spontaneous-speech-ukv-31528.mp3	12096	3955	Kpiyesiʼ na dedena na tuggö di piyoŋ ʼban ko ŋutuʼ yi mugun?	ko piyoŋ 'bayin ko ŋutu i mugun kuwen ti ŋutú kulo wora a lokpe riŋit na ŋutu na gboŋ 'bayin 	1			Kuku	train	6.117724867724868		False	0.1428571428571429	False	4.67423716546333	0.4650817236255572	True
bc7de5ba8870d8cc13419daa6f9387f0	31916	spontaneous-speech-ukv-31916.mp3	22788	3955	Kpiyesiʼ na dedena na tuggö di piyoŋ ʼban ko ŋutuʼ yi mugun?	um do pujö di ko mugun na 'bakan na piyoŋ  piyuŋ do do gbong na kuye yani ko do wela  gbonge welet na  nu' a jukin yela diŋitan kune liŋ do toyinga  ŋo kuwe le lu mimiiyen mugun nenut na 'bakan na  riŋit sala kodo wörö riŋit  gbong 'ban 	1			Kuku	train	7.986659645427418		False	0.20512820512820518	False	5.52403544267714	0.7830609212481426	False
ddae0f97a9679a1d5120cea6086416fd	32024	spontaneous-speech-ukv-32024.mp3	14148	3955	Kpiyesiʼ na dedena na tuggö di piyoŋ ʼban ko ŋutuʼ yi mugun?	kepesi nagon tikinda do i denda nagon di piöŋ 'bayin ko ŋutu mugun ni a kuwe let mimiyen parik ko mugun net na riŋit net bgoŋ 'bayin	1			Kuku	train	7.492225049476958		False	0.13953488372093026	False	4.354614060531818	0.2964338781575037	True
009983f810033d5152ddab92674ee038	32026	spontaneous-speech-ukv-32026.mp3	17748	3955	Kpiyesiʼ na dedena na tuggö di piyoŋ ʼban ko ŋutuʼ yi mugun?	kpiyesi kune togeleŋ ko kutuk nena bgoŋ na tiyön tomure ko riŋit nena bgoŋ na'dit guwa ne 'ban na woro yi na tugö di piöŋ ku'dik konu i mugun	1			Kuku	train	6.366914581924724		False	0.10144927536231885	False	5.549249510373216	0.7949479940564635	False
b5f5d64520d7376baeef5ca553c0c675	32281	spontaneous-speech-ukv-32281.mp3	15588	3955	Kpiyesiʼ na dedena na tuggö di piyoŋ ʼban ko ŋutuʼ yi mugun?	piyesi' ge do ŋona sorondu di so naggo' kode' nawin yala piyoŋ kune do möju daŋin muda yi lor ni	1			Kuku	train	4.939697202976649		False	0.021505376344086002	False	6.669089616972988	0.9650817236255572	False
403eb42cb6d7bf4e1ab0b5007a937e98	32302	spontaneous-speech-ukv-32302.mp3	15840	3955	Kpiyesiʼ na dedena na tuggö di piyoŋ ʼban ko ŋutuʼ yi mugun?	mugun net na lalaju nakpe ko piöŋ 'ban konu mugun ni do dudure a tindi mugun net na sayi di bgöt	1			Kuku	train	4.797979797979799		False	0.16129032258064513	False	5.429395342334295	0.7585438335809807	False
21ddeb69bfd3e57ad4af5253b149dd0f	32338	spontaneous-speech-ukv-32338.mp3	12528	3955	Kpiyesiʼ na dedena na tuggö di piyoŋ ʼban ko ŋutuʼ yi mugun?	yani do titimba di piyoŋ könuk 'ban könuk mugun ni ne' diŋit to toyiŋga kuwe ne mimiyen nene' diŋit mugun net na gboŋ 'bakan na guwa'	2			Kuku	train	8.620689655172413		False	0.15384615384615385	False	4.588396296890879	0.413075780089153	True
eaf2feaa162e2c5b79c0a23abcdce106	32897	spontaneous-speech-ukv-32897.mp3	9108	3955	Kpiyesiʼ na dedena na tuggö di piyoŋ ʼban ko ŋutuʼ yi mugun?	Ko piyoŋ 'ban ko ŋutu' yi mugun mugun na ŋutu' na gbon a na sok ko ririŋön	2			Kuku	train	6.368028107158541		False	0.15492957746478875	False	4.670282379911945	0.462109955423477	True
4b430d377aba6a707850db0b3318714e	32903	spontaneous-speech-ukv-32903.mp3	10908	3955	Kpiyesiʼ na dedena na tuggö di piyoŋ ʼban ko ŋutuʼ yi mugun?	ŋo' na kpeja di piyoŋ 'ban kunö mugun ni na ko kutuk net na tototiyon yina tuggö di piyoŋ 'ban könuk mugun ni	1			Kuku	train	7.975797579757976		False	0.21698113207547165	False	4.4951842872216625	0.36181277860326894	True
03e89de29fa51f461c7ffb62db7c8e0d	32907	spontaneous-speech-ukv-32907.mp3	10296	3955	Kpiyesiʼ na dedena na tuggö di piyoŋ ʼban ko ŋutuʼ yi mugun?	ŋo na kpeja di piöŋ 'ban konuk mugun na a warogu na 'böriköt net a ko kpekpeja na mugun net i pirit ma geleŋ	1			Kuku	train	8.255633255633256		False	0.1428571428571429	False	4.621108113788638	0.4323922734026746	True
a9f74c616d972aac0bc6d66da0be03d8	33321	spontaneous-speech-ukv-33321.mp3	5076	3955	Kpiyesiʼ na dedena na tuggö di piyoŋ ʼban ko ŋutuʼ yi mugun?	toyiŋga na kure a ko tomunyan na mugun	1			Kuku	train	6.107171000788021		True	0.02857142857142858	False			False
e9dcd66d26b3932c353f71bcc8b69d92	33749	spontaneous-speech-ukv-33749.mp3	8316	3955	Kpiyesiʼ na dedena na tuggö di piyoŋ ʼban ko ŋutuʼ yi mugun?	ko pioŋ 'ban könuk i mugun do toyiŋga 'börik mugun net na sosokan	2			Kuku	train	6.373256373256373		False	0.06451612903225812	False	4.576558217332612	0.40713224368499257	True
8f02d83adfcef5096940ee32cf3acb24	34292	spontaneous-speech-ukv-34292.mp3	16236	3955	Kpiyesiʼ na dedena na tuggö di piyoŋ ʼban ko ŋutuʼ yi mugun?	anyen do denda di ŋutu lo 'bakan piöŋ i mugun mugun na lepeŋ na 'da'dangu a bge nakpe murek nayit na lepeŋ lo 'bakan na riŋit lepeŋ lo bgwöŋ a lomuyan	1			Kuku	train	7.390983000739098		False	0.19727891156462585	False	5.362035689608137	0.7399702823179792	False
c4b295f61c6417a48253b975d0db3dc3	29559	spontaneous-speech-ukv-29559.mp3	19908	3908	Ŋoʼ nagoŋ kenda na kokon yi ririkindo na mede nenut/nasu na a nyo ŋerot yu molu?	kenda na ŋaŋarakinda kegga parik yi perok ti ŋerot kulu yi metet na kulya ti ret lo mede kode' yi kune' kulya nagon  ti 'durjö na mede kode' 'dukö na kadi kode' ŋo liŋ kune' naga do mimi	2			Kuku	train	7.434197307615029		False	0.1912568306010929	False	3.983288333307047	0.11292719167904904	True
d61dfa8687c5e5b0d0a9ab598550b381	30262	spontaneous-speech-ukv-30262.mp3	24408	3908	Ŋoʼ nagoŋ kenda na kokon yi ririkindo na mede nenut/nasu na a nyo ŋerot yu molu?	kenda na molu bubulö rirkindo na mede nio na ŋerot yu i kiko logon ŋwajik kuwe kulo liŋ molu deneden könda na kitajin kase bulönbulö galakinda na 'börik na gurusu kogwon ko bge ko kitajin kasea koko 'dok bulönebulö tikinda na ŋwajik kase na wate ko laliyan kulo i sukulu a kulu 'durödi ŋeröt	1			Kuku	train	9.750901343821695		False	0.21875	False	4.10324319139141	0.16567607726597325	True
3595372adebe9fa78cb5dbf05ddc6d75	31544	spontaneous-speech-ukv-31544.mp3	16488	3908	Ŋoʼ nagoŋ kenda na kokon yi ririkindo na mede nenut/nasu na a nyo ŋerot yu molu?	ko ŋutu liŋ a kenda i mede geleŋ na malu  yu ŋero yu ŋutu liŋ bubulö ŋarakinda na 'börik geleŋ	1			Kuku	train	4.488112566715187		False	0.15384615384615385	False	4.167461752550046	0.20430906389301634	True
b5f5d64520d7376baeef5ca553c0c675	31567	spontaneous-speech-ukv-31567.mp3	22608	3908	Ŋoʼ nagoŋ kenda na kokon yi ririkindo na mede nenut/nasu na a nyo ŋerot yu molu?	kenda na molu ŋaŋarakin nan kuwe' mede ni yi kpake na robba na ŋojik kuwe' yi sukulu yala i kpake na ŋarakinda na mede nikaŋ na ko kule' kikiji lo miidi ŋaŋaraki' ko maratika kuwe' kule' ko jur na liŋ 	1			Kuku	train	7.12137296532201		False	0.26262626262626265	False	4.412971007409061	0.3179791976225854	True
403eb42cb6d7bf4e1ab0b5007a937e98	31637	spontaneous-speech-ukv-31637.mp3	114768	3908	Ŋoʼ nagoŋ kenda na kokon yi ririkindo na mede nenut/nasu na a nyo ŋerot yu molu?	sukulu na ŋakarakinda mede niyo na tiyana gbenge naŋ ŋutu bge kata ko ŋwajik ko ŋwajik kulo a kurunda a do joŋani i jibitalia naŋ na na'bot kilo ke'kenda kilo kikita lakin ko sukulu na do 'ba joŋ ŋwajik kulo diŋitan kune liŋ do gboŋ a na yeŋesi ko gboŋ na ŋwajik 'ba kenda ŋwajik ko'ba joŋa i sukulu a kulu 'da'daju do meda ti lege a do poki i be'ya lakin i lo a ŋutu lo ŋoŋoŋakinda ko nyo ko ŋwajik kayit kulo di ti na nye molu meda a nye ko memeta 'dok ko ŋwajik kuwe kulo misan ŋonana tiyan do wowoja a do 'dok na ko wowoani ko i na 'busan na sukulu na tiyan iya mede do meda 'duja do meda 'du'dukö ayan ko 'dukin do meda ŋwajik wowoki parik koko monye tiyana kilo tiyaran kikiya ko ŋutu lowora kikiya ko ŋutu lo 'yi'yik asan ŋwajik kulo ko ta tokenda 'boŋ titana kilo se lo tokendi ta ko memeda na jurön ko i tukai nasu i ayanyan ko tunyee nasu na 'bot ko roko nasu na 'but ko kule ŋwaji kan kasub loŋ ti sasirik naŋ baa pujä midijin a ko kulú 'dok poki tokendä yina 'busan naŋ di ti mede na gbe ko ŋutu lo kurunda na do meda di mede na 'dukö na 'but arabat kata ŋo ge gari ilo tiyanana to'dutö koke ŋo kune ne liŋ do meda mede na puru nake kwekwelen 'ban na mede ba koju na 'dukö ko kudit a do medi na a ke 'boria ko känin tiyan 'borija ko kenin 'ban tiyana ŋo kune kona ko kiloŋo loŋ totori ko wayajin kilo 'boŋ ŋo kune liŋ tiyanana ŋutu a tika ko gboŋ ŋutu kekenda 	2			Kuku	train	9.497420883870069		True	0.4748725418790969	False			False
bc7de5ba8870d8cc13419daa6f9387f0	31709	spontaneous-speech-ukv-31709.mp3	22500	3908	Ŋoʼ nagoŋ kenda na kokon yi ririkindo na mede nenut/nasu na a nyo ŋerot yu molu?	um kenda na ŋarakinda yi' yi kikolin jore kuwe mede ni yala tin  taji di jur lo liŋ 'bukulun ŋarakinda yi denda  yala yi kurundö na kule ŋo logon ti ŋutu' kone kon  ma ŋutu' 'dok pujö puwet  naŋ  ŋarakinda ŋutu' baden ko ŋutu'  na puwö ko togolesi	2			Kuku	train	8.622222222222222		False	0.19262295081967218	False	4.096701387425021	0.16344725111441308	True
21ddeb69bfd3e57ad4af5253b149dd0f	31868	spontaneous-speech-ukv-31868.mp3	27000	3908	Ŋoʼ nagoŋ kenda na kokon yi ririkindo na mede nenut/nasu na a nyo ŋerot yu molu?	ririkindö 'busan na kenda mede  na ririkindö ŋwajik kilo yi gboŋ  'bakan na anyen mede na gboŋ na'but do pujö di  togolonyon kune naŋ di jore parik a gbe'de 'ban  aa do pujö naŋ di yani ŋwajik logoŋ 'du'durundö kulo do pujö naŋ di a koko koye nye' gnoŋ ko golesi'	2			Kuku	train	7.74074074074074		False	0.19999999999999996	False	4.533154837683448	0.3789004457652303	True
e9dcd66d26b3932c353f71bcc8b69d92	32663	spontaneous-speech-ukv-32663.mp3	17280	3908	Ŋoʼ nagoŋ kenda na kokon yi ririkindo na mede nenut/nasu na a nyo ŋerot yu molu?	mede na rerengu do kon yesu kinyotot logon lo pape kode' do  mumuku kinyotot lo di gbiŋ	2			Kuku	train	4.050925925925926		False	0.1428571428571429	False	6.1753031062856945	0.9234769687964339	False
4b430d377aba6a707850db0b3318714e	33206	spontaneous-speech-ukv-33206.mp3	19080	3908	Ŋoʼ nagoŋ kenda na kokon yi ririkindo na mede nenut/nasu na a nyo ŋerot yu molu?	ŋerot yu ko ŋojik kuwe kulo kenda 'n mindi ti ko puo a katodinok a ŋutuvlo kita i piritön 'delesi ti gurusu ma jujukin ŋarakinda na nan kuwe mede ni kon gbe na wora	1			Kuku	train	6.865828092243186		False	0.06832298136645965	False	4.638747529155669	0.44056463595839523	True
a9f74c616d972aac0bc6d66da0be03d8	33291	spontaneous-speech-ukv-33291.mp3	12276	3908	Ŋoʼ nagoŋ kenda na kokon yi ririkindo na mede nenut/nasu na a nyo ŋerot yu molu?	'busan na ko do tokenda li'budi a lupudi lo puji' a koŋon a lopeŋ worani a katodinani kode a pasta loŋ karakinda ŋutu' i gbokiyot 	2			Kuku	train	8.55327468230694		False	0.06299212598425197	False	5.547713108342125	0.7927191679049034	False
03e89de29fa51f461c7ffb62db7c8e0d	33340	spontaneous-speech-ukv-33340.mp3	17640	3908	Ŋoʼ nagoŋ kenda na kokon yi ririkindo na mede nenut/nasu na a nyo ŋerot yu molu?	ŋo' nagon kenda na kokon i ririkindö na mede niyo kode niyaŋ na ŋerot yu na molu a puundö na ŋutulu lo deden to'diri gbak na kenda na a nyo na 	2			Kuku	train	6.349206349206349		False	0.15714285714285714	False	4.568938979274314	0.4011887072808321	True
8f02d83adfcef5096940ee32cf3acb24	34276	spontaneous-speech-ukv-34276.mp3	11916	3908	Ŋoʼ nagoŋ kenda na kokon yi ririkindo na mede nenut/nasu na a nyo ŋerot yu molu?	kenda na molu jonda pele geleŋ kaŋ kiden ko tomoret jojo kaŋ gboke ni 	1			Kuku	train	4.699563611950318		False	0.04477611940298509	False	4.964987584673039	0.5980683506686478	True
