client_id	audio_id	audio_file	duration_ms	prompt_id	prompt	transcription	votes	age	gender	language	split	char_per_sec	quality_tags	duration_filtered	char_4gram_rep	rep_filtered	ppl_score	ppl_pct	quality_keep
268635e5ac8169d00be91a407e38d7f4	57954	spontaneous-speech-rwm-57954.mp3	18540	5860	Andi lyaga tina ndie nikiliya lika ninilya na mani sa bwomezi tolo poni?	Osemelelubl olie gbhebhe olie konje olie gulinizi injo poni olie olie koko olie nyama olie bhikole olie liki	1			Amba	train	4.908306364617045		False	0.2571428571428571	False	7.822318737637536	1.0	False
18df01d60d16de159483408584d06424	58105	spontaneous-speech-rwm-58105.mp3	23436	5860	Andi lyaga tina ndie nikiliya lika ninilya na mani sa bwomezi tolo poni?	Lyaga ndia nkpa ndia kuliaga apesia mani liaga njo aikia bhetu bemoti kaliaga njo ali muhogo mucele nkusa guna bhitakuli  na liaga bha bhikilia kimui ndia kupaga mani	1			Amba	train	5.888376856118792		False	0.22085889570552142	False	5.446940033214293	0.8291032148900169	False
0038f5497f9f2af927e533e85ee33985	58182	spontaneous-speech-rwm-58182.mp3	26100	5860	Andi lyaga tina ndie nikiliya lika ninilya na mani sa bwomezi tolo poni?	Liaga akisigikiliaga buli nkpa nesi alio bhaitu emi ndiekisobola liai liaga tolo poni niese ninili kulungi ali konje gbebhe hamui na posho kacoli sa nkusa mududhe injo kiesa kulungi ninitekani akisigikiliaga buli nkpa nesi alio bhesu poni bhikienenagi	1			Amba	train	8.199233716475096		False	0.22580645161290325	False	5.131544349038829	0.6988155668358714	False
79c70007d8f4df515b1206bb8d666e7b	58215	spontaneous-speech-rwm-58215.mp3	19188	5860	Andi lyaga tina ndie nikiliya lika ninilya na mani sa bwomezi tolo poni?	Tolo poni okutoka lia liaga  tabhi kacoli ndia akukuyamba tunga mani kacoli na bhikole otodhe obisebe libho ndia akukulikisa noli kulungi	1			Amba	train	6.045445069835314		False	0.13432835820895528	False	4.573217426763095	0.40186125211505924	True
06abe4fdd40392815ffcffabe9ccddfd	58423	spontaneous-speech-rwm-58423.mp3	22356	5860	Andi lyaga tina ndie nikiliya lika ninilya na mani sa bwomezi tolo poni?	nkilyagaga lyaga poni mcele na nanka gbebe na konje na ngbanga na bitakuli njo andulu lyaga ndyekiki lyagaga na bihimba	1			Amba	train	4.473072105922348		False	0.22413793103448276	False	5.700629650858	0.8908629441624365	False
01afad16deed014c336c39ed0790a0bc	58705	spontaneous-speech-rwm-58705.mp3	21600	5860	Andi lyaga tina ndie nikiliya lika ninilya na mani sa bwomezi tolo poni?	Lieli kili na lieli bhia guna bhia konje aah bha bhikole bhia kacoli bhia bugwanimbe bhia gbebhe liki  eeh liki nau amgbokiliani  andulu olike na mani ka bwomezi ndiako	1			Amba	train	6.388888888888888		False	0.16969696969696968	False	5.611963342877087	0.873942470389171	False
839194823957ef6cf0af192facc00f2e	58720	spontaneous-speech-rwm-58720.mp3	19440	5860	Andi lyaga tina ndie nikiliya lika ninilya na mani sa bwomezi tolo poni?	kikozesaga konje guna muhogo injo andulu kowa emi liaga ndie nikilikaga nikiliaga nanipesi mani injo andulu lieli ndie nikikojesaga ndia akinipesiaga mani kowa emi 	1			Amba	train	7.201646090534979		False	0.31055900621118016	False	4.045953357711346	0.12436548223350254	True
aff82a045868be1573431402cd4ccddc	59679	spontaneous-speech-rwm-59679.mp3	9828	5860	Andi lyaga tina ndie nikiliya lika ninilya na mani sa bwomezi tolo poni?	Lieli ndie nikiliaga nikiliaga ngbanga na gbebhe na bihimba na guna	1			Amba	train	5.7997557997558005		False	0.21875	False	4.485547029054786	0.3409475465313029	True
09bbee7d294906c21ab763ff5ca35ee2	59720	spontaneous-speech-rwm-59720.mp3	11088	5860	Andi lyaga tina ndie nikiliya lika ninilya na mani sa bwomezi tolo poni?	Pesiabho gbebhe mucele muhogo bhitakuli asu na liki andulu dumbi kozo ndiako akilikaga nakoli eki kozo nabhongi	1			Amba	train	8.567821067821066		False	0.06481481481481477	False	4.813403631818111	0.5397631133671743	True
0038f5497f9f2af927e533e85ee33985	58297	spontaneous-speech-rwm-58297.mp3	21888	5861	Kikibhusagika bhoni bhakpa ndibhali na ndwali sa Kabhondo ka ngonguambili ndiasu?	Injo sagika bhakpa ndibha na ndwali sa kabhondo ka ngongwa mbili ndiasu akisigikilia nesi olio kekubhe noli nai okmpesia eki nawe okakungai kala ya bhabhupesiaga nanka buyambi ndiabho tukai ka sipatala sigikilia nesi bhabhtangio	1			Amba	train	8.908991228070175		False	0.15111111111111108	False	4.474811861280769	0.3291032148900169	True
839194823957ef6cf0af192facc00f2e	58386	spontaneous-speech-rwm-58386.mp3	22968	5861	Kikibhusagika bhoni bhakpa ndibhali na ndwali sa Kabhondo ka ngonguambili ndiasu?	Ndie kikikola kikibhusindika ka sipatala bhaye bhatungange mibazi andulu kibhe nikili na busagiki poni ndie kikibhupesia kali gia eti manyae bhesu kikilika bhuwa sente sa pesiabho  bba bhikili na sente sa pesiabho mindia ali na bulwaye  bhinjo	1			Amba	train	8.925461511668408		False	0.23333333333333328	False	4.04094673725606	0.1218274111675127	True
7b8ce0a081d9ccda7626927c5eec42d2	58400	spontaneous-speech-rwm-58400.mp3	24588	5861	Kikibhusagika bhoni bhakpa ndibhali na ndwali sa Kabhondo ka ngonguambili ndiasu?	Sa bika sa bika kikibhuyamba lija somesabho ziba ngu bhakakilikaka nibheyungi lika nabho imamoti usabho ka sipatala  haa lika nibhaki nibhakihuisa lika nibhakibhusomesa nesi bhaki ziba ngu bhakie linda bulwaye injo nibhakitunga mubazi kiki ziba nfu bikibhupesi lika nabho imamoti 	1			Amba	train	9.720188709939809		False	0.34296028880866425	False	4.430654733790474	0.3020304568527919	True
79c70007d8f4df515b1206bb8d666e7b	58603	spontaneous-speech-rwm-58603.mp3	21348	5861	Kikibhusagika bhoni bhakpa ndibhali na ndwali sa Kabhondo ka ngonguambili ndiasu?	Bhakpa bhenjo bhakibhaisaga ka sipatala dumbi bhatunga nanka bhatunga mubazi ndia bhakikozesa dumbi ndibhetolo bhakibhaisaga ka sipatala dumbi bhabhubisa ka bulili	1			Amba	train	6.698519767659734		False	0.35624999999999996	False	3.440748972512788	0.00676818950930626	True
268635e5ac8169d00be91a407e38d7f4	58788	spontaneous-speech-rwm-58788.mp3	20016	5861	Kikibhusagika bhoni bhakpa ndibhali na ndwali sa Kabhondo ka ngonguambili ndiasu?	Kikibhugia eti kiki bhuegesa eti bhatandike yabho ka sipatala bhatunge mibazi sa ndwali sa kabhondo ndia kebhali kiki bhugia eti bhagume ndwali injo kakioliliagabe kotunga akisaga myaka mabhika so osemelelu otandike liaga kulungi andulu olebe kansi	1			Amba	train	10.641486810551555		False	0.18775510204081636	False	4.309288259020573	0.23942470389170897	True
ce1fe571c632c175c538f2de6c2f35a4	58847	spontaneous-speech-rwm-58847.mp3	11376	5861	Kikibhusagika bhoni bhakpa ndibhali na ndwali sa Kabhondo ka ngonguambili ndiasu?	Bhaye ka sipatala bhabhuweku magezi na mibazi bhaliye kulungi bhabhe na businge kindiabho	1			Amba	train	6.768635724331928		False	0.08139534883720934	False	4.072622791594196	0.13959390862944163	True
06abe4fdd40392815ffcffabe9ccddfd	58930	spontaneous-speech-rwm-58930.mp3	17208	5861	Kikibhusagika bhoni bhakpa ndibhali na ndwali sa Kabhondo ka ngonguambili ndiasu?	Ali pesiyabho magezi bhaye ka sipatala bhaye bhe keblesiye andulu bhabhuyambe kabha nali bwetagho andulu gavumenti akibhu pesiya	1			Amba	train	6.450488145048814		False	0.128	False	4.411681366148044	0.29357021996615906	True
e8eb7188dc741f9c8bd1f3b4b922d0b6	59199	spontaneous-speech-rwm-59199.mp3	26856	5861	Kikibhusagika bhoni bhakpa ndibhali na ndwali sa Kabhondo ka ngonguambili ndiasu?	Ka sagika bhakpa ndibha bhalwali ndwali sa kabhondo ka ngongwa mbili ndiasu kiliki na sekedhanasu bia bia nabho kibhuegese ndia ndia bhagbokiliani kolai bhadhue lika nibheyungi bhakole milimo bhazibe eti bhakie bhingia bha dakitali  hatunge mibazi bhatodhe bhalike nibhali bomezi	1			Amba	train	8.899314864462317		False	0.17753623188405798	False	4.471733848807477	0.32825719120135366	True
aff82a045868be1573431402cd4ccddc	59417	spontaneous-speech-rwm-59417.mp3	31968	5861	Kikibhusagika bhoni bhakpa ndibhali na ndwali sa Kabhondo ka ngonguambili ndiasu?	Bhenjo kikibhusagika na lika gumisagabho bhati bhaye bhatunge mibazi kandi ka ka kaziba ngu alemelelya hee ompesie sente aye ka ka boda boda ka piki piki agbe piki piki ayebka sipatala abhueku mibazi abike amedhe dhe kabhulua kima sa liai ompesie alie	1			Amba	train	6.569069069069069		False	0.18951612903225812	False	5.868451491618999	0.9153976311336718	False
18df01d60d16de159483408584d06424	59422	spontaneous-speech-rwm-59422.mp3	25488	5861	Kikibhusagika bhoni bhakpa ndibhali na ndwali sa Kabhondo ka ngonguambili ndiasu?	Bhakpa ndibha ali na ndwali sa kabhondo ka ngongwa mbili kili nalika nikikibhulebalebisaga na bigamabo sa hehelisiabho sigikilia ka ndwali ndia bhalwalio kandi kili nakubhuekambisaia lika nibhakitunga bujanjabi ndia ka sipatala andulu bhatodhe bhalebe bhadhakiebe bwile mabhika	1			Amba	train	9.455430006277464		False	0.18613138686131392	False	4.168965325478039	0.17766497461928935	True
14482a129cdad77b883cf44ab8ee2666	59553	spontaneous-speech-rwm-59553.mp3	33228	5861	Kikibhusagika bhoni bhakpa ndibhali na ndwali sa Kabhondo ka ngonguambili ndiasu?	Kikipesiabho liaga bhongia  mmm bhatolia bhaye ka sipatala  bhatubge mibazi mmm zibililiabho mela mibazi injo ka bwile kandi kibhutoliabho  bhadhuwe tantala bhokaka bhalwali injo bhali bwomezi bhatua Mambombi	1			Amba	train	5.35692789213916		True	0.19999999999999996	False			False
09bbee7d294906c21ab763ff5ca35ee2	59681	spontaneous-speech-rwm-59681.mp3	14436	5861	Kikibhusagika bhoni bhakpa ndibhali na ndwali sa Kabhondo ka ngonguambili ndiasu?	Bhaika nabulwaile sa kabhondo ka ngongwa mbili bhusemelelu egesabho eti bhayage bhaye bbhatunganage mubazi ndibhekina kibhutolie eti bhusemelelu bhelinde andulu bhalike nibhabhongi	1			Amba	train	11.014131338320864		False	0.14124293785310738	False	4.214079648048089	0.1988155668358714	True
0038f5497f9f2af927e533e85ee33985	57412	spontaneous-speech-rwm-57412.mp3	27108	5862	Ali bhia bhizibu tina ndia bhaniki bhanikiankali ndie bhakienaga ka kyalo kehe?	Bizibu  dia bhanikiekali bhagbei tungai endindisio ka kyalo kehe ali bhakili tunga limi ka mulima nsenge ndia bha ababho bhakakifuabe iya  mamano ati aduni endindi bhasukulu poni na bhaniki nibhatumi ka inji ndibha bhabhuli bha abaho ka ndi bha ababho nibhaliabei	1			Amba	train	8.152574885642615		False	0.24230769230769234	False	4.916801724878313	0.5989847715736041	True
18df01d60d16de159483408584d06424	58334	spontaneous-speech-rwm-58334.mp3	18036	5862	Ali bhia bhizibu tina ndia bhaniki bhanikiankali ndie bhakienaga ka kyalo kehe?	Bhaniki bhanikiekali bizibu ndia bhakienaga abhiki sini bhaitu be moti ka bizibu injo ali ngu bhakiamanaga nibhalia kuti kuti sini ndia akibhuluziliaga bwomezi ndiabho kamumaiso nanga bhakibhaga ndia bhakabombimbe bhiani	1			Amba	train	10.589931248613883		False	0.2304147465437788	False	4.16389531753316	0.17174280879864637	True
06abe4fdd40392815ffcffabe9ccddfd	58713	spontaneous-speech-rwm-58713.mp3	11736	5862	Ali bhia bhizibu tina ndia bhaniki bhanikiankali ndie bhakienaga ka kyalo kehe?	Bhaniki bhagonji jeni andulu ali bhegonje nanga kekabhebe kima sa kulika nokubhutalabanija	1			Amba	train	6.731424676209952		False	0.02298850574712641	False	5.334331038492296	0.7842639593908629	False
ce1fe571c632c175c538f2de6c2f35a4	58810	spontaneous-speech-rwm-58810.mp3	9648	5862	Ali bhia bhizibu tina ndia bhaniki bhanikiankali ndie bhakienaga ka kyalo kehe?	Alibe kizibu bhia hambabho hamanagabho bhakili bhaniki	1			Amba	train	4.975124378109453		False	0.07843137254901966	False	4.76157347401673	0.5135363790186125	True
79c70007d8f4df515b1206bb8d666e7b	58909	spontaneous-speech-rwm-58909.mp3	26208	5862	Ali bhia bhizibu tina ndia bhaniki bhanikiankali ndie bhakienaga ka kyalo kehe?	Bhaniki bha kekali bhaluku bha ma bhika bhaki bhaga nabha kabala habha bho Kandi maniki bhenjo bhela bha kitugaga limi nibhalia maniki Kandi maniki ndibhetolo bhekekali bhakiamanaga nibhalia bhakabhakali	1			Amba	train	6.677350427350427		False	0.35	False	4.249569822613107	0.21150592216582065	True
e8eb7188dc741f9c8bd1f3b4b922d0b6	59138	spontaneous-speech-rwm-59138.mp3	33516	5862	Ali bhia bhizibu tina ndia bhaniki bhanikiankali ndie bhakienaga ka kyalo kehe?	Bizibu ndia bhaniki ndibha kienaga ka nsi kehe alikau bemoti bhulua ndibha bhakubhuisa ka sukulu abhupesililie mbangana sa fizi ndibetolo jibe eti bhali bhakwena bhakabhuli na amabhalelia kedhetu ndibha bhakitodha lelabho nibha kibhubhombisa ka mulingo ndia akibha nali ndie menemene na ndibetolo nibhagbei hangaika bhinjo	1			Amba	train	8.294545888530852		True	0.22257053291536055	False			False
aff82a045868be1573431402cd4ccddc	59441	spontaneous-speech-rwm-59441.mp3	28296	5862	Ali bhia bhizibu tina ndia bhaniki bhanikiankali ndie bhakienaga ka kyalo kehe?	Kizibu ndia bhanikiankali bhaninkiankali bhaluku bheponi bhakibhuzibaga kandi bhakibhuegombaga paka kolisiabho kandi ndia bhakaikimbe  ati injo otakatakana mikiankali nagbei limi ndia kaikimbe injo dumbi abha bizibu	1			Amba	train	6.6793893129771		False	0.2735849056603774	False	4.247133652780872	0.2089678510998308	True
7b8ce0a081d9ccda7626927c5eec42d2	59459	spontaneous-speech-rwm-59459.mp3	18936	5862	Ali bhia bhizibu tina ndia bhaniki bhanikiankali ndie bhakienaga ka kyalo kehe?	Bizibu ndia bhakitungaga ali sa ziba ngu bhatungi limi ndia bhakadoimbe bizibu ndia bhakiunaga ali ziba ngu bha amani ndia bhakadoimbe dhee bizibu ndia bhakadoimbe ali ziba ngu bhakidhuaga oka bhazaire ndibhabho bizibu ndia bhakitungaga ali hambabho bizibu ndia bhakitungaga ali kisomo ndiabho Kuwai bizibu ndia bhakitungaga ali kanga	1			Amba	train	15.103506548373469		False	0.5619335347432024	True			False
14482a129cdad77b883cf44ab8ee2666	59600	spontaneous-speech-rwm-59600.mp3	24660	5862	Ali bhia bhizibu tina ndia bhaniki bhanikiankali ndie bhakienaga ka kyalo kehe?	Bhaniki bhasika nkali bhagbokiliani bhajualage kulungi nanga bhebembezi ndibhasu bhakpa oh poni na dini bhakikabha bhakali njo bhekankinyiage kulungi ka kyalo ndiasu.	1			Amba	train	5.879967558799676		False	0.16564417177914115	False	4.137735850234283	0.1598984771573604	True
09bbee7d294906c21ab763ff5ca35ee2	59737	spontaneous-speech-rwm-59737.mp3	13320	5862	Ali bhia bhizibu tina ndia bhaniki bhanikiankali ndie bhakienaga ka kyalo kehe?	Ku bhaniki bhakali bhakalami saba bhakilikaga ninha ka mamiliana bhaluku bhakatiaga kulisa bba kuyo bhakitiaga kulisa bhaitu silimu bba	1			Amba	train	8.783783783783784		False	0.25	False	5.2014867031454255	0.7292724196277496	False
e8eb7188dc741f9c8bd1f3b4b922d0b6	57682	spontaneous-speech-rwm-57682.mp3	26640	5863	Ndiadhu bhabhokoti bemoti nibhasagu bha imamoti na bhaniki ndibhabho bhebe andiki, toil injo bhakitoka bhoni?	Ndia aladhu mabhokoti bemotibe kakabha ndibhakakiyokanyaga nabha niki ndibhabho sekina andulu bhalike nabho bhebhe ali zibe eti bhakakilikaga nabho imamoti bhalika nibha kihanula kima poni andulu bhagiye kingenesiyai nikwo bhabhutoliya andiki ndia bhakikabha nyabhabgei gamiyai kowa bhabhokoti ndi bhabho nabha bhokoti ndi bhabho bhaibhe to kolai kesi bhabhokoti bhesikiyeku	1			Amba	train	12.237237237237236		False	0.339622641509434	False	4.457532940075181	0.3206429780033841	True
01afad16deed014c336c39ed0790a0bc	58012	spontaneous-speech-rwm-58012.mp3	18108	5863	Ndiadhu bhabhokoti bemoti nibhasagu bha imamoti na bhaniki ndibhabho bhebe andiki, toil injo bhakitoka bhoni?	Mwenge ka inji ahingu ahingu ahingulania adhu bhaniki na bhabhoti ndibhabho bhakaokane injo kikitoka bhuaibe kabha nikibhu nibhaliiki gwabhimba bhahabhulana kandi bhagba sini ka inji ndiabho	1			Amba	train	9.111994698475812		False	0.1925133689839572	False	4.907249459648864	0.5922165820642978	True
0038f5497f9f2af927e533e85ee33985	58269	spontaneous-speech-rwm-58269.mp3	49356	5863	Ndiadhu bhabhokoti bemoti nibhasagu bha imamoti na bhaniki ndibhabho bhebe andiki, toil injo bhakitoka bhoni?	Moti ndia adu ndia adhu bhaniki nibhakibhudhuwa bhabhoti ndibhabho ndia kokubanja mutabani ka mwamma nkali nkali injo nali nkali zidhi ye iso poni akilekaga nalia kibhuziba bhabhokoti sa munyaki ka mulingo ndia kabhongi dumbi na munyaki ka gba ngeso injo akidhuaga kima moti ka inji menjo bhuabei alibe bhesu bhakpa bhakumi kwesikiaku joke eti kandi ayambi bhakpa likanu  kati kati lugambo bhukukubhaga nai mio kalika kati mio kalika kati injo kakikola kima ndiaki majanganga kuwo kokusikisiabe nanga uwe kosikisiabe nkanako akimeliaga  zoka eti abhali taluako keiso eti  kise bhakolane kuwo ndiabho kuyo uwe okuyaku nokaya anuliliabho moti kabha nakudoibei	1			Amba	train	11.265094416079098		True	0.27828746177370034	False			False
06abe4fdd40392815ffcffabe9ccddfd	58321	spontaneous-speech-rwm-58321.mp3	29448	5863	Ndiadhu bhabhokoti bemoti nibhasagu bha imamoti na bhaniki ndibhabho bhebe andiki, toil injo bhakitoka bhoni?	Kima moti ndia akiluzili bhaniki ndibhabhesu bhia  bhabhokoti ali ndongo ehhh ali binuwa kima ndia bhakinuwaga kima se ingulana andulu ati ndia adhu bhaniki nibhakikisaga nanga kokutokaga toliaki nanga akietakanaga eti andiye mindia aibio nkumi bhesu bhakikigiaga eti kili bha kisipayadi	1			Amba	train	8.353708231458842		False	0.2640845070422535	False	4.548384561510095	0.38155668358714045	True
aff82a045868be1573431402cd4ccddc	58482	spontaneous-speech-rwm-58482.mp3	51876	5863	Ndiadhu bhabhokoti bemoti nibhasagu bha imamoti na bhaniki ndibhabho bhebe andiki, toil injo bhakitoka bhoni?	Ndia adhu bha hha bhenjo bhakabhe na bhaniki ndibhabho kulungi nanga  bhakakilikaga na bhaniki ndibhabo bhabhuhanulilia nanga nkpa  okulika na mindiako komuhanulilia aku aku aku aku akikengaga kima ndiako toli komuhanulilia dumbi akikenga so abhongi bhakpa kitandike hanulilia bhaniki ndibhasu bhabho nabho kulungin obhuhanulilie olke na miki midiako omuhanulilie kima ndia abhongi kolai kako	1			Amba	train	6.496260313054206		True	0.4215938303341902	False			False
79c70007d8f4df515b1206bb8d666e7b	58766	spontaneous-speech-rwm-58766.mp3	24408	5863	Ndiadhu bhabhokoti bemoti nibhasagu bha imamoti na bhaniki ndibhabho bhebe andiki, toil injo bhakitoka bhoni?	Bhabhokoti kebhali na bhaniki ndibhabho nanga bhendotolo bhalwalia kandi bhendotolo bhali na bhali na milimo ndia masela kandi kebhali na kebhakitoka bhabho na bhaniki ndibhabho bhalwalia kebhakiyaga ka sipatala 	1			Amba	train	7.497541789577188		False	0.4545454545454546	True			False
268635e5ac8169d00be91a407e38d7f4	59046	spontaneous-speech-rwm-59046.mp3	18108	5863	Ndiadhu bhabhokoti bemoti nibhasagu bha imamoti na bhaniki ndibhabho bhebe andiki, toil injo bhakitoka bhoni?	Bhabhokoti ndibhekina bhali bhebhe na bhaniki ndibhabho nanga bhabombi nibhaigesi bhaniki ndibhabho ngeso deni bhaniki bhabombi nibhabhuibi bhakoti ndibhabho andulu ndia adhu nibhali bhebhe ka inji kuwo	1			Amba	train	9.719461011707532		False	0.40703517587939697	False	3.8469454269594996	0.06260575296108291	True
7b8ce0a081d9ccda7626927c5eec42d2	59520	spontaneous-speech-rwm-59520.mp3	19836	5863	Ndiadhu bhabhokoti bemoti nibhasagu bha imamoti na bhaniki ndibhabho bhebe andiki, toil injo bhakitoka bhoni?	Injo bhakitoka bwa jibha ngu bhaki mwolulya  miyo bheho mbokoto ndia adhuwa nakibha na bhaniki bhamamadha ndibhki imamoti andiki,  Injo akijibha ngu bha bhalike nibhakijibha ngeso ndia bheho ndia adhuwa nibha kibha hamwi andiki, injo akioleka ngu nabho bhakitoka bhabho Ka bhumwi nesi bheho bhaliyo	1			Amba	train	12.704174228675134		False	0.3593220338983051	False	4.529383471753399	0.3688663282571912	True
18df01d60d16de159483408584d06424	59599	spontaneous-speech-rwm-59599.mp3	23976	5863	Ndiadhu bhabhokoti bemoti nibhasagu bha imamoti na bhaniki ndibhabho bhebe andiki, toil injo bhakitoka bhoni?	Ndia adhu bhaniki bhakabhe imamoti na bhabhoti ndibhabho ali ngu miki kaya ka gulupu ndia akimululuza akiluzukilianagakuwa bhaitu uwe bhia  mbokoti ali na lika nokumuhabhula obhotuane naye miki minjo naye asoboli tukakiku nakibha miki nabhonga	1			Amba	train	8.675342008675342		False	0.14583333333333337	False	4.9987755434159755	0.6404399323181049	False
09bbee7d294906c21ab763ff5ca35ee2	59611	spontaneous-speech-rwm-59611.mp3	8748	5863	Ndiadhu bhabhokoti bemoti nibhasagu bha imamoti na bhaniki ndibhabho bhebe andiki, toil injo bhakitoka bhoni?	Kiki kola bhiyo bhasemelelu bhasomes bhaniki bhenjo andulu nabho bhaye bhesumbilie ndiabho bhokaka andulu ndie bhikitoka	1			Amba	train	12.002743484224968		False	0.1709401709401709	False	3.744209313539418	0.0338409475465313	True
0038f5497f9f2af927e533e85ee33985	57824	spontaneous-speech-rwm-57824.mp3	32256	5864	Ali mugaso tina sa kisomo ndiali ka ngonguambili ndianu?	Mugaso sa bhani  ndibh somi ka ngongwa mbili endindisio ndibha somi bunasi nobu ndia bhakatungimbe milimo ka gavumenti endindi bhali na makiliniki bhagbei janjabha bhakpa ka kicweka endindisio nkali akigia eti bhandoise ka sipatala okudunaga nibhukuya ka ngongwa mbili kindia kiliniki alio endindi ndibha bhatungi milindiabho bhagbei kweyalilkilia sumba bibanja  kyalo poni ngongwa mbili poni akabhongiliai kimui nanga kisomo ka kicweka ka ngongwa mbili	1			Amba	train	12.028769841269842		False	0.3177777777777778	False	4.1569928550102	0.16835871404399322	True
ce1fe571c632c175c538f2de6c2f35a4	57918	spontaneous-speech-rwm-57918.mp3	21960	5864	Ali mugaso tina sa kisomo ndiali ka ngonguambili ndianu?	Kisoma akubisaga nkulakulana akubikisaga sente nokukolaku somesa bhaniki nokubhuaku ndabho mabhonga na motoka na bha na bha bhotu mabhonga	1			Amba	train	5.46448087431694		False	0.22962962962962963	False	4.637918724519051	0.43485617597292725	True
01afad16deed014c336c39ed0790a0bc	57980	spontaneous-speech-rwm-57980.mp3	25920	5864	Ali mugaso tina sa kisomo ndiali ka ngonguambili ndianu?	Mugaso ndia kateketa andi mpempa ka ngongwa mbili mugaso ndia kebhali bhakpa bheyaliki ka inji ndibho ndabho ndabho mabhonga mugaso ndia kesalo ngudhe aliku ka ngongwa mbili ndiasu na masaliku mugaso ndia keini bhakpa poni bhagbei dini mugaso ndia ketano bhaniki bhagbei soma nanga na  bha ababho bhasomia	1			Amba	train	9.915123456790123		False	0.36092715231788075	False	3.6151260790505297	0.02030456852791878	True
79c70007d8f4df515b1206bb8d666e7b	58063	spontaneous-speech-rwm-58063.mp3	31680	5864	Ali mugaso tina sa kisomo ndiali ka ngonguambili ndianu?	Kisomo injo akipesiaga bhakpa ndibha ka ngongwa mbili ndiamo milimo tabhi bhabho bhasomesia kandi kisomo bhaniki bhakitungaku ngeso kandi bhaega kima mabhika ndietolo ndia ngalo ndibka kikolag tunga mikia sente	1			Amba	train	5.713383838383838		False	0.1594202898550725	False	3.718311623991231	0.027918781725888325	True
06abe4fdd40392815ffcffabe9ccddfd	58301	spontaneous-speech-rwm-58301.mp3	21780	5864	Ali mugaso tina sa kisomo ndiali ka ngonguambili ndianu?	Mugaso sa kisomo ndia gavumenti akibisiliabe ali yambasu nanga bhaniki somabho andibho gavumenti endindi ndia agbei kola mulimo miki kekasome akibhaga kekabhe na mugso sini ka kyalo	1			Amba	train	7.116620752984389		False	0.1067415730337079	False	4.030527508455893	0.11252115059221658	True
09bbee7d294906c21ab763ff5ca35ee2	58652	spontaneous-speech-rwm-58652.mp3	18900	5864	Ali mugaso tina sa kisomo ndiali ka ngonguambili ndianu?	Bhobisa kisomo kagogwabili ndia bhenu moti ali kyalo njo akibhaga ku nkulakuna ndia kebhali bhuli nkpa poni Aki likaga nabhuti ati eeh mejo bhasomia dhubhi bhukubhaga na kitinisa mabhadha	1			Amba	train	8.412698412698411		False	0.08695652173913049	False	4.447253040874964	0.31725888324873097	True
09bbee7d294906c21ab763ff5ca35ee2	58652	spontaneous-speech-rwm-58652.mp3	18900	5864	Ali mugaso tina sa kisomo ndiali ka ngonguambili ndianu?	Mugaso sa kisomo ka ngongwa-mbili ndianu moti ali kyalo injo akibhagaku nkulakulana,ndia kebhali ka kyalo menjo nkpa poni akilikaga nabhuti eti bhenjo bhasomiya dumbi bhukubhaga na kitinisa mamadha	1			Amba	train	8.994708994708994		False	0.1030927835051546	False	4.039908390193302	0.12013536379018612	True
268635e5ac8169d00be91a407e38d7f4	58746	spontaneous-speech-rwm-58746.mp3	20556	5864	Ali mugaso tina sa kisomo ndiali ka ngonguambili ndianu?	Mugaso abhikiya sa kisomo ka ngongwambili nkpa mindia somiyo akikilaga ndiye bhaki mwebembeli andulu atandika kolelela bhakpa ka kitwike kenjo kobha nosomi oku muhandikilya nkpa ka ngongwambili kenjo injo andulu mugaso sa sa mani sa kisomo	1			Amba	train	9.9241097489784		False	0.22457627118644063	False	4.141820007246157	0.16159052453468697	True
e8eb7188dc741f9c8bd1f3b4b922d0b6	59181	spontaneous-speech-rwm-59181.mp3	40716	5864	Ali mugaso tina sa kisomo ndiali ka ngonguambili ndianu?	Mugaso sa kisomo ndia ali ka ngongwa mbili ndiasu ali kau kima sa bhaniki ndibha bhasomio endindi andibho ndiibha bhakitelemiliaga kima poni ka ntula ndiabho ka inji  kindia bhabhubhokotilio na ka ngogwa mbili kenjo bhabhu zuna otakana nibha alikagi ndabho mabhoganga alibe ndibha bhali na nguwa tai mamotoka piki piki ndia bhakaseisani tungai	1			Amba	train	7.122507122507122		True	0.2588235294117647	False			False
aff82a045868be1573431402cd4ccddc	59344	spontaneous-speech-rwm-59344.mp3	27900	5864	Ali mugaso tina sa kisomo ndiali ka ngonguambili ndianu?	Mugaso ndia aliku ka kisomo bhaniki ndibhasomio  bhakiegesaga bhadabho nesio bhakisomo kandi na masukulu ndia aliku bhakikabhaga bhakpa ndia bhaibi bhaeges bhaniki bhataidabho soma dumbi kikalo injo toko asiaku akulakulana	1			Amba	train	6.881720430107526		False	0.22374429223744297	False	4.278137314757345	0.22504230118443316	True
2a714f0f48c3450f78b159dbfd6c6c04	59436	spontaneous-speech-rwm-59436.mp3	28080	5864	Ali mugaso tina sa kisomo ndiali ka ngonguambili ndianu?	okusobola toliyabo oti batandike kola mulimo poni poni kandi obutoliye oti likaga ukwaka kabongi ba nkpa poni poni mindia bakingiyagaku bati minjo ali nkpa akisobola kola mulimo ndia akibuwaku	1			Amba	train	5.84045584045584		False	0.2222222222222222	False	4.849177336882953	0.5592216582064298	True
18df01d60d16de159483408584d06424	59442	spontaneous-speech-rwm-59442.mp3	19656	5864	Ali mugaso tina sa kisomo ndiali ka ngonguambili ndianu?	Mugaso sa kisomo ndia ali ka ngongwa mbili ali bhaniki ndibha somia bhakuetegelezaga ndibha gbei kolai kandi na kialo akibombaga nambali kisomo kinda akibhaga nalio	1			Amba	train	7.122507122507123		False	0.16149068322981364	False	3.770352721662377	0.038917089678511	True
839194823957ef6cf0af192facc00f2e	59568	spontaneous-speech-rwm-59568.mp3	21816	5864	Ali mugaso tina sa kisomo ndiali ka ngonguambili ndianu?	Kiliku na mugisa amabhika nanga sigikilia eti bhaniki kibhuliku nai bha Dokita, bheghesa,  ee he lafule ma kima mabhika ndie kilinai kawasoma ndia bhaniki ndibhali ka ngongua mbili ndiasu injo nandulu mugisa ndie kitunga kawa soma ndia bhaniki ka ngongua mbili 	1			Amba	train	10.03850385038504		False	0.2906976744186046	False	4.328025783172036	0.2478849407783418	True
06abe4fdd40392815ffcffabe9ccddfd	57697	spontaneous-speech-rwm-57697.mp3	22248	5865	Sa bhulwa milimo abhuisi bhoni bhakpa ngonguambili ndianu?	Sabhuluwa milimo ka nsi kedha ka Yuganda ali Injo abhugbeibe gavumenti andulu ndia akipasuwa kola milimo injo andulu bhakpa bhakole eki, bhatunge milimo ndia buli nkpa akibha nasomeleli	1			Amba	train	7.101761956130888		False	0.1648351648351648	False	4.154538500714109	0.1658206429780034	True
0038f5497f9f2af927e533e85ee33985	57754	spontaneous-speech-rwm-57754.mp3	26316	5865	Sa bhulwa milimo abhuisi bhoni bhakpa ngonguambili ndianu?	Nkpa bhuluwa milimo nkpa ka ngongwa-mbili ali kima ndia kabhongi sini-sini osemelelu nkpa bhanamunji bhabhe ka milimo andulu ngongwa-mbili injo abhe kulungi so bhuluwa milimo ka ngongwa-mbili injo kabhongi bba	1			Amba	train	6.839945280437757		False	0.36407766990291257	False	3.810209041945228	0.050761421319796954	True
79c70007d8f4df515b1206bb8d666e7b	58015	spontaneous-speech-rwm-58015.mp3	20268	5865	Sa bhulwa milimo abhuisi bhoni bhakpa ngonguambili ndianu?	Bhulua mulimo akikolaga bhakpa zidhi zidhi bhetu bhenjo bhakpa bhakitodhaga bhabala milimo ka nsi ndiabho injo kandi bha bhazibe moi na moi ziba nti bhatungi mikia sente	1			Amba	train	7.055456877836984		False	0.1807228915662651	False	4.522932343889436	0.36548223350253806	True
7b8ce0a081d9ccda7626927c5eec42d2	58360	spontaneous-speech-rwm-58360.mp3	23328	5865	Sa bhulwa milimo abhuisi bhoni bhakpa ngonguambili ndianu?	Mabhulua milimo abikisi bhakpq bhunako ka ngongwa mbili bhulua milimo abikisi bhusuma ka ngongwa mbili bhulua milimo abikisi dhua bhakpa nibhakibha bhalimba bhulua milimo adhu bhakpa nibhakiziba ngu ndia bhakiekolilia abhulia bhulua milimo adhu nibhakibhuolaga ka bhusuma bhulua milimo abikisi bhusuma bhulua milimo adhu bhaniki bhakasome	1			Amba	train	12.560013717421125		False	0.5701492537313433	True			False
ce1fe571c632c175c538f2de6c2f35a4	58531	spontaneous-speech-rwm-58531.mp3	11340	5865	Sa bhulwa milimo abhuisi bhoni bhakpa ngonguambili ndianu?	Bikisiya busuma na lwanaga ka inji na bhuluwa bhusinge ka ngonguwa mbili.	1			Amba	train	5.467372134038801		False	0.0714285714285714	False	5.217508622485789	0.7343485617597293	False
18df01d60d16de159483408584d06424	58574	spontaneous-speech-rwm-58574.mp3	24408	5865	Sa bhulwa milimo abhuisi bhoni bhakpa ngonguambili ndianu?	Bhulua mulimo ka ngongwa mbili bhakpa kabhuisi kulungi nanga ndibhetolo bhakibhaga nibhakikola ndibhetolo ndia bhakakikola bhaitu kobhulwa mulimo abhongi wehanga-hangebe mulimo poni ndio okutoka kolai andulu nawe webheisebe ka bwomezi ndio ogbei koliliaku	1			Amba	train	9.136348738118649		False	0.20238095238095233	False	3.7821738421512396	0.043993231810490696	True
268635e5ac8169d00be91a407e38d7f4	58886	spontaneous-speech-rwm-58886.mp3	19116	5865	Sa bhulwa milimo abhuisi bhoni bhakpa ngonguambili ndianu?	Ehh bha yusi ndibhe biabo kebhali na  milimo ka ngongwa mbili ndia bhesu  anga bhakibalaga tunga tukai ka gavumenti kedha ka bitongole bhaitu odulane eti milimo injo kaliku bba nobu bha adivataizinga bheo bhakikisa bhakpa ndibhabho bhatunga ndibho mulimo injo 	1			Amba	train	11.404059426658296		False	0.19066147859922178	False	4.681416373051069	0.46615905245346867	True
01afad16deed014c336c39ed0790a0bc	58950	spontaneous-speech-rwm-58950.mp3	11736	5865	Sa bhulwa milimo abhuisi bhoni bhakpa ngonguambili ndianu?	Kabhulwa milimo kabhuisi kulungi bhakpa nanga bhaniki bhakisomaga eti bhatunge mulimo	1			Amba	train	6.3905930470347645		False	0.09756097560975607	False	3.923363048671641	0.08206429780033841	True
14482a129cdad77b883cf44ab8ee2666	59460	spontaneous-speech-rwm-59460.mp3	25488	5865	Sa bhulwa milimo abhuisi bhoni bhakpa ngonguambili ndianu?	Bhulwa mulima ka ngongwabili ndasu ali na bizibu baniki bakpa basikankali bhaketabhaga mu bizibu ndyaibha ndia kabhongiye ndya mwenge bizibu poniye	1			Amba	train	4.982736974262398		False	0.11111111111111116	False	4.658866903104053	0.44923857868020306	True
09bbee7d294906c21ab763ff5ca35ee2	59749	spontaneous-speech-rwm-59749.mp3	16020	5865	Sa bhulwa milimo abhuisi bhoni bhakpa ngonguambili ndianu?	Ka ngonguwa mbili akibhaga nabhuisi bhakpa zidhi nanga nontungi sente noli na mulimo ka ngonguwa mbili nkpa poni akubhaga nakujibi nakupesi kitinisa kandi na nakutiya.	1			Amba	train	8.926342072409488		False	0.19512195121951215	False	4.31315780431966	0.24196277495769883	True
14482a129cdad77b883cf44ab8ee2666	57329	spontaneous-speech-rwm-57329.mp3	26856	5866	Bhalimi ndibha ka ngonguambili ndianu bhakikingililiaga bhoni tiko ndiabho kowa bhambuka na ndwali?	Bhalimi ndibha kagogwabili ndiasu bhaki kabhaga mubazi fuhili time ndia ndiabho na buhuka poni bha wolaga buhuka njo	1			Amba	train	3.686327077747989		False	0.1415929203539823	False	5.027166185919903	0.6539763113367174	False
79c70007d8f4df515b1206bb8d666e7b	57907	spontaneous-speech-rwm-57907.mp3	17496	5866	Bhalimi ndibha ka ngonguambili ndianu bhakikingililiaga bhoni tiko ndiabho kowa bhambuka na ndwali?	Bhalimi bhenjo bhaki fwililiagaku mubazi ka tiko ndiabho ndiakigumagaku ndwaye na bhuka ka tiko ndiabho	1			Amba	train	5.086877000457248		False	0.18999999999999995	False	4.498031260880753	0.34686971235194586	True
06abe4fdd40392815ffcffabe9ccddfd	58077	spontaneous-speech-rwm-58077.mp3	14076	5866	Bhalimi ndibha ka ngonguambili ndianu bhakikingililiaga bhoni tiko ndiabho kowa bhambuka na ndwali?	Kikibhongosiaga tiko kizombaga ndia alwaziku nandiki poni atodha asikia buhyaka	1			Amba	train	4.973003694231315		False	0.013157894736842146	False	6.3027929138636125	0.9627749576988156	False
2a714f0f48c3450f78b159dbfd6c6c04	58224	spontaneous-speech-rwm-58224.mp3	38196	5866	Bhalimi ndibha ka ngonguambili ndianu bhakikingililiaga bhoni tiko ndiabho kowa bhambuka na ndwali?	Balimi ndibha ka ngongwa mbili ndiasu bhaku kingiliiaga tiko ndiabho kowa bhambuka nandwali nabha kubhagaliia ndimo ndiabho toli nibha kibhuduabe ndibha bhaii sa ndimo bhia bhagulikaca bhabhupa magezi nesi bhatoki bhundilia tiko ndiabho nanga ndwali na bhambuka	1			Amba	train	5.89066918001885		True	0.26356589147286824	False			False
ce1fe571c632c175c538f2de6c2f35a4	58344	spontaneous-speech-rwm-58344.mp3	14148	5866	Bhalimi ndibha ka ngonguambili ndianu bhakikingililiaga bhoni tiko ndiabho kowa bhambuka na ndwali?	Bhalimi bhakikola tiko ndiabho amabhoga bhaki bwagaku tabhi mazinana katiko makiyojaga tiko ndiabho	1			Amba	train	6.149279050042409		False	0.17708333333333337	False	5.262881778222703	0.7529610829103215	False
e8eb7188dc741f9c8bd1f3b4b922d0b6	58371	spontaneous-speech-rwm-58371.mp3	23688	5866	Bhalimi ndibha ka ngonguambili ndianu bhakikingililiaga bhoni tiko ndiabho kowa bhambuka na ndwali?	Bhalimi ka kingililiai ndwali na bhambuka ka tiko ndiabho ka ngongwa mbili ndiasu bhakikpululaga bijidhi ndiasu tabhi mbidha kamulali bulu ndia kambambamusa abhe manye tabhi sie injo nau bhakpuñule bhalike anjagai ka tiko kenjo	2			Amba	train	8.189800742992233		False	0.1741071428571429	False	5.048621481756474	0.6624365482233503	False
01afad16deed014c336c39ed0790a0bc	58413	spontaneous-speech-rwm-58413.mp3	13716	5866	Bhalimi ndibha ka ngonguambili ndianu bhakikingililiaga bhoni tiko ndiabho kowa bhambuka na ndwali?	Mulingo moti andi lika nibhakibhagala nibhabenisi tiko ndiabho andi ola bhambuka njo na mubazi sa kyamba	1			Amba	train	6.488772236803732		False	0.08910891089108908	False	5.165991289565437	0.7157360406091371	False
268635e5ac8169d00be91a407e38d7f4	58868	spontaneous-speech-rwm-58868.mp3	18468	5866	Bhalimi ndibha ka ngonguambili ndianu bhakikingililiaga bhoni tiko ndiabho kowa bhambuka na ndwali?	Ndia kokubanja bhalemi kabhatangia ndwali ka tiko ndiabho kedha nagbei lieli bhakigbaga bhagueta bhabhuwa ka tiko bhaya  bhalumba kedha bhasumba ndietolo atodha lwalai ndibhetolo bhakikozesaga mubazi bhaya bhafwililia	1			Amba	train	10.23391812865497		False	0.19626168224299068	False	4.557910708695124	0.38747884940778343	True
0038f5497f9f2af927e533e85ee33985	58915	spontaneous-speech-rwm-58915.mp3	34488	5866	Bhalimi ndibha ka ngonguambili ndianu bhakikingililiaga bhoni tiko ndiabho kowa bhambuka na ndwali?	Moti ndie nibio ka kingililia ndwali ka ka ka bilimwa bhakingililia moti kabha nali gbebhe bhakijombagabe nkele kabha nali gusi bhabbuma na milinga kabha nali koko bha puluninga injo poni bhaki haga nibhakatanga ndwali gbha nanka ndiabho so buli nkpa ali nesi akikingililiaga bhaitu ndie nibio andulu injo	1			Amba	train	7.480862908837857		True	0.30132450331125826	False			False
839194823957ef6cf0af192facc00f2e	59235	spontaneous-speech-rwm-59235.mp3	23796	5866	Bhalimi ndibha ka ngonguambili ndianu bhakikingililiaga bhoni tiko ndiabho kowa bhambuka na ndwali?	Bwile ndia akidhuwaga bhakiyaga nibhakifuililia kima ndiabho njo andulu ndia akidhuwaga kima  uponi bhananka ndibha ka kyalo bhalika nibhatekani kima ndiabho ndia ka kyalo bhakilikaga nibhakibisaku mibaji bwile poni bwile poni bwile poni injo akibhaga bhinjo.	1			Amba	train	9.371322911413683		False	0.4140625	False	3.2422218780830323	0.00338409475465313	True
aff82a045868be1573431402cd4ccddc	59335	spontaneous-speech-rwm-59335.mp3	25308	5866	Bhalimi ndibha ka ngonguambili ndianu bhakikingililiaga bhoni tiko ndiabho kowa bhambuka na ndwali?	Hhh bhalibe bha bha ndibhekina bhakikililiaga bhaitu  ndibhekina bhakakakikililiaga nanga ndibhekina bhakaibi mugaso ndia ali ka kikililiaga tiko nddiabho bhaitu ndibhekina bhakikililiaga tiko ndibha bhaibi mugaso ndia aliku	1			Amba	train	7.744586691955113		False	0.5384615384615384	True			False
aff82a045868be1573431402cd4ccddc	59335	spontaneous-speech-rwm-59335.mp3	25308	5866	Bhalimi ndibha ka ngonguambili ndianu bhakikingililiaga bhoni tiko ndiabho kowa bhambuka na ndwali?	Alibhe bhakpa ndibhekina bha ki kikiliaga ndibhekina kabha kikiliaga naga ndibhekina kabhahibhi mugaso ndiali ka kililiaga tiko ndiabho ndibhetolo bhakikiliaga ndibahibhi mugaso ndia liku	1			Amba	train	6.480164374901217		False	0.4565217391304348	True			False
06abe4fdd40392815ffcffabe9ccddfd	57394	spontaneous-speech-rwm-57394.mp3	24660	5867	Andiki ndia oibilyani kolai sabbite nali kaya dhakillilyai?	Kola ka dahkililia okukolagaga milimo ndiako poni andulu  andulu poni odhakililia nanga tandikiliai bbalaza doisai kyakatono kyamukagha akibhaga akibhaga nali bwile  sa kola mulimo ndiako poni	1			Amba	train	6.690997566909975		False	0.21693121693121697	False	4.786354432430882	0.5279187817258884	True
01afad16deed014c336c39ed0790a0bc	57804	spontaneous-speech-rwm-57804.mp3	25776	5867	Andiki ndia oibilyani kolai sabbite nali kaya dhakillilyai?	Tamabhugo-bhugo sabite kituka kakisomo saba nkitandikaga kwetekaniza nesi nkikelela yami ka mulimo ndiamo  menjo nili kau na bhingisia ngoye ndiamo malola  bhingisia nkaito na tekeniza bhaniki ndibhamo ndibha kibha nibhakiya ka sukulu ka tolo ndia dhabhibhe	1			Amba	train	8.535071384233396		False	0.16535433070866146	False	4.9544964573847965	0.6192893401015228	False
ce1fe571c632c175c538f2de6c2f35a4	57938	spontaneous-speech-rwm-57938.mp3	8820	5867	Andiki ndia oibilyani kolai sabbite nali kaya dhakillilyai?	Nihibhilwani ya ka senta tangiya mupila sa bangeleza	1			Amba	train	5.1020408163265305		False	0.0	False	6.651924247666785	0.9847715736040609	False
79c70007d8f4df515b1206bb8d666e7b	58518	spontaneous-speech-rwm-58518.mp3	16308	5867	Andiki ndia oibilyani kolai sabbite nali kaya dhakillilyai?	Emi nkiyaga ka caci sabbite nali kadhakililai nanga nkibbala wiki ndiamo abhe ka ina ndia Yesu	1			Amba	train	4.844248221731665		False	0.04395604395604391	False	5.37367134055725	0.8011844331641286	False
268635e5ac8169d00be91a407e38d7f4	58774	spontaneous-speech-rwm-58774.mp3	19260	5867	Andiki ndia oibilyani kolai sabbite nali kaya dhakillilyai?	Emi nibilwani sabbite yami ka kisomo ki kadha  nidhakililia na yami ka titebe sa kwebisilia injo andulu ndie nkikolaga ka dhakililia sa sabbite nkiyaga ka kisomo nidtodha niya ka kitebe sa kwebisilia sa kasente	1			Amba	train	9.13811007268951		False	0.32367149758454106	False	5.003435660227478	0.6455160744500846	False
0038f5497f9f2af927e533e85ee33985	58887	spontaneous-speech-rwm-58887.mp3	23760	5867	Andiki ndia oibilyani kolai sabbite nali kaya dhakillilyai?	Sabbite bhia emi kikikolagaku mulimo poni bhuaibe uma uma kyalo  siai ka mesia kasi nili na yami ka saba kituka ka saba nibike ka inji na katiko kikiduaga so kyalo kasia bbalaza andulu ndie nkisobolaga ya kola mulimo bbaitu sabbite bba kaiki ka kilagilo ka liku injo	1			Amba	train	9.217171717171716		False	0.20152091254752846	False	5.37535339079459	0.8028764805414551	False
839194823957ef6cf0af192facc00f2e	59071	spontaneous-speech-rwm-59071.mp3	19656	5867	Andiki ndia oibilyani kolai sabbite nali kaya dhakillilyai?	Emi ndie nibiliana kolai Sabbite nali tolo sa dhakililia kali mulimo poni ndie nkikolaga nkiesaga ninihumuli nanga Mambombi agia eti tolo sa dhakililia ohumulage kolo kukolaga milulimo poni	1			Amba	train	8.241758241758243		False	0.24193548387096775	False	4.584192926061459	0.4103214890016921	True
aff82a045868be1573431402cd4ccddc	59284	spontaneous-speech-rwm-59284.mp3	21636	5867	Andiki ndia oibilyani kolai sabbite nali kaya dhakillilyai?	Kilo kia sabbite nkiyaga ka saba kituka ka saba tolo poni akisieliaga ka saba nanga andulu tolo ndia Mambombi ndia akipesiya so injo andulu ndie nkikolaga kilo kia sabbite	1			Amba	train	6.609354779071918		False	0.2857142857142857	False	4.363574591582169	0.26988155668358715	True
e8eb7188dc741f9c8bd1f3b4b922d0b6	59296	spontaneous-speech-rwm-59296.mp3	20628	5867	Andiki ndia oibilyani kolai sabbite nali kaya dhakillilyai?	Sa kolai ninili kaya dhakiliagai sabite ali zibe  eti kya sabbite injo tolo tolo ncambu njo kiesei ka mulima nsenge bhuaibe nitekete niye nimwesenga sengie Mabombi ka nsaka injo andulu kanisa abhe kelezia nesi akibha nalio	1			Amba	train	9.016870273414776		False	0.091324200913242	False	5.452674283748003	0.8333333333333334	False
7b8ce0a081d9ccda7626927c5eec42d2	59406	spontaneous-speech-rwm-59406.mp3	20448	5867	Andiki ndia oibilyani kolai sabbite nali kaya dhakillilyai?	Opasu oye ka kisomo ka kanisa ndia kebhali opasu kole kim poni ozibe ngu kima ndio obhi kakolai ka wiki injo asia odhakia opasu zibe eti kima ndia abhi atigililiani asia ka wiki injo	1			Amba	train	7.28677621283255		False	0.22346368715083798	False	5.674993954787465	0.8883248730964467	False
18df01d60d16de159483408584d06424	59456	spontaneous-speech-rwm-59456.mp3	20988	5867	Andiki ndia oibilyani kolai sabbite nali kaya dhakillilyai?	Kadhakililia Sabbite nikietekanilizaga mulimo ndie nikikola ka tolo ndia adhabhibe kyabalazi nilika ninbi ambali kindie kitabilia dumbi anipa lika ninietekanizi	1			Amba	train	6.718124642652945		False	0.14012738853503182	False	5.4078555267695965	0.8130287648054145	False
2a714f0f48c3450f78b159dbfd6c6c04	59671	spontaneous-speech-rwm-59671.mp3	17856	5867	Andiki ndia oibilyani kolai sabbite nali kaya dhakillilyai?	Sabbiti kaya dhakililiai nihibilwani yami ka tiko niya zibaiku nkya lubhimbi ndininkibha ninkikola ka sabbite ndietolo katandikai.	1			Amba	train	6.384408602150537		False	0.055118110236220486	False	5.716551854596635	0.8950930626057529	False
09bbee7d294906c21ab763ff5ca35ee2	59724	spontaneous-speech-rwm-59724.mp3	12096	5867	Andiki ndia oibilyani kolai sabbite nali kaya dhakillilyai?	Oti Wiki yoho ndyakatandikai sabite injo nkitandika bhoni theni nkijibha kazi mulimo nkikola ndyamani andulu injo ndyoku pulaningaga oti wiki yo nkikoleki	1			Amba	train	10.99537037037037		False	0.152317880794702	False	6.376089200545459	0.9686971235194586	False
06abe4fdd40392815ffcffabe9ccddfd	57821	spontaneous-speech-rwm-57821.mp3	38880	5868	Osobololebe nesi okweyambiya lyeli ndiakudhedhio.	Lieli ndia anidhedhio nkie yambiaga habwa sigikilia ngoku kibhaga nikakabhai nanga nkingiaga nkali ahamba kami kedha emi nkumi nieyambia injo andulu lieli ndie nkiliaga kedha niya nihaga ka tiko andulu lieli ndia anidia anidhedhio	1			Amba	train	5.066872427983538		True	0.27753303964757714	False			False
0038f5497f9f2af927e533e85ee33985	57985	spontaneous-speech-rwm-57985.mp3	30240	5868	Osobololebe nesi okweyambiya lyeli ndiakudhedhio.	Lyeli ndia nidhediyo ali gbebe gbebe okuhambaga komesiya kubuwa katiko kedhatu kosumba koisa ka inji okukabaga mbako batima babhisa ka kala abhidha batuda butanduka lyaga na mucele andiabu dhe okubuwaga kua babhika bahamba kainji butanduka liyayi sigikilya ongoku bakihambaga	1			Amba	train	7.837301587301587		False	0.19117647058823528	False	6.6062383536402045	0.9830795262267343	False
268635e5ac8169d00be91a407e38d7f4	58028	spontaneous-speech-rwm-58028.mp3	22428	5868	Osobololebe nesi okweyambiya lyeli ndiakudhedhio.	Lieli ndia anidhedhio ali koko koko injo nisobola kima poni ndia asemelulu bisaiku andulu aswale nilnai bhia butungulu vuto injo poni nili nai kandi nibiseku nkuwa ndia abhongio	1			Amba	train	6.688068485821295		False	0.14942528735632188	False	5.116421759793435	0.6920473773265652	False
2a714f0f48c3450f78b159dbfd6c6c04	58030	spontaneous-speech-rwm-58030.mp3	42948	5868	Osobololebe nesi okweyambiya lyeli ndiakudhedhio.	Lyeli ndianidhedhi akibhaga koje ka habahi iki bhuwaga ni tubha nimuwabhe pasi dubhi nibhuwa sapulia lihalaku kasa nihibha to bhisaku koje njo dhubhi ni kughesiyabhe na ghali dhubhi nikisaku libho ndia kidhotisaga nisibha ka kala nitandika hosia na sekisahiko	1			Amba	train	5.145757660426562		True	0.1640625	False			False
79c70007d8f4df515b1206bb8d666e7b	58139	spontaneous-speech-rwm-58139.mp3	24048	5868	Osobololebe nesi okweyambiya lyeli ndiakudhedhio.	Lieli ndi nibalio ali mucele na binyobwa mucele injo mu kikopo moti nikibisaku kikopo moti ndia libho dumbi binyobwa kilo moti nikibisaku kikopo moti ndia libho na butungulu na nyanya ndie nihambio dumbi ni lie	1			Amba	train	7.318695941450432		False	0.3623188405797102	False	5.426142665800194	0.8206429780033841	False
01afad16deed014c336c39ed0790a0bc	58577	spontaneous-speech-rwm-58577.mp3	12168	5868	Osobololebe nesi okweyambiya lyeli ndiakudhedhio.	Ndia akudhedhio okuambaga obisaku nkuwa obisaku moula hhh obisaku liaga	1			Amba	train	5.095332018408941		False	0.19117647058823528	False	6.193455612416651	0.955160744500846	False
839194823957ef6cf0af192facc00f2e	58702	spontaneous-speech-rwm-58702.mp3	30636	5868	Osobololebe nesi okweyambiya lyeli ndiakudhedhio.	Nkibanjaga nitekaniza kigeiga mesia tekaniza kigeiga dumbi ni bisa bbumaga ni nigia musa nisigia musa nitima lieli kabha nali sa timai nitima nibisa ka sapulia nibisa kakala atandika giai kulungi	1			Amba	train	5.418461940201071		False	0.25	False	6.166913318182535	0.9534686971235194	False
18df01d60d16de159483408584d06424	59333	spontaneous-speech-rwm-59333.mp3	23436	5868	Osobololebe nesi okweyambiya lyeli ndiakudhedhio.	Lieli ndia anidhedhio ali mucele nikiteketaga nizungisabe libho kikopo moti nkibisagaku bikopo bhali sa libho  dumbi nibasaku mucele agbotoma,nikungbesyabe nibhundilia aoma dumbi nikisia	1			Amba	train	6.955111793821471		False	0.14207650273224048	False	6.015946877618324	0.9390862944162437	False
e8eb7188dc741f9c8bd1f3b4b922d0b6	59455	spontaneous-speech-rwm-59455.mp3	25740	5868	Osobololebe nesi okweyambiya lyeli ndiakudhedhio.	Ka kweyambiya lieli ndia akibha nanidhedhio, nkiteketa nibikise bhanikya kima poni sa bisagaiku sekina andulu nkyasuwaisi ndia akitukaku anidhedhe emi nkumi na ndibho bhakibha nibhakiliabe na ndibho bhakakiliabe bhalike kwekumbula nibikise eyo mikia kima bhia katungulu eki pepe poni nibise menjo kadhu kazibe eti lieli ndiamo abhongia.	1			Amba	train	11.266511266511266		False	0.2222222222222222	False	4.928651396491326	0.6065989847715736	False
01afad16deed014c336c39ed0790a0bc	57830	spontaneous-speech-rwm-57830.mp3	14940	5869	Ali zeni tina bhaniki ndibha ka ngonguambili ndianu ndibhakizenaga?	Zeni ndia bhaniki ndia bhaniki ndia bhakizenaga ka ngongwa mbili ndiasu ndia bhakizenaga  andi zeni sa mupila zeni sa ludo zeni sa kadi andi zeni sa mbina tamabhugo-bhugo menjo	1			Amba	train	9.839357429718875		False	0.3930635838150289	False	4.165054209462188	0.17343485617597293	True
0038f5497f9f2af927e533e85ee33985	57953	spontaneous-speech-rwm-57953.mp3	15768	5869	Ali zeni tina bhaniki ndibha ka ngonguambili ndianu ndibhakizenaga?	Zeni ndia bhakpa ndibha kagogwabili ndiasu ndia  bhakizenaga ali mupila sini sini ndibha ka ngongwa mbili kindiasu	1			Amba	train	6.151699644850329		False	0.23423423423423428	False	3.3339202985495935	0.005076142131979695	True
79c70007d8f4df515b1206bb8d666e7b	58007	spontaneous-speech-rwm-58007.mp3	19368	5869	Ali zeni tina bhaniki ndibha ka ngonguambili ndianu ndibhakizenaga?	Bhaniki bheoho bhakilizenaga kima mabhika tabhi mupila bhazena kima tabhi neti bolo bhazena ludo  bhazena na  cesi kima tabhi injo	1			Amba	train	5.627839735646426		False	0.26771653543307083	False	5.575379423424916	0.8663282571912013	False
268635e5ac8169d00be91a407e38d7f4	58833	spontaneous-speech-rwm-58833.mp3	19260	5869	Ali zeni tina bhaniki ndibha ka ngonguambili ndianu ndibhakizenaga?	Bhaniki bhakikilaga zena zenabho  mupila bhalukuabho deni bhanikiekali bhakiepenaga bhakikilaga kola zeni sa kwepena ndibhekina bhakitetiagaga ndbhekina bhakilimbaga ka kwaya	1			Amba	train	7.995846313603322		False	0.30409356725146197	False	4.871865752314929	0.571912013536379	True
18df01d60d16de159483408584d06424	59062	spontaneous-speech-rwm-59062.mp3	18000	5869	Ali zeni tina bhaniki ndibha ka ngonguambili ndianu ndibhakizenaga?	Bhaniki ka ngongua mbili bhakuzenaga zeni mabhika sini be moti ka zeni njo bhakuzenaga mupila na zeni ndie kina ndia bhanikiekali sa lika nibhakibumbukiaga	1			Amba	train	7.333333333333333		False	0.1907894736842105	False	4.805106076745663	0.5355329949238579	True
e8eb7188dc741f9c8bd1f3b4b922d0b6	59157	spontaneous-speech-rwm-59157.mp3	23436	5869	Ali zeni tina bhaniki ndibha ka ngonguambili ndianu ndibhakizenaga?	Bhaniki ndibha ka ngongwa mbili ndiasu kima ndia bhagbei kolai ka zeni nali sa zeni alikau bhia mupila ali kau kindio okutakana ndibhetolo nibhai ka mbbina ka bibbula bibbula ndia bhakigia bhia kilabbu tai sie injo nibhakibikisiaku mikia mbanagana ndiabho	1			Amba	train	9.216589861751151		False	0.22619047619047616	False	4.460208251835663	0.32318104906937395	True
ce1fe571c632c175c538f2de6c2f35a4	59223	spontaneous-speech-rwm-59223.mp3	3960	5869	Ali zeni tina bhaniki ndibha ka ngonguambili ndianu ndibhakizenaga?	Bhakuzanaga mupila	1			Amba	train	4.292929292929293		True	0.0	False			False
839194823957ef6cf0af192facc00f2e	59454	spontaneous-speech-rwm-59454.mp3	22968	5869	Ali zeni tina bhaniki ndibha ka ngonguambili ndianu ndibhakizenaga?	Bhaniki ndibha ka ngongwa ndia bhesu ndia bhakabhi sini ali zeni sa mupila bhaniki bhakizeniliaga kimui mupila abhe bhanikiekali abhe bhanikieluku bhoponi poni bhakijeniliaga kimui ndia kalibe bhujibu uponi	1			Amba	train	7.749912922326716		False	0.31034482758620685	False	4.213265927688954	0.19796954314720813	True
7b8ce0a081d9ccda7626927c5eec42d2	59464	spontaneous-speech-rwm-59464.mp3	21096	5869	Ali zeni tina bhaniki ndibha ka ngonguambili ndianu ndibhakizenaga?	Ndia kokubanja ali vuga bigali sa mili zeni ndia kebhali ali zeni sa mupila zeni ndia kesalo ali ziba ngu bhai ka bhadabho zeni bhia kadi tabhibi injo zeni ndia keini ali iga bhambulu na muzeledhi ka mabhilibzeni ndia keini ali ziba ngu bhaliki ka bitabo kedha	1			Amba	train	10.144103147516116		False	0.3424124513618677	False	5.421696324809966	0.8164128595600677	False
2a714f0f48c3450f78b159dbfd6c6c04	59607	spontaneous-speech-rwm-59607.mp3	16056	5869	Ali zeni tina bhaniki ndibha ka ngonguambili ndianu ndibhakizenaga?	Bhaniki ndibha ka ngongwa mbili ndiasu sini sini bhakizenaga mupila sa kigu	1			Amba	train	3.986048829098156		False	0.06944444444444442	False	3.5568234213833536	0.014382402707275803	True
14482a129cdad77b883cf44ab8ee2666	59631	spontaneous-speech-rwm-59631.mp3	20916	5869	Ali zeni tina bhaniki ndibha ka ngonguambili ndianu ndibhakizenaga?	baniki ndiba ka ngongwambili ndiasu bakilimbaga limbo sa dini bagiya kwaya limbo ndia Amanbombi bakabi limbo sa dini sini sini	1			Amba	train	5.1157008988334285		False	0.2357723577235772	False	5.343446818737723	0.7910321489001692	False
09bbee7d294906c21ab763ff5ca35ee2	59731	spontaneous-speech-rwm-59731.mp3	16200	5869	Ali zeni tina bhaniki ndibha ka ngonguambili ndianu ndibhakizenaga?	Ka ngongwa mbili ndia bhesu bhaniki bha mamadha bhakuzenagaku mupila bhakuzenaga mi mi muzano sa kwepena bhaniki ndibhekina bhakuzenaga muzano sa pulu pulu tabo	1			Amba	train	8.456790123456791		False	0.30573248407643316	False	4.677965859825511	0.46362098138747887	True
18df01d60d16de159483408584d06424	57403	spontaneous-speech-rwm-57403.mp3	23076	5870	Ali kima tina ndiokukabhaga kolai notekani ka bwile ndiako?	Kima ndie kikabhaga kolai nini tekani ka bwile ndiamo ali ziba pologulamu ka TV  ndia akialika kendha ndia bhalimi nanga injo okubhueliag kau magezi nemi ndie nkitodhabe ziba eti nikoli kima ndia akinibhesiabe	1			Amba	train	7.626971745536488		False	0.12135922330097082	False	4.650598327983464	0.44247038917089676	True
79c70007d8f4df515b1206bb8d666e7b	57877	spontaneous-speech-rwm-57877.mp3	18468	5870	Ali kima tina ndiokukabhaga kolai notekani ka bwile ndiako?	Ka bwile nkizenaga mupila kandi nitodha nizenabe mikia gemu ka simu ndiamo kandi kima injo akinibheisaga kulungi	1			Amba	train	5.198180636777128		False	0.06422018348623848	False	4.666810761687799	0.4560067681895093	True
268635e5ac8169d00be91a407e38d7f4	58495	spontaneous-speech-rwm-58495.mp3	10296	5870	Ali kima tina ndiokukabhaga kolai notekani ka bwile ndiako?	Nkibalaga ni soma Bbaibbuli nkibalaga niegesabe bhaniki ndibhamo bhia kocingi bhinjo kabha nini tekani	1			Amba	train	8.644133644133644		False	0.101010101010101	False	5.304278630397917	0.7766497461928934	False
06abe4fdd40392815ffcffabe9ccddfd	58696	spontaneous-speech-rwm-58696.mp3	22356	5870	Ali kima tina ndiokukabhaga kolai notekani ka bwile ndiako?	Hhh ka bwile ndiako  ndio okukabhaga kolai ali humula kabha noli na mikia ledio ndiako bhakupesie bhabhue ka ndabho olike menjo bhabikise kako mikia lieli oliage kekubhe na nsonga poni injo andulu lika notekani	1			Amba	train	7.872606906423331		False	0.12560386473429952	False	4.8494210559910815	0.5617597292724196	True
839194823957ef6cf0af192facc00f2e	58856	spontaneous-speech-rwm-58856.mp3	18540	5870	Ali kima tina ndiokukabhaga kolai notekani ka bwile ndiako?	Nili na kima mabhika ndie nikiegomba kolai ka bwile ndiamo ali sigikilia eti kigendeleluwa ndia adhu kikola kima injo andulu ndia adhu ninikiziba ndie nikikabha kolai kekikolembe bbaitu ninli na kima mabhika ndie nikiegombaga kolai ka bwile ndiamo uponi	1			Amba	train	11.596548004314997		False	0.352	False	4.038756357577724	0.11928934010152284	True
0038f5497f9f2af927e533e85ee33985	59036	spontaneous-speech-rwm-59036.mp3	18396	5870	Ali kima tina ndiokukabhaga kolai notekani ka bwile ndiako?	Ndie gonzaga kolai kima ninitekami ka bwile ndiamo ali soma bitabo rundi Bbaibuli rundi ka bigamabo poni ndia bitabo andia anigbeibei ndia anilibe na mugaso nki gozaga kolai ninitekani ndia kalibe nkpa mindia akinitelabaniza poni	1			Amba	train	10.60013046314416		False	0.24336283185840712	False	5.134641164188268	0.7013536379018612	False
14482a129cdad77b883cf44ab8ee2666	59372	spontaneous-speech-rwm-59372.mp3	27900	5870	Ali kima tina ndiokukabhaga kolai notekani ka bwile ndiako?	Ooooh ka bwile ndiamo nikikabhaga nisome kitabo ndia Mambombi bible nikenge kulungi ni nikikabhaga nitekeleze nkihelele sukulu fizi bhoni ka bhaniki ndibhamo na pulani ndi pulanizi ndikukola ka myaka akibika.	1			Amba	train	6.415770609318996		False	0.1707317073170732	False	5.27477054773009	0.7614213197969543	False
ce1fe571c632c175c538f2de6c2f35a4	59405	spontaneous-speech-rwm-59405.mp3	7020	5870	Ali kima tina ndiokukabhaga kolai notekani ka bwile ndiako?	Nikikabhaga soma bitabo na ziba mupila sa pulimiya ligi	1			Amba	train	6.695156695156695		True	0.0	False			False
e8eb7188dc741f9c8bd1f3b4b922d0b6	59492	spontaneous-speech-rwm-59492.mp3	28296	5870	Ali kima tina ndiokukabhaga kolai notekani ka bwile ndiako?	Kibha nini tekani kabwile ndiamo  nkwekubulaga nibha ninibhisi moi mikia ladio hokyanyagahibhe makulu abhe bhakya libho na kima poni sa egesa saha ndie tolo nisakedhane kidia nguwa sa televizoni ndia kihanisaga moli moli kenda bhisisani na makulu na kibhikiryakua	1			Amba	train	7.916313259824711		False	0.1461538461538462	False	5.915626318235322	0.9289340101522843	False
2a714f0f48c3450f78b159dbfd6c6c04	59514	spontaneous-speech-rwm-59514.mp3	18108	5870	Ali kima tina ndiokukabhaga kolai notekani ka bwile ndiako?	Kima ndie nikikabhaga nikole ninitekani ka bwile ndiamo ali soma Bbaibbuli	1			Amba	train	3.534349458802739		False	0.05633802816901412	False	4.43474688967237	0.3096446700507614	True
09bbee7d294906c21ab763ff5ca35ee2	59732	spontaneous-speech-rwm-59732.mp3	13788	5870	Ali kima tina ndiokukabhaga kolai notekani ka bwile ndiako?	Ka bwile ndiamo nkikolagaku noka nika somesa bhaniki, nika zeni na bhaniki nanga alibe bwile sa tamabhugo-bhugo alibe bu bhukugia ti bba bhuonge dhani na bhaniki ndibhako.	1			Amba	train	10.516391064693936		False	0.22023809523809523	False	4.657337320616449	0.44754653130287647	True
2a714f0f48c3450f78b159dbfd6c6c04	57285	spontaneous-speech-rwm-57285.mp3	23616	5871	Bhanikia loni nke akibhuyambaga bhoni bhakali tandikabe sa subula ka ngonguambili kehe?	Bhanikia loni nke-nke akibhuyambaga bhakali gia eti bhatungi sente sa tandikisabe subula ndiabho nanga kekebhe noli na sente koli na nesi okutokq lika subula	1			Amba	train	5.674119241192412		False	0.08441558441558439	False	4.194436812613996	0.188663282571912	True
0038f5497f9f2af927e533e85ee33985	57495	spontaneous-speech-rwm-57495.mp3	23940	5871	Bhanikia loni nke akibhuyambaga bhoni bhakali tandikabe sa subula ka ngonguambili kehe?	Haaa mikia loni akibhuyambaga bhakali bikisabe subula ka ngongwa mbili kehe agbei yambabho nanga bhagbei helelela bhaniki ka sukulu na tekaniza faimile ndiabho ndia akibha nabhubhulibei	1			Amba	train	6.683375104427736		False	0.10989010989010994	False	4.071738062486867	0.13874788494077833	True
01afad16deed014c336c39ed0790a0bc	57637	spontaneous-speech-rwm-57637.mp3	23148	5871	Bhanikia loni nke akibhuyambaga bhoni bhakali tandikabe sa subula ka ngonguambili kehe?	bani kya loni nkenke njo akibuyambaga bakali bakatunga baki tandikaga subula banikya kima kuti kuti maghobo keyongilyabe btandika sumba dhudhu babusomesa baniki beyalika bahalika inji ndyabo abongilya kimui nanga loni njo nabo bajoka kulungi ka badabo nanga loni njo	1			Amba	train	9.849663037843442		False	0.2243346007604563	False	6.042048874039905	0.9416243654822335	False
06abe4fdd40392815ffcffabe9ccddfd	58499	spontaneous-speech-rwm-58499.mp3	26100	5871	Bhanikia loni nke akibhuyambaga bhoni bhakali tandikabe sa subula ka ngonguambili kehe?	Akibhuyambaga bhakali nanga bhakali nanga sigikilia eti bhakelunganisa dumbi bhakitungaga mikia sente ndia akukugubha yambabho kandi abhubhesiabe nabha bhesu bhaluku dumbi kibhelaibe nanga nkpa okutokaga kweyalikilia  dumbi nakwekolilia mikia kima ndiako ndio okabhio andulu kwelungania ndia akikiyambaga ka ngongwa mbili	1			Amba	train	10.766283524904214		False	0.23899371069182385	False	3.929341451037407	0.08460236886632826	True
79c70007d8f4df515b1206bb8d666e7b	58895	spontaneous-speech-rwm-58895.mp3	24480	5871	Bhanikia loni nke akibhuyambaga bhoni bhakali tandikabe sa subula ka ngonguambili kehe?	Loni nke injo akiyambaga bhakali tungabe sente ndibha kikozesaga tungabe lieli sumba liaga na subula ngoye na nkia tandikabe nkia bizinesi pipi na subula ndibhakitandikiliagabe tunga nkia sente	1			Amba	train	6.781045751633987		False	0.23684210526315785	False	4.606749856914337	0.4213197969543147	True
268635e5ac8169d00be91a407e38d7f4	58926	spontaneous-speech-rwm-58926.mp3	22680	5871	Bhanikia loni nke akibhuyambaga bhoni bhakali tandikabe sa subula ka ngonguambili kehe?	Huuu bhanikiekali kabhatunga mikia loni  hakilozesaga zibe eti bhatandike mudala ndiabho bhatandikibe midala ndiabho bhatandikibe kola mikia bizinesi pipi pipi  ndia akizibe eti h atungi sente bhatungi mikia sukulu fizi ndia bha  dia ho bhatandiki polojekiti ndie kina	1			Amba	train	10.052910052910054		False	0.3056603773584906	False	4.778003472299223	0.5253807106598984	True
14482a129cdad77b883cf44ab8ee2666	59059	spontaneous-speech-rwm-59059.mp3	31608	5871	Bhanikia loni nke akibhuyambaga bhoni bhakali tandikabe sa subula ka ngonguambili kehe?	Bhakali bha loni akibhuyambaga kanisa bbizinesi ndiabho bhakigbaga sente tuka ka gulupu poni oka gaumenti nakibisa ka bbizinesi niadko bbuzinesi ndiabho akiyaga ka mumaiso sente  loni abhongia kakuba oli nsasuli	1			Amba	train	5.7263983801569225		False	0.22596153846153844	False	4.967058692387649	0.6252115059221658	False
7b8ce0a081d9ccda7626927c5eec42d2	59198	spontaneous-speech-rwm-59198.mp3	21636	5871	Bhanikia loni nke akibhuyambaga bhoni bhakali tandikabe sa subula ka ngonguambili kehe?	Bhanikia loni akibhuyambaga bhakali ziba ngu bhabhoiku mikia sente sa isa ka sukulu ndia bhaniki  ndibhabho na kwesumbiliabe mikia ngoye tabhi injo sum abe kima ndia ho ndia ka ndabho bhakpa ndibhetolo bha aliki ma ndabho ka loni injo akibhuyambaga lungisanabho bhabho ka bumwi akibhuyambaga ziba ngu bhasubulibe sa bizinesi	1			Amba	train	12.664078387872063		False	0.32398753894081	False	4.043803042400995	0.12351945854483926	True
aff82a045868be1573431402cd4ccddc	59427	spontaneous-speech-rwm-59427.mp3	28908	5871	Bhanikia loni nke akibhuyambaga bhoni bhakali tandikabe sa subula ka ngonguambili kehe?	Bhenjo bakali loni nkenke njo akibuyambaga lika ni bakisubula subali bhani nkya koko kedha bhani nkya nyanya tai injo kabheji ta injo kima poni poni na bhasu ndyakabhi subulai akibhuyambaga lika nibali na ka sente bwile poni kakibhonabhoaga	1			Amba	train	7.022277570222776		False	0.23206751054852326	False	4.972776615913465	0.6277495769881557	False
18df01d60d16de159483408584d06424	59608	spontaneous-speech-rwm-59608.mp3	19548	5871	Bhanikia loni nke akibhuyambaga bhoni bhakali tandikabe sa subula ka ngonguambili kehe?	Bhanikia loni nke nke ndia bhakali ndia bhakitunganga ka ngongwa mbili akibhuyambaga bhakali ka subula na kwemeisa ka inji inji na kola milimo nasini sa helelelia bhaniki	1			Amba	train	7.36648250460405		False	0.19161676646706582	False	3.827542733275272	0.05414551607445008	True
06abe4fdd40392815ffcffabe9ccddfd	57413	spontaneous-speech-rwm-57413.mp3	16596	5872	Ka ngonguambili ndianu bhakpa bhakitekelezaga eki bhakantangia mikia nsika naloli mpale/mulefu?	Bhakutekelezaga kulungi kabha nkali nazwali mpete ndia akutoka  kolisa kitinisa akumpesiagaga kitinisa mabhonga sini 	1			Amba	train	6.146059291395517		False	0.13157894736842102	False	4.512226295564526	0.35617597292724196	True
79c70007d8f4df515b1206bb8d666e7b	58057	spontaneous-speech-rwm-58057.mp3	19908	5872	Ka ngonguambili ndianu bhakpa bhakitekelezaga eki bhakantangia mikia nsika naloli mpale/mulefu?	Bhakpa bhamabhika bhakitegelezaga eti minjo nkali akiekolaga tabhi bhaluku kandi bhietetolo bha bhagia bhati injo nkali akyesumbesaga kedha ali malaya.	1			Amba	train	6.630500301386377		False	0.15540540540540537	False	5.154295036703241	0.7081218274111675	False
268635e5ac8169d00be91a407e38d7f4	58138	spontaneous-speech-rwm-58138.mp3	26388	5872	Ka ngonguambili ndianu bhakpa bhakitekelezaga eki bhakantangia mikia nsika naloli mpale/mulefu?	Bhakitekelejaga eti njo nkya sikankali midyajwali mulefu ali Malaya kedha akibhala kwesumbesa ndia kebhali bhakihibhaga nti minjo ali na ngeso mazinana nanga ajwali mulefu nanga mpali asemelelu nanga male asemelelu ajwalibwe bhaluku bhokaka	1			Amba	train	7.882370774594512		False	0.21097046413502107	False	5.003315419575582	0.6446700507614214	False
2a714f0f48c3450f78b159dbfd6c6c04	58264	spontaneous-speech-rwm-58264.mp3	34848	5872	Ka ngonguambili ndianu bhakpa bhakitekelezaga eki bhakantangia mikia nsika naloli mpale/mulefu?	Bhakpa ndibha ka ngongwa mbili ndiasu   bhakielilikanaga zidhi bhakantagia mikia nsika naloli mpale kedha mulefu nanga kima njo akibhuisaga zidhi na sini sini bhalukuabho nanga kima ndie nitu njo akianisaga kojo ndia mikia nkali nesi ahanguwa dumbi bhalukuabho bhabha na bulemezi sa kwegomba	1			Amba	train	7.087924701561065		True	0.2152777777777778	False			False
18df01d60d16de159483408584d06424	58422	spontaneous-speech-rwm-58422.mp3	23148	5872	Ka ngonguambili ndianu bhakpa bhakitekelezaga eki bhakantangia mikia nsika naloli mpale/mulefu?	Nsika mindia aloli mulefu ka ngongwa mbili buli nkpa akuntekelezagabe ngoku agbei kwelilikana bhaitu mpale mulefu ka nsika kabhongi bba nsika abhongi ajwale ngoye sa kikali andulu atunge kitinisa ndia nkali	1			Amba	train	7.603248660791429		False	0.13793103448275867	False	5.081048614480104	0.6785109983079526	False
839194823957ef6cf0af192facc00f2e	58777	spontaneous-speech-rwm-58777.mp3	23868	5872	Ka ngonguambili ndianu bhakpa bhakitekelezaga eki bhakantangia mikia nsika naloli mpale/mulefu?	Bhakieyokiaga jidhi nanga sigikilia eti uwe muluku ojuale mpale na nkali ajuale mpale ati bhenjo bhakpa bhaka bhakikabha hibililiabe bhia nkali andia andi mundia mani bhia injo kakisaga kulungi bba bhia bhesu bhaluku.	1			Amba	train	7.750963633316574		False	0.19158878504672894	False	4.699411355388863	0.4780033840947547	True
01afad16deed014c336c39ed0790a0bc	59047	spontaneous-speech-rwm-59047.mp3	5616	5872	Ka ngonguambili ndianu bhakpa bhakitekelezaga eki bhakantangia mikia nsika naloli mpale/mulefu?	Bhakimwelilikanagaku bha nandi malaya	1			Amba	train	6.054131054131053		True	0.0	False			False
14482a129cdad77b883cf44ab8ee2666	59327	spontaneous-speech-rwm-59327.mp3	26568	5872	Ka ngonguambili ndianu bhakpa bhakitekelezaga eki bhakantangia mikia nsika naloli mpale/mulefu?	Juala npale kagogwa mbili ndiasu kabhongi na dini akikoma jiba nkali na jwali na ka kalica ndiasu bhebenzi bhakitoliaga basika nkali bhoponi ngu jwala mpale kandulu ndiabho bba	1			Amba	train	5.608250526949714		False	0.17341040462427748	False	4.625370596350135	0.428087986463621	True
09bbee7d294906c21ab763ff5ca35ee2	59467	spontaneous-speech-rwm-59467.mp3	21456	5872	Ka ngonguambili ndianu bhakpa bhakitekelezaga eki bhakantangia mikia nsika naloli mpale/mulefu?	Nibhatangi naika na na jwali mpale bhoponi iso poni bhakisaga nibhanzibi  miki minjo bhakinzibaga na zwali zidhi bhaitu ka byalo kisomesia   bhakpa etib bhadhuwe bhinjo	1			Amba	train	6.5715883668903805		False	0.1333333333333333	False	4.980809793569852	0.6336717428087987	False
aff82a045868be1573431402cd4ccddc	59643	spontaneous-speech-rwm-59643.mp3	15948	5872	Ka ngonguambili ndianu bhakpa bhakitekelezaga eki bhakantangia mikia nsika naloli mpale/mulefu?	Menjo Kiki tangiyaga nali zidhi nanga bhakali baka bonganani jwala mulefu njo akibha natuki ka asili ndiasu ndia ka bamba	1			Amba	train	6.395786305492852		False	0.05932203389830504	False	4.750152119521967	0.5084602368866328	True
14482a129cdad77b883cf44ab8ee2666	57324	spontaneous-speech-rwm-57324.mp3	26748	5873	Ali mbulu tina ndiokugubaga ka tiko ndiako?	Aah katiko ndiamo mbulu sa ngbanga, mbulu sa bihimba, gbebhe,mbulu saaaa mbulu sa matoke  mmm akidibha aah injo akibhaga kulungi.	1			Amba	train	4.075071033348287		False	0.16666666666666663	False	6.395995268001315	0.9712351945854484	False
839194823957ef6cf0af192facc00f2e	57375	spontaneous-speech-rwm-57375.mp3	25380	5873	Ali mbulu tina ndiokugubaga ka tiko ndiako?	Emi tkoko ndiamo nkigubaga mbulu ndia ndia buli ndia buli sizoni nesi akiyaga nkigubaga bhikole niliku na gbebhe niliku na muogo na koko bau ni nibisaku dhe injo andulu mbulu ndie nkigubaga ka tiko ndiamo kalibe ndie kikigubaga ka tiko bba	1			Amba	train	7.840819542947202		False	0.3220338983050848	False	4.884396176088977	0.5829103214890017	True
ce1fe571c632c175c538f2de6c2f35a4	57423	spontaneous-speech-rwm-57423.mp3	7596	5873	Ali mbulu tina ndiokugubaga ka tiko ndiako?	Nkughubhaga mbulu sa  bugwanimbe muchele na bihimba ka tiko ndiamo	1			Amba	train	7.37230121116377		True	0.0	False			False
01afad16deed014c336c39ed0790a0bc	57594	spontaneous-speech-rwm-57594.mp3	18108	5873	Ali mbulu tina ndiokugubaga ka tiko ndiako?	Nkigubaga mbulu sa mangbombo gbebhe  konje nigubeba nkusa niguba bhikole niguba buwanimbe niguba nkusa niguba na mbuka bhia muyembe mucunguwa  mapela bifwenesi	1			Amba	train	7.51049259995582		False	0.23717948717948723	False	7.7654001414606935	0.9991539763113367	False
aff82a045868be1573431402cd4ccddc	57928	spontaneous-speech-rwm-57928.mp3	56160	5873	Ali mbulu tina ndiokugubaga ka tiko ndiako?	Kiki gubaga kikigubaga mbula sa koko Kiguba ngbanga kiguba guna kiguba bhitakuli kiguba na na bhikole kiguba na na bugwanimbe na binyobwa kikigubaga bhikole kima poni kikigubaga nanga ali kima ali kima sa liya kandi ka  katiko akibhagaku kima madha okubisagaku ngbanga obisaku bhikole obisaku guna obisaku na bugwanimbe na mwani kili nai na koko kikibisagaku	1			Amba	train	5.377492877492877		True	0.44507042253521123	False			False
79c70007d8f4df515b1206bb8d666e7b	58199	spontaneous-speech-rwm-58199.mp3	18108	5873	Ali mbulu tina ndiokugubaga ka tiko ndiako?	Ka tiko ndiamo nkigubaga kima tabhi mwani ndia aki kulaga bhaitu akisaga bwile mabhika kundi andulu injo wai	1			Amba	train	5.025403136735145		False	0.06666666666666665	False	4.569592209878559	0.39847715736040606	True
268635e5ac8169d00be91a407e38d7f4	58573	spontaneous-speech-rwm-58573.mp3	20160	5873	Ali mbulu tina ndiokugubaga ka tiko ndiako?	Mbulu ndi akikpetaga sini sini kabha nali lieli ndia akikpetaga mugimba mabhonga sa lieli kabha nali lieli mmm  deni mbulu ndia akisobola akigumisiliza mbela sa nsi mani nobu abika ka kyoma injo andulu mbulu ndie niki kabhaga ka tiko ndiamo	1			Amba	train	9.92063492063492		False	0.2784810126582279	False	4.928334019184159	0.6057529610829103	False
06abe4fdd40392815ffcffabe9ccddfd	58618	spontaneous-speech-rwm-58618.mp3	16020	5873	Ali mbulu tina ndiokugubaga ka tiko ndiako?	Kili na mbulu poni bugwanimbe, binyobuwa,  bihimba poni kugia akuhumbaga ka tiko kabha nokoliki nosagu bhuwaiku.	1			Amba	train	5.992509363295881		False	0.02752293577981646	False	6.802988339002338	0.9898477157360406	False
0038f5497f9f2af927e533e85ee33985	58673	spontaneous-speech-rwm-58673.mp3	13068	5873	Ali mbulu tina ndiokugubaga ka tiko ndiako?	Endindi mbulu ndie nikigubaga ka tiko ndiamo ka mwanya mwanya ndia atigabe kindia koko kali nkibisagaku muogo hamui na bha nigubabe na bhakongo sa yambami ka mumaiso	1			Amba	train	10.636669727578818		False	0.14197530864197527	False	5.233128386498395	0.7402707275803723	False
7b8ce0a081d9ccda7626927c5eec42d2	59018	spontaneous-speech-rwm-59018.mp3	17640	5873	Ali mbulu tina ndiokugubaga ka tiko ndiako?	Ka tiko ndiamo andi mucele nkusa mwani  guna koko mamoti mamoti na	1			Amba	train	3.061224489795918		False	0.07936507936507942	False	5.551025880897251	0.8578680203045685	False
e8eb7188dc741f9c8bd1f3b4b922d0b6	59487	spontaneous-speech-rwm-59487.mp3	25920	5873	Ali mbulu tina ndiokugubaga ka tiko ndiako?	Mbulu ndie nkikunaga ali kau mangbongbo ngbanga bhitakuli abheku bhikole abheku mbuti tabhi sie injo nau nikibisiku dhe kedhatu sa bhuaku bhilala mbulu sa dhodho nau uhanjageku kenjo dhe na ngadha sa maliya  ka tiko kenjo	1			Amba	train	7.137345679012345		False	0.12385321100917435	False	7.24334900305671	0.9957698815566836	False
09bbee7d294906c21ab763ff5ca35ee2	59726	spontaneous-speech-rwm-59726.mp3	10368	5873	Ali mbulu tina ndiokugubaga ka tiko ndiako?	ndie kiki gubaga ka tiko ndiamo ali  muhogo mili sa muhogo andulu injo ndikiki gabaga	1			Amba	train	6.751543209876543		False	0.13414634146341464	False	4.7504642334309946	0.5093062605752962	True
2a714f0f48c3450f78b159dbfd6c6c04	57462	spontaneous-speech-rwm-57462.mp3	27468	5874	Okubisanaga bhoni lyeli ka inji ndiako?	Ka inji ndiamo ndie kikilia yau nkibisaga ka nguli injo ndie nkiia tabhi endi nibisa ka kabada toli na lieli ndia abidio bhakibisaga ka kabada bhakumgbesiabe nanga bhanyenje na bhambabhu liai	1			Amba	train	5.861365953109073		False	0.21276595744680848	False	5.385010138858409	0.805414551607445	False
18df01d60d16de159483408584d06424	57838	spontaneous-speech-rwm-57838.mp3	19008	5874	Okubisanaga bhoni lyeli ka inji ndiako?	Lieli ka inji ndiamo nkibisaga nini kungbesi nanga ndie kikpungbesi alibhe bhambabhu ndibha kibikaga nibha kiliya lieli injo Kandi lieli ndia bhambabhu bhaliya nawe Ntua kanji asobhila pako ndwali nawe nokulwala	1			Amba	train	9.522306397306398		False	0.20673076923076927	False	5.368085359624143	0.7986463620981388	False
0038f5497f9f2af927e533e85ee33985	57853	spontaneous-speech-rwm-57853.mp3	34200	5874	Okubisanaga bhoni lyeli ka inji ndiako?	Bisanaga lieli ka inji ndiako endindisio kali sini nanga koko adhakibe tiko poni sa bisanaga sevhalisio okusumbaga mikia kunda sa mucele keda mikia kunda sa buhunga obisa ka ndabho olika gbibe bhuke bhuke na bhikole nau obisa menjo bisanaga sebhalisio aenagi bhinjo bhaitu kalasio bisanaga oyobisaga ka nguli mucele ndiako	1			Amba	train	7.982456140350877		True	0.2633228840125392	False			False
268635e5ac8169d00be91a407e38d7f4	57879	spontaneous-speech-rwm-57879.mp3	22428	5874	Okubisanaga bhoni lyeli ka inji ndiako?	Lieli nkibisaga ka safuliya nikpungbesiabe na masawani, lieli ndietolo nkibisiliaga ka fuliji bhia mbogoya micunguwa milembe nigbei bisiliai kau endindi, lieli ndiekina nkibisiliaga ka sowaniye	1			Amba	train	7.535223827358658		False	0.2315789473684211	False	5.930264602005095	0.9323181049069373	False
09bbee7d294906c21ab763ff5ca35ee2	58497	spontaneous-speech-rwm-58497.mp3	6876	5874	Okubisanaga bhoni lyeli ka inji ndiako?	Inji ndiako osemelelu bhabe na sitowa andulu liaga ndiako alike na bhongi	1			Amba	train	9.016870273414776		True	0.09999999999999998	False			False
06abe4fdd40392815ffcffabe9ccddfd	58653	spontaneous-speech-rwm-58653.mp3	27108	5874	Okubisanaga bhoni lyeli ka inji ndiako?	Ali kabha ki ki nankana bhia kibbau andulu obisebe lieli ndiako hhh otelemisebe  bhanikia guinia sebhalisio kikiliaga buhunga kilia mucele injo andulu ndiki bubbau kedha kabada obisaku lieli ndiako nanga kala kuhumba	1			Amba	train	6.787664158182087		False	0.16431924882629112	False	5.235069667247494	0.7428087986463621	False
01afad16deed014c336c39ed0790a0bc	58739	spontaneous-speech-rwm-58739.mp3	13176	5874	Okubisanaga bhoni lyeli ka inji ndiako?	Lieli ka inji ndiamo nkibisaga ka kimuga, injo ali lieli bhia bhikole, mucele lieli nibisa ka store, lieli nihaga nibisa ka teta.	1			Amba	train	8.19672131147541		False	0.2222222222222222	False	4.609838597824187	0.42216582064297803	True
ce1fe571c632c175c538f2de6c2f35a4	59024	spontaneous-speech-rwm-59024.mp3	3960	5874	Okubisanaga bhoni lyeli ka inji ndiako?	Liaga madeka okubisaga ka nguli	1			Amba	train	6.818181818181818		True	0.0357142857142857	False			False
7b8ce0a081d9ccda7626927c5eec42d2	59069	spontaneous-speech-rwm-59069.mp3	17748	5874	Okubisanaga bhoni lyeli ka inji ndiako?	Lieli ka inji ndiamo nkibisaga ka nguli kedha nibisa ka gunia kedha niguba ka tiko alika ka nali ka tiko nikibhuabe kuti kuti sa liai kedha ni ni ni sente sa sumbaga liaga kedha nisumba ndia amia nibisa ka	1			Amba	train	9.409510930809104		False	0.3168316831683168	False	4.76104031814874	0.5126903553299492	True
839194823957ef6cf0af192facc00f2e	59098	spontaneous-speech-rwm-59098.mp3	19980	5874	Okubisanaga bhoni lyeli ka inji ndiako?	Emi jikoni ndiamo nibhisaku katalalango ndie nimesia bisaiku katalalango  dumbi kiba kiba lieli ndiamo kibha nikabisai ka jikoni nikibisaga nagulu ka katalalango kuwo dumbi alika natekani ndia kalibe kima poni ndia akitalibaniza andulu ndia akidhuwa nibisa lieli ndiamo kananka	1			Amba	train	11.911911911911911		False	0.3138686131386861	False	4.592832226883161	0.41455160744500846	True
e8eb7188dc741f9c8bd1f3b4b922d0b6	57499	spontaneous-speech-rwm-57499.mp3	27396	5875	Andiki ndiadhu sebhalisiyo pikipiki na gali bhai ndulu mulingo sa dhetisaga bhakpa ka ngonguambili ndiasu?	Siebhalisiyo ndia aladhu piki-piki na magali nakibha ndulu sadhetisaga bhakpa mehe ka Yuganda sini-sini ka ngongwa-mbili ndiasu, ali zibha eti angudhe aliku amabhonga ndibhabhongosiagi bhenjo bhaikili ndibhasu nazibe eti buli nkpa endindi agbei kweganika dhetaga kundi piki-piki sa bhanikia gali alibe	1			Amba	train	9.526938239159		False	0.15436241610738255	False	4.818053058224335	0.5431472081218274	True
79c70007d8f4df515b1206bb8d666e7b	57583	spontaneous-speech-rwm-57583.mp3	19908	5875	Andiki ndiadhu sebhalisiyo pikipiki na gali bhai ndulu mulingo sa dhetisaga bhakpa ka ngonguambili ndiasu?	Injo gali piki piki akibhaga sa sente mabhika kandi bhakpa bhamabhika bhakakitoka sumbaiya ndia akidhuaga bhadhetisaga bhingo ka ngongwa mbili ndiasu	1			Amba	train	6.479807112718505		False	0.15068493150684936	False	4.010037337619391	0.10913705583756345	True
aff82a045868be1573431402cd4ccddc	58066	spontaneous-speech-rwm-58066.mp3	17856	5875	Andiki ndiadhu sebhalisiyo pikipiki na gali bhai ndulu mulingo sa dhetisaga bhakpa ka ngonguambili ndiasu?	Yoho kibuliyo anisagiya nanga nisomiya beitu ka kwamba kaliku aliku dyali ka kwamba aliku ndiakali ka kwamba ati dubi nakinisagisana sikiyahiku	1			Amba	train	6.888440860215053		False	0.22857142857142854	False	6.959576703610035	0.9932318104906938	False
01afad16deed014c336c39ed0790a0bc	58084	spontaneous-speech-rwm-58084.mp3	14436	5875	Andiki ndiadhu sebhalisiyo pikipiki na gali bhai ndulu mulingo sa dhetisaga bhakpa ka ngonguambili ndiasu?	Piki piki na magali u asakimani ndulu tangia ka ngongwa mbili ndiasu toli na ngudhe ndia ka ngongwa mbili ndiasu akitoka aaa aaa aaa akitoka dhua gali  na piki piki nakikolia	1			Amba	train	9.905791077860904		False	0.3450292397660819	False	4.164675006471093	0.17258883248730963	True
0038f5497f9f2af927e533e85ee33985	58829	spontaneous-speech-rwm-58829.mp3	14796	5875	Andiki ndiadhu sebhalisiyo pikipiki na gali bhai ndulu mulingo sa dhetisaga bhakpa ka ngonguambili ndiasu?	Endindi siyo mkpa kakitoka dhetaga mailo moti ndia kadhai pikipiki nanga ati ma pikipiki ka kyalo atuma na magali na kituma ati endindi diyo dhetaga poni kangongwabili poni ali pikipiki	1			Amba	train	10.5433901054339		False	0.22527472527472525	False	5.339933581060425	0.7876480541455161	False
14482a129cdad77b883cf44ab8ee2666	58986	spontaneous-speech-rwm-58986.mp3	20736	5875	Andiki ndiadhu sebhalisiyo pikipiki na gali bhai ndulu mulingo sa dhetisaga bhakpa ka ngonguambili ndiasu?	Gali na piki piki bhagbei nibhahidulabho mulingo sa dhetisaga hhh gali piki piki ibi bikukola akisidentisi nakuwola bhakpa ka nesiyo	1			Amba	train	5.44945987654321		False	0.12403100775193798	False	5.927762481515294	0.9314720812182741	False
7b8ce0a081d9ccda7626927c5eec42d2	59358	spontaneous-speech-rwm-59358.mp3	17820	5875	Andiki ndiadhu sebhalisiyo pikipiki na gali bhai ndulu mulingo sa dhetisaga bhakpa ka ngonguambili ndiasu?	Abhe bhakpa ndibha ka ngongwa mbili nibhatungi sente kisumbaga gali nibhakitunga sente nibhakisumba mapikipiki ngu aki mwisaga nkpa bwangu kidia akiya pikipiki akimuyambaga nkpa aduwa ka iji na isa bhalwaile ka sipatala bwangu pipiki abhuyamba bhakpa kubananaga kima mamadha	1			Amba	train	13.24354657687991		False	0.24723247232472323	False	4.597519197140094	0.41878172588832485	True
18df01d60d16de159483408584d06424	59433	spontaneous-speech-rwm-59433.mp3	23940	5875	Andiki ndiadhu sebhalisiyo pikipiki na gali bhai ndulu mulingo sa dhetisaga bhakpa ka ngonguambili ndiasu?	Ndia adhu piki piki na gali nakibha ndulu mulingo sa dhetaga ka ngongwa mbili ali nanga andulu milingo ndia alibe ka dhetisaga bhakpa kima ndie kiekikozesga kala dhetisagasu endindi kalia kizoka	1			Amba	train	6.8504594820384295		False	0.18848167539267013	False	4.519835268823715	0.3646362098138748	True
2a714f0f48c3450f78b159dbfd6c6c04	59601	spontaneous-speech-rwm-59601.mp3	21456	5875	Andiki ndiadhu sebhalisiyo pikipiki na gali bhai ndulu mulingo sa dhetisaga bhakpa ka ngonguambili ndiasu?	Pikipiki na gali andulu mulingo sa dhetisaga bakpa ka ngongwambili nanga wu andulu ndia dhotiyo matoka na kutemba	1			Amba	train	4.47427293064877		False	0.08181818181818179	False	4.814605573497426	0.5414551607445008	True
09bbee7d294906c21ab763ff5ca35ee2	59690	spontaneous-speech-rwm-59690.mp3	11736	5875	Andiki ndiadhu sebhalisiyo pikipiki na gali bhai ndulu mulingo sa dhetisaga bhakpa ka ngonguambili ndiasu?	Piki piki na gali akidhuaga nkpa atetia bwangau dumbi aya akidha kindia bhakakabhaki	1			Amba	train	6.1349693251533735		False	0.07407407407407407	False	5.204375021346698	0.7301184433164128	False
268635e5ac8169d00be91a407e38d7f4	57280	spontaneous-speech-rwm-57280.mp3	24948	5876	Ali bizibu tina ndia okoliliku ka kolisia sa dhetaga bhia bbasi na takisi?	Hhh bizibu ndie kikikoliliagaku ka dhetaga na takisi hamui na bbasi ndiakokubanja ndiakokubanja ali ka takisi bhakibhubhikisagaku sini takisi ndio bhusemelelu likilianuku bhakpa  komi namulu ini okudulanaga nibhabhubisiku makumi abili na mulutano injo ali kizibu ndiakokubanja	1			Amba	train	9.62000962000962		False	0.22710622710622708	False	4.777664147975632	0.5245346869712352	True
79c70007d8f4df515b1206bb8d666e7b	57749	spontaneous-speech-rwm-57749.mp3	25416	5876	Ali bizibu tina ndia okoliliku ka kolisia sa dhetaga bhia bbasi na takisi?	Dhetaga na takisi akibhaga na bizibu mabhika tabhi Kiki duaga ka bifo ndiasu nikikelelelu  nanga bhakiteletelemaga sini ka taxi na basi Kandi na kima ndiasu abhula bhulia	1			Amba	train	5.626377085300598		False	0.14970059880239517	False	5.114327098678791	0.6912013536379019	False
ce1fe571c632c175c538f2de6c2f35a4	58278	spontaneous-speech-rwm-58278.mp3	10620	5876	Ali bizibu tina ndia okoliliku ka kolisia sa dhetaga bhia bbasi na takisi?	Aliku bizibu sa bhakpa bhabika bhakumudhilia na tolo ndie kina akisidenti akibhagaku	1			Amba	train	6.87382297551789		False	0.07407407407407407	False	4.336282741713184	0.25549915397631134	True
14482a129cdad77b883cf44ab8ee2666	58506	spontaneous-speech-rwm-58506.mp3	18540	5876	Ali bizibu tina ndia okoliliku ka kolisia sa dhetaga bhia bbasi na takisi?	Aha sa ntegeka ndia koliliaga ka bbasi na takisi ali buzibu tina?, ali akisidentisi, ehi takisi, bbasi akiteliliaga ahisi nakiolaga bhakpa	0			Amba	train	6.364617044228695		False	0.19259259259259254	False	6.282396219852434	0.9619289340101523	False
18df01d60d16de159483408584d06424	58903	spontaneous-speech-rwm-58903.mp3	16596	5876	Ali bizibu tina ndia okoliliku ka kolisia sa dhetaga bhia bbasi na takisi?	Bizibu ndia aliku ka kolisa takisi na basi ali bhakupakiliaga sini bhukuyaga nibhumudhililiani kandi alibe ndibha bhakitetiaga sini	1			Amba	train	6.869125090383225		False	0.1171875	False	4.739626272409013	0.5	True
839194823957ef6cf0af192facc00f2e	59509	spontaneous-speech-rwm-59509.mp3	21240	5876	Ali bizibu tina ndia okoliliku ka kolisia sa dhetaga bhia bbasi na takisi?	Alibe bizibu mabhika ndie nikiloliliagaku alibe ndio okubhaga no ka yako okobhoka okodhoka hhh ndie kina obha no kayako  motoka akutomela  kiluka akutomela injo poni akibhaga bizibu ndio okukukoliliagaku kabha no ka mamikana kobha	1			Amba	train	9.180790960451976		False	0.2555066079295154	False	5.5529286691890345	0.8604060913705583	False
2a714f0f48c3450f78b159dbfd6c6c04	59556	spontaneous-speech-rwm-59556.mp3	21240	5876	Ali bizibu tina ndia okoliliku ka kolisia sa dhetaga bhia bbasi na takisi?	Kadhetaga nikikolisa bbasi kedha takisi niliku na buzibu moti sa ya ninieyungi nanga bhakpa bhamamadha bhaku siebhali siyo ka mulingo injo	1			Amba	train	5.555555555555555		False	0.051851851851851816	False	4.776342049845089	0.5236886632825719	True
e8eb7188dc741f9c8bd1f3b4b922d0b6	59560	spontaneous-speech-rwm-59560.mp3	26208	5876	Ali bizibu tina ndia okoliliku ka kolisia sa dhetaga bhia bbasi na takisi?	Bizibu ndie nikoliliku ninkikolisa bbasi kedhatu bhwati ndia bhaluka eti takisi, bhanikyatakisi imamoti na bbasi Injo poni kakabhe noli na mbangana kokulikagaku, na ndiekina okuyaga nolyakutulaga, yoho akuidha akukisia kobwanjani otodhe olike keyoho ndiekina atodhe aye akukidhiasie kuwo	1			Amba	train	9.53907203907204		False	0.13028169014084512	False	5.898602855049774	0.9238578680203046	False
aff82a045868be1573431402cd4ccddc	59642	spontaneous-speech-rwm-59642.mp3	18900	5876	Ali bizibu tina ndia okoliliku ka kolisia sa dhetaga bhia bbasi na takisi?	Ka basi okutakanagu bizibu aliku basuma bakukuhibhaga kedha basi kaguwa otyngaku bizibu nakatakisi dhe andyabu andulu njo ndyakihenikanagaku	1			Amba	train	6.507936507936507		False	0.13868613138686137	False	6.320266805617581	0.9653130287648054	False
09bbee7d294906c21ab763ff5ca35ee2	59713	spontaneous-speech-rwm-59713.mp3	7128	5876	Ali bizibu tina ndia okoliliku ka kolisia sa dhetaga bhia bbasi na takisi?	Amadhiku nanga  notikisi kima alibe ndia akibhulaga bhaitu nokozesi kima sa bwangu-bwangu akiduwagaku	1			Amba	train	12.34567901234568		True	0.09183673469387754	False			False
2a714f0f48c3450f78b159dbfd6c6c04	57260	spontaneous-speech-rwm-57260.mp3	26640	5877	Okwelilikana eti ka ngonguambili ndianu bhasika bhagbokeliani yabho ka sukulu ogu nangeki?	kakwelilikana ndiamo kangongawmbili abi na gbokilyani banikyekali basoma nanga baniki baka soma ka ngongwabili akuprdiaga ngongwambili nguko nendyetolo babokoti ndibaba niki njo nabo bakugobaga nanga bakibaga niba ka kola sente bakibuyamba ka mulingo poni	1			Amba	train	8.333333333333334		False	0.19047619047619047	False	5.07736185236507	0.6759729272419628	False
ce1fe571c632c175c538f2de6c2f35a4	57389	spontaneous-speech-rwm-57389.mp3	8460	5877	Okwelilikana eti ka ngonguambili ndianu bhasika bhagbokeliani yabho ka sukulu ogu nangeki?	Nsika nalaomi akuenaga mulimo andulu abikisa nkulakulana ka inji injo	1			Amba	train	7.092198581560283		False	0.030303030303030276	False	5.244288068472647	0.7470389170896785	False
268635e5ac8169d00be91a407e38d7f4	57516	spontaneous-speech-rwm-57516.mp3	22140	5877	Okwelilikana eti ka ngonguambili ndianu bhasika bhagbokeliani yabho ka sukulu ogu nangeki?	Nsika kindiabhesu bhasemelelu bhaye ka sukulu nanga bhasika bhali na mugaso mabhika ka ngongwa mbili kenjo nsika kabha na somi nali bhia nansi kasoma duwa ka levo sa bunansi akisobola yamba bhakpa bheponi ndibalwali ka kikalo njo ndia bhesu	1			Amba	train	9.123757904245709		False	0.17721518987341767	False	4.051905665857881	0.12690355329949238	True
18df01d60d16de159483408584d06424	57882	spontaneous-speech-rwm-57882.mp3	23076	5877	Okwelilikana eti ka ngonguambili ndianu bhasika bhagbokeliani yabho ka sukulu ogu nangeki?	Bhasika bha gbhokilani yabho ka sukulu nanga nabho nkpa kasoma bha kibha nibha kikola milimo ndia bhatabhana bha kitoka kolai Kandi nabho bhali bhaniki ndibha semelelu Tunga kisomo	1			Amba	train	6.6302652106084246		False	0.1694915254237288	False	3.6469089609174103	0.021996615905245348	True
01afad16deed014c336c39ed0790a0bc	58356	spontaneous-speech-rwm-58356.mp3	18540	5877	Okwelilikana eti ka ngonguambili ndianu bhasika bhagbokeliani yabho ka sukulu ogu nangeki?	Bhasika nabho ba gbokilyani yabho ka sukulu nanga nabho andi bhakpa bhia bhatabhana nabho bhugabe ndiabho akibhuhikiliza akibhubalisana nabho bha nibhasomi nanga nabho ka gavumenti bhagbei kola milimo tabhi bhaluku	1			Amba	train	9.978425026968717		False	0.23696682464454977	False	4.1476313513217615	0.16328257191201354	True
06abe4fdd40392815ffcffabe9ccddfd	58817	spontaneous-speech-rwm-58817.mp3	21708	5877	Okwelilikana eti ka ngonguambili ndianu bhasika bhagbokeliani yabho ka sukulu ogu nangeki?	Bhasika bhakabhukomisi yabho ka sukulu oyo nti bhakumi bhakikomagq yabho ka sukulu habwa kima ndiabho sa luzu luzu  ndia bhakiyaga nibhakiekolisa bhaitu buli nkpa ena akikabhaga aya ka sukulu	1			Amba	train	7.462686567164178		False	0.23404255319148937	False	4.571792479652448	0.40016920473773265	True
e8eb7188dc741f9c8bd1f3b4b922d0b6	58870	spontaneous-speech-rwm-58870.mp3	25920	5877	Okwelilikana eti ka ngonguambili ndianu bhasika bhagbokeliani yabho ka sukulu ogu nangeki?	eeeh kakwelilikana ndiamo ali eti basika bagbokilyani nabo baye kasukulu anga huma na di bakatukaku niba somi kisomo ndiabo amabonga bakahena milimo bakiba batwa mugaso piki piki ka inji kindia babubokotilyagiyo ngongwambili kenjo pepepe abe ka gombola abe eti kakyalo poni babe batwa mugaso	1			Amba	train	9.5679012345679		False	0.14236111111111116	False	5.917472022854592	0.9297800338409475	False
0038f5497f9f2af927e533e85ee33985	58906	spontaneous-speech-rwm-58906.mp3	24300	5877	Okwelilikana eti ka ngonguambili ndianu bhasika bhagbokeliani yabho ka sukulu ogu nangeki?	Bhanikie bhanikiekali bhagbokiliani yabho ka sukulu nanga endindi kisomo kaluku gia eti mio ali mulku  mio ali nkali bhoni ali bhaniki bhoponi ali bhakpa kandi bhoponi bhali na mugaso kasita bhabha nibha somi	1			Amba	train	7.201646090534979		False	0.24878048780487805	False	3.9587724183560673	0.0922165820642978	True
7b8ce0a081d9ccda7626927c5eec42d2	59115	spontaneous-speech-rwm-59115.mp3	17820	5877	Okwelilikana eti ka ngonguambili ndianu bhasika bhagbokeliani yabho ka sukulu ogu nangeki?	Basika  ka ngonguwa mbili yabho ka sukulu ndia kokubanja bhakikiyambaga ka ka soma akukuyambaga bhia kondwana ka sipatala.Basika yabho ka sukulu akietagizibuwaga abhuyamba famile ndiabho basika yabho ka sukulu akibhuyambaga bha sa jibiliaibe bhasika yabho ka sukulu bhakakiekolaga ndia kabho	1			Amba	train	14.085297418630752		False	0.3680555555555556	False	4.2272996043125115	0.20135363790186125	True
aff82a045868be1573431402cd4ccddc	59247	spontaneous-speech-rwm-59247.mp3	14868	5877	Okwelilikana eti ka ngonguambili ndianu bhasika bhagbokeliani yabho ka sukulu ogu nangeki?	Nesi bhasika bha bha gbokiliani bhaye ka sukulu nanga sukulu ali kima sa mani akibhubombisa kandi akidhuwa bhetegeleze kima poni	1			Amba	train	7.331181059994619		False	0.15200000000000002	False	3.992262032676236	0.10321489001692047	True
14482a129cdad77b883cf44ab8ee2666	59269	spontaneous-speech-rwm-59269.mp3	4428	5877	Okwelilikana eti ka ngonguambili ndianu bhasika bhagbokeliani yabho ka sukulu ogu nangeki?	Kotsi	1			Amba	train	1.1291779584462511	transcription-length	True	0.0	False			False
839194823957ef6cf0af192facc00f2e	59465	spontaneous-speech-rwm-59465.mp3	23400	5877	Okwelilikana eti ka ngonguambili ndianu bhasika bhagbokeliani yabho ka sukulu ogu nangeki?	Injo abhongili kimui hoka eti basika bakiyaga ka sukulu nanga bakabha nibhali ka sukulu nanga bakabha ni bhali ka sukulu baka kyetabhaga ka bhibina ndia kabhongi mkpa ka sukulu okuhegilyagabe magezi mabhika andulu ndyakidhuwaga mkpa obha na magezi ma bhika sini sini nanga sigikilya eti osomibhei	1			Amba	train	10.726495726495726		False	0.33447098976109213	False	4.338562659582767	0.2571912013536379	True
09bbee7d294906c21ab763ff5ca35ee2	59750	spontaneous-speech-rwm-59750.mp3	15228	5877	Okwelilikana eti ka ngonguambili ndianu bhasika bhagbokeliani yabho ka sukulu ogu nangeki?	Tunga mulimo mazinana bhakatungibe na moti mulimo bba so andulu kikikabhaga  eti akili nabho bhabhupesibe nabho bhatungebe kima ndiabho bhakikabhaga	1			Amba	train	8.405568689256633		False	0.2068965517241379	False	4.100292619819395	0.14720812182741116	True
268635e5ac8169d00be91a407e38d7f4	57429	spontaneous-speech-rwm-57429.mp3	23976	5878	Ali bizibu tina ndia bhakali na bhasika ndie bhakikolilyagaku ka ngonguambili ndianu?	bizibu ndia bakali na basika ndiba kikolilyagaku ndia kokubanja basika baki tunganga bizibu da lemuwa soma nibantweki kaba ntweka akinuwaga soma ndia kebali bakali basika bakikolaga mulimo mabika ndia kahinji kolisa muluku ndia kesalo	1			Amba	train	8.383383383383384		False	0.29004329004329	False	4.669943207025201	0.4593908629441624	True
06abe4fdd40392815ffcffabe9ccddfd	57924	spontaneous-speech-rwm-57924.mp3	20088	5878	Ali bizibu tina ndia bhakali na bhasika ndie bhakikolilyagaku ka ngonguambili ndianu?	Ali kola mulimo ndia bhakali na bhanikiekali bha amana andulu bhalika ka inji ndiabho bhaitu bhakali bhalika ka ngongwa mbili ndiabho nibhalia kikola mulimo ndiabho ndia bhakali 	1			Amba	train	7.516925527678215		False	0.3828571428571429	False	3.18423732911477	0.0025380710659898475	True
79c70007d8f4df515b1206bb8d666e7b	58181	spontaneous-speech-rwm-58181.mp3	18360	5878	Ali bizibu tina ndia bhakali na bhasika ndie bhakikolilyagaku ka ngonguambili ndianu?	basika na bakali kibauwa kansenge tolo nai alibhe baluku ndiba kibuhambaga kandi baluku benjo nditolo bali na silimu	1			Amba	train	5.392156862745098		False	0.12389380530973448	False	6.4877239336648245	0.9780033840947546	False
14482a129cdad77b883cf44ab8ee2666	58470	spontaneous-speech-rwm-58470.mp3	29340	5878	Ali bizibu tina ndia bhakali na bhasika ndie bhakikolilyagaku ka ngonguambili ndianu?	Bhakali bhakizibililiaga bhaniki ka inji bhakali bhakiyaga kalibho bhakali bhakiyaga guba liaga ka tiko bhakali andibho ndibha bhakizibililiaga inji poni bhakali bhakibonabonaga sana	1			Amba	train	5.453306066802999		False	0.45810055865921784	True			False
aff82a045868be1573431402cd4ccddc	58552	spontaneous-speech-rwm-58552.mp3	47628	5878	Ali bizibu tina ndia bhakali na bhasika ndie bhakikolilyagaku ka ngonguambili ndianu?	Bizibu bhakali bhakali bhakibhaga nalugambo moti nama genge hanulira maniki ndi bhabho nabha sika bhenjo kabhakihokaga bha mabho bhela bha kikomaga ya soma kasukulu manua dada buli tolo nabbhi bina sa kima sa kitio kitio manya yako ka dansi manya yako mani no njo adi bizibu ndia kili nai kahiji kuwo kenda ka ngogwabili ndiasu nabhakali nabho lugambo abuhigulania	1			Amba	train	6.424792139077853		True	0.24930747922437668	False			False
01afad16deed014c336c39ed0790a0bc	58566	spontaneous-speech-rwm-58566.mp3	8820	5878	Ali bizibu tina ndia bhakali na bhasika ndie bhakikolilyagaku ka ngonguambili ndianu?	Haaa ndia kateketa andi makanga bhabho na sente biai ndia akibhukonia subula	1			Amba	train	7.369614512471655		False	0.04109589041095896	False	4.291013894518184	0.233502538071066	True
0038f5497f9f2af927e533e85ee33985	58804	spontaneous-speech-rwm-58804.mp3	27828	5878	Ali bizibu tina ndia bhakali na bhasika ndie bhakikolilyagaku ka ngonguambili ndianu?	Bizibu ndia bhakali na bhasika ndia bhakikoliliagaku ka ngongwa mbili ali moti bhasika bhanamunji endindi bhatandika nuwa mwenge dumbi  bhatandika hambabho kitio-kitio deni bhakali  nabho bhatandika nuwa mwenge bhamunyabhabho nuwa mwenge nkali kakilala nanga havwa butamizi	1			Amba	train	8.480666954146903		False	0.3037037037037037	False	4.428032617678946	0.3003384094754653	True
839194823957ef6cf0af192facc00f2e	59552	spontaneous-speech-rwm-59552.mp3	23508	5878	Ali bizibu tina ndia bhakali na bhasika ndie bhakikolilyagaku ka ngonguambili ndianu?	Bhakali na bhasika bhakikololiga ka bizibu mabhika alibe ndia bhakibhuywekatwekaga bhabhunagiluza na bhaniki otakana nkali mindia kamani amuli na miki kali na mulingo nesi agbei yambibwak haa ogu okana alika bhiya nalia na mikya miki mbololo saki	1			Amba	train	8.933129147524248		False	0.2016460905349794	False	5.2905792134627365	0.7707275803722504	False
7b8ce0a081d9ccda7626927c5eec42d2	59572	spontaneous-speech-rwm-59572.mp3	20448	5878	Ali bizibu tina ndia bhakali na bhasika ndie bhakikolilyagaku ka ngonguambili ndianu?	Ndia kokubanja ali sianaga tunga ndwali bhia silimu nkpa odhuwanaga nakibhia na minjo abhiya na minjo ndia kebhali bhaniki bhakagbei yabho ka kisomo bhakali bhagbei tunga limi ndibha kaibi bhaluku bhagbei siabho ka  ka ka kasenge nanga nuwa mwenge.	1			Amba	train	10.221048513302032		False	0.2571428571428571	False	4.174569011293855	0.1802030456852792	True
e8eb7188dc741f9c8bd1f3b4b922d0b6	59577	spontaneous-speech-rwm-59577.mp3	26028	5878	Ali bizibu tina ndia bhakali na bhasika ndie bhakikolilyagaku ka ngonguambili ndianu?	Bhakali na bhasika sabho ka ngongwa mbili ndie kindiasu bhali na bizubu sa zibe eti milimo ndia bhakikola amadhi sini na ndietolo bhono kabhokoti andibho ndibha bhakikumbaga saha poni	1			Amba	train	5.955125249731059		False	0.15555555555555556	False	3.8358530603683394	0.05752961082910321	True
18df01d60d16de159483408584d06424	59700	spontaneous-speech-rwm-59700.mp3	20736	5878	Ali bizibu tina ndia bhakali na bhasika ndie bhakikolilyagaku ka ngonguambili ndianu?	Bizibu ndia bhakikoliliagaku ka ngongwa mbili ali sa bhulua milimo nanga bhaniki bhasomia bhaitu biabho bhakali nambali kindia bhakikolilia milimo ndia bhasomia injo	1			Amba	train	6.896219135802469		False	0.2716049382716049	False	3.483739712307125	0.008460236886632826	True
14482a129cdad77b883cf44ab8ee2666	57399	spontaneous-speech-rwm-57399.mp3	31716	5879	Okubhuhabhula eki bhasika ndibhakigbaga limi nibhalia bhaniki?	Emi nikihabula bhasika bhenjo bhagbe  nsuka bhakole bizinesi nsuka njo akiyaga ka tiko guba kokowa  bihimba gbebhe akipesiabho sente hhh so bhasika nkali bhenjo	1			Amba	train	4.256526674233825		False	0.14649681528662417	False	5.1027130394977105	0.6878172588832487	False
268635e5ac8169d00be91a407e38d7f4	57448	spontaneous-speech-rwm-57448.mp3	27180	5879	Okubhuhabhula eki bhasika ndibhakigbaga limi nibhalia bhaniki?	Nkibhuhabula eti bhasiaka ndiabha bhalia bhaniki ka bhasemelelu bhatunge limi nanga miki nsika katunga limi akidhuaga soma ndia kebhali miki nalia nsika kayunga limi bhakigiaga eti aye kindia muluku mindia ampesia kalaku akitungaga bizibu mabhika nanga akibhaga nalia miki ndia kebhali miki nkali nalia miki katunga limi kabhokotaki akitungaga bizibu mabhika ndia asiboka dhuwa akuwa	1			Amba	train	12.10448859455482		False	0.39473684210526316	False	4.443021331659845	0.31387478849407785	True
01afad16deed014c336c39ed0790a0bc	57878	spontaneous-speech-rwm-57878.mp3	17388	5879	Okubhuhabhula eki bhasika ndibhakigbaga limi nibhalia bhaniki?	Bhaniki bhaduwe gba limi nibhalia bhabenje nanga gba limi mbenje okutoka ukwako nokaya bhokoti gba limi nolia mbenje okubhaga ndio okotungibe sente sa zibililia miki mindio oli kaya bhokotaki	1			Amba	train	9.374281113411548		False	0.23404255319148937	False	5.604728786818427	0.8705583756345178	False
7b8ce0a081d9ccda7626927c5eec42d2	58414	spontaneous-speech-rwm-58414.mp3	21960	5879	Okubhuhabhula eki bhasika ndibhakigbaga limi nibhalia bhaniki?	Habhula bhasika ndibha kigbaga limi ziba ngu bhai ka sipatala janjababho na bhasika injo bhaduwe kweyungililia ziba ngu bhali na kizibu mamadha ka bhakpa no bhabhe bhia bhakpa.  Bhubhuhabhule zibe ngu buli nkpa poni akigbaga limi kandi aa aah aaa aaa ambokota miki mindiaki.	1			Amba	train	10.4735883424408		False	0.21033210332103325	False	4.611013874335976	0.4230118443316413	True
06abe4fdd40392815ffcffabe9ccddfd	58685	spontaneous-speech-rwm-58685.mp3	39456	5879	Okubhuhabhula eki bhasika ndibhakigbaga limi nibhalia bhaniki?	Emi nibhi ka gia bhasika bhadhuwe lika nibhakibhuwaku limi nanga lim injo lika nibhkibhuwaku limi bhaso alibe ndi bha kikuwaga bhadulana bha nanga endindio lika nokubhuagaku limi injo okubhaga noli kinda nkibhuabhula bhadhuwe kolisa mili da kijungu abhe sa ki afilika bhadhuwe	1			Amba	train	5.956001622060016		True	0.29670329670329665	False			False
ce1fe571c632c175c538f2de6c2f35a4	58758	spontaneous-speech-rwm-58758.mp3	8676	5879	Okubhuhabhula eki bhasika ndibhakigbaga limi nibhalia bhaniki?	Bhegbeise dini bhadhuwe bhaluku kandi bhaye ka sukulu bhasome	1			Amba	train	6.108805901337021		False	0.06896551724137934	False	4.944333561985682	0.6133671742808798	False
839194823957ef6cf0af192facc00f2e	59477	spontaneous-speech-rwm-59477.mp3	26028	5879	Okubhuhabhula eki bhasika ndibhakigbaga limi nibhalia bhaniki?	Emi nkibhuhabhulaga bhaniki injo nti bhakisobhiyaga nanga sigikilya nti kobgalimi nolua miki dumbi bwile ndyakuduwaga okukakukaga nolua miki bhijo bhetu kobanja kwebhisaku kitinisa obga sukulu webhisaku kitinisa ka bga limi ndyako okutekenaga ndyokoli na bhizibu ko bga limi ndyako no sungi	1			Amba	train	9.605040725372676		False	0.23344947735191635	False	5.598875334048361	0.8688663282571912	False
aff82a045868be1573431402cd4ccddc	59505	spontaneous-speech-rwm-59505.mp3	23976	5879	Okubhuhabhula eki bhasika ndibhakigbaga limi nibhalia bhaniki?	Nlkimuhabula kiti bhalolelelie kulungi bhaniki ndibhabho bhabombe nibhali kulungi andulu nabho bhaike ka kakifbo ndiabho  andulu nabho bhaibe ngu bhaniki ndibhabho bhabombi kulungi nanga  nkpa mindia kobombisi miki kulungi okubhaga nosobji	1			Amba	train	8.633633633633634		False	0.326271186440678	False	4.267952784362251	0.21912013536379019	True
2a714f0f48c3450f78b159dbfd6c6c04	59596	spontaneous-speech-rwm-59596.mp3	26568	5879	Okubhuhabhula eki bhasika ndibhakigbaga limi nibhalia bhaniki?	Bhasika ndibha bhakigbaga limi nibhalia bhaniki nkibhuhabhula nti bhegendie bhabhukengedhie baluku kedha bhaibe tolo ndiabho ndia bhakiyeliagaku ka sungi andulu bhadhuwe kola kima poni	1			Amba	train	6.059921710328214		False	0.11602209944751385	False	4.3141152752937	0.2428087986463621	True
18df01d60d16de159483408584d06424	59644	spontaneous-speech-rwm-59644.mp3	22248	5879	Okubhuhabhula eki bhasika ndibhakigbaga limi nibhalia bhaniki?	Habhula ndiki habhula kabha sika andi ndibha kighaga limi nibhalia maniki alibhio kwebhidilia ludwa ni bhabhobi adulu bhaghe limi ni bhadhaki bhobabho nanga kabhagwa limi nibhalia maniki abha kituga bwomezi amabhoga kamumaiso	1			Amba	train	8.719884933477166		False	0.25225225225225223	False	5.357899886660481	0.7935702199661591	False
09bbee7d294906c21ab763ff5ca35ee2	59740	spontaneous-speech-rwm-59740.mp3	9576	5879	Okubhuhabhula eki bhasika ndibhakigbaga limi nibhalia bhaniki?	Bhasika eti bhetatale behabhule bhadhue kola kima ndia aluzukania andule  bhalike nibhabhongi	1			Amba	train	8.458646616541353		False	0.05555555555555558	False	4.865265309695446	0.5685279187817259	True
2a714f0f48c3450f78b159dbfd6c6c04	57261	spontaneous-speech-rwm-57261.mp3	28728	5880	Andiki ndiadhu bisidenti nakibha biyai ka ngudhe ndia ka Uganda?	Ndia adhu bisidenti nakimadha sini ka ngudhe ndia ka uganda ali bhavugi sa matoka bhakakigbaga bilagilo ndia ka ngudhe ne ndietolo bhakiyaga ka ngudhe vuga motoka nibhalia ki nuwa mwenge na ndibhetolo nibhalia kionga ka simu injo poni akibikisagankpa kanga kwelilikana  kola kima ndia agbokiliani kolai	1			Amba	train	8.911166805903648		False	0.22073578595317722	False	4.244171187691078	0.20812182741116753	True
aff82a045868be1573431402cd4ccddc	57355	spontaneous-speech-rwm-57355.mp3	27036	5880	Andiki ndiadhu bisidenti nakibha biyai ka ngudhe ndia ka Uganda?	Nda adhu bisilani nakimadga ka ngudhe nanga bhaniki bhakivugaga piki piki nibhalia bhabenje kandi ndia bhakaibi piki piki miki akiegaga piki piki lelu dumbi avuga piki piki adhu ndulu bisilamlni nakimadha ka ngudhe ndiasu	1			Amba	train	6.953691374463678		False	0.3302752293577982	False	5.1637818625251155	0.7115059221658206	False
06abe4fdd40392815ffcffabe9ccddfd	57543	spontaneous-speech-rwm-57543.mp3	20808	5880	Andiki ndiadhu bisidenti nakibha biyai ka ngudhe ndia ka Uganda?	Kima mamulingoningo injo andulu ndia akidhuwaga bhakpa bhalika nibhakitalibanija nanga sindikananio sindika kima kima ka uganda  bhakibhaga nibha ka kakola kima  ndia kabhongani andulu ndia akidhuaga bhakoma bhakola kima injo 	1			Amba	train	9.323337178008458		False	0.32735426008968604	False	3.672875747708534	0.02284263959390863	True
01afad16deed014c336c39ed0790a0bc	57620	spontaneous-speech-rwm-57620.mp3	25416	5880	Andiki ndiadhu bisidenti nakibha biyai ka ngudhe ndia ka Uganda?	Ndiakateketa adi nesiyo zinanai bina bina bha nali kanesiyo kenjo ndia kebhali si adi bha fugi bha nibha kifugaga nibhanu mwenge kizibu ndia kesalo adi motoka kedha basi kedha pikipiki bha ndia kabhongi subhelei kenjo	1			Amba	train	7.200188857412654		False	0.21962616822429903	False	4.954577896039366	0.6201353637901861	False
ce1fe571c632c175c538f2de6c2f35a4	57971	spontaneous-speech-rwm-57971.mp3	15120	5880	Andiki ndiadhu bisidenti nakibha biyai ka ngudhe ndia ka Uganda?	bakpa ndiba ba kifugaga motoka ka spidi zidhi na ndibhekina ni ba dhaki tamila	1			Amba	train	4.298941798941799		False	0.06666666666666665	False	6.454420025428709	0.9746192893401016	False
268635e5ac8169d00be91a407e38d7f4	58622	spontaneous-speech-rwm-58622.mp3	22716	5880	Andiki ndiadhu bisidenti nakibha biyai ka ngudhe ndia ka Uganda?	Bia bhakpa ndibha kivugaga kabhaibi vuga ndia kebhali bhakivugiliaga matoka kedha piki piki ka sipidi ndie kesalo bhakpa kebha kabha ki  kitombililiaga bigendelelwa ndia ali ka ngudhe sa zibe eti ovugili ka sipidi yoho  odoi ka kona kedha ofolowinge mateka ndia ali ka ngudhe bia bhakpa kabha kitombililiaga injo bba	1			Amba	train	11.665786229970063		False	0.354632587859425	False	4.451394332368676	0.31810490693739424	True
18df01d60d16de159483408584d06424	58884	spontaneous-speech-rwm-58884.mp3	24660	5880	Andiki ndiadhu bisidenti nakibha biyai ka ngudhe ndia ka Uganda?	Bisidentia ndia adhu na bhakubhika ka ngudhe ndia ka Yuganda ali nti bhakpa biabho bhaegili ka kibhoko ndia bhakpa ndibhekina injo keisaibe ali nti bhakpa bhaye ka masukulu sa matekeniko bhabhuegese fugilia ka ngudhe	1			Amba	train	7.420924574209246		False	0.23943661971830987	False	4.464580808671747	0.3248730964467005	True
79c70007d8f4df515b1206bb8d666e7b	58929	spontaneous-speech-rwm-58929.mp3	18108	5880	Andiki ndiadhu bisidenti nakibha biyai ka ngudhe ndia ka Uganda?	Pulezidenti abhi kakabha bhana Yuganda bhatunge milimo ndia akidhuwa bhakpa bhehe bhatunge mikia sente ndia akidhuwa bhebhesiebe ka nsi mehe	0			Amba	train	6.682129445548928		False	0.21167883211678828	False	4.320787389204707	0.24619289340101522	True
0038f5497f9f2af927e533e85ee33985	58985	spontaneous-speech-rwm-58985.mp3	16416	5880	Andiki ndiadhu bisidenti nakibha biyai ka ngudhe ndia ka Uganda?	Bisidenti nakimadhaga ka godha ndiaka Uganda nanga biluka amadhi sini matoka amadhiya mapikipiki nakimadha na bhakpa nibhakimadha andu ndulu bisidenti namadhi ka Uganda.	1			Amba	train	8.9546783625731		False	0.27108433734939763	False	5.361305736292697	0.7969543147208121	False
839194823957ef6cf0af192facc00f2e	59251	spontaneous-speech-rwm-59251.mp3	23076	5880	Andiki ndiadhu bisidenti nakibha biyai ka ngudhe ndia ka Uganda?	Kisindenti ali biyai ka ngunde ndia ka Yuganda nanga sigikilia eti alibe sipidi when alibe ndibha bhakaibi mateka sa biluka injo	1			Amba	train	4.6801872074883		False	0.07999999999999996	False	5.211270941509486	0.7326565143824028	False
14482a129cdad77b883cf44ab8ee2666	59450	spontaneous-speech-rwm-59450.mp3	30528	5880	Andiki ndiadhu bisidenti nakibha biyai ka ngudhe ndia ka Uganda?	Akisidenti mehe ka Yuganda akiletelezebwaga ngudhe kabhongi akiletelezebwaha bhaluku ndibha kivugaga piki piki gali na sipidi kabhongi na liaga akalamia njemu liaga mwenge na liaga tolo	0			Amba	train	5.241090146750524		False	0.21978021978021978	False	5.57047658355709	0.8629441624365483	False
7b8ce0a081d9ccda7626927c5eec42d2	59478	spontaneous-speech-rwm-59478.mp3	20988	5880	Andiki ndiadhu bisidenti nakibha biyai ka ngudhe ndia ka Uganda?	Ndia adhu bizibu nakimadha la ngudhe ngudhe bhakakoli kulungi ndia adhu bizibu nakimadha bhavugi bhakisaga zidhi matoka na piki piki ndia adhu bizibu nakimadha motoka ndietolo kabhongi ndia abhu bizinu nakimadha gavumenti kaibili bhavugi bhapasu tunga bbaluwa nandiki bba	1			Amba	train	11.101581856298838		False	0.3619402985074627	False	4.768552025584149	0.5194585448392555	True
2a714f0f48c3450f78b159dbfd6c6c04	57446	spontaneous-speech-rwm-57446.mp3	22968	5881	Ali mulimo tina ndia bhebembezi ka dini ndia bhakoliyo ka ngonguambili ndianu?	Milimo ndia bhebembezi ndia ka dini bhakoli ka ngongwa mbili ndiasu ali sa tebeja bhakpa Kigambo ndia Mambombi na alikagaku nkanisa na pesiaga bhasege bhanikia kima sa telemisabhobei	1			Amba	train	6.748519679554162		False	0.13407821229050276	False	4.319054093106674	0.24450084602368866	True
aff82a045868be1573431402cd4ccddc	58201	spontaneous-speech-rwm-58201.mp3	56520	5881	Ali mulimo tina ndia bhebembezi ka dini ndia bhakoliyo ka ngonguambili ndianu?	Injo bhadhu nibha bhabikisi businge ka ngongwa mbili ndiasu nanga bhakikitebezaga kigambo sa Luhanga kandi bhadhu bhakpa bhoponi nibhakiba mani sa Luhanga na kwekolilia kima nakibha nikikibha mubumui nanga nkpa mindia ali ka dini akibhaga mubumui na bhatidaki nkpa mindia ka ibi dini kakibhaga nkpa mabhonga ka bhatidaki so bhebembezibsa dini bhakikolili mulimo mamadha kandi ndia abhongi nanga kibi dini sini sini nkpa mindia kehe mwamba aibi dini sini sini	1			Amba	train	6.882519462137296		True	0.39340659340659345	False			False
06abe4fdd40392815ffcffabe9ccddfd	58375	spontaneous-speech-rwm-58375.mp3	17640	5881	Ali mulimo tina ndia bhebembezi ka dini ndia bhakoliyo ka ngonguambili ndianu?	Kikikolaga mamoti nabhankumasu andulu nabhesu kyebembela kulungi	1			Amba	train	3.28798185941043		False	0.032786885245901676	False	4.121196650568744	0.15228426395939088	True
01afad16deed014c336c39ed0790a0bc	58463	spontaneous-speech-rwm-58463.mp3	18396	5881	Ali mulimo tina ndia bhebembezi ka dini ndia bhakoliyo ka ngonguambili ndianu?	Mulimo ndia ka teketa ndia bhakolio andi habhula bhakpa bhabho Ka mpempa, mulimo ndia kebhali bhabhuhabhulibe bhakpa kwekoliliya, mulimo ndia kesalo bhabhuhabhulibe bhakpa somesa bhaniki ndibhabho ka ngongwa-mbili ndiasu	1			Amba	train	10.437051532941943		False	0.3548387096774194	False	3.4719946691730206	0.007614213197969543	True
79c70007d8f4df515b1206bb8d666e7b	58644	spontaneous-speech-rwm-58644.mp3	24048	5881	Ali mulimo tina ndia bhebembezi ka dini ndia bhakoliyo ka ngonguambili ndianu?	Bha bembezi ndia dini bhabisibe sukulu ndia pesia bhaniki ndibasu kisomo kandibhebembezi ndibhetolo bhaongi na bhakpa nibhakitandika kola kima ndia akibikisaga sente ka nsi ndiabho tabhi bizinesi 	1			Amba	train	7.027611443779108		False	0.15025906735751293	False	3.9007055704649893	0.07868020304568528	True
839194823957ef6cf0af192facc00f2e	58645	spontaneous-speech-rwm-58645.mp3	25308	5881	Ali mulimo tina ndia bhebembezi ka dini ndia bhakoliyo ka ngonguambili ndianu?	Bhebembeji bhasu bhakoli mulimo mabhika nanga sigikilia eti ndiako kubhanja bhakyegesi dini, ndia kebhala bhakye bha bhalia kiya kamumaiso  somesabe bhaniki ndibhasu ka bigambo ndia agbananibe dini injo nakikiyambabei ka bhebembeji ndibhasu injo konyelasu	1			Amba	train	8.73241662715347		False	0.20238095238095233	False	4.682347382074908	0.467005076142132	True
268635e5ac8169d00be91a407e38d7f4	58651	spontaneous-speech-rwm-58651.mp3	18108	5881	Ali mulimo tina ndia bhebembezi ka dini ndia bhakoliyo ka ngonguambili ndianu?	Bhakitebhejaga njili sa nkulakulana bhakiegesaga bhakpa eti bhabhe na ngeso ka byalo ndiabho bhakikiegesaga kima sa buyonjo kibhe nai bhakikiesaga nangoku kisemelelu bhundilia inji ndiabhesu	1			Amba	train	9.167218908769604		False	0.19786096256684493	False	4.042539107789406	0.12267343485617598	True
7b8ce0a081d9ccda7626927c5eec42d2	59086	spontaneous-speech-rwm-59086.mp3	16956	5881	Ali mulimo tina ndia bhebembezi ka dini ndia bhakoliyo ka ngonguambili ndianu?	Bhebembezi  bhebembezi  ziba ngu kimuibi Luhanga bhebembezi bhakiyambibe ziba ngu sa olana asiku ka kyalo bhebembezi bhakiyambibe kwegbeisa dini andulu kibhebe kulungi ziba ngu bhebembezi bhakiyambibe ziba ngu kibhusomesi bhaniki kisomo	1			Amba	train	12.031139419674451		False	0.40343347639484983	False	4.564871868768414	0.3942470389170897	True
e8eb7188dc741f9c8bd1f3b4b922d0b6	59278	spontaneous-speech-rwm-59278.mp3	25596	5881	Ali mulimo tina ndia bhebembezi ka dini ndia bhakoliyo ka ngonguambili ndianu?	Mulimo ndia bhebembezi ka dini  ndia bhakolio ka ngongwa mbili ndiasu bhabhukaliagi bhakpa biabho mbuka mulima ndia aya bhulikianio ka kima ndia akibha nali tai sa sitani kedhatu kwekolisa kima sa luzu luzu sa muzangu natabhi sie injo dumbi dhani bhakpa bhakilikaga nibhalia kiya kum senga-sengia Mambombi	1			Amba	train	10.079699953117675		False	0.17218543046357615	False	4.348280038704728	0.25972927241962773	True
18df01d60d16de159483408584d06424	59652	spontaneous-speech-rwm-59652.mp3	17496	5881	Ali mulimo tina ndia bhebembezi ka dini ndia bhakoliyo ka ngonguambili ndianu?	Mulimo ndia bhebembezi ndia bhakoli ka ngongwa mbili ali tolia bhakpa kigambo ndia Mambombi na bikisabe businge	1			Amba	train	5.429812528577961		False	0.12962962962962965	False	3.6049109476804304	0.017766497461928935	True
2a714f0f48c3450f78b159dbfd6c6c04	57263	spontaneous-speech-rwm-57263.mp3	24768	5882	Osobololebe ka bwomezi ndiako ndiokukaniliya kidieweyokiya nodhedhelu sinisini.	Ka bwomezi ndiamo nkikanilia ndia adhuwa ninkidhedhelua sini sini ali ndie nimwama nkali mindiamo mindia ka teketa dumbi ninkilika ninikitodha kudhedhelua dhe ndieni ndie nimbokota miki mindiamo agule	1			Amba	train	6.984819121447028		False	0.23350253807106602	False	4.476027663165209	0.33079526226734346	True
0038f5497f9f2af927e533e85ee33985	57427	spontaneous-speech-rwm-57427.mp3	30528	5882	Osobololebe ka bwomezi ndiako ndiokukaniliya kidieweyokiya nodhedhelu sinisini.	Nikieyokia nini dhedhelu sini sini ali ziba ngu nili kulungi na famile ndiamo bhaniki bagbei yabho ka sukulu endindisio ka sizoni nikitunga nkia sente ndiamo tukai ka koko endindisio nkieyokia ninili kulungi nanga famile ndiamo kili imamoti	1			Amba	train	6.682389937106918		False	0.27004219409282704	False	4.431888286068996	0.30372250423011843	True
ce1fe571c632c175c538f2de6c2f35a4	57653	spontaneous-speech-rwm-57653.mp3	10008	5882	Osobololebe ka bwomezi ndiako ndiokukaniliya kidieweyokiya nodhedhelu sinisini.	Nidhedhua sini tolo ndia nidhakia soma nikiena   mulimo sa gavumenti nikibhokota miki mindiamo	1			Amba	train	7.993605115907274		False	0.04395604395604391	False	4.59447827082725	0.41539763113367173	True
01afad16deed014c336c39ed0790a0bc	57855	spontaneous-speech-rwm-57855.mp3	13320	5882	Osobololebe ka bwomezi ndiako ndiokukaniliya kidieweyokiya nodhedhelu sinisini.	Kindia nieyokia nini semelelu ali ndie ni dhakia kisomo kajuekami nkondo ndiamo sa kisomo ndia kebhali ali ndie ni amana ndia kesalo ali ndie nitunga mulimo	1			Amba	train	9.834834834834837		False	0.2679738562091504	False	4.387106322656012	0.2817258883248731	True
268635e5ac8169d00be91a407e38d7f4	57896	spontaneous-speech-rwm-57896.mp3	22176	5882	Osobololebe ka bwomezi ndiako ndiokukaniliya kidieweyokiya nodhedhelu sinisini.	Nikikaniliabe kima ndia nieyilia ninidhedhelu sini sini ali ndie nidhakia diguli ndiamo ka univasite ndia ka makelele obu ndia bhanijueka nidhedhelua sini sini ndia kebhali buli bhoko nili na bhaniki bhesalo bhuli nkali mindiamo bhokota kulungi nkiokaga ninidhedhelu sini sini 	1			Amba	train	10.687229437229435		False	0.3102189781021898	False	5.044203235627942	0.6607445008460237	False
839194823957ef6cf0af192facc00f2e	58265	spontaneous-speech-rwm-58265.mp3	19008	5882	Osobololebe ka bwomezi ndiako ndiokukaniliya kidieweyokiya nodhedhelu sinisini.	Hhh injo nikolabei sini sini naga sigikilia eti ndie nimeisi ega kima injo dumbi niya ninkitekeleza tandika kolai kulungi ndia kalibe gia eti nkpa akigia bhoni injo nitekaniza bhinjo 	1			Amba	train	8.101851851851853		False	0.13888888888888884	False	4.412501556075524	0.29441624365482233	True
09bbee7d294906c21ab763ff5ca35ee2	59100	spontaneous-speech-rwm-59100.mp3	10620	5882	Osobololebe ka bwomezi ndiako ndiokukaniliya kidieweyokiya nodhedhelu sinisini.	Okuyaga ka sipatala obhutunga  bha dokita bhakuegesa eti osemelelu kola bhio na bhio andulu lika niwe tantali sini sini kozo ndiako	1			Amba	train	10.357815442561204		False	0.078125	False	4.390402181199547	0.2825719120135364	True
14482a129cdad77b883cf44ab8ee2666	59259	spontaneous-speech-rwm-59259.mp3	24660	5882	Osobololebe ka bwomezi ndiako ndiokukaniliya kidieweyokiya nodhedhelu sinisini.	Nilwali muswija nakinig zidhi nikiya ka sipatala sa gavumenti nibhakinipa mubazi na saha eno nili kulungi  so kiya ka sipatala ali kulungi bhakukupagha mubazi	0			Amba	train	5.43390105433901		False	0.2129032258064516	False	5.021901250368145	0.6522842639593909	False
aff82a045868be1573431402cd4ccddc	59367	spontaneous-speech-rwm-59367.mp3	36396	5882	Osobololebe ka bwomezi ndiako ndiokukaniliya kidieweyokiya nodhedhelu sinisini.	Endindi emi endi emi bwomezi ndiamo nkioka nkioka ninili kulungi ninili kulungi nanga kalibe ka kozo ndiamo kindie ninilwalia kandi kili na bizibu endi mamadha giya eti kedha nkpa anikuku kedha alwaliya kedha bizibu sa mulingo mabhinjo endindi nkioyokia ninili kulungi nanga bika iba kima ndia amadhia tai yoho	1			Amba	train	7.198593252005715		True	0.30293159609120524	False			False
e8eb7188dc741f9c8bd1f3b4b922d0b6	59523	spontaneous-speech-rwm-59523.mp3	26316	5882	Osobololebe ka bwomezi ndiako ndiokukaniliya kidieweyokiya nodhedhelu sinisini.	Ndie nki kanilia ka bwomezi ndiamo natai nesi nieyokia ninidedhelu abhabe tolo moti ndie  nibha ninikoi sa hululiaga ya tunga mulimo ka ledio ndie nioka eti okoliku ninikiesa ninidhedhelu 	1			Amba	train	6.0039519683842535		False	0.11891891891891893	False	5.3374785141615435	0.7868020304568528	False
79c70007d8f4df515b1206bb8d666e7b	58169	spontaneous-speech-rwm-58169.mp3	16920	5883	Okimuhabhula eki mbokoti mindia miki mindiaki abhweyungibe bhadaki bhatua luzuluzu?	Minjo nkpa mindia ambokotia ali na ziba nti ambelilibe ka tolo ndiaki nibhantalibanizi aonge naye minjo miki	1			Amba	train	5.437352245862884		False	0.05714285714285716	False	5.867320829313174	0.9137055837563451	False
01afad16deed014c336c39ed0790a0bc	58274	spontaneous-speech-rwm-58274.mp3	16488	5883	Okimuhabhula eki mbokoti mindia miki mindiaki abhweyungibe bhadaki bhatua luzuluzu?	Nikimuhabhula miki mbokoti minjo eka mindiaki likisaki amuhabhule kedha amulikise ka ntula kedha ansikise ka kisomo kedha amuegese aaaa dinini kadhakililia amuise ka gavumenti	1			Amba	train	9.218825812712277		False	0.2093023255813954	False	5.486241440855402	0.8426395939086294	False
06abe4fdd40392815ffcffabe9ccddfd	58486	spontaneous-speech-rwm-58486.mp3	14760	5883	Okimuhabhula eki mbokoti mindia miki mindiaki abhweyungibe bhadaki bhatua luzuluzu?	Andulu bhesu kikikabhaga kibhuhabhula bhaitu businge kikikibhaga nabho mamoti nanga lika nibhakiekolisa kima sa luju luju.	1			Amba	train	7.249322493224932		False	0.10084033613445376	False	4.287299783564619	0.23096446700507614	True
268635e5ac8169d00be91a407e38d7f4	58646	spontaneous-speech-rwm-58646.mp3	18360	5883	Okimuhabhula eki mbokoti mindia miki mindiaki abhweyungibe bhadaki bhatua luzuluzu?	Okugiaga  mbokoti minjo eti  antange   miki mindiaki adhuwe kweyungabe  bhaniki bhatua luzu luzu ndibha  anga bhakiya luza miki mindiaki atandike kola kima maluzukana ngoku nabho bhagbei kolai ka kyalo kenjo	1			Amba	train	9.3681917211329		False	0.13725490196078427	False	4.479942247843877	0.33248730964467005	True
e8eb7188dc741f9c8bd1f3b4b922d0b6	58761	spontaneous-speech-rwm-58761.mp3	38088	5883	Okimuhabhula eki mbokoti mindia miki mindiaki abhweyungibe bhadaki bhatua luzuluzu?	Sa habhula mbokoti ntaidami mindia amuli na miki mindia abhueyungbe bhadaki bheo bhatua luzu luzu ali zibe eti alikagi na miki njo dhani nali yekaka kedhatu bhabhe na ama miki na mbokoti mindietolo kasagana ka inji na ndibha bhalibe bhoponi bhaise kowa bhatua butoki ndibhetolo	1			Amba	train	6.117412308338584		True	0.24087591240875916	False			False
839194823957ef6cf0af192facc00f2e	59014	spontaneous-speech-rwm-59014.mp3	24876	5883	Okimuhabhula eki mbokoti mindia miki mindiaki abhweyungibe bhadaki bhatua luzuluzu?	emi nkimuhabhula nikigia eti kima ndio  ogbei kolai ijo ko gbei koli kulungi nanga sigikilia eti emi mbokoti mindiako nkikolaga kima mabhonga ambe ndie kikolaga kima mabonga kibi kukubhombisa na ka bwile ndio odoiku njo  andulu ndiadhu ninikigia nti kima abhe bhinjo kowa habulako	1			Amba	train	9.4468564077826		False	0.1985559566787004	False	4.526220706337194	0.36717428087986465	True
ce1fe571c632c175c538f2de6c2f35a4	59321	spontaneous-speech-rwm-59321.mp3	12240	5883	Okimuhabhula eki mbokoti mindia miki mindiaki abhweyungibe bhadaki bhatua luzuluzu?	alikage na kumpa magezi na kimuhabhula andulu atukeku amwise ka kisomo ama bonga amubhuwe ka ba niki benjo ndiba lujukaniya	2			Amba	train	8.49673202614379		False	0.04166666666666663	False	5.714692743339823	0.8942470389170897	False
2a714f0f48c3450f78b159dbfd6c6c04	59332	spontaneous-speech-rwm-59332.mp3	23940	5883	Okimuhabhula eki mbokoti mindia miki mindiaki abhweyungibe bhadaki bhatua luzuluzu?	Mbokoti mindia mikiki mindiaki abhueyungibe bhadaki nkimuhabhula nti abhotune na miki ka saganana aye ka bhahikili nau antoleku atoke bha na ndia bhakinkolilia	1			Amba	train	5.722639933166248		False	0.14102564102564108	False	5.87891187544461	0.9196277495769881	False
7b8ce0a081d9ccda7626927c5eec42d2	59386	spontaneous-speech-rwm-59386.mp3	20628	5883	Okimuhabhula eki mbokoti mindia miki mindiaki abhweyungibe bhadaki bhatua luzuluzu?	Nikimuhabhulabe nikigia eti aaa ambuweku miki njo amulisie ndia kebhali apasu ampesie mulimo sa kolai ka inji andulu aduwe kwetava kaka fafa injo ndia kesalo apasu amuise ka sukulu ndia keini apasu aaa aaa amuise ka gulupu ndia akiyamba niya	1			Amba	train	9.792515028117124		False	0.20588235294117652	False	4.968373042548145	0.6269035532994924	False
18df01d60d16de159483408584d06424	59573	spontaneous-speech-rwm-59573.mp3	21996	5883	Okimuhabhula eki mbokoti mindia miki mindiaki abhweyungibe bhadaki bhatua luzuluzu?	Habhula mbokoti mindia miki minjo ali ngu miki minjo kala kidhua onga naye ka ngeso mbi ndia agbei kolai nanga akiduwa bwile kalika nakimuhabhula asobola hindukaki nakidhuwa nakifoka miki mindia abhongio	1			Amba	train	7.865066375704672		False	0.21999999999999997	False	4.808369650244121	0.5372250423011844	True
09bbee7d294906c21ab763ff5ca35ee2	59742	spontaneous-speech-rwm-59742.mp3	12780	5883	Okimuhabhula eki mbokoti mindia miki mindiaki abhweyungibe bhadaki bhatua luzuluzu?	Nti kalakulika nakumbinda kuyo alike nakunsomesa naye miki minjo abhe abhe nesi akibha mulungi nesi nesi naye ali mulungi dhe	1			Amba	train	8.294209702660407		False	0.19672131147540983	False	6.213793992512339	0.9560067681895094	False
2a714f0f48c3450f78b159dbfd6c6c04	57298	spontaneous-speech-rwm-57298.mp3	29340	5884	Nkitoka bhoni emi kukingililia muswija imamoti na bhakpa ndibhamo?	Nkitoka kwekingililia musuija na bhakpa ndibhamo nikikisia subha   katimba nendietolo ke kpengbua ndabho  sinjiliaibe andulu kasamili adhue likaibei na bhanikia keke keke poni poni bbumagai nanga bhangungu nanga bhangungu bhakilikaga kau	1			Amba	train	6.952965235173824		False	0.15384615384615385	False	5.250051448320901	0.7495769881556683	False
aff82a045868be1573431402cd4ccddc	57398	spontaneous-speech-rwm-57398.mp3	19656	5884	Nkitoka bhoni emi kukingililia muswija imamoti na bhakpa ndibhamo?	Kingililia musuija abhongi buli miki kedha buli nkpa mindia ali ka inj menjo asie ka katimba nanga katimba akikingililiaga ndulu ngungu lika kuka miki andulu alwale musuija 	1			Amba	train	7.427757427757428		False	0.1823529411764706	False	5.024168324997367	0.6531302876480541	False
268635e5ac8169d00be91a407e38d7f4	57611	spontaneous-speech-rwm-57611.mp3	22068	5884	Nkitoka bhoni emi kukingililia muswija imamoti na bhakpa ndibhamo?	Ndia kokubhanja ali siami ka katimba na baniki ndibhamo kedha bhakpa bhoponi ndibhamo siabho ka katimba andulu bhangungu bakala kikiduwabe ndia kebhali ali jiba eti kibhi na buyonjo ka inji bihamba kalibe kasamili kalibe ka kompaundi obhundi kompaundi kiki likaga ni kidemi poni nauki nanga kima injo akibhikisaga bhangungu	1			Amba	train	12.46148268986768		False	0.25312500000000004	False	4.771964747597861	0.5203045685279187	True
01afad16deed014c336c39ed0790a0bc	57914	spontaneous-speech-rwm-57914.mp3	21348	5884	Nkitoka bhoni emi kukingililia muswija imamoti na bhakpa ndibhamo?	Kitoka siami ka katimba sa bha ngungu ndia aliku mubazi kedha dhawa kedha nigube mili ndia akilumbaga ndia akitoka bhia bha ngungu	1			Amba	train	5.105864718006371		False	0.22047244094488194	False	4.691537699571773	0.47377326565143824	True
839194823957ef6cf0af192facc00f2e	58285	spontaneous-speech-rwm-58285.mp3	20520	5884	Nkitoka bhoni emi kukingililia muswija imamoti na bhakpa ndibhamo?	Emi nikiba eti muswija kaniduabei nikiya ka sipatala bhakanipesiaku dumbi bhakanipesiaku mubazi nitandike kozesai kikopo abhe ndiamo nekaka nide kikikozesa na nkpa mindiekina	1			Amba	train	7.407407407407407		False	0.14035087719298245	False	4.922994798379827	0.6032148900169205	False
0038f5497f9f2af927e533e85ee33985	58417	spontaneous-speech-rwm-58417.mp3	24948	5884	Nkitoka bhoni emi kukingililia muswija imamoti na bhakpa ndibhamo?	Kingililya muswija  akibqla osumbe katimba bhenu poni busiyage subha katimba nanga bhangungu bhakaliyanu pesianu muswija bhh na sumba katimba kima poni kainji libo kabha naleki nibukuaja koi nibu ku sinjilya kainji alike nabheni bhei	1			Amba	train	7.976591309924643		False	0.20434782608695656	False	6.077252422140887	0.9441624365482234	False
09bbee7d294906c21ab763ff5ca35ee2	59184	spontaneous-speech-rwm-59184.mp3	18720	5884	Nkitoka bhoni emi kukingililia muswija imamoti na bhakpa ndibhamo?	Musuija bhakpa bhoponi bhalie nibhakisia  ka katimba bhasiage ka butimba na bhaniki ne newe deni ndei kina nokusinjilia  kansenge na kipanga andulu kingililia bulwaye sa musuija	1			Amba	train	8.012820512820513		False	0.12643678160919536	False	5.237380041200006	0.7436548223350253	False
18df01d60d16de159483408584d06424	59241	spontaneous-speech-rwm-59241.mp3	24048	5884	Nkitoka bhoni emi kukingililia muswija imamoti na bhakpa ndibhamo?	Okutoka kwekingililia musuija buli ka  bhuangi nokuanga ka katimba kandi tamabhugobhugo na ziba ntin madilisa na bikuku odhakia ndia bhakagodhimbe ka ndabho	0			Amba	train	5.572188955422488		False	0.065359477124183	False	5.760130476893634	0.9001692047377327	False
7b8ce0a081d9ccda7626927c5eec42d2	59483	spontaneous-speech-rwm-59483.mp3	20448	5884	Nkitoka bhoni emi kukingililia muswija imamoti na bhakpa ndibhamo?	Musuija ka ziba ngu odemagi mabhili ndia bia na inji ozibe ngu bikebhekebhe ndia alekagiku libjo obhoibe osiage ka timba oduwe ka gavumenti kabha nalibe kizibu sa bulwaye ka kicweka opasu lika nokougisa  ngoye ndiako lika nali mpyaka	1			Amba	train	9.536384976525822		False	0.11304347826086958	False	5.896742085190936	0.9230118443316413	False
06abe4fdd40392815ffcffabe9ccddfd	57689	spontaneous-speech-rwm-57689.mp3	22716	5885	Ali lyeli tina nkali mindia alia kilungisia ndia agbokelyani liyai andulu abhe nabhele sa lungisia miki?	Nkali ali sa lia lieli mabhonga andulu amulungise miki kulungi kakabhebe kima poni ndia akintalibaniza apasu lia lieli ndia akimbikisaku bhele andulu abhebe kulungi kandi amulungise miki mindiaki kulungi	1			Amba	train	7.70382109526325		False	0.30500000000000005	False	4.265941508204838	0.2182741116751269	True
0038f5497f9f2af927e533e85ee33985	57923	spontaneous-speech-rwm-57923.mp3	25416	5885	Ali lyeli tina nkali mindia alia kilungisia ndia agbokelyani liyai andulu abhe nabhele sa lungisia miki?	Lieli na nkali ndia agbokiliani liyai nakalungisa asemelelu aliye sombe, aliye bugwanimbe, aliye kabbeji, aliye konje, aliye mucele so injo asemelelu liyai andulu na kibha na byenyuwa uma uma nakikelela nyuwa andulu bhele ndiaki alike na kinganani kas	1			Amba	train	8.419892980799496		False	0.2540322580645161	False	5.609521956070868	0.8730964467005076	False
01afad16deed014c336c39ed0790a0bc	58050	spontaneous-speech-rwm-58050.mp3	21420	5885	Ali lyeli tina nkali mindia alia kilungisia ndia agbokelyani liyai andulu abhe nabhele sa lungisia miki?	Lyeli ndia kateketa andi bhikole haa nkedhengu nyama njo kahuta masuwa akibhaga na bhele nkali akibhaga na bhele  bhoke nildua gulu konje njo ehhh injo poni akimpesiaga nkali bhele kabha nali ka kalungisia	1			Amba	train	8.029878618113912		False	0.17821782178217827	False	5.501365370013163	0.8485617597292724	False
268635e5ac8169d00be91a407e38d7f4	58162	spontaneous-speech-rwm-58162.mp3	19728	5885	Ali lyeli tina nkali mindia alia kilungisia ndia agbokelyani liyai andulu abhe nabhele sa lungisia miki?	Asemelelu anuwe masuwa mabhika aliye sombe bhie injo alike nakilia bilenge kedha bienda alike nakinuwa mata hamui na busela andulu atunge bhele salungisa miki mindiaki injo andulu ndia asemelelu kolai nkali mindia abgei lungisa	1			Amba	train	9.833738848337388		False	0.1964285714285714	False	5.239973027525242	0.745346869712352	False
839194823957ef6cf0af192facc00f2e	58310	spontaneous-speech-rwm-58310.mp3	22536	5885	Ali lyeli tina nkali mindia alia kilungisia ndia agbokelyani liyai andulu abhe nabhele sa lungisia miki?	injo lyeli akibhaga na bgokilyani kalungisa miki bhani nkyaleli ndya dhotagibhe tai gbebhe bulumbani injo aha bhasi nti bhanikyaleli ndyadhotagibhe ndyakali hiya nti alikima ndya motagiyo ba	1			Amba	train	7.277245296414625		False	0.19786096256684493	False	6.525681495493718	0.9805414551607445	False
79c70007d8f4df515b1206bb8d666e7b	58509	spontaneous-speech-rwm-58509.mp3	19728	5885	Ali lyeli tina nkali mindia alia kilungisia ndia agbokelyani liyai andulu abhe nabhele sa lungisia miki?	Nkali mindia ali ka lungaki ali na lia lieli tabhi mata tabhi yogati tabhi nkia posho pipi na injo ndia akimpesiaku mata ka soho	1			Amba	train	5.322384428223844		False	0.17600000000000005	False	5.850413717558883	0.9120135363790186	False
14482a129cdad77b883cf44ab8ee2666	58791	spontaneous-speech-rwm-58791.mp3	19620	5885	Ali lyeli tina nkali mindia alia kilungisia ndia agbokelyani liyai andulu abhe nabhele sa lungisia miki?	Liaga mamati kolaga mulimo mamoti bhaniki bheponi advisingaga bhanike bheponi mamoti akiletaga lungisni na businge ka inji kuwo	1			Amba	train	5.606523955147808		False	0.17741935483870963	False	4.729289388830499	0.49238578680203043	True
e8eb7188dc741f9c8bd1f3b4b922d0b6	58842	spontaneous-speech-rwm-58842.mp3	22680	5885	Ali lyeli tina nkali mindia alia kilungisia ndia agbokelyani liyai andulu abhe nabhele sa lungisia miki?	Nkali mindia alinka lungisa agbokiliani zibe eti lieli ndia alikia alibkau bulumbani alinkau gbebhe na mucele abheku bhitakuli tabhi sie injo toli atodhe abheku na bhilala makpulula injo no kakabhe nabhuliku na busala ndia akibikisa bhele kowa mikio	1			Amba	train	9.347442680776014		False	0.16666666666666663	False	5.731386982551264	0.8967851099830795	False
09bbee7d294906c21ab763ff5ca35ee2	59280	spontaneous-speech-rwm-59280.mp3	9936	5885	Ali lyeli tina nkali mindia alia kilungisia ndia agbokelyani liyai andulu abhe nabhele sa lungisia miki?	Kisemelelu lia gbebhe mucele hhh nuwa mata  liki andulubl nkali alike nakilugisa miki kulungi	1			Amba	train	7.950885668276973		False	0.011111111111111072	False	4.706656639697742	0.48223350253807107	True
2a714f0f48c3450f78b159dbfd6c6c04	59525	spontaneous-speech-rwm-59525.mp3	20700	5885	Ali lyeli tina nkali mindia alia kilungisia ndia agbokelyani liyai andulu abhe nabhele sa lungisia miki?	Nkali mindia ali ka lungisia agbokiliani alie lieli ndia aliku bilisia poni andulu abhe na bhele sa lungisia miki	1			Amba	train	4.5893719806763285		False	0.17272727272727273	False	4.595703121868208	0.4170896785109983	True
18df01d60d16de159483408584d06424	59663	spontaneous-speech-rwm-59663.mp3	26136	5885	Ali lyeli tina nkali mindia alia kilungisia ndia agbokelyani liyai andulu abhe nabhele sa lungisia miki?	Lieli ndia nkpa mindia akalungisia ndia agbokiliani liai abhiki sini bhaitu moti ka lieli injo ali lieli  ndia akialika mubili kindia alio bhasu mata liki na nyama na ndiekina tabhi busela.	1			Amba	train	6.045301499846954		False	0.17204301075268813	False	4.4367658779578925	0.311336717428088	True
18df01d60d16de159483408584d06424	57306	spontaneous-speech-rwm-57306.mp3	23508	5886	Ndia adhu nali mugaso likilia nuwa libho tolo poni andiki?	Ndia adhu nali namugaso lokililia nuwa libho tolo poni andiki libho ali na mugaso ka kozo ndia nkpa nanga magila ndie kili nai aliku libho kandi nkpa kalwala dhe bhakimbisagabe libho andulu alame	1			Amba	train	6.933809766887868		False	0.171875	False	4.512906143444498	0.3570219966159052	True
01afad16deed014c336c39ed0790a0bc	57540	spontaneous-speech-rwm-57540.mp3	22716	5886	Ndia adhu nali mugaso likilia nuwa libho tolo poni andiki?	Lika nokunuwa libho toloponi ali namugaso bhiyayi mugaso ndia keteketa adi kozo ndiako lika naheheli nanga libho adi bwomezi kozo dwako akilika naheheli koku lwala lwala giasi kamuligo poni nanga okuligaga nokunuwa libho	1			Amba	train	8.276104948054234		False	0.2764976958525346	False	5.275082377434689	0.7631133671742809	False
aff82a045868be1573431402cd4ccddc	57964	spontaneous-speech-rwm-57964.mp3	56556	5886	Ndia adhu nali mugaso likilia nuwa libho tolo poni andiki?	Ndia adhu nikilikaga nikiki nuwa libho nanga ni libho ali kima sa mani ali bwomezi nkpa mindia kanu libho kakitungaga bwomezi mabhonga libho aliku kima mabhonga aliku kima mamadha akisikisiaga bwomezi sa nkpa nyota kabha nakugbei ndio konu libho okweyokiaga zidhi bhaitu kotangia libho konuwa okusikiaga buhiaka otunga mani nanga libho ali kima da mani ko zunga abhongi onuwe kandi libho akikolaga ka mubili ndiako kima mabhonga nkpa  mindia kali libho akikuwaga bwangu andulu ndie kikitokaga lika nikikinuwa libho	1			Amba	train	7.691491618926373		True	0.38747553816046965	False			False
0038f5497f9f2af927e533e85ee33985	58451	spontaneous-speech-rwm-58451.mp3	15120	5886	Ndia adhu nali mugaso likilia nuwa libho tolo poni andiki?	Ali mugaso lika nokunuwa libo tolo poni nanga lobo ali mubazi akisikisagabhe bwomezi amabonga	1			Amba	train	5.29100529100529		False	0.033333333333333326	False	4.9599358672673795	0.622673434856176	False
268635e5ac8169d00be91a407e38d7f4	58549	spontaneous-speech-rwm-58549.mp3	17208	5886	Ndia adhu nali mugaso likilia nuwa libho tolo poni andiki?	Libho ali na mugaso kakozo sa mani anga libho ukwaka akitanga andwaye ndwaye ka kozo ndia bhesu libho ukwaka akibikisaga mani ka mubili kandi adhuwa mani mubili alika na bhongi	1			Amba	train	8.542538354253834		False	0.24855491329479773	False	4.834525487958979	0.550761421319797	True
e8eb7188dc741f9c8bd1f3b4b922d0b6	58682	spontaneous-speech-rwm-58682.mp3	26856	5886	Ndia adhu nali mugaso likilia nuwa libho tolo poni andiki?	Ndiadu na kibha samugaso sa nua libho tolo poni moti libho njo akidhotisaga lieli ndio kubha no lio ka Soho keo na ndietolo	1			Amba	train	3.760798331843908		False	0.08333333333333337	False	5.426327121322407	0.8214890016920474	False
79c70007d8f4df515b1206bb8d666e7b	58701	spontaneous-speech-rwm-58701.mp3	18000	5886	Ndia adhu nali mugaso likilia nuwa libho tolo poni andiki?	Nuwa libho akidhuwaga bhakpa nibhakitunga mubila ndia abhongia nibhakitunga na mani ka mubili ndiabho kandi ndia akidhuaga nibhakitunga bhakola kima ka mubili ndiabho kulungi	1			Amba	train	8.38888888888889		False	0.3801169590643275	False	3.5983670651072597	0.016074450084602367	True
ce1fe571c632c175c538f2de6c2f35a4	59294	spontaneous-speech-rwm-59294.mp3	6120	5886	Ndia adhu nali mugaso likilia nuwa libho tolo poni andiki?	Libho akusobhosezaga kojo kola mulimo ndyaki	1			Amba	train	6.372549019607843		True	0.0	False			False
839194823957ef6cf0af192facc00f2e	59446	spontaneous-speech-rwm-59446.mp3	24120	5886	Ndia adhu nali mugaso likilia nuwa libho tolo poni andiki?	Libho njo ali bwomezi bhabhika kabwomezi ndia mkpa akidhuwaga tolo pooni kilika nikikinuwa nanga sigikilya nti okulwalaga mubazi ndia kokubanja ndia bakukubisagaku andi libho kesi bwomezi ndyampka andi libho andulu ndia kidhuwaga mpka anuwa libho Bailey poon	1			Amba	train	9.203980099502488		False	0.23529411764705888	False	4.410189125839813	0.2918781725888325	True
14482a129cdad77b883cf44ab8ee2666	59613	spontaneous-speech-rwm-59613.mp3	21420	5886	Ndia adhu nali mugaso likilia nuwa libho tolo poni andiki?	Libo ali bwomezi libo abongiya akipesiyaga magila libo ndiaka sipatala koba nolwali bakuku pesiyaga libo ka kanula so libo ali bwomezi	1			Amba	train	5.322128851540616		False	0.23664122137404575	False	5.367807080835368	0.7978003384094755	False
06abe4fdd40392815ffcffabe9ccddfd	57509	spontaneous-speech-rwm-57509.mp3	24120	5887	Andi sa mugaso nangeki ndiakidhuwa bhobhalili bhaluku na bhakali kebelabho ndwali sa kabhondo?	Ndwali nkpa uwe nkumi kokuibaga kaya bhuai alibe nanga kubhotu mamadha sini akidhuaga oya olwala kokuibe nanga kabha noli nsiani okulika nokuya sia sia kindia bhakali bhoponi bhakudhedha kandi kuni ali kau kindia ndwali alio	1			Amba	train	7.877280265339967		False	0.19004524886877827	False	5.067601175819848	0.6725888324873096	False
ce1fe571c632c175c538f2de6c2f35a4	58025	spontaneous-speech-rwm-58025.mp3	16380	5887	Andi sa mugaso nangeki ndiakidhuwa bhobhalili bhaluku na bhakali kebelabho ndwali sa kabhondo?	Akubhikisagabhe bhakpa bhaiba bwomezi ndiabho deni bateketa dhuwa ndiekina bhia bhiyabhiya ka bufumbu ndiabho	1			Amba	train	5.860805860805861		False	0.1132075471698113	False	4.279468695886875	0.22588832487309646	True
18df01d60d16de159483408584d06424	58035	spontaneous-speech-rwm-58035.mp3	24120	5887	Andi sa mugaso nangeki ndiakidhuwa bhobhalili bhaluku na bhakali kebelabho ndwali sa kabhondo?	Mugaso ndia ali ka kwekebelisa nkali na muluka ali ngu bhoponi bhakweibaga ngoku bwomezi ndiabho atelemio ndia kalibe mindia amwesomilili dhaki nanga alibe monti kekebelisa ka kaduana nalwali kakintoliaga daki dumbi alike kwesosomiaga	1			Amba	train	8.374792703150911		False	0.18614718614718617	False	4.987666411519306	0.6370558375634517	False
e8eb7188dc741f9c8bd1f3b4b922d0b6	58148	spontaneous-speech-rwm-58148.mp3	26676	5887	Andi sa mugaso nangeki ndiakidhuwa bhobhalili bhaluku na bhakali kebelabho ndwali sa kabhondo?	Ehhh andi sa mugaso zibe eti nkali na muluka bhobhalili bhabhkebalagio ka ndwali yoho ndia akibha nali  sa kabhondo  anga ndwali sa kabhondo akisiaga nabhuni inji agbokiliani bhalike nibhaibani nesi bhoponi bhali ka magila ndiabho ka bwomezi ndiabho toli  haibeto sa kolai sa iba  kwebhundilia 	1			Amba	train	9.184285500074973		False	0.20618556701030932	False	4.531412128051281	0.37055837563451777	True
79c70007d8f4df515b1206bb8d666e7b	58247	spontaneous-speech-rwm-58247.mp3	20196	5887	Andi sa mugaso nangeki ndiakidhuwa bhobhalili bhaluku na bhakali kebelabho ndwali sa kabhondo?	Bhaluku na bhakali bhalo  na bhelabho dumbi kabha kiteisa bhakpa ndibhetolo kabhondo dumbi  bhoponi bhabhe kulungi	1			Amba	train	4.802931273519508		False	0.15315315315315314	False	3.840502324001585	0.06006768189509306	True
0038f5497f9f2af927e533e85ee33985	58789	spontaneous-speech-rwm-58789.mp3	24300	5887	Andi sa mugaso nangeki ndiakidhuwa bhobhalili bhaluku na bhakali kebelabho ndwali sa kabhondo?	Ali mugaso nkali na muluka kwekebelisa ndwali sa kabhondo andulu bhuibe bwomezi ndiabho ndianu nesi alio kabha ndio bhukulwali dumbi bhakibhuomesa dhua kola kima sa uzu luzu deni ndia kesalo dumbi kabha ndia ndio bhukulwali dumbi bhabhupesie mubazi bhutandike kozesai andulu  bhusiebe mani bhali   ka nsi	1			Amba	train	10.534979423868313		False	0.21262458471760792	False	4.18553012098042	0.18527918781725888	True
01afad16deed014c336c39ed0790a0bc	58937	spontaneous-speech-rwm-58937.mp3	9036	5887	Andi sa mugaso nangeki ndiakidhuwa bhobhalili bhaluku na bhakali kebelabho ndwali sa kabhondo?	Injo ali sa mugaso nanga bhakalakimbokota miki mindia ali na kabhondo	1			Amba	train	6.529437804338203		False	0.030303030303030276	False	3.968846910961598	0.09560067681895093	True
268635e5ac8169d00be91a407e38d7f4	59004	spontaneous-speech-rwm-59004.mp3	19836	5887	Andi sa mugaso nangeki ndiakidhuwa bhobhalili bhaluku na bhakali kebelabho ndwali sa kabhondo?	Andulu bhaibe bhaibani kojo ndiabho kabha nalibe mindia alwalia kedha mindia akalwali kabha nalibe mindia alwalia akitandika mibaji kedha bhoponi nibhalwali bhatandike mibaji injo akiyambaga bhaibe ngoku kojo ndiabho alio nanga kabhondo akiolaga bhakpa.	1			Amba	train	11.090945755192578		False	0.352	False	4.154859124920119	0.16666666666666666	True
839194823957ef6cf0af192facc00f2e	59310	spontaneous-speech-rwm-59310.mp3	21060	5887	Andi sa mugaso nangeki ndiakidhuwa bhobhalili bhaluku na bhakali kebelabho ndwali sa kabhondo?	Kima njo akiyambaga buli mkpa lika neibhi ti nilwaliya kedhatu kilwali ati katakana moti na lwali moti akibhaga ati nesi nili na mkpa o emi kikwali ti bhuye nikye tantala boni nemi makanga lwala mi ngoku kilya naye mamoti ka gweima moti	1			Amba	train	9.25925925925926		False	0.19313304721030045	False	5.899583038413274	0.9255499153976311	False
14482a129cdad77b883cf44ab8ee2666	59502	spontaneous-speech-rwm-59502.mp3	30888	5887	Andi sa mugaso nangeki ndiakidhuwa bhobhalili bhaluku na bhakali kebelabho ndwali sa kabhondo?	Niekebela ndwali sa kabhondo silimu abhongia akiyambaga nkpa kietekaniza kakubha oli na ndwali njo ehh kietekaniza teketa mela mubazi kozesa mubazi kakubha koli na ndwali okiteketa tekaniza wekaka	1			Amba	train	5.471380471380472		False	0.2953367875647669	False	5.400279279538948	0.8096446700507615	False
09bbee7d294906c21ab763ff5ca35ee2	59559	spontaneous-speech-rwm-59559.mp3	12420	5887	Andi sa mugaso nangeki ndiakidhuwa bhobhalili bhaluku na bhakali kebelabho ndwali sa kabhondo?	Muluku nibhabhukebeli na nkali mindiako nibha nibhabhukebeli dumni ka famile kenjo bhuulikaga nibhuli kulungi ka famile bhukukulikagaku na nsobi poni dumbi bhulikaga nibhuetantali bhulwaye sa sulimu	1			Amba	train	13.92914653784219		False	0.28717948717948716	False	4.789232125523281	0.5313028764805414	True
2a714f0f48c3450f78b159dbfd6c6c04	59612	spontaneous-speech-rwm-59612.mp3	22320	5887	Andi sa mugaso nangeki ndiakidhuwa bhobhalili bhaluku na bhakali kebelabho ndwali sa kabhondo?	Ali sa mugaso kebela bhaluku na bhakali nanga ndwali sa kabhondo nanga u ndwali sa kabhondo akituliaga kowa nkali na muluka nibhala liani kiseno bhabhukebele bhobhalili	1			Amba	train	6.406810035842294		False	0.23030303030303034	False	4.733462618143987	0.4966159052453469	True
79c70007d8f4df515b1206bb8d666e7b	57447	spontaneous-speech-rwm-57447.mp3	18900	5888	Ali bizibu tina gbolusi ndia bhalimi bhakikolilyagaku ka kyalo ndianu?	balimi ka kyalo ndiamo ba kibhuibhililyaga kima ndiabho ndibakikozesaga ka lima kandi bhenjo balimi kibali na na sente ndia sumba kima ndia bakikozesa ka lima ndiabo	1			Amba	train	7.4074074074074066		False	0.308641975308642	False	4.138481182345727	0.16074450084602368	True
06abe4fdd40392815ffcffabe9ccddfd	57648	spontaneous-speech-rwm-57648.mp3	16776	5888	Ali bizibu tina gbolusi ndia bhalimi bhakikolilyagaku ka kyalo ndianu?	Bhakukiyamabaga bhia bhesu bhalimi lika nibhakukolilia na bisasu ka mikia sente ndia akikiyamba ka kima poni	1			Amba	train	5.543633762517882		False	0.05714285714285716	False	3.9717625606316016	0.09898477157360407	True
2a714f0f48c3450f78b159dbfd6c6c04	58325	spontaneous-speech-rwm-58325.mp3	34956	5888	Ali bizibu tina gbolusi ndia bhalimi bhakikolilyagaku ka kyalo ndianu?	Bizibu bgolusi ndia balimi bakikolilyaga ku ka kyalo ndiasu ali mani ndia kusubaga ndimo poni asidha kedha weweliya kabhika na huwa mikya lyeli ndiayabhi na bhonfi poni akitugukaga baka kutunganga mulingo ndibhitungilyaga ku lyeli	1			Amba	train	5.635656253575924		True	0.16299559471365643	False			False
01afad16deed014c336c39ed0790a0bc	58724	spontaneous-speech-rwm-58724.mp3	17208	5888	Ali bizibu tina gbolusi ndia bhalimi bhakikolilyagaku ka kyalo ndianu?	Kizibu ndiabkateke gbolusi andi dhudhu tinikai bhia nsia kizibu ndia kebhali andi bhasuma kizibu ndia kebhali andi mbula ola ndimo	1			Amba	train	6.450488145048814		False	0.2992125984251969	False	5.319025269888829	0.7825719120135364	False
ce1fe571c632c175c538f2de6c2f35a4	58727	spontaneous-speech-rwm-58727.mp3	11016	5888	Ali bizibu tina gbolusi ndia bhalimi bhakikolilyagaku ka kyalo ndianu?	Alibhe bizibu sya ndwali nakibhabhe bizibu sya being bei   nanisiya bha jidhi	1			Amba	train	5.809731299927378		False	0.18918918918918914	False	5.295886788795478	0.7732656514382402	False
14482a129cdad77b883cf44ab8ee2666	58747	spontaneous-speech-rwm-58747.mp3	20808	5888	Ali bizibu tina gbolusi ndia bhalimi bhakikolilyagaku ka kyalo ndianu?	Bhalimi ka kyalo ndiasu bhakikoliliaga ka bizibu ndia mbula mani bhulka bhula sente injo poni	1			Amba	train	3.7966166858900414		False	0.07777777777777772	False	3.7149482989405307	0.02707275803722504	True
0038f5497f9f2af927e533e85ee33985	58871	spontaneous-speech-rwm-58871.mp3	26460	5888	Ali bizibu tina gbolusi ndia bhalimi bhakikolilyagaku ka kyalo ndianu?	Bizibu bizibu manyeta ndibha ndibha ndibha  bhebembezi bhakikoliliagaku ka kyalo ndiabho abhikia kandi moti ali ka  bhusuma ka kyalo na lika nibhakibhuambula lika nibhakibhutua bhunako lika nibhakibhutua bhusuma sigikikia bizibu ndia ali ka nkungu	1			Amba	train	8.01209372637944		False	0.35655737704918034	False	3.964373017379602	0.09306260575296109	True
18df01d60d16de159483408584d06424	59540	spontaneous-speech-rwm-59540.mp3	27396	5888	Ali bizibu tina gbolusi ndia bhalimi bhakikolilyagaku ka kyalo ndianu?	Bizibu ndia bhalimi ndia bhakikoliliagaku abhiki sini bhaitu bemoti ka bizibu ndia bhakikoliliagagu ali bhulua katale alibe ngudhe ndia akiluzukanaga motoka kakitoka duwa kindia bhakolilio nahabweke bhakiduanaga sa bhua kima kindia bhakolilio doisai kindie kina	1			Amba	train	8.285881150532925		False	0.29844961240310075	False	4.409897081069263	0.2910321489001692	True
aff82a045868be1573431402cd4ccddc	59605	spontaneous-speech-rwm-59605.mp3	21888	5888	Ali bizibu tina gbolusi ndia bhalimi bhakikolilyagaku ka kyalo ndianu?	Injo injo bizubu ali ali sa liaga ndiabho koma etai kulungi na mbula koma sokia mbula koma sokai mani ka huwa liaga injo akiluzukanaga	1			Amba	train	5.071271929824561		False	0.20610687022900764	False	5.869657946218791	0.916243654822335	False
06abe4fdd40392815ffcffabe9ccddfd	57387	spontaneous-speech-rwm-57387.mp3	24480	5889	Ali mugaso nangeki bhaniki isabho iya tunga kikato?	Oli na mugaso nanga bhaniki isabho kunga kikalo okubhaga nokakuyamba  anga tolo ndia kamumaiso bha nibhakukonyelq andulu bhaye ka masukulu	1			Amba	train	4.8202614379084965		False	0.03703703703703709	False	4.5753457658065555	0.4035532994923858	True
ce1fe571c632c175c538f2de6c2f35a4	58008	spontaneous-speech-rwm-58008.mp3	12960	5889	Ali mugaso nangeki bhaniki isabho iya tunga kikato?	Kikato akitatalaga ndwali mwa poliyo tibi na kaselu ka bhaniki	1			Amba	train	4.0895061728395055		False	0.0	False	6.446360464080988	0.9737732656514383	False
268635e5ac8169d00be91a407e38d7f4	58326	spontaneous-speech-rwm-58326.mp3	14796	5889	Ali mugaso nangeki bhaniki isabho iya tunga kikato?	Kikato ali na mugaso kabhaniki akibutangilyaga tunga ndwali ndwali ndia kabhongi sya poliyo jamui na mizozi ndua kibubgaga baniki andulu ndia kidhuwaga baniki kibuisa ka bhikato	1			Amba	train	10.273046769397132		False	0.22413793103448276	False	4.657249083789251	0.4467005076142132	True
79c70007d8f4df515b1206bb8d666e7b	58359	spontaneous-speech-rwm-58359.mp3	21096	5889	Ali mugaso nangeki bhaniki isabho iya tunga kikato?	Bhaniki bhindia bhakitoka tunga kikato kibhakitoka tunga ndwaye ndibha tungili kikato kandi bhenjo bhaniki bhakibhaga nibhali na mani  kandi kalibe ndia akibhatalabaniza	1			Amba	train	6.968145620022753		False	0.29518072289156627	False	3.538655884783376	0.012690355329949238	True
0038f5497f9f2af927e533e85ee33985	58408	spontaneous-speech-rwm-58408.mp3	13140	5889	Ali mugaso nangeki bhaniki isabho iya tunga kikato?	Ali mugaso bhaniki isabho ya tunga bikato nanga bikato akitangaga ndwali mabhika miki dumbi kakibhaga na buhoehoe bba	1			Amba	train	7.610350076103501		False	0.11403508771929827	False	4.9827373219292035	0.6362098138747885	False
01afad16deed014c336c39ed0790a0bc	58697	spontaneous-speech-rwm-58697.mp3	18720	5889	Ali mugaso nangeki bhaniki isabho iya tunga kikato?	Ya tunga kikato andulu bhatoke kwegendia kedha kwetantala ndwali biai tabhi bulema ndia bhakigiagaku poliyo tabhi andi ndwali biai ndia bhakikabhaga kwetantala bhaniki njo lwalai nibhalia bhabenje	1			Amba	train	9.08119658119658		False	0.24352331606217614	False	4.8356175526503895	0.5524534686971235	True
e8eb7188dc741f9c8bd1f3b4b922d0b6	58931	spontaneous-speech-rwm-58931.mp3	24300	5889	Ali mugaso nangeki bhaniki isabho iya tunga kikato?	Ali sa mugaso hisa baniki ka kikato anga injo andulu ndya ki bujuna baniki bhimbabho nimali bhomezi kanga luzai bwomezi ndyabho natabhi ndwali ndia kibhugodhaga bhaniki ka kozo sya polio injo nali sa pesiyako bulema na sa kikubha ndyali ndyakidhuwa bhakabhe bomezi	1			Amba	train	9.176954732510287		False	0.2068965517241379	False	5.008857066131734	0.649746192893401	False
2a714f0f48c3450f78b159dbfd6c6c04	59293	spontaneous-speech-rwm-59293.mp3	23580	5889	Ali mugaso nangeki bhaniki isabho iya tunga kikato?	Ali sa mugaso sini isa bhaniki iya tunga kikato nanga bhakamesya bhakabhupesya kikato ndwali ndia akikilaga sini sini lumba bhaniki bhakubha nabhuoliliku andi bhaniki bhakakilwalaga	1			Amba	train	6.658184902459711		False	0.2528089887640449	False	4.465184177127124	0.3257191201353638	True
839194823957ef6cf0af192facc00f2e	59403	spontaneous-speech-rwm-59403.mp3	26208	5889	Ali mugaso nangeki bhaniki isabho iya tunga kikato?	Kikato injo aki gaidinganga ndwali mabhika aliku mindia akibhokotiaga na polio aliku mindia mindia  aki akibombaga ndia katekani kulungi ati bhakambisaku mubazi sa kikato alika nakimbia ndwali uponi ndia amuli kaki ndia amuli ka kozo andulu ndia akibhaga mugaso ndia akibhaga mugaso sa kikato injo	1			Amba	train	9.615384615384617		False	0.33673469387755106	False	4.2184369519221665	0.1996615905245347	True
14482a129cdad77b883cf44ab8ee2666	59647	spontaneous-speech-rwm-59647.mp3	22140	5889	Ali mugaso nangeki bhaniki isabho iya tunga kikato?	Bhaniki tunga kikato njo ali kulungi ali pulogulam sa gavement kandi akilekaga baniki bhabha fri kutoka ka poliyo kikato ali nungi	1			Amba	train	4.968383017163505		False	0.11811023622047245	False	5.413838768642751	0.8147208121827412	False
aff82a045868be1573431402cd4ccddc	59650	spontaneous-speech-rwm-59650.mp3	12708	5889	Ali mugaso nangeki bhaniki isabho iya tunga kikato?	Injo ali mugaso sa tangiliaku ndwali ndwali mabhika bhia polio na kaselu hamui na ndwali ndietolo poni	1			Amba	train	6.767390620081838		False	0.1515151515151515	False	4.629732854890605	0.4306260575296108	True
09bbee7d294906c21ab763ff5ca35ee2	59658	spontaneous-speech-rwm-59658.mp3	13320	5889	Ali mugaso nangeki bhaniki isabho iya tunga kikato?	baniki bakubu hisaga ka bhikato nanga tunga bulwaye so poliyo bulwaye na kima mamada andulu ndia kidhuwaga babuhisa kabhikato	1			Amba	train	8.033033033033034		False	0.1311475409836066	False	5.094184794106067	0.6852791878172588	False
18df01d60d16de159483408584d06424	59702	spontaneous-speech-rwm-59702.mp3	25020	5889	Ali mugaso nangeki bhaniki isabho iya tunga kikato?	Bhaniki ya tunga bikato akibhuyambaga makanga tunga ndwala ndia abhikibha nakibhuola nibhalia bhaniki andulu bhabombe nibhali na mani ndwali kabika nabhulumbi ndwali asangwe nibhali na mubazi ndia akibhuyamba ndwali injo makanga kalamiliabho	1			Amba	train	8.393285371702637		False	0.3067226890756303	False	4.178742975065925	0.18274111675126903	True
06abe4fdd40392815ffcffabe9ccddfd	57769	spontaneous-speech-rwm-57769.mp3	20808	5890	Kikibhugbelyabe bhoni bhaniki bhalema ndibhali ka kisomo ndia ka Uganda?	injo bhesu gavumente andulu ndia kikiyamba baniki ndibabhesu balema ndibhali ka uganda bhesu kikibusindika aye asome andulu umali abe kulungi	1			Amba	train	5.863129565551711		False	0.1376811594202898	False	4.356844557454433	0.2656514382402707	True
09bbee7d294906c21ab763ff5ca35ee2	58303	spontaneous-speech-rwm-58303.mp3	8676	5890	Kikibhugbelyabe bhoni bhaniki bhalema ndibhali ka kisomo ndia ka Uganda?	Bhalema bhasemelelu bhasomiliye mamoti na bhadabho andulu bhasome nibhatekani	1			Amba	train	7.952973720608575		False	0.1351351351351351	False	4.156208274823126	0.16751269035532995	True
0038f5497f9f2af927e533e85ee33985	58464	spontaneous-speech-rwm-58464.mp3	25200	5890	Kikibhugbelyabe bhoni bhaniki bhalema ndibhali ka kisomo ndia ka Uganda?	Gbeliabhobe bhalema ndia bhalibka ka somo ka uganda ali pesiabho kisomo sa kitelu kasita obha noli nai na bietago ndia akibalibwa ka sukulu kasita obha noli bitago so injo ndia bhalema ali bhinjo alikiliabho ki seluta kindia bhakisobola dhailiabho 	1			Amba	train	8.293650793650794		False	0.28979591836734697	False	4.979214640960953	0.6302876480541455	False
268635e5ac8169d00be91a407e38d7f4	58485	spontaneous-speech-rwm-58485.mp3	14328	5890	Kikibhugbelyabe bhoni bhaniki bhalema ndibhali ka kisomo ndia ka Uganda?	Kikibhugia eti bhuekambe na kisomo anga gavumenti ndia ka Yuganda akifevalingaga nkpa poni abhe mulema na mindiakali mulema bhakisoma ka sukulu moti Kandi bhoponi bhatunga milimo	1			Amba	train	10.678391959798994		False	0.10285714285714287	False	4.152129819162119	0.1649746192893401	True
01afad16deed014c336c39ed0790a0bc	58954	spontaneous-speech-rwm-58954.mp3	20916	5890	Kikibhugbelyabe bhoni bhaniki bhalema ndibhali ka kisomo ndia ka Uganda?	Mulingo moti ali onga na bitongole ndia akitoka gbeliabhobe pesiabho ndia bhakikabha tabhi mbata ndia bhalema, gali ndiasu bhalema na lika nikikibhupesia kima ndia akibhubhuwa ka tuntula.	1			Amba	train	7.697456492637215		False	0.17934782608695654	False	3.990399579704432	0.10152284263959391	True
14482a129cdad77b883cf44ab8ee2666	59102	spontaneous-speech-rwm-59102.mp3	33156	5890	Kikibhugbelyabe bhoni bhaniki bhalema ndibhali ka kisomo ndia ka Uganda?	Bhaniki bhalema bhali ka kisomo ka uganda kiki nsubilya peni penso kalamu kiki nsumbilya bhitabho baga na uniform ndyabho kikinsasulilya sukulu fizi kikintoliya kigambo ndia amambombi bhahhe nkpa moti	1			Amba	train	5.187598021474243		True	0.15228426395939088	False			False
18df01d60d16de159483408584d06424	59110	spontaneous-speech-rwm-59110.mp3	20700	5890	Kikibhugbelyabe bhoni bhaniki bhalema ndibhali ka kisomo ndia ka Uganda?	Bhaniki bhalema ndibha bhali ka kisomo ndia ka uganda kiibhugbeliabe na pabho ndia bhakukozesa  tabhi bhanikia bugali kedh muigo ka masukulu nambali kindia bhakibha nibhalio	1			Amba	train	7.149758454106281		False	0.1941176470588235	False	4.40953552306713	0.29018612521150594	True
ce1fe571c632c175c538f2de6c2f35a4	59351	spontaneous-speech-rwm-59351.mp3	12636	5890	Kikibhugbelyabe bhoni bhaniki bhalema ndibhali ka kisomo ndia ka Uganda?	Bhabha pesie bhabhaise ka sukulu sa kibhoko andulu  haibe alika na kola mikia mbata ka mili	1			Amba	train	5.935422602089268		False	0.05681818181818177	False	4.910572119562291	0.5939086294416244	True
e8eb7188dc741f9c8bd1f3b4b922d0b6	59580	spontaneous-speech-rwm-59580.mp3	23040	5890	Kikibhugbelyabe bhoni bhaniki bhalema ndibhali ka kisomo ndia ka Uganda?	Bhaniki bhalema ndibha bhakibha nibhali mehe ka uganda kili na gbeliabho kobhu ziba eti kibhuongililia sekina andulu kitongole sa gavumenti na ndia kali sa gavumenti kabhumaki mbusa abhuzune ka kima poni ma sukulu ndia bhakivha nibha alikagio bhabiseku ndia akibha nakibhuzuna bhalema	1			Amba	train	10.546875		False	0.2241992882562278	False	4.167754471514379	0.17597292724196278	True
2a714f0f48c3450f78b159dbfd6c6c04	57314	spontaneous-speech-rwm-57314.mp3	23508	5891	Bhunaku ka nsonga sa kisomo atelemi bhoni ka ngonguambili ndianu?	Bhunako ka ngongwa mbili ndiasu adhu bhaniki bhakaye ka kisomo nanga kisomo sa kitelu endindi kalibe amamadha ali kindia okuisaga sente ya sasulai ka bhaniki andulu bhatoke soma	1			Amba	train	6.380806533945891		False	0.12068965517241381	False	4.532628149369032	0.3739424703891709	True
0038f5497f9f2af927e533e85ee33985	57972	spontaneous-speech-rwm-57972.mp3	21528	5891	Bhunaku ka nsonga sa kisomo atelemi bhoni ka ngonguambili ndianu?	Bhunako ka nsonga sa kisomo ka ngongwa mbili atelemi bhio mindia kali na sente miki mindiki endindi kali ka sukulu so ndibhalibe na kikumi andibho ndibha bhalibe na kikumi andibho ndibha bhali ka sukulu ka ngongwa mbili ndie kindiasu	1			Amba	train	9.057971014492754		False	0.37826086956521743	False	3.8822795571149227	0.07360406091370558	True
268635e5ac8169d00be91a407e38d7f4	58041	spontaneous-speech-rwm-58041.mp3	23436	5891	Bhunaku ka nsonga sa kisomo atelemi bhoni ka ngonguambili ndianu?	Ka ngonguwa mbili ndia bhesu  ali lwanisa bhunaku ka mulingo bhiyo ndia kokubanja ali jibe nti buli nkpa agubi koko buli inji ali na koko nanga koko injo bhukusumbesa bhubhuise bhaniki ka sukulu	1			Amba	train	6.8697729988052565		False	0.1518324607329843	False	4.83715441129202	0.5549915397631133	True
01afad16deed014c336c39ed0790a0bc	58298	spontaneous-speech-rwm-58298.mp3	14076	5891	Bhunaku ka nsonga sa kisomo atelemi bhoni ka ngonguambili ndianu?	Ka ngongua mbili ndiasu kisomo ka telemi kulungi ka ka naseke ndia bhanako  no gavumenti u abikisa kisomo sa kitelu ka pulemale kindia bhaniki bhoponi bhakiya  soma ndio kosasuli sente	1			Amba	train	10.869565217391305		False	0.11602209944751385	False	4.594966235326309	0.41624365482233505	True
79c70007d8f4df515b1206bb8d666e7b	58300	spontaneous-speech-rwm-58300.mp3	16920	5891	Bhunaku ka nsonga sa kisomo atelemi bhoni ka ngonguambili ndianu?	Bhunako ka kisomo adhua bhaniki bhamabhika nibhakitunga sente ndia nabho kandi injo bhunako adhuwa bhaniki bha bhamabhika nibhakituka ka soma	1			Amba	train	7.210401891252954		False	0.28985507246376807	False	3.9180938064254827	0.08037225042301184	True
e8eb7188dc741f9c8bd1f3b4b922d0b6	58503	spontaneous-speech-rwm-58503.mp3	23796	5891	Bhunaku ka nsonga sa kisomo atelemi bhoni ka ngonguambili ndianu?	Bhunako ka nsonga sa kisomo ka ngongwa mbili ndiasu endindi aladhu bhakp bhabhokoti bemotibe bhakakitoka isa bhaniki ka sukulu gwake dhani ndia bhesikuku anga koko ndia bhali nai bhagbei kodhai nibhakibisa mikia mbagana ndia akitoka pesia bhaniki  fizi ka  sukulu 	1			Amba	train	9.329299041855776		False	0.1839080459770115	False	4.435215931932639	0.31049069373942473	True
aff82a045868be1573431402cd4ccddc	58778	spontaneous-speech-rwm-58778.mp3	42660	5891	Bhunaku ka nsonga sa kisomo atelemi bhoni ka ngonguambili ndianu?	Mazima kima njo ali zidhi ka ngongwa mbili ndiasu nanga bhakpa ndibha kai ka soma miki mindia ka somi akibikisaga katabanguko ka inji kandi akibhaga nsuma ka inji so dumbi abikisa butabanguko so injo ali kima sa mani abhongi miki asome kabha nibhuli na kima ndia akikigbeliabe kitunge nkpa akigbeliebe bhaninki bhenjo ndia bhakali na sente zike eti bhasomia	0			Amba	train	7.008907641819033		True	0.24293785310734461	False			False
839194823957ef6cf0af192facc00f2e	58901	spontaneous-speech-rwm-58901.mp3	23688	5891	Bhunaku ka nsonga sa kisomo atelemi bhoni ka ngonguambili ndianu?	Bhunako atelemi ka nsong sa kisoma ka sigikilia eti nkpa akibhaga buliliwa kalibe mindia akikabhaga nkpa mindiaki miki mindiaki akome soma bba bhaitu sigikilia eti bhunako andulu ndia akibhutalabaniza na miki makanga gbeliaiku sa gia eti akikabha soma nau dhe otakana na na	1			Amba	train	9.75177304964539		False	0.2777777777777778	False	4.530078887817881	0.3697123519458545	True
06abe4fdd40392815ffcffabe9ccddfd	59051	spontaneous-speech-rwm-59051.mp3	20556	5891	Bhunaku ka nsonga sa kisomo atelemi bhoni ka ngonguambili ndianu?	Bhunako ka ngongwa mbili ndia bhesu u kaliku sini nanga sigikilia eti bhakpa ndiabhaguba koko nibhakibhuosa bhaniki ndibhabho ka kisomo endindi bhaniki ndibhabho bhagbei soma bhakali bhagei zwala endindi bhunako kaliku sa giq eti nkpa akibonabona sini bba	1			Amba	train	10.605176104300448		False	0.2579365079365079	False	3.969736141724296	0.09813874788494077	True
18df01d60d16de159483408584d06424	59410	spontaneous-speech-rwm-59410.mp3	20916	5891	Bhunaku ka nsonga sa kisomo atelemi bhoni ka ngonguambili ndianu?	Bhunaku ka ngogwabili adhu bhebemoti nibhakisagwa bhisa maniki ka sukulu amabhogaga kidia makilika nimakisoma kandi adhudulu bhakasome	1			Amba	train	5.641614075349015		False	0.08396946564885499	False	5.066234725262861	0.6717428087986463	False
09bbee7d294906c21ab763ff5ca35ee2	59435	spontaneous-speech-rwm-59435.mp3	11916	5891	Bhunaku ka nsonga sa kisomo atelemi bhoni ka ngonguambili ndianu?	Aaaa ndia ndia ndia nkpa asemelelu kolai sabite nali kaya dhakililiai ali ku ali kwitekaniza tandika aah wiki ndietolo na bha noku nkpa nakiekolilia pulogulamu ndiaki sa jibe nti andiki ndia akiya kolai ka wiki ndia akiya tandikai.	1			Amba	train	16.280631084256463		False	0.25	False	4.878926634849236	0.5744500846023689	True
e8eb7188dc741f9c8bd1f3b4b922d0b6	57557	spontaneous-speech-rwm-57557.mp3	25920	5892	Onitolyebe sa tolo ndie otungiliaku simu ndiako ndiakateketa.	Ka tolo sa teketa enai simu ndiamo ndie nituga katolo njo nibha ninili na dhedheluwa sini sini nikibweka bha nanami bhejo adibho bhasukulu na bhaniki bhoponi ndibhetolo nibhakilika tebiagami ti emi dhedheluwa ndia bhabhe menjo tolo injo abha sa mani	1			Amba	train	8.101851851851851		False	0.19512195121951215	False	4.881263431339326	0.5761421319796954	True
01afad16deed014c336c39ed0790a0bc	57722	spontaneous-speech-rwm-57722.mp3	13500	5892	Onitolyebe sa tolo ndie otungiliaku simu ndiako ndiakateketa.	Ndie nitunga simu ndia kateketa nidhedhelua sini yenilikaga ninigbei kakibhoko andulu bhakpa bhanitangie nai	1			Amba	train	7.037037037037037		False	0.03809523809523807	False	4.562930165943455	0.3917089678510998	True
268635e5ac8169d00be91a407e38d7f4	58193	spontaneous-speech-rwm-58193.mp3	21636	5892	Onitolyebe sa tolo ndie otungiliaku simu ndiako ndiakateketa.	Ndie nisumba simu ndiamo ndia sa teketa abhi ka muaka ndiaka  nkumi bhali na mwenda ninidhaki sinia ndia kenkaga simu injo nibhikilikaga telilia bia bhakpa nibhi kibisagabe bulikolo minatisi nitelilia buli bkpa mindie nimbalio kionga dhakia saha poni	1			Amba	train	9.79848400813459		False	0.1659919028340081	False	5.391851862187233	0.8062605752961083	False
06abe4fdd40392815ffcffabe9ccddfd	58508	spontaneous-speech-rwm-58508.mp3	16380	5892	Onitolyebe sa tolo ndie otungiliaku simu ndiako ndiakateketa.	Injo kikitoka nanga nili na  tolo mamadha ninki sumba simu kikioka jibheti endindi yo inki toka toliyako nanga anibusukana na tolosi poni anibusukana	1			Amba	train	7.6923076923076925		False	0.18493150684931503	False	5.44038136749249	0.8265651438240271	False
2a714f0f48c3450f78b159dbfd6c6c04	58707	spontaneous-speech-rwm-58707.mp3	40140	5892	Onitolyebe sa tolo ndie otungiliaku simu ndiako ndiakateketa.	Simu ndiamo ndia kateketa midia asumba kami ali munya miki mindiamo mindia amwami aguleki mindiamo no tolo ndie nitungaku simu injo dhedhelua ndie nibha ninili nai iba ninidhedhelua simu yanisagaga na gbai na kolisai doisa kindia  bhanipesia magezi nimbale mindia aibio nanga bwile injo bhakpa bhamamadha bhabhakekevhe nivhali na simu ninkitandika gbagbata mindia akiniegesa	1			Amba	train	7.972097658196313		True	0.23719676549865232	False			False
79c70007d8f4df515b1206bb8d666e7b	58877	spontaneous-speech-rwm-58877.mp3	26460	5892	Onitolyebe sa tolo ndie otungiliaku simu ndiako ndiakateketa.	Simu ndiamo nisumbilia ka mobailo sopu uganda ka Kampala kuwo abha nali aivoni siki esi kandi  injo simu nisa ka iji bhakpa bhoponi nibha kigia eti simu injo ali ndia bei ninki gia eti ekitodha sumba ndietolo	1			Amba	train	6.462585034013605		False	0.13170731707317074	False	5.149217633711357	0.7047377326565144	False
0038f5497f9f2af927e533e85ee33985	59026	spontaneous-speech-rwm-59026.mp3	23256	5892	Onitolyebe sa tolo ndie otungiliaku simu ndiako ndiakateketa.	Simu ndiamo ndia kateketa nitunga nkumi bhali na mulu salo endindisio alaundi nili na mwak abili na mulusalo laini nibhaga nai ndulu	1			Amba	train	4.77296181630547		False	0.13953488372093026	False	4.946583583026387	0.6142131979695431	False
18df01d60d16de159483408584d06424	59217	spontaneous-speech-rwm-59217.mp3	17640	5892	Onitolyebe sa tolo ndie otungiliaku simu ndiako ndiakateketa.	Kala ndie nitungiliaku simu ndiamo ndia kateketa nidhedhelia sini sini nanga nibhi ndie kigbeimbebe simu ndiamo ndiamo oiyoho yenikozesaga ndia bhakpa ndibhekina ka tela	1			Amba	train	8.276643990929704		False	0.21084337349397586	False	4.354073164067864	0.2639593908629442	True
839194823957ef6cf0af192facc00f2e	59489	spontaneous-speech-rwm-59489.mp3	12060	5892	Onitolyebe sa tolo ndie otungiliaku simu ndiako ndiakateketa.	Njo edindi kikitoka toliako nanga  gia eti bwile ndie nitungiliaku nidie nitungiliaku duwa ne endidni kindie niliyo  alebiya kikitoka kaniliai bba	1			Amba	train	10.281923714759536		False	0.2097902097902098	False	5.136435089613112	0.7021996615905245	False
aff82a045868be1573431402cd4ccddc	59675	spontaneous-speech-rwm-59675.mp3	11160	5892	Onitolyebe sa tolo ndie otungiliaku simu ndiako ndiakateketa.	Ndyeni tunga simu neyokiya nili kulungi nanga nitunga kima samani sa hongilyabe na bataidami	1			Amba	train	7.078853046594982		False	0.0561797752808989	False	5.153769221710561	0.7072758037225042	False
aff82a045868be1573431402cd4ccddc	57522	spontaneous-speech-rwm-57522.mp3	53136	5893	Ali mulimo tina sa nsi ndiasu ndiagbeibe kisomo sa iba sa kibhoko na kisembo sa bhokotyana?	Mulimo sa kisomo injo ali ali ali ali alu kola kima ndia ali ka ngalo bhia mbata tai injo oibe kyalika oibe na gbogbota ndabho tai injo injo ali mugaso ndiasu nanga nkpa mindia ka soma kakisobola kima injo sa kolai so nkpa kasoma injo poni akisobola kolai nanga endindi milomo ndia alibe endindi ali sa kozesa mani ndiako na na kibhoko ndiako	1			Amba	train	5.269497139415838		True	0.35398230088495575	False			False
268635e5ac8169d00be91a407e38d7f4	57596	spontaneous-speech-rwm-57596.mp3	18216	5893	Ali mulimo tina sa nsi ndiasu ndiagbeibe kisomo sa iba sa kibhoko na kisembo sa bhokotyana?	Kobha noli na kisembo ndiako sa bhokotiani, ali sa mugaso sini okozese kisembo injo bhia eti okozesiya otungi sente kandi sente ndia akukuyamba ka ka kima ndia akukubhuwa ka bhunaku.	1			Amba	train	8.399209486166008		False	0.1899441340782123	False	4.682888282207863	0.46785109983079526	True
839194823957ef6cf0af192facc00f2e	57963	spontaneous-speech-rwm-57963.mp3	25668	5893	Ali mulimo tina sa nsi ndiasu ndiagbeibe kisomo sa iba sa kibhoko na kisembo sa bhokotyana?	Milimo ndie kikigiaga ali sigikilia eti soma kakulema okuya gba nsuka otandike kola nanga sigikilia eti kalibe mulimo ndiekina ndie kikikolaga andibkola ukaka ndie kili nai kansi andulu kisembo ndia Mambombi akipesia kalibe ndiekina bba	1			Amba	train	7.869721053451768		False	0.23605150214592274	False	4.528927946069641	0.3680203045685279	True
06abe4fdd40392815ffcffabe9ccddfd	58446	spontaneous-speech-rwm-58446.mp3	16956	5893	Ali mulimo tina sa nsi ndiasu ndiagbeibe kisomo sa iba sa kibhoko na kisembo sa bhokotyana?	Injo akibhaga kisomo mukama akibhaga ndie naibio baitu endindio nanga bhabhoti biabho bhasoboka nibhakiya bhesu nibhakembe  namugaso kalibho	1			Amba	train	7.195093182354329		False	0.10948905109489049	False	4.744918738724164	0.5042301184433164	True
18df01d60d16de159483408584d06424	58545	spontaneous-speech-rwm-58545.mp3	19260	5893	Ali mulimo tina sa nsi ndiasu ndiagbeibe kisomo sa iba sa kibhoko na kisembo sa bhokotyana?	Mulimo ndia agbeibe kisomo aa na iba sa kibhoko na kisembo sa bhokotyana ali mulimo sa kola na nsuka nanga andulu ndia telemesibe nsi ndiasu yoho	1			Amba	train	6.230529595015576		False	0.147887323943662	False	4.717968606486918	0.4873096446700508	True
14482a129cdad77b883cf44ab8ee2666	58586	spontaneous-speech-rwm-58586.mp3	19656	5893	Ali mulimo tina sa nsi ndiasu ndiagbeibe kisomo sa iba sa kibhoko na kisembo sa bhokotyana?	Ali zibe eti bhaniki ndibhasu bhai ka kisomo soma bhakitunga magezi bhakigbeliiana ka kibhoko ka sasulu sukulu fizi nga bhanyaluganda bhoponi	1			Amba	train	6.155881155881156		False	0.1159420289855072	False	4.516104228084808	0.36125211505922167	True
79c70007d8f4df515b1206bb8d666e7b	58902	spontaneous-speech-rwm-58902.mp3	16308	5893	Ali mulimo tina sa nsi ndiasu ndiagbeibe kisomo sa iba sa kibhoko na kisembo sa bhokotyana?	Mulimo injo ali na bhako dokita na bhako cleaner il andulu injo bhali ndia ali kibhoko na kisembo sa bhokotiana ndia ka nsi yoho	1			Amba	train	6.438557763061074		False	0.17600000000000005	False	4.479866315989454	0.3316412859560068	True
0038f5497f9f2af927e533e85ee33985	59005	spontaneous-speech-rwm-59005.mp3	25668	5893	Ali mulimo tina sa nsi ndiasu ndiagbeibe kisomo sa iba sa kibhoko na kisembo sa bhokotyana?	Haa mulingo sa sa isa kisomo sa ndia agbeibe kisomo sa bhaniki sa kibhoko na kisomo sa bhokotiana injo moti sa kisomo sa isa sa isa kisomo sa kisomo sa bhokotiana kibhoko osemelelubl iyako ka tekeniko bhakuegese osomilile 	1			Amba	train	7.168458781362007		False	0.410958904109589	False	4.668526670621575	0.45854483925549916	True
7b8ce0a081d9ccda7626927c5eec42d2	59104	spontaneous-speech-rwm-59104.mp3	17460	5893	Ali mulimo tina sa nsi ndiasu ndiagbeibe kisomo sa iba sa kibhoko na kisembo sa bhokotyana?	Sa siba ngu akibhupesiaga bhaniki nkpa nkpa poni ka kwebombisa akidhuwaga nkpa kabhokotiana akibaga eti kima poni akimuyamba.	1			Amba	train	6.185567010309278		False	0.14754098360655743	False	4.3314540019224665	0.2512690355329949	True
ce1fe571c632c175c538f2de6c2f35a4	59282	spontaneous-speech-rwm-59282.mp3	4500	5893	Ali mulimo tina sa nsi ndiasu ndiagbeibe kisomo sa iba sa kibhoko na kisembo sa bhokotyana?	Alibe halika ndabho na samba mupila	1			Amba	train	6.666666666666667		True	0.0	False			False
e8eb7188dc741f9c8bd1f3b4b922d0b6	59476	spontaneous-speech-rwm-59476.mp3	26820	5893	Ali mulimo tina sa nsi ndiasu ndiagbeibe kisomo sa iba sa kibhoko na kisembo sa bhokotyana?	Nsi ndiasuo sa ibai milimo  ndia akibha nagbananibe sa kisomo sa kibhoko kolisa kibhoko na kisembo ndia akibha nali sa bhokotiana alikau kindia okutkana endindi bhaniki nibha gbei alikagai ndabho ndia akibha nali amabhonga nokutakana bhakpa nibhagbei sumbagai ngwa nguwa bhuwaiku kikuku na ddilisa na kima poni poni na alibe bhaniki ndibha bhaibi kolaibe sa masanyalazi	1			Amba	train	11.670395227442206		False	0.29508196721311475	False	4.691982628800823	0.4746192893401015	True
2a714f0f48c3450f78b159dbfd6c6c04	59660	spontaneous-speech-rwm-59660.mp3	15156	5893	Ali mulimo tina sa nsi ndiasu ndiagbeibe kisomo sa iba sa kibhoko na kisembo sa bhokotyana?	Ali mulimo sa asili ndia agbeibe kisomo na iba sa kibhoko na kisembo sa bhokotiana 	1			Amba	train	4.486671945104249		False	0.11250000000000004	False	4.724755904158837	0.4906937394247039	True
09bbee7d294906c21ab763ff5ca35ee2	59741	spontaneous-speech-rwm-59741.mp3	18720	5893	Ali mulimo tina sa nsi ndiasu ndiagbeibe kisomo sa iba sa kibhoko na kisembo sa bhokotyana?	Nadhaki soma akiya aye aye nadhaki soma aye ayegesie kima sa kibhoko andulu kima amuzibisie naye ali na kima ndia akibhabe bhaitu kisomo	1			Amba	train	6.08974358974359		False	0.2556390977443609	False	5.062061213186349	0.6708967851099831	False
2a714f0f48c3450f78b159dbfd6c6c04	57274	spontaneous-speech-rwm-57274.mp3	20880	5894	Ali mugaso nangeki ganilya bhotuako mindia akusobhilio?	Ali mugaso ganilia bhotuako mindia akusobhililio nanga newe Mambombi ada kukuganilia bhinjo sigikilia nesi newe onganili bhotuako	1			Amba	train	5.411877394636016		False	0.17460317460317465	False	5.1552495016565425	0.7089678510998308	False
268635e5ac8169d00be91a407e38d7f4	57327	spontaneous-speech-rwm-57327.mp3	24228	5894	Ali mugaso nangeki ganilya bhotuako mindia akusobhilio?	Ali sa mugaso sini ganyilia bhotuako mindia akusobhilia nanga konyayilia dumbi kiniga akukusiagabe ndia kebhali konganyilia nkpa dumbi nkolagana ndia bhenu akitigaga nakiya ka mumaiso ngoku bhutululi nibhukukolagana ndia kesalo ganyilia abhongia nanga Bbaibuli bhia bhesu bha kulisitayo kisemelelu kiganyilie bhakpa bhoponi ndibha bhakisobhikilia	1			Amba	train	12.506191183754334		False	0.22448979591836737	False	4.668007336751398	0.45685279187817257	True
18df01d60d16de159483408584d06424	57498	spontaneous-speech-rwm-57498.mp3	28908	5894	Ali mugaso nangeki ganilya bhotuako mindia akusobhilio?	Nkpa kakusobhililia oli na ganiliaki nanga alibe ndio okudunaga nkpa asobola  sobhililiako ndia kakugendelili baitu edulane nakusobhilili ati nkpa mabhinjo oli na ganyiliaki andulu naye aibe ngu gayilia ali na mugaso nanga ndio kungayili mulima akibha namuluzukani naye akilika naibi eti kanyilia kabhongi	1			Amba	train	9.06323509063235		False	0.2549668874172185	False	5.181491570077144	0.7208121827411168	False
839194823957ef6cf0af192facc00f2e	57791	spontaneous-speech-rwm-57791.mp3	23688	5894	Ali mugaso nangeki ganilya bhotuako mindia akusobhilio?	Nkpa okubanjaga ongbabe nsobi ndia kokubanja kungbabe ndia kebhali andulu andulu ndio okuntoliaga dumbia ndia kesalo dumbi odhue dhani kidhuane nanga uma kibhuaku bunanzigua bulikilo sobhiliami bulikilo sobhililiami dumbi okucwagaku onganilia bhotuako  injo ka mulinjo mabhinjo	1			Amba	train	10.173927727119215		False	0.21897810218978098	False	5.31674507813583	0.7808798646362098	False
79c70007d8f4df515b1206bb8d666e7b	57941	spontaneous-speech-rwm-57941.mp3	25488	5894	Ali mugaso nangeki ganilya bhotuako mindia akusobhilio?	Bhotwako mindia akusobheleli okitoka ganyiliaki nanga mumaso kuwo koku ibaga nambeli okuntakana dumbi wetage bhuyambi ndiaki kandi olinaganyiliaki nanga Yesu akitoliya eti kibhuganyilie bhakpa	1			Amba	train	6.6305712492153175		False	0.1428571428571429	False	5.428850297516263	0.823181049069374	False
aff82a045868be1573431402cd4ccddc	58279	spontaneous-speech-rwm-58279.mp3	11808	5894	Ali mugaso nangeki ganilya bhotuako mindia akusobhilio?	Injo kibuliyo kikengi kulungi nanga alibhe nyuguta ndyekihibhi ka kwamba	1			Amba	train	5.335365853658537		False	0.02898550724637683	False	5.594485810369417	0.868020304568528	False
0038f5497f9f2af927e533e85ee33985	58289	spontaneous-speech-rwm-58289.mp3	18000	5894	Ali mugaso nangeki ganilya bhotuako mindia akusobhilio?	Ali mugaso ganyilia bhotuako ndia akusobhilia na ka Bbaibuli alikua dhe Yesu naye abhuganilia ndibha nkola zidhi	1			Amba	train	5.333333333333333		False	0.05504587155963303	False	5.289323811825645	0.7698815566835872	False
e8eb7188dc741f9c8bd1f3b4b922d0b6	58535	spontaneous-speech-rwm-58535.mp3	25920	5894	Ali mugaso nangeki ganilya bhotuako mindia akusobhilio?	Mugaso ndia ali ka kima sa ganilia bhotuami mindia anisobhilio moti bhikiesikanaku ali to zibe eti kubhotu injo kaweleli natuti akilikabe nalia kiya na musa dhi na dhi miki mindia bhotuami alieke naibi inji ndia bhotuami na mindiamo aliee naibi nji ndia bhotuami	1			Amba	train	8.487654320987653		False	0.28185328185328185	False	5.310923119722743	0.7783417935702199	False
01afad16deed014c336c39ed0790a0bc	58547	spontaneous-speech-rwm-58547.mp3	16200	5894	Ali mugaso nangeki ganilya bhotuako mindia akusobhilio?	Ali sa mugaso ganyilia dako mindia akusobhililio  nanga na Bbaibuli akigia eti onganilie dako mindia akusobhililio toli ali sa mugaso dhe andulu bhulike ka mpempa	1			Amba	train	8.456790123456791		False	0.22012578616352196	False	4.882263211302281	0.577834179357022	True
09bbee7d294906c21ab763ff5ca35ee2	59055	spontaneous-speech-rwm-59055.mp3	15876	5894	Ali mugaso nangeki ganilya bhotuako mindia akusobhilio?	Ali na mugaso nanga lika na nkpa nibhuakani ka kyalo ka kyalo kabhongi bba so osemelelu onganilie nkpa dumbi nabho bhalike nibhaibi eti nanga minjo akibhaga na ngeso mamada akibhuganyiliaga bhakpa	1			Amba	train	10.456034265558076		False	0.1658031088082902	False	3.9419160747225237	0.08714043993231811	True
ce1fe571c632c175c538f2de6c2f35a4	59311	spontaneous-speech-rwm-59311.mp3	15120	5894	Ali mugaso nangeki ganilya bhotuako mindia akusobhilio?	Nkisa bhakpa ka kukpaka na li  na jibha bhakpa bheponi bhali nkpa moti ka kola mulimo ndiabho bhali ka businge na ganyilianaga ka ku Mambombi 	1			Amba	train	7.671957671957672		False	0.16546762589928055	False	3.8888085064882003	0.07529610829103214	True
18df01d60d16de159483408584d06424	57806	spontaneous-speech-rwm-57806.mp3	25308	5895	Kisomo abisibe eki ka kumeisa na bhelyaibe ka ngonguambili ndianu?	Kisomo ka ngongwa mbili ndiasu abisibe kumeisa  nanga bhaniki ndibhasomio bhali na milimo ndia bhagbei kolai ka ngongwa mbili kenjo moti kowabho ndibhadhaki bujanjabi bhali na  hanikia kiliniki ati endindi okudulana bhikilia kiya dhanga kabha bujanjabi	1			Amba	train	8.495337442705864		False	0.2168674698795181	False	4.031971868732764	0.11505922165820642	True
268635e5ac8169d00be91a407e38d7f4	57845	spontaneous-speech-rwm-57845.mp3	20880	5895	Kisomo abisibe eki ka kumeisa na bhelyaibe ka ngonguambili ndianu?	Soma kisomo akoli mugaso sa mani nanga nkpa bhakpa ndibha bhasomia bhalikolaga mulimo sa egesa bhakpa ka kyalo ndia bhesu ka kima ndia semelelu kolai zibe eti bhebombisia ja inji ndiabho	1			Amba	train	7.471264367816092		False	0.14754098360655743	False	3.711127902210845	0.02622673434856176	True
2a714f0f48c3450f78b159dbfd6c6c04	57969	spontaneous-speech-rwm-57969.mp3	35568	5895	Kisomo abisibe eki ka kumeisa na bhelyaibe ka ngonguambili ndianu?	Ka kumeisa na bheliaibe ndiasu ka ngongwa mbili  ndiasuabikisibe bia kima ndia  kateketa bhaniki ndibhe bhasomio bhahalikagi ndahbho mabhongaga ndibhetolo bhasumbagi ma motoka toli nkpa kalwala kakitalibanga bhakinkumbaga bhaiya bhankisia kindia bhakinjanjabilia	1			Amba	train	6.438371569950518		True	0.16988416988416988	False			False
06abe4fdd40392815ffcffabe9ccddfd	57986	spontaneous-speech-rwm-57986.mp3	28728	5895	Kisomo abisibe eki ka kumeisa na bhelyaibe ka ngonguambili ndianu?	Kisomo abikisebe kima sa nkulankulana nanga buli kima poni endindio bhakpa buli nkpa wena ali ka kisomo kandi akasomesa miki mindiaki nanga umali andulu miki mindiaki abhebe ebhesiebe nkumi nanga endindio iba bhakpa kisomo endindio buli ali kabisa miki mindiaki ka sukulu	1			Amba	train	8.006126427179058		False	0.3395522388059702	False	4.84964445020077	0.562605752961083	True
0038f5497f9f2af927e533e85ee33985	58142	spontaneous-speech-rwm-58142.mp3	24876	5895	Kisomo abisibe eki ka kumeisa na bhelyaibe ka ngonguambili ndianu?	Kisomo ka ngongwa mbili abikisibei mbaganiza kima ndia yabhibei ingbe kandulu ndia alibe endindisio hati endindisio kisomo abisibei kala masanyalazi  kabhi ka kyalo bhaitu endindi alikua sigikilia miki kisomo ndiaki masukulu bhahalikia ndia kali sa gavumenti ndia nkpa na bukpa habwa kisomo endindi ka kicweka kima poni ali bia-bia	1			Amba	train	11.336227689339122		False	0.23170731707317072	False	4.578470789742097	0.4077834179357022	True
839194823957ef6cf0af192facc00f2e	58235	spontaneous-speech-rwm-58235.mp3	25488	5895	Kisomo abisibe eki ka kumeisa na bhelyaibe ka ngonguambili ndianu?	Eh abisibe kima biyai nanga sigikilia eti endindi nkpa mindia asomi akibhagabe naaa na mbaganija ndia bhakpa kima kima kyalo poni kindia kisomo kali kakibhaga kulungi kandi  ndia adhu kisomo nakigbeililibe sini-sini endindi ka ngonguwa mbili ndiasu.	1			Amba	train	8.317639673571877		False	0.18292682926829273	False	4.433384441416078	0.3079526226734349	True
01afad16deed014c336c39ed0790a0bc	58396	spontaneous-speech-rwm-58396.mp3	24300	5895	Kisomo abisibe eki ka kumeisa na bhelyaibe ka ngonguambili ndianu?	Oo adhuwa bhakpa nibha kikola ngudhe govumenti nakikola ngudhe ka ngogwabili ndiasu nibha kikolaku aaa nibha kibisaku masukulu nibhakibisaku butale nibhakibisaku bhitogole ndia kali sa gavumenti sa tendeka bhakpa milimo sa kibhoko	1			Amba	train	8.189300411522634		False	0.3215859030837004	False	4.248983696575996	0.21065989847715735	True
7b8ce0a081d9ccda7626927c5eec42d2	59258	spontaneous-speech-rwm-59258.mp3	19188	5895	Kisomo abisibe eki ka kumeisa na bhelyaibe ka ngonguambili ndianu?	Soma ayambibe kumesa bhaniki nanga bhaki bhaka kiekozesa kwebisabe bizinesi sumbesa bhadabho na tunga ofokamu sa loni ndia bhakitungaga musala ndiabho bhaibi kesi bizinesi akiya    bhaibi nesi pologulamu akikola bhakikol ndia bhaibio   	1			Amba	train	10.37106524911403		False	0.23175965665236054	False	4.766904654550948	0.5169204737732657	True
aff82a045868be1573431402cd4ccddc	59380	spontaneous-speech-rwm-59380.mp3	44388	5895	Kisomo abisibe eki ka kumeisa na bhelyaibe ka ngonguambili ndianu?	Kisomo abikisibe nkula kulana ka ngongwa mbili ndiasu bhakpa bhaniki bhasomia kandi na ndibhetolo bhali na milimo bhakiegesaga menjo ka sukulu na bhazaile nabho bhaka bisabe lieli niabho bhakabisabe nanka lieli ndiabho kedha kima ndiabho sa sumbesa hhh bhatua sukulu bhakibika bhasumbesa nanga nkpa ndia kali na mulimo  kakisobola sumba kima ndietolo kedha kima poni bhaitu nkpa akisumba kima poni	1			Amba	train	7.592142020365865		True	0.3223350253807107	False			False
09bbee7d294906c21ab763ff5ca35ee2	59701	spontaneous-speech-rwm-59701.mp3	14616	5895	Kisomo abisibe eki ka kumeisa na bhelyaibe ka ngonguambili ndianu?	Ka ngongwa mbili ndia bhesu abikisi lbe kwetegeleza nanga miki akilikaga naibi eti minjo ali nanka minjo ali aka so kisomo abikisibe kima injo	1			Amba	train	8.14176245210728		False	0.14388489208633093	False	4.192090736390474	0.18697123519458544	True
2a714f0f48c3450f78b159dbfd6c6c04	57279	spontaneous-speech-rwm-57279.mp3	19800	5896	Bhalemi bhakikola eki sakimila bhakpa lika kwebhingiya yau kindia bhakisomilya ka kyalo ndianu?	Bhalimi bhali na mamikanaku bhakpa ndibha ka ngongwa mbili andulu bhatoke iba andiki ndia agbeibe kisomo dumbi andulu bhebhingiage  yau kindia bhakisomiliaga ka ngongwa mbili ndiasu	1			Amba	train	7.828282828282828		False	0.2247191011235955	False	3.7258354854392657	0.02961082910321489	True
06abe4fdd40392815ffcffabe9ccddfd	57525	spontaneous-speech-rwm-57525.mp3	18360	5896	Bhalemi bhakikola eki sakimila bhakpa lika kwebhingiya yau kindia bhakisomilya ka kyalo ndianu?	Bhalemi ali lika nibhakibhubumba-bumba bhakpa nanga bhakakubisa ka bulemi injo okuibaga eti bhakupi anduwe muha sabho kandi okulika nokubhubumba-bumba andulu bhakalakiguwa ka nsobi	1			Amba	train	8.60566448801743		False	0.192090395480226	False	5.162286617997617	0.7106598984771574	False
14482a129cdad77b883cf44ab8ee2666	57535	spontaneous-speech-rwm-57535.mp3	32076	5896	Bhalemi bhakikola eki sakimila bhakpa lika kwebhingiya yau kindia bhakisomilya ka kyalo ndianu?	Bhalemi bhenjo bhakikabha hhh bhatekage  bilango ka laso ndia ledio bhalemi bhenjo  hakikabha bhahandilage positiza nibhabisa ka nesiyo bhalemi bhenjo hhh bhakikabha bhayage ka inji ndia bhakpa bhenjo ndabho ka ndabho ndabho ka ndabho	1			Amba	train	6.204015463274723		False	0.3982683982683982	False	5.075393764977308	0.6751269035532995	False
ce1fe571c632c175c538f2de6c2f35a4	57793	spontaneous-speech-rwm-57793.mp3	20088	5896	Bhalemi bhakikola eki sakimila bhakpa lika kwebhingiya yau kindia bhakisomilya ka kyalo ndianu?	Bhatekete bha alike sukulu bhabisebe bhasomesa bhasasule bhasomesa sente mabhonga bhabikise bitabo mabhonga bhabisebe pologulamu sa lieli	1			Amba	train	6.023496614894464		False	0.26119402985074625	False	5.18237031954686	0.7216582064297801	False
268635e5ac8169d00be91a407e38d7f4	57826	spontaneous-speech-rwm-57826.mp3	18900	5896	Bhalemi bhakikola eki sakimila bhakpa lika kwebhingiya yau kindia bhakisomilya ka kyalo ndianu?	Bhalimi bhasemelelu bhaye bhabikage bhakpa nibhagbei toliabho kima mabhonga ndibha semelelu kolai ka kyalo ndiabho kedha bhayage ka masukulu bhabhuegesage ka milimo ka kima ndia bhasemelelu kolai ka komunite	1			Amba	train	9.47089947089947		False	0.2941176470588235	False	3.8055205603135667	0.048223350253807105	True
0038f5497f9f2af927e533e85ee33985	57903	spontaneous-speech-rwm-57903.mp3	23220	5896	Bhalemi bhakikola eki sakimila bhakpa lika kwebhingiya yau kindia bhakisomilya ka kyalo ndianu?	Bha bhalemi bha bha bhali na zoka eti bhabhutoli bhakpa ndibhabho ka kicuweka kedha bhatunguwa ndihabho kima ndia akibha nakiya ka mumaiso nibhakibhusobolola na mugasosi ndia kidhuwa nibhakiyaku nanga mulemi osemelelu  bhe obha noibi ongiliq bhatungua ndibhabho	1			Amba	train	9.646856158484066		False	0.2674418604651163	False	3.9535475418391686	0.09052453468697123	True
e8eb7188dc741f9c8bd1f3b4b922d0b6	58281	spontaneous-speech-rwm-58281.mp3	24588	5896	Bhalemi bhakikola eki sakimila bhakpa lika kwebhingiya yau kindia bhakisomilya ka kyalo ndianu?	Bhalemi ka zuzukesa bhakpa ka kyalo ndiasu ali zibe eti bhateketi toliabho ali tolo tina mbamba yalikagabho ka kisomo ndia bhakiya ya somai aliku kima tina ndia bhakibhutolua eti kikiya ya somai injo bhabike yabhoku nibhaibi mugaso sa kima ndia bhakiya somai	1			Amba	train	8.825443305677567		False	0.26274509803921564	False	4.83128561501378	0.5473773265651438	True
09bbee7d294906c21ab763ff5ca35ee2	58637	spontaneous-speech-rwm-58637.mp3	10296	5896	Bhalemi bhakikola eki sakimila bhakpa lika kwebhingiya yau kindia bhakisomilya ka kyalo ndianu?	Bhakpa bhasemelelu bisabe kikalo kindia bhakilika somiiabho andulu bhaibe eti kikisomiliqga moisi  tolo eyo ne eyoho	1			Amba	train	9.712509712509712		False	0.06194690265486724	False	4.64012160884997	0.4373942470389171	True
18df01d60d16de159483408584d06424	59625	spontaneous-speech-rwm-59625.mp3	22428	5896	Bhalemi bhakikola eki sakimila bhakpa lika kwebhingiya yau kindia bhakisomilya ka kyalo ndianu?	Nkpa kwbhingia ambali kindia akisomilia lia  yau ka kyalo kima ndia kateketa ali atekete atunge makulu ndia akumwekia  nambali kindia akibha aka kabhibuaki  nakikalo ali bhaibe ndia bhatekanizio mbamba somiliaga	1			Amba	train	7.981095059746745		False	0.21634615384615385	False	5.057543273807396	0.6692047377326565	False
79c70007d8f4df515b1206bb8d666e7b	57461	spontaneous-speech-rwm-57461.mp3	19296	5897	Pesyana ganyo ali na mugaso bhoni kowa bhaniki ndibhasu?	Pesiana injo akitoka egesa baniki ndibhasu kiti ka mumaiso kuwo bhakietaga bhoponi pesiabhobe kandi  baniki ndibhasu bakitoka bhabho tabhi Yesu Kilisito	1			Amba	train	6.788971807628524		False	0.15436241610738255	False	4.634201728845701	0.4323181049069374	True
14482a129cdad77b883cf44ab8ee2666	57514	spontaneous-speech-rwm-57514.mp3	31788	5897	Pesyana ganyo ali na mugaso bhoni kowa bhaniki ndibhasu?	Pesiano gano ali kulungi bhaniki bhakiegaga hhh tolo ndia kela bhaniki bhakieaga kitinisa bhanukuabho bha ama ndiabhob bhatatako bhakela bhakiokaga katuka ka bhazaile ndiabho so ganyo ali na mugaso mamadha	1			Amba	train	5.536680508367938		False	0.24752475247524752	False	4.979229367824076	0.6311336717428088	False
aff82a045868be1573431402cd4ccddc	57671	spontaneous-speech-rwm-57671.mp3	63576	5897	Pesyana ganyo ali na mugaso bhoni kowa bhaniki ndibhasu?	Mugaso ndia ali ka ganyo nanga bhukuteketaga bhulika bhumesi likanu dumbi bhutandika pesiana ganyo hati bhaniki bhenjo bhakibhaga nibhali menjo nibhali imamoti nibhudhedhanuwe kandi nibhakiba ndia bhakaibi nokubhutolia nanga ganyo injo aliku message ndia abhegio ndia bhakala bhabhi nibhakikolaga kobhulikqga miki akibhaga nadhedhelu oka kima ndia oli ka onga naye oka ndia kaibi nanga miki mindia kakisobola lika na abaki na amaki minjo kakisobola lika netelwjelei kandi kakisobola egaki kandi kakisobola onga kima ndia amaddhia	1			Amba	train	7.156788725305146		True	0.38593155893536124	False			False
0038f5497f9f2af927e533e85ee33985	57936	spontaneous-speech-rwm-57936.mp3	25236	5897	Pesyana ganyo ali na mugaso bhoni kowa bhaniki ndibhasu?	Pesiana ganya ka bhaniki ndibhasu ali na mugaso akukusomesagaku kima mabhika bhaitu endindisio bhaniki ndibhe endidi bhakaibi ganya andiki bhaitu yoho ganya bhakusomesaga bha amasu na bhatata bhasu bha anisa ndie tandikintangiai so mugaso sa ganya alin kisomo kalica zoke eti kima yoho kosemelelu kolai kosemelelu kolai	1			Amba	train	10.817879220161672		False	0.29430379746835444	False	4.6343833710327145	0.43316412859560066	True
06abe4fdd40392815ffcffabe9ccddfd	58094	spontaneous-speech-rwm-58094.mp3	19728	5897	Pesyana ganyo ali na mugaso bhoni kowa bhaniki ndibhasu?	Injo akubhaga kubhotu ndia bhaniki bhakagonjana andulu  ndio okudunaga nibhakapesian eki nibhakapesiana ngoye nanga kubhotu akitukqga ka bhaniki gonjana	1			Amba	train	6.741686942416869		False	0.25503355704697983	False	4.508546618104671	0.35194585448392557	True
e8eb7188dc741f9c8bd1f3b4b922d0b6	58128	spontaneous-speech-rwm-58128.mp3	32328	5897	Pesyana ganyo ali na mugaso bhoni kowa bhaniki ndibhasu?	Ndia ali sa mugaso ka pesiana ganyo kowa bhaniki ndibhasu ali zibe eti bhaniki bhenjo bhabombi nabho nibhaibi ndia aleukanabe kalasio bhatodhe bhabombe  nibhali na ngeso ndia akibha nali mabhonga nibha bhoili ka ganyo kenjo nabho bhatohe bhabhe na kukpa nabho bhakumi bhabombe nibhakibhuegesa bhataidabho	1			Amba	train	8.01163078445929		False	0.29568106312292364	False	4.291451587312194	0.23434856175972926	True
268635e5ac8169d00be91a407e38d7f4	58244	spontaneous-speech-rwm-58244.mp3	22716	5897	Pesyana ganyo ali na mugaso bhoni kowa bhaniki ndibhasu?	Ali mugaso si nanga  adhuwaga bhaniki bhalika nibha bgei yambangana kakima ndyabho ndibghei kolai bwelel poni ndyekina akibhikisaga nkulakulana ka bhaniki nanga bhakilikaga nibha kipesyana magezi ndya ki bhubhuwa ka bhunaku	1			Amba	train	8.452192287374537		False	0.19999999999999996	False	4.180400354548444	0.1844331641285956	True
7b8ce0a081d9ccda7626927c5eec42d2	58807	spontaneous-speech-rwm-58807.mp3	16236	5897	Pesyana ganyo ali na mugaso bhoni kowa bhaniki ndibhasu?	Pesiana ganya akibhuyambaga bhaniki iba ndia asiabe kala akibhuyambaga lika nibhagumbani imamoti akibhuyambaga bhombisa bwongo ndiabho akibhuyambaga na somiliabe ndia bhabhi ndia bhakaibi akibhuyambaga lika nibhakibhusomesa bhadabho ndia asiabe	1			Amba	train	13.303769401330376		False	0.39834024896265563	False	4.129346163996397	0.155668358714044	True
01afad16deed014c336c39ed0790a0bc	58899	spontaneous-speech-rwm-58899.mp3	4788	5897	Pesyana ganyo ali na mugaso bhoni kowa bhaniki ndibhasu?	Kibhuhabhulagabe ndie kala toli abhuegesa kwegendia	1			Amba	train	9.60735171261487		True	0.02083333333333337	False			False
ce1fe571c632c175c538f2de6c2f35a4	58900	spontaneous-speech-rwm-58900.mp3	10368	5897	Pesyana ganyo ali na mugaso bhoni kowa bhaniki ndibhasu?	Akudhuaga nkpa aiba kalica ndiaki na kipesia  musingi ka bhaniki bhokotiania sebhalisio	1			Amba	train	7.233796296296296		False	0.0	False	4.926810037854358	0.6049069373942471	False
839194823957ef6cf0af192facc00f2e	58953	spontaneous-speech-rwm-58953.mp3	20016	5897	Pesyana ganyo ali na mugaso bhoni kowa bhaniki ndibhasu?	Injo akibhaga mugaso mabhonga nanga sigikilia eti osoboki gia eti dako miki mindiako ansobhilila kima dhelu uma atakane na andiahu dhe kima mabhinjo kibiseku ganyiliana ndia akibhaga  kima mabhonga	1			Amba	train	8.393285371702637		False	0.17525773195876293	False	4.517437924446636	0.3637901861252115	True
2a714f0f48c3450f78b159dbfd6c6c04	59303	spontaneous-speech-rwm-59303.mp3	25488	5897	Pesyana ganyo ali na mugaso bhoni kowa bhaniki ndibhasu?	Pesiana ganyo ali na mugaso mamadha sini nanga bhaniki bhakiokiliagaku kalica ndie ndiabho ndie kala  ka pesiana ganyo kenjo, bhatodha bhaegiliaku na ngeso ndia bhakibhuisiliaku bhakpa ndibha bhabhukoli miaka	1			Amba	train	7.022912743251727		False	0.20487804878048776	False	4.359131531775826	0.26649746192893403	True
09bbee7d294906c21ab763ff5ca35ee2	59705	spontaneous-speech-rwm-59705.mp3	10296	5897	Pesyana ganyo ali na mugaso bhoni kowa bhaniki ndibhasu?	Akimpaga nkpa nguko nanga ali kima mabhonga nompesi mindiako ngoye kedha mindia omwibi ngoye, akipaga nguko mamadha	1			Amba	train	9.615384615384617		False	0.1607142857142857	False	5.395166504049294	0.8079526226734348	False
18df01d60d16de159483408584d06424	59725	spontaneous-speech-rwm-59725.mp3	20268	5897	Pesyana ganyo ali na mugaso bhoni kowa bhaniki ndibhasu?	Pesiana nguko ali na mugaso kowa bhaniki nanga bhakulikaga nibhaibi ngu pesiana nguko andulu kima sa kitinisa ndia akutoka likisanube nubhukukolilia imamoti	1			Amba	train	6.660746003552398		False	0.0980392156862745	False	4.250926029727009	0.2131979695431472	True
06abe4fdd40392815ffcffabe9ccddfd	57342	spontaneous-speech-rwm-57342.mp3	25488	5898	Umauma okukelelaga oliya eki?	humali kyeyokiya kulungi nki kelelaga nilyaga nilyaga kulungi andulu ne yokiya kojo kekaba na kunitelebanija nanga lyaga anduku kikulua nanga koba nolyagi oikiliji lyaga oliyage lyaga ndiako kulungi	1			Amba	train	6.709039548022599		False	0.2666666666666667	False	5.559517208590278	0.8612521150592216	False
01afad16deed014c336c39ed0790a0bc	57735	spontaneous-speech-rwm-57735.mp3	20700	5898	Umauma okukelelaga oliya eki?	Huma huma ekikelelaga nua cai na mugati njo ndiakalibhe bhazugisa kami akotu ndiamo ndieniseisio ndiki tabhibhe kidhakia liaga dhubhi nia kamulimo	1			Amba	train	6.086956521739131		False	0.08391608391608396	False	5.789519319201615	0.9052453468697124	False
0038f5497f9f2af927e533e85ee33985	58153	spontaneous-speech-rwm-58153.mp3	14076	5898	Umauma okukelelaga oliya eki?	Uma uma ndiki ka mami ndinkiliagimbe nkiddubhaga ninuwa cai andu niba to liaga kedha kinuwa cai andulu dumbi ndie nkiyaga ka mulimo ndiamo niya nikola andulu katukamiku nidola niliaga.	1			Amba	train	11.082693947144074		False	0.19889502762430944	False	5.117645436185174	0.6928934010152284	False
268635e5ac8169d00be91a407e38d7f4	58436	spontaneous-speech-rwm-58436.mp3	12780	5898	Umauma okukelelaga oliya eki?	Nkiliaga busela kabha nalibe ndia kalibe ninuwa cai hamui na  mugati kedha bhatodha bhanipesiliabe na kotu kabha naseiku ka sapuliya.	1			Amba	train	8.841940532081376		False	0.1461538461538462	False	5.274277990350812	0.760575296108291	False
79c70007d8f4df515b1206bb8d666e7b	58675	spontaneous-speech-rwm-58675.mp3	16956	5898	Umauma okukelelaga oliya eki?	Uma uma nkikelelaga liami capati bhali na bhusela ndia aliku mata nanga nkibala nibisebe mubili ndia aliku mani	1			Amba	train	5.543760320830384		False	0.13888888888888884	False	5.509007548773994	0.850253807106599	False
7b8ce0a081d9ccda7626927c5eec42d2	58944	spontaneous-speech-rwm-58944.mp3	17028	5898	Umauma okukelelaga oliya eki?	nkikilelaga niyamba kawa ndiamo ninuwa huma huma nki tonaga nihoga keiso huma huma nkiyaga ka riko nikola huma huma inki kelelaga ni buheka baniki baya ka sukulu huma huma nkikelelaga ni saba huma huma huma nki kelelaga niya ziba ba mama na baba	1			Amba	train	11.921540991308436		False	0.3925619834710744	False	5.626944591220448	0.8798646362098139	False
ce1fe571c632c175c538f2de6c2f35a4	58972	spontaneous-speech-rwm-58972.mp3	8136	5898	Umauma okukelelaga oliya eki?	Uma uma okukelelaga nuwa mikia akotu na mikia cai kabha nalibe	0			Amba	train	6.3913470993117		True	0.0847457627118644	False			False
aff82a045868be1573431402cd4ccddc	59050	spontaneous-speech-rwm-59050.mp3	18288	5898	Umauma okukelelaga oliya eki?	Kima uma uma nkitketaga ninuwa caí na mugati lundi lieli kabha naseiku nilia andulu nituka ka inji niya ki die nkikabha yami	0			Amba	train	5.632108486439195		False	0.07438016528925617	False	5.777340884836403	0.9027072758037225	False
2a714f0f48c3450f78b159dbfd6c6c04	59222	spontaneous-speech-rwm-59222.mp3	15408	5898	Umauma okukelelaga oliya eki?	Uma uma nki kelelaga nuwa bhisala nilia na guna na sombe	1			Amba	train	2.9854620976116304	transcription-length	False	0.037735849056603765	False	6.960671266399985	0.994077834179357	False
e8eb7188dc741f9c8bd1f3b4b922d0b6	59227	spontaneous-speech-rwm-59227.mp3	17640	5898	Umauma okukelelaga oliya eki?	Huma huma sibhe menjo kima bhiyo ndyenikikelelaga liyai ali akotu na yelikau na mikyakawa kedhatu majani ndyelibha ninizungisiyo na bhisaiku nkya sukali pipidhongo bhiyo	1			Amba	train	8.276643990929704		False	0.09036144578313254	False	6.5535509350665375	0.9813874788494078	False
839194823957ef6cf0af192facc00f2e	59515	spontaneous-speech-rwm-59515.mp3	20196	5898	Umauma okukelelaga oliya eki?	Huma huma emi nkikelelaga nuwa majani mikya lyeli kaba na seibhe nau banipesiya ninweseleliya na majani kili ne ndye kikelega liyai ndyekina anduwau	1			Amba	train	6.23885918003565		False	0.12413793103448278	False	6.8247820006843805	0.9906937394247038	False
09bbee7d294906c21ab763ff5ca35ee2	59734	spontaneous-speech-rwm-59734.mp3	10368	5898	Umauma okukelelaga oliya eki?	Bhakiambaga cai dumbi kinuwa na bhaniki bhasi dumbi buli nkpa aya ka mulimo ndiaki andulu ndie nkikolaga uma uma	1			Amba	train	9.066358024691358		False	0.09174311926605505	False	4.008129028448591	0.10829103214890017	True
14482a129cdad77b883cf44ab8ee2666	57390	spontaneous-speech-rwm-57390.mp3	32436	5899	Guba kokoa/mwani abhuyambi bhoni ka kubheisabe ndi bhakpa ndibha ka ngonguambili ndianu?	Ehhh guba kokowa mwani poni ali kulungi ka uganda bhakpa bhali na gali  hali na ndabho  ndabho abhongia bhasasuli sukulu fizi bhaniki bhali ka sukulu fu a kokowa hhh bhakpa bhali kulungie	1			Amba	train	4.747811074115181		True	0.3152173913043478	False			False
ce1fe571c632c175c538f2de6c2f35a4	57747	spontaneous-speech-rwm-57747.mp3	15480	5899	Guba kokoa/mwani abhuyambi bhoni ka kubheisabe ndi bhakpa ndibha ka ngonguambili ndianu?	Kibhuwagaku sente nakukisobozesa somesa bhaniki na halika ndabho mabhonga naa na sumba lieli ka inji ndiasu 	1			Amba	train	5.943152454780361		False	0.03809523809523807	False	4.413530553368801	0.2961082910321489	True
79c70007d8f4df515b1206bb8d666e7b	58023	spontaneous-speech-rwm-58023.mp3	23148	5899	Guba kokoa/mwani abhuyambi bhoni ka kubheisabe ndi bhakpa ndibha ka ngonguambili ndianu?	Guba mwani apesi bhalimi mindia mwani sente mabhika ka sumbesa mwani injo kandi bhakpa ndibhetolo bhasoboli tunga mulimo ka kampane ndia akisumbesaga mwani ka nansenge 	1			Amba	train	6.177639536893036		False	0.18787878787878787	False	4.5776375748576035	0.4069373942470389	True
01afad16deed014c336c39ed0790a0bc	58026	spontaneous-speech-rwm-58026.mp3	19368	5899	Guba kokoa/mwani abhuyambi bhoni ka kubheisabe ndi bhakpa ndibha ka ngonguambili ndianu?	Koko kedha mwani adhu nibhakibha na mbanagana  biai nibhakibhusomesa bhaniki nibhakieyalika injo ndiabho toli  ndibhetolo nibhakibhuama bhakali ndibhetolo nibhakisumba so endindi bhakpa poni nanga mwani na koko bhali kulungi 	1			Amba	train	10.016522098306485		False	0.24774774774774777	False	3.87315160710696	0.07021996615905245	True
268635e5ac8169d00be91a407e38d7f4	58111	spontaneous-speech-rwm-58111.mp3	17208	5899	Guba kokoa/mwani abhuyambi bhoni ka kubheisabe ndi bhakpa ndibha ka ngonguambili ndianu?	Koko abhuyambi bhakpa jiba eti kabhasumbesa  bhakitungaga sente sente basasula fizi ndia bhaniki sente ndia bhabhoi ka koko abhuyambabe jiba eti bha aliki ndabho mabhongaga sa lezidenso ka byalo ndiabho	1			Amba	train	9.995350999535098		False	0.24120603015075381	False	4.545629683194812	0.38071065989847713	True
0038f5497f9f2af927e533e85ee33985	58595	spontaneous-speech-rwm-58595.mp3	21240	5899	Guba kokoa/mwani abhuyambi bhoni ka kubheisabe ndi bhakpa ndibha ka ngonguambili ndianu?	Guba kokoa mwani ka ngongwa-mbili ndiasu abhuyambi bhakpa somesa bhaniki ndibhabho alika mandabho  kola kima poni ndia bhagbei kolai na juga bhakali bhagbei jugabho	1			Amba	train	6.591337099811676		False	0.15527950310559002	False	3.7955627242079237	0.046531302876480544	True
7b8ce0a081d9ccda7626927c5eec42d2	58634	spontaneous-speech-rwm-58634.mp3	18720	5899	Guba kokoa/mwani abhuyambi bhoni ka kubheisabe ndi bhakpa ndibha ka ngonguambili ndianu?	Liaga akidhuaga bhakpa bhabha imamoti akidhuwa bhakpa bhakola ndia bhaibio akibhuyambaga kizibu kabha nabiki akibhuymbaga zibha ngu bhaibi mugaso sa kazi akibhuyambaga zibha ngu nkpa andi ani kedha yoho ali ntula 	1			Amba	train	9.722222222222223		False	0.2952380952380952	False	4.284096477938703	0.22758037225042302	True
839194823957ef6cf0af192facc00f2e	58751	spontaneous-speech-rwm-58751.mp3	23940	5899	Guba kokoa/mwani abhuyambi bhoni ka kubheisabe ndi bhakpa ndibha ka ngonguambili ndianu?	Andi kulungi injo abhuyambi sini sini bhakpa ndibha ka ngongwa mbili nanga sigikilia eti endindi nkpa mindia kali na koko mindia kali na mwani minjo  akiezibaga bhinjo bhinjo ka ngongwa mbili ati naki nikiba eti kima njo abhuayambi sini sini bhakpa ndibha ka ngongwa mbili 	1			Amba	train	9.48203842940685		False	0.3740740740740741	False	3.607097803580595	0.018612521150592216	True
06abe4fdd40392815ffcffabe9ccddfd	58938	spontaneous-speech-rwm-58938.mp3	16596	5899	Guba kokoa/mwani abhuyambi bhoni ka kubheisabe ndi bhakpa ndibha ka ngonguambili ndianu?	Injo bilimwa ndia akikipesiaga kandi akikiyambaga oye endindi habwa  kima bhulwa tiko andulu ndia adhu nikikieyambisa koko ka kima poni	1			Amba	train	6.9293805736322005		False	0.10606060606060608	False	4.352369328759011	0.2622673434856176	True
e8eb7188dc741f9c8bd1f3b4b922d0b6	59061	spontaneous-speech-rwm-59061.mp3	27756	5899	Guba kokoa/mwani abhuyambi bhoni ka kubheisabe ndi bhakpa ndibha ka ngonguambili ndianu?	Sa guba koko kedhatu mwani abhuzuni bhakpa ndibhekindiasu zibe eti ka ngongwa mbili kenjo endi bhagbei yayana sa toka kweyalikilia ndabho satoka bhuaiku sa makweyatia bono bhulangiti masuka na kima sa zibe eti bhaniki ndibhabho bhainka kisomo	0			Amba	train	7.421818705865398		False	0.12552301255230125	False	4.883149978902934	0.5803722504230119	True
aff82a045868be1573431402cd4ccddc	59205	spontaneous-speech-rwm-59205.mp3	9180	5899	Guba kokoa/mwani abhuyambi bhoni ka kubheisabe ndi bhakpa ndibha ka ngonguambili ndianu?	Njo kibulio ani sagia nanga kiyoki kulungi	1			Amba	train	3.9215686274509807		False	0.0	False	5.892187512807893	0.922165820642978	False
18df01d60d16de159483408584d06424	59503	spontaneous-speech-rwm-59503.mp3	25380	5899	Guba kokoa/mwani abhuyambi bhoni ka kubheisabe ndi bhakpa ndibha ka ngonguambili ndianu?	Koko kedha mwani abhuyambi bhakpa ndibha ka ngongwa mbili kwebeisabe  nanga andulu ndia bhakibhuagaku sente sa kola milimo ndiekina rabhi peaililiq bhaniki sukulu fizi na sumba kima kima ndia abhugbeibe  ndia ka ndabho	1			Amba	train	7.249802994483846		False	0.11627906976744184	False	3.927596750933355	0.0829103214890017	True
839194823957ef6cf0af192facc00f2e	57302	spontaneous-speech-rwm-57302.mp3	20196	5900	Okuteketaga koleki kekoyembe lalako?	Kodua gwehima ndiakoteketibe  lalako ndio kubajaga kolai kwegheisa Mambombi dumbi mesia kwe gbeisa Mambombi dumbi wetuba ahh dumbi oya oanga kalibe ndiekina ndio okuyaga kolai andi injo ukaka oya olala nesi oangio andulu njo ukaka	1			Amba	train	9.655377302436126		False	0.22466960352422904	False	5.899560829900194	0.9247038917089678	False
e8eb7188dc741f9c8bd1f3b4b922d0b6	57360	spontaneous-speech-rwm-57360.mp3	27720	5900	Okuteketaga koleki kekoyembe lalako?	Kenge kiyembe ya lalami ali zibe eti niteketi ya ogami kozo poni nituke kuwo nizibe eti ndabho ndiamo maddilisa kikuku neki bnidhakagia niengiage ka bisika poni poni kidhatu ini sekina andulu keima kenjo nili nesi akibha sekina andulu kabha ninili na masanyalazi nidhake	1			Amba	train	8.225108225108226		False	0.16104868913857673	False	6.145852711978112	0.9517766497461929	False
ce1fe571c632c175c538f2de6c2f35a4	57474	spontaneous-speech-rwm-57474.mp3	8280	5900	Okuteketaga koleki kekoyembe lalako?	Nikiteketaga nisaba Mambombi sa pesiami businge na kunibhundilia	1			Amba	train	6.884057971014493		False	0.0	False	5.045147731048807	0.6615905245346869	False
06abe4fdd40392815ffcffabe9ccddfd	57727	spontaneous-speech-rwm-57727.mp3	22896	5900	Okuteketaga koleki kekoyembe lalako?	Okuteketaga saba, osabe andulu kokoyembe koleki  kokoyembe kolako kedha lalako obanje osabe andulu komesia kosaba andulu ohange.	1			Amba	train	4.848008385744235		False	0.264	False	5.8663619789375705	0.9128595600676819	False
0038f5497f9f2af927e533e85ee33985	58034	spontaneous-speech-rwm-58034.mp3	32616	5900	Okuteketaga koleki kekoyembe lalako?	Ndio kudhubhaga kolai ndio kohimbe lalako ali ddubha tekaniza family ndiako otunge kiekilo kadhakia ndibhetolo bhaoge bhubhuogise bhaniki kobha noli na nabho then nawe nkumi ababho kedha amabho oge dumbi bhungile ka ndabho anyuma ndibhukungilimbe ka ndabho kobha noibi saba ndiako oddubhe omwegbeise Mambombi mindia akadhuwa nokaya hangako nolia mwomezi injo andulu ndikisemelelu kolai bemoti.	1			Amba	train	10.393671817512876		True	0.17179487179487174	False			False
268635e5ac8169d00be91a407e38d7f4	58276	spontaneous-speech-rwm-58276.mp3	8676	5900	Okuteketaga koleki kekoyembe lalako?	Nkibanjaga nisaba dhakia sabami dumbi ni anga	1			Amba	train	4.495159059474412		False	0.023809523809523836	False	5.521589832403153	0.8519458544839256	False
01afad16deed014c336c39ed0790a0bc	59042	spontaneous-speech-rwm-59042.mp3	17820	5900	Okuteketaga koleki kekoyembe lalako?	Ndie kiteketaga kolai andi bhuogi ndia kebhali ni Tunga lieli ndia tama bhugo bhuogo ndia kesalo nizibabe makulu ndia ka TV ndia keini dumbi ni anga	1			Amba	train	6.902356902356902		False	0.17931034482758623	False	4.424640830869011	0.2986463620981388	True
14482a129cdad77b883cf44ab8ee2666	59126	spontaneous-speech-rwm-59126.mp3	23688	5900	Okuteketaga koleki kekoyembe lalako?	Okutetagha na ya ka inji ka ndqbho na godha  ka bulili ndiamo na kubisaku siti no kutekaniza mamadha	1			Amba	train	3.4616683552853766		False	0.061855670103092786	False	5.725313990006674	0.8959390862944162	False
09bbee7d294906c21ab763ff5ca35ee2	59508	spontaneous-speech-rwm-59508.mp3	6408	5900	Okuteketaga koleki kekoyembe lalako?	Buli ya hanagako okuteketaga osaba deni nomesi saba dumbi ohanga	1			Amba	train	8.583021223470661		True	0.049180327868852514	False			False
7b8ce0a081d9ccda7626927c5eec42d2	59535	spontaneous-speech-rwm-59535.mp3	19656	5900	Okuteketaga koleki kekoyembe lalako?	Kenge kuyembe lalako okutegekaga jiba ngu obhongosi gweima ojibi kindio okuanga oliagiya okujiba oti ndio oangia ojibibe ndabho odhaki kulungi	1			Amba	train	6.257631257631258		False	0.08633093525179858	False	6.689652871654321	0.9873096446700508	False
18df01d60d16de159483408584d06424	59693	spontaneous-speech-rwm-59693.mp3	20016	5900	Okuteketaga koleki kekoyembe lalako?	Kekiyembe lalami nkiteketaga nitunga lieli ndia tamabhugobhugo dumbi nihumulebe kuti haa ndie kimbe gba ima nitekete nisabe andulu nigbe ima ni ange	1			Amba	train	6.344924060751398		False	0.08965517241379306	False	5.280217829721515	0.766497461928934	False
18df01d60d16de159483408584d06424	57435	spontaneous-speech-rwm-57435.mp3	24048	5901	Kuoka nolelagi okukolageki?	Kioka ninilelagi dumbi injo bwile kilikaga imamoti nibha na mikia mulimo ndie nke nke ndie nigbei kolai tabhi soma bitabo soma Bbaibuli nanga akinilebalebisaga iba kigambo ndia Luhanga	1			Amba	train	6.528609447771124		False	0.09944751381215466	False	5.36085061701646	0.7961082910321489	False
01afad16deed014c336c39ed0790a0bc	57473	spontaneous-speech-rwm-57473.mp3	25956	5901	Kuoka nolelagi okukolageki?	Kioka ninilelagi ndia kateketa ndinikikolaga ali bhuogi ndia kebhali andi yami keima nihumulaku dhani ndia kesalo kihinuka ninilelagi andi likami ka kudhu ka mbakati ndiamo bhia nkuma inji injo andulu ndikikolaga kieyokia ninilelagi.	1			Amba	train	7.743874248728618		False	0.24347826086956526	False	4.8259002412547645	0.544839255499154	True
e8eb7188dc741f9c8bd1f3b4b922d0b6	57506	spontaneous-speech-rwm-57506.mp3	23616	5901	Kuoka nolelagi okukolageki?	Kioka ninilegi ali to zibe eti nikikabhaga mikia mbata sa  likidhiai kedhatu nikabhage mukenka tai sie injo nikisie moi kekebhe  injo niye nihumulilie kusia gbutua mili ki dia mikia kudhu akibha nalio alibe naya humuliliako dhee	1			Amba	train	8.087737127371273		False	0.12444444444444447	False	6.075204644499426	0.94331641285956	False
79c70007d8f4df515b1206bb8d666e7b	57526	spontaneous-speech-rwm-57526.mp3	17028	5901	Kuoka nolelagi okukolageki?	Kibha ninilelagi nkizibagabe mupila ndia  bhaniki kandi nizibabe na muziki kandi na bhu vidiyo	1			Amba	train	4.698144233027954		False	0.13186813186813184	False	4.840128957046839	0.5558375634517766	True
ce1fe571c632c175c538f2de6c2f35a4	57895	spontaneous-speech-rwm-57895.mp3	10116	5901	Kuoka nolelagi okukolageki?	Okiteketaga o oga nokuya ka ima nokuanga	0			Amba	train	3.361012257809411		False	0.08108108108108103	False	6.1358666300828375	0.9509306260575296	False
2a714f0f48c3450f78b159dbfd6c6c04	57990	spontaneous-speech-rwm-57990.mp3	23400	5901	Kuoka nolelagi okukolageki?	Kioka ninilelagi nkiedhukiaga nkia libho madhekaga kedha ndietolo ninuwe mani kanisikiaku nihibe to humulikanami dumbi mani anisikieku	1			Amba	train	5.042735042735043		False	0.07633587786259544	False	6.116146313773584	0.9467005076142132	False
268635e5ac8169d00be91a407e38d7f4	58490	spontaneous-speech-rwm-58490.mp3	4608	5901	Kuoka nolelagi okukolageki?	Nkiagagae ni humulakue	1			Amba	train	4.340277777777778		True	0.0	False			False
7b8ce0a081d9ccda7626927c5eec42d2	58704	spontaneous-speech-rwm-58704.mp3	19008	5901	Kuoka nolelagi okukolageki?	Koko nalangi akuma okuma nkali mindiako ovha naue koko ka onga akianisaga eti kyalo adhaki siai buli nkpa aya akola mulimo ndiaki koko ka onga akianisaga bwile asia adhaki siai kandi 	0			Amba	train	7.996632996632997		False	0.21666666666666667	False	5.9455810806629446	0.934010152284264	False
0038f5497f9f2af927e533e85ee33985	58765	spontaneous-speech-rwm-58765.mp3	17460	5901	Kuoka nolelagi okukolageki?	Kioka ninilelagibkabha ninili ka kola nkicuagaku nianga nitekaniza bwomezi	1			Amba	train	3.7800687285223367		False	0.07042253521126762	False	5.097650046924167	0.6861252115059222	False
839194823957ef6cf0af192facc00f2e	59078	spontaneous-speech-rwm-59078.mp3	19620	5901	Kuoka nolelagi okukolageki?	Kili na mulimo ndie nkikolaga kabha ninilelagi mulimo ndie nikolio nanidhakiku mani ninihumuli ndie kili na mulimo uponi ndie nigbei kolai akidhuaga ndulu dumbi kabha ninilelagi nilika ninihumuli ndie kili na mulimo uponi ndie nkikola	1			Amba	train	10.19367991845056		False	0.4458874458874459	True			False
aff82a045868be1573431402cd4ccddc	59462	spontaneous-speech-rwm-59462.mp3	25488	5901	Kuoka nolelagi okukolageki?	Nkpa nkpa kolika nolelagi okutekelejaga oti olwaliya kandi kokukolaga kimaponi dubi ko kokoma kola kimaponi akukubikisiliagaku bunaku nanga nkpa abongi okole so lika nolelagi alikima zidi akubikisilia bunaku akukubikisilia na bulwaye	1			Amba	train	7.964532328939109		False	0.27391304347826084	False	5.441994387616906	0.8274111675126904	False
09bbee7d294906c21ab763ff5ca35ee2	59518	spontaneous-speech-rwm-59518.mp3	11808	5901	Kuoka nolelagi okukolageki?	Kohoka nolelagi okubhuwaga mikyamukenka okisiya menjo kheda otekete oye ohoge then obhikise mukenka ohangebhe then ohumulemu	1			Amba	train	9.231029810298104		False	0.09090909090909094	False	7.324678058873511	0.9966159052453468	False
2a714f0f48c3450f78b159dbfd6c6c04	57291	spontaneous-speech-rwm-57291.mp3	18828	5902	Okulagaeki mbula kadhoka tolo poni?	Mbula kadhoka tolo poni emi nikilikaga ka tai niziba kindia mbula akinyenyilia dumbi nizibe ndie nikikola	1			Amba	train	4.780114722753346		False	0.10784313725490191	False	4.652916727354945	0.4433164128595601	True
79c70007d8f4df515b1206bb8d666e7b	57774	spontaneous-speech-rwm-57774.mp3	16848	5902	Okulagaeki mbula kadhoka tolo poni?	Mbula kadhoka tolo poni nkitoka tunga ambuelela  dumbi niye ka mulimo ndiamo dumbi niye ka mulimo ndiamo nothing nkia sente nanga mulimo ndiamo kakitoka imiliai nanga mbula bba	1			Amba	train	8.784425451092119		False	0.3179190751445087	False	4.231592718903502	0.20219966159052452	True
06abe4fdd40392815ffcffabe9ccddfd	58055	spontaneous-speech-rwm-58055.mp3	21708	5902	Okulagaeki mbula kadhoka tolo poni?	Menjo okukolaga nanga akibhaga nabhuluzili mbula akibhaga nabhuluzili kima poni kalibe kima poni ndia bhukukolga nanga mbula kadhukana sini sini akilujaga buli kima poni ndia kabuhanguwa  asendisa lieli kima na kima kima poni poni	1			Amba	train	9.028929426939376		False	0.3700440528634361	False	4.431903502658618	0.30456852791878175	True
18df01d60d16de159483408584d06424	58239	spontaneous-speech-rwm-58239.mp3	19656	5902	Okulagaeki mbula kadhoka tolo poni?	mbula ka dhoka tolo poni kaba ninilya kahinji nkilegiyaga libo sanuwai kadulana ndikili na libo amanuwa kandi libo injo akuniyambaga ka runga libo	1			Amba	train	6.308506308506309		False	0.13286713286713292	False	5.620566497105246	0.8764805414551607	False
0038f5497f9f2af927e533e85ee33985	58259	spontaneous-speech-rwm-58259.mp3	31248	5902	Okulagaeki mbula kadhoka tolo poni?	Mbula ka dhoka tolo poni kakudulqna ka inji kokutukabei kakudula dhanga mbamba kadhoka tolo poni okudhakililia no seiku habwa mbula dhokai tolo poni kakebhe nakihumulikana kandi mbula dhokai tolo poni ali na bizubu ndio okusobola tungai libho akituma abhukole bhakpa zidhi libho akituma abhukole bhakpa zidhi kedha ndabho aguwe	1			Amba	train	8.928571428571429		False	0.32098765432098764	False	5.399923374991452	0.8087986463620981	False
e8eb7188dc741f9c8bd1f3b4b922d0b6	58322	spontaneous-speech-rwm-58322.mp3	34848	5902	Okulagaeki mbula kadhoka tolo poni?	Mbula ka dhoka tolo poni ndie nkiteketaga kolai ali engiaga ndia akibha nali kansenge menjo nitegulage ningilise ka ndabho nitodhe nibhueku abe sapulia abhe eki sa ya leggia iku mbula injo andulu nitige nili na libho natodha zibe eti nemi nkumi ningile ka ndabho	1			Amba	train	6.284435261707989		True	0.11969111969111967	False			False
01afad16deed014c336c39ed0790a0bc	58956	spontaneous-speech-rwm-58956.mp3	11880	5902	Okulagaeki mbula kadhoka tolo poni?	Mbula ka dhoka kikitukaga ka  inji mbula ka dhoka tolo poni nki tokaga leka libho njo kala kiguwa kitelu	1			Amba	train	7.154882154882155		False	0.17821782178217827	False	5.036881113341228	0.6590524534686971	False
7b8ce0a081d9ccda7626927c5eec42d2	59123	spontaneous-speech-rwm-59123.mp3	15876	5902	Okulagaeki mbula kadhoka tolo poni?	Ndyenikolaga mbula kadhoka niki legisaga libho ndiki kolaga nihogisa ndyenikikolaga nikizibagangu ngu libhi katuma	1			Amba	train	6.3618039808516		False	0.21621621621621623	False	4.925230603201023	0.6040609137055838	False
839194823957ef6cf0af192facc00f2e	59301	spontaneous-speech-rwm-59301.mp3	23328	5902	Okulagaeki mbula kadhoka tolo poni?	Mbula  kadhoka tolo poni ndie nkiliaga ali sigikilia nti nkilikaga ninike sevingilia kebha ndie kikiesevingilia menjo andulu ndio okutakanaga ninitungi bizibu noni bwile poni nkilikaga nini ibi eti mbula alibe dhokai dhakia tolo salo ini kesi odhuwe nilike ninkie sevingilia mikia kima ndiamo ka kunda	1			Amba	train	10.973936899862826		False	0.24496644295302017	False	4.814278563652689	0.5406091370558376	True
ce1fe571c632c175c538f2de6c2f35a4	59346	spontaneous-speech-rwm-59346.mp3	8928	5902	Okulagaeki mbula kadhoka tolo poni?	Nkiyaga niyanga kedha kiba nioi na dhudhu nibinfa dhudhu sa matafali	1			Amba	train	6.496415770609318		False	0.10769230769230764	False	7.027621336322893	0.9949238578680203	False
aff82a045868be1573431402cd4ccddc	59646	spontaneous-speech-rwm-59646.mp3	22068	5902	Okulagaeki mbula kadhoka tolo poni?	Mbula mbula mbula ka soka tolo poni milimo akiluzukanaga okulikaga nolikagi kandi weyokia zidhi nanga koli na na mbali okuya nanga mbula ali ka sokai kandi okusiaga na inja	1			Amba	train	6.525285481239804		False	0.2544378698224852	False	5.226309908650505	0.7368866328257191	False
09bbee7d294906c21ab763ff5ca35ee2	59664	spontaneous-speech-rwm-59664.mp3	6048	5902	Okulagaeki mbula kadhoka tolo poni?	Tolo ponio okucwagaku olika ka ndabho nanga mbula akadhokai koli na kindia okuya poni bba	1			Amba	train	12.40079365079365		True	0.03488372093023251	False			False
14482a129cdad77b883cf44ab8ee2666	59706	spontaneous-speech-rwm-59706.mp3	20196	5902	Okulagaeki mbula kadhoka tolo poni?	Nkijwalaga nguwo aaah nakinipesia kitumo nga jaketi nkijwalaga bhutusi hhm nkiyaga ka kakitabo ndiamo ka ka bulili nkiangaga.	1			Amba	train	5.3475935828877		False	0.1311475409836066	False	6.2669326254781454	0.9593908629441624	False
e8eb7188dc741f9c8bd1f3b4b922d0b6	58044	spontaneous-speech-rwm-58044.mp3	25200	5903	Okukolageki ndabho ndiako lika nabeni?	Kazibha eti ndabho ndyamo akilika na bheni emi nkumi nili na bga kakaka tabhi siyenjo  nikombe mehe nabhamoi kabha nalibhe kasamili ndya toibhe bhiyabhiya bya tone nihonage nilike makagai mehe nabha moi syekina adu kima injo adhuwe ndabho ndyamo nabheni nanga nimesi tugulagaibhe	1			Amba	train	9.365079365079366		False	0.19565217391304346	False	6.828636185658501	0.9915397631133672	False
0038f5497f9f2af927e533e85ee33985	58147	spontaneous-speech-rwm-58147.mp3	17928	5903	Okukolageki ndabho ndiako lika nabeni?	Ndabho lika nabeni ali nibhakikombaku bitambala kabha nali ka meza bhaogise na kantebe bhaogise   kabha neki nakakabhala luzukai bhabhinde lepeya so ndabho ndiako alika  nakoli eki nabhongi 	1			Amba	train	8.92458723784025		False	0.17112299465240643	False	5.574395944671551	0.8646362098138748	False
79c70007d8f4df515b1206bb8d666e7b	58212	spontaneous-speech-rwm-58212.mp3	18828	5903	Okukolageki ndabho ndiako lika nabeni?	Ndabho ndiamo na bhaniki bhaniki bhakibisaga ngoye ndiabho ndia kabbeni ka nansenge dumbi bhawogisa dumbi na kima tabhi sowani ndia bhalieliku bhawogisa	1			Amba	train	6.957722540896537		False	0.24161073825503354	False	4.062412416420123	0.1311336717428088	True
06abe4fdd40392815ffcffabe9ccddfd	58546	spontaneous-speech-rwm-58546.mp3	12816	5903	Okukolageki ndabho ndiako lika nabeni?	ali lika nokukomba ndabo ndiako okombe andulu abhene andulu alike nali kulungi kandi nabongi	1			Amba	train	6.164169787765293		False	0.101123595505618	False	4.797076860456398	0.5321489001692047	True
01afad16deed014c336c39ed0790a0bc	58588	spontaneous-speech-rwm-58588.mp3	17856	5903	Okukolageki ndabho ndiako lika nabeni?	Kukelelaga okomba haaa  obhongosia ntebe ndiako ka dilo olika nosebhi mbume	1			Amba	train	3.584229390681003		False	0.0	False	7.57161832521431	0.9983079526226735	False
2a714f0f48c3450f78b159dbfd6c6c04	58812	spontaneous-speech-rwm-58812.mp3	30240	5903	Okukolageki ndabho ndiako lika nabeni?	Ndabho ndiamo lika na beni nili na ziba eti ni kombiku bwile poni na kansenge nilike ninikibhagalilya nanga nikikomba subhelei kansenge kekebhe nabeni subhelei ka kubena tone akilika tukai ka nsenge nakugodha subha ndambho	1			Amba	train	6.25		False	0.2009132420091324	False	5.625029453656544	0.8781725888324873	False
09bbee7d294906c21ab763ff5ca35ee2	59030	spontaneous-speech-rwm-59030.mp3	26208	5903	Okukolageki ndabho ndiako lika nabeni?	Nabho ndiako lika nabeni ali kolai ku bhali sigiliai na musenyi na siminti andulu ndabho alike nabeni bhaitu nakomi sigikiliaai ndabho ndiako kakilika nabeni bba buli nkpa poni dumbi akikigia eti ndabho ndia nanka abeni abeni bhasi injo andulu	1			Amba	train	7.822039072039072		False	0.275	False	4.910700450747968	0.5947546531302876	True
7b8ce0a081d9ccda7626927c5eec42d2	59111	spontaneous-speech-rwm-59111.mp3	18108	5903	Okukolageki ndabho ndiako lika nabeni?	byama nikola ndyekilikaga nkiteketaga nikelela nikombaku nidemyaga ndabo alika na bheni ni dhukiyagaku libo nanga banjunja nihogisa kima ndialiku bya sefuliya na sahani nijiba ngu nibisiku	1			Amba	train	9.001546277888226		False	0.12432432432432428	False	5.848875162774733	0.9111675126903553	False
18df01d60d16de159483408584d06424	59466	spontaneous-speech-rwm-59466.mp3	23796	5903	Okukolageki ndabho ndiako lika nabeni?	Ndabho ndiamo lika na beni nkilikga ninilia kikomba  Saha poni kasita nambali kindle nitangili mikia bulofu nalio nkilikaga ninilia kibhwuabei kakaka nilinalikainai naga andulu ndia kiniyambaga ka komba	1			Amba	train	7.312153303076148		False	0.16582914572864327	False	5.269492069372956	0.7563451776649747	False
aff82a045868be1573431402cd4ccddc	59592	spontaneous-speech-rwm-59592.mp3	11628	5903	Okukolageki ndabho ndiako lika nabeni?	Njo nikiogisaga ninibisa kulungi anga alike nabeni 	1			Amba	train	3.783969728242174		False	0.0	False	4.64822824195734	0.4407783417935702	True
79c70007d8f4df515b1206bb8d666e7b	57717	spontaneous-speech-rwm-57717.mp3	23400	5904	Umauma okuteketaga koleki kenge kotukembe ka ndabho ndiako?	Uma uma nkiteketaga nisaba Yesu Kilosito anipesie tolo mabhonga kandi niye ka na nsenge nikiziba bhakpa ndibhamo nibhali kulungi	1			Amba	train	4.7008547008547		False	0.008000000000000007	False	4.670780592211048	0.4602368866328257	True
268635e5ac8169d00be91a407e38d7f4	58080	spontaneous-speech-rwm-58080.mp3	18720	5904	Umauma okuteketaga koleki kenge kotukembe ka ndabho ndiako?	Nkibanjaga nisaba kidhakia saba  niya nitila minyo nioga keiso  kidhakia injo nioga mubili poni dumbi nijwala ngoye niya ka milimo ndiamo sa tolo injo ndie nisemlelelu kolai	1			Amba	train	7.745726495726497		False	0.1588235294117647	False	5.656692724588877	0.8866328257191202	False
0038f5497f9f2af927e533e85ee33985	58426	spontaneous-speech-rwm-58426.mp3	19440	5904	Umauma okuteketaga koleki kenge kotukembe ka ndabho ndiako?	Kekebhe ninitukimbe ka ndabho ndiamo nili na nili na nili na zwala ngoye nitukeku niezibe nesi nilio nesi niaeiyo  andulu nihuwe ka ndabho ndiamo nietekanizi	1			Amba	train	6.790123456790123		False	0.2857142857142857	False	5.479123347106012	0.8409475465313029	False
01afad16deed014c336c39ed0790a0bc	58711	spontaneous-speech-rwm-58711.mp3	11628	5904	Umauma okuteketaga koleki kenge kotukembe ka ndabho ndiako?	Kateketaga niesengasengia Mambombi bha nanipesi kisembo sa bwomezi dhua kyalo nakisia ninilia mwomezi	0			Amba	train	7.653938768489852		False	0.05102040816326525	False	4.723771217857382	0.4890016920473773	True
14482a129cdad77b883cf44ab8ee2666	58865	spontaneous-speech-rwm-58865.mp3	28080	5904	Umauma okuteketaga koleki kenge kotukembe ka ndabho ndiako?	Kikinsimga Mambobi humahuma kiki nsabaga apesiesu bwomezi mamadha kitakanijaga nji ndiasu na akitekanizaga baniki bhaya ka sukulu kiki tekanizaga liaga na kiyaga kiyaga gubha liaga ndiasu ka tiko	1			Amba	train	5.982905982905982		False	0.20833333333333337	False	5.088328679073094	0.682741116751269	False
839194823957ef6cf0af192facc00f2e	59044	spontaneous-speech-rwm-59044.mp3	22428	5904	Umauma okuteketaga koleki kenge kotukembe ka ndabho ndiako?	Ndi kiteketaga kolai ka ndabho ndiamo kyalo kasia nkibanjaga nisaba mesia saba dumbi ni gia eti kale odhuwe niye nipahgase Mabombi anipe kima kima ndie kikola uponi anipesie mugisa andulu ndie nkikolaga	1			Amba	train	7.624398073836276		False	0.12562814070351758	False	4.8991680664609545	0.5862944162436549	True
2a714f0f48c3450f78b159dbfd6c6c04	59049	spontaneous-speech-rwm-59049.mp3	34488	5904	Umauma okuteketaga koleki kenge kotukembe ka ndabho ndiako?	Uma uma kekebhe niniholukanimbe ka ndabho ndiamo, nkiteketaga nisukumanaga  gwabhimba kwesengasengiya Mambombi mindiamo na simaki nanga bhundiliami kiliya doisai uma uma na kungaki poni ndie nikibha ninkikola ntangali abhe ndie mene-mene.	1			Amba	train	6.002087682672234		True	0.1063829787234043	False			False
7b8ce0a081d9ccda7626927c5eec42d2	59079	spontaneous-speech-rwm-59079.mp3	18108	5904	Umauma okuteketaga koleki kenge kotukembe ka ndabho ndiako?	Uma-uma nkitegekaga ndie nkikola bhia emi Mande jibe ngu bhaniki ndibhamo bhakiliaga bhoni, ndia kebhali, Yami ka tiko kolilia bhaniki, ndia kesalo bhaniki yabho ka sukulu, ndia keini,bhajibe ngu kijoli bizinesi tina ndia akikibhesiabe, ndia ketano jibangu kilikagai nikikibhusomesa bhaniki	0			Amba	train	13.861276783741992		False	0.22996515679442509	False	4.950958102491015	0.6159052453468697	False
e8eb7188dc741f9c8bd1f3b4b922d0b6	59084	spontaneous-speech-rwm-59084.mp3	27648	5904	Umauma okuteketaga koleki kenge kotukembe ka ndabho ndiako?	Uma uma sibe menjo ke kiolukanmbe ka ndabho ndiamo nikiteketaga nimusengasengia Mambombi ninilisimisi kigu ndiamo gwabhimba nilikagi keima kajibe eti Mambombi andiye mindia akinihikilia ka tolo njo poni dumbi nihibato kubhingia kikuku gbai ntumo sa kiku naokudhai niolukane kansenge	1			Amba	train	8.825231481481481		False	0.1362007168458781	False	6.4223519897358345	0.9729272419627749	False
09bbee7d294906c21ab763ff5ca35ee2	59528	spontaneous-speech-rwm-59528.mp3	11808	5904	Umauma okuteketaga koleki kenge kotukembe ka ndabho ndiako?	Dumbi okuteketaga oma dumbi otandike saba dumbi no osabi, obuwa libho na mubazi sa minyo oye wetile, andulu injo	1			Amba	train	7.960704607046071		False	0.07339449541284404	False	5.886299677202728	0.9204737732656514	False
2a714f0f48c3450f78b159dbfd6c6c04	57277	spontaneous-speech-rwm-57277.mp3	14976	5905	Kabha nuweyoki mnolelagi okukolageki?	Kabha ninieyoki ninilelagi nikiteketaga nihumulebe andulu mani anisikie nibeto kola ndietolo	1			Amba	train	5.47542735042735		False	0.0449438202247191	False	5.130197321620558	0.6979695431472082	False
01afad16deed014c336c39ed0790a0bc	57428	spontaneous-speech-rwm-57428.mp3	20808	5905	Kabha nuweyoki mnolelagi okukolageki?	Kabha ninieyoki ninilelagi ndie nikikolaga andi teketa yaogami ndiekiogi andi ya teketa ya humulami ka ndabho kedha ka kehima kedha ni likaga ka kudhu ka mbata ndiamo bhia nkuma inji nihumula imamoti 	1			Amba	train	8.073817762399077		False	0.18274111675126903	False	5.13201927869188	0.6996615905245347	False
18df01d60d16de159483408584d06424	57598	spontaneous-speech-rwm-57598.mp3	22536	5905	Kabha nuweyoki mnolelagi okukolageki?	Kabha ninieyoki ninilelagi nkikabhaga kikalo mabhonga nkibdie nkihumuliia ninili ka inji liaga abhe nalibe kiliagaga andulu nitodha nitunge mani sa kola mulimo ndiekina	1			Amba	train	6.478523251686191		False	0.11515151515151512	False	4.672816297649091	0.4619289340101523	True
79c70007d8f4df515b1206bb8d666e7b	57796	spontaneous-speech-rwm-57796.mp3	19260	5905	Kabha nuweyoki mnolelagi okukolageki?	Kibha ndikili na kima ndinkakolai nkitokotaga nilala nanga ali ndia mugaso mabhika oba nkinuwaga libho tolo aya dumbi kilala.	1			Amba	train	5.555555555555555		False	0.06557377049180324	False	4.937711804175944	0.6116751269035533	False
e8eb7188dc741f9c8bd1f3b4b922d0b6	57850	spontaneous-speech-rwm-57850.mp3	23508	5905	Kabha nuweyoki mnolelagi okukolageki?	Kie yokia eti nilelagia ndie nikilolaga ali gia eti nibhuli mikia mukeka tabhi sie injo niagage guli si kedhatu mikia mbata ndia akibha nali bia bia bhia ndangalilo kedhatu kekebhe niye kusia gbutuamili kedhatu niye ke ima ndiamo kindie nkibha ninkisiaga	1			Amba	train	9.103283988429473		False	0.2071713147410359	False	5.358309849670781	0.7944162436548223	False
0038f5497f9f2af927e533e85ee33985	58086	spontaneous-speech-rwm-58086.mp3	19008	5905	Kabha nuweyoki mnolelagi okukolageki?	Kabha ninieyoki ninilelagi nkiyaga ni anga nihumulaku andulu kitodha mami nitodha nitunga mani nkikolaga bhinjo	1			Amba	train	5.103114478114478		False	0.16666666666666663	False	4.579200351835719	0.4086294416243655	True
06abe4fdd40392815ffcffabe9ccddfd	58101	spontaneous-speech-rwm-58101.mp3	20700	5905	Kabha nuweyoki mnolelagi okukolageki?	Okweyokiaga dumbi obha olika mamoti olika nokoliki nohumuli nanga olelagia tolo poni kali sa gia eti okulika nokukolisa kojo ndiako ohumulisage.	1			Amba	train	5.990338164251208		False	0.13475177304964536	False	4.739168480656652	0.49915397631133673	True
aff82a045868be1573431402cd4ccddc	58299	spontaneous-speech-rwm-58299.mp3	34056	5905	Kabha nuweyoki mnolelagi okukolageki?	Kabha noweyoki nolelagi, oku okulikaga kedha oye ohange koma koma oye otuge libho ohoge kuoga okutunga, mani nanga libho akibisaga mani kobha nolelagi kuoga okutunga mani kedha kohanga ko ma okutunga mani	1			Amba	train	5.079868451961476		True	0.34825870646766166	False			False
268635e5ac8169d00be91a407e38d7f4	58513	spontaneous-speech-rwm-58513.mp3	7488	5905	Kabha nuweyoki mnolelagi okukolageki?	Nkiyaga ka ndabho ndiamo nihumula nianga	1			Amba	train	4.674145299145299		True	0.0	False			False
14482a129cdad77b883cf44ab8ee2666	58643	spontaneous-speech-rwm-58643.mp3	25128	5905	Kabha nuweyoki mnolelagi okukolageki?	Nkipesiaga libho lyaga bhakpa ndi bhamo nkipesiaga adivaisi nkipesiaga businge Kiki giaga nti kikole mulimo akikipesia sente	1			Amba	train	4.297994269340975		False	0.20661157024793386	False	4.53541154150121	0.37478849407783416	True
7b8ce0a081d9ccda7626927c5eec42d2	58839	spontaneous-speech-rwm-58839.mp3	18900	5905	Kabha nuweyoki mnolelagi okukolageki?	Kabha ninilelagi nkiogaga libho mahelela kabha ninilelagi nkiagagabe kabha ninilelagi nkizibagi nkizibaga andiki ndia apasu kolai kedha pesiami mani kedha ninuwa libho	1			Amba	train	7.724867724867724		False	0.35365853658536583	False	4.9304517811525	0.6082910321489001	False
839194823957ef6cf0af192facc00f2e	59025	spontaneous-speech-rwm-59025.mp3	19476	5905	Kabha nuweyoki mnolelagi okukolageki?	Nkicwagaku nilikaga nanga nkibaga eti mulimo ndie nibhi ka kolai nidhakia kalibe kima poni ndia akitodha talabanizami kabwa sigikilia eti ndie nikolio andihau ndie nibhi ka dhakiliai andu ndie kidhuaga nikola bhinjo	1			Amba	train	9.447525159170262		False	0.19339622641509435	False	4.201642991984054	0.19035532994923857	True
ce1fe571c632c175c538f2de6c2f35a4	59272	spontaneous-speech-rwm-59272.mp3	4068	5905	Kabha nuweyoki mnolelagi okukolageki?	Okuya nokuanga o nokuhumula	1			Amba	train	5.899705014749262		True	0.08333333333333337	False			False
09bbee7d294906c21ab763ff5ca35ee2	59739	spontaneous-speech-rwm-59739.mp3	13356	5905	Kabha nuweyoki mnolelagi okukolageki?	Nini liagi kieyokiaga kulungi nanga miki mindiamo akibhaga nali liaga dumbi nkiyaga ka pologulamu ndiekina eti bba kima abhongia	1			Amba	train	8.235998802036537		False	0.06399999999999995	False	4.310358995174035	0.24111675126903553	True
839194823957ef6cf0af192facc00f2e	57391	spontaneous-speech-rwm-57391.mp3	19620	5906	Okukolageki sini kabha nodhaki liya ndia tabhabhugobhugo?	Kimesia lia ndia tamabhugo bhugo ndie nkikolaga nikiyaga ndie nkikola nkiyaga ali iya kabha ninili na bisisani ndiamo ka dilo nkiyaga  niziba makulu ndia ndia  ka ka saha bhali salo kimesia kiziba makulu njo dumbi niye nihange kalibe ndie kina ndi nkikolaga bba  ali injo ukaka	1			Amba	train	11.671763506625892		False	0.27372262773722633	False	4.8334006595194685	0.5490693739424704	True
06abe4fdd40392815ffcffabe9ccddfd	57835	spontaneous-speech-rwm-57835.mp3	10368	5906	Okukolageki sini kabha nodhaki liya ndia tabhabhugobhugo?	Nki nkitikaga miki bhaya sumba kabhesu lieli ndia katamabhugobhugo kilia kakababe kizibu poni	1			Amba	train	7.8125		False	0.05555555555555558	False	4.9939386574811	0.6387478849407784	False
01afad16deed014c336c39ed0790a0bc	57888	spontaneous-speech-rwm-57888.mp3	25056	5906	Okukolageki sini kabha nodhaki liya ndia tabhabhugobhugo?	Kabha ninidhaki liya ndia tamabhugobhugo ndyeni kikolaga andi lika na ini ndiamo habhulabho ndiani kikabha bhayeliyebhe kabha ninidhaki liy ndia tamabhugomhugo nkiyaga ka dilo ka nguwa nguwa ndyabha zungu ndybha kyetagaku tv kabha ninidhaki liya ndia tama bhugobhugo ndyekiki namakolai nkiyaga ni humula niyanga	1			Amba	train	10.69604086845466		False	0.3571428571428571	False	5.120247004408152	0.6954314720812182	False
ce1fe571c632c175c538f2de6c2f35a4	57908	spontaneous-speech-rwm-57908.mp3	9216	5906	Okukolageki sini kabha nodhaki liya ndia tabhabhugobhugo?	Okuyaga ka ima nokuanga nokulala	1			Amba	train	3.038194444444444		False	0.10344827586206895	False	5.907791796489672	0.928087986463621	False
aff82a045868be1573431402cd4ccddc	58107	spontaneous-speech-rwm-58107.mp3	30816	5906	Okukolageki sini kabha nodhaki liya ndia tabhabhugobhugo?	Kobha nodhaki lia lieli ndiako tamabhugo-bhugo okuteketa olikebe ka inji ndiako obhueke bhaniki ndibhako bhutandike hanula, kodhakia hanula oye ohange nanga bwile akibha na liyagi dumbi okuya ohange	1			Amba	train	5.549065420560748		False	0.1384615384615384	False	5.079833669370527	0.6776649746192893	False
268635e5ac8169d00be91a407e38d7f4	58124	spontaneous-speech-rwm-58124.mp3	20196	5906	Okukolageki sini kabha nodhaki liya ndia tabhabhugobhugo?	Hii nkizibaga makulu kidhakia ziba makulu nikolabe  asainimenti homu waka  na bhaniki ndibhamo kidhakia kola asainimenti ndia bhali nai kisaba kibhidhakia saba dumbi kianga	1			Amba	train	7.278669043374925		False	0.21893491124260356	False	5.890140049103063	0.9213197969543148	False
0038f5497f9f2af927e533e85ee33985	58492	spontaneous-speech-rwm-58492.mp3	29880	5906	Okukolageki sini kabha nodhaki liya ndia tabhabhugobhugo?	Kabha ninidhaki liaga tama bugobugo nkicwagaku nilikaga nihumulikana imamoti nijoka eti kaliaga kyalo naliabe kilikaga niniokiani mikia ledio kedha yenijiba bisisani ndia bhajungu ka dilo kabha nalibei ndia bhajungu kabha nalibei dumbi kituka menjo yeni anga kabha ninidhaki ogami	1			Amba	train	8.099062918340026		False	0.24187725631768953	False	5.4497392374075915	0.8324873096446701	False
79c70007d8f4df515b1206bb8d666e7b	58811	spontaneous-speech-rwm-58811.mp3	17280	5906	Okukolageki sini kabha nodhaki liya ndia tabhabhugobhugo?	Nki nuwaga nkiteketaga nuwa libho dhumbi nihongelabhe nkya soda nibha ninidhaki lyeli nihumulabhe nanga ali samani sini sini	1			Amba	train	6.192129629629629		False	0.12396694214876036	False	5.334750927673473	0.7859560067681896	False
7b8ce0a081d9ccda7626927c5eec42d2	58919	spontaneous-speech-rwm-58919.mp3	19656	5906	Okukolageki sini kabha nodhaki liya ndia tabhabhugobhugo?	Kodhakia liaga ndia tamabhugobhugo kopasubuwe oye owa owa owageku kedha otekwtwvowogw kedhatu opesianeku na bhadako makulu kedhatu obhugie olike nobhundilibe ka inji ndiako nanga bhasuma ni bhalabikibe kedhatu ojibe ngu 	1			Amba	train	9.666259666259666		False	0.1751152073732719	False	5.6531134329462605	0.883248730964467	False
e8eb7188dc741f9c8bd1f3b4b922d0b6	59444	spontaneous-speech-rwm-59444.mp3	25596	5906	Okukolageki sini kabha nodhaki liya ndia tabhabhugobhugo?	kidhakiya liyaai ndia tamabugobugo nkiteketaga humulabe kuti nibundilya mikya libo sa kwehanjiyaga kituka menjo nilike kwwtegulaga na ziba nti saha alike duwai nga ninili keima ndiamo	1			Amba	train	6.172839506172839		False	0.06666666666666665	False	6.329631895830602	0.9670050761421319	False
18df01d60d16de159483408584d06424	59586	spontaneous-speech-rwm-59586.mp3	18540	5906	Okukolageki sini kabha nodhaki liya ndia tabhabhugobhugo?	Kidhakiya lia ndia tamabugomugo inkihumulagabe kuti nibhundilya saha sa bhushangi baitu ndiye nki hangimbe nkiteketaga nimwesenga sengiya  Mambombi andulu nihanga	1			Amba	train	7.659115426105718		False	0.05660377358490565	False	6.462659179294196	0.9754653130287648	False
09bbee7d294906c21ab763ff5ca35ee2	59645	spontaneous-speech-rwm-59645.mp3	13680	5906	Okukolageki sini kabha nodhaki liya ndia tabhabhugobhugo?	Nibhudhaki liyaga tamabhugo-bhugo bhukuyaga bhuo bhubhuwa libho bhaisa libho ka kioghelo bhuwoga dumbi bhuya ka ndabho bhusaba dumbi bbasi bhuya bhuanga	1			Amba	train	9.649122807017545		False	0.2348993288590604	False	5.494304639042588	0.8451776649746193	False
aff82a045868be1573431402cd4ccddc	57786	spontaneous-speech-rwm-57786.mp3	54648	5907	Okolageki kabha nuweyoki nolwali?	Kabha niweyoki nolwali okuya kokuya ka a sipatala okuya ka sipatala bhakukebele bhakutolie kima ndia ndio olwalio bhakupe mubazi bhakupesie mubazi omedhe kedha bhakutele  nkinjo kabha ka sipatala ndia kaliku okubhuwa sente oye osumbe mubazi kedha bizuma omedhe olame nanga kabha ndio kweyokia ndiokoli na mani kandi nolwali okuya ka sipatala bhakukebele bhakupesie bizuma omedhe kedha bhakubhinde nkinjo olame nanga bwomzi ali kima sa mani 	1			Amba	train	6.843800322061191		True	0.4462242562929062	False			False
01afad16deed014c336c39ed0790a0bc	58346	spontaneous-speech-rwm-58346.mp3	11556	5907	Okolageki kabha nuweyoki nolwali?	Kabha ninieyoki ninilwali nikiyaga ka sipatala bhanikebela nitunga mubazi	1			Amba	train	5.62478366216684		False	0.05714285714285716	False	4.248197436103538	0.2098138747884941	True
06abe4fdd40392815ffcffabe9ccddfd	58357	spontaneous-speech-rwm-58357.mp3	15876	5907	Okolageki kabha nuweyoki nolwali?	Oye kasipatala bhaye bhaku kebhele adulu kabha taiga ndwali bhakupe mubazi olame nawe obhebe kulungi	1			Amba	train	5.416981607457799		False	0.04123711340206182	False	5.50017191571285	0.8477157360406091	False
79c70007d8f4df515b1206bb8d666e7b	58450	spontaneous-speech-rwm-58450.mp3	22788	5907	Okolageki kabha nuweyoki nolwali?	Kubha niweyoki oti olwalia oye ka sipatala oba oye kindia dokita kedha musomesia ka caci akutolie kima ndia akolai bhaitu nkitoka tolia nkpa aye ka sipatala	1			Amba	train	5.748639634895559		False	0.13725490196078427	False	5.027731640695718	0.6565143824027073	False
0038f5497f9f2af927e533e85ee33985	58481	spontaneous-speech-rwm-58481.mp3	20448	5907	Okolageki kabha nuweyoki nolwali?	Kabha noki nolwali nini lwali nina joka eti nihi ka sipatala yatunga bhujanjabhi andulu nibhebe kulungi kikisobola likami ka inji nili nayami ka sipatala kindia mubaji alio sa yambami	1			Amba	train	7.580203442879499		False	0.13888888888888884	False	5.004113212095851	0.6463620981387479	False
18df01d60d16de159483408584d06424	58687	spontaneous-speech-rwm-58687.mp3	18180	5907	Okolageki kabha nuweyoki nolwali?	Kabha ninieyoki ninilwali dumbi nkiyaga ka sipatala bhanikebela bhakinitakanku ndwali dumbi nitandike tunga bujanjabi	1			Amba	train	5.720572057205721		False	0.14035087719298245	False	4.654705036305274	0.4450084602368866	True
268635e5ac8169d00be91a407e38d7f4	58893	spontaneous-speech-rwm-58893.mp3	16596	5907	Okolageki kabha nuweyoki nolwali?	Nkibhanjaga nibala mubazi ndiamo nimedha kedha niya ka sipatala bha nikebela kibha ninilwali bhanipesia mubazi nimedha ndiki lwali nicuwaku dumbi niya ni aga nihumulabe andulu kamami ni ba  nti nili na mani nkitoka kola milimo ndiamo	1			Amba	train	11.870330200048205		False	0.21739130434782605	False	4.653431380575762	0.44416243654822335	True
14482a129cdad77b883cf44ab8ee2666	59229	spontaneous-speech-rwm-59229.mp3	29880	5907	Okolageki kabha nuweyoki nolwali?	Kabha nemi ninilwali nikiya ka sipatala nitunge mibazi mibazi nikilama kilama nikiteketa kola milimo ndiamo nalami sipatala yaku ali kulungi na government akiteleliaga bhesu poni bhakpa eti kiye kasipatala nokuoka kozo akuzigidhia 	1			Amba	train	6.659973226238287		False	0.14912280701754388	False	5.084844715801237	0.6810490693739425	False
839194823957ef6cf0af192facc00f2e	59387	spontaneous-speech-rwm-59387.mp3	17856	5907	Okolageki kabha nuweyoki nolwali?	Ndio okukolaga okuyaga ka sipatala bhakujanjabha kuweyokia kulungi obika olikaga okola kima ndiekina ndio okukolaga kobha nolweyoki ndio koli na businge ka mubili ndiako dumbi okucuagaku okole eki ohumula kotuka ka sipatala.	1			Amba	train	10.8086917562724		False	0.21266968325791857	False	4.615140053850321	0.42470389170896783	True
ce1fe571c632c175c538f2de6c2f35a4	59393	spontaneous-speech-rwm-59393.mp3	5076	5907	Okolageki kabha nuweyoki nolwali?	Oyage ka sipatala andulu bhakujanjabe	1			Amba	train	6.501182033096926		True	0.0	False			False
7b8ce0a081d9ccda7626927c5eec42d2	59527	spontaneous-speech-rwm-59527.mp3	21456	5907	Okolageki kabha nuweyoki nolwali?	Kola kubha nuweyoki nolwali ndia kokubanja okuya ka spatula ndia kebhali ojibhengu omweholulibhe mkpa mindyetolo kolo kulija nolikagi wekaka ndyakesalo oli na jobha ngu webhindiliya kajibha kedha owangibhe kedha otungibhe businge ndia kesalo ojibhe ngu oyi kakwekebhelesiya	1			Amba	train	11.045861297539153		False	0.18148148148148147	False	5.904434397497629	0.9272419627749577	False
09bbee7d294906c21ab763ff5ca35ee2	59715	spontaneous-speech-rwm-59715.mp3	18216	5907	Okolageki kabha nuweyoki nolwali?	Kiba ngu nilwalia emi dumbi nkikabha nitandike ka sipatala andulu niezibe kozo ndiamo bhasi kabha ninibhongi ka kozo bhanikebele bhanibhongise nitandike mibazi	1			Amba	train	7.575757575757575		False	0.1858974358974359	False	4.85426672114604	0.5651438240270727	True
79c70007d8f4df515b1206bb8d666e7b	57348	spontaneous-speech-rwm-57348.mp3	18180	5908	Okukolaga bhoni ngoye ndiako likilia nabeni?	Emi benaiya nkiogisaga ngoye ndiamo kandi dhe nibisa ka mugamba kandi nigola ngoye ndiamo	1			Amba	train	4.18041804180418		False	0.18604651162790697	False	5.1648931941641	0.7148900169204738	False
06abe4fdd40392815ffcffabe9ccddfd	57432	spontaneous-speech-rwm-57432.mp3	22788	5908	Okukolaga bhoni ngoye ndiako likilia nabeni?	Ngoye ndiako lika nawelekani akubisaga okutandikaga ogisai andulu ngoye injo alike nawelekani kandi kakabhe ndia kokoleki ndyakulika nalujiyo nanga omesi golai andulu ojwale nalikulungi	1			Amba	train	7.109004739336493		False	0.18131868131868134	False	4.879720336036041	0.5752961082910322	True
2a714f0f48c3450f78b159dbfd6c6c04	57629	spontaneous-speech-rwm-57629.mp3	22968	5908	Okukolaga bhoni ngoye ndiako likilia nabeni?	Ngoye ndiamo lika na bheni eki likaga ni kisukusa na sabuni mesia nikai ka oma ni bhuwe pasi ni nanwage nai dubhi ni bhale kidi nkibisa kidia nkpa kakilika na limesa njo akilika nabheni	1			Amba	train	6.617903169627308		False	0.1648351648351648	False	5.973102797788181	0.9357021996615905	False
01afad16deed014c336c39ed0790a0bc	57905	spontaneous-speech-rwm-57905.mp3	15120	5908	Okukolaga bhoni ngoye ndiako likilia nabeni?	Ngoye ndiamo lika na beni kilola kibhuaku dou bhali bhakiogisaga nibisa kindia abenio katodha lolai nigola	1			Amba	train	6.018518518518518		False	0.04854368932038833	False	5.106546748205506	0.6895093062605753	False
14482a129cdad77b883cf44ab8ee2666	58208	spontaneous-speech-rwm-58208.mp3	26568	5908	Okukolaga bhoni ngoye ndiako likilia nabeni?	Ngoye ndiamo akilikaga na bheni eki hogisaga na sabuni eki ghaga ngoye njo ni hisa ka libho kendha ka tapu ni bhisa kabafu egoye poni na sabuni niki teketa ogisai	1			Amba	train	5.006022282445047		False	0.2075471698113207	False	5.684405808297826	0.88917089678511	False
268635e5ac8169d00be91a407e38d7f4	58527	spontaneous-speech-rwm-58527.mp3	18396	5908	Okukolaga bhoni ngoye ndiako likilia nabeni?	Mmm buli ngoye ndie nijwalua nkiogisag dumbi nigola nibisa nkikolaga  bhinjo eti ngoye ndiamo kidhakia ogisai nkilgolaga nibisa ka mugamba  kindia abbenia kindia akilika na abenia	1			Amba	train	8.262665796912373		False	0.1875	False	5.373326236332086	0.8003384094754653	False
0038f5497f9f2af927e533e85ee33985	58776	spontaneous-speech-rwm-58776.mp3	23796	5908	Okukolaga bhoni ngoye ndiako likilia nabeni?	Ngoye ndiako like nabeni ali lika no ogisi nogoli komamikana nai sibha uma bhaogise kedha kukidha bhadole bhaogise bha anikilie andulu ngoye ndiako alike nabhongi naomi nabhongi natelelagi ali ngoye ali ogisai	1			Amba	train	7.480248781307783		False	0.24757281553398058	False	5.283474989216208	0.7681895093062606	False
ce1fe571c632c175c538f2de6c2f35a4	58802	spontaneous-speech-rwm-58802.mp3	7236	5908	Okukolaga bhoni ngoye ndiako likilia nabeni?	Okuogisaga na libho mabhonga na sabbuni  nokubisa aa ka mani	1			Amba	train	6.909894969596462		True	0.052631578947368474	False			False
7b8ce0a081d9ccda7626927c5eec42d2	58988	spontaneous-speech-rwm-58988.mp3	19656	5908	Okukolaga bhoni ngoye ndiako likilia nabeni?	Ngoye ndiako lika nabeni okubhuwaga pasi ogola ogisa oisa ka sanduku haaa oziba ngu haaa oanikili ka mani aomia oziba ngu okulika no nawe nogi ka kozo nobeni ka kozo	1			Amba	train	6.919006919006919		False	0.18518518518518523	False	6.754944009006304	0.9890016920473773	False
e8eb7188dc741f9c8bd1f3b4b922d0b6	59517	spontaneous-speech-rwm-59517.mp3	21348	5908	Okukolaga bhoni ngoye ndiako likilia nabeni?	Zibe eti ngoye ndiamo aliki nawlikani kedhatu nabeni kisumbaga mikia sabbuni nibha na libho nisukusa dhakia ogisai ninike ndia akibha nalibe mikia pasi tabhi sie injo nikolisiliebe ka nanuagai	1			Amba	train	7.682218474798576		False	0.08994708994709	False	5.189792994983018	0.7241962774957699	False
aff82a045868be1573431402cd4ccddc	59574	spontaneous-speech-rwm-59574.mp3	13896	5908	Okukolaga bhoni ngoye ndiako likilia nabeni?	Ngoye nkiogisaga niogola nibisa ka hanga lundi ka sanduku andulu ngoye ndiamo alike naenikani	1			Amba	train	5.757052389176741		False	0.06666666666666665	False	5.49957382140334	0.8468697123519459	False
06abe4fdd40392815ffcffabe9ccddfd	57622	spontaneous-speech-rwm-57622.mp3	22680	5909	Okutungaga bhoni libho mabhonga ndiabenio ka kyalo ndianu?	Kikiyaga ka mbungu kibhuaku libho andulu libho injo akikoleki akiyamba kandi aki ambisia lieli ndia bhesu ndibha kyekoliliaga kandi bhakali na ndhibho ndibha bhagbei bhuwai ka mbungu	1			Amba	train	6.878306878306878		False	0.2067039106145251	False	4.849184975940548	0.560067681895093	True
79c70007d8f4df515b1206bb8d666e7b	57982	spontaneous-speech-rwm-57982.mp3	16020	5909	Okutungaga bhoni libho mabhonga ndiabenio ka kyalo ndianu?	Libho mabhonga kikitungiliaga ka tapu ndiasu bhaidu kikitokaga kitoka  kihamba nanga akibhaga ndia kabhongi bba	1			Amba	train	5.992509363295881		False	0.16666666666666663	False	3.9878141250606496	0.10067681895093063	True
18df01d60d16de159483408584d06424	58189	spontaneous-speech-rwm-58189.mp3	18396	5909	Okutungaga bhoni libho mabhonga ndiabenio ka kyalo ndianu?	Gavumenti akola kasu libho nakidoisa kasu ka byalo libho injo kikikozesaga ndulu zibe eti kinuwa na kozessi milimo ndietolo ka byalo	1			Amba	train	6.0882800608828		False	0.12403100775193798	False	4.260621805613038	0.21489001692047377	True
01afad16deed014c336c39ed0790a0bc	58534	spontaneous-speech-rwm-58534.mp3	12240	5909	Okutungaga bhoni libho mabhonga ndiabenio ka kyalo ndianu?	Libho ka ngongua mbili kikitunga haa  tukai ka ndia Gavumenti akola ndia bhakigiyagaku sa tapu libho sa nsenke	1			Amba	train	7.516339869281046		False	0.08411214953271029	False	5.05049597116885	0.6632825719120136	False
0038f5497f9f2af927e533e85ee33985	58647	spontaneous-speech-rwm-58647.mp3	15156	5909	Okutungaga bhoni libho mabhonga ndiabenio ka kyalo ndianu?	Libho mabhonga mabena kikitunganga mbula naladhoki kolegia na ka tapu tapu kabha nalibei bia bia newe okutungaga libho mabena 	1			Amba	train	7.059910266561098		False	0.19512195121951215	False	5.54363667309656	0.8570219966159053	False
268635e5ac8169d00be91a407e38d7f4	58672	spontaneous-speech-rwm-58672.mp3	18576	5909	Okutungaga bhoni libho mabhonga ndiabenio ka kyalo ndianu?	Bhesu kikitungiliaga ka tapu  tapu andulu  dia akikipesiaga libho mabhonga ndia kebhali libho mabbena ndia abhongio  kikitungaga bwile sa mbula mbula ka dhoka kikilegiaga libho injo kitandika nuwai akibhaga nabhongili kimui ndie kina kikiyembiaga libho andulu abhonga kinuwa	1			Amba	train	12.5968992248062		False	0.3025830258302583	False	4.501367456931035	0.34856175972927245	True
839194823957ef6cf0af192facc00f2e	58961	spontaneous-speech-rwm-58961.mp3	17388	5909	Okutungaga bhoni libho mabhonga ndiabenio ka kyalo ndianu?	Libho ndie kikitunganga ndia abhongio ka ngongwa mbili ndiasu ali tapu bhajungu bhabikisa kasu tapu andulu ndie akikiyambaga kikizosaga ka ngongwa mbili ndiasu kalibei kima  ndiekina ndiekina baa kikiozesaga	1			Amba	train	10.236945019553714		False	0.2647058823529411	False	4.0787451438790505	0.1412859560067682	True
e8eb7188dc741f9c8bd1f3b4b922d0b6	59089	spontaneous-speech-rwm-59089.mp3	21996	5909	Okutungaga bhoni libho mabhonga ndiabenio ka kyalo ndianu?	libho ndia kiba nali mabheba ka kyalo ndie kindiasu nkitungaga bakali nibai moi ki ndia bakibha  ni babgei tugilyai yoho ndia bakibusaga ka nguwa mujungu ndia lukaku ati tapu ali bya musungelo toto	1			Amba	train	7.455901072922349		False	0.1391752577319587	False	5.876863705291778	0.9179357021996616	False
aff82a045868be1573431402cd4ccddc	59262	spontaneous-speech-rwm-59262.mp3	14328	5909	Okutungaga bhoni libho mabhonga ndiabenio ka kyalo ndianu?	Kikitungiliaga ka ka kpolo-kpolo sa sa libho lundi ka ngolo sa libho lundi lundi ka tapu nanga alibe tapu ndiali ka ka ngonguwa mbili.	1			Amba	train	7.747068676716918		False	0.32061068702290074	False	5.447776348792373	0.8299492385786802	False
2a714f0f48c3450f78b159dbfd6c6c04	59497	spontaneous-speech-rwm-59497.mp3	19368	5909	Okutungaga bhoni libho mabhonga ndiabenio ka kyalo ndianu?	Ka kyalo ndiasu libho amabhonga kikibhuaga ka nsulo na ndietolo kilekisa libho mambulaye.	1			Amba	train	3.9756299049979344		False	0.08139534883720934	False	5.182634779743191	0.7225042301184433	False
09bbee7d294906c21ab763ff5ca35ee2	59738	spontaneous-speech-rwm-59738.mp3	15228	5909	Okutungaga bhoni libho mabhonga ndiabenio ka kyalo ndianu?	Okutungilaga ka byalo nanga babhisa kamiseke ndyekina ka nsulo nadyekinna ka mbula na dhoki dhumbi okitungulyagaku mbula	1			Amba	train	6.829524560021014		False	0.1282051282051282	False	6.072274920601262	0.9424703891708968	False
14482a129cdad77b883cf44ab8ee2666	57343	spontaneous-speech-rwm-57343.mp3	27000	5910	Obhutungi banyama tina inji ndiako?	Kainji ndiamo aliku bhameme  alikuba koko mbata mbata injo inkisumbaga nkisasulaga sukulu fizi ndia  bhaniki so ali kulungi	1			Amba	train	3.851851851851852		False	0.1333333333333333	False	4.676129060716702	0.46277495769881555	True
18df01d60d16de159483408584d06424	57418	spontaneous-speech-rwm-57418.mp3	25776	5910	Obhutungi banyama tina inji ndiako?	Na ka inji ndiamo nibhutungi bhawakame  bhawakame bali na mugaso mabhika sini nanga bhakilikaga nibhakibhusumba okulikaga nokubhugodhisiliabe   sente kandi na bhali na nyama ndiabho abhongili kimui bhali na nyama ama swala kandi ka bwomezi ndia nkpa kali na bizibu amabhika sini  tabhi nyama ndiekina ndia bhakpa ndia bhakiliaga	1			Amba	train	10.74643078833023		False	0.3107692307692308	False	4.276356775474734	0.22419627749576987	True
268635e5ac8169d00be91a407e38d7f4	57481	spontaneous-speech-rwm-57481.mp3	21456	5910	Obhutungi banyama tina inji ndiako?	Nibhutungi bhameme hamui na moti bhakoko andimi bhakali ka inji kindiamo hamui na bilibhqtq nau aliku hhh bhenjo bhakiniyambaga zibe eti kibhusumbesa nkitungakubsente sa sukulu fizi hhh kedha nisumbaku kima ndie tolo ndia ka inji	1			Amba	train	9.088366890380314		False	0.11946902654867253	False	4.5137517315088775	0.3587140439932318	True
01afad16deed014c336c39ed0790a0bc	57996	spontaneous-speech-rwm-57996.mp3	12888	5910	Obhutungi banyama tina inji ndiako?	Nibhuli na bhameme nibhuli na bhanguya nibhuli na bhambuwa bhakoko bha pusu bhenjo andbho bhanyama ndibhe nibhutungi ka inji ndiamo	1			Amba	train	8.690254500310367		False	0.265625	False	4.847861270882287	0.5583756345177665	True
06abe4fdd40392815ffcffabe9ccddfd	58060	spontaneous-speech-rwm-58060.mp3	13500	5910	Obhutungi banyama tina inji ndiako?	Bhakoko imamoti na bhameme	1			Amba	train	1.7037037037037035	transcription-length	False	0.0	False	4.977400302285684	0.6294416243654822	False
aff82a045868be1573431402cd4ccddc	58089	spontaneous-speech-rwm-58089.mp3	22068	5910	Obhutungi banyama tina inji ndiako?	emi kainji ndiamo nibutungi ba meme na ba koko andulu njo banyama ndibhenimulinaye na banguya ba koko ba meme e nibutungiya	1			Amba	train	4.667391698386804		False	0.23333333333333328	False	5.845597435171713	0.9103214890016921	False
79c70007d8f4df515b1206bb8d666e7b	58425	spontaneous-speech-rwm-58425.mp3	15876	5910	Obhutungi banyama tina inji ndiako?	Nitungia bhanyama tano ka inji ndiamo ndia akidhuaga bhakpa nibhakitia ndia akidhuaga nemi ninkibha na mani ka inji ndiamo injo	1			Amba	train	6.802721088435375		False	0.2661290322580645	False	3.7226804785981003	0.028764805414551606	True
ce1fe571c632c175c538f2de6c2f35a4	58543	spontaneous-speech-rwm-58543.mp3	9720	5910	Obhutungi banyama tina inji ndiako?	Niliku na meme bhakoko bhanguya ka inji ndiamo	1			Amba	train	4.012345679012346		False	0.023255813953488413	False	5.191599475517476	0.7250423011844331	False
839194823957ef6cf0af192facc00f2e	58730	spontaneous-speech-rwm-58730.mp3	20520	5910	Obhutungi banyama tina inji ndiako?	Nibhuliku na bameme ninki bhaku na koko ninki baku na bhikibata nte kibitungimbe na ba mbuwa kibulinai niliku nabani nkya njanguwa dhe ka inji ndiamo ondu banyama ndibheni butungiya	1			Amba	train	7.4561403508771935		False	0.1404494382022472	False	6.387147089910715	0.9703891708967851	False
0038f5497f9f2af927e533e85ee33985	58896	spontaneous-speech-rwm-58896.mp3	16416	5910	Obhutungi banyama tina inji ndiako?	Bhanyama ndibhe nibhutungi ka inji ali bhanguya hamui na bhameme bhenjo andibho banyama ndibhe nibhutungi ka inji bhanguya hamui na bhameme	1			Amba	train	7.249025341130604		False	0.4191176470588235	False	4.845492137118645	0.5575296108291032	True
e8eb7188dc741f9c8bd1f3b4b922d0b6	58992	spontaneous-speech-rwm-58992.mp3	17856	5910	Obhutungi banyama tina inji ndiako?	Enindi bhanyama ndibhe nibhutugio  bhali bhebhali  bhokaka bhantama bhani kilinabho ndibhetolo bhasweka nanga zibe nti bhabuka bhabhugodhiliaga	1			Amba	train	7.000448028673834		False	0.16428571428571426	False	4.331041249468092	0.25042301184433163	True
09bbee7d294906c21ab763ff5ca35ee2	59751	spontaneous-speech-rwm-59751.mp3	6336	5910	Obhutungi banyama tina inji ndiako?	Kili nabho bba kindiamo bba kuyo bha neibba bhali nabho	1			Amba	train	7.2601010101010095		True	0.21153846153846156	False			False
268635e5ac8169d00be91a407e38d7f4	57288	spontaneous-speech-rwm-57288.mp3	23328	5911	Kikiyamba bhoni bha na mpempa ka ngonguambili ndiasu?	Kiki buyambaga biyo jibha eti kibi na mgeso la bhitwike ndiasu kindye kitukililiya ndia kebali kiuamba bakpa ndiba kakyesobola jibheti kibukolilia milimo ndiabho byaba kaikulu bya benko kibhuhogisilye kibu pesiye nkya sente koba noli nai ka kunda kibuyamba bakaikulu bya bhenjo omwogusikie kubhupesie mikia sente kabha noli nai ka kunda bhia nkpa ngbeku ka kyalo ndiabhesu yoho	1			Amba	train	13.76028806584362		False	0.21657754010695185	False	5.529539978790549	0.8536379018612521	False
06abe4fdd40392815ffcffabe9ccddfd	57346	spontaneous-speech-rwm-57346.mp3	22068	5911	Kikiyamba bhoni bha na mpempa ka ngonguambili ndiasu?	Nkikola ka bhenjo ndibha habwa ndibha kibhaga na mpaka andulu kibhuyambe ndibhali na mbusa	1			Amba	train	3.4892151531629505		False	0.16091954022988508	False	4.050858520098922	0.12521150592216582	True
01afad16deed014c336c39ed0790a0bc	57680	spontaneous-speech-rwm-57680.mp3	25200	5911	Kikiyamba bhoni bha na mpempa ka ngonguambili ndiasu?	ndia kateketa andi ba ni kisomi ki somo sa dini na bgai na yeliyaibhe ndia kebali kisome kisomo sa gavumenti ndia kesalo andi ba nikili na bulemi amabonga ndia keini andi nkpa poni ba na gbei kwe kolilya mulimo ndiaki ndia kingodhisilya ka inji ndiaki ndia kehini anduwe nkuma inji ba noli sa zibhilyaibe ka badako	1			Amba	train	10.27777777777778		False	0.27331189710610937	False	4.481715091266758	0.3333333333333333	True
18df01d60d16de159483408584d06424	57861	spontaneous-speech-rwm-57861.mp3	18540	5911	Kikiyamba bhoni bha na mpempa ka ngonguambili ndiasu?	Bha na mpempa  ka ngogwa mbili kili na tolia bhakpa bhudilia businge ndia bha kakilika nibha kikola kima mazagaga no nibha kikola kima ama bhoga sa kwebhobisa adulu nabhicweka atoke bhobai	1			Amba	train	8.468176914778857		False	0.17297297297297298	False	4.758164321098024	0.511844331641286	True
839194823957ef6cf0af192facc00f2e	58438	spontaneous-speech-rwm-58438.mp3	21060	5911	Kikiyamba bhoni bha na mpempa ka ngonguambili ndiasu?	Bhikili nesi kikibhuyamba oyo mani ali sindikagabho ka sipatala bhaye bhaddakitali ndibhasu bhabhe nesi bhakibhuyamba bhabhusobolole nesi bhagbei kweyokia andulu bhabhuyambe.	1			Amba	train	7.31244064577398		False	0.21052631578947367	False	4.3206475799092585	0.24534686971235195	True
ce1fe571c632c175c538f2de6c2f35a4	58741	spontaneous-speech-rwm-58741.mp3	10548	5911	Kikiyamba bhoni bha na mpempa ka ngonguambili ndiasu?	Agbokiliani abhebe gbanana na pesianaga makulu	1			Amba	train	3.886992794842624		False	0.0	False	5.655432698122467	0.8840947546531303	False
2a714f0f48c3450f78b159dbfd6c6c04	58882	spontaneous-speech-rwm-58882.mp3	25236	5911	Kikiyamba bhoni bha na mpempa ka ngonguambili ndiasu?	Bha na mpempa ka ngongwa mbili ndiasu kili na lika niki lika sisdha sidhana nikipesiana bitelezo kaziba bizibu ndie kikibha nikili nai andulu kibhe na mpempa ka ngongwa mbili ndiasu	1			Amba	train	6.02314154382628		False	0.3089887640449438	False	3.5300297069352937	0.010998307952622674	True
7b8ce0a081d9ccda7626927c5eec42d2	58939	spontaneous-speech-rwm-58939.mp3	15768	5911	Kikiyamba bhoni bha na mpempa ka ngonguambili ndiasu?	Kanga bha na mpempa ka ngongwa mbili ndiasu bhuwabe bhia bhulemo-lemo tabhi injo kitunga mpempa ziba eti kibhusomesi bhaniki kitunga mpempa ziba eti kitungi sente kiebheisie kitunga mpempa bha na lieli kitunga mpempa kanga bha na ndwala ndwala	1			Amba	train	13.06443429731101		False	0.375	False	3.927765814840259	0.08375634517766498	True
09bbee7d294906c21ab763ff5ca35ee2	59290	spontaneous-speech-rwm-59290.mp3	8316	5911	Kikiyamba bhoni bha na mpempa ka ngonguambili ndiasu?	Ka ngongwabili bhaku na mpempa osemelelu obhe na ngeso andulu   buli nkpa poni akubhaga nakupesi mpempa amabhonga	1			Amba	train	11.423761423761423		False	0.0636363636363636	False	4.063537596336475	0.13451776649746192	True
e8eb7188dc741f9c8bd1f3b4b922d0b6	59425	spontaneous-speech-rwm-59425.mp3	20736	5911	Kikiyamba bhoni bha na mpempa ka ngonguambili ndiasu?	Sa bhasu na mpempa ka kyalo ndiasu kizibe eti kibhindi ndulu kidhoise kowa bhenjo ndibha bhakitoka zunasu tai bhabhindili ndibha bhakibisagabe kalembe bhia bhasilikale bhalemi ndibhasu bhalike nibhaibhi nesi bhuliki ndyasu aliyo	1			Amba	train	9.500385802469136		False	0.19999999999999996	False	4.460055208402616	0.3223350253807107	True
aff82a045868be1573431402cd4ccddc	59567	spontaneous-speech-rwm-59567.mp3	32040	5911	Kikiyamba bhoni bha na mpempa ka ngonguambili ndiasu?	Bhenjo kikibhuabula kikibhuhaula bhadhue mpaka bhadhue mpaka kibhuhabule nesi mpaka ali kima zidhi akisga ngongwa mbili mbusa bhakakoma kigia gavumenti atekinge abhuhabule	1			Amba	train	4.681647940074907		False	0.22619047619047616	False	5.313927379992023	0.7791878172588832	False
14482a129cdad77b883cf44ab8ee2666	59680	spontaneous-speech-rwm-59680.mp3	23400	5911	Kikiyamba bhoni bha na mpempa ka ngonguambili ndiasu?	Bha na mpempa ka ngongwa mbili ndiasu ni bha na liaga iya ka kanisa okaniaga bhazaire ndibhasu ehhh bha na mpempa ni kola kima poni ni ka isa ka mumaiso	1			Amba	train	5.256410256410256		False	0.20805369127516782	False	4.220768169484479	0.20050761421319796	True
2a714f0f48c3450f78b159dbfd6c6c04	57517	spontaneous-speech-rwm-57517.mp3	22356	5912	Lyeli ndiako ndiokulyaga okutungaga bhoni?	Lieli ndiamo ndie nikiliyaga amamadha nibhuaga ka tiko ndie niekunilio nkumi ndietolo niye nisumba ka simana ndietolo bhanipa	1			Amba	train	4.830917874396135		False	0.17213114754098358	False	4.3972815833531635	0.2859560067681895	True
01afad16deed014c336c39ed0790a0bc	57609	spontaneous-speech-rwm-57609.mp3	22680	5912	Lyeli ndiako ndiokulyaga okutungaga bhoni?	Leli ndiamo ndie nikiliaga nikihagaga nkumi ka tiko ndiamo ndie kikitoka tabhi tabhi gbebhe konje muhogo guna bhikole ndie kikitoka gu ndie kitoka gubai bnia nyanya butungulu injo nkiyaga ndulu sumbai ka simana	1			Amba	train	7.848324514991182		False	0.24154589371980673	False	5.0938016932963075	0.6844331641285956	False
268635e5ac8169d00be91a407e38d7f4	57707	spontaneous-speech-rwm-57707.mp3	18360	5912	Lyeli ndiako ndiokulyaga okutungaga bhoni?	Lieli ndiamo ndie nkliaga  moti nkibhuaga ka tiko bhia bingbanga gbebhe guna na konje ndiekina nkisumbaga ka katale bhia bhikole nyama na mucele	1			Amba	train	6.59041394335512		False	0.12765957446808507	False	5.102258068810546	0.6869712351945855	False
839194823957ef6cf0af192facc00f2e	57857	spontaneous-speech-rwm-57857.mp3	25020	5912	Lyeli ndiako ndiokulyaga okutungaga bhoni?	Alibe mulingo mabhika ndio okutungiluagaku lileli ndio okulia alibe pagasa nkap kamesia kakuziba eti oliku bwesigibwa akukupesiaga mulimo ndiako oya opagasa akupa mikia sente mesia pako mikia sente oya osumba lieli ndiako okilia alibe gia eti bba oli na tiko ndiko oyebokle obhweku lieli ndiako abike akuyambe na famile ndiako ndio okubha noli nai ka inji	1			Amba	train	11.990407673860911		False	0.2642045454545454	False	5.449593615621057	0.8316412859560067	False
0038f5497f9f2af927e533e85ee33985	58277	spontaneous-speech-rwm-58277.mp3	10620	5912	Lyeli ndiako ndiokulyaga okutungaga bhoni?	Lieli ndie kikilikagaga ndietolo akitukaga ka tiko ka tiko ka keha ku kugba mikia sente oyo osumba kaka tale	1			Amba	train	8.47457627118644		False	0.1428571428571429	False	4.661209421916103	0.4526226734348562	True
06abe4fdd40392815ffcffabe9ccddfd	58578	spontaneous-speech-rwm-58578.mp3	14580	5912	Lyeli ndiako ndiokulyaga okutungaga bhoni?	Bhikighubaga kikiyaga kikola ki ghubha lyeli ndyabhesu kandi kiki bhuwaga ka tiko ndyekina kisumba	1			Amba	train	5.829903978052126		False	0.12631578947368416	False	4.707320412998054	0.48307952622673433	True
79c70007d8f4df515b1206bb8d666e7b	58836	spontaneous-speech-rwm-58836.mp3	17136	5912	Lyeli ndiako ndiokulyaga okutungaga bhoni?	Liaga mabhika nkibhuwaga ka musili ndiamo tabhi kacoli poni nkibhuwaga ka musili ndiamo bhetu pipi andulu ndinkisumbaga dumbi niliya liaga ndiamo.	1			Amba	train	7.352941176470589		False	0.2517482517482518	False	4.576119426159804	0.40524534686971236	True
18df01d60d16de159483408584d06424	58859	spontaneous-speech-rwm-58859.mp3	24048	5912	Lyeli ndiako ndiokulyaga okutungaga bhoni?	Lieli ndie kikolaga kibhuaga ka tiko nili na tiko ndia aliku nambali kindie nkibhuaga lieli sa liai kandi lilei injo alibe ndie kisumbesaga zibe eti nibhoiku sente ndia akiniyambaga milimo ndiekina ndia ka inji	1			Amba	train	7.360279441117764		False	0.21739130434782605	False	4.067542863810807	0.13705583756345177	True
09bbee7d294906c21ab763ff5ca35ee2	59039	spontaneous-speech-rwm-59039.mp3	6588	5912	Lyeli ndiako ndiokulyaga okutungaga bhoni?	Lieli ndiekikiliaga kikibhuaga ka tiko na ndietolo kikibhuaga ka kakatale	0			Amba	train	9.714632665452337		True	0.2571428571428571	False			False
e8eb7188dc741f9c8bd1f3b4b922d0b6	59128	spontaneous-speech-rwm-59128.mp3	26856	5912	Lyeli ndiako ndiokulyaga okutungaga bhoni?	Lyeli ndiamo ndianki lyaga ki ndiamo kala siyo yenibuwaga ka tiko ndiamo kekebhe nali tabi ndia lelu yoho gwaki dhe lelu kikyesa sumbai dumbino babhika bahamba ka siuabhe otodhe olwaniliye nkya mbangana sasumba ndietolo	1			Amba	train	6.925826630920464		False	0.1527777777777778	False	5.750798775697558	0.8993231810490694	False
aff82a045868be1573431402cd4ccddc	59661	spontaneous-speech-rwm-59661.mp3	9108	5912	Lyeli ndiako ndiokulyaga okutungaga bhoni?	Lieli ndie nikiliaga nikibhuaga ka tiko obundi nisumba kakatale	1			Amba	train	6.038647342995168		False	0.06666666666666665	False	4.038115721822392	0.11759729272419628	True
79c70007d8f4df515b1206bb8d666e7b	57345	spontaneous-speech-rwm-57345.mp3	19980	5913	Okukolaga bhoni ka jaguza bhia tolo sa Kolosimansi/Nweli, Idi kedha ka ngonguambili ndianu?	Emi nkiyaga ka caci nisaba dumbi niliya na famile ndiamo liaga ndia bhongi sini sini kandi ka kiliya niyabe ka mikya bala ninuwabe bhanikya mwenge	1			Amba	train	6.106106106106106		False	0.13286713286713292	False	4.813170306298627	0.538917089678511	True
18df01d60d16de159483408584d06424	57378	spontaneous-speech-rwm-57378.mp3	26928	5913	Okukolaga bhoni ka jaguza bhia tolo sa Kolosimansi/Nweli, Idi kedha ka ngonguambili ndianu?	Nweli kahika kedha tolo poni ndiekikietekanizaga kikijaguzaga kedha kikilikaga nikietakanizi hahwa tolo injo kikisumbaga liaga, kisumba ngoye tolo njo ndiakahikimbe andulu tolo injo ka kaduwa osangwe niwetekanizi nanga akibhagabe liaga na jwala kulungi kandi kikiyaga hambali   ka bicweka ndie kikisabiliagaku	1			Amba	train	9.952465834818776		False	0.22549019607843135	False	4.9758990685805	0.628595600676819	False
06abe4fdd40392815ffcffabe9ccddfd	58017	spontaneous-speech-rwm-58017.mp3	18180	5913	Okukolaga bhoni ka jaguza bhia tolo sa Kolosimansi/Nweli, Idi kedha ka ngonguambili ndianu?	Hiii nabhesu kikiebhingiaga kindia kijagujo injo alio andulu nabhesu kibika kijiba kijibilabe nanga alibe ndibha bhakibikaga nibha kijiba andulu ndio okutuganga mageji ojiba ndio okukola	1			Amba	train	8.910891089108912		False	0.2513661202185792	False	4.585356094461449	0.4120135363790186	True
0038f5497f9f2af927e533e85ee33985	58076	spontaneous-speech-rwm-58076.mp3	21708	5913	Okukolaga bhoni ka jaguza bhia tolo sa Kolosimansi/Nweli, Idi kedha ka ngonguambili ndianu?	Jaguza tolo sa nueli ka ngongwa mbili buli nkpa ali na nesi akihagujaga bhaitu endindi ka nueli bhakisumba nyama bhasumba ngoye bhasumba soda bhanu bitamiza bhasumba bitamiza so bhakijagujaga ka ngeli mbula injo ka ngongwa mbili ndiasu	1			Amba	train	9.167127326331306		False	0.31034482758620685	False	4.993945012572993	0.6395939086294417	False
14482a129cdad77b883cf44ab8ee2666	58808	spontaneous-speech-rwm-58808.mp3	27108	5913	Okukolaga bhoni ka jaguza bhia tolo sa Kolosimansi/Nweli, Idi kedha ka ngonguambili ndianu?	Nikiusumbaga liaga nikusumbaga ngoye bhanyama ka bbuca ka ngongwa mbili ngongwa mbili ndiasu nikigia eti bhaniki kiye ka kisomo ka tolo ndia nueli kikiliaga mamoti na kikidhedheluaga mamoti	1			Amba	train	5.9760956175298805		False	0.25268817204301075	False	4.011068360274898	0.10998307952622674	True
7b8ce0a081d9ccda7626927c5eec42d2	58880	spontaneous-speech-rwm-58880.mp3	15768	5913	Okukolaga bhoni ka jaguza bhia tolo sa Kolosimansi/Nweli, Idi kedha ka ngonguambili ndianu?	nkisumbaga kabhaniki ndibamo liaga ndia kebhali kyegonza na mbina ndia kesalo kibhutunga bhageni ndia keini kiba nesi kilo kikulu injo alibe bwille poni ndia ketano akibha jibe eti benu poni  bhutakatakaniya	1			Amba	train	11.161846778285136		False	0.1568627450980392	False	4.604140950670873	0.42047377326565144	True
ce1fe571c632c175c538f2de6c2f35a4	58914	spontaneous-speech-rwm-58914.mp3	6696	5913	Okukolaga bhoni ka jaguza bhia tolo sa Kolosimansi/Nweli, Idi kedha ka ngonguambili ndianu?	Okusumbaga ka famile ngoye mabhonga nokusumba lyeli mabhonga ka famile	1			Amba	train	9.109916367980883		True	0.29850746268656714	False			False
01afad16deed014c336c39ed0790a0bc	59053	spontaneous-speech-rwm-59053.mp3	13608	5913	Okukolaga bhoni ka jaguza bhia tolo sa Kolosimansi/Nweli, Idi kedha ka ngonguambili ndianu?	Kikidhedheluaga sini kibhuola bhanyama kizwakla ngoye mpyaka kiliaga imamoti na bhadsu ndibhetolo kiya ka kusenga sengia ka tolo abili na mulutano ndibhabho  hanuwa mwenge	1			Amba	train	10.802469135802468		False	0.09523809523809523	False	5.230586620143294	0.7385786802030457	False
839194823957ef6cf0af192facc00f2e	59244	spontaneous-speech-rwm-59244.mp3	24408	5913	Okukolaga bhoni ka jaguza bhia tolo sa Kolosimansi/Nweli, Idi kedha ka ngonguambili ndianu?	bwele njo kikibaga nandyekikola nkye lisiaga kulungi nijwala dhani ngoye ndiamo ndiabhongiyo nidhakiya tolo ndiamo bye hini kenkikole mulimo poni andulu nesi nkijaguza kulisimansi ndiamo	1			Amba	train	6.6371681415929205		False	0.10382513661202186	False	5.262419456944408	0.7521150592216582	False
aff82a045868be1573431402cd4ccddc	59686	spontaneous-speech-rwm-59686.mp3	10188	5913	Okukolaga bhoni ka jaguza bhia tolo sa Kolosimansi/Nweli, Idi kedha ka ngonguambili ndianu?	Nkyeyokiaga ninidhedhelu, nisumba ngoye ndiamo niya ka saba nijaghuja tolo injo sa kulisimansi	1			Amba	train	8.048684727129956		False	0.02197802197802201	False	5.360416085764373	0.7952622673434856	False
09bbee7d294906c21ab763ff5ca35ee2	59736	spontaneous-speech-rwm-59736.mp3	13248	5913	Okukolaga bhoni ka jaguza bhia tolo sa Kolosimansi/Nweli, Idi kedha ka ngonguambili ndianu?	Kulisimasi kikisumbaga liaga bhaniki kibhusumbulia ngoye dumbi na nyama bhaniki bhegonza bhaya ka kisomo	1			Amba	train	6.868961352657005		False	0.1188118811881188	False	4.75155005743817	0.5101522842639594	True
01afad16deed014c336c39ed0790a0bc	57894	spontaneous-speech-rwm-57894.mp3	17748	5914	Okukolisaga nguwa tina ka kola?	Nguwa ndie nikikolisaga ka kola andi nguwa ndia  bhakietagaku computa na simu ndiamo dia bhakietagaku simati foni	1			Amba	train	5.409060175794456		False	0.18181818181818177	False	4.866278361374141	0.5693739424703892	True
18df01d60d16de159483408584d06424	57902	spontaneous-speech-rwm-57902.mp3	24516	5914	Okukolisaga nguwa tina ka kola?	Kabhe ninili ka kola ka tiko nkigbaga nsuka nigba kipanga injo nguwa akiniyambaga ndulu katandika kola kabha ninikakola ka tiko na milimo ndiekina ndienkibhaga ninidulaniku nguwa injo akibhaga nakiniyamba	1			Amba	train	7.178985152553434		False	0.2786069651741293	False	4.643325921397627	0.43908629441624364	True
0038f5497f9f2af927e533e85ee33985	57942	spontaneous-speech-rwm-57942.mp3	16668	5914	Okukolisaga nguwa tina ka kola?	Kakola nki kozesaga nguwa nki kozesaga kipanga nsuka na nkusu endindi nkusu endindi kili ka kipanga hamui na nsuka nkikozesga ndulu endindi sini sini ka kola ka tiko	1			Amba	train	8.279337652987762		False	0.38888888888888884	False	5.245834710619253	0.7478849407783418	False
268635e5ac8169d00be91a407e38d7f4	57962	spontaneous-speech-rwm-57962.mp3	9936	5914	Okukolisaga nguwa tina ka kola?	Nkikolisaga nsuka hamwi na kipanga kedha silasi ka kola.	1			Amba	train	4.830917874396135		False	0.0	False	6.155743039650953	0.9526226734348562	False
09bbee7d294906c21ab763ff5ca35ee2	58132	spontaneous-speech-rwm-58132.mp3	6480	5914	Okukolisaga nguwa tina ka kola?	Ka kokola kikikozesaga kipanga hamui na nsuka	1			Amba	train	6.018518518518518		True	0.023809523809523836	False			False
839194823957ef6cf0af192facc00f2e	58416	spontaneous-speech-rwm-58416.mp3	18828	5914	Okukolisaga nguwa tina ka kola?	Nili na bimpale bimpale ngbeku ndie nikikozesaga ka tiko kedha nili kayami ka tiko poni poni kindie nikiya bhaitu ndia kalib eti nikamamikani bba bhaitu ninili ka tiko nikikozesaga bisibo ndiamo ndia ka inji bimpale ngbeku	1			Amba	train	9.932016146165289		False	0.35159817351598177	False	4.762992988806293	0.5152284263959391	True
e8eb7188dc741f9c8bd1f3b4b922d0b6	58487	spontaneous-speech-rwm-58487.mp3	29016	5914	Okukolisaga nguwa tina ka kola?	Nguwa sa kolisai kindie nkibha ninilio na sini kiya ka tiko nkibhaga ninili na kipanga abhebe nsuka nitodhe nibhe na kisalizo natabhi sie injo sini tai ka tolo sa kodhai koko kekebhe injo alibe na nguwa sa tetisa makulu yau sebhalisio kili na bhanikia simu ndie kikikolisaga	1			Amba	train	7.857733664185276		False	0.18450184501845024	False	5.301484358370509	0.7741116751269036	False
79c70007d8f4df515b1206bb8d666e7b	58575	spontaneous-speech-rwm-58575.mp3	16380	5914	Okukolisaga nguwa tina ka kola?	Nkikozesaga nguwa tabhi simu ninili ka kolami na laputopu ninili kakolami kandi aniyamba sini nanga nikikozesga bwile pipi ka kolami 	1			Amba	train	6.898656898656899		False	0.2153846153846154	False	4.916076149941183	0.5981387478849408	True
ce1fe571c632c175c538f2de6c2f35a4	59221	spontaneous-speech-rwm-59221.mp3	4536	5914	Okukolisaga nguwa tina ka kola?	Okukozesaga mikya nsuka namikya mupanga	1			Amba	train	7.716049382716049		True	0.08333333333333337	False			False
2a714f0f48c3450f78b159dbfd6c6c04	59594	spontaneous-speech-rwm-59594.mp3	16200	5914	Okukolisaga nguwa tina ka kola?	Kakola nkikolisaga kipanga nsuka na nkusu	1			Amba	train	2.2222222222222223	transcription-length	False	0.02631578947368418	False	6.118014112714974	0.9475465313028765	False
06abe4fdd40392815ffcffabe9ccddfd	57376	spontaneous-speech-rwm-57376.mp3	25380	5915	Okukola eki masnalji kekabhe nali ka kyalo ndianu?	Kikolaga masanyalazi kedha andulu akiyambe kwekolisa na kima poni ndia kikibha nikikakolai nanga andulu ndia akikiyambaga ka jiga ka gola ka kola kima poni ndia keki ndia ka inji	1			Amba	train	5.91016548463357		False	0.26857142857142857	False	3.8843823326376543	0.07445008460236886	True
aff82a045868be1573431402cd4ccddc	57846	spontaneous-speech-rwm-57846.mp3	75168	5915	Okukola eki masnalji kekabhe nali ka kyalo ndianu?	Kabha masanyazi ndia kali ka ka ka kyalo ndianu ondio okukola okkuya okuya okukabha sente oye osumbe sola bhabise ka ndabho andulu otunge masanyalazi kedha ndiakokedhs okuya ka gavumenti obiseku laso ndiako oti no kindiasu bhikili na masanyalazi bhabikise kana masanyalazi bhaitu injo bhakagia gia eti bhakakibikisa kanu masanyalazi okuya osumbe sola bhabise ka ndabho ndiako andulu otunge masanyalazi otunge kibbemu nanga palafini asia ka kyalo ndibhe ingbe bhabhikikozesa mole hati mole asia ka kyalo okuya osumbe sola bhabise ka ndabho ndiako otunge kibbemu	1			Amba	train	6.345785440613026		True	0.45421903052064627	False			False
09bbee7d294906c21ab763ff5ca35ee2	58075	spontaneous-speech-rwm-58075.mp3	10368	5915	Okukola eki masnalji kekabhe nali ka kyalo ndianu?	Masanyalazi nateti ka kyalo ndia bhenu bhukusumbaga toci bhusumba sola andulu ndia akikolaga ka byalo ndia bhesu	1			Amba	train	9.25925925925926		False	0.17431192660550454	False	4.054728250933508	0.12859560067681894	True
839194823957ef6cf0af192facc00f2e	58119	spontaneous-speech-rwm-58119.mp3	19620	5915	Okukola eki masnalji kekabhe nali ka kyalo ndianu?	Kima ndio ogbei kolai injo kalibe gia eti nkpa akukutalibaniza kowaisi ali sigikilia eti kima ndio okukola  ali ndiako kowako kalibe nkpa poni talabanizako ka kima ndio kolai injo kima akibhaga bhinjo 	1			Amba	train	8.56269113149847		False	0.303030303030303	False	4.13254655026244	0.15736040609137056	True
268635e5ac8169d00be91a407e38d7f4	58185	spontaneous-speech-rwm-58185.mp3	21168	5915	Okukola eki masnalji kekabhe nali ka kyalo ndianu?	Okusumba tala andulu bhalike kozesai bhia ka cajinga akupesiage laiti mabhonga hhh okejesagebe kima ndiekina ka ndabho  bhia ka fuliji ndiako na ledio muziki osoboka kozesa sola	1			Amba	train	7.086167800453515		False	0.09195402298850575	False	6.086314719366656	0.9450084602368867	False
0038f5497f9f2af927e533e85ee33985	58809	spontaneous-speech-rwm-58809.mp3	11916	5915	Okukola eki masnalji kekabhe nali ka kyalo ndianu?	Masanalazi ndia kali ka kyalo ndiasu oli na sumba sola ndiaokulika kozesai ndulu bhia masanalazi	1			Amba	train	6.881503860355824		False	0.12903225806451613	False	4.967416159047556	0.626057529610829	False
ce1fe571c632c175c538f2de6c2f35a4	58866	spontaneous-speech-rwm-58866.mp3	13608	5915	Okukola eki masnalji kekabhe nali ka kyalo ndianu?	Okuntolia Memba sa Palamenti aise koi makulu ka gavumenti ndia bhuganda bhabikise masanyalazi ka ngongwa mbili ndiako	1			Amba	train	7.422104644326867		False	0.07894736842105265	False	5.316969587375821	0.7817258883248731	False
14482a129cdad77b883cf44ab8ee2666	59112	spontaneous-speech-rwm-59112.mp3	5616	5915	Okukola eki masnalji kekabhe nali ka kyalo ndianu?	Masayalazi injo kihandika ka gaumenti	1			Amba	train	5.876068376068376		True	0.0	False			False
18df01d60d16de159483408584d06424	59158	spontaneous-speech-rwm-59158.mp3	21600	5915	Okukola eki masnalji kekabhe nali ka kyalo ndianu?	Masanyalazi kakabhe nali ka kicweka ndianu bhukunga  ofisi ndia abhuli bia bia ndia agbanaganibe na ka masanyalazi zibe eti bhabhubisebe ka masanyalazi ndulu na bhenu bhabhubisibe ka masanyalazi 	1			Amba	train	7.685185185185185		False	0.32291666666666663	False	5.032295617890491	0.6573604060913706	False
2a714f0f48c3450f78b159dbfd6c6c04	59361	spontaneous-speech-rwm-59361.mp3	25128	5915	Okukola eki masnalji kekabhe nali ka kyalo ndianu?	Masanalazi kekebhe nali ka kyalo ndiasu nikubhupesia  bhadami magezi kilungane kiye kiduwe kindia muhikili akise ka ofise injo  ndia akibhupesiaga bhakpa masanalazi, kiehandikise andulu na bhesu bhakipesie masanalazi	1			Amba	train	7.441897484877428		False	0.16901408450704225	False	4.935834536488037	0.6099830795262268	False
e8eb7188dc741f9c8bd1f3b4b922d0b6	59516	spontaneous-speech-rwm-59516.mp3	23076	5915	Okukola eki masnalji kekabhe nali ka kyalo ndianu?	Kakabha masanyalazi bhai ka kyalo ndie kindiasu agbokiliani kizibe eti kibhubhingie bhaikili ndibhasu bhakolisilie laso ndiasu kowa bhenjo ndibha bhakibha nibhagbei kolaiku sekina andulu bhabike bhakitilie bhazibe andiki ndia agbei leukanai	1			Amba	train	9.100364014560585		False	0.19831223628691985	False	4.236610118717639	0.20558375634517767	True
18df01d60d16de159483408584d06424	57450	spontaneous-speech-rwm-57450.mp3	22788	5916	Ali nesiyo tina ndia bhakpa bhakitungilyagaku makulu na poni ndia aenikaniyo?	Haaa bhakpa bhali na nesio mamadha ndia bhakitungilyagaku makuku alibe makulu ndibha kitungilyaga ka ledio haaa alibe makulu ndibha kitungilyaga ka mpapulo sa makulu kandi kalasio alibe yabhabhetaga kilembe manyisa bhakpa  ngu alibe kima ndia agube	1			Amba	train	9.303142004563805		False	0.3346938775510204	False	4.380259470114729	0.27834179357022	True
268635e5ac8169d00be91a407e38d7f4	57471	spontaneous-speech-rwm-57471.mp3	25308	5916	Ali nesiyo tina ndia bhakpa bhakitungilyagaku makulu na poni ndia aenikaniyo?	Kiki tunganga makulu nikili katungiliai ka ledio bhia  mehe Kondibhugiyo makulu kiki tungilia ka UBC akikipesiaga bhakpa makulu ndia aenikanio ndia kebhali kikitungiliaga makulu ka ma simu bhakpa ndibha bhali ma simu sa simati bhakitungiliaga makulu ka intaneti ndia kesalo kikitungiliaga makulu ka bhembenji ndibha bhessu ceya mani  L C I  L C II  ka kitwike	1			Amba	train	11.853959222380276		False	0.3820224719101124	False	4.5016498959748095	0.3494077834179357	True
0038f5497f9f2af927e533e85ee33985	58642	spontaneous-speech-rwm-58642.mp3	13068	5916	Ali nesiyo tina ndia bhakpa bhakitungilyagaku makulu na poni ndia aenikaniyo?	Makulu kikikutungaga tukai ka ledio kama simu na ka nanoko nkpa bika toliako ndia akibha nabgei fuwaiku	1			Amba	train	6.657483930211203		False	0.030000000000000027	False	5.601101154610958	0.8697123519458545	False
14482a129cdad77b883cf44ab8ee2666	58888	spontaneous-speech-rwm-58888.mp3	27288	5916	Ali nesiyo tina ndia bhakpa bhakitungilyagaku makulu na poni ndia aenikaniyo?	Bhakpa bhakitungaga makulu ka laso ndiaka  ledio bhakpa bhakitungaga bhakiyaga ka mitingizi oo sidha sidhana bhakpa bhakizibaga bhakpa ndibhao bhakipesiaga makulu injo injo ali sosi ndia tungaga makulu ka kyalo ndiasu 	1			Amba	train	6.816182937554969		False	0.38139534883720927	False	4.117618397223906	0.1505922165820643	True
01afad16deed014c336c39ed0790a0bc	58942	spontaneous-speech-rwm-58942.mp3	10188	5916	Ali nesiyo tina ndia bhakpa bhakitungilyagaku makulu na poni ndia aenikaniyo?	Sebalisiyo babgei tungilya makulu ka lediyo babgei tungilya kama simu babgei tungilya ka mpapulo ndia bakihandikaga sa makulu na kama tv	1			Amba	train	11.38594424813506		False	0.3308270676691729	False	5.265517062322262	0.754653130287648	False
ce1fe571c632c175c538f2de6c2f35a4	59254	spontaneous-speech-rwm-59254.mp3	10800	5916	Ali nesiyo tina ndia bhakpa bhakitungilyagaku makulu na poni ndia aenikaniyo?	Bhakuenaga makulu kabha nkpa na antolia na mikia simu na ka ledio na ka mapapula	1			Amba	train	6.111111111111111		False	0.10389610389610393	False	6.58483375319207	0.9822335025380711	False
839194823957ef6cf0af192facc00f2e	59368	spontaneous-speech-rwm-59368.mp3	19440	5916	Ali nesiyo tina ndia bhakpa bhakitungilyagaku makulu na poni ndia aenikaniyo?	Bhakpa bhakitungaga makulu kowa kima ndialiku bhia dou salo, alibe message nakibhabe teliliaki simu nakibhabe lediyo injo andulu makulu ndia yekikojesaga ndia sa bwangu bwangu ka nkpa ndia nkpa ndia akitungiliagaku.	1			Amba	train	9.516460905349794		False	0.21226415094339623	False	4.980502613832761	0.6328257191201354	False
e8eb7188dc741f9c8bd1f3b4b922d0b6	59545	spontaneous-speech-rwm-59545.mp3	18900	5916	Ali nesiyo tina ndia bhakpa bhakitungilyagaku makulu na poni ndia aenikaniyo?	Maso sa tungiliaiku makulu ndia aenikanio oli na zibe  eti  oli na ledio oli na simu kima injo akukupesiaga makulu yau	1			Amba	train	5.079365079365079		False	0.14782608695652177	False	5.128631822002634	0.6971235194585449	False
aff82a045868be1573431402cd4ccddc	59688	spontaneous-speech-rwm-59688.mp3	9648	5916	Ali nesiyo tina ndia bhakpa bhakitungilyagaku makulu na poni ndia aenikaniyo?	Makulu kikitungiliaga ka simu na ka lediyo na nkpa bika toliako.	1			Amba	train	5.597014925373134		False	0.049180327868852514	False	4.89587626524387	0.5854483925549916	True
06abe4fdd40392815ffcffabe9ccddfd	57901	spontaneous-speech-rwm-57901.mp3	23760	5917	Okukolaga eki kabha ndiekuli na lyeli ndia akibhudhakia?	Sebhalisio sebhalisio kikisumbaga bhanikia bhanikia kunda sa mucele kedha kunda sa buhunga obisabe na bihimba hee olika nobhubhundili bhaniki ndibhako nanga andulu sebhalisio nanga bhulibwa kindie kikikolilia kikisumbaga lieli injo kikisa ka ndabho 	1			Amba	train	9.09090909090909		False	0.26016260162601623	False	4.699938869082982	0.47884940778341795	True
0038f5497f9f2af927e533e85ee33985	58043	spontaneous-speech-rwm-58043.mp3	19368	5917	Okukolaga eki kabha ndiekuli na lyeli ndia akibhudhakia?	Ndio okusobola kolai ndio koli na lieli ndia akidhakia famile oli na zoka eti akili buli nkpa lelu bhio bhakaiba eti lelu kabhudhaki ozoke uma kyalo kasia otodhi ongelaibe mikia kima ndia akisobola kutisa famile ndiako	1			Amba	train	9.448574969021063		False	0.1813953488372093	False	5.119013856975728	0.694585448392555	False
7b8ce0a081d9ccda7626927c5eec42d2	58376	spontaneous-speech-rwm-58376.mp3	24480	5917	Okukolaga eki kabha ndiekuli na lyeli ndia akibhudhakia?	Kibha ndikili na liaga ndia akinidhakia nkikola na mani toda guba ndietolo, kibha ndikili na sente na liaga nkibhaga nitunga sente kindie nkibhuwa nijibha ngu nikoli ki ni sumbi liaga nibisi ka sitowa, kibha ndikili na lieli nkijibhaga ngu nikozesi mani ka sakai ka bhadami kibha ndikili na lieli nkiyaga ka bhakpa bhajibha ngu bhanipesi kima poni sabhaibe nai makanga luba muhu bhia saha kasomiliai	1			Amba	train	13.684640522875815		False	0.36616161616161613	False	4.836068336812196	0.5541455160744501	True
79c70007d8f4df515b1206bb8d666e7b	58466	spontaneous-speech-rwm-58466.mp3	21060	5917	Okukolaga eki kabha ndiekuli na lyeli ndia akibhudhakia?	Nkiyaga kindia neibba anipesiabe nkia lieli oba nisumba lieli ndietolo oba tolo ndietolo nkiyaga nibhakinipesiabe nkia sente kibha ndiekilinai dumbi nisumba lieli ndia akikidhakia	1			Amba	train	7.407407407407407		False	0.31818181818181823	False	4.5132612872975555	0.35786802030456855	True
268635e5ac8169d00be91a407e38d7f4	58521	spontaneous-speech-rwm-58521.mp3	18936	5917	Okukolaga eki kabha ndiekuli na lyeli ndia akibhudhakia?	Emi nkiyaga ka dduka kedha ka katale nisumbaku ndiekina kedha ndinkili na sente nkiyaga ka nkpa kindi nkisumbiliaga ntua dduka aniekopisaku lieli dumbi lieli injo nibikisa ka inji bha bhaongelebe keyo ndinili nai andulu akidhakie bhesu bhoponi ka inji.	1			Amba	train	11.301225179552176		False	0.19678714859437751	False	5.0276633971575615	0.6556683587140439	False
01afad16deed014c336c39ed0790a0bc	58662	spontaneous-speech-rwm-58662.mp3	14148	5917	Okukolaga eki kabha ndiekuli na lyeli ndia akibhudhakia?	Kabha ndie kili na lieli ndia akinidhakia nikisumbaga ndietolo kedha niya namusa na kola na guba lieli ka tiko	1			Amba	train	6.502685891998869		False	0.14953271028037385	False	4.136147490537069	0.15905245346869712	True
e8eb7188dc741f9c8bd1f3b4b922d0b6	59307	spontaneous-speech-rwm-59307.mp3	28800	5917	Okukolaga eki kabha ndiekuli na lyeli ndia akibhudhakia?	Kizibe eti kili na lieli ndia akibhudhakia bhakpa ka nji menjo kedha kindia bhesu poni kili na meliai kukizuzuke kiteleme ka kibbula ndiasu kibhe na ndie kikikola ka lubhimbi koi ka tiko nikilia kakola injo na zibe eti mikia mgbili kedhatu mbangana kigbei kisi kakatale ya sumba lieli ndia akikola	1			Amba	train	8.61111111111111		False	0.2108843537414966	False	4.683245600691152	0.4686971235194585	True
2a714f0f48c3450f78b159dbfd6c6c04	59428	spontaneous-speech-rwm-59428.mp3	17316	5917	Okukolaga eki kabha ndiekuli na lyeli ndia akibhudhakia?	Kabha ndie kili na lieli ndia akidhakia bhakpa ndibhamo bhakilikagagabe liaga kuti kuti no nkpa azibe alibe kuti sa angisaki	0			Amba	train	6.063756063756064		False	0.1322314049586777	False	4.906041217247212	0.5896785109983079	True
aff82a045868be1573431402cd4ccddc	59491	spontaneous-speech-rwm-59491.mp3	33156	5917	Okukolaga eki kabha ndiekuli na lyeli ndia akibhudhakia?	Kabha kabha kabha lieli ndiaka kimadha, nki nkicuagamu nkicuagaku lieli injo bhahamba atleast buli nkpa ah ah liyebe kuti kuti paka ekili ah ah ah abhe ahange nalibe nukuwo andulu tolo ndietolo nikabhe lieli ndia akibhudhakiya.	1			Amba	train	5.79080709373869		True	0.21875	False			False
09bbee7d294906c21ab763ff5ca35ee2	59722	spontaneous-speech-rwm-59722.mp3	9216	5917	Okukolaga eki kabha ndiekuli na lyeli ndia akibhudhakia?	Okuya ka katale oye osumbeku liaga andulu bhaniki ndibhako bhaliye nanga ka toko injo koli na lieli	1			Amba	train	9.006076388888888		False	0.04166666666666663	False	4.678156382028457	0.46446700507614214	True
14482a129cdad77b883cf44ab8ee2666	57931	spontaneous-speech-rwm-57931.mp3	32148	5918	Bhakpa ndibha ka ngonguambili ndianu bhalinesiyo tina ndia enyananagi tunga kima sa bhelyaibe?	Bhakpa ka ngonguwa mbili ndiasu bhakibikaga ka sidha-sidhana ndiabho nakihanula Kiki kola bhoni ka solving bizibu injo kima poni ndikikikabha ka canula injo bhakibikaga na answer tai kola moti, bhebhali, bhesalo kedha group.	1			Amba	train	5.97237775289287		False	0.16742081447963797	False	4.5691088732810785	0.3976311336717428	True
06abe4fdd40392815ffcffabe9ccddfd	58246	spontaneous-speech-rwm-58246.mp3	12060	5918	Bhakpa ndibha ka ngonguambili ndianu bhalinesiyo tina ndia enyananagi tunga kima sa bhelyaibe?	Buli mkpa wena ali na kwebeisabhe ka ngongwabili andulu babebhe kulunga nanga buli mkpa ali na nji ndyaki	1			Amba	train	7.296849087893864		False	0.1470588235294118	False	4.873933325355069	0.5727580372250423	True
0038f5497f9f2af927e533e85ee33985	58349	spontaneous-speech-rwm-58349.mp3	24948	5918	Bhakpa ndibha ka ngonguambili ndianu bhalinesiyo tina ndia enyananagi tunga kima sa bhelyaibe?	Bhakpa ndibha ka ngongwa mbili ndia bhesu bhe tina bhali ka tunga kwemeisa sigikilia ka busubuzi hamui na bulimi ndiabho kima ndia bhalimio ya sumbesai bhuaku sente ndia akibhuyamba ka inji ndiabho nabha famile ndiabho	1			Amba	train	7.375340708674042		False	0.18604651162790697	False	3.68941706423156	0.025380710659898477	True
268635e5ac8169d00be91a407e38d7f4	58469	spontaneous-speech-rwm-58469.mp3	14868	5918	Bhakpa ndibha ka ngonguambili ndianu bhalinesiyo tina ndia enyananagi tunga kima sa bhelyaibe?	Nesiyo ndia kokubanja bakpa ndibha ka ngongwa mbili ndiasu bhakitungaga sente tukai  ka koko koko mwani ndibhekina lieli ndia bhakigubaga basumbesa dumbi bhatungaku nkya sente	1			Amba	train	10.088781275221953		False	0.17441860465116277	False	3.9154048202747855	0.07952622673434856	True
01afad16deed014c336c39ed0790a0bc	58489	spontaneous-speech-rwm-58489.mp3	19836	5918	Bhakpa ndibha ka ngonguambili ndianu bhalinesiyo tina ndia enyananagi tunga kima sa bhelyaibe?	Bakolisi subula nibakiolisa tunga maloni niba kikolisa kola bakoli ndimo bya koko na mwani na gbebe na konje	1			Amba	train	4.587618471466021		False	0.1333333333333333	False	6.316874948881722	0.9644670050761421	False
e8eb7188dc741f9c8bd1f3b4b922d0b6	58883	spontaneous-speech-rwm-58883.mp3	22860	5918	Bhakpa ndibha ka ngonguambili ndianu bhalinesiyo tina ndia enyananagi tunga kima sa bhelyaibe?	Bhakpa ndibha ka ngongwa mbili ndiasu nesiyo ndia bhali nai mbamba koliabho kaya tungai kima ndia kibha nali sa bheliaibe moti bhali na okianana na bhalemi ndibha bhakibha nibhaliku nabho bhakumi bheanise nesi bhgbokiliani ndibho bhai na kima injo	1			Amba	train	9.142607174103237		False	0.25	False	4.113792749350222	0.14974619289340102	True
ce1fe571c632c175c538f2de6c2f35a4	59163	spontaneous-speech-rwm-59163.mp3	13500	5918	Bhakpa ndibha ka ngonguambili ndianu bhalinesiyo tina ndia enyananagi tunga kima sa bhelyaibe?	Bhakasomesa bhaniki bhali  na mikia polojekiti sa bumba matafwali kindiabho	1			Amba	train	4.814814814814815		False	0.04166666666666663	False	4.639632895809271	0.4365482233502538	True
839194823957ef6cf0af192facc00f2e	59543	spontaneous-speech-rwm-59543.mp3	21240	5918	Bhakpa ndibha ka ngonguambili ndianu bhalinesiyo tina ndia enyananagi tunga kima sa bhelyaibe?	Bhenjo bhakali na kima uponi ndia bhakigiagaga nanga sigikilia eti buli nkpa akibhaga na mulingo ndiaki ndia aliku ndia bhakaenenagi bba injo adhu ndia abhutalabanizi	1			Amba	train	6.6854990583804135		False	0.16564417177914115	False	3.8654867851960275	0.0676818950930626	True
2a714f0f48c3450f78b159dbfd6c6c04	59624	spontaneous-speech-rwm-59624.mp3	18216	5918	Bhakpa ndibha ka ngonguambili ndianu bhalinesiyo tina ndia enyananagi tunga kima sa bhelyaibe?	Bhakpa ndibha ka gogwabili ndiamo bhali kanesio sa Tunga  kima poni ndia kibhutokisa kwe bhesabhe	1			Amba	train	4.501537110232762		False	0.04255319148936165	False	3.967238953631318	0.09475465313028765	True
09bbee7d294906c21ab763ff5ca35ee2	59717	spontaneous-speech-rwm-59717.mp3	12780	5918	Bhakpa ndibha ka ngonguambili ndianu bhalinesiyo tina ndia enyananagi tunga kima sa bhelyaibe?	Bhakitoka telemisabe mikia kima bba kuyo alibhulwaku ntekeleza andulu ndia akidhuaga bhakpa bhalika nibhakigua eti bhali kalemesako	1			Amba	train	8.998435054773083		False	0.0546875	False	4.196222497769211	0.1895093062605753	True
2a714f0f48c3450f78b159dbfd6c6c04	57330	spontaneous-speech-rwm-57330.mp3	21780	5919	Bhukukola eki ka kyalo ndianu mbula kadhakia tolo biyai kekasokembe?	Mbula kadhkia tolo biai kekebhe nasoki ka kyalo ndiasu kili nayasu ka nkanisa kimueiesengasengie Mambombi kedha kimbale nkpa midia akiluba mbula andulu mbula adhoke	1			Amba	train	6.473829201101928		False	0.08695652173913049	False	5.70669375967143	0.8934010152284264	False
e8eb7188dc741f9c8bd1f3b4b922d0b6	57371	spontaneous-speech-rwm-57371.mp3	27000	5919	Bhukukola eki ka kyalo ndianu mbula kadhakia tolo biyai kekasokembe?	Kindiasu ka ngongwa mbili kedhatu ka kyalo kindie nkisiaga bhikidhakia tolo andijo kikibizibaga eti kieoesiku lika kabha libho mehe nabha moi sini yoho ndia akibikiaga ka nseke bhakali yakabhagai ndibhetolo nibhabisi gua piki piki ndibhetolo nibhakumbagi injo andulu ndia akibhuzunaga	1			Amba	train	9.074074074074074		False	0.1708185053380783	False	4.339909117333338	0.2580372250423012	True
839194823957ef6cf0af192facc00f2e	58195	spontaneous-speech-rwm-58195.mp3	18396	5919	Bhukukola eki ka kyalo ndianu mbula kadhakia tolo biyai kekasokembe?	Ndie kikola ali gba nsuka ndiasu  tegekilia  sizoni ndiasu nesi akibha dumbi kiguba guba kima ndia bwile sa mbula ki kikolaga kima ndiasu nali bwile sa mbula injo akibhaga ndulu kikola bhinjo	1			Amba	train	8.588823657316807		False	0.2872340425531915	False	4.21250623708887	0.19627749576988154	True
0038f5497f9f2af927e533e85ee33985	58474	spontaneous-speech-rwm-58474.mp3	27756	5919	Bhukukola eki ka kyalo ndianu mbula kadhakia tolo biyai kekasokembe?	Mbula kadhakia tolo mabhika kekabhe na soki  injo bhukulikaga bhutekana bhulika imamamoti nanga koli na ndio okusobola kolai lindwa mbula nadhoki bhukulikaga nibhuokiani na kola nau bhudhua na kola	1			Amba	train	6.052745352356247		False	0.2010309278350515	False	4.952936121467186	0.6175972927241963	False
79c70007d8f4df515b1206bb8d666e7b	58548	spontaneous-speech-rwm-58548.mp3	16920	5919	Bhukukola eki ka kyalo ndianu mbula kadhakia tolo biyai kekasokembe?	Mbula ndia kazokimhe kikitoka kozesa libho ndia tapu kolasu ndie kibali ne injo libho kolasu ndie kibali na injo libho kandi kikole kima ndia abhongio na injo libho	1			Amba	train	8.09692671394799		False	0.3354037267080745	False	5.14975048545976	0.7055837563451777	False
ce1fe571c632c175c538f2de6c2f35a4	58630	spontaneous-speech-rwm-58630.mp3	5328	5919	Bhukukola eki ka kyalo ndianu mbula kadhakia tolo biyai kekasokembe?	Ogube mbulu ndiako ka tiko sa lieli	1			Amba	train	5.442942942942943		True	0.0	False			False
268635e5ac8169d00be91a407e38d7f4	58632	spontaneous-speech-rwm-58632.mp3	17640	5919	Bhukukola eki ka kyalo ndianu mbula kadhakia tolo biyai kekasokembe?	Bia bhakpa bhakiyaga ka kola ka katiko andulu bhabhundilie mbula kadhoka bagube lieli ndiabho ndia kebhali bia  bhakpa bhakilikaga nibhabgei saba Luhanga eti abikise mbula andulu bhagube lieli ndiabho	1			Amba	train	9.693877551020408		False	0.2690355329949239	False	4.300950886590183	0.2377326565143824	True
01afad16deed014c336c39ed0790a0bc	58815	spontaneous-speech-rwm-58815.mp3	7308	5919	Bhukukola eki ka kyalo ndianu mbula kadhakia tolo biyai kekasokembe?	Ka kialo ndiasu mbula kadhakia tolo kekasokembe bhikikguba lieli poni	1			Amba	train	8.210180623973727		True	0.0	False			False
09bbee7d294906c21ab763ff5ca35ee2	59727	spontaneous-speech-rwm-59727.mp3	17388	5919	Bhukukola eki ka kyalo ndianu mbula kadhakia tolo biyai kekasokembe?	Mbula katadika sokai bhukuetekanizaga bhuya bhusumba liaga bhukola bhulika nibhubhudhili mbula kasita natadiki dumbi kitadiki dumbi kiye kikune dumbi kitandike  kola	1			Amba	train	8.281573498964802		False	0.2407407407407407	False	5.61813089799943	0.8756345177664975	False
2a714f0f48c3450f78b159dbfd6c6c04	57352	spontaneous-speech-rwm-57352.mp3	27216	5920	Okukola eki kabha ndia kuli na sente ndia akidhakiya sa sasulilia miki mindiako ka sukulu?	Kabha kekebe ninili na sente nili nayamibka sukulu nibhwesegeleze andulu nibhusasulage pipi kedha nimbale nkpa anipesie mulimo aye aonge kami nabho andulu kanipesiaga sente nisage	1			Amba	train	5.6951793062904175		False	0.15340909090909094	False	5.237817911961353	0.7445008460236887	False
0038f5497f9f2af927e533e85ee33985	57560	spontaneous-speech-rwm-57560.mp3	31356	5920	Okukola eki kabha ndia kuli na sente ndia akidhakiya sa sasulilia miki mindiako ka sukulu?	Kabha ndie kili na sente sa sasulilia miki mindiamo ka sukulu nkizoka eti sukulu ndie kibha ninimbisi kavha nayembi nkimuindula nimuise ka sukulu sa sente nke ndia kebhali si nkizoke eti nipaghasia nizoke eti nitungi sente sa miki mindiamo sa sasuliliaki ka sukulu kedha    abha ninili na dhudhu mabhika nkijombabe mikia kima tuti nijoke eti nisumbesia nisasuli miki mindiamo fizi	1			Amba	train	10.1415996938385		False	0.3527851458885941	False	5.0922678186134345	0.6835871404399323	False
aff82a045868be1573431402cd4ccddc	57718	spontaneous-speech-rwm-57718.mp3	10908	5920	Okukola eki kabha ndia kuli na sente ndia akidhakiya sa sasulilia miki mindiako ka sukulu?	Cgjsjdkskdksmsmm DLM  x x DNS   ndmkmlrlmrmllms mills mmS nmdll  f	1			Amba	train	4.858819215254859		False	0.0	False	2.484224493326855	0.0008460236886632825	True
01afad16deed014c336c39ed0790a0bc	57868	spontaneous-speech-rwm-57868.mp3	14328	5920	Okukola eki kabha ndia kuli na sente ndia akidhakiya sa sasulilia miki mindiako ka sukulu?	Nkiyaga ka sukulu nionga na nkuma sukulu bhundilyami doisa ninitungi sente kedha mbangana sa sukulu fizi andulu niya nidhakililia	1			Amba	train	7.747068676716918		False	0.12698412698412698	False	4.575832061692319	0.40439932318104904	True
06abe4fdd40392815ffcffabe9ccddfd	57965	spontaneous-speech-rwm-57965.mp3	19440	5920	Okukola eki kabha ndia kuli na sente ndia akidhakiya sa sasulilia miki mindiako ka sukulu?	Akili okutalibana otalibane ozoke eti oo otunge sente abhe e kolisai kima poni ndio okubha noli nai bbaitu miki mindiako aye mani? aye ka sukulu	1			Amba	train	6.172839506172839		False	0.049645390070921946	False	5.466355661002147	0.8392554991539763	False
e8eb7188dc741f9c8bd1f3b4b922d0b6	58019	spontaneous-speech-rwm-58019.mp3	23148	5920	Okukola eki kabha ndia kuli na sente ndia akidhakiya sa sasulilia miki mindiako ka sukulu?	Sa kolai nali sa zibe eti nidhaki pni sasulila miki mindiamo sente koibka sukulu ndaiki ali zibe eti ndibho ndibha bhakigabaga munda sa sente tabhi sie injo niya kidha bhobe ndia abika ndia sebhalisio ndia bhaluka sa loni abe ka banka abhe kitongole poni ndia akigabaga munda	1			Amba	train	9.892863314325211		False	0.21323529411764708	False	5.139772174472343	0.7038917089678511	False
18df01d60d16de159483408584d06424	58071	spontaneous-speech-rwm-58071.mp3	25956	5920	Okukola eki kabha ndia kuli na sente ndia akidhakiya sa sasulilia miki mindiako ka sukulu?	Kabha  die kili na sente ndia akumesia sa sasulilia miki mindiamo  ka  sukulu emi nkumi bhia mbokoti nkimaga nidua ka sukulu nibhusobolola ngoku ndie kitungi sente ndia akudhakia bhanigumisilizebe nkia nini tungi sente ndia akudhakia dumbi kitunga nikisagaku miki mindiamo asoma	1			Amba	train	9.053783325627986		False	0.2581818181818182	False	4.707718715554012	0.4847715736040609	True
268635e5ac8169d00be91a407e38d7f4	58288	spontaneous-speech-rwm-58288.mp3	20700	5920	Okukola eki kabha ndia kuli na sente ndia akidhakiya sa sasulilia miki mindiako ka sukulu?	Hhh ndia kokubanja kabha ndie kili na sente sa dhakililia sasulilia miki mindiamo ka sukulu nkiekopa nkibala kndie nkiekopa sente kedha ndibha bhakisumbaga koko bhanipesie sente kedha niye ka kigulupu ndia ka kyalo anipesie sente kedha niye ka banka	1			Amba	train	10.193236714975846		False	0.30081300813008127	False	4.431583549296057	0.30287648054145516	True
839194823957ef6cf0af192facc00f2e	58814	spontaneous-speech-rwm-58814.mp3	20808	5920	Okukola eki kabha ndia kuli na sente ndia akidhakiya sa sasulilia miki mindiako ka sukulu?	Koli na ndio okulaga okucwagaku odhuwa kima injo nanga kokusoboka iya ibha sigikilia eti nawe okukabha kola kjma ndia bhadako ndibha bhali na sente ndia bhakakolai okucwagaku odhuwa nanga ibha ali zidhi  oyo okucwagaku lika menjo bhinjo nesi olio	1			Amba	train	9.948096885813149		False	0.2510288065843621	False	4.375168721411552	0.27411167512690354	True
09bbee7d294906c21ab763ff5ca35ee2	58911	spontaneous-speech-rwm-58911.mp3	8748	5920	Okukola eki kabha ndia kuli na sente ndia akidhakiya sa sasulilia miki mindiako ka sukulu?	Sente okumuisa ka sukulu ndia gavumenti UPE naye alike kuwo bhukbhuke ndio otungio ombuweku	1			Amba	train	8.916323731138547		False	0.03409090909090906	False	5.931796082400028	0.9331641285956007	False
ce1fe571c632c175c538f2de6c2f35a4	59151	spontaneous-speech-rwm-59151.mp3	10440	5920	Okukola eki kabha ndia kuli na sente ndia akidhakiya sa sasulilia miki mindiako ka sukulu?	Koisa miki ka sukulu sa gavumenti nanga pologulamu sa miki sa kisomo sa busa alibe	1			Amba	train	6.513409961685824		False	0.11392405063291144	False	4.56134756420123	0.3900169204737733	True
14482a129cdad77b883cf44ab8ee2666	59308	spontaneous-speech-rwm-59308.mp3	28476	5920	Okukola eki kabha ndia kuli na sente ndia akidhakiya sa sasulilia miki mindiako ka sukulu?	Emi sasulilia sukulu fizi ndia miki mindiamo ka sukulu dhakilai niki kola mulimo poni akinipesia jobu yona akigodhisa sente ka ndabho ndiamo nikikola kikikoma nanga nkitunga sukulu fizi nisasule miki mindiamo asome abhe dokita	1			Amba	train	6.77763730861076		False	0.21973094170403584	False	4.70304197260987	0.4813874788494078	True
2a714f0f48c3450f78b159dbfd6c6c04	57275	spontaneous-speech-rwm-57275.mp3	25056	5921	Andi mulimo tina ndia bhakali bhakitoka kolai ka ngonguambili ndianu?	Ka ngongwa-mbili ndiasu,bhakali bhakitoka kola milimo yoho, zibilililia bhaniki, kola ka toko andu bhatunge liaga na kola mulimo ndietolo ndia bhamunyabhabho bhupesia	1			Amba	train	5.787037037037037		False	0.14110429447852757	False	3.872241875006444	0.06937394247038917	True
06abe4fdd40392815ffcffabe9ccddfd	57381	spontaneous-speech-rwm-57381.mp3	23436	5921	Andi mulimo tina ndia bhakali bhakitoka kolai ka ngonguambili ndianu?	Bakali ndi bha kukolaga kima kambili bhakubhaga nibha kayamba ngongwabili onjo bhongai kaKabhe nibhali na nsong a poni bang andibha bakuma businge ka ngongwabili kenjo	1			Amba	train	6.101723843659328		False	0.16463414634146345	False	4.212999974704073	0.19712351945854484	True
e8eb7188dc741f9c8bd1f3b4b922d0b6	57874	spontaneous-speech-rwm-57874.mp3	25776	5921	Andi mulimo tina ndia bhakali bhakitoka kolai ka ngonguambili ndianu?	Mulimo ndia akisakima kowa bhakali zibe eti bhakoli ka ngongwa mbili ndiasu ali zibe eti bhabhuleli  bhaniki ka mulingo ndia akibha nabhongi lika isabho ka sukulu lika isabho mbamba kindia bhakimuesengasengia Mambombi na zibe eti bhakolibe kima sa busubuli na sa bulimi natabhi sie injo	1			Amba	train	9.349782743637492		False	0.25795053003533563	False	3.8697625385065413	0.06852791878172589	True
18df01d60d16de159483408584d06424	57973	spontaneous-speech-rwm-57973.mp3	18900	5921	Andi mulimo tina ndia bhakali bhakitoka kolai ka ngonguambili ndianu?	Moti ka mulimo ndia bhakali bhakutoka kolai ka ngongwa mbili ali sa subula ndia bhakibha ni bhatoki dhe nabho bakutoki dhe bhabho bhakitoka kubhuebembelia bhadabho ka  bigambo sa bwebembeji ndia kubage nalibe ka ngongwambili	1			Amba	train	10.052910052910052		False	0.26696832579185525	False	3.830375297245451	0.05499153976311337	True
0038f5497f9f2af927e533e85ee33985	58020	spontaneous-speech-rwm-58020.mp3	21708	5921	Andi mulimo tina ndia bhakali bhakitoka kolai ka ngonguambili ndianu?	Bhakali bhakitoka kola mulimo ndibha kitoka kolai ka ngonguwa mbili ndiasu andulu yoho bhali  na hulula, bhali na kola, bhali na kweyunga ka bitebe injo akisobola yambabho ka ngonguwa mbili kima salo injo.	1			Amba	train	7.923346231803943		False	0.2524752475247525	False	3.7705915397340584	0.03976311336717428	True
79c70007d8f4df515b1206bb8d666e7b	58143	spontaneous-speech-rwm-58143.mp3	17640	5921	Andi mulimo tina ndia bhakali bhakitoka kolai ka ngonguambili ndianu?	bakali bakitoka lolelela baniki ka inji bakali bakitoka yonja ka inji landi bakali benjo bakitoka kweyambiya kima tabi mandazi ndiba kisumbesa kana nsenge	1			Amba	train	7.482993197278911		False	0.2450331125827815	False	5.302903109076126	0.7749576988155669	False
14482a129cdad77b883cf44ab8ee2666	58175	spontaneous-speech-rwm-58175.mp3	31428	5921	Andi mulimo tina ndia bhakali bhakitoka kolai ka ngonguambili ndianu?	bakali ka ngongwambili ndiasu ali balungi bakizibilyaga baniki bakali bakiyaga ka tiko guba lyaga bakali bakibhikisaga libo bakali bakitangililyaga bagenu bakali bakikolaga tekanija inji poni kulungi	1			Amba	train	5.5364642993508975		False	0.2908163265306123	False	4.855189015004315	0.565989847715736	True
268635e5ac8169d00be91a407e38d7f4	58452	spontaneous-speech-rwm-58452.mp3	17856	5921	Andi mulimo tina ndia bhakali bhakitoka kolai ka ngonguambili ndianu?	Bhakali bhakisobola kweyambia mulimo ndiabhola kolai ali sa kweyambia zibililiai bhaniki ka inji yabho ka tiko kolabho na nsuka mmm na komba ka inji na kola mulimo ndie tolo ka inji	1			Amba	train	8.456541218637993		False	0.2752808988764045	False	4.162680904332159	0.1700507614213198	True
ce1fe571c632c175c538f2de6c2f35a4	58493	spontaneous-speech-rwm-58493.mp3	9108	5921	Andi mulimo tina ndia bhakali bhakitoka kolai ka ngonguambili ndianu?	Bhakali bhakitoka kola  mulimo sa subula na kola tiko	1			Amba	train	4.830917874396135		False	0.07999999999999996	False	3.7730461294200177	0.04060913705583756	True
01afad16deed014c336c39ed0790a0bc	58734	spontaneous-speech-rwm-58734.mp3	23040	5921	Andi mulimo tina ndia bhakali bhakitoka kolai ka ngonguambili ndianu?	Mulimo ndia kateke andi subula mulimo ndia kebhali andi kola ka tiko injo bhakali bhakitoka mulimo ndia kesalo andi sona ngoye mulimo sa kibhoko sona ngoye kyalani mbombo injo poni bhakali bhakitoka ka ngongwa mbili	1			Amba	train	7.855902777777778		False	0.339622641509434	False	3.736499353870111	0.03299492385786802	True
839194823957ef6cf0af192facc00f2e	58875	spontaneous-speech-rwm-58875.mp3	23040	5921	Andi mulimo tina ndia bhakali bhakitoka kolai ka ngonguambili ndianu?	ali mulimo babika nbikakikola nanga sigikilya bakihambaga kasu lyaga batuga kasu libo bakihogisilya mulimo amabika ndibakikolaga kasu andulu ndia akiduwaga kibubisaku kitinisa tai bakali kandi mulimo ndia bakikola uwe tabi uwe muluku kokusobola kingesiyai kima njo	1			Amba	train	9.93923611111111		False	0.24137931034482762	False	5.234046446090712	0.7411167512690355	False
aff82a045868be1573431402cd4ccddc	59077	spontaneous-speech-rwm-59077.mp3	16236	5921	Andi mulimo tina ndia bhakali bhakitoka kolai ka ngonguambili ndianu?	Bhakali bhali na mugaso bhakikiambilaga lieli bhaogisa ngoye ndiasu bhabhokota bhaniki bhaya bhakola bhalolelia inji ndiasu	1			Amba	train	6.651884700665188		False	0.15833333333333333	False	3.8260784683783737	0.0532994923857868	True
09bbee7d294906c21ab763ff5ca35ee2	59281	spontaneous-speech-rwm-59281.mp3	15228	5921	Andi mulimo tina ndia bhakali bhakitoka kolai ka ngonguambili ndianu?	ka ngonguwa mbili bhakutoka kola ka mabhili, ndibhekina bha bhetabe ko busubuzi na ndibhekina bhaye ka ka polipo  nesiyo sebhalisiyo polipo alibe.	1			Amba	train	8.142894667717362		False	0.1748251748251748	False	5.169741300114225	0.7165820642978004	False
268635e5ac8169d00be91a407e38d7f4	57404	spontaneous-speech-rwm-57404.mp3	28728	5922	Ndia akidhuwa bhasika bhaye ka sukulu bhia bhasigazi andiki?	Nsika akiaga ka sukulu bya nsigazi nanga naye akibhalaga asome atunge nulimo andulu atandike yamba famile kindya tukililiyo ndia kebhali nsika kasoma kaya ka sukulu akiyambaga baniki ndibabho ayamba kindya hamaniya na ehanga poni kabha na somi nanga ba sobhola pesiyaki mulimo sya bwa mp aye akoliluw bakpa bhe poni nsibha tuki ka kyalo kenjo	1			Amba	train	10.025062656641603		False	0.19469026548672563	False	5.458390625136099	0.8358714043993232	False
ce1fe571c632c175c538f2de6c2f35a4	57858	spontaneous-speech-rwm-57858.mp3	15768	5922	Ndia akidhuwa bhasika bhaye ka sukulu bhia bhasigazi andiki?	Bhalulu  bhakubhalemesaga tolo ndie kina bhakubhulwaga mikia kima sa kozesa na sente akubhulaga sa sobozesaa bho	1			Amba	train	6.0882800608828		False	0.14678899082568808	False	4.788830030830559	0.5296108291032149	True
06abe4fdd40392815ffcffabe9ccddfd	57883	spontaneous-speech-rwm-57883.mp3	43668	5922	Ndia akidhuwa bhasika bhaye ka sukulu bhia bhasigazi andiki?	Kala ka sukulu ndia akidhua bhasika ndia akidhuwa bhasika bhaye ka sukulu ndia bhasigazi ali gia eti akibhagabe tolo ndia bhakigia eti alibe ndia bhakilunganisa bhasigazi na bhasika bhasomilia imamoti	1			Amba	train	3.915910964550701		True	0.3959390862944162	False			False
01afad16deed014c336c39ed0790a0bc	58236	spontaneous-speech-rwm-58236.mp3	16200	5922	Ndia akidhuwa bhasika bhaye ka sukulu bhia bhasigazi andiki?	Nanga nsi mikie kali kedha nsika na ntabhana bhoponi bugabe ndiabho andi moti gavumenti akigia eti bhakpa poni bhakinganania kandi bhatunge poni ndia bhagbokiliani tungai	1			Amba	train	9.012345679012348		False	0.11976047904191611	False	4.3315707701518305	0.2521150592216582	True
e8eb7188dc741f9c8bd1f3b4b922d0b6	58655	spontaneous-speech-rwm-58655.mp3	32220	5922	Ndia akidhuwa bhasika bhaye ka sukulu bhia bhasigazi andiki?	Ndia akidhuwa bhasika bhaye ka sukulu bhia bhatabhana kedhatu bhasigazi ali nti bhobhalili bhaniki bhenjo bhali bhatua mugaso  bhakadhakia kisomo ndiabho bhio abhe nkaliaki abahe muluaki akialikaga inji ndiaki abhongosia kima yoho na yoho tunga naye agodhisa dhe abhuzuna bhakpa ndibha mehe nabha moi	1			Amba	train	7.945375543140907		False	0.17508417508417506	False	4.488502277970235	0.344331641285956	True
e8eb7188dc741f9c8bd1f3b4b922d0b6	58655	spontaneous-speech-rwm-58655.mp3	32220	5922	Ndia akidhuwa bhasika bhaye ka sukulu bhia bhasigazi andiki?	Ndia kidhuaga bhasika muya ka sukulu bia bha tamana kenda tu bhasigazi alinti mubhale maniki bhenjo bhali bhatwa mugaso ka dhakia kisomo ndiabho bhio abhe kaliaki abhe mulukwaki aki halikaga injo ndiaki abhoghosia kima ndiaki yoho na yoho tungo naye agodisa dhe abhu zuna bheo na bheo	1			Amba	train	7.386716325263811		False	0.18861209964412806	False	5.425686267441501	0.8189509306260575	False
14482a129cdad77b883cf44ab8ee2666	58918	spontaneous-speech-rwm-58918.mp3	27360	5922	Ndia akidhuwa bhasika bhaye ka sukulu bhia bhasigazi andiki?	Andibha bhazaile bhakitoliaga bhaniki ndibhabho bhai ka sukulu na na bhalemi ka sidha sidhana bhakitoliaga bhaniki eti bhaye ka sukulu bhebembezi sa dini poni bhakitoliaga bhaniki bhai ka sukulu na toliabho mugaso ka kisomo 	1			Amba	train	6.944444444444445		False	0.40271493212669685	False	3.8812577180358914	0.0727580372250423	True
0038f5497f9f2af927e533e85ee33985	59064	spontaneous-speech-rwm-59064.mp3	20196	5922	Ndia akidhuwa bhasika bhaye ka sukulu bhia bhasigazi andiki?	Sebhalisio nkali na muluka poni ka kisomo  bali ka levo moti kandi nkali ali na tunga cansi sa tunga mulimo kolia nkpa muluaki kandi bhali na mugaso sini sini kasita avha na somi  natungi mulimo akibhuyambaga bha bhakoti ndibhaki kolia miki mulukuaki	1			Amba	train	10.249554367201425		False	0.25506072874493924	False	4.8049202218667135	0.5346869712351946	True
18df01d60d16de159483408584d06424	59135	spontaneous-speech-rwm-59135.mp3	19728	5922	Ndia akidhuwa bhasika bhaye ka sukulu bhia bhasigazi andiki?	Ndia akudhuwa bhasika nabho nibhakuya ka sukulu bhia bhasigazi nabho bhakutoka kola milimo moti tabhi ndia bhasigazi ndia bhasigazi bhakukolaga kasita bhabha nibhabhupesi nkisa nabho sa soma	1			Amba	train	8.313057583130576		False	0.2887700534759359	False	4.062674207364822	0.1319796954314721	True
839194823957ef6cf0af192facc00f2e	59183	spontaneous-speech-rwm-59183.mp3	19908	5922	Ndia akidhuwa bhasika bhaye ka sukulu bhia bhasigazi andiki?	Uwe ngawe mbokoti, kokumwikilijaga miki mindiako yaki ka sukulu tai musigazi,nanga yunifomo ndiaki kenyaganani tai ndia mulukwaki, hati ndia akidhuwa nokugia eti aye bhia musigazi andiki, buli nkpa akibhaga nesi akiyaga ka sukulu,bhoponi bhaka kibhaga nibhaenanyagi	1			Amba	train	11.553144464536867		False	0.16030534351145043	False	5.704161744239551	0.8917089678510999	False
7b8ce0a081d9ccda7626927c5eec42d2	59539	spontaneous-speech-rwm-59539.mp3	18720	5922	Ndia akidhuwa bhasika bhaye ka sukulu bhia bhasigazi andiki?	Ndia akidhuaga bhasika bhaya ka sukulu ndia bhasigazi nabho bhaye bhasome  ndia kebhali nabho bhali bhakpa ndia kesalo nabho bhatunge mulimo ndia keini nabho bhabhuyambe bhabiaye ndibhabho ndia ketano bhazibe bheyambia tu ga musala ndiabho ndia ketano bhabhe nangeso	1			Amba	train	12.126068376068377		False	0.35361216730038025	False	3.817931517009359	0.051607445008460234	True
2a714f0f48c3450f78b159dbfd6c6c04	59604	spontaneous-speech-rwm-59604.mp3	20088	5922	Ndia akidhuwa bhasika bhaye ka sukulu bhia bhasigazi andiki?	Bhasika na Bhasigazi bhoponi bhakiyaga ka sukulu nanga bhponi sigikilia ka kilagilo bhaenyenagio na mulimo bhakitungaga ndia aenenagio	1			Amba	train	5.82437275985663		False	0.1297709923664122	False	4.484485036611722	0.338409475465313	True
aff82a045868be1573431402cd4ccddc	59614	spontaneous-speech-rwm-59614.mp3	12168	5922	Ndia akidhuwa bhasika bhaye ka sukulu bhia bhasigazi andiki?	Njo kima injo kima  nau anilemia nanga kibulio kikengi kulungi	1			Amba	train	4.273504273504273		False	0.10169491525423724	False	5.42638497676735	0.8223350253807107	False
2a714f0f48c3450f78b159dbfd6c6c04	57272	spontaneous-speech-rwm-57272.mp3	16128	5923	Andiki nda akidhuwa bhakali bhabhubise ka kima sa polipo ndia ka Uganda?	Ndia akidhuwa bhakali bhabhubise ka kima sa polipo ndia ka uganda ali zibe eti naye nkali akitoka kola kima ndia mulukuaki akikola	1			Amba	train	6.75843253968254		False	0.1417322834645669	False	4.0522502317705715	0.12774957698815567	True
06abe4fdd40392815ffcffabe9ccddfd	57405	spontaneous-speech-rwm-57405.mp3	49320	5923	Andiki nda akidhuwa bhakali bhabhubise ka kima sa polipo ndia ka Uganda?	Heee nanga bhakali ndia akidhuwaga bhabhubisa ka kima sa polipo ehhh nabho bhali bhaka ndiabha kiongiliaga nsi ndiasu nabho bhaoka laso nduabho nanga bhakibhaga nabho bhia bhakpa endindio nesi bhabhukudha keiso kalibe nsonga ndia bhakikolaga kakabe na bhakali nibhaliku nibhaliaku nibhakibhukingesa na bhakali na bhaluku andulu kima ndia akidhuaga bhalika nabho bhadua ka  polipo sa mulingo injo	1			Amba	train	6.853203568532035		True	0.36734693877551017	False			False
839194823957ef6cf0af192facc00f2e	57600	spontaneous-speech-rwm-57600.mp3	23436	5923	Andiki nda akidhuwa bhakali bhabhubise ka kima sa polipo ndia ka Uganda?	Nanga sigikilia eti sebhalio bhakali bhabhipesia bugabe kandi nabho nibhakisoma injo akidhuaga ndulu bhakola kima uponi india bhakisobola ka uganda injo kima ali bhinjo andulu ndia akidhuaga oziba eti nkali endindi ali na bugabe mabhika ka uganda ndiasu ndie kiliku andulu injo ukaka	1			Amba	train	10.283324799453831		False	0.2785714285714286	False	4.0706625916740276	0.13790186125211507	True
14482a129cdad77b883cf44ab8ee2666	57651	spontaneous-speech-rwm-57651.mp3	33408	5923	Andiki nda akidhuwa bhakali bhabhubise ka kima sa polipo ndia ka Uganda?	Aaaa bhakali godha ka polipo ali kulungi nanga bhakali bhenjo bhaibi hanula bhakali bhali bhesigibwa bhakali bhakiyaga ka sukulu soma  bhakali bhali bhagezi bhakali bhaibia jibililia sente nakinjibililia kulungi  	1			Amba	train	5.4477969348659006		True	0.37142857142857144	False			False
79c70007d8f4df515b1206bb8d666e7b	57681	spontaneous-speech-rwm-57681.mp3	21096	5923	Andiki nda akidhuwa bhakali bhabhubise ka kima sa polipo ndia ka Uganda?	Kehe ka Uganda, bhakibala bhakibala bhakali  bhabhe tabhi bojo kandi bhakibala bhabhubisebe mikia sente dumbi bhaluku bhakalakibhukola  zidhi ka famile ndiabho	1			Amba	train	6.49412210845658		False	0.21794871794871795	False	4.468056131982405	0.32656514382402707	True
268635e5ac8169d00be91a407e38d7f4	58582	spontaneous-speech-rwm-58582.mp3	20880	5923	Andiki nda akidhuwa bhakali bhabhubise ka kima sa polipo ndia ka Uganda?	Nanga kikibala anga konsititusoni ndia Uganda akigia eti na bhakali bha bhe ka kima sa polipo ndia kebhali bhakali bhakibhaga na vwesighibwa sini sini bhakabhupesia bebembezi sa polipo ndia kesalo bhakali bhakibhaga na kisa sa yamba bhakpa kolisa bhaluku	1			Amba	train	10.344827586206897		False	0.3027888446215139	False	4.731781798962761	0.4957698815566836	True
7b8ce0a081d9ccda7626927c5eec42d2	58997	spontaneous-speech-rwm-58997.mp3	17100	5923	Andiki nda akidhuwa bhakali bhabhubise ka kima sa polipo ndia ka Uganda?	Injo akiyamba bhakali tukabho ka jikoni ndia kebhali akiyamba akianisa nesi bhakali bhetgelezia ndia kesalo aki ki ki ki  bwenganiza ndia bhakpa bhalukuabho na bhalu  na bhakali akianisa ngu nabho bhasomia akianisa ngu bhapasu kola ka government 	1			Amba	train	12.105263157894736		False	0.33333333333333337	False	4.672541526966822	0.461082910321489	True
18df01d60d16de159483408584d06424	59101	spontaneous-speech-rwm-59101.mp3	21420	5923	Andiki nda akidhuwa bhakali bhabhubise ka kima sa polipo ndia ka Uganda?	Bhakali ndia akidhuwa nibhakibhubisa ka polipo ndiaka uganda ali nti nabho bakutoka bhabho bhebembeji bhia bhaluku ngoku bakukolaga kasita bhabha nibhabhupesi nkisa sa hikilia bakpa	1			Amba	train	7.329598506069094		False	0.1404494382022472	False	4.235412945311991	0.2038917089678511	True
e8eb7188dc741f9c8bd1f3b4b922d0b6	59162	spontaneous-speech-rwm-59162.mp3	17100	5923	Andiki nda akidhuwa bhakali bhabhubise ka kima sa polipo ndia ka Uganda?	Ndia akidhua bhakali nabho bhabhubise ka polipo ndia agbei   gwabhimba nabha gulu mehe ka uganda ali zibe eti endindi nkali na muluku	1			Amba	train	6.432748538011696		False	0.09230769230769231	False	4.506266183312344	0.350253807106599	True
aff82a045868be1573431402cd4ccddc	59696	spontaneous-speech-rwm-59696.mp3	10980	5923	Andiki nda akidhuwa bhakali bhabhubise ka kima sa polipo ndia ka Uganda?	Menjo nanga bhakali nabho bhali bakpa kandi babongalili nabho bhetabhe ka polipo nanga bali batwa uganda	1			Amba	train	8.105646630236794		False	0.19801980198019797	False	4.867953206064345	0.5702199661590525	True
79c70007d8f4df515b1206bb8d666e7b	57467	spontaneous-speech-rwm-57467.mp3	20808	5924	Ali mulimo tina ndia bhahikili bhakikolaga ka kima sa buyonjo ka ngonguambili ndianu?	Bhaikili bhakikipesiaga buyonjo ka ngeli ndia simula ndabho bhakiogisaga kandi  hakiogisaga na ngoye ndia bhaniki bhakisimulga ndabho poni poni	1			Amba	train	5.959246443675509		False	0.23571428571428577	False	3.8383614955025163	0.0583756345177665	True
2a714f0f48c3450f78b159dbfd6c6c04	57728	spontaneous-speech-rwm-57728.mp3	27756	5924	Ali mulimo tina ndia bhahikili bhakikolaga ka kima sa buyonjo ka ngonguambili ndianu?	Ka kima sa buyonjo ka ngongwa mbili ndiasu bhaikiki bhakibhumamiliana  bhakpa nibhakibhusobolola nesi buyonjo abhongio nibhakibhulagikilia nesi bhagbokiliani tunga kyoloni na yonjai dumbi bhagbeliabe ngongwa mbili asangua nahabhuki	1			Amba	train	7.3137339674304656		False	0.2192982456140351	False	4.284858315664835	0.22842639593908629	True
268635e5ac8169d00be91a407e38d7f4	58144	spontaneous-speech-rwm-58144.mp3	16920	5924	Ali mulimo tina ndia bhahikili bhakikolaga ka kima sa buyonjo ka ngonguambili ndianu?	Bhakie gesaga bhakpa eti bhabhe na bioloni bhabhe na katalalango bhakombage kompaundi ndiabho ka inji poni bhalikage nibhali bhayonjo andulu ndwaye ndwali ndwali ndia akilikaga nakibika kakibhuduabe gbabho bhakpa 	1			Amba	train	10.874704491725767		False	0.2238095238095238	False	4.271266134901402	0.22081218274111675	True
06abe4fdd40392815ffcffabe9ccddfd	58238	spontaneous-speech-rwm-58238.mp3	16056	5924	Ali mulimo tina ndia bhahikili bhakikolaga ka kima sa buyonjo ka ngonguambili ndianu?	Uwe ali lika nokupesia magezi kabha kaba bha bha  ndiabha kikolaga nanga andulu mulimon noli noli muluku nanga andulu ndiao okukolagaa ka injon	1			Amba	train	7.473841554559043		False	0.20714285714285718	False	4.413618698903704	0.2969543147208122	True
aff82a045868be1573431402cd4ccddc	58432	spontaneous-speech-rwm-58432.mp3	47556	5924	Ali mulimo tina ndia bhahikili bhakikolaga ka kima sa buyonjo ka ngonguambili ndianu?	Bhaikiki bhenjo bhakikolaga milimo sa toliasu bhakikiekaga ka ka lukulato bhakitolia nesi kisemelelu kola kima sa buyonjo ka ngongwa mbili ndiasu kandi dumbi bhatandika nkpa osemelelu bha noli na kyoloni noli na jikoni noli na jikoni noli na katalalango noli na kima poni kandi na na inji ndiako abhe natekani injo poni bhakikitoliaga habwa kwetantala na inji ndiako kabha nali kulungi	1			Amba	train	6.834048279922617		True	0.31937172774869105	False			False
ce1fe571c632c175c538f2de6c2f35a4	58828	spontaneous-speech-rwm-58828.mp3	9828	5924	Ali mulimo tina ndia bhahikili bhakikolaga ka kima sa buyonjo ka ngonguambili ndianu?	Bhaku bhogosiaga ma iji poni nabha kozesa buli kima ka iji ndiasu	1			Amba	train	5.494505494505495		False	0.048387096774193505	False	5.274774478916091	0.7622673434856176	False
01afad16deed014c336c39ed0790a0bc	58872	spontaneous-speech-rwm-58872.mp3	5760	5924	Ali mulimo tina ndia bhahikili bhakikolaga ka kima sa buyonjo ka ngonguambili ndianu?	Bhagala kindia bhaki kindia bhakinueliaga kindia bhakitugiliaga libho	1			Amba	train	10.76388888888889		True	0.36363636363636365	False			False
e8eb7188dc741f9c8bd1f3b4b922d0b6	58916	spontaneous-speech-rwm-58916.mp3	25560	5924	Ali mulimo tina ndia bhahikili bhakikolaga ka kima sa buyonjo ka ngonguambili ndianu?	Bhaikili ndibha ka ngongwa mbili ndiasu kakima ndia agbananibe na sa buyonjo bhabhuhabhuli sini bhataka zibe eti bhali na butandalo sa ogisiliabe sahani likisaibe na kaomisai bhabhe na kyoloni bhabhe na mulima nsenge ndia agbei bebeniagai ka kombagai dudhu na tone na kima poni ndia akibha naliku	1			Amba	train	9.780907668231611		False	0.21843003412969286	False	4.5630617527299	0.3925549915397631	True
839194823957ef6cf0af192facc00f2e	58960	spontaneous-speech-rwm-58960.mp3	22716	5924	Ali mulimo tina ndia bhahikili bhakikolaga ka kima sa buyonjo ka ngonguambili ndianu?	Kima mabhika ndia akikiyambaga ka bigambo sa buyonjo alibe kyaloni alibe kyoghelo jikoni kima mbule injo andulu ndia akikiyambaga sini bigambo ndia agbananibe bigambo sa buyonjo ndiasu ndia ka injo andulu ndia akidhuaga kima alikau na tekaniliani kimui	1			Amba	train	9.46469448846628		False	0.3654618473895582	False	4.073004791087471	0.1404399323181049	True
18df01d60d16de159483408584d06424	59257	spontaneous-speech-rwm-59257.mp3	19008	5924	Ali mulimo tina ndia bhahikili bhakikolaga ka kima sa buyonjo ka ngonguambili ndianu?	Bhaikiki mulimo ndia bhakikolaga ka ngongwa mbili ka buyonjo bhakibhumanyisaga bhakpa lika nibheyonji andulu ndwali ndia akibikiliaga ka buyonjo kala kiguwa ka ngongwa mbili 	1			Amba	train	7.891414141414142		False	0.24561403508771928	False	3.5311538485817353	0.011844331641285956	True
14482a129cdad77b883cf44ab8ee2666	59620	spontaneous-speech-rwm-59620.mp3	26388	5924	Ali mulimo tina ndia bhahikili bhakikolaga ka kima sa buyonjo ka ngonguambili ndianu?	Bhahikili bhakudhulaga ngoma kidiyo giya eti bakpa bhoponi babhike kikole salongo ndia ngongwambili ndyabho kandi kola buyonjo ndya ngongwambili ndyabho ali kulungi akipesyaga bwomezi nakyalo akihenikaga kulungi	1			Amba	train	7.010762467788388		False	0.16826923076923073	False	4.532499648163891	0.3730964467005076	True
aff82a045868be1573431402cd4ccddc	57337	spontaneous-speech-rwm-57337.mp3	22248	5925	Kikitoka bhoni kozesa itaneti tolo poni ka kima ndia kkikibha nikikola?	Kikiteketa kizibe kikiteketa kikiteketa kitunge kompita kedha simu andulu kikozese intaneti nanga nkpa mindia koli na kompita koku  kokutoka kozesa nitaneti	1			Amba	train	6.067961165048543		False	0.261437908496732	False	4.66002749267282	0.4500846023688663	True
18df01d60d16de159483408584d06424	57465	spontaneous-speech-rwm-57465.mp3	22716	5925	Kikitoka bhoni kozesa itaneti tolo poni ka kima ndia kkikibha nikikola?	Intaneti kiki toka kozesai ka kima poni ndibhikikabhaga nikikozesa ndi bhi tillolvhkl	1			Amba	train	3.257615777425603		False	0.07317073170731703	False	4.1688940092192865	0.17681895093062605	True
2a714f0f48c3450f78b159dbfd6c6c04	57545	spontaneous-speech-rwm-57545.mp3	25848	5925	Kikitoka bhoni kozesa itaneti tolo poni ka kima ndia kkikibha nikikola?	Kiki toka kozesa intaneti ka kima ndie kikibha nikikola nikisasula sente si na duabe bhenjo ndibha bhalakozesibe tolo mamadha  nibha kikihabhula nesi kigbokiliani kolisai	1			Amba	train	5.648406066233364		False	0.09580838323353291	False	4.410468727206479	0.2927241962774958	True
01afad16deed014c336c39ed0790a0bc	57551	spontaneous-speech-rwm-57551.mp3	21456	5925	Kikitoka bhoni kozesa itaneti tolo poni ka kima ndia kkikibha nikikola?	Kiki toka koseza internet tolo poni kabha  nikikola kimysndyasu ndyekibghei kolai kikitoka kolililayai ka  masimu ndyekibgei kozesai yoho bazungu ndi bhakyetagaku computer obhu nikidhaki bisaibe ndyabha kyetagaku internet data kedha ndyaki niwa nokukozesa internet injo	1			Amba	train	10.85943325876212		False	0.19548872180451127	False	5.609340461947558	0.8722504230118443	False
79c70007d8f4df515b1206bb8d666e7b	58002	spontaneous-speech-rwm-58002.mp3	20736	5925	Kikitoka bhoni kozesa itaneti tolo poni ka kima ndia kkikibha nikikola?	Kikitoka tolia bhakpa bhatandike sumba masini ndia intanet tabhi simu ndia akikozesaga intaneti dumbi ka milimo ndiabho bhatandike kozesa simu	1			Amba	train	5.931712962962963		False	0.19424460431654678	False	4.485630277248164	0.3426395939086294	True
ce1fe571c632c175c538f2de6c2f35a4	58129	spontaneous-speech-rwm-58129.mp3	19008	5925	Kikitoka bhoni kozesa itaneti tolo poni ka kima ndia kkikibha nikikola?	Kibhebe na masanyalazi na nguwa sa kalimagezi na netiwaka sa kampaneni injo abhe kulungi na mikia mbagana sa sumba eyataimu na bando	1			Amba	train	5.8396464646464645		False	0.11627906976744184	False	6.119590863871536	0.9483925549915397	False
839194823957ef6cf0af192facc00f2e	58366	spontaneous-speech-rwm-58366.mp3	20628	5925	Kikitoka bhoni kozesa itaneti tolo poni ka kima ndia kkikibha nikikola?	Sabhalio kima ndi kikikozesaga sini sini sini andi simu hhh andulu sini snin kozesaga sini sini kima ndibhikikozesi  intaneti akikiyambaga sini sini ka kima ndie kikibhaga ka kolai	1			Amba	train	7.36862516967229		False	0.37853107344632764	False	4.391688020940445	0.28341793570219964	True
09bbee7d294906c21ab763ff5ca35ee2	58459	spontaneous-speech-rwm-58459.mp3	7956	5925	Kikitoka bhoni kozesa itaneti tolo poni ka kima ndia kkikibha nikikola?	Intaneti ka tolo poni noteketi nobisebe heyo andulu kima abhonge	1			Amba	train	6.913021618903971		True	0.032786885245901676	False			False
7b8ce0a081d9ccda7626927c5eec42d2	59268	spontaneous-speech-rwm-59268.mp3	19908	5925	Kikitoka bhoni kozesa itaneti tolo poni ka kima ndia kkikibha nikikola?	Kozesa intaneti ali ziba ngu kibhusomesi bhaniki bhasome ali nkpa egesako okukozesa bhoni nesi endinndi kili ka musomo endindi kibhi ndie bhikigbeimbebe simati foni ndia bhazu fu kigbei lelu ali lika nokuya ka musomo tabhi yoho nesi kiliku okiegaku ndio koibi  	1			Amba	train	11.000602772754672		False	0.17829457364341084	False	5.265483447236504	0.7538071065989848	False
e8eb7188dc741f9c8bd1f3b4b922d0b6	59379	spontaneous-speech-rwm-59379.mp3	17748	5925	Kikitoka bhoni kozesa itaneti tolo poni ka kima ndia kkikibha nikikola?	Kikitoka kozesa kedhatu kolisa intaneti  ka tolo poni injo no nibhadhaki tendekagasu zibe eti kima injo oeniku mugaso nesi akibha nalio	1			Amba	train	6.423258958755916		False	0.045454545454545414	False	4.713056277218032	0.48646362098138746	True
14482a129cdad77b883cf44ab8ee2666	59657	spontaneous-speech-rwm-59657.mp3	18576	5925	Kikitoka bhoni kozesa itaneti tolo poni ka kima ndia kkikibha nikikola?	Kozesa intaneti kikibha kisumbe waifai waifai injo akisikaga netiwaka ehh intaneti ka simu ndiasu oo midia poni	1			Amba	train	5.1141257536606375		False	0.12962962962962965	False	5.551951221621314	0.8587140439932318	False
e8eb7188dc741f9c8bd1f3b4b922d0b6	57332	spontaneous-speech-rwm-57332.mp3	29988	5926	Ali mugaso kedha bizibu tina ndia bhaluku na bhakali ndibhakienaga kabha amana ndiabho nakoli kowa nkpa moti ka Uganda?	Bizibu kedhatu mugaso ndialiku sa mamano ndia bhakpa ali zibeti bhakali okubhulodia sini kahiji ndiako maniki kabha kia ka kisomo na sente akukubhula sa lolisabho na kima ndibhu kulia nau abhe kuti kuti nanga bhagbei gabyanai njo poni poni ka kabhi ka mulimansege bhabhe makali bhatwa kumadhu	1			Amba	train	8.20328131252501		False	0.1522491349480969	False	4.982152047144912	0.6353637901861252	False
06abe4fdd40392815ffcffabe9ccddfd	57364	spontaneous-speech-rwm-57364.mp3	25128	5926	Ali mugaso kedha bizibu tina ndia bhaluku na bhakali ndibhakienaga kabha amana ndiabho nakoli kowa nkpa moti ka Uganda?	Kikibhuyamba bhanikiekali ndibha kuamanaga ka uganda nanga bhakabhongi lika nibhakiamana kakakabhe bhakaka bombembe nanga akibhaga luja businge ndiabho	1			Amba	train	5.332696593441579		False	0.16216216216216217	False	4.208747337307268	0.19373942470389172	True
268635e5ac8169d00be91a407e38d7f4	57397	spontaneous-speech-rwm-57397.mp3	24660	5926	Ali mugaso kedha bizibu tina ndia bhaluku na bhakali ndibhakienaga kabha amana ndiabho nakoli kowa nkpa moti ka Uganda?	Bizibu ndia kokubanja alibe uwe mindia uwe muluku ndia akibalaga ama nkali minaki bhaitu odula ndibha ka saidi ndia  ka nkali  bhakabali amwame muluku minjo deni ndia ka saidi bhakabali amwame nkali minjo	1			Amba	train	6.89375506893755		False	0.33333333333333337	False	5.246950250040124	0.748730964467005	False
79c70007d8f4df515b1206bb8d666e7b	57520	spontaneous-speech-rwm-57520.mp3	27180	5926	Ali mugaso kedha bizibu tina ndia bhaluku na bhakali ndibhakienaga kabha amana ndiabho nakoli kowa nkpa moti ka Uganda?	Kobha noli nkpa moti sente injo okuenisaga ka sumba kima tabhi liaga akibhaga nke ziba na injo sente ndiokisaga ka sumba liaga kobha nohamani nkali kandi nohamani nkali akibhagabe bwile ndibhukubhaga ndibhukuteinazia bheitu bhubha menjo.	1			Amba	train	7.468727005150846		False	0.27350427350427353	False	4.882805124657671	0.5786802030456852	True
01afad16deed014c336c39ed0790a0bc	57534	spontaneous-speech-rwm-57534.mp3	24588	5926	Ali mugaso kedha bizibu tina ndia bhaluku na bhakali ndibhakienaga kabha amana ndiabho nakoli kowa nkpa moti ka Uganda?	Mugaso ndia kateketa ali bhokota bhaniki biyabho,mugaso ndia kebhali andi kola lka inji lieli  na inja kakibhugueliaga ka inji menjo na kizibu ndietolo ndia alibe dhongi kakisiyaga ka inji menjo kindia bhakali biyabho bhaliyo	1			Amba	train	7.768016918822189		False	0.2657657657657657	False	4.159407865728432	0.1692047377326565	True
ce1fe571c632c175c538f2de6c2f35a4	57692	spontaneous-speech-rwm-57692.mp3	12708	5926	Ali mugaso kedha bizibu tina ndia bhaluku na bhakali ndibhakienaga kabha amana ndiabho nakoli kowa nkpa moti ka Uganda?	Aluku bizibu bhia lwanaga ka inji, nagilija bhaniki na lemwa somesabho.	1			Amba	train	4.800125904941769		False	0.0	False	6.4153288140578955	0.9720812182741116	False
09bbee7d294906c21ab763ff5ca35ee2	58832	spontaneous-speech-rwm-58832.mp3	13176	5926	Ali mugaso kedha bizibu tina ndia bhaluku na bhakali ndibhakienaga kabha amana ndiabho nakoli kowa nkpa moti ka Uganda?	Ali nkula kulana nanga noli na nkali bhuliki imamoti kima akibhongaga kakuyaga sa luzu kakibhaga sa luzu luzu bba 	1			Amba	train	7.210078931390407		False	0.1711711711711712	False	4.634750858587678	0.434010152284264	True
839194823957ef6cf0af192facc00f2e	59113	spontaneous-speech-rwm-59113.mp3	21600	5926	Ali mugaso kedha bizibu tina ndia bhaluku na bhakali ndibhakienaga kabha amana ndiabho nakoli kowa nkpa moti ka Uganda?	Kobha nokugiaga eti okwamana mugisa ndiako kabha nakugbei ka sigikilia ka godhisa ndiako nesi okugbeliagaku sente ati kabha ndio koli nakibhoko sa gba sente kulungi ndio kokuiba nesi okubhupangilia bhakpa ndibhako ka inji kokutoka ama bhakali ndibhekina ali bhinjo 	1			Amba	train	10.462962962962962		False	0.2290076335877863	False	4.658131535427106	0.44839255499153974	True
2a714f0f48c3450f78b159dbfd6c6c04	59210	spontaneous-speech-rwm-59210.mp3	34236	5926	Ali mugaso kedha bizibu tina ndia bhaluku na bhakali ndibhakienaga kabha amana ndiabho nakoli kowa nkpa moti ka Uganda?	Bhakali na bhaluku ndibha mamano ndiabho akoli kowa nkpa moti ka uganda bhali na nkisa sa milimo ndiabho kolai imamoti nanga bhakibhaga nibhamadhi no nau dhe bizibu nakubhaku eti ka inji kinda alio bhakali bhamamadha ndibha bhamuami muluku moti tondi kakusiagaku	1			Amba	train	6.48440238345601		True	0.21235521235521237	False			False
aff82a045868be1573431402cd4ccddc	59548	spontaneous-speech-rwm-59548.mp3	41256	5926	Ali mugaso kedha bizibu tina ndia bhaluku na bhakali ndibhakienaga kabha amana ndiabho nakoli kowa nkpa moti ka Uganda?	Injo bizibu ndia aiku kowa bhaluku nkali nkali ka lwala muluku okubonabonaga paka anduwe mindio okukolaga milimo injo andi bizibu kowa muluku na nkali naye muluku ka lwala  nkali akibonabonaga kulungi ndia aliku bhukulikaga nibhutekani kabha ndia kalibe bizibu	1			Amba	train	5.356796587163079		True	0.2801556420233463	False			False
18df01d60d16de159483408584d06424	59616	spontaneous-speech-rwm-59616.mp3	21240	5926	Ali mugaso kedha bizibu tina ndia bhaluku na bhakali ndibhakienaga kabha amana ndiabho nakoli kowa nkpa moti ka Uganda?	Mamano ndia bhakali na bhaluku ndia akoli kowa nkpa moti aliku bizibu nanga ndio bhukubha nibhuku tunga bhukumadhiliaga  dumbi bhubha bhia bhakpa ndibho bhugbei lwanilyai kakubhudhakiaga kulungi bba	1			Amba	train	8.00376647834275		False	0.15384615384615385	False	4.275137427631308	0.2233502538071066	True
268635e5ac8169d00be91a407e38d7f4	57319	spontaneous-speech-rwm-57319.mp3	28476	5927	Ali sa mugaso nangeki kukebelisa ndwali sa Kabhondo?	Ndia kokubanja ali sa kwekebelisa ndwali sa kabhondo andu okubhaga nuweibi sitetasi ndiako nesi otelemia ndia kebhali akibhaga kabha noli nabulwaye otadika nuwa mibazi ndia kesalo akiyambaga kabha ndio koli na bulwaye otadika kwetantala tungai ndia kebhali ndia keini akidhuaga oiba	1			Amba	train	8.498384604579295		False	0.2759856630824373	False	4.52551523259946	0.3663282571912014	True
0038f5497f9f2af927e533e85ee33985	57528	spontaneous-speech-rwm-57528.mp3	21708	5927	Ali sa mugaso nangeki kukebelisa ndwali sa Kabhondo?	Andi sa mugaso kwekebelisa ndwali sa kabhondo nanga andulu olike noibi bwomezi ndiako nanga osobola lika noli menjo kise olwala kala kise uwebolwala kala kwise osemelelu osakimane bwango sipatala yabhukupesie bijuma kabha nolwali andulu odhakieve tolo bhali ka nsi ka gwabhimba mehe ka nsi ndia Mambombi mehe	1			Amba	train	12.06928321356182		False	0.18688524590163935	False	4.864537975755659	0.5676818950930627	True
18df01d60d16de159483408584d06424	57917	spontaneous-speech-rwm-57917.mp3	20520	5927	Ali sa mugaso nangeki kukebelisa ndwali sa Kabhondo?	Mugaso ndia ka kwebelisa ndwali sa kabhondo ali ngu olikaga noibi bwomezi ndiako nesi aenagio bhaka dulana otandike mubazi bhaja dula ndio kolwali okuyaga kwebhundilia zibe eti ndwali injo kalugbei	1			Amba	train	8.187134502923977		False	0.11340206185567014	False	4.979316053733334	0.631979695431472	False
06abe4fdd40392815ffcffabe9ccddfd	58069	spontaneous-speech-rwm-58069.mp3	18108	5927	Ali sa mugaso nangeki kukebelisa ndwali sa Kabhondo?	okukabhaga bwomezi ndiako alikebe kandi alike nabhongi andulu mugaso salika nokwekebelisa kaka aa andulu oibe ali kozo ndiako alibhoni nanga kukwibaga ndiakuli subhai	1			Amba	train	7.952286282306162		False	0.14723926380368102	False	4.573324499620967	0.4027072758037225	True
e8eb7188dc741f9c8bd1f3b4b922d0b6	58225	spontaneous-speech-rwm-58225.mp3	23580	5927	Ali sa mugaso nangeki kukebelisa ndwali sa Kabhondo?	Mugaso ndia ali ke yoho sa kwekebelisa ka nduali sa kabhondo ali zibha eti okulikaga noibi ndia ali ka magila ndiako naenyagi to bhoni, amadhiku kedhatu aliku pipidhongo bhiyo,  ndietolo kozo ndiako kedhatu bwomezi ndiako alike natekani noibi yoho ndia bhabhubhuka bhakubha nibhakutoli	1			Amba	train	10.262934690415603		False	0.21985815602836878	False	4.943073198594526	0.6125211505922166	False
09bbee7d294906c21ab763ff5ca35ee2	58253	spontaneous-speech-rwm-58253.mp3	5976	5927	Ali sa mugaso nangeki kukebelisa ndwali sa Kabhondo?	olike nobhongi ka mulima nanga bhulwaye sa kabhondo akubaga na kalami sini	1			Amba	train	10.542168674698797		True	0.04225352112676062	False			False
aff82a045868be1573431402cd4ccddc	58379	spontaneous-speech-rwm-58379.mp3	39168	5927	Ali sa mugaso nangeki kukebelisa ndwali sa Kabhondo?	ali mugason kwe kebelesiya ndwali sa kabondo nanga ndwali injo aki holaga bakpa so kaba noi kwekebelesiya okulika nohibhi nesi bwomezi ndiako ali so nkpa mindia kekebelesi akyeisaga binjo binjo atakana minjo amwame atakana minjo aye kuwo so kwekebelesiya akukuyambaga lika nohibhi bwomezi ndiako nesi abhongiya	1			Amba	train	6.765727124183007		True	0.32573289902280134	False			False
01afad16deed014c336c39ed0790a0bc	58744	spontaneous-speech-rwm-58744.mp3	10476	5927	Ali sa mugaso nangeki kukebelisa ndwali sa Kabhondo?	Ali sa mugaso kwekebelisa bulwaye sa kabhondo andulu kolokutoka teisa nkako kedha bhotuko mindietolo nkaliaki	1			Amba	train	9.068346697212675		False	0.028301886792452824	False	4.485555647713032	0.34179357021996615	True
79c70007d8f4df515b1206bb8d666e7b	58824	spontaneous-speech-rwm-58824.mp3	23220	5927	Ali sa mugaso nangeki kukebelisa ndwali sa Kabhondo?	Kebezai ali sa mani nanga kobha noli nai okitoka yako nibhakupesia mubazi dumbi kola kukuwa dumbi bhindetolo ndibha kekebezi bhakisobola kuwabho dumbi bhali na kwekebela	1			Amba	train	6.244616709732989		False	0.15662650602409633	False	4.895360622429562	0.5846023688663282	True
ce1fe571c632c175c538f2de6c2f35a4	59315	spontaneous-speech-rwm-59315.mp3	9756	5927	Ali sa mugaso nangeki kukebelisa ndwali sa Kabhondo?	Iba ndwali Injo koli nai obhe noli nai oye ka mibazi andulu obhe na bwomezi but bulungi	1			Amba	train	7.277572775727757		False	0.11904761904761907	False	5.261277605434986	0.751269035532995	False
839194823957ef6cf0af192facc00f2e	59521	spontaneous-speech-rwm-59521.mp3	18468	5927	Ali sa mugaso nangeki kukebelisa ndwali sa Kabhondo?	Andulu nilike ninibi vwomezi ndiamo nesi atelemio andulu nilike ninietantali nti kikibika nilwalq kabhondo kabha niniekebelesi ninibi nti kili nai injo andulu mugisa ndie nili nai	1			Amba	train	8.338748104829977		False	0.2670454545454546	False	4.957391717354547	0.6218274111675127	False
2a714f0f48c3450f78b159dbfd6c6c04	59618	spontaneous-speech-rwm-59618.mp3	19080	5927	Ali sa mugaso nangeki kukebelisa ndwali sa Kabhondo?	Ali sa mugaso tina kebelisa ndwali sa suka sa kabhondo nanga okuibaga kindia ndwali akudoisio andulu bhatoke gegai na humulisakobe	1			Amba	train	5.817610062893081		False	0.08661417322834641	False	5.105868164630051	0.688663282571912	False
18df01d60d16de159483408584d06424	57392	spontaneous-speech-rwm-57392.mp3	25848	5928	Ali mulimo tina bitongole sa busubuzi na bhanikia gulupu sa bhalimi ndia bhakikolaga tungilia bhakpa milimo ka ngonguambili ndianu	Mulimo sa bitongole ndia akikolaga na bhasubuzi rungilia bhakpa mulimo ka ngongwa mbili ali ngu alibe gulupusi kandi ka gulupu kenjo akibhagagu milimo tabhi eyo sa koko bhakibhagaku ndibha bhakisumba na ndia bhakisumbesa kandi injo poni akibhaga nali mulimo ndia abiki ka ngongwa mbili	1			Amba	train	9.362426493345714		False	0.2978723404255319	False	3.7638068722476214	0.03553299492385787	True
14482a129cdad77b883cf44ab8ee2666	57455	spontaneous-speech-rwm-57455.mp3	32688	5928	Ali mulimo tina bitongole sa busubuzi na bhanikia gulupu sa bhalimi ndia bhakikolaga tungilia bhakpa milimo ka ngonguambili ndianu	Ehh bhakigia eti bhakpa bhaye  ka tiko ndiabho bagube mmm mucele ndiabho mucele ndiako nakubika kulungi bakisumbesaga haaa ka gulupu nakibikaga nakipesia sente ntandikulu so andinjo bhaki	1			Amba	train	4.894762604013705		True	0.1630434782608695	False			False
79c70007d8f4df515b1206bb8d666e7b	57705	spontaneous-speech-rwm-57705.mp3	23148	5928	Ali mulimo tina bitongole sa busubuzi na bhanikia gulupu sa bhalimi ndia bhakikolaga tungilia bhakpa milimo ka ngonguambili ndianu	Bhakpa bha mabhika bha tungi milimo ka njo gulupu bhafoki bha maneja bha trezara kaijo gulupu kandi bhalimi bhenjo bha tungi sente bhabhika nanga bha bhisi sente mabhika ka kima ndiabho	1			Amba	train	6.69604285467427		False	0.30219780219780223	False	4.532220544960505	0.37225042301184436	True
01afad16deed014c336c39ed0790a0bc	57968	spontaneous-speech-rwm-57968.mp3	16560	5928	Ali mulimo tina bitongole sa busubuzi na bhanikia gulupu sa bhalimi ndia bhakikolaga tungilia bhakpa milimo ka ngonguambili ndianu	Teketa ndia bhali na kolai andi pesia bhakpa loni ka ngongwa-mbili, ndia kebhali andi bikisa mbamba kindia bhakpa bhakisomilia milimo sa kibhoko bhia kyalani, landa  mbau ka ngongwa-mbili kenjo	1			Amba	train	9.90338164251208		False	0.22631578947368425	False	4.0307009033993735	0.11336717428087986	True
06abe4fdd40392815ffcffabe9ccddfd	57994	spontaneous-speech-rwm-57994.mp3	15768	5928	Ali mulimo tina bitongole sa busubuzi na bhanikia gulupu sa bhalimi ndia bhakikolaga tungilia bhakpa milimo ka ngonguambili ndianu	Sebhalisio bhagia eti bhakpa kielunganisage ka bitebe andulu kibisebe  hanikia gulupu andulu akiyambe ka mumaiso kuwo sigikilia nesi ngonku endindi bhaniki bhamadha ka sukulu	1			Amba	train	9.512937595129376		False	0.09941520467836262	False	4.727924596045978	0.49153976311336717	True
268635e5ac8169d00be91a407e38d7f4	58213	spontaneous-speech-rwm-58213.mp3	18396	5928	Ali mulimo tina bitongole sa busubuzi na bhanikia gulupu sa bhalimi ndia bhakikolaga tungilia bhakpa milimo ka ngonguambili ndianu	Mmm gulupu sa sa kitongole sa bhasubuzi na ndia bhalimi bhakikolga mulimo sa sevingi mmm kabhakola gulupu sa sevingi bhajiba eti bhakpa bhalikagi  bhagbei kwebisilia sente then bhapesia bhakpa milimo ndibha kikolaku bhia bha buku kipas injo ali mulimo ndia bhakibhupesiaga bhakpa 	1			Amba	train	12.883235485975211		False	0.27797833935018046	False	4.194040729992739	0.18781725888324874	True
2a714f0f48c3450f78b159dbfd6c6c04	59015	spontaneous-speech-rwm-59015.mp3	21420	5928	Ali mulimo tina bitongole sa busubuzi na bhanikia gulupu sa bhalimi ndia bhakikolaga tungilia bhakpa milimo ka ngonguambili ndianu	Bhitogole sabha subuzi na bha kya gulupu ndia bhalimi akikolaga mulimo gbolusi sa gumbesa bhakpa imamoti andulu bhabhutugilie bhakpa ndibha ka ngogwa mbili milimo	1			Amba	train	6.489262371615312		False	0.10062893081761004	False	4.4851710606045465	0.3392554991539763	True
839194823957ef6cf0af192facc00f2e	59426	spontaneous-speech-rwm-59426.mp3	25128	5928	Ali mulimo tina bitongole sa busubuzi na bhanikia gulupu sa bhalimi ndia bhakikolaga tungilia bhakpa milimo ka ngonguambili ndianu	Bhakikikolaga mulimo mabhika nanga sigikilia eti gulupu ndiabho ndia njo ndia bhakakolai injo bhakamesia bhakakola alibe bhaniki ndibha bhasomio bhakigiaga eti bhabike bhabhuhandikile hati mindia abhuhandikilio njo akibhaga namesi tungaku mulimo uma okutakana kedha nibhambombisi nai ka kipkata ndie kina ndia kalibe kizibu uponi	1			Amba	train	11.381725565106654		False	0.21779141104294475	False	4.2089955932616485	0.19458544839255498	True
09bbee7d294906c21ab763ff5ca35ee2	59752	spontaneous-speech-rwm-59752.mp3	21996	5928	Ali mulimo tina bitongole sa busubuzi na bhanikia gulupu sa bhalimi ndia bhakikolaga tungilia bhakpa milimo ka ngonguambili ndianu	Bitongole amadhia baitu sebhalisio bitongole akibikaga na bhakpa ndibhabho bhakaliku bhesu bhkaliku bba nanga bhitongole sebhalisio poni akibikaga na bhakpa ndibhabho namaki asomili koi dumbi bhakimbikisaga eti naye abike akole eki abike akolilie kuni dumbi otakana eti kindia bhenu kalibe na nkpa na moti	1			Amba	train	11.911256592107655		False	0.30132450331125826	False	5.180724663567405	0.7199661590524534	False
79c70007d8f4df515b1206bb8d666e7b	57377	spontaneous-speech-rwm-57377.mp3	20088	5929	Kikikola bhoni anisa nguko kowa bhangbeku ndibhasu?	Kikitoka anisabho kowa ka oganaizingabho ogisiliabho kandibpesiabhobe ka sente bhakpa ndibhasu bhenjo kikitoka bheliabhobe nibhalwali	1			Amba	train	5.923934687375548		False	0.16923076923076918	False	4.797228552153761	0.5329949238578681	True
0038f5497f9f2af927e533e85ee33985	57575	spontaneous-speech-rwm-57575.mp3	23580	5929	Kikikola bhoni anisa nguko kowa bhangbeku ndibhasu?	Nkikolabhoni anisa nguko kowa bhangbeku ndibhasu anisa uwe nkumi okudubha wepesiye nguko dumbi nabho bhanipesiye nguko	1			Amba	train	4.368108566581848		False	0.17391304347826086	False	5.133653480729118	0.700507614213198	False
839194823957ef6cf0af192facc00f2e	57906	spontaneous-speech-rwm-57906.mp3	19116	5929	Kikikola bhoni anisa nguko kowa bhangbeku ndibhasu?	Ndiakikikola andi giet kima poni ndia kilika lehokanai ka nkungu kikilika tolia bhebembezi bha zibe nesi bhakikikolia nensi kuwa ahigulani bhinjo kabha ghenku ndi bhasu ali bhinjo	1			Amba	train	8.00376647834275		False	0.14204545454545459	False	5.071780078230814	0.6742808798646363	False
268635e5ac8169d00be91a407e38d7f4	58009	spontaneous-speech-rwm-58009.mp3	16200	5929	Kikikola bhoni anisa nguko kowa bhangbeku ndibhasu?	Kisemelelu anisabho eti kili na ngeso kilia anisabho eti kili bhakpa bhekambi ndibha kikola semelelu anisabho eti nabhesu kebe nabha ngbekuasu bhagbei isa komunite ndia bhesu	1			Amba	train	9.197530864197532		False	0.2807017543859649	False	4.562076858305193	0.39086294416243655	True
2a714f0f48c3450f78b159dbfd6c6c04	58186	spontaneous-speech-rwm-58186.mp3	41040	5929	Kikikola bhoni anisa nguko kowa bhangbeku ndibhasu?	Anisa nguko kowa bha ngbeku bhasu kili na lengisana mwaka ndiabho ndia bhali nai andulu mwaka injo kabha nozibi eti mwaka njo akolibe ndiako minjo ombiseku nguko nanga endindi akibha nali bhia abako nesi abako ogbokiliani ngukisaki na minjo nkpa mindia akukolibe mwaka mindietolo mindia kakubhokoti ogbokiliani ngukisaki	1			Amba	train	6.652046783625731		True	0.2870662460567823	False			False
06abe4fdd40392815ffcffabe9ccddfd	58559	spontaneous-speech-rwm-58559.mp3	17568	5929	Kikikola bhoni anisa nguko kowa bhangbeku ndibhasu?	Ali lika nikikibhuebhingia andulu bhakipebe magezi nanga kabha nibhali bhangbheku andibho bhangbheku kokutoka komabho andibho kandi oye  nobhuebhingi kandi noli na ngeso andulu otunge magezi ndiabho	1			Amba	train	9.790528233151184		False	0.23589743589743595	False	4.35158825684194	0.2614213197969543	True
01afad16deed014c336c39ed0790a0bc	58756	spontaneous-speech-rwm-58756.mp3	8028	5929	Kikikola bhoni anisa nguko kowa bhangbeku ndibhasu?	Ndia kateketa andi oka na yelia ndia bhakutoli ongai ndia bhakutoli kolai	1			Amba	train	7.722969606377678		True	0.19999999999999996	False			False
ce1fe571c632c175c538f2de6c2f35a4	59237	spontaneous-speech-rwm-59237.mp3	10908	5929	Kikikola bhoni anisa nguko kowa bhangbeku ndibhasu?	Kikubhayambaga ka milimo ndiabho kikubhapesiaga buyambi poni na mikia kima kabha nolinai bhia sente bhia liaga.	1			Amba	train	8.800880088008801		False	0.10185185185185186	False	4.49107510157598	0.3460236886632826	True
18df01d60d16de159483408584d06424	59383	spontaneous-speech-rwm-59383.mp3	20088	5929	Kikikola bhoni anisa nguko kowa bhangbeku ndibhasu?	Anisa nguko ka bhangbeku ndibjasu ali kola kima ndia bhakilagili  eti kikoli andulu nguko ndiabho akibha nakizoka kowa bhesu	1			Amba	train	5.22700119474313		False	0.0826446280991735	False	4.487641268958886	0.34348561759729274	True
e8eb7188dc741f9c8bd1f3b4b922d0b6	59421	spontaneous-speech-rwm-59421.mp3	28260	5929	Kikikola bhoni anisa nguko kowa bhangbeku ndibhasu?	Ka anisa nguko kowa bha ngbekua bhasu kili na iba eti kibhuebhingi bia bia kilikage  nikilia kianula nabho kilike matisiabho na bhesu nikieheli nikikieisa bhia bhaniki ndibha bhadhoti kaisoabho nikidhoti injo akizune nabho lika nibha kibi	1			Amba	train	7.147912243453645		False	0.21276595744680848	False	5.343300346747668	0.7901861252115059	False
14482a129cdad77b883cf44ab8ee2666	59697	spontaneous-speech-rwm-59697.mp3	20736	5929	Kikikola bhoni anisa nguko kowa bhangbeku ndibhasu?	Kitolie bhakpa ndibhasu kiangane kitinisa hhh kisomeseze bhaniki ka soma sukulu kanisa mukanisa bhakpa bhakietegelezagana na pesiagana nguko 	1			Amba	train	5.931712962962963		False	0.14492753623188404	False	4.596837569711387	0.4179357021996616	True
09bbee7d294906c21ab763ff5ca35ee2	59711	spontaneous-speech-rwm-59711.mp3	14256	5929	Kikikola bhoni anisa nguko kowa bhangbeku ndibhasu?	Kitinisa nanga kitinisa asemelelu tandikiliai kindia bhesu dumbi bhasi kibhupe kitinisa injo dumbi kima abhonge nabho abhubhongilie dhe dumbi bhamamikanage nibha zibi eti kima yoho abhongia	1			Amba	train	11.503928170594838		False	0.22043010752688175	False	4.542445008714263	0.3790186125211506	True
aff82a045868be1573431402cd4ccddc	57369	spontaneous-speech-rwm-57369.mp3	19368	5930	Andi ki kina tina mwebembezi/muhikili mabhonga ndia agbokelyani bha nai?	Mwebembeli abhongani kubha na ngeso mabhonga kandi nbisiku bhakpa kitinisa kandi nali na kiokuloloho sa bwembezi injo andulu kima mwembezi asemelelu kubha nakoli	1			Amba	train	7.176786451879388		False	0.16455696202531644	False	4.67917497158027	0.4653130287648054	True
79c70007d8f4df515b1206bb8d666e7b	57386	spontaneous-speech-rwm-57386.mp3	21996	5930	Andi ki kina tina mwebembezi/muhikili mabhonga ndia agbokelyani bha nai?	Mwembezi ali na bha na mulima mabhonga ndia gonzana kandi ali na bha nakikolaga sini ndia akitoka  kolilia bhakpa mindiabho tabhi bhesu kandi mwembezi minjo akitoka bha nalibe na mikia sente	1			Amba	train	7.2285870158210574		False	0.23529411764705888	False	3.9516770482856263	0.08967851099830795	True
ce1fe571c632c175c538f2de6c2f35a4	57541	spontaneous-speech-rwm-57541.mp3	14220	5930	Andi ki kina tina mwebembezi/muhikili mabhonga ndia agbokelyani bha nai?	Mwebembeji mabhoga agbokiliani abhe na inji abhe na nkulakulana abhe na ngeso atiye Amambombi	1			Amba	train	5.625879043600563		False	0.16666666666666663	False	5.542480174073991	0.856175972927242	False
18df01d60d16de159483408584d06424	57709	spontaneous-speech-rwm-57709.mp3	25668	5930	Andi ki kina tina mwebembezi/muhikili mabhonga ndia agbokelyani bha nai?	Haaa moti ka kima ndia mwebembezi ndia agbokiliani bha nali nai ali ngu mwebembezi minjo asemelelu abhe nkpa mindia bhakinzibilabe ndia kandi kima mazangaga ndia akikola bhakpa nibhatangi nanga andie iso ndia bhakpa ndia bhakibha nibhakizibiliabe ka kola kima mabhonga	1			Amba	train	8.921614461586412		False	0.29811320754716986	False	3.8312502521408653	0.05583756345177665	True
268635e5ac8169d00be91a407e38d7f4	57995	spontaneous-speech-rwm-57995.mp3	19908	5930	Andi ki kina tina mwebembezi/muhikili mabhonga ndia agbokelyani bha nai?	Asemeli abhe na ngeso, asemeli nkpa mindia agbei kolilia bhakpa kima ndiabho ndiabhagbei balai ndia akibikisa nkulakulana ka komyunite ndiabho, asemeli nkpa mindia akisobhola bhula kima ndiekina ndia atangi ka  ka kitwike ndiekina bikisai ka kitwike kenjo	1			Amba	train	10.95037170986538		False	0.3373015873015873	False	4.130057866488893	0.15651438240270726	True
06abe4fdd40392815ffcffabe9ccddfd	58533	spontaneous-speech-rwm-58533.mp3	27900	5930	Andi ki kina tina mwebembezi/muhikili mabhonga ndia agbokelyani bha nai?	Bhukuntangia muikili minjo nali na ngeso aikilizibwa abhueikilie nanga bhutangiku magezi na kandi bhuntangiku mazima aiki abhuikilie nanga andulu ndia akibhulinda kulungi  abhi ku ha nibhuntanfiku mazima ndia akitoka kolilianu	1			Amba	train	7.025089605734767		False	0.2376681614349776	False	5.6360331869585965	0.8815566835871405	False
0038f5497f9f2af927e533e85ee33985	58719	spontaneous-speech-rwm-58719.mp3	22968	5930	Andi ki kina tina mwebembezi/muhikili mabhonga ndia agbokelyani bha nai?	Muhikili mabhonga kedha mwebenbezi mabhonga asemelelu bhaki na kisa asemelu kangabhaki na tama kandi asemelelu bha nakima ndia ki ndia kisobola yamba ki kasemelelu bhaki nandi munako kandi asemelelu bha nasomuku netegerezi	1			Amba	train	8.31591779867642		False	0.36073059360730597	False	4.103704378718801	0.14805414551607446	True
0038f5497f9f2af927e533e85ee33985	58719	spontaneous-speech-rwm-58719.mp3	22968	5930	Andi ki kina tina mwebembezi/muhikili mabhonga ndia agbokelyani bha nai?	Muikili mabhonga kedha mwebembezi mabhonga asemelelu bha nali na kisa asemelelu bha kanga bhaki na tama andie asemelelu bha nali kima ndiaki ndia akisobola yambaki kasemelelu bhaki nali munako kandi asemelelu bhaki nasomiku netegelezi	1			Amba	train	8.751306165099269		False	0.36363636363636365	False	3.8987852525290734	0.077834179357022	True
e8eb7188dc741f9c8bd1f3b4b922d0b6	59461	spontaneous-speech-rwm-59461.mp3	24696	5930	Andi ki kina tina mwebembezi/muhikili mabhonga ndia agbokelyani bha nai?	Muikili kedhatu mwebembezi amabhonga agbokiliani abhe ntua mazima agbokiliani abhe na kundani kowa bhakpa poni agbokiliani azibe eti buli nkpa mindia akintagia akinganani naye  kali wagia eti akingaya bhinjo bhinjo ali ntua kanji tabhi iye	1			Amba	train	8.26044703595724		False	0.23728813559322037	False	5.234544764818909	0.7419627749576988	False
09bbee7d294906c21ab763ff5ca35ee2	59485	spontaneous-speech-rwm-59485.mp3	17496	5930	Andi ki kina tina mwebembezi/muhikili mabhonga ndia agbokelyani bha nai?	Osemelelu obhe na ndabho otodhe osome nanga nontungi ngeni natugi ka America kedha mani aku akubika nakuonga lungeleza so andulu injo nkpa nosemelelu bha bhinjo obhe na ndabho obhe na kisomo.	1			Amba	train	9.202103337905807		False	0.17553191489361697	False	5.53119535174462	0.8544839255499154	False
7b8ce0a081d9ccda7626927c5eec42d2	59579	spontaneous-speech-rwm-59579.mp3	20628	5930	Andi ki kina tina mwebembezi/muhikili mabhonga ndia agbokelyani bha nai?	Mwebembeli agbokiliani iba bhataka ndibhaki Mwebembezi apasu abhe na inji apasu  bha ziba ndia akibha nakibika ka nkungu ndiaki mwebembezi apasu alike nakilikisa nkulato mwebembeli apasu lika nakibhuziba bhakpa ndibhaki	1			Amba	train	9.162303664921463		False	0.35185185185185186	False	4.433839764106376	0.30879864636209814	True
2a714f0f48c3450f78b159dbfd6c6c04	59628	spontaneous-speech-rwm-59628.mp3	43308	5930	Andi ki kina tina mwebembezi/muhikili mabhonga ndia agbokelyani bha nai?	Muhikili amabhonga abhongi obhuhanise bhakpa nesi mkpa amabhonga abgokilyani baki	1			Amba	train	1.662510390689942	transcription-length	True	0.17948717948717952	False			False
79c70007d8f4df515b1206bb8d666e7b	57567	spontaneous-speech-rwm-57567.mp3	18108	5931	Ali mugaso kedha bizibu tina ka Uganda ndia muluku kedha nkali mindia amani na nkpa moti akienaga?	No amani nkali moti sente ndio okubisaga ka kima tabhi sumba liaga helelia bhaniki akibhaga nke ziba na injo ndio okubisaga ka kima tabhi liaga no amani bhakli bheka bheka 	1			Amba	train	7.841837861718577		False	0.272189349112426	False	4.5569182659891885	0.3866328257191201	True
0038f5497f9f2af927e533e85ee33985	57614	spontaneous-speech-rwm-57614.mp3	34776	5931	Ali mugaso kedha bizibu tina ka Uganda ndia muluku kedha nkali mindia amani na nkpa moti akienaga?	Bizibu kedha migaso ndia muluku kedga nkali mindia hamaniyo kamamano ndiaki ali nti kuba nibuli na bhuta kengangana ali bizibu kansi bakali sebalisiyo bagali kumba kima poni kandabho yai nai kindiabo muluku atiga binjo theni muluku naye kaba insiani sini nau akibhikisaga bijibu ka inji dhe katabanguko akidha nanga butakenga	1			Amba	train	7.936507936507936		True	0.15527950310559002	False			False
2a714f0f48c3450f78b159dbfd6c6c04	57618	spontaneous-speech-rwm-57618.mp3	42156	5931	Ali mugaso kedha bizibu tina ka Uganda ndia muluku kedha nkali mindia amani na nkpa moti akienaga?	Ka Yuganda,nkali kedha muluku mindia amwamani nkpa moti akibhaga na businge, bhakwokanaga na nkali kedha muluku,no bizibu ndia aliku dhe, moti kalwala kedhe nkali kalwala  mulimo poni ndia alibe ankiselikilianagabe muluku na muluku kalwala mulimo poni ankiselikilianagabe nkali	1			Amba	train	5.669418350887181		True	0.36496350364963503	False			False
268635e5ac8169d00be91a407e38d7f4	57667	spontaneous-speech-rwm-57667.mp3	23976	5931	Ali mugaso kedha bizibu tina ka Uganda ndia muluku kedha nkali mindia amani na nkpa moti akienaga?	Buzibu ndia bhakiduanagaku moti ali buli nkpa kedha muluku kedha nkali atandika kola kima ndia kantoli daki ndia kebhali kabha koma pesiana bitinisa buli nkpa atandika gaya daki na injo ali buzibu ndia akibhaga ka bufumbu bie injo	1			Amba	train	8.049716383049716		False	0.2202643171806168	False	4.688964043162991	0.47292724196277497	True
06abe4fdd40392815ffcffabe9ccddfd	58042	spontaneous-speech-rwm-58042.mp3	15408	5931	Ali mugaso kedha bizibu tina ka Uganda ndia muluku kedha nkali mindia amani na nkpa moti akienaga?	Injo ali kima ndia bhenu nkumi bhkutokaga kwe kwe tegeka na nkali mindiako andulu bhubhe nibhukwelinda ka kima mamulingo injo	1			Amba	train	6.879543094496365		False	0.05737704918032782	False	4.374887571084001	0.2732656514382403	True
ce1fe571c632c175c538f2de6c2f35a4	58523	spontaneous-speech-rwm-58523.mp3	7200	5931	Ali mugaso kedha bizibu tina ka Uganda ndia muluku kedha nkali mindia amani na nkpa moti akienaga?	Akwetantalaga ndwali nakubikisa nkula kulana ka inji injo	0			Amba	train	6.944444444444445		True	0.03703703703703709	False			False
09bbee7d294906c21ab763ff5ca35ee2	58678	spontaneous-speech-rwm-58678.mp3	21096	5931	Ali mugaso kedha bizibu tina ka Uganda ndia muluku kedha nkali mindia amani na nkpa moti akienaga?	Mugaso ndialiku kobha noli na nkali moti bakubhaga na nkula kulana nanga bhatungi sente bakulikaga ka meza bagiyeri yo sente akiya ka sukulu fizi yo yo kigiye bhiyo kihalikeku ndabho tabhi bhinjo	1			Amba	train	7.773985589685249		False	0.11979166666666663	False	5.164664912444457	0.7140439932318104	False
01afad16deed014c336c39ed0790a0bc	59065	spontaneous-speech-rwm-59065.mp3	15336	5931	Ali mugaso kedha bizibu tina ka Uganda ndia muluku kedha nkali mindia amani na nkpa moti akienaga?	Ndia kokubanja bhukubhaga na mpempa ka inji nanga bhenu poni bhuokania kandi.bhaniki ndibhanu bhali ndibha nkali moti kizibu ndieyolo u kizibu ndia aliku bhenu poni kabha nibhuli bhagalai kalibe mindia akinkonia daki	1			Amba	train	12.063119457485657		False	0.2018779342723005	False	4.296430900251527	0.23604060913705585	True
aff82a045868be1573431402cd4ccddc	59148	spontaneous-speech-rwm-59148.mp3	27648	5931	Ali mugaso kedha bizibu tina ka Uganda ndia muluku kedha nkali mindia amani na nkpa moti akienaga?	Kizibu ndiasu bhaluku ndiaali ka uganda bhakikitulugunyaga sini kamazima ndiasu ndie kiongaga bhakoma dhoisabe buhelelia ati ebho bhakali bhali nabilungi ndiabho ebho sini sini bhaka kibhutulugunyaga oyo bhakilikaga nibhakibhusindililaga bhia bhakali	1			Amba	train	7.957175925925926		False	0.26315789473684215	False	4.882934116581635	0.5795262267343486	True
839194823957ef6cf0af192facc00f2e	59357	spontaneous-speech-rwm-59357.mp3	25920	5931	Ali mugaso kedha bizibu tina ka Uganda ndia muluku kedha nkali mindia amani na nkpa moti akienaga?	Ati nkpa mindia amanio  bizibu ndia akitunganga kakinganani na nkpa mindia ka amanai nanga komesia ko amana oku oku amana ndiako akukupesiaga ndulu godhisa ndiako sa mani bhaitu nkpa mindia kamuli na nkali kali na ntekeleza uponibsa patisipetinga gia eti akitekaniza bajeti ndiaki ndia ka ndabho  baa baitu nkpa kabha nomuli na nkali oli na tekaniza	1			Amba	train	11.265432098765432		False	0.3323699421965318	False	5.083426535723536	0.6793570219966159	False
e8eb7188dc741f9c8bd1f3b4b922d0b6	59533	spontaneous-speech-rwm-59533.mp3	30996	5931	Ali mugaso kedha bizibu tina ka Uganda ndia muluku kedha nkali mindia amani na nkpa moti akienaga?	Muluku kedha nkali bizibu ndia akienaga mehe ka Yuganda naliku to mugaso,moti aliziba eti mugaso ndia aliku yoho sabhanamuli na muluku mindiaki tedhe na nkali naye namuli na muluku mindiaki tedhe bhakilikaga na businge	1			Amba	train	5.968512066073041		False	0.2697674418604651	False	4.334498469411584	0.2529610829103215	True
18df01d60d16de159483408584d06424	59721	spontaneous-speech-rwm-59721.mp3	24696	5931	Ali mugaso kedha bizibu tina ka Uganda ndia muluku kedha nkali mindia amani na nkpa moti akienaga?	Haaa mugaso ndia ali ka muluku kedha nkali mindia aliku moti akibhaga eti kima uponi ndia bhakitunga bhakigabaniaga bhaitu noliku wekaka kima injo poni akibha ndiako	1			Amba	train	5.668934240362812		False	0.20370370370370372	False	3.956951796771179	0.09137055837563451	True
79c70007d8f4df515b1206bb8d666e7b	57489	spontaneous-speech-rwm-57489.mp3	20196	5932	Andiki ndia akidhuwa kibi kima ndia bhakpa ndibhetolo ka ngonguambili ndiasu ?	Kiki toka hisa baniki ndibasu ka sukulu ba hege kima amabika kandi kiki toka toliya baniki benjo ngoku bali na kweisa kansi yohi ndiasu	1			Amba	train	5.545652604476134		False	0.14393939393939392	False	5.1933810101442015	0.7267343485617598	False
06abe4fdd40392815ffcffabe9ccddfd	57912	spontaneous-speech-rwm-57912.mp3	10008	5932	Andiki ndia akidhuwa kibi kima ndia bhakpa ndibhetolo ka ngonguambili ndiasu ?	Kwelungisania ka mbili ndianu alibe ndio bhukukolaga andulu bhulike imamoti	1			Amba	train	6.5947242206235		False	0.02777777777777779	False	4.45530035370555	0.3197969543147208	True
01afad16deed014c336c39ed0790a0bc	57991	spontaneous-speech-rwm-57991.mp3	17136	5932	Andiki ndia akidhuwa kibi kima ndia bhakpa ndibhetolo ka ngonguambili ndiasu ?	Ndia kateketa andi soma makulu ka mpampulo ndia kebhali andi okian makula ka mpapulo ndiasu na kama TV na ndietolo zibiliai ka masimu ndia agbei yai na musa ka ngongwa mbili ndietolo	1			Amba	train	8.81185807656396		False	0.2122905027932961	False	4.695135994277525	0.4754653130287648	True
18df01d60d16de159483408584d06424	58284	spontaneous-speech-rwm-58284.mp3	27000	5932	Andiki ndia akidhuwa kibi kima ndia bhakpa ndibhetolo ka ngonguambili ndiasu ?	Ndia akidhua koibe kima ndia bhakpa ndibhetolo ka ngongwa ali ngu okubha ndio kotungi makulu ka kima ndia agbei leukanai ka ngongwa mbili nanga nkpa ndia kabikisi kako makulu kona mulingo nangoku okutoka iba makulu ka ngongwa mbili kedha ndia bhakabisi kilango injo ka ledio kedha ka kima poni ndia akibhumanyisa bhakpa kona na kima poni ndio okutoka ibai	1			Amba	train	11.0		False	0.375	False	3.8642162952912753	0.06683587140439932	True
0038f5497f9f2af927e533e85ee33985	58323	spontaneous-speech-rwm-58323.mp3	23688	5932	Andiki ndia akidhuwa kibi kima ndia bhakpa ndibhetolo ka ngonguambili ndiasu ?	Ndia akidhuaga bhuiba kima ndietolo ndia bhakpa ndibha ka ngongwa mbili ali sigikilia kyokuleloho bha dokita bhakabika kebela bhakpa ndwali ka kicweja andulu ndia bhakigi bba nanka miyo alwalia nanka miyo alwalia bhumbikse ka sipatala kedha bhakilika bika nibha kincekinga sigikilia nesi agio	1			Amba	train	10.55386693684566		False	0.2664359861591695	False	4.3491749977447265	0.26057529610829105	True
09bbee7d294906c21ab763ff5ca35ee2	58716	spontaneous-speech-rwm-58716.mp3	21888	5932	Andiki ndia akidhuwa kibi kima ndia bhakpa ndibhetolo ka ngonguambili ndiasu ?	Mkp akutiga ka ngongwambili ndiabo nali na ngeso kasita okoma bako na ngeso ngongwabili kakubongilya ba olinna ba nangeso andulu ka ngongwambili olike no bongi	1			Amba	train	6.167763157894736		False	0.2564102564102564	False	4.953669081614681	0.6184433164128595	False
268635e5ac8169d00be91a407e38d7f4	58806	spontaneous-speech-rwm-58806.mp3	16596	5932	Andiki ndia akidhuwa kibi kima ndia bhakpa ndibhetolo ka ngonguambili ndiasu ?	Ndia kokubanja ali bumui koliliaga imamoti ipesianage bitinisa kikolage mitingi kibe eti kikoli kima ndia akibikisa nkulakulana andulu kibha bhia bhakpa ndibhetolo ka ngongwa mbili ndiasu yoho	1			Amba	train	10.00241021932996		False	0.08994708994709	False	3.990582559750866	0.10236886632825719	True
e8eb7188dc741f9c8bd1f3b4b922d0b6	58945	spontaneous-speech-rwm-58945.mp3	19620	5932	Andiki ndia akidhuwa kibi kima ndia bhakpa ndibhetolo ka ngonguambili ndiasu ?	Ka ngongwa mbili ndiasu kagbokiliani kibi ndia bhakpa ndibhetolo aenikaneku  nanga injo akibha nali sa bika anjagasu  bhesu poni dhua inji ndiasu dhua inji ndiasu dhua bhaniki ndibhasu na bhataka poni bhakabhe na businge  na sa kalembe ka ngongwa mbili kenjo	1			Amba	train	10.958205912334352		False	0.2588235294117647	False	3.8243780933113727	0.05245346869712352	True
14482a129cdad77b883cf44ab8ee2666	59043	spontaneous-speech-rwm-59043.mp3	18936	5932	Andiki ndia akidhuwa kibi kima ndia bhakpa ndibhetolo ka ngonguambili ndiasu ?	Bhakpa  ndi ka ndietolo bhakidhuwaga kibi kakibha nikintolia nkpa mindia akikola kizibu akibililiaga ndie	1			Amba	train	4.805661174482467		False	0.10784313725490191	False	3.5110842795037236	0.009306260575296108	True
2a714f0f48c3450f78b159dbfd6c6c04	59415	spontaneous-speech-rwm-59415.mp3	22968	5932	Andiki ndia akidhuwa kibi kima ndia bhakpa ndibhetolo ka ngonguambili ndiasu ?	Ndia akidhua kiba kima ndia bhakpa  bhaka ka ngogwambili ndiasu ali pesiana makulu nalikagasu mamoti nikikihanula andulu kindie kikiokilaaga makulu ndia bhakpa	1			Amba	train	5.964820619993033		False	0.16025641025641024	False	3.997621433452373	0.10575296108291032	True
aff82a045868be1573431402cd4ccddc	59699	spontaneous-speech-rwm-59699.mp3	9540	5932	Andiki ndia akidhuwa kibi kima ndia bhakpa ndibhetolo ka ngonguambili ndiasu ?	Ndiakidua kihibhe kima poni ndiali kagogwabili ndiasu ali mamikiliana na lika emamoti	1			Amba	train	7.7568134171907746		False	0.04878048780487809	False	4.1700947698019	0.1793570219966159	True
14482a129cdad77b883cf44ab8ee2666	57441	spontaneous-speech-rwm-57441.mp3	32580	5933	Ka sukulu bhakole eki ziba eti bhaniki bhalema nabho bhabhukingyananisa na ndibhekina?	Ka sukulu kuwo bhaniki bhalema kingesabho bhasomesa kikabha bhakozesage sign language na somesabho kima poni bhanikiabho bhakikabha ega sign language ndia bhalema bhakitoka.	1			Amba	train	4.634745242480049		True	0.3176470588235294	False			False
0038f5497f9f2af927e533e85ee33985	57738	spontaneous-speech-rwm-57738.mp3	22896	5933	Ka sukulu bhakole eki ziba eti bhaniki bhalema nabho bhabhukingyananisa na ndibhekina?	Bhaniki ndibha ka sukulu ndibha bhali ka sukulu bhalema kingananisabho na ndibha bhakali  bhalema asemelelu bhoponi bhalikage imamoti bhadhue sololabho bheho likabho kati bheo kilasi ndiabho kati bhali nabhabho bhoponi obhutabule imamoti andulu nabho bhaibe nesi nabho bhali bhakpa tai bheho so kosemelelu sololabho bba	1			Amba	train	11.967155835080362		False	0.38291139240506333	False	4.265454571468769	0.21658206429780033	True
01afad16deed014c336c39ed0790a0bc	57759	spontaneous-speech-rwm-57759.mp3	23688	5933	Ka sukulu bhakole eki ziba eti bhaniki bhalema nabho bhabhukingyananisa na ndibhekina?	Bhaniki bhabhu pesie ndia bhuwai ghokelanio tebhi nbhata ndia bho abhe nali ndia bhalema bha nkia gali nali ndia bhalema kwoloni ndia bho abhe nali ndia bhalema kabhakibhusogosa sini kha bhaniki dhabho eee njo adhu kikighaga kola bhaniki bhalema ka sukulu tebhi bha dhabho	1			Amba	train	9.667342114150625		False	0.36802973977695164	False	4.762386088102876	0.5143824027072758	True
e8eb7188dc741f9c8bd1f3b4b922d0b6	58202	spontaneous-speech-rwm-58202.mp3	29340	5933	Ka sukulu bhakole eki ziba eti bhaniki bhalema nabho bhabhukingyananisa na ndibhekina?	Kakinganisa bhaniki bhalema na bheho ndibhekina ka sukulu ali zibe eti bhabhukolili kima tabhi yoho byoloni kindia bhakiyaga ya ya kukuniabe kindia bhakinila bhabiseku byetago ndiabho bya bhalema ndibha bhagbokiliani kolai nabho bhalema kekabhe nibhakibhusolola kowa bhaniki bhataidabho	1			Amba	train	8.486707566462167		False	0.22968197879858654	False	4.382441479421824	0.27918781725888325	True
18df01d60d16de159483408584d06424	58260	spontaneous-speech-rwm-58260.mp3	24228	5933	Ka sukulu bhakole eki ziba eti bhaniki bhalema nabho bhabhukingyananisa na ndibhekina?	Kima ndia ndie kigbokiliani kolai ka sukulu zibe eti bhaniki bhalema bhabhukinginanisi na ndibhekina  ali pabho bietago ndiabho bhia bhaniki bhalema ndi akibhutokisa zibe eti nabho bhaenyenagi na ndibhekina tabhi ndibha bhakitoka gba muigo bhabhupe muigo bhalike kabho byoloni mabhonga na kima ndie kina	1			Amba	train	10.69011061581641		False	0.29333333333333333	False	4.428062147695006	0.3011844331641286	True
06abe4fdd40392815ffcffabe9ccddfd	58275	spontaneous-speech-rwm-58275.mp3	15300	5933	Ka sukulu bhakole eki ziba eti bhaniki bhalema nabho bhabhukingyananisa na ndibhekina?	Injo abha mugaso ndia  sa gavumenti nanga gia eti nabho bhaniki bhabhuokage nanga nabho bhakianulaga ndiabho ndia bhakpa bhakioka	1			Amba	train	7.18954248366013		False	0.23015873015873012	False	3.563770655030445	0.015228426395939087	True
79c70007d8f4df515b1206bb8d666e7b	58500	spontaneous-speech-rwm-58500.mp3	21420	5933	Ka sukulu bhakole eki ziba eti bhaniki bhalema nabho bhabhukingyananisa na ndibhekina?	Balemi bhakitoka toliyabho nti bhakitunga nkola ndi bhakinganisiya kandi bhabhuwebhe gulading ndyabho	1			Amba	train	4.201680672268907		False	0.15306122448979587	False	4.773260186846259	0.5211505922165821	True
09bbee7d294906c21ab763ff5ca35ee2	58878	spontaneous-speech-rwm-58878.mp3	12240	5933	Ka sukulu bhakole eki ziba eti bhaniki bhalema nabho bhabhukingyananisa na ndibhekina?	Ka sukulu ndibhekina bhabhutembisa na ndibhekina nibhabhukisigala ka kilasi bhaitu bhamamadha bhakabhutembisa bba bhasigala ka kilasi	1			Amba	train	9.640522875816991		False	0.3153846153846154	False	5.491093472226709	0.8443316412859561	False
ce1fe571c632c175c538f2de6c2f35a4	59375	spontaneous-speech-rwm-59375.mp3	13680	5933	Ka sukulu bhakole eki ziba eti bhaniki bhalema nabho bhabhukingyananisa na ndibhekina?	Bhabiki bhalike masukulu mabhonga bhabikise bhasomesia mabhonga bhapesie musala mabhonga bhatiebe pologulamu sa lieli andulu bhaniki  bhaliage ka sukulu	1			Amba	train	9.722222222222223		False	0.2348993288590604	False	4.387080929102526	0.2808798646362098	True
839194823957ef6cf0af192facc00f2e	59381	spontaneous-speech-rwm-59381.mp3	21780	5933	Ka sukulu bhakole eki ziba eti bhaniki bhalema nabho bhabhukingyananisa na ndibhekina?	Bba bhoponi bhakibhaga bha mamoti nanga sigikilia eti ega ndia mioyo aka  egai andulu ndia miyo  ndia miyo aka egai andulu ndia amiyo oyo bhaniki bhalema ebho bhali bhakabha nibha katunga bifubilo bhakakikingananga na bheo bheo nibhasobhi bhali nangoku bhakipesianaga bifubilo ndiabho menjo	1			Amba	train	11.294765840220386		False	0.32055749128919864	False	4.753817209177355	0.5109983079526227	True
79c70007d8f4df515b1206bb8d666e7b	57530	spontaneous-speech-rwm-57530.mp3	7308	5934	Andiki ndia adhu bhakpa ka ngonguambili ndiasu kanga kozesa nguwa sa magezi ndia libe?	Injo nguwa ndia magezi ali aki	1			Amba	train	3.4209085933223866		True	0.0	False			False
01afad16deed014c336c39ed0790a0bc	57645	spontaneous-speech-rwm-57645.mp3	27036	5934	Andiki ndia adhu bhakpa ka ngonguambili ndiasu kanga kozesa nguwa sa magezi ndia libe?	Kizibu ndia katekea andi bha nibhasomi kisomo nke haaa nsonga ndia kebhali  intaneti bhakali nai ka byalo kizibu ndiabl kesalo andi masanyalazi kaliku kizibu ndia keini andi netiwaka bhakalia ka ngongwa mbili ndiasu 	1			Amba	train	6.731765054002071		False	0.22535211267605637	False	4.186025467296394	0.18612521150592218	True
0038f5497f9f2af927e533e85ee33985	57777	spontaneous-speech-rwm-57777.mp3	41976	5934	Andiki ndia adhu bhakpa ka ngonguambili ndiasu kanga kozesa nguwa sa magezi ndia libe?	Ndia adhu kozesa nguwa sa magezi ndia alibe endindi siyo ali sigikilia ngu nguwa alibe kima ndio kosemelelu kozesai kima ndiohibiyo kosemelelu kozesa kima ndio koibi akukubikisilia bizibu so adhu ndulu ka ngonguwa mbili kindia etolo nguwa bhakalika kozesa nguwa sa magezi ndia alibe endindi siyo nanga bhakasanganu nibhahibilwani bhakasomi.	1			Amba	train	6.932532875929103		True	0.3827893175074184	False			False
ce1fe571c632c175c538f2de6c2f35a4	57815	spontaneous-speech-rwm-57815.mp3	9108	5934	Andiki ndia adhu bhakpa ka ngonguambili ndiasu kanga kozesa nguwa sa magezi ndia libe?	Aliku bizibu sa masayalazi na bhakpa bhakaibi kozesa nguwa injo	1			Amba	train	5.928853754940711		False	0.050000000000000044	False	4.3721011067557605	0.2715736040609137	True
18df01d60d16de159483408584d06424	57987	spontaneous-speech-rwm-57987.mp3	16308	5934	Andiki ndia adhu bhakpa ka ngonguambili ndiasu kanga kozesa nguwa sa magezi ndia libe?	Bhakpa ka ngongwa mbili ndiadhu bhakakozesa nguwa sa magezi ndia alibe ali ngu bhakpa njo bhakaibi kozesa nguwa njo akipasuwa kisomo abheku	1			Amba	train	7.235712533725779		False	0.22058823529411764	False	4.0566897954742265	0.12944162436548223	True
e8eb7188dc741f9c8bd1f3b4b922d0b6	58187	spontaneous-speech-rwm-58187.mp3	25776	5934	Andiki ndia adhu bhakpa ka ngonguambili ndiasu kanga kozesa nguwa sa magezi ndia libe?	Ndia adhu bhakpa ka ngongwa mbili ndiasu bhakaibe kozesai nguwa sa magezi ndia alibe sebhalisiyo moti bhakibi nguwa injo aenagi bhoni bhakatangimbebe ndibhetolo ndibha bhatangio bhakali na sente sumbai abhutiedhilia ndibhetolo bhakaibi mugaso si	1			Amba	train	8.224705152079453		False	0.2024793388429752	False	4.3382748832145435	0.2563451776649746	True
06abe4fdd40392815ffcffabe9ccddfd	58311	spontaneous-speech-rwm-58311.mp3	16056	5934	Andiki ndia adhu bhakpa ka ngonguambili ndiasu kanga kozesa nguwa sa magezi ndia libe?	Kisomo ali injo bhakikozesaga kisomo nanga andulu ndia sebhalisio bhabikisio ka gavumenti kedha ka uganda kedha kansi poni	1			Amba	train	6.539611360239163		False	0.11764705882352944	False	3.8480321390989394	0.06429780033840947	True
09bbee7d294906c21ab763ff5ca35ee2	58315	spontaneous-speech-rwm-58315.mp3	7776	5934	Andiki ndia adhu bhakpa ka ngonguambili ndiasu kanga kozesa nguwa sa magezi ndia libe?	Bhakapa bhakibhaga nibhakabhi kozesa nguwa sa kalimagezi bhaitu ali bhulibuwa mbagana andulu kizibu ndia alibe	1			Amba	train	12.34567901234568		True	0.06542056074766356	False			False
aff82a045868be1573431402cd4ccddc	58358	spontaneous-speech-rwm-58358.mp3	43056	5934	Andiki ndia adhu bhakpa ka ngonguambili ndiasu kanga kozesa nguwa sa magezi ndia libe?	Nanga hati enindi siebhalisiyo bhakpba kilikilania na bhakpa ndibha Kali ka ntula ndiasu okutakaga Holu kedhatu Nkelo kadha ani wena nali ka ngongwa-mbili kenjo,hati bhaniki bhenjo bhakakikozesaga lulimi sasu so kibhonganu kitunge tukpi kibhulikage na bhaniki ndibhasu kibhutoliage kima ndiasu sa Kwamba andulu bhakozesage kima injo	1			Amba	train	6.665737643998514		True	0.19148936170212771	False			False
839194823957ef6cf0af192facc00f2e	58921	spontaneous-speech-rwm-58921.mp3	20736	5934	Andiki ndia adhu bhakpa ka ngonguambili ndiasu kanga kozesa nguwa sa magezi ndia libe?	Ali sigikilia eti bheponi bhakakibhaga nai ndibha bhali nai bhakikozesa mindia kali nai kakikozesa nanga bheponi bhakakinganani runga bba andulu ndio okutakanaga ndia miyo ali nai miyo kali nai	1			Amba	train	7.957175925925926		False	0.31052631578947365	False	4.0399980180125095	0.12098138747884941	True
2a714f0f48c3450f78b159dbfd6c6c04	57380	spontaneous-speech-rwm-57380.mp3	25128	5935	Andiki muhikili ndia angbokelyani kolai kizibu kabha naenikani ka ngonguambili ndiasu ?	Bizibu kaenikana ka ngongwa mbili ndiasu muikili ali na ekea bhakpa bhabike bhahanulebe bizibu nesi abikio kandi nesi bhakidhakiabei dumbi  aise lepota ka polis dumbi nabho bhabike bhazibe ndia bhakikola	1			Amba	train	6.884750079592487		False	0.18500000000000005	False	4.863307136555522	0.5668358714043993	True
18df01d60d16de159483408584d06424	57656	spontaneous-speech-rwm-57656.mp3	27756	5935	Andiki muhikili ndia angbokelyani kolai kizibu kabha naenikani ka ngonguambili ndiasu ?	Kizibu kabha naenikani kangongwambili mwkili ali na manyisa bakpa ndibhaka ngongwambili nangoku kizibu alibhe dhumbi bhekumese imamoti kahongabe kizibhu injo bhazibe nesi kizibu injo akisiyabhe nanga eyi byamwikili ndyakabhumanyisi bakpa bakakuhibha kandi kizibu njo kali nanesi akusiyabhe	1			Amba	train	9.115146274679349		False	0.23426573426573427	False	4.775666767339463	0.5228426395939086	True
839194823957ef6cf0af192facc00f2e	57760	spontaneous-speech-rwm-57760.mp3	25740	5935	Andiki muhikili ndia angbokelyani kolai kizibu kabha naenikani ka ngonguambili ndiasu ?	Bizibu akibhagabe sa mbaganiza alibe kizibu ndia akibikaga ndia agbokiliani gavumenti telemiliai alibe hee kuzibu kabikabe ndia gavumenti agbokiliani telemiliai kikicuagaku kiya kibhutolia bhatua gavumenti kedha bhebembezi ndibhasu ndibha bhakali bhali ka ntebe ndibha bhakijibaga nesi ndia bhakikola ka bizibu ndiasu ndia aleukani ka ngongwa mbili ndiasu 	1			Amba	train	12.004662004662004		False	0.34560906515580736	False	3.94841818055188	0.08883248730964467	True
0038f5497f9f2af927e533e85ee33985	58706	spontaneous-speech-rwm-58706.mp3	25560	5935	Andiki muhikili ndia angbokelyani kolai kizibu kabha naenikani ka ngonguambili ndiasu ?	Muikili asemelelu adue kindia kizibu alio menjo azibikese kabha kizibu nankolibe aye ka police aye kau aye arepotinge kau habwa kizibu ndia atungi ka ngongwa mbili 	1			Amba	train	5.399061032863849		False	0.17391304347826086	False	5.054135400893846	0.6658206429780034	False
01afad16deed014c336c39ed0790a0bc	58841	spontaneous-speech-rwm-58841.mp3	10800	5935	Andiki muhikili ndia angbokelyani kolai kizibu kabha naenikani ka ngonguambili ndiasu ?	Mulemi ndia agbokiliani kolai kazibikanisa ka mbili andi bikisabe mpempa ka bhakpa ndibha ka ngonguwa mbili kenjo.	1			Amba	train	9.074074074074073		False	0.09009009009009006	False	3.7850202156810115	0.04568527918781726	True
79c70007d8f4df515b1206bb8d666e7b	58889	spontaneous-speech-rwm-58889.mp3	18828	5935	Andiki muhikili ndia angbokelyani kolai kizibu kabha naenikani ka ngonguambili ndiasu ?	muhikili minjo ali na jiba ati injo kizibu kalyabe ba kandi alina ziba nti abutoliya papa tabi ba polisi nti kifo injo aliku buzibu dumbi babhike	1			Amba	train	6.373486297004462		False	0.11971830985915488	False	6.271429723350065	0.9602368866328257	False
268635e5ac8169d00be91a407e38d7f4	59033	spontaneous-speech-rwm-59033.mp3	23760	5935	Andiki muhikili ndia angbokelyani kolai kizibu kabha naenikani ka ngonguambili ndiasu ?	Muhikili asemelelu aye akitelilia ati kizibu yo ali ka kyalo yo dhubhi kyetatale nanga nalabi na bulemezi ka bhakpa muhikili asemelelu nsonga ndiasu ahise ka disitricti kenda ka ofisi kabhabha nibha kisobola yabasu	1			Amba	train	7.659932659932659		False	0.12322274881516593	False	5.13876240112199	0.7030456852791879	False
7b8ce0a081d9ccda7626927c5eec42d2	59038	spontaneous-speech-rwm-59038.mp3	17748	5935	Andiki muhikili ndia angbokelyani kolai kizibu kabha naenikani ka ngonguambili ndiasu ?	Kabha noli ka ngonguwa mbili muhikili apasu likisa bhakpa ndibhaki bhazibe andiki ndia bikisi kizibu njo ndia kebhali apasu budhabudha bhakpa njo ka kizibu kindia aliyo ndia kesalo ali jiba ngu aisi ka gavumenti	1			Amba	train	10.02929907595222		False	0.22115384615384615	False	4.121634430284821	0.15397631133671744	True
ce1fe571c632c175c538f2de6c2f35a4	59213	spontaneous-speech-rwm-59213.mp3	6228	5935	Andiki muhikili ndia angbokelyani kolai kizibu kabha naenikani ka ngonguambili ndiasu ?	Akikabhisa abhebe adhakililie kizibu njo ndulu aye ka ka mipango ndiekina.	1			Amba	train	10.27617212588311		True	0.028169014084507005	False			False
14482a129cdad77b883cf44ab8ee2666	59355	spontaneous-speech-rwm-59355.mp3	21888	5935	Andiki muhikili ndia angbokelyani kolai kizibu kabha naenikani ka ngonguambili ndiasu ?	Muhikili asemelelu nakikola milimonñ mabhonga ukaka ka ngongwa mbili ndiasu muhikili bhakapa bhasemelelu ega tuka kindia muhikili minjo	1			Amba	train	5.391081871345029		False	0.1742424242424242	False	4.024490211645813	0.1116751269035533	True
aff82a045868be1573431402cd4ccddc	59659	spontaneous-speech-rwm-59659.mp3	31140	5935	Andiki muhikili ndia angbokelyani kolai kizibu kabha naenikani ka ngonguambili ndiasu ?	Minjo mwikili abhongananu abhueke bakpa abulikise bahanulebhe kizibu injo nesi akisiyabhe	1			Amba	train	2.536929993577393	transcription-length	False	0.046511627906976716	False	5.814059796516934	0.9077834179357022	False
09bbee7d294906c21ab763ff5ca35ee2	59746	spontaneous-speech-rwm-59746.mp3	15696	5935	Andiki muhikili ndia angbokelyani kolai kizibu kabha naenikani ka ngonguambili ndiasu ?	Famile andulu bhubikise bhubike  imamoti bhuonge buli kimui ndia aluzukanio so andulu injo bhulemi ndiako mindia amending famile ndia bhenu ndia akikolaga	1			Amba	train	8.409785932721713		False	0.17880794701986757	False	4.686053972017874	0.4703891708967851	True
79c70007d8f4df515b1206bb8d666e7b	57325	spontaneous-speech-rwm-57325.mp3	21096	5936	Ali bizibu tina bhakpa ndibhakienaga ka bwile sa mbula?	Bhakpa bhamabhika ka bwile ndia mbula libho akigodhaga ka ndabho ndiabho kandi kima ndiabho abhula mabhika mabhika kandi ndibhetolo bhaniki ndibhabho bhakibhaga nibha angi kandi ozibe oti bhakuwa	1			Amba	train	7.963594994311718		False	0.28125	False	4.05121799926548	0.1260575296108291	True
06abe4fdd40392815ffcffabe9ccddfd	57673	spontaneous-speech-rwm-57673.mp3	27576	5936	Ali bizibu tina bhakpa ndibhakienaga ka bwile sa mbula?	Ka bwile sa mbula bkapa bhakikunaga lieli sa kima ndia akikiyamba bhesu ka nsi kehe kedha ka uganda kedha ka bulimi ndia bhakpa ndia ka kitio-kitio kikikunaga kima habwa bwile sa mbula andulu ndia akidhuaga businge abhabe na liaga amadha ka uga kondibhugiyo kindia bhesu kuni	1			Amba	train	8.340586016826226		False	0.2904411764705882	False	4.441742206006892	0.3130287648054145	True
2a714f0f48c3450f78b159dbfd6c6c04	57748	spontaneous-speech-rwm-57748.mp3	24408	5936	Ali bizibu tina bhakpa ndibhakienaga ka bwile sa mbula?	Bwile sa mbula bakpa bakitungaga bizibu bya sendisa ndimo ndiabo bakpa mugagabo ka libo na ndimo ndietolo tukudhai nanga atungi libo amamadha	1			Amba	train	4.916420845624385		False	0.15217391304347827	False	5.435504954073283	0.8248730964467005	False
e8eb7188dc741f9c8bd1f3b4b922d0b6	57803	spontaneous-speech-rwm-57803.mp3	30060	5936	Ali bizibu tina bhakpa ndibhakienaga ka bwile sa mbula?	Ja bwile sa mbula bhakpa bhali na bizibu natai sa zibe eti ndia akisendaga kima ndiabho biasi sa tungo tabhi bilimwa tai ndabho abhunukage abhe lusui si sini sini huwa nau kabha naliku abhe tali tali naliku injo mbula akisiaga nabhuseisi bhkpa muzangu	1			Amba	train	6.95276114437791		False	0.17741935483870963	False	6.1152962080635	0.9458544839255499	False
01afad16deed014c336c39ed0790a0bc	58179	spontaneous-speech-rwm-58179.mp3	23796	5936	Ali bizibu tina bhakpa ndibhakienaga ka bwile sa mbula?	Kizibu ndia kateketa ali dhudhu tinikai kedha ndia bhakiagaku nsia nsia tinikai kizibu ndia kebhali andi libho tumai sendisa inji lieli na sendisa bhakpa kizibu ndia kesalo andi ola ndimo mbula kabha nabhiki 	1			Amba	train	7.354177172634056		False	0.25365853658536586	False	4.935892629635405	0.61082910321489	False
09bbee7d294906c21ab763ff5ca35ee2	58222	spontaneous-speech-rwm-58222.mp3	5076	5936	Ali bizibu tina bhakpa ndibhakienaga ka bwile sa mbula?	Okukubhuwekaga polisi abika ajiba kindia nkpa enigilio	1			Amba	train	9.456264775413713		True	0.0	False			False
268635e5ac8169d00be91a407e38d7f4	58258	spontaneous-speech-rwm-58258.mp3	15300	5936	Ali bizibu tina bhakpa ndibhakienaga ka bwile sa mbula?	Mbuka akilujaga lyeli ndia bakpa katiko mbula akibhikisaga nsiya mbuka akilujaga ngudhe mbula skilujaga liho sya nuwa	1			Amba	train	6.601307189542483		False	0.24561403508771928	False	5.503135862330033	0.8494077834179357	False
14482a129cdad77b883cf44ab8ee2666	58536	spontaneous-speech-rwm-58536.mp3	18288	5936	Ali bizibu tina bhakpa ndibhakienaga ka bwile sa mbula?	Mbula akiolaga bhakpa, kasumi Injo, ehi gusia akitwikaga, kasumi Injo nduali mamadha akibikaga nhi mbula kabhongi	1			Amba	train	5.358705161854768		False	0.18181818181818177	False	5.456234263058417	0.8350253807106599	False
18df01d60d16de159483408584d06424	58816	spontaneous-speech-rwm-58816.mp3	22068	5936	Ali bizibu tina bhakpa ndibhakienaga ka bwile sa mbula?	Mbula ka soka ali bizibu tina ndia akibhagabe  tabhi tinikaga nsia  ali mbula ndia akisokaga na huwa na ndabho akuyaga so ali bizibu mabhika ndia akibhagabe mbula ka soka	1			Amba	train	6.3440275512053645		False	0.34730538922155685	False	4.9073524225450935	0.5930626057529611	True
7b8ce0a081d9ccda7626927c5eec42d2	59029	spontaneous-speech-rwm-59029.mp3	17640	5936	Ali bizibu tina bhakpa ndibhakienaga ka bwile sa mbula?	Libho akibhuholaga bakpa libho katuma akisendaga mili akibwegengilyaga bakpa libho akibhikisaga ndwala bhya muswija na kolela ndiasu yoho libho akibhikisaga	1			Amba	train	7.766439909297052		False	0.27450980392156865	False	5.571892772583424	0.8637901861252115	False
ce1fe571c632c175c538f2de6c2f35a4	59390	spontaneous-speech-rwm-59390.mp3	5040	5936	Ali bizibu tina bhakpa ndibhakienaga ka bwile sa mbula?	Aliku bizibu sa misia na wewelia	1			Amba	train	5.357142857142857		True	0.0	False			False
839194823957ef6cf0af192facc00f2e	59534	spontaneous-speech-rwm-59534.mp3	23256	5936	Ali bizibu tina bhakpa ndibhakienaga ka bwile sa mbula?	Buzibu ndia bwile sa mbula  día bhakpa bhakitungaga alibe nsia ka bwa dhudhu ndiabho alibe wewelia mbula nakasokai alibe luza lieli ndiabho katiko kabha naliku tali injo poni ali bizibu mbula kabha nakasokai	1			Amba	train	7.481940144478844		False	0.25	False	4.883807093507826	0.5812182741116751	True
aff82a045868be1573431402cd4ccddc	59692	spontaneous-speech-rwm-59692.mp3	15588	5936	Ali bizibu tina bhakpa ndibhakienaga ka bwile sa mbula?	Tolo injo sa mbula bhakpa bhaki bona bonaga mbula akitonaga mamadha atumisa libho asenda ka ka ka  ndabho ndia bhakpa haa ka inji poni	1			Amba	train	7.056710289966641		False	0.22137404580152675	False	5.4651951033810215	0.8375634517766497	False
79c70007d8f4df515b1206bb8d666e7b	57365	spontaneous-speech-rwm-57365.mp3	18828	5937	Ka Uganda bhakpa bhakikola eki ka kingililya gbatikesa ndwali sa Kabhondo?	Bhakpa ka uganda bhakitoka kwetambilia nuwabho libho kandi na mubazi ndia bhakibha nibhabhupesi ka sipatala kandi bhentantale kima ndia akibikisiaga bulwaye injo	1			Amba	train	7.435734013171872		False	0.10126582278481011	False	3.766624735107431	0.03637901861252115	True
ce1fe571c632c175c538f2de6c2f35a4	57623	spontaneous-speech-rwm-57623.mp3	17028	5937	Ka Uganda bhakpa bhakikola eki ka kingililya gbatikesa ndwali sa Kabhondo?	Bhabhe na mazima kindia nkali ndiabho bhakozese kondomu bhaye ka sipatala andulu bhaibe kozo ndiabho	1			Amba	train	5.050505050505051		False	0.1030927835051546	False	4.085427772698541	0.14297800338409475	True
839194823957ef6cf0af192facc00f2e	57701	spontaneous-speech-rwm-57701.mp3	21060	5937	Ka Uganda bhakpa bhakikola eki ka kingililya gbatikesa ndwali sa Kabhondo?	Uwe nkpa nkumi kokwetantale nduali sa kagingo akukudwabe nanga sigikilia eti kioka nibhakigia eti enindi kimasi mibazisi bhadhuwa holukesai ati uwe nkumi oli nakwetantala na gia eti kima injo nikitoka bhoni kwetantala nduali injo sa kagingo Injo, alibhinjo	1			Amba	train	10.3988603988604		False	0.2134387351778656	False	5.4660011578127135	0.8384094754653131	False
aff82a045868be1573431402cd4ccddc	57764	spontaneous-speech-rwm-57764.mp3	82908	5937	Ka Uganda bhakpa bhakikola eki ka kingililya gbatikesa ndwali sa Kabhondo?	enindi ka uganda nkpa laba nali na ndwali sa kagingo akiteketaga aya ka sipatala ba nkebela katangiya ngu ali na ndwli njo atandika medha bijuma ndia ndwali njo kayandika medhai dumbi ndwali njo akigiyaga bhobhelaga obunde kaba nohibhi oti okusobola kingililyai okukojesaga kondomu bakikojsega kondomu okuyaga ka sipatala bakupesiya kondomu kaba noli kaya telana na nkali ojwala kondomu kondomu injo akikingililyaga ndwali sa kagingo nanga ndyokujwali kondomu okulwaga kabondo so kingililya ndwali sa kabondo	1			Amba	train	5.246779562888985		True	0.3920792079207921	False			False
01afad16deed014c336c39ed0790a0bc	58440	spontaneous-speech-rwm-58440.mp3	16560	5937	Ka Uganda bhakpa bhakikola eki ka kingililya gbatikesa ndwali sa Kabhondo?	Ndia kateketa ali kumwesiga munyako kedha nkako ka inji ndia kebhali andi anga na nkali nololi kapila ndia bhakigiagaku kondomu ndia kesalo andi ziba .magila ndia bhotuako kabha nalwali kedha ndiakalwali 	1			Amba	train	10.446859903381643		False	0.23880597014925375	False	4.710232462117902	0.4856175972927242	True
268635e5ac8169d00be91a407e38d7f4	58754	spontaneous-speech-rwm-58754.mp3	19620	5937	Ka Uganda bhakpa bhakikola eki ka kingililya gbatikesa ndwali sa Kabhondo?	Bhakpa biabho bhakiekebelisaga ziba bhalwalia kedha kabhalwali bhekina bhakizwalaga kondomu kaya siya na bhakali ndibhakali ndibhabho ndia kesalo bhakpa ndibhetolo ndibhalwalia bhakibalaga bhakozese mibaji andulu bhetantale bulwaye injo kala kibhuola bwangu	1			Amba	train	11.569826707441386		False	0.2559055118110236	False	4.290281360352375	0.2326565143824027	True
09bbee7d294906c21ab763ff5ca35ee2	59147	spontaneous-speech-rwm-59147.mp3	14760	5937	Ka Uganda bhakpa bhakikola eki ka kingililya gbatikesa ndwali sa Kabhondo?	Bakpa ndi bha ka ngongwambili bakwebundilya ndwali sya kabhondo bakozese condom then bhadhuwe nabhiya	1			Amba	train	5.962059620596206		False	0.05102040816326525	False	4.657059425696408	0.44585448392554994	True
14482a129cdad77b883cf44ab8ee2666	59396	spontaneous-speech-rwm-59396.mp3	21456	5937	Ka Uganda bhakpa bhakikola eki ka kingililya gbatikesa ndwali sa Kabhondo?	Ka uganda bhakpa bhabhomgi  ni bhelinda siana bhadhue na bhakali ndibha bhela sika nkali bhe poni fa fa hhh bhelinde	1			Amba	train	4.47427293064877		False	0.20353982300884954	False	5.0275372271956265	0.6548223350253807	False
18df01d60d16de159483408584d06424	59728	spontaneous-speech-rwm-59728.mp3	21600	5937	Ka Uganda bhakpa bhakikola eki ka kingililya gbatikesa ndwali sa Kabhondo?	A ka uganda ndibha kola ali toliya bakpa nangoku ndwali sya kabhondo alibhe kandi nangoku ndwali njo akuholaga kandi bakpa basemelelu kwebhundilya jibhenti ndwali njo kabhudhoibhe andulu batunge bwomezi amabhonga	1			Amba	train	8.472222222222221		False	0.19617224880382778	False	5.0846668802153445	0.6802030456852792	False
01afad16deed014c336c39ed0790a0bc	57460	spontaneous-speech-rwm-57460.mp3	20880	5938	Ali bizibu tina ndia bhakpa bhangeku ndia bhakienaga ngonguambili ndianu ?	Ndia kateketa  bhatabhani gia bhakpa bhangbheku eri bhali bhalimba ndia kebhali andi bhulibwa ndia akibhukonia lieli mbagana kizibu ndia kesalo andi bhatabhana dhua bisaku bhakpa bhangbheku nguko kizibu ndia keini andi bhatabhana kwekubhia ka ngongwa mbili	1			Amba	train	10.536398467432951		False	0.32806324110671936	False	4.063233085440099	0.13367174280879865	True
06abe4fdd40392815ffcffabe9ccddfd	57716	spontaneous-speech-rwm-57716.mp3	16488	5938	Ali bizibu tina ndia bhakpa bhangeku ndia bhakienaga ngonguambili ndianu ?	Bizibu ndiasu ndie kikidulanaga ka kima mamulingo injo ali lika nikibhulanaga ka kabhebe kima ndia abhongio ndie kikitoka kolai mamoti	1			Amba	train	6.974769529354682		False	0.20610687022900764	False	3.7625806823140486	0.03468697123519458	True
268635e5ac8169d00be91a407e38d7f4	57859	spontaneous-speech-rwm-57859.mp3	23328	5938	Ali bizibu tina ndia bhakpa bhangeku ndia bhakienaga ngonguambili ndianu ?	 Bhakpa bhangbeku biabho bhakinuwaga mwenge bhali bhatamizi kandi injo adhuwaga bhaduwa kola mulimo ndiabho ndia ka inji ndia akidhuwa inji ndiabo abombe aye ka mumaiso ndia kebhali bhakpa bhangbeku biabho kebha kifuagabe bhaniki ndibhabho ka kisomo sini sini bhaniki bhakaliabho kabha kibalaga helelelia bhaniki bhakaliabho	1			Amba	train	11.959876543209877		False	0.36760124610591904	False	3.832144925671788	0.05668358714043993	True
2a714f0f48c3450f78b159dbfd6c6c04	58052	spontaneous-speech-rwm-58052.mp3	30960	5938	Ali bizibu tina ndia bhakpa bhangeku ndia bhakienaga ngonguambili ndianu ?	Kagogwabili ndiasu bhakpa bhangbeku bhabhu tagia bia busolo alibhe  kidia bha kibhu hanuliraga bhazongo bha koma okabho ndietolo nkpa kakuwa bha gia nti bhamuli adhibho dubhi bha ya bha ngubilia keda bha mweteisa	1			Amba	train	5.781653746770026		False	0.15311004784688997	False	5.784624693532214	0.9043993231810491	False
839194823957ef6cf0af192facc00f2e	58404	spontaneous-speech-rwm-58404.mp3	25056	5938	Ali bizibu tina ndia bhakpa bhangeku ndia bhakienaga ngonguambili ndianu ?	Ka ngongwa mbili ndiasu ehh kili na bizibu mabhika nanga sigikilia eti libho bhikibhagana nai sipatala bia bia bhikili nai injo uponi buzibu ndie kikibhaganai ke ati kima mbulue injo andulu ndie kikiyaga nikikdoisave ka bhebembenzi ndibhasu	1			Amba	train	8.14176245210728		False	0.19831223628691985	False	4.141848756703336	0.16243654822335024	True
7b8ce0a081d9ccda7626927c5eec42d2	58676	spontaneous-speech-rwm-58676.mp3	18180	5938	Ali bizibu tina ndia bhakpa bhangeku ndia bhakienaga ngonguambili ndianu ?	Kizibu ndia aliku ali ziba ngu bhakibhutuaga limba kizibu ndia ali ka bhakpa bhangeku ali ziba ngu bhakabhalikisaga bhaniki toliabho ndia akiya ka mumaiso ndia akibhubheisabe kulungi kizibu ndia bhali nai ali kelela ka mwenge kizibu ndia bhali nai ziba ngu bhakakiekolilia kima poni sa bhesiabhobe	1			Amba	train	13.86138613861386		False	0.38095238095238093	False	3.805681107394487	0.049069373942470386	True
0038f5497f9f2af927e533e85ee33985	58923	spontaneous-speech-rwm-58923.mp3	20520	5938	Ali bizibu tina ndia bhakpa bhangeku ndia bhakienaga ngonguambili ndianu ?	Anidi bizibu ndia bhakpa bagheku bhakitungaga ka ngogwabili ndiabho ali njongo kakuwa ka ki cueka bhajogo poni iso akibhubaga kabha zei eti bhamuli logi dhibho kundi ni bha bha bhusukana bhajongo nabho bhali bhaliba dhe njo adi bizibu ndiali kagogwabili ndiasu	1			Amba	train	10.721247563352827		False	0.23735408560311289	False	5.15230637322183	0.7064297800338409	False
14482a129cdad77b883cf44ab8ee2666	58958	spontaneous-speech-rwm-58958.mp3	31356	5938	Ali bizibu tina ndia bhakpa bhangeku ndia bhakienaga ngonguambili ndianu ?	Kangongwabili kuwo ndyasu bakpa bhakye bhisaga ka bizibu bhokaka bha kihibhaga sente ngoye lyaga bhakibhundaga bakpa bhakiyaga ka Bala bhanuwa mwenge okitakanaga bhakihisaga ka bhizibhu ndyabho bhokaka	1			Amba	train	5.581069013904835		False	0.26262626262626265	False	4.701713079681904	0.4805414551607445	True
e8eb7188dc741f9c8bd1f3b4b922d0b6	59145	spontaneous-speech-rwm-59145.mp3	23688	5938	Ali bizibu tina ndia bhakpa bhangeku ndia bhakienaga ngonguambili ndianu ?	Bizibu ndia bhakpa bhangbeku ndibhakienaga ka ngonguwa mbili kehe ali mbumo, bha mwambu na kima ndietolo sa tuwagabho limba ka ngonguwa mbili ndiasu kehe toli no injo poni abhudhuwa bhakpa njo nibhazigidhilu bemoti lika gia eti bhali ekisipayadi makulusi bhaholagiya.	1			Amba	train	9.625126646403242		False	0.16666666666666663	False	4.83208024280842	0.5482233502538071	True
ce1fe571c632c175c538f2de6c2f35a4	59360	spontaneous-speech-rwm-59360.mp3	15048	5938	Ali bizibu tina ndia bhakpa bhangeku ndia bhakienaga ngonguambili ndianu ?	Bhalibe na bizibu bhia bhaniki talabanizabho na mikia mbangana bha kuti na tiko nalaisi adhaki pesia bhaniki injo ali kizibu sini mamadha	1			Amba	train	7.708665603402445		False	0.13432835820895528	False	4.686086226734867	0.4712351945854484	True
18df01d60d16de159483408584d06424	59488	spontaneous-speech-rwm-59488.mp3	24948	5938	Ali bizibu tina ndia bhakpa bhangeku ndia bhakienaga ngonguambili ndianu ?	Bizibu ndia bhakpa bhangbeku  ndibhakuenaga ka ngonguwa mbili ali ngu bhakpa ndibhekina bhakakuokaga bilagilo ndibhakibhaga nibhakisebe  ati bhakasobhia bhakabhujunana, dumbi bhagia eti bhakpa bhangbeku bhabhugendelelia	1			Amba	train	7.736091069424402		False	0.26388888888888884	False	4.176989405720506	0.18104906937394247	True
aff82a045868be1573431402cd4ccddc	59623	spontaneous-speech-rwm-59623.mp3	9396	5938	Ali bizibu tina ndia bhakpa bhangeku ndia bhakienaga ngonguambili ndianu ?	Injo kibulio anilemiya nanga nau kikengi	0			Amba	train	3.724989357173265		False	0.027027027027026973	False	6.745609382885283	0.988155668358714	False
09bbee7d294906c21ab763ff5ca35ee2	59714	spontaneous-speech-rwm-59714.mp3	14760	5938	Ali bizibu tina ndia bhakpa bhangeku ndia bhakienaga ngonguambili ndianu ?	Kangongwabili buku buhegesaga  bakpa balika ni bahibi eti sekina mkpa asemelelu kola biyo  mpla asemelelu kola biyo dumbi okutakanaga na bongi	1			Amba	train	8.130081300813009		False	0.15107913669064743	False	4.981476931768013	0.6345177664974619	False
839194823957ef6cf0af192facc00f2e	57318	spontaneous-speech-rwm-57318.mp3	25236	5939	Ndia adhu nail mugaso ogisaga ngoye ndiasu andiki?	Ndia adhu nali mugaso ogisaga nkoye ndiasu ali sigikilia eti nkpa nawe omamage nouki ka bhadako nanga sigikilia eti komama noukukani, injo kabhongi bba mamako nouki ka bhadako akukubhuwagabe soni nawe kindiolikio buli nkpa alika nalia kigia eti bba minjo akibhaga  muyonjo akibhaga muyonjo ali bhinjo andu ndia akidhuwaga ohoge.	1			Amba	train	11.016008876208591		False	0.27692307692307694	False	4.625976358706568	0.4289340101522843	True
268635e5ac8169d00be91a407e38d7f4	57497	spontaneous-speech-rwm-57497.mp3	20880	5939	Ndia adhu nail mugaso ogisaga ngoye ndiasu andiki?	Kikiogisaga ngoye andulu kibe  bhayonjo ndio ko ogisi  okutungaga osoka tunga bulwaye osoka kozo agbei lumbako kabha ndio ko ogisi ngoye bhakpa bhasoka tebiagago eti ngoye ndiako alumbia kandi kosaka mamikanai nai	1			Amba	train	8.620689655172415		False	0.17619047619047623	False	5.279562221154993	0.7648054145516074	False
06abe4fdd40392815ffcffabe9ccddfd	58835	spontaneous-speech-rwm-58835.mp3	21240	5939	Ndia adhu nail mugaso ogisaga ngoye ndiasu andiki?	Andulu olike nowelikani kandi noli muyonjo kandi andulu ndia akuku dhuaga bhakpa bhagia eti bba minjo mazima kakukakulaga nanga oli muyonjo oli naiya andulu andulul ogise ngoye ndiako andulu alike nawelikani	1			Amba	train	8.333333333333332		False	0.2450980392156863	False	4.377285965163977	0.2766497461928934	True
79c70007d8f4df515b1206bb8d666e7b	58845	spontaneous-speech-rwm-58845.mp3	16200	5939	Ndia adhu nail mugaso ogisaga ngoye ndiasu andiki?	Ogisa ngoye akidhuaga ndio kokitunga ndwaye mabhika kandi akudhuaga olumba kulungi  nanga ogisa ngoye kikisumbaga zidhi bba ogisa ngoye injo	0			Amba	train	7.407407407407407		False	0.21167883211678828	False	4.285171021402919	0.22927241962774958	True
7b8ce0a081d9ccda7626927c5eec42d2	58848	spontaneous-speech-rwm-58848.mp3	20268	5939	Ndia adhu nail mugaso ogisaga ngoye ndiasu andiki?	Ndyadhu nali mugaso lika nikikiyogisa ngoye ndyasu Ali jibhe nti mkpa olike noli muyonjo okubhubhiyagaku bambuka tai bhabhiko bha maze bhani bheponi okulikaga noli muyonjo koktunga ndwali mamadha tukililyai kangoye na mkpa akukutangiyaga noli bya mkpa kakukutangiya bya mkpa bhinjobhinjo	1			Amba	train	12.236037102822182		False	0.20774647887323938	False	5.196527810415545	0.7284263959390863	False
0038f5497f9f2af927e533e85ee33985	59016	spontaneous-speech-rwm-59016.mp3	26676	5939	Ndia adhu nail mugaso ogisaga ngoye ndiasu andiki?	Ogisa ngoye ali na mugaso okubhaga nokabhuwaku bulofu, Kandi na lika nobheni ka bhakpa atekane, obhuweku bulofu nanga ngoye kabha nali na bulofu, akukulwalisa,so  ngoye ali na lika nauki andulu olika nohuheli ngoye andulu olika nawe nobheni kojwala okulikaga ka mubili nakutekani, akubhuwabe soni ka bhadhako.	1			Amba	train	9.859049332733544		False	0.3104575163398693	False	5.078366294103647	0.676818950930626	False
18df01d60d16de159483408584d06424	59230	spontaneous-speech-rwm-59230.mp3	19980	5939	Ndia adhu nail mugaso ogisaga ngoye ndiasu andiki?	Ndia adhu nali na mugaso ogisaga ngoye ndiasu nogye ko ogisa okubhaga nobenisi nobhoiku bulofu poni okutoka lolai ozoke kulungi ka bhakpa kedha ka bhataidako	1			Amba	train	6.656656656656657		False	0.07792207792207795	False	4.666581254164019	0.45516074450084604	True
ce1fe571c632c175c538f2de6c2f35a4	59231	spontaneous-speech-rwm-59231.mp3	5220	5939	Ndia adhu nail mugaso ogisaga ngoye ndiasu andiki?	Aki tantalaga miki ndwali ka inji	1			Amba	train	5.363984674329502		True	0.0	False			False
e8eb7188dc741f9c8bd1f3b4b922d0b6	59363	spontaneous-speech-rwm-59363.mp3	23580	5939	Ndia adhu nail mugaso ogisaga ngoye ndiasu andiki?	Mugaso ndia ali ka ogisaga ngoye ndiasu ali moti tedhe ndia ali sa zibiliaibe kedha kaniliai ngoye injo nau ali bhia kozo toto ndio okuhatiaga na ngoye si nanga kozo na ngoya kakabha no ogisi nau injo akuku dweliaga ndwali ndio koibi	1			Amba	train	8.142493638676845		False	0.24782608695652175	False	4.906157707551266	0.5905245346869712	True
01afad16deed014c336c39ed0790a0bc	57493	spontaneous-speech-rwm-57493.mp3	15048	5940	Andikindia akidhuwa kigbukage nanoko ndiasu kabha nikili ka bhuna nkolo na kihinzi?	Ndia kidhuaga njo kikola kabhuna nakoli ali nti okubhaga ka kweghendia kolona kudhuwa nadako mindia kulibhiya naye nakoli keda kihinji njo nakinteha	1			Amba	train	8.43965975544923		False	0.13103448275862073	False	5.283379115030561	0.7673434856175972	False
18df01d60d16de159483408584d06424	57765	spontaneous-speech-rwm-57765.mp3	21960	5940	Andikindia akidhuwa kigbukage nanoko ndiasu kabha nikili ka bhuna nkolo na kihinzi?	Nkolo na kihinzi ali ndwali ndia akibikaga na mani kandi akubikaga nkpa nakujunga andulu ndia akidhuwaga nkpa abhukaga nanoko kandi na mani akikabhaga siaki kabhe nalwali ndwali injo.	1			Amba	train	7.103825136612022		False	0.2777777777777778	False	4.509585330998994	0.35279187817258884	True
839194823957ef6cf0af192facc00f2e	58606	spontaneous-speech-rwm-58606.mp3	24120	5940	Andikindia akidhuwa kigbukage nanoko ndiasu kabha nikili ka bhuna nkolo na kihinzi?	Kikikolaga bhinjo sigikilia eti bhikikabhi bulofu ndiako  njo kakutuka nanoko asoboki dhukiliana nkpa mindiekina kedha mikia mbuka mindia akutuki nanoko asoboki yaki kowa nkpa mindiekina abikise bilemeji	1			Amba	train	7.296849087893864		False	0.21499999999999997	False	4.9646553083016	0.6243654822335025	False
79c70007d8f4df515b1206bb8d666e7b	58628	spontaneous-speech-rwm-58628.mp3	18540	5940	Andikindia akidhuwa kigbukage nanoko ndiasu kabha nikili ka bhuna nkolo na kihinzi?	Kiki kolaga injo nanga kiki bhali bakpa ndibhetolo batunge nkolo na kihinji ndikili nai nanga nkolo injo akisaga sente nikili ka tambilyai kandi bakpa ndibhetolo ndibhakali nai	1			Amba	train	8.090614886731393		False	0.2658959537572254	False	3.969509956795596	0.09729272419627749	True
e8eb7188dc741f9c8bd1f3b4b922d0b6	58629	spontaneous-speech-rwm-58629.mp3	31788	5940	Andikindia akidhuwa kigbukage nanoko ndiasu kabha nikili ka bhuna nkolo na kihinzi?	Kabhunai nkolo na kihinji kedha kihinji nesi akibhaga nalio uwe mindia okubha nolwali kima injo agbokliliani ozibe eti ogbuki nanoko ndiako anga bhanikia bhambuka abhe makili kala kimuya ntaidako nanoko mindio bhukubha nibhudhabhiani naye	1			Amba	train	6.448974455769473		False	0.13191489361702124	False	5.280060723758423	0.7656514382402707	False
06abe4fdd40392815ffcffabe9ccddfd	58912	spontaneous-speech-rwm-58912.mp3	13176	5940	Andikindia akidhuwa kigbukage nanoko ndiasu kabha nikili ka bhuna nkolo na kihinzi?	Nanga kikengane nanga bhikibha nikilimamoti kikipesiana magezi andulu kima injo abhonge.	1			Amba	train	5.919854280510018		False	0.03529411764705881	False	4.03537657965676	0.116751269035533	True
ce1fe571c632c175c538f2de6c2f35a4	59011	spontaneous-speech-rwm-59011.mp3	7308	5940	Andikindia akidhuwa kigbukage nanoko ndiasu kabha nikili ka bhuna nkolo na kihinzi?	Ali kwetantala lwalisa bhakpa ndibhekina na ndwali injo	1			Amba	train	6.568144499178982		True	0.05769230769230771	False			False
7b8ce0a081d9ccda7626927c5eec42d2	59313	spontaneous-speech-rwm-59313.mp3	19368	5940	Andikindia akidhuwa kigbukage nanoko ndiasu kabha nikili ka bhuna nkolo na kihinzi?	Ndia kokubanja okubhulwaga liaga ndia kebhali keki  kisomo akuwa ndia kokubhaga na mani ndia keini ndwala akimadhaga ndia ketano kojo poni kakitungaga businge nanga ndio kolokulungi ndia keini okulikaga notuntuli	1			Amba	train	9.396943411813298		False	0.2440191387559809	False	4.483596745202452	0.33587140439932317	True
aff82a045868be1573431402cd4ccddc	59319	spontaneous-speech-rwm-59319.mp3	21240	5940	Andikindia akidhuwa kigbukage nanoko ndiasu kabha nikili ka bhuna nkolo na kihinzi?	Kikigia eti akibhaga nali ndwali mikia mikia mikia soki akukuomaga ka ka ka nanoko dumbi nanka nanoko akubbumaga dumbi nakinji nakibicaku	1			Amba	train	5.508474576271186		False	0.29850746268656714	False	5.923248125455923	0.9306260575296108	False
09bbee7d294906c21ab763ff5ca35ee2	59698	spontaneous-speech-rwm-59698.mp3	6696	5940	Andikindia akidhuwa kigbukage nanoko ndiasu kabha nikili ka bhuna nkolo na kihinzi?	Nesi olwali kihinji na nkolo na nanga okweyokiaga heyo ka mubili ndiako	0			Amba	train	8.960573476702509		True	0.02941176470588236	False			False
79c70007d8f4df515b1206bb8d666e7b	58228	spontaneous-speech-rwm-58228.mp3	19260	5941	Bhabhokoti bhakikola eki koniya bhaniki ndibhabho kanga ya ka?	Bhabhokoti bhali na kwekamba ka liaga kima ndia bhongi tabhi libho ma lieli tabhi kacoli ndia akibhupa mani bhokotabho kulungi	1			Amba	train	5.555555555555555		False	0.14634146341463417	False	4.244102453218955	0.20727580372250423	True
0038f5497f9f2af927e533e85ee33985	58445	spontaneous-speech-rwm-58445.mp3	22428	5941	Bhabhokoti bhakikola eki koniya bhaniki ndibhabho kanga ya ka?	Bhabhokoti bhakibhukonyela bhaniki ndibhabho sigikilia hanuliliabho toliavho kima mabhonga kima ndia bhasemelelu kolai ka mumaiso ndia akibhupesia kitinisa ndia ndia akibhupesia inji ndia akibhupesia mamano mabhonga kandabhoabho nibhala amani kabha nali nkaliaki injo bhabhokoti bhasemelelu ndulu hanulilia famile ndibho bhaniki ndibhabho na bhahala ndibhabho	1			Amba	train	14.089530943463528		False	0.3792134831460674	False	3.8400439376472644	0.05922165820642978	True
268635e5ac8169d00be91a407e38d7f4	58597	spontaneous-speech-rwm-58597.mp3	18000	5941	Bhabhokoti bhakikola eki koniya bhaniki ndibhabho kanga ya ka?	Bhabhokoti ndia kokunbanja bhakilikaga nibhakibhuegesa bhaniki ndibhabho eti bhabhe na ngeso bhakibhuegesa ngesoe ngeso ndia akidhua eti bhabhi bhatua mugaso ka nsi ngeso  sa ziba eti bhatandiki pesia buli nkpa poni bitinisa eeh	1			Amba	train	10.833333333333334		False	0.24888888888888894	False	3.921231484123786	0.08121827411167512	True
01afad16deed014c336c39ed0790a0bc	58783	spontaneous-speech-rwm-58783.mp3	12060	5941	Bhabhokoti bhakikola eki koniya bhaniki ndibhabho kanga ya ka?	Bhabhokoti bhali na lika na bhaniki ndibhabho bhabhuhabhule ka kima ndia agbokiliani ndia agbokilianio ndia akibhugasilia ka bwomezi ndiabho	1			Amba	train	10.11608623548922		False	0.25547445255474455	False	3.2843294200061015	0.004230118443316413	True
14482a129cdad77b883cf44ab8ee2666	58966	spontaneous-speech-rwm-58966.mp3	29808	5941	Bhabhokoti bhakikola eki koniya bhaniki ndibhabho kanga ya ka?	  Bhabhokoti bhakikabha bhalikage na bhaniki ndibhabho bhabhatolie bhakikabha injo ndiabho akiya mani bhakikola bhoni ka miaka akibika bhabhoti injo hhh afbei mulimo gwa telekeleza bhaniki ndibhako bhaniki ndibhabho 	1			Amba	train	6.239935587761675		False	0.31924882629107976	False	4.008126513589048	0.10744500846023688	True
ce1fe571c632c175c538f2de6c2f35a4	59058	spontaneous-speech-rwm-59058.mp3	14220	5941	Bhabhokoti bhakikola eki koniya bhaniki ndibhabho kanga ya ka?	Bhakugesaga bhanikia bhanikiabho ngeso mabhonga na iya iya  ka mitwalikaniye sa dini ka sukulu 	1			Amba	train	5.625879043600563		False	0.13043478260869568	False	4.7646300984265295	0.5160744500846024	True
e8eb7188dc741f9c8bd1f3b4b922d0b6	59371	spontaneous-speech-rwm-59371.mp3	12168	5941	Bhabhokoti bhakikola eki koniya bhaniki ndibhabho kanga ya ka?	Babhokoti bhabhuhabhule bhaniki ndibhabho sekina andulu bhabhukonie makanga lika yabho ka kima ndia kali amabhonga	1			Amba	train	8.21827744904668		False	0.12612612612612617	False	4.310159169614217	0.24027072758037224	True
aff82a045868be1573431402cd4ccddc	59597	spontaneous-speech-rwm-59597.mp3	14148	5941	Bhabhokoti bhakikola eki koniya bhaniki ndibhabho kanga ya ka?	Bhabhokoti  bhenjo bhakibhuhabhulaga kima ndia abhongio kandi bhakibhulelega kulungi bhabhupesia bhele bhabhupesia kima poni andulu andulu bhabhubombisa kulungi	1			Amba	train	10.036754311563472		False	0.28025477707006374	False	3.601064028002749	0.01692047377326565	True
2a714f0f48c3450f78b159dbfd6c6c04	57276	spontaneous-speech-rwm-57276.mp3	24840	5942	Andiki ndia akituka ka kwelunganisa na muzo ndia bhatua luluzu ka ngonguambili ndiasu?	Ndia akituka kwelunganisa na bhkapa kedha muzo sa luzu luzu ka ngongwa mbili ali na bhaniki ndibha olungani nabho nabho bha na ngeso majangaga dumbi nabho bbhabhe bhatua luzu luzu andi miki kabhe kabha	1			Amba	train	6.763285024154589		False	0.20707070707070707	False	4.355779582667858	0.26480541455160744	True
aff82a045868be1573431402cd4ccddc	57457	spontaneous-speech-rwm-57457.mp3	39600	5942	Andiki ndia akituka ka kwelunganisa na muzo ndia bhatua luluzu ka ngonguambili ndiasu?	Hhh ka butabanguko injo bhunako akibika na bhaniki bhakakisoma kandi na kengana kakibhabe nanga butabanguko akibikisaga bhunako ati bhunako kabika ka inji akibhagaku nkpa tuako limba bhaniki bhakakisoma na inja akibika ka inji habwa butabanguko injo	1			Amba	train	5.404040404040404		True	0.41056910569105687	False			False
ce1fe571c632c175c538f2de6c2f35a4	57488	spontaneous-speech-rwm-57488.mp3	8136	5942	Andiki ndia akituka ka kwelunganisa na muzo ndia bhatua luluzu ka ngonguambili ndiasu?	Kikibhuagaku magezi na bikisasu nkulakulana sa inji ndiasu	1			Amba	train	6.268436578171091		True	0.018181818181818188	False			False
79c70007d8f4df515b1206bb8d666e7b	57817	spontaneous-speech-rwm-57817.mp3	18648	5942	Andiki ndia akituka ka kwelunganisa na muzo ndia bhatua luluzu ka ngonguambili ndiasu?	Kulunganiza na mwojo okutoka tunga ndwaye ndia akidhuwa uwe okuwa oba olwala ndia akidhuwa sente ndiako mabhika nakiya 	1			Amba	train	5.416130416130416		False	0.1724137931034483	False	4.179386391679654	0.18358714043993232	True
268635e5ac8169d00be91a407e38d7f4	57984	spontaneous-speech-rwm-57984.mp3	23076	5942	Andiki ndia akituka ka kwelunganisa na muzo ndia bhatua luluzu ka ngonguambili ndiasu?	Ndia akitukagaku ali bhulemo, bhusuma, lika nibhagbei lwana-lwana, lika nibhagbei joga bhadabho ka kyalo mm lika nibhagbei nuwa mwenge nanga bhakpa ndibhalujukani ngeso bhakilikaga nibhali mamoti nibhagbei kola kima majangaga.	1			Amba	train	8.537008146992546		False	0.24215246636771304	False	4.271564713144094	0.2225042301184433	True
06abe4fdd40392815ffcffabe9ccddfd	58006	spontaneous-speech-rwm-58006.mp3	22176	5942	Andiki ndia akituka ka kwelunganisa na muzo ndia bhatua luluzu ka ngonguambili ndiasu?	Nanga kima poni bhagia eti kielunganisage ka gulupu andulu businge abhebe na bhaniki bhoponi kibhukumesaga na ga ka gulupu aliku kategolizi ndia bhakololagq eki ndia bhakibhuaga  eti bhopni bhulungane imamoti	1			Amba	train	8.026695526695526		False	0.19024390243902434	False	4.633499862347745	0.43147208121827413	True
7b8ce0a081d9ccda7626927c5eec42d2	58309	spontaneous-speech-rwm-58309.mp3	23256	5942	Andiki ndia akituka ka kwelunganisa na muzo ndia bhatua luluzu ka ngonguambili ndiasu?	Kwelungesa ka ngonguwa mbili akibikisaga kulakulana abikisa bhakpa kweibililia kindia bhali abikisa bhakpa ziba ngu bhabhusomesi bhaniki ndibhabho abikisa iba kwekolilia milimo ndiabho ndia kanji	1			Amba	train	7.352941176470588		False	0.25	False	4.119381910220081	0.15143824027072758	True
01afad16deed014c336c39ed0790a0bc	58750	spontaneous-speech-rwm-58750.mp3	15876	5942	Andiki ndia akituka ka kwelunganisa na muzo ndia bhatua luluzu ka ngonguambili ndiasu?	Ndia akitukaku andi nawe bha ntua luzu-luzu haaa bhako nsuma kedha nuwa njemu inji ndiako kuwai nkako yaki kindiabho kabha nombi na nkali	1			Amba	train	7.243638196019148		False	0.07462686567164178	False	5.536496491321473	0.8553299492385786	False
0038f5497f9f2af927e533e85ee33985	58843	spontaneous-speech-rwm-58843.mp3	21636	5942	Andiki ndia akituka ka kwelunganisa na muzo ndia bhatua luluzu ka ngonguambili ndiasu?	Ndia kitukaga kakwulunganisa na  bhatwa luzuluzu ali kopa bhakpa ngeso mobhonga dunbi bhakidhuwa kola kima saluzuluu nanga bhazibhi bhadabho bhaghei kola kimandia bhonganiyo kolayi ka ngongwambili bhatwa luzuluzu dhani bhakikeyisa	1			Amba	train	9.24385283786282		False	0.22466960352422904	False	4.723037148190263	0.48815566835871405	True
839194823957ef6cf0af192facc00f2e	58957	spontaneous-speech-rwm-58957.mp3	18360	5942	Andiki ndia akituka ka kwelunganisa na muzo ndia bhatua luluzu ka ngonguambili ndiasu?	Akiyamba sini sini ka kwelungasina injo nanga sigikilia eti ambe ndie bhikibisabe kwelunganisa injo ambe businge bhikikibhaga naibka ngongwa mbili ndiasu baa kwelunganisa injo akiyambi sini sini	1			Amba	train	9.15032679738562		False	0.2722513089005235	False	4.5700163351029195	0.3993231810490694	True
e8eb7188dc741f9c8bd1f3b4b922d0b6	59070	spontaneous-speech-rwm-59070.mp3	26676	5942	Andiki ndia akituka ka kwelunganisa na muzo ndia bhatua luluzu ka ngonguambili ndiasu?	ndia kituka ka kwelunganisa besu na batwa muzo ndia batwa luzuluzu alikau biya sa zibheti na besu kili kaya mugasu ka zimba nanga njo kabongi na kuti mkpa ntwa luzuluzu ba naye ka kibula moti abe ndia luzukaniku nawe bakukubalilyaku	1			Amba	train	7.23496776128355		False	0.18777292576419213	False	6.237144709478978	0.9568527918781726	False
14482a129cdad77b883cf44ab8ee2666	59629	spontaneous-speech-rwm-59629.mp3	18108	5942	Andiki ndia akituka ka kwelunganisa na muzo ndia bhatua luluzu ka ngonguambili ndiasu?	Kwelungisania akikolaga kima abhongia nanga bhukukolaga kima abhongia kwelungisania mukukolaga bhotu luganda  kwelugisania akibikisaga nkulakulana na kala imamoti	1			Amba	train	7.952286282306162		False	0.3207547169811321	False	5.255496237959884	0.7504230118443317	False
09bbee7d294906c21ab763ff5ca35ee2	59709	spontaneous-speech-rwm-59709.mp3	14940	5942	Andiki ndia akituka ka kwelunganisa na muzo ndia bhatua luluzu ka ngonguambili ndiasu?	Kwelungisanija ali kulungu nanga buli nkpa mindia ka Afulika kehe asemelelu bhabhe nibhali imamoti nibha kaongai imamoti nibha mamikili imamoti	1			Amba	train	8.299866131191433		False	0.18571428571428572	False	4.3406443077344745	0.25888324873096447	True
2a714f0f48c3450f78b159dbfd6c6c04	57278	spontaneous-speech-rwm-57278.mp3	19800	5943	Bhaniki ndibhasu kibhwegesa bhoni sa asili ndiasu?	Bhaniki ndibhasu kikibhuegesa ndia egbeibe asili ndiasu nikibhulikisa ka tukpi nikikibhupesia na sa  zibiliabe  andulu  bhatoke ziba eti kima injo bhaliki nibhagbei	1			Amba	train	7.07070707070707		False	0.1428571428571429	False	4.39377371809401	0.28510998307952623	True
06abe4fdd40392815ffcffabe9ccddfd	57419	spontaneous-speech-rwm-57419.mp3	22248	5943	Bhaniki ndibhasu kibhwegesa bhoni sa asili ndiasu?	Bhaniki ndibhasu kikibhuesigia ka asili ndiasu nanga kikitandika egesabho kima poni andulu bhakenge ndibha kibha nibhalibe nanga bhakpa bhangbeku bhakibhuegesaga ndibho bhaniki andulu bhakole kima sa mazima	1			Amba	train	8.090614886731391		False	0.26108374384236455	False	3.8463289210909704	0.06175972927241963	True
aff82a045868be1573431402cd4ccddc	57433	spontaneous-speech-rwm-57433.mp3	16236	5943	Bhaniki ndibhasu kibhwegesa bhoni sa asili ndiasu?	Bhaniki okubhuekaga bhalikaga dumbi otandika toliabho kima ndia ali ka asili dumbi nokubhuanisa nesi bhakilolaga asili	1			Amba	train	6.343927075634393		False	0.13043478260869568	False	4.543899753020236	0.37986463620981387	True
0038f5497f9f2af927e533e85ee33985	58067	spontaneous-speech-rwm-58067.mp3	34776	5943	Bhaniki ndibhasu kibhwegesa bhoni sa asili ndiasu?	Ali mazima bhaniki kisemeleli egesabho egesabho asili ndia agbeibe asili sa ntula ndiako kedha sigikilia mwamba kala mwamba yakolag bhio onsobolola miki bhaitu endindi bhaniki ndibhe endindisio okudhakiaga na sungi ndio kontangimbe miki okudhakia tolo bhali ndio koliagimbe na miki bhulikagabe na miki kala yabhakolaga bhoni bhatata yabhakolaga	1			Amba	train	8.540372670807452		True	0.28445747800586507	False			False
e8eb7188dc741f9c8bd1f3b4b922d0b6	58608	spontaneous-speech-rwm-58608.mp3	23868	5943	Bhaniki ndibhasu kibhwegesa bhoni sa asili ndiasu?	Ka egesa bhaniki ndibhasu ka kima sa asili ndiasu kigbokiliani ndibhesu hikiliabho kibhuise kindie kiki mbamba kindie kikikoliliaga kima sa asili injo kitekete kieanise bhakumi bhia bhakpa ndibhe kisangu nikibi  na tai sa kukuwa kindia bhakpa bhakisiaga nsadha, abhe mbina abhe sa kusalia ndiasu na tai sa Budhingiya ndiako bhuwamba yoho.	1			Amba	train	12.024467906820847		False	0.27761194029850744	False	4.730699699247188	0.494077834179357	True
7b8ce0a081d9ccda7626927c5eec42d2	58659	spontaneous-speech-rwm-58659.mp3	20556	5943	Bhaniki ndibhasu kibhwegesa bhoni sa asili ndiasu?	Egesa sa asili likasu ka tupki kibhuegesa sa asili bhakpa bhangeku anisabho nesi kikikolaga nikili na buzibu ndiasu egasbho sa asili kima ndia bhakidulana nibhali ka tukpi kedha ka inji ndie kikikozesa kikibhuegesa sa asili na ngeso naliku kibhuegesa sa asili bhakalakibhananaga	1			Amba	train	11.529480443666085		False	0.3236363636363636	False	4.553766725203772	0.3849407783417936	True
268635e5ac8169d00be91a407e38d7f4	58917	spontaneous-speech-rwm-58917.mp3	17388	5943	Bhaniki ndibhasu kibhwegesa bhoni sa asili ndiasu?	Kikibhugiaga eti bhaniki bhalike nibhaibi asili ndia bhesu kima ndie kisemelelu kolai, kima ndie kisemelelu liyai, kima ndie kisemelelu jwalai kima bhie injo andulu ndie kikibhutoliaga bhia bhesu bhakpa bhangbheku 	1			Amba	train	10.58201058201058		False	0.33175355450236965	False	3.734140466799771	0.032148900169204735	True
14482a129cdad77b883cf44ab8ee2666	58962	spontaneous-speech-rwm-58962.mp3	31896	5943	Bhaniki ndibhasu kibhwegesa bhoni sa asili ndiasu?	Likagaga na bhaniki kikiegesaga bho asili ndiasu bhakintoliaga bhaniki nti ki ki ki gilaga injo na nijo mmm nka bamba bahanda nko bhakigilaga nko mmm asili injo kikikaga kisomese bhaniki na likaga nabho 	1			Amba	train	5.329821921244043		False	0.31000000000000005	False	5.007256260078954	0.6489001692047377	False
ce1fe571c632c175c538f2de6c2f35a4	59082	spontaneous-speech-rwm-59082.mp3	14580	5943	Bhaniki ndibhasu kibhwegesa bhoni sa asili ndiasu?	Obhegese asili ndiabho bheo bhatukilia mani nokulika nokubhapesia kima poni akubha akuongabe kai kai ka ntula injo	1			Amba	train	6.721536351165981		False	0.09909909909909909	False	5.3039586210144085	0.7758037225042301	False
09bbee7d294906c21ab763ff5ca35ee2	59615	spontaneous-speech-rwm-59615.mp3	5508	5943	Bhaniki ndibhasu kibhwegesa bhoni sa asili ndiasu?	Kikibhuegesa nanga kikilika nikibhusomesa buli kilo bulikilo andulu bhaibe nesi asili aliku	1			Amba	train	14.524328249818446		True	0.10227272727272729	False			False
18df01d60d16de159483408584d06424	59627	spontaneous-speech-rwm-59627.mp3	22176	5943	Bhaniki ndibhasu kibhwegesa bhoni sa asili ndiasu?	Bhaniki ndibhasu kiki na egesabho sa asili ndiasu kibhutandikilie nibhalia bhaniki andulu bhagbe bhabombe nai andulu nabho bhakagba bhakitoka egesa ndibhekin ndibha bhakibha nibhakibililaku	1			Amba	train	7.485569985569985		False	0.26881720430107525	False	4.063111678903933	0.13282571912013535	True
2a714f0f48c3450f78b159dbfd6c6c04	57308	spontaneous-speech-rwm-57308.mp3	14760	5944	Ndia adhu nali mugaso lika ogako tolo poni andiki?	Ali sa mugaso lika noku kojo ndiako nanga bha na ddudhu na ndwali poni.	1			Amba	train	3.9295392953929538		False	0.014705882352941124	False	4.280083773400301	0.22673434856175972	True
e8eb7188dc741f9c8bd1f3b4b922d0b6	57350	spontaneous-speech-rwm-57350.mp3	22068	5944	Ndia adhu nali mugaso lika ogako tolo poni andiki?	Ndiadhu nali mugaso sa lika ongami tolo poni ali ziba eti kozo ndiamo niki iba bhidiliai na bwomezi ndiamo abhonge na zibe eti mwanka ndiamo nau nili ka ngbelisai kebhe lika nalia nazambi  nienikane ninili nkpa mabhonga keiswa bhakpa bhoponi	1			Amba	train	9.10821098423056		False	0.1470588235294118	False	4.766945439463411	0.5177664974619289	True
01afad16deed014c336c39ed0790a0bc	57466	spontaneous-speech-rwm-57466.mp3	23616	5944	Ndia adhu nali mugaso lika ogako tolo poni andiki?	Lika nokuoga akisikisagaku mani kakozo lika nokuoga akidhuaga oba muyonjo odhuwa bako na bulofu lofu ka kozo ndiako ndia kitoka bikisiliako ndwali lika no kuoga akidhuaga olika no bheni kabadako lika no kuoga akidhuaga kozo alika na kuheheli	1			Amba	train	8.638211382113822		False	0.3571428571428571	False	4.851434948905235	0.5634517766497462	True
06abe4fdd40392815ffcffabe9ccddfd	57599	spontaneous-speech-rwm-57599.mp3	45180	5944	Ndia adhu nali mugaso lika ogako tolo poni andiki?	Mugaso sa oga ali lika nowelikani nanga uwe kolika nowelikani eee mmmm nawe kozo ndiako akibhaga nabhongi kandi kalibe kima ndwali ndwali ndia akukugodhiliaga nanga webisiku buyonjo lika nowelikani ali kima sa mugaso nanga alibe ndio kokukakulaga bwango bhaitu ndibhekina bhalika nibha kigia eti minjo bhawai kakukakulaga ali lika niweyonji  kandi nowelikani	1			Amba	train	6.772908366533865		True	0.3183098591549296	False			False
7b8ce0a081d9ccda7626927c5eec42d2	58430	spontaneous-speech-rwm-58430.mp3	23040	5944	Ndia adhu nali mugaso lika ogako tolo poni andiki?	Ali sa mugaso hangami tolo poni nanga nkibhaga ninkitunga bwomezi, ali sa mugaso hangami tunga bitekelezo ali sa mugaso hangami ninkiziba nti andiki ndie nkiya tungubhulami ali sa mugaso hangami lika ninki panga lika ninkitekelezaku ndietolo ndienkibha ali sa mugaso lika	1			Amba	train	10.026041666666668		False	0.4328358208955224	True			False
268635e5ac8169d00be91a407e38d7f4	58538	spontaneous-speech-rwm-58538.mp3	19476	5944	Ndia adhu nali mugaso lika ogako tolo poni andiki?	Mmmm mug lika tolo poni nabhongi abhongili kimui nanga okubhanga na kola mulimo ndiako ndio koli na kima poni ndia akuku situresinga ka mulima ndiako kedha ka bhongo ndiako injo andulu ndia adhu nabhongi	1			Amba	train	8.728691723146436		False	0.255	False	3.7672478605065858	0.03807106598984772	True
79c70007d8f4df515b1206bb8d666e7b	58667	spontaneous-speech-rwm-58667.mp3	24300	5944	Ndia adhu nali mugaso lika ogako tolo poni andiki?	Lika ogako akidhuaga ndio kolumbi kulungi nanga bhakpa kibĥabali  bhakpa ndibha bhalumbi zidhi kandi okutungaga bhakpa na bhabhotu bhindieyolo nanga olumbi kulungi nanje nga	0			Amba	train	6.131687242798353		False	0.24705882352941178	False	4.638230044535963	0.4357021996615905	True
0038f5497f9f2af927e533e85ee33985	58740	spontaneous-speech-rwm-58740.mp3	22140	5944	Ndia adhu nali mugaso lika ogako tolo poni andiki?	Ali na mugaso lika angako tolo poni okubhaga nokahumulesa bwomezi todha sikiai ka nteko mabhonga kasemelelu nkpa likako kekebhe nokuanga ali zidhi sini nkpa oli na humulisa bhongo atakane olalise bitekelezo	0			Amba	train	7.949412827461607		False	0.08374384236453203	False	5.226890989643814	0.7377326565143824	False
839194823957ef6cf0af192facc00f2e	59000	spontaneous-speech-rwm-59000.mp3	18000	5944	Ndia adhu nali mugaso lika ogako tolo poni andiki?	Andi sigikilia eti sa jiba nsi Luhanga anikola ndia anibisaku bitekelezo sa gia eti nilike ninki onga ka mulima mabhonga andulu ndia adhu nakibha ninkilika ninkilika ninki onga ka mulima mabhinjo nanga Luhanga ani anga ndimi	1			Amba	train	10.5		False	0.3167420814479638	False	4.627067235346909	0.42978003384094754	True
ce1fe571c632c175c538f2de6c2f35a4	59378	spontaneous-speech-rwm-59378.mp3	5436	5944	Ndia adhu nali mugaso lika ogako tolo poni andiki?	Akidhuaga kozo ndiasu kagbe ndwali poni	1			Amba	train	6.254598969830758		True	0.0	False			False
09bbee7d294906c21ab763ff5ca35ee2	59400	spontaneous-speech-rwm-59400.mp3	8856	5944	Ndia adhu nali mugaso lika ogako tolo poni andiki?	Ali bugabe ndiako lika nokuonga nanga lika nobheli ka ka fesi dumbi nawe okukulaga	1			Amba	train	7.791327913279133		False	0.08860759493670889	False	5.27425606901703	0.7597292724196277	False
18df01d60d16de159483408584d06424	59557	spontaneous-speech-rwm-59557.mp3	18396	5944	Ndia adhu nali mugaso lika ogako tolo poni andiki?	Lika nokuoga tolo poni akidhuaga olika noli muyonjo kandi kolika noli muyonjo ndwali ndietil ndua kakukugbaga ndia akitombaga kabhako mulofu	1			Amba	train	6.577516851489454		False	0.18248175182481752	False	4.510962679606116	0.3536379018612521	True
aff82a045868be1573431402cd4ccddc	57309	spontaneous-speech-rwm-57309.mp3	19620	5945	Kikola bhoni bisaku nguko kowa bhakpa nditolo ka ngonguambili ndiasu?	Bisaku mkpa ngunko akuteketaga ojibha ngeso ndiaki ndia bhongiya andulu ombiseku nguko mkpa mindia ka bhongi ngeso kokuteketa bhisaku nguko ndia bhongiyo	1			Amba	train	6.727828746177369		False	0.29333333333333333	False	4.484388447043072	0.33756345177664976	True
79c70007d8f4df515b1206bb8d666e7b	57339	spontaneous-speech-rwm-57339.mp3	24336	5945	Kikola bhoni bisaku nguko kowa bhakpa nditolo ka ngonguambili ndiasu?	Kikitoka dhuwa nuwa mwenge nanga mwenge ali zidhi kandi kinuwe libho amabhika kandi alibe bwile kabha zidhi kikitoka yasu kindia bhaddokita bhakizibe kandi ndietolo ali nti kikikola exercise.	1			Amba	train	6.738987508218277		False	0.19680851063829785	False	4.542171767075067	0.37817258883248733	True
06abe4fdd40392815ffcffabe9ccddfd	57475	spontaneous-speech-rwm-57475.mp3	28800	5945	Kikola bhoni bisaku nguko kowa bhakpa nditolo ka ngonguambili ndiasu?	Bhakpa no bhaikisa kola kima mamulingo injo nanga bhakpa ndibha kikolaga kima mamulingoningo njo bhakulikaga nibhali na nguko kandi nibhaibi andibho ndibha tandikisa kola kimaninjo andulu nobu atukabe bhakilikaga nibhaibi ngoku anduwe mindio okukola mindio okola injo	1			Amba	train	8.020833333333334		False	0.3257575757575758	False	4.128768407736729	0.1548223350253807	True
268635e5ac8169d00be91a407e38d7f4	57916	spontaneous-speech-rwm-57916.mp3	17856	5945	Kikola bhoni bisaku nguko kowa bhakpa nditolo ka ngonguambili ndiasu?	Kisemelelu kibhe na tolo ka ngongua mbili ndiasu bhesu zibe eti tolo yoho ali sa kola milimo sa kominite poni  ndia bhesu kedha tolo yoho ali sa bha na mitingi sa nkula-kulana sa ngongwa mbili ndia bhesu	1			Amba	train	9.296594982078853		False	0.275	False	4.093110035780884	0.1455160744500846	True
01afad16deed014c336c39ed0790a0bc	57930	spontaneous-speech-rwm-57930.mp3	21240	5945	Kikola bhoni bisaku nguko kowa bhakpa nditolo ka ngonguambili ndiasu?	Ndia kateketa andi ibikilia myaka  ndia bhakpa ndia bhali nai ndia kebhali andi ibililia soma ndiabho ndia kesalo andi ibililia bhalemi bhatua dini na bhatua gavumenti ndia keini andi bha nogbei dini ka mulima injo poni kogba okutoka bisaku bhadako nguko	1			Amba	train	10.02824858757062		False	0.28685258964143423	False	4.241555125361329	0.20642978003384094	True
e8eb7188dc741f9c8bd1f3b4b922d0b6	57998	spontaneous-speech-rwm-57998.mp3	27288	5945	Kikola bhoni bisaku nguko kowa bhakpa nditolo ka ngonguambili ndiasu?	Ka mulingo sa ziba eti kikibhubisaku bkapa ndibha ka ngongwa mbili ndiasu nguko ali kobhiana kihanule kihabhulane buli nkpa kiegesane eti buli nkpa midia  ali ka ngongwa mbili kenjo ali ntua mugaso kandi uma na dhi akikijuna ka kim poni ndia akibha nakiki paki	1			Amba	train	7.915567282321899		False	0.2178988326848249	False	4.740298059348374	0.5008460236886633	True
0038f5497f9f2af927e533e85ee33985	58158	spontaneous-speech-rwm-58158.mp3	16848	5945	Kikola bhoni bisaku nguko kowa bhakpa nditolo ka ngonguambili ndiasu?	Bisaku bhakpa ndibhetolo nguko uwe nkumi otandike nawe nkumi webisku nguko andulu otodhe  obhubiseku bhakpa ndibhetolo nguko ka ngongwa mbili kenjo nguko kandi andulu kima ndia abhongili kimui nawe bhakukubisaku kitinisa	1			Amba	train	11.21794871794872		False	0.2857142857142857	False	4.373843483333007	0.272419627749577	True
ce1fe571c632c175c538f2de6c2f35a4	58472	spontaneous-speech-rwm-58472.mp3	6660	5945	Kikola bhoni bisaku nguko kowa bhakpa nditolo ka ngonguambili ndiasu?	Obhe na geso ka bhakpa ogbe kima sa dini	1			Amba	train	4.804804804804805		True	0.0	False			False
839194823957ef6cf0af192facc00f2e	59276	spontaneous-speech-rwm-59276.mp3	19620	5945	Kikola bhoni bisaku nguko kowa bhakpa nditolo ka ngonguambili ndiasu?	Kicuwaku nikikigia eti bba, odhuwe kilikage nikilia kisaba mindia toli ndiaki amuhikilio, bhikili nesi kikikola	1			Amba	train	4.9439347604485215		False	0.11111111111111116	False	5.002927387379198	0.643824027072758	False
2a714f0f48c3450f78b159dbfd6c6c04	59630	spontaneous-speech-rwm-59630.mp3	17820	5945	Kikola bhoni bisaku nguko kowa bhakpa nditolo ka ngonguambili ndiasu?	Bhisaku bhakpa nguko bhenjo ndibali kagogwabili ndianu ali sa kwelilikana bhesu kumi nazibha na bhuliki nesi kilikyania	1			Amba	train	5.780022446689113		False	0.051724137931034475	False	4.833555956340027	0.5499153976311336	True
18df01d60d16de159483408584d06424	59689	spontaneous-speech-rwm-59689.mp3	22608	5945	Kikola bhoni bisaku nguko kowa bhakpa nditolo ka ngonguambili ndiasu?	Bhakpa ndibhetolo ka ngongwa mbili kikibhubisaku nguko haaa ka oka ndia bhakikitolia nali sa habhulasu nanga nkpa kakuhabhula kokola ndia akuhabhulio okubhaga nodhaki bisakiku nguko	1			Amba	train	6.944444444444445		False	0.1741573033707865	False	4.459524102421091	0.32148900169204736	True
09bbee7d294906c21ab763ff5ca35ee2	59729	spontaneous-speech-rwm-59729.mp3	15696	5945	Kikola bhoni bisaku nguko kowa bhakpa nditolo ka ngonguambili ndiasu?	Kindia bhesu kikibhubisaku kikibisaku bhkap bitinisa andulu nkpa alike naibi eti eti bhakilikaga nibhabhu pesi nguko bhaitu lika ndiokokupesi nguko ali zidhi	1			Amba	train	8.664627930682977		False	0.1428571428571429	False	4.408499388115652	0.2893401015228426	True
01afad16deed014c336c39ed0790a0bc	57740	spontaneous-speech-rwm-57740.mp3	17820	5946	Ali mulingo tina mabhonga sa koniya nkpa mindia ali na kiniga?	Mulingo ndia kateketa sa konia nkpa mindi ali na kiniga andi habhulaki nesi dini akionga eti kolo kungbelia dako kiniga tolo poni	1			Amba	train	6.0606060606060606		False	0.05555555555555558	False	5.287139328117141	0.7690355329949239	False
06abe4fdd40392815ffcffabe9ccddfd	57780	spontaneous-speech-rwm-57780.mp3	23688	5946	Ali mulingo tina mabhonga sa koniya nkpa mindia ali na kiniga?	Nkpa mindia ali na kiniga oli nalika nokumbubabumba andulu kalakieyokia zidhi  kola kumubihiza ali lika nokumbindilia kulungi andulu kiniga ndiaki kala nai bhuke bhuke bhuke nolia kumbubabumba kako andulu abhebe kulungi	1			Amba	train	7.936507936507937		False	0.29166666666666663	False	5.438304752888869	0.8257191201353637	False
79c70007d8f4df515b1206bb8d666e7b	58343	spontaneous-speech-rwm-58343.mp3	25668	5946	Ali mulingo tina mabhonga sa koniya nkpa mindia ali na kiniga?	Nkpa mindia ali na kiniga nkintolia oye  kindia bhakpa bhantolie kindia bha polofesonozi bhantolie kima ndia kolai bha kanselazi bhantolie ngoku ali na kweisa kandi aye ka caci bha bha bha somesia bhantolie	1			Amba	train	6.7399096150849305		False	0.33990147783251234	False	4.903682920204807	0.5879864636209814	True
268635e5ac8169d00be91a407e38d7f4	58564	spontaneous-speech-rwm-58564.mp3	21636	5946	Ali mulingo tina mabhonga sa koniya nkpa mindia ali na kiniga?	Ndia kokubanja okugia eti obanje odake odhuwe ongako haaa ndia kebhali ongie eti otandike sobololaki eti kolika nokuonga kedha kolika nokutongana na bhakpa akikola eki asoboka bikisiako bizibu osoboka onga kima maluzukana kedha bhudhakililie nibhulwani   kuyo osemelelu odake	1			Amba	train	10.90774634867813		False	0.15808823529411764	False	5.370726906707887	0.799492385786802	False
7b8ce0a081d9ccda7626927c5eec42d2	58968	spontaneous-speech-rwm-58968.mp3	29016	5946	Ali mulingo tina mabhonga sa koniya nkpa mindia ali na kiniga?	moti ali eti ompesiye nsala nyamuhanga alibhe mindia kuku yamba ndiakebhale alilika naye beile poni nanga asoboki tunga kizibu ndietolo da kweyola ndiakesalo asemelelu kaba nali na kiniga andiki ndia mpesi kiniga yoho lika kiniga na kumgbaga ijno kutunga .bazisi onkonyele	1			Amba	train	7.99558864074993		False	0.16728624535315983	False	5.405876851904363	0.8121827411167513	False
e8eb7188dc741f9c8bd1f3b4b922d0b6	59009	spontaneous-speech-rwm-59009.mp3	29916	5946	Ali mulingo tina mabhonga sa koniya nkpa mindia ali na kiniga?	Mulingo mabhonga sa dakisaga nkpa mindia ali na kiniga ali zibe eti oteketi ya onga na mioho mindia  akibha nangbeisi kiniga nazibe eti na mioho omuisi bhuke bhuke kindia okubha nokundoisa obisebe kaki bhanikia ganya bhanikia limbo na lebisagaki andulu kiniga awelele	1			Amba	train	7.521058965102286		False	0.24621212121212122	False	5.242087064892334	0.7461928934010152	False
ce1fe571c632c175c538f2de6c2f35a4	59239	spontaneous-speech-rwm-59239.mp3	11628	5946	Ali mulingo tina mabhonga sa koniya nkpa mindia ali na kiniga?	Tekeketaga pesiaki mikia magezi andulu abhe ka bukpa mabhomga na kibisa ka dini	1			Amba	train	5.761953904368765		False	0.02631578947368418	False	5.513018411797928	0.8510998307952623	False
2a714f0f48c3450f78b159dbfd6c6c04	59538	spontaneous-speech-rwm-59538.mp3	19296	5946	Ali mulingo tina mabhonga sa koniya nkpa mindia ali na kiniga?	Mulingo mabhonga sa tolia nkpa mindia ali na kiniga ali toliagaki bhanikia ganya mabhongaga na ongiliagaki bhanikia kima sa  tebisgaki	1			Amba	train	5.907960199004975		False	0.23664122137404575	False	4.539148534885642	0.377326565143824	True
14482a129cdad77b883cf44ab8ee2666	59655	spontaneous-speech-rwm-59655.mp3	19980	5946	Ali mulingo tina mabhonga sa koniya nkpa mindia ali na kiniga?	Nkpa poni ali na kiniga akikabha aye ka dini bhansomese akiegka dini kuwo okiegaga ngeso ndiako okuibililiaga ngeso ndiako ali kulungi ali zidhi	1			Amba	train	6.106106106106106		False	0.1985815602836879	False	5.224774009133923	0.7360406091370558	False
09bbee7d294906c21ab763ff5ca35ee2	59687	spontaneous-speech-rwm-59687.mp3	8820	5946	Ali mulingo tina mabhonga sa koniya nkpa mindia ali na kiniga?	Eti nanka osemelelu wegbeise nyamuhanga oye osabage andulu obhonge	1			Amba	train	6.575963718820861		False	0.0	False	6.470034856007593	0.9763113367174281	False
aff82a045868be1573431402cd4ccddc	57628	spontaneous-speech-rwm-57628.mp3	56196	5947	Kikitoka kola bhni dhakiabe bizibi ka inji ndiasu mabhula tongana?	Bizibu njo dhakiaibhe  abongi kisidhasidhane kainji babu toliye bakpa baniki baye basome ndibetolo baka soma bakole kima ndia bongiyi  kandi basubule batunge sente andulu kima njo asiyebhe nanga mkpa nako akilikaga na bhizibhu kandi bhoponi bukuba banako nji njo poni akibaga nali na bhizibu bhizibhu kakisiagaku baitu muku soma nibukusubula bukutunga sente bizibu kainji akisiaku inji njo atelekelele	1			Amba	train	6.085842408712364		True	0.24623115577889443	False			False
79c70007d8f4df515b1206bb8d666e7b	57863	spontaneous-speech-rwm-57863.mp3	22716	5947	Kikitoka kola bhni dhakiabe bizibi ka inji ndiasu mabhula tongana?	Kiki toka babo na honga naba niki keda na nkali hongasu ndikik tongani keda likasu ninkizenabe nkya kima ndia kidhuwa niki ba  be poni	1			Amba	train	4.842401831308329		False	0.14503816793893132	False	5.623366082885825	0.877326565143824	False
06abe4fdd40392815ffcffabe9ccddfd	57933	spontaneous-speech-rwm-57933.mp3	14868	5947	Kikitoka kola bhni dhakiabe bizibi ka inji ndiasu mabhula tongana?	Kiki kikiegendeseleza andulu nkali na muluku bhukulukutoka lika nibhukutoka ka ngongwa mbili 	1			Amba	train	5.447941888619854		False	0.11111111111111116	False	3.9738441650379017	0.09983079526226735	True
0038f5497f9f2af927e533e85ee33985	58013	spontaneous-speech-rwm-58013.mp3	21420	5947	Kikitoka kola bhni dhakiabe bizibi ka inji ndiasu mabhula tongana?	Makanga tongana ka hinja ndiasu bhakpa bhakolia bhakpa bha subulia andulu bhikilikibha na tongani poni ka bizibu sa inja ka ngogwa mbili ndiasu	1			Amba	train	5.648926237161531		False	0.19999999999999996	False	4.4073951185943265	0.28849407783417935	True
01afad16deed014c336c39ed0790a0bc	58949	spontaneous-speech-rwm-58949.mp3	9360	5947	Kikitoka kola bhni dhakiabe bizibi ka inji ndiasu mabhula tongana?	Lika imamoti hanulabe kima poni ndia asibhio sobhe sa bhakpa	1			Amba	train	5.448717948717949		False	0.0	False	5.193041859889382	0.7258883248730964	False
839194823957ef6cf0af192facc00f2e	58969	spontaneous-speech-rwm-58969.mp3	16308	5947	Kikitoka kola bhni dhakiabe bizibi ka inji ndiasu mabhula tongana?	Bhijibhu ndyasu kahinji kikibhanja kibhe kabhumui emi nankali ndyebhikili nankali  ka bhumui bhijibhu kakisiyaga kubganana mamoti andulu bhijibhu ndyanu ndia kisiagabhe bwangu	1			Amba	train	9.381898454746135		False	0.20348837209302328	False	5.577370469645015	0.8671742808798646	False
ce1fe571c632c175c538f2de6c2f35a4	59364	spontaneous-speech-rwm-59364.mp3	15696	5947	Kikitoka kola bhni dhakiabe bizibi ka inji ndiasu mabhula tongana?	Kikole mamoti ki gbeise ka Mambombi kisome kibhe na businge kikolagane kibhe na na kolagana kulungi	1			Amba	train	5.351681957186544		False	0.17708333333333337	False	4.3854619268356965	0.2800338409475465	True
7b8ce0a081d9ccda7626927c5eec42d2	59493	spontaneous-speech-rwm-59493.mp3	19008	5947	Kikitoka kola bhni dhakiabe bizibi ka inji ndiasu mabhula tongana?	Ndia kokubanja nipasibu eka nibhulikagi ndia abikisi kizibu ndia kebhali bhubisku kitinisa ndia kesalo bhubhueke ndibha bhabhukolibe miaka ndia keini bhubhueke bhakpa bhu bhu kiokulolelo ka inji ndianu	1			Amba	train	9.154040404040405		False	0.202020202020202	False	5.006840187219867	0.6480541455160744	False
2a714f0f48c3450f78b159dbfd6c6c04	59507	spontaneous-speech-rwm-59507.mp3	17496	5947	Kikitoka kola bhni dhakiabe bizibi ka inji ndiasu mabhula tongana?	Kikitoka dhakiabe bizibu ka inji ndiasu nikilikagi nikikipesiana bitekelezo makanga tongani	1			Amba	train	4.62962962962963		False	0.022727272727272707	False	4.4759414378945115	0.3299492385786802	True
e8eb7188dc741f9c8bd1f3b4b922d0b6	59511	spontaneous-speech-rwm-59511.mp3	15588	5947	Kikitoka kola bhni dhakiabe bizibi ka inji ndiasu mabhula tongana?	Dhakiyaibhe bijibu ndiasu kainji mabhulwa tongana agbokilyani kilikage besu poni kihanule kisuwe mikya nsongoli tedhe sa bhisaibe sa kalembe kenge kebhe nikiki taluana keiso	1			Amba	train	9.622786759045418		False	0.04117647058823526	False	6.6574710371979995	0.9856175972927242	False
14482a129cdad77b883cf44ab8ee2666	59633	spontaneous-speech-rwm-59633.mp3	19260	5947	Kikitoka kola bhni dhakiabe bizibi ka inji ndiasu mabhula tongana?	Nikabha kihanulile bha haa na bhankpa bhakpa bhaluku bhalikage bhahonge mamoti bhahanulile bhaniki bhenjo tongana kabhongin ki kikola mamoti kabhongi 	1			Amba	train	6.749740394600207		False	0.25850340136054417	False	4.729449885670471	0.49323181049069376	True
18df01d60d16de159483408584d06424	59641	spontaneous-speech-rwm-59641.mp3	22140	5947	Kikitoka kola bhni dhakiabe bizibi ka inji ndiasu mabhula tongana?	bizibu ka inji kikitoka dakiyaibhe ndibi kitongani kabe kizibu nalibe nikikilika emamoti ki hanule kizibe kizibu njo andiki ndyabikisiyo kandi akusiyabe boni andulu businge atoke zokai ka buliki	1			Amba	train	7.542908762420957		False	0.13089005235602091	False	5.424092525436728	0.817258883248731	False
09bbee7d294906c21ab763ff5ca35ee2	59678	spontaneous-speech-rwm-59678.mp3	9036	5947	Kikitoka kola bhni dhakiabe bizibi ka inji ndiasu mabhula tongana?	Kitandike sumba liaga kibise ka sitowa andulu olike nuwetekanizi huwa na biki	1			Amba	train	7.3041168658698545		False	0.013513513513513487	False	6.381939853337271	0.9695431472081218	False
01afad16deed014c336c39ed0790a0bc	57843	spontaneous-speech-rwm-57843.mp3	16308	5948	Bitongole ndiakali sa Gaumenti akikola bhoni bhakpa bha na nkisa tunga mulimo ka kyalo ndianu?	Andi bikisa bitongole ndua akibhutendeka bhakpa kedha bhaniki milimo sa kibhoko andi bikisaku bitongole ndia kibhupesia bhaniki kedha bhakpa loni sa subula bhekolilie milimo ndiabho sa subula 	1			Amba	train	10.117733627667402		False	0.31746031746031744	False	4.554241041183836	0.38578680203045684	True
79c70007d8f4df515b1206bb8d666e7b	57925	spontaneous-speech-rwm-57925.mp3	19620	5948	Bitongole ndiakali sa Gaumenti akikola bhoni bhakpa bha na nkisa tunga mulimo ka kyalo ndianu?	Kitongole injo akitoka bisabe bitongole ndiabho pipi ka kyalo ndiasu ndia akitoka pesia bhakpa ndibhasu milimo  kolabho ka injo bitongole	1			Amba	train	5.963302752293577		False	0.23134328358208955	False	4.0867551750919136	0.14382402707275804	True
839194823957ef6cf0af192facc00f2e	58156	spontaneous-speech-rwm-58156.mp3	42516	5948	Bitongole ndiakali sa Gaumenti akikola bhoni bhakpa bha na nkisa tunga mulimo ka kyalo ndianu?	Ndia akikola kali na na na  nanka poni ndia akikola ali gia eti ebho bhakumi bhakilika kabha bhakpa ndibhabho nabho ndibha bhakiba eti  hakibhusobola ka mulimo ndiabho ndia bhakikola atali gia eti bhakitombililia gavumenti manya gia eti nau abhusagike bba ali bha ebho bhakumi bhakilika kola kima ndiabho ndibho	1			Amba	train	6.138865368331922		True	0.40909090909090906	False			False
268635e5ac8169d00be91a407e38d7f4	58305	spontaneous-speech-rwm-58305.mp3	18468	5948	Bitongole ndiakali sa Gaumenti akikola bhoni bhakpa bha na nkisa tunga mulimo ka kyalo ndianu?	Huuu bitongole kabika ka kyalo ndia bhesu akibikisa bhia polojekiti ndiabho deni bhagia bhakpa ndibha bhakakieosobola zibe eti bhabike bhakole ka bitongole kehe bhatunge milimo	1			Amba	train	8.23045267489712		False	0.17919075144508667	False	4.433205815891185	0.30710659898477155	True
06abe4fdd40392815ffcffabe9ccddfd	58596	spontaneous-speech-rwm-58596.mp3	28908	5948	Bitongole ndiakali sa Gaumenti akikola bhoni bhakpa bha na nkisa tunga mulimo ka kyalo ndianu?	akubanjaga abhugia bhaniki ndibha somio ati bahandike ma bbaluwa dumbi abhuyamba baniki ndibha somio bhahandika bhugodha ka bitongole abhuyamba nanga akubhukabhaga ndibhasomio dumbi abhuyamba atandika pelelyiabo nkia sente sa sabbunu	1			Amba	train	7.0568700705687		False	0.26956521739130435	False	5.205195735548532	0.7309644670050761	False
2a714f0f48c3450f78b159dbfd6c6c04	58792	spontaneous-speech-rwm-58792.mp3	24228	5948	Bitongole ndiakali sa Gaumenti akikola bhoni bhakpa bha na nkisa tunga mulimo ka kyalo ndianu?	Bitongole ndia kali sa gavumenti ali na zibe eti bhabhutendeki bhakpa kwekolisa bhakumi andulu bhatoke tunga nkisa sa tunga mulimo ka kyalo ndiasu	1			Amba	train	5.118045236915965		False	0.09790209790209792	False	4.065949565568478	0.1362098138747885	True
aff82a045868be1573431402cd4ccddc	58805	spontaneous-speech-rwm-58805.mp3	37296	5948	Bitongole ndiakali sa Gaumenti akikola bhoni bhakpa bha na nkisa tunga mulimo ka kyalo ndianu?	Injo bitongole babhike ka ngongwambili ndyasu babhike bajibheku baniki ndibakali na milimo andulu babupesiye milimo nanga ka gavumenti endindi milimo kaliku baitu kabha nalibhe hitongole sa kali ndia gavumenti bakibhika bajibheku baniki benjo babupesiye milimo nanga kamwisa yakola kaki kaki tongole ndiaki akibha nampesi mulimo	1			Amba	train	7.614757614757615		True	0.3384615384615385	False			False
0038f5497f9f2af927e533e85ee33985	58825	spontaneous-speech-rwm-58825.mp3	20016	5948	Bitongole ndiakali sa Gaumenti akikola bhoni bhakpa bha na nkisa tunga mulimo ka kyalo ndianu?	Kitongole ndyakali sa gavumenti ali na bikisa polojeliti  ka kyalo kenjo andulu bhakpa bhatungilyebe milimo kakima ndia bhakakolai injo kabha naliku bhikalo bhali na isaku polojekiti ndiabho andulu na bhakpa bhatungilyebe milimo ka ngongwa mbili kenjo	1			Amba	train	10.7414068745004		False	0.25	False	3.7671774073284423	0.03722504230118443	True
18df01d60d16de159483408584d06424	58837	spontaneous-speech-rwm-58837.mp3	21276	5948	Bitongole ndiakali sa Gaumenti akikola bhoni bhakpa bha na nkisa tunga mulimo ka kyalo ndianu?	bhitongole ndia kali sa gavumenti ali na yai ka kyalo nakulangililya milimo ka bakpa ka byalo andulu mindia kiba nasomiyo nakituka kola mulimo injo atoke saba mulimo njo andulu bampe	1			Amba	train	7.191201353637902		False	0.16201117318435754	False	4.514639285314962	0.3604060913705584	True
ce1fe571c632c175c538f2de6c2f35a4	59141	spontaneous-speech-rwm-59141.mp3	23760	5948	Bitongole ndiakali sa Gaumenti akikola bhoni bhakpa bha na nkisa tunga mulimo ka kyalo ndianu?	Gavumenti atekete abikise makole kindia ngongwa mbili ndiasu apesie bhajongo kisomo sya mabhoko na abikise bitongole sya NGO  ka ngongwa mbili ndiasu andulu aise bhaniki ndiasu bhasomia	1			Amba	train	6.64983164983165		False	0.2362637362637363	False	4.360246683374254	0.2673434856175973	True
e8eb7188dc741f9c8bd1f3b4b922d0b6	59265	spontaneous-speech-rwm-59265.mp3	24876	5948	Bitongole ndiakali sa Gaumenti akikola bhoni bhakpa bha na nkisa tunga mulimo ka kyalo ndianu?	Kitongole ndia kali sa gavumenti ziba eti abhupesi bhakpa ndibha ka kyalo ndie kindiasu milimo ali hu nkumi ali na teketa  ziba eti ayi bhuke-bhuke nakibhusekedhanabe atebeze njilisi na mulimo mulimo mugaso si ndia akibha naliku bhakpa bhaoke bhiani	1			Amba	train	8.44187168355041		False	0.17479674796747968	False	4.539001152502564	0.37648054145516074	True
14482a129cdad77b883cf44ab8ee2666	59708	spontaneous-speech-rwm-59708.mp3	17748	5948	Bitongole ndiakali sa Gaumenti akikola bhoni bhakpa bha na nkisa tunga mulimo ka kyalo ndianu?	Bhitongole ndia gaumenti kikabha abikise polojekiti mamadha sa kozesa ngalo mmm bhakpa bhakibika bhatunge mulimo bhakole	1			Amba	train	5.916159567275185		False	0.05128205128205132	False	5.214693646172765	0.733502538071066	False
2a714f0f48c3450f78b159dbfd6c6c04	57686	spontaneous-speech-rwm-57686.mp3	21888	5949	Ndiadhu nali mugaso okaian bhangbekwasu andiki?	Ndia adhu nali sa mugaso bhesu okiana bhangbekuasu ali nti ibho bhateketa ndibho bhokotuanabho toli na kima ndibha bhakikitolia akukubhelia sa mugaso enindi na tolo ndia namusa.	1			Amba	train	6.89875730994152		False	0.17816091954022983	False	4.915784306949466	0.5972927241962775	True
09bbee7d294906c21ab763ff5ca35ee2	58184	spontaneous-speech-rwm-58184.mp3	3996	5949	Ndiadhu nali mugaso okaian bhangbekwasu andiki?	Kikiegesaga kima ndiki hibiyo.	1			Amba	train	6.756756756756757		True	0.0	False			False
0038f5497f9f2af927e533e85ee33985	58243	spontaneous-speech-rwm-58243.mp3	29160	5949	Ndiadhu nali mugaso okaian bhangbekwasu andiki?	Ali na mugaso okiana bhangbekuasu ngbekuadu ali toliasu mabhonga ndia bhayeketa tangiai mbusa bhesu ndie bhikibhokotianimbe kandi ngebekuako ali bhia abako ka bomba ndiasu bhaitu bhaniki ndibhasebhalio bhakaibi injo ali mugaso sini oliana ndia akibha nakukutolia nakukuhabhula naga iye alibe ndia atangio uwe ndio kotangi	1			Amba	train	9.49931412894376		False	0.20125786163522008	False	5.270950279053294	0.7580372250423012	False
06abe4fdd40392815ffcffabe9ccddfd	58266	spontaneous-speech-rwm-58266.mp3	16416	5949	Ndiadhu nali mugaso okaian bhangbekwasu andiki?	Okubhaga noli kulungi nanga kolika nokubhuokiania bhabhoti injo okutungaga mugaso mamadha kandinotunga mugisa mahingulana ka nsi	1			Amba	train	6.883528265107213		False	0.08799999999999997	False	4.5653895059041565	0.39509306260575294	True
14482a129cdad77b883cf44ab8ee2666	58341	spontaneous-speech-rwm-58341.mp3	21636	5949	Ndiadhu nali mugaso okaian bhangbekwasu andiki?	Akibikisaga businge akibikisaga nkulakulana akibikisaga kwemeisana na hibililiana na bhaniki bheponi akihibililianaga bhakizunaganagaga ka bizibu.	1			Amba	train	6.100942872989462		False	0.29370629370629375	False	4.829704413384389	0.5465313028764806	True
ce1fe571c632c175c538f2de6c2f35a4	58592	spontaneous-speech-rwm-58592.mp3	9108	5949	Ndiadhu nali mugaso okaian bhangbekwasu andiki?	Akubikisikisagabe kolagana mabhonga na businge ka asili ndiasu.	1			Amba	train	6.148440931049627		False	0.01666666666666672	False	4.623124586502922	0.4272419627749577	True
839194823957ef6cf0af192facc00f2e	59092	spontaneous-speech-rwm-59092.mp3	24768	5949	Ndiadhu nali mugaso okaian bhangbekwasu andiki?	Injo kali nanka sigikilia eti buli nkpa akibhaga na mugisa ndia Mambombi akupangilia hati kolusoboga gia eti weise ka kima ndiamio ndia kakugbeibe kandi ogie eti wegombe kima ndiamio ndia akakugbeibe kundi nawe oli na mugisa ndia Mabombi akupangilia	1			Amba	train	8.519056847545219		False	0.31707317073170727	False	5.232140432773584	0.739424703891709	False
aff82a045868be1573431402cd4ccddc	59186	spontaneous-speech-rwm-59186.mp3	21996	5949	Ndiadhu nali mugaso okaian bhangbekwasu andiki?	Mugaso ndia alaiku okiana nabhangbeku ndibhasu injo akioleka ngu mulimubumwi kandi bumwi injo akukwelegha ndulu inji akibikisaga nkulakulana ka inji ,kandi akibikisaga nkulakulana ka ntula obundi ka ngongwa-mbili	1			Amba	train	8.410620112747772		False	0.24880382775119614	False	4.999695068806114	0.6421319796954315	False
2a714f0f48c3450f78b159dbfd6c6c04	57336	spontaneous-speech-rwm-57336.mp3	18468	5950	Nkpa nibhandimagi akiyokiaga bhoni, toli akibhutamaga nangeki?	Nkpa nibhandimagi akieyokiaga zidhi nanga nkpa mindia andimagio njo akibhaga na ndiemesin naisi bhia eti ketegelezi	0			Amba	train	5.4147714966428415		False	0.0892857142857143	False	5.307360579975705	0.7774957698815567	False
aff82a045868be1573431402cd4ccddc	58171	spontaneous-speech-rwm-58171.mp3	31176	5950	Nkpa nibhandimagi akiyokiaga bhoni, toli akibhutamaga nangeki?	Nkpa mindia akiongaga mbela akintamaga nkpa poni nanga akionganga kima ndia kali na mazima so nkpa poni mindia akiongaga mbela akibhutamaga so kabha nokuonga mazima okubhudhedhaga bhakpa so injo nisikiku bhinjo nkpa mindia akiongaga mbela akibhutamaga bhakpa	1			Amba	train	7.12086220169361		False	0.4549019607843138	True			False
268635e5ac8169d00be91a407e38d7f4	58317	spontaneous-speech-rwm-58317.mp3	12240	5950	Nkpa nibhandimagi akiyokiaga bhoni, toli akibhutamaga nangeki?	Nkpa akisaliluwaga sini nibha ndimagi kandi akibhutamiliaga kimui anga okubhaga no nobhufoli bhia bhakingi ndibhakakikengaga.	1			Amba	train	9.068627450980392		False	0.049180327868852514	False	5.294159834678158	0.772419627749577	False
18df01d60d16de159483408584d06424	58391	spontaneous-speech-rwm-58391.mp3	17820	5950	Nkpa nibhandimagi akiyokiaga bhoni, toli akibhutamaga nangeki?	Nkpa nibhandimagi akiongaga eti bhankoli zidhi ndia akidhuaga abhutama ali ngu ontoli mbela kima ndia abhi kibha nakitunga kakitunga akidhuaga ndulu agia eti onkoli zidhi	1			Amba	train	8.19304152637486		False	0.23353293413173648	False	4.852060024999356	0.5642978003384095	True
79c70007d8f4df515b1206bb8d666e7b	58457	spontaneous-speech-rwm-58457.mp3	26820	5950	Nkpa nibhandimagi akiyokiaga bhoni, toli akibhutamaga nangeki?	Dimaga nkpa ali zidhi nanga nkpa tolo ndie tolo akibhaga nakwesigi kandi dumbi akukubhuwaku bwesighibwa nanga toliaki mbelq kandi akibhaga nakitami sini nanga akibhaga ndia kabhongi	1			Amba	train	5.8165548098434		False	0.2696629213483146	False	4.700092013401291	0.4796954314720812	True
01afad16deed014c336c39ed0790a0bc	58834	spontaneous-speech-rwm-58834.mp3	10080	5950	Nkpa nibhandimagi akiyokiaga bhoni, toli akibhutamaga nangeki?	Akibaga mulingo moti sa makanga bisaku mkpa njo nguko toli akyeyogiyaga zidhi sini	1			Amba	train	6.944444444444445		False	0.012658227848101222	False	6.313015804588637	0.9636209813874789	False
0038f5497f9f2af927e533e85ee33985	58853	spontaneous-speech-rwm-58853.mp3	14616	5950	Nkpa nibhandimagi akiyokiaga bhoni, toli akibhutamaga nangeki?	So nkpa dimagaki eti kima yoho andulu ndia ali mehe kundi ali mbela akiokaga namuisi zidhi nanga yabhi na ibi eti ali mazima ati adulani nali mbela ndia kandulu	1			Amba	train	9.0311986863711		False	0.17834394904458595	False	5.844963450264077	0.9094754653130288	False
09bbee7d294906c21ab763ff5ca35ee2	58990	spontaneous-speech-rwm-58990.mp3	6156	5950	Nkpa nibhandimagi akiyokiaga bhoni, toli akibhutamaga nangeki?	Nkpa nibha ndimagi akweyokiaga   bhantuwa kima sa luzu  luzu	1			Amba	train	7.959714100064978		True	0.03508771929824561	False			False
06abe4fdd40392815ffcffabe9ccddfd	59001	spontaneous-speech-rwm-59001.mp3	28548	5950	Nkpa nibhandimagi akiyokiaga bhoni, toli akibhutamaga nangeki?	Nkpa kabha  nibhandimagi bhukuyaga nibhukumwesengeleza andulu kala kugba kiniga zidhi kandi akili alike nabhuoki dumbi aibi eti bhakandimqgi injo akikiyamba bhkapa alike nali nibhulia naye Imamoti kandi nibhulia naye ka bumwi	1			Amba	train	6.795572369342861		False	0.16666666666666663	False	4.799990471173012	0.5338409475465313	True
14482a129cdad77b883cf44ab8ee2666	59013	spontaneous-speech-rwm-59013.mp3	28656	5950	Nkpa nibhandimagi akiyokiaga bhoni, toli akibhutamaga nangeki?	Nkpa nkpa ndimagi bhakintoliaga hmm akiokaga bhantoli toli andia akintamaga tolia nkpa minjo mazima nti ni ongi mbela entoliaki nti eti ongi mbela, ye akintamaga nkpa minjo nakikalamagaa sini sini.	1			Amba	train	5.862646566164154		False	0.28865979381443296	False	6.18969207510291	0.9543147208121827	False
ce1fe571c632c175c538f2de6c2f35a4	59211	spontaneous-speech-rwm-59211.mp3	4608	5950	Nkpa nibhandimagi akiyokiaga bhoni, toli akibhutamaga nangeki?	Nanga nkpa minjo akibhaga nakukudhomisia.	1			Amba	train	8.029513888888888		True	0.02631578947368418	False			False
e8eb7188dc741f9c8bd1f3b4b922d0b6	59316	spontaneous-speech-rwm-59316.mp3	26496	5950	Nkpa nibhandimagi akiyokiaga bhoni, toli akibhutamaga nangeki?	nkpa mindia bakiba nibandimagiyo akyeyokiyaga muzangu tolino naye kakidhedheluwaga na miyo mindya ndimagiyo menjo dumbu ali eti dimagaki njo amwisi dhanga sini sini makulusi miyo adhaki humesaki ndiaka ndendhi na tuti	1			Amba	train	7.057669082125603		False	0.14018691588785048	False	6.622900792382864	0.9839255499153976	False
14482a129cdad77b883cf44ab8ee2666	57347	spontaneous-speech-rwm-57347.mp3	27540	5951	Ndiakidhuwa nkpa atuke ka kyalo aye ka tauni andiki?	Ehhh bhakpa bhakitokaga ka kialo naya ka tauni bhakikabhaga  jobu mulimo mulimo injo akimpesiagabho mbagana ahhh bhakiyaga ka tauni kabha laifu mamadha laifu abhongia bhakiyaga ka tauni ehh bhakikalaga ikalabho	1			Amba	train	6.5359477124183005		False	0.32367149758454106	False	4.7336385522276885	0.49746192893401014	True
0038f5497f9f2af927e533e85ee33985	58133	spontaneous-speech-rwm-58133.mp3	27756	5951	Ndiakidhuwa nkpa atuke ka kyalo aye ka tauni andiki?	Ati endindisio kyalo poni akabhai ma tauni ma sentazi nanga bizinesi bhakpa bhaliki imamoti busubuzi ndiabho akitetiaga imamoti nanga kindia bhakpa bhamadio kima ana yai mabhika kalibe kima ndia akidhakia tolo bhali nolia nai kasita nosubuli nali kima ndia bhabhakabhi sini sini injo akidhuaga ndulu bhakpa bhanamunji bhatuka ka kyalo bhaya ka tauni habwa bizinesi kedha habwa bala nkula-kulana bhatu endi endisio	1			Amba	train	12.681942643032135		False	0.30000000000000004	False	4.577126997655417	0.40609137055837563	True
7b8ce0a081d9ccda7626927c5eec42d2	58152	spontaneous-speech-rwm-58152.mp3	41580	5951	Ndiakidhuwa nkpa atuke ka kyalo aye ka tauni andiki?	Nkpa mindia akilikaga ka town akizibaga  ngu atungi bubhotu mamadha kandi bubhotu ndia atungiyo injo akimuyambaga ka famile ndiaki kandi ajiba nti aibi nesi mugaso sa kima alio sa zibiliaibe ali kisomo kabha na kisoma akisomiliaga akisomiliaga ka bakpa kenjo nali nsomi akihibhaga ati miki mindiamo akasoma na midiamo odhuwe naye asome nanga aliki ka tauni bizinesi akitungaga nesi bhakikolaga bizinesi adhuwa nkpa atunga mani da da ziba ngu naye akoli ndia akibhonganuwa kolai nanga azibi ka tauni	1			Amba	train	10.101010101010102		True	0.305050505050505	False			False
18df01d60d16de159483408584d06424	58166	spontaneous-speech-rwm-58166.mp3	21276	5951	Ndiakidhuwa nkpa atuke ka kyalo aye ka tauni andiki?	Ndia akidhuwaga nkpa atuka ka kyalo aya ka tauni, tauni ali kikalo ndia abombio kandi ali kikalo sa busubuzi bhakpa poni ndibhali ka tauni bhakiyagaku habwa subula na kola milimo ndiekina sa godhisa	1			Amba	train	7.802218462116939		False	0.18974358974358974	False	4.087689320744673	0.1446700507614213	True
268635e5ac8169d00be91a407e38d7f4	58447	spontaneous-speech-rwm-58447.mp3	17496	5951	Ndiakidhuwa nkpa atuke ka kyalo aye ka tauni andiki?	Nkpa akitukaga kehe nakayaki ka tauni nakabala milimo, kedha naisiku kima ndiaki masumbesa bhia koko, kedha naliku kwehiya kima ndiekina kindia akisobola tungulia sente. Injo akiduaga andulu nkpa atuka kehe aya ka tauni	1			Amba	train	10.688157293095566		False	0.18055555555555558	False	4.73172844137489	0.4949238578680203	True
268635e5ac8169d00be91a407e38d7f4	58447	spontaneous-speech-rwm-58447.mp3	17496	5951	Ndiakidhuwa nkpa atuke ka kyalo aye ka tauni andiki?	Nkpa akitukaga kehe aya ka tauni na bala milimo kedha naisiku kima ndiaki masumbesa bhia koko kedha naiku kwehiya kima ndiekina kindia akitoka tungilia sente injo andu ndia akidhuwaga nkpa aya ka tauni.	1			Amba	train	9.716506630086878		False	0.21105527638190957	False	4.177666815415007	0.18189509306260576	True
01afad16deed014c336c39ed0790a0bc	58557	spontaneous-speech-rwm-58557.mp3	12060	5951	Ndiakidhuwa nkpa atuke ka kyalo aye ka tauni andiki?	Mkpa nakikituka ka kyalo na kia ka tauni andibya subula ya bhaki bhiya bhiya na masanyalazi y bhaki bhiya bhiya na ngudhe ya bhaki bhiya bhiya na sipatala	1			Amba	train	10.530679933665008		False	0.3443708609271523	False	4.7500157407853205	0.5076142131979695	True
09bbee7d294906c21ab763ff5ca35ee2	59019	spontaneous-speech-rwm-59019.mp3	16848	5951	Ndiakidhuwa nkpa atuke ka kyalo aye ka tauni andiki?	Okutukaga ka kyalo nokuya ka tauni moti ya sumbaku ngoye na bhua sente ka bbanka andulu injo ndia akidhuaga nkpa aya ka tauni na ka tauni bizinesi akimadhagaku sana	1			Amba	train	8.072174738841406		False	0.1490683229813664	False	4.74982816909068	0.5067681895093062	True
ce1fe571c632c175c538f2de6c2f35a4	59207	spontaneous-speech-rwm-59207.mp3	16416	5951	Ndiakidhuwa nkpa atuke ka kyalo aye ka tauni andiki?	Nkpa akituka ka kyalo nakiya ka tauni nakakabha obuheleza bhia sipatala na kyalo mabhonga aliku bulimi bulungi	1			Amba	train	5.726120857699805		False	0.09345794392523366	False	4.44627459013938	0.3164128595600677	True
839194823957ef6cf0af192facc00f2e	59218	spontaneous-speech-rwm-59218.mp3	23688	5951	Ndiakidhuwa nkpa atuke ka kyalo aye ka tauni andiki?	Ndia akidhuwaga otuka ka kyalo yako ka tauni ali sigikilia eti ee ka kyalo dhani ojwaiku mikia sente ndiamo ndio okoli ka kyalo akwikia dhani nokusumba poloti ndiekina ka tauni, alibizibu mabhika andu ndia akidhuwaga otuka ka kyalo yako ka tauni	1			Amba	train	8.654170888213441		False	0.30578512396694213	False	4.531968553920297	0.37140439932318103	True
e8eb7188dc741f9c8bd1f3b4b922d0b6	59243	spontaneous-speech-rwm-59243.mp3	24516	5951	Ndiakidhuwa nkpa atuke ka kyalo aye ka tauni andiki?	Nkpa ndia akidhuwa nakituka ka kyalo yasekedhanaki yalikaki dumbi ka tauni alikaubkindia akibha nali bhia nsubuli kedhatu nakibhuisa bhaniki  bia bia na kisomo ndia akibha namadi ka atauni kenjo  ndietolo nandi nkuma mulimo kindia akibha nakibhuwa bwapaghapagha	1			Amba	train	9.096100505792135		False	0.24806201550387597	False	4.438023004186876	0.31218274111675126	True
aff82a045868be1573431402cd4ccddc	59404	spontaneous-speech-rwm-59404.mp3	19260	5951	Ndiakidhuwa nkpa atuke ka kyalo aye ka tauni andiki?	Nkpa akitukaga ka kyalo aya ka tauni habwa nkula-kulana lundi habwa bizinesi katngia ka kyalo bizinesi ndiaki kakiya kulungi dumbi atekeleza ati odhuwe niye ka tauni andulu bizinesi ndiamo aye kulungi	1			Amba	train	8.826583592938732		False	0.25380710659898476	False	4.788045260156696	0.5287648054145516	True
ce1fe571c632c175c538f2de6c2f35a4	57442	spontaneous-speech-rwm-57442.mp3	12240	5952	Ka mwaka 5 nasibe okwetangiya nolodoi mani?	Nkikabha nibombe ka mulimo ndiamo nisomese bhaniki mindiamo nialike ndabho mabhonga ka inji ndiamo	1			Amba	train	6.944444444444445		False	0.13684210526315788	False	3.9388136615724156	0.08629441624365482	True
01afad16deed014c336c39ed0790a0bc	57580	spontaneous-speech-rwm-57580.mp3	26208	5952	Ka mwaka 5 nasibe okwetangiya nolodoi mani?	Ka muaka tano nkibha ninihaliki ndabho ndiamo ka muaka nkibha ninitoki kwesumbilia dhudhu ndiamo bhiai dhudhu dhu dhu salo ka mwaka tano nkibha ninitoki bhaniki ndibhamo  nibhadoi ka masinia ka mwaka tano nkibha ninie sumbilia mikia nguwa ndiamo ndie nikilika yeliaibei bhia piki piki	1			Amba	train	9.157509157509155		False	0.3807829181494662	False	5.185382711913571	0.7233502538071066	False
18df01d60d16de159483408584d06424	57688	spontaneous-speech-rwm-57688.mp3	27900	5952	Ka mwaka 5 nasibe okwetangiya nolodoi mani?	Ka myaka tano alasibhe tandikilyai endindi kye tangiya nini hinduki kamulinfo sa buliki nanga kima ndieni gbei kolai akuhanisa ngu myaka tano kasiyabhe bwomezi ndiamo akibha nahinduki sini ka bhigambo sa godhisa na baniki bakuba ni badaki kisomo ndiabo ndienikiba nini bubhisiku	1			Amba	train	8.494623655913978		False	0.16000000000000003	False	5.472895269139929	0.8401015228426396	False
268635e5ac8169d00be91a407e38d7f4	57782	spontaneous-speech-rwm-57782.mp3	22608	5952	Ka mwaka 5 nasibe okwetangiya nolodoi mani?	Ka miaka tano nkibala nizibe eti ndabho ndiamo ndia nigbei alikai asia kangi nigodhia sa buloka ndia kebhali nkizibe nikibbala bhaniki ndiamo bhagbei somiiabho ka masukulu mabhonga ndia kesalo buizinesi ndiamo nidhaki gbatikesai kandi nanyetikili kimui	1			Amba	train	9.598372257607926		False	0.17269076305220887	False	5.086683982881215	0.6818950930626058	False
0038f5497f9f2af927e533e85ee33985	57915	spontaneous-speech-rwm-57915.mp3	22320	5952	Ka mwaka 5 nasibe okwetangiya nolodoi mani?	Ka myaka tano kwetangia kindie nili doiyo alibe mbaganiza nanga ka yoho muaka ndia akolio mbusa alibe ndie kibhi nai bhaitu endindi nili naiya andulu ndie nizibi bba alibe ndia ahindukibei ka inji kindiamo	1			Amba	train	7.706093189964157		False	0.1732673267326733	False	5.27738220177803	0.7639593908629442	False
14482a129cdad77b883cf44ab8ee2666	57966	spontaneous-speech-rwm-57966.mp3	32148	5952	Ka mwaka 5 nasibe okwetangiya nolodoi mani?	Ka myaka tano injo nkikabha kindiamo abhe kulungi bhaniki basome nemi yekaka nibhe levulandi ka dini ka myaka tano injo ka tiko ndiasu abhebe liaga mamadha ikala inji abhongia abhongiya na ina abhe kulungi	1			Amba	train	5.350255070299863		False	0.21287128712871284	False	4.784230374798342	0.5270727580372251	True
79c70007d8f4df515b1206bb8d666e7b	58330	spontaneous-speech-rwm-58330.mp3	23508	5952	Ka mwaka 5 nasibe okwetangiya nolodoi mani?	Ka miaka tano nikiziba nidhakia kosi ndiamo ndia  sivo injinialingi nitandiki kolami kandi nidhaki ndabho ndia bhazaile ndibhamo kandi nitandiki kwekolilia tabhi nkpa	1			Amba	train	6.08303556236175		False	0.19631901840490795	False	4.904834930323181	0.5888324873096447	True
7b8ce0a081d9ccda7626927c5eec42d2	58443	spontaneous-speech-rwm-58443.mp3	21420	5952	Ka mwaka 5 nasibe okwetangiya nolodoi mani?	Miaka tano ndia asibe  anitakani anitakani ninialiki mindia ndabho ndiamo sa buloka miaka ndia asibe anitakani ninibhupesili bhaniki miaka tano ndia asibe anitakani ninili na famu ndiamonsa bhameme miaka tano ndia asibe anidhu ninigubi koko ndiamo mpyaka ozibe nesi	1			Amba	train	10.550887021475257		False	0.43511450381679384	True			False
aff82a045868be1573431402cd4ccddc	58614	spontaneous-speech-rwm-58614.mp3	20736	5952	Ka mwaka 5 nasibe okwetangiya nolodoi mani?	Myaka tano nasibe okwetakqnaga na ndwali ka ka ka kwekebelisa nanga kwekebelisa kokutangia nolwali okubha niwetekanizi  dumbi otandike zanzabako	1			Amba	train	6.028163580246914		False	0.13475177304964536	False	5.448857860759995	0.8307952622673435	False
06abe4fdd40392815ffcffabe9ccddfd	58736	spontaneous-speech-rwm-58736.mp3	17568	5952	Ka mwaka 5 nasibe okwetangiya nolodoi mani?	Ka myaka tano nkietaga kolilia bha famile ndiamo andulu abhebe kulungi dumbi nabho bhebhesiebe nanga andulu bwile ndako ndio okubhaga Luhanga nalia nakubisibe	1			Amba	train	7.741347905282331		False	0.10322580645161294	False	4.330196782243938	0.24873096446700507	True
09bbee7d294906c21ab763ff5ca35ee2	58797	spontaneous-speech-rwm-58797.mp3	12060	5952	Ka mwaka 5 nasibe okwetangiya nolodoi mani?	Ka muaka tano yoho nkietegeka nkikabha ni sumbe dhudhu ni sumbe motoka na bhaniki bhaye ka sukulu nie alikilie kulungi kima ndiamo poni abhonge	1			Amba	train	9.950248756218905		False	0.08571428571428574	False	4.949647573647345	0.6150592216582065	False
839194823957ef6cf0af192facc00f2e	59121	spontaneous-speech-rwm-59121.mp3	22860	5952	Ka mwaka 5 nasibe okwetangiya nolodoi mani?	Menjo kokwibaga nesi okusobhola kwetangia nanga sigikilia eti uwe nkumi oku koibi bomba ndiako ndio okubombiliagaku kuyo okuibaga mabhinjo kagodhisa ndiako nesi ka miaka tano yoho nikoliku eki, ka miaka tano yoho nikoliku eki Injo ali bhinjo ndia akiduaga niba eti  miaka tano yoho nikoliku yoho ninkikola yoho	1			Amba	train	11.461067366579178		False	0.3192182410423453	False	5.1746087046616065	0.7174280879864636	False
e8eb7188dc741f9c8bd1f3b4b922d0b6	59434	spontaneous-speech-rwm-59434.mp3	11160	5952	Ka mwaka 5 nasibe okwetangiya nolodoi mani?	Myaka tano nalasibe bhio nkietangia ninili bhia zale mindia ka mwaka kinana na mulubhali sa kuzale	1			Amba	train	7.437275985663082		False	0.03157894736842104	False	6.324895654129159	0.9661590524534687	False
2a714f0f48c3450f78b159dbfd6c6c04	59619	spontaneous-speech-rwm-59619.mp3	17928	5952	Ka mwaka 5 nasibe okwetangiya nolodoi mani?	Ka muaka tano nasibe nida kietakana ninili ka ndabho sa buloka kedha ninili sumbi na  matoka bhawai	1			Amba	train	4.573850959393128		False	0.07291666666666663	False	6.126294841554259	0.949238578680203	False
79c70007d8f4df515b1206bb8d666e7b	58290	spontaneous-speech-rwm-58290.mp3	20340	5953	Ali mugaso nangeki kehisa likilia kolisa kima sa sukali nanga bhonga bwomezi?	Kima ndia sukali akipesiaga bhakpa ndwaye ndia akidhuwaga bhakpa ndibetolo bhakuwa dumbi bhakpa ndibetolo bhakakitoka likabho na bhakpa ndibetolo nanga ndwaye ndiabho	1			Amba	train	7.128810226155359		False	0.39877300613496935	False	3.3922348450402966	0.005922165820642978	True
01afad16deed014c336c39ed0790a0bc	58328	spontaneous-speech-rwm-58328.mp3	10656	5953	Ali mugaso nangeki kehisa likilia kolisa kima sa sukali nanga bhonga bwomezi?	Haaa injo ali mulingo nanga ali mulingo moti kwegendia tunga ndwali sa sukali	1			Amba	train	6.09984984984985		False	0.16216216216216217	False	4.8840898589883155	0.5820642978003384	True
aff82a045868be1573431402cd4ccddc	58971	spontaneous-speech-rwm-58971.mp3	15480	5953	Ali mugaso nangeki kehisa likilia kolisa kima sa sukali nanga bhonga bwomezi?	Injo mugaso as aliku ali ziba ngu oli na bwomezi mabhonga nanga ndio okukeisi okuceka bwabgu kedha okukuwa	1			Amba	train	5.749354005167959		False	0.06796116504854366	False	5.342959064177466	0.7893401015228426	False
268635e5ac8169d00be91a407e38d7f4	59066	spontaneous-speech-rwm-59066.mp3	19440	5953	Ali mugaso nangeki kehisa likilia kolisa kima sa sukali nanga bhonga bwomezi?	Ali mugaso nanga sukali konuwa sukali mabhika akibikisaga bulwaye ka kozo so bhia bhakpa bhikisemelelu nuwaga kima ndia ahingulaniku sukali kedha kima ndia anulililia sini sini nanga akikibikisiliaga bulwaye	1			Amba	train	9.207818930041151		False	0.2549019607843137	False	4.375916544753722	0.2749576988155668	True
ce1fe571c632c175c538f2de6c2f35a4	59176	spontaneous-speech-rwm-59176.mp3	9396	5953	Ali mugaso nangeki kehisa likilia kolisa kima sa sukali nanga bhonga bwomezi?	Akubikisiaga ndwali mazinana bhia sukali na pulesa ka kozo ndiako	1			Amba	train	5.959982971477224		False	0.016129032258064502	False	4.930204533363222	0.6074450084602369	False
7b8ce0a081d9ccda7626927c5eec42d2	59182	spontaneous-speech-rwm-59182.mp3	21780	5953	Ali mugaso nangeki kehisa likilia kolisa kima sa sukali nanga bhonga bwomezi?	Kisa sa sukali abhuaku bulwaye abwaku kanga tunga bwomezi mabhonga kulika kedha bwile poni nkolo akilika nakukugba bwile poni okwetulakakaga notungi ndwali sa sukali kedha okulikaga nokunyelanyelaga  nokukole eki	1			Amba	train	8.402203856749312		False	0.20574162679425834	False	4.869788695996428	0.5710659898477157	True
839194823957ef6cf0af192facc00f2e	59328	spontaneous-speech-rwm-59328.mp3	21960	5953	Ali mugaso nangeki kehisa likilia kolisa kima sa sukali nanga bhonga bwomezi?	Nanga ali sigikilia eti sukali injo akiyambaga kima ndiekina ka mubili kenjo nanga alibe ndia ahigiaga eti onuwe kima manulilia ndia anulilio ndia anulilio nau dhe akukusikisagaku mani bhaitu lika nuwa kima ndia ka nulilili kakukusikisagaku mani bba	1			Amba	train	9.65391621129326		False	0.32113821138211385	False	4.849291131894053	0.5609137055837563	True
09bbee7d294906c21ab763ff5ca35ee2	59498	spontaneous-speech-rwm-59498.mp3	16056	5953	Ali mugaso nangeki kehisa likilia kolisa kima sa sukali nanga bhonga bwomezi?	Kima sa sukali nanga sebhalisio bwomezi kikiesengelaza sana so andulujo ndie kigi eti bba nokalia akili olie kima mabhonga bhuke bhuke ndio ko ndio kobisiku kima ndia akubikisa sukali	1			Amba	train	9.653712007972096		False	0.1611111111111111	False	5.292090192043194	0.7715736040609137	False
e8eb7188dc741f9c8bd1f3b4b922d0b6	59589	spontaneous-speech-rwm-59589.mp3	26316	5953	Ali mugaso nangeki kehisa likilia kolisa kima sa sukali nanga bhonga bwomezi?	Ndia ali na mugaso ka kima sa keisa sukali lika kolisa sukali ka bwomezi ndiasu nanga bhabhuka bhalia ka habhulasu eti na sukali yakagbokiliani bhapa kilike nikikinuwa muzangu to bhinjo kiye nikikihindula na  libho ndiasu ndie kikinuwaga tolo poni	1			Amba	train	7.903936768505853		False	0.19672131147540983	False	4.489905056394659	0.34517766497461927	True
aff82a045868be1573431402cd4ccddc	57312	spontaneous-speech-rwm-57312.mp3	12276	5954	Kikole eki kabha nizibi eti bhikili na kasinge ka ngonguambili ndiasu?	Bisaku nkpa nguko okuteketaga ontangia ngeso ndiaki nesi abhongia andulu ombiseku nguko	1			Amba	train	6.190941674812643		False	0.08333333333333337	False	5.05169949130664	0.6641285956006768	False
0038f5497f9f2af927e533e85ee33985	57469	spontaneous-speech-rwm-57469.mp3	28188	5954	Kikole eki kabha nizibi eti bhikili na kasinge ka ngonguambili ndiasu?	Kola lika zoka eti kasinge abiki ka ngongwa mbili kili na eka nkulato dia ka nkungu ka ngongwa mbili kenjo kizibe ndia akubikisa bijibu andiki kabha nali butamizi kabha nali eki poniz kizibe eti kasinge alikua kandi bhakpa kili na ekabho ka nkulato kihoke eti akiki kisidha sidhania kicuku	1			Amba	train	8.549737476940543		False	0.30069930069930073	False	5.210961607042192	0.7318104906937394	False
79c70007d8f4df515b1206bb8d666e7b	57602	spontaneous-speech-rwm-57602.mp3	17208	5954	Kikole eki kabha nizibi eti bhikili na kasinge ka ngonguambili ndiasu?	Emi nkitoka toliya police ka bakpha menjo ndibha kakibhikisaga businge ka ngongwabili kandi  bakpa bhenjo bhaye ka nkomo	1			Amba	train	5.927475592747559		False	0.07692307692307687	False	4.568986659367262	0.39678510998307953	True
268635e5ac8169d00be91a407e38d7f4	58059	spontaneous-speech-rwm-58059.mp3	15408	5954	Kikole eki kabha nizibi eti bhikili na kasinge ka ngonguambili ndiasu?	Zibe eti alibe gulupu ma janganga sa lu lulu luzu uzu ndia akikolaga kima majangaga ka bhakpa ibha kima ndia bhakpa nuwa mwenge kima bhie injo 	1			Amba	train	7.593457943925234		False	0.18571428571428572	False	4.552011168755853	0.3824027072758037	True
ce1fe571c632c175c538f2de6c2f35a4	58140	spontaneous-speech-rwm-58140.mp3	20268	5954	Kikole eki kabha nizibi eti bhikili na kasinge ka ngonguambili ndiasu?	Abhebe mitingi sa bhakpa bhabhike kihanule andulu businge abhike lundi kikozese gavumenti ndiasu nabha polise na bhasilikale	1			Amba	train	5.328596802841918		False	0.06611570247933884	False	5.22372879332396	0.7351945854483926	False
2a714f0f48c3450f78b159dbfd6c6c04	58280	spontaneous-speech-rwm-58280.mp3	26280	5954	Kikole eki kabha nizibi eti bhikili na kasinge ka ngonguambili ndiasu?	Kabha noibibeti ka ngongwa mbili ndianu bhukuli na kasinge okutola duabe muikili ka ngongwa mbili njo andulu atandikisebe sidha sidhana sa bikisabe kasinge	1			Amba	train	5.060882800608828		False	0.1907894736842105	False	4.816265817296747	0.5423011844331641	True
06abe4fdd40392815ffcffabe9ccddfd	58348	spontaneous-speech-rwm-58348.mp3	13536	5954	Kikole eki kabha nizibi eti bhikili na kasinge ka ngonguambili ndiasu?	Kie kie kie bhuwe na gavumenti andulu akiyambe akikolilie kima ndia abhongio kandi ndia akikibhesiabe	1			Amba	train	6.427304964539007		False	0.13265306122448983	False	4.469309850083822	0.32741116751269034	True
01afad16deed014c336c39ed0790a0bc	58952	spontaneous-speech-rwm-58952.mp3	10980	5954	Kikole eki kabha nizibi eti bhikili na kasinge ka ngonguambili ndiasu?	Kibhueke bhahabhuli tabhi bhatua dini bhabike bhaonge na bhakpa bhabhuhabhule ka likiliana imamoti bhia bhakpa bhatua kunama. 	1			Amba	train	9.927140255009109		False	0.2357723577235772	False	4.910739762568747	0.5956006768189509	True
7b8ce0a081d9ccda7626927c5eec42d2	59142	spontaneous-speech-rwm-59142.mp3	16956	5954	Kikole eki kabha nizibi eti bhikili na kasinge ka ngonguambili ndiasu?	ndyekiki kola kikiekana kizibe andiki ndiadu bikibw na kasinge andiki kiye ka gavumente abike akiyambe bizibu njo ndiakiba nalibe kilikage kizibe ndiekikiola andiki andulu bakpa njo batunge kasinge kizibe ngu kibueki batwa bitongole	1			Amba	train	11.795234725171031		False	0.222707423580786	False	4.999221907326098	0.6412859560067682	False
e8eb7188dc741f9c8bd1f3b4b922d0b6	59271	spontaneous-speech-rwm-59271.mp3	24876	5954	Kikole eki kabha nizibi eti bhikili na kasinge ka ngonguambili ndiasu?	Bhikiziba eti bhikilii ka kalembe kedha na kasinge ka kyalo ndie kindiasu kilikage imamoti kikobhiane kihanule toli kizibe bizibu ndie kikibha nikili nai kikibhindana nai bhoni sekina andulu sa kalembe ai e godhaiku kobusil lukulato andulu ndia akimesiagabe injo	1			Amba	train	9.004663129120438		False	0.16602316602316602	False	4.894904946278342	0.583756345177665	True
18df01d60d16de159483408584d06424	59593	spontaneous-speech-rwm-59593.mp3	20916	5954	Kikole eki kabha nizibi eti bhikili na kasinge ka ngonguambili ndiasu?	Kabha ndie bhikili na kasinge ka ngongwa mbili kili na ekana kizibe nagoku kibisabe kasinge ka ngongwa mbili sini sini bhakpa ndibha bhakikolaga kima ndibha kabhongi nibhaliku kitoke habhulabho andulu businge azoke	1			Amba	train	8.749282845668388		False	0.26066350710900477	False	3.8581749080225465	0.06514382402707276	True
09bbee7d294906c21ab763ff5ca35ee2	59735	spontaneous-speech-rwm-59735.mp3	11988	5954	Kikole eki kabha nizibi eti bhikili na kasinge ka ngonguambili ndiasu?	Ndia bhesu kikimbalisa nkpa ngo ali ngu buli nkpa ekolilie  kyama ndiaki andulu aye kulungi nozibi ngoku akuna mbalisi	1			Amba	train	8.258258258258259		False	0.07826086956521738	False	5.812560994139469	0.9069373942470389	False
0038f5497f9f2af927e533e85ee33985	57456	spontaneous-speech-rwm-57456.mp3	30240	5955	Ali mugaso nangeki gbelia ndibhetolo na kobhu?	Alimugaso gbelia ndibhetolo kobhu njo okutugaga nkisa keisoa Mambombi nanga kobha nokubhugbelia bhadako kobhu newe bhakugbelia kobhu dhe nanga kanga nobhugbeli bhadako kobhu injo okubha nokuanisa ngeso  zidhi oli na gbelia bhadako kobhu new bhakugbelia kobhu dhe kandi oli na nkisa tukai kindia Mambombi	1			Amba	train	8.564814814814815		False	0.41333333333333333	False	5.015734267505859	0.6514382402707276	False
18df01d60d16de159483408584d06424	58204	spontaneous-speech-rwm-58204.mp3	18648	5955	Ali mugaso nangeki gbelia ndibhetolo na kobhu?	Bhesu poni nagoku  dibhekikitungaga kima ndia aenenagio alibe ndio okutungaga kima ndia dako ndia kali nai bbaitu nkpa mindia kali na kima uwe noli nai okumpaga andulu naye abhe nai	1			Amba	train	8.097383097383098		False	0.2247191011235955	False	4.483760408332542	0.33671742808798644	True
79c70007d8f4df515b1206bb8d666e7b	58392	spontaneous-speech-rwm-58392.mp3	18108	5955	Ali mugaso nangeki gbelia ndibhetolo na kobhu?	Kobha noli na bhakpa ndibhetolo na kobhu okuduwaga ndibhetolo nibhakukuyamba ka tolo ndiako ndia Oli kabbakabho.	1			Amba	train	5.356748398497901		False	0.1834862385321101	False	3.881031952450368	0.07191201353637902	True
06abe4fdd40392815ffcffabe9ccddfd	58516	spontaneous-speech-rwm-58516.mp3	22428	5955	Ali mugaso nangeki gbelia ndibhetolo na kobhu?	Nanga ntaidako kongbelia kobhu okubhaga nonganili dumbi kima poni ndia kibhaga na kolio ehhh onganyilia kali na todha  sikiakoku kima mazinana kedhabkokutoha gia eti akusasule ongbelie kobhu dou moti andulu onganyilie	1			Amba	train	8.293204922418406		False	0.15887850467289721	False	5.349061660774654	0.7927241962774958	False
268635e5ac8169d00be91a407e38d7f4	59074	spontaneous-speech-rwm-59074.mp3	19368	5955	Ali mugaso nangeki gbelia ndibhetolo na kobhu?	Ali mugaso sini gbelia nkpa kobhu nanga akimanyisa eti oli na mulima mabhonga mindia akimuyambaga nkpa mindia akikoliliaga nkpa paka zibe eti omuyambia ali mugaso sini sini ka ngongwa mbili ndiasu bhesu yoho	1			Amba	train	9.03552251135894		False	0.23039215686274506	False	3.682369320634812	0.023688663282571912	True
e8eb7188dc741f9c8bd1f3b4b922d0b6	59189	spontaneous-speech-rwm-59189.mp3	24300	5955	Ali mugaso nangeki gbelia ndibhetolo na kobhu?	Mugaso ndia ali ke yoho  sa gbelia bhakpa kobhu ali ziba eti bhakpa bhoponi bhakaziba noli ntwa kobhu kubhotu luganda kakisiabe	1			Amba	train	4.362139917695473		False	0.14516129032258063	False	4.901623941945105	0.5871404399323181	True
839194823957ef6cf0af192facc00f2e	59292	spontaneous-speech-rwm-59292.mp3	22608	5955	Ali mugaso nangeki gbelia ndibhetolo na kobhu?	Bba bhesu poni Luhanga kakihanga eti bhesubponi kinyegananania uma ali ndia mio sibha uma ali ndia mio lelu ali ndia mio uma ali ndia mio andu ndia akidhuaga otakanana buli nkanali na mugisa kindiaki nesi Luhanga amuhanga andulu ndia adhua Luhanga nakimbisabe  ngudha nakimbisabe na nako	1			Amba	train	10.65994338287332		False	0.35915492957746475	False	5.453848092218115	0.8341793570219966	False
2a714f0f48c3450f78b159dbfd6c6c04	59339	spontaneous-speech-rwm-59339.mp3	21600	5955	Ali mugaso nangeki gbelia ndibhetolo na kobhu?	Ali mugaso gbolusi gbelia ndibhetolo kobhu nanga nesi okubhuganilia bhakpa ndibhetolo nawe Mambombi ada kukuganilia bhinjo	0			Amba	train	4.953703703703703		False	0.15966386554621848	False	4.6454386795662845	0.43993231810490696	True
ce1fe571c632c175c538f2de6c2f35a4	59420	spontaneous-speech-rwm-59420.mp3	4716	5955	Ali mugaso nangeki gbelia ndibhetolo na kobhu?	Akubikisaga mugisa kindia minjo akia akia bhakpa	1			Amba	train	8.905852417302798		True	0.06666666666666665	False			False
aff82a045868be1573431402cd4ccddc	59648	spontaneous-speech-rwm-59648.mp3	14040	5955	Ali mugaso nangeki gbelia ndibhetolo na kobhu?	Injo gbelia bhataidako kobhu ali kima mabhonga okubhuagaku mugaso bhataidako simako nesi okoli kima mabhonga	1			Amba	train	6.695156695156695		False	0.21904761904761905	False	4.668195734931499	0.4576988155668359	True
14482a129cdad77b883cf44ab8ee2666	59673	spontaneous-speech-rwm-59673.mp3	14976	5955	Ali mugaso nangeki gbelia ndibhetolo na kobhu?	Bhalia ndibhetolo ka bwomezi ka nesiyo	0			Amba	train	2.203525641025641	transcription-length	False	0.02857142857142858	False	3.6115618118224786	0.0194585448392555	True
839194823957ef6cf0af192facc00f2e	57561	spontaneous-speech-rwm-57561.mp3	22176	5956	Ndiakidhuwa muhikili obhuokaniye bhakpa ndibhaki andiki?	Kima injo ali sigikilia eti nanga oli mwebembezi mindiabho mindia obhutelemilia okudhuwa nokukola kima mabhinjo komesia kobha mwebembeji okutelemiliaga kima mabhika ndiali ka bhakpa ndibhako ndibho obwebembelio injo kima akibhaga bhinjo andu ndia akidhuwaga obhuhikilia.	1			Amba	train	10.64213564213564		False	0.28464419475655434	False	4.078858085834246	0.14213197969543148	True
0038f5497f9f2af927e533e85ee33985	58331	spontaneous-speech-rwm-58331.mp3	20916	5956	Ndiakidhuwa muhikili obhuokaniye bhakpa ndibhaki andiki?	Mwikili ndia akidhuwaga  abhuokiana bhakpa ndibhaki akisigikila bhakpa ndibhaki njo kedha bhatungua ndibhaki bhasemelelu toliaki kima ndibha kibha nibhakibala na ndia bhatungio nanga kasemelelu kwecweliaku bba	1			Amba	train	8.749282845668388		False	0.28640776699029125	False	3.686504538991397	0.024534686971235193	True
01afad16deed014c336c39ed0790a0bc	58339	spontaneous-speech-rwm-58339.mp3	12636	5956	Ndiakidhuwa muhikili obhuokaniye bhakpa ndibhaki andiki?	Mulemi akitoka konia bhakpa ndibhaki andulu bhabhe toli bhatunge ndia bhagebi kabhai	1			Amba	train	5.777144666033554		False	0.0864197530864198	False	4.058409418844145	0.13028764805414553	True
2a714f0f48c3450f78b159dbfd6c6c04	58340	spontaneous-speech-rwm-58340.mp3	24696	5956	Ndiakidhuwa muhikili obhuokaniye bhakpa ndibhaki andiki?	Ndia akidhua muhikili abhuoke bhakpa ndibhaki ali ziba eti ebho bhenjo bhakumi bhambisi ndibho ka kusalia ti bhakuntikaga ndibho ali na oka ndia bhaongio nanga ali ndibho ndia bhakumaki.	1			Amba	train	6.397797214123744		False	0.23497267759562845	False	4.485326867830972	0.3401015228426396	True
e8eb7188dc741f9c8bd1f3b4b922d0b6	58407	spontaneous-speech-rwm-58407.mp3	36108	5956	Ndiakidhuwa muhikili obhuokaniye bhakpa ndibhaki andiki?	Ndia akidhuwa muhikili nakibhuokiana bhakpa ndibhaki moti bhakpa bhali bhatwa kanji tabhi ye, ndia kebhali bhakpa bhenjo bhakiya ndiabho yakolai muhikili ndia akibha nabhutoli muhikili abhutelemili ndiye bhakpa bhenjo ka milimo ndia agbei kolai, kesi-no bhoponi bhasuwe nsongoli moti ka milimo injo	1			Amba	train	7.117536280048742		True	0.32881355932203393	False			False
09bbee7d294906c21ab763ff5ca35ee2	58541	spontaneous-speech-rwm-58541.mp3	6048	5956	Ndiakidhuwa muhikili obhuokaniye bhakpa ndibhaki andiki?	Nkpa poni alike naibi eti ehh injo nau ali na nkumasi	1			Amba	train	7.10978835978836		True	0.020000000000000018	False			False
06abe4fdd40392815ffcffabe9ccddfd	58796	spontaneous-speech-rwm-58796.mp3	23688	5956	Ndiakidhuwa muhikili obhuokaniye bhakpa ndibhaki andiki?	Ehh menjo andie muikili mabhonga mindia akibhuokianaga bhakpa ndibhaki nanga akibhaga yaye nabiki ibabe okiana bitekelezo bhukingananise kulul andulu abhuikilie kulungi  kakabhe kima ndia akilika nakibhutalabaniza minjo kali muikili mabhonga muikili aikilizi okanyia bhakpa ndibhaki	1			Amba	train	10.427220533603514		False	0.2544802867383512	False	4.740393039144428	0.5016920473773265	True
268635e5ac8169d00be91a407e38d7f4	59081	spontaneous-speech-rwm-59081.mp3	18756	5956	Ndiakidhuwa muhikili obhuokaniye bhakpa ndibhaki andiki?	Nanga bhakpa bhenjo andibho ndibhakinsidikaga eti ndibha kimpesiaga kusalia eti bijibu ndiabho asobole bisaiku gavumenti abhukolilie kima ndia agbei talabanjabho	1			Amba	train	7.570910641927917		False	0.11392405063291144	False	4.148937455266117	0.16412859560067683	True
ce1fe571c632c175c538f2de6c2f35a4	59369	spontaneous-speech-rwm-59369.mp3	11808	5956	Ndiakidhuwa muhikili obhuokaniye bhakpa ndibhaki andiki?	Mwikili abhebwa bhakpa benjo andibgo bhampesiya kusaliya kima poni ndia kakolai aka kolai ka  bhakpa benjo	1			Amba	train	7.621951219512195		False	0.15533980582524276	False	4.4330305357412705	0.305414551607445	True
ce1fe571c632c175c538f2de6c2f35a4	57363	spontaneous-speech-rwm-57363.mp3	3060	5957	Ali mbuka tina malikimana ndiekibilwani nali sa bwozi nakoli ijo ndabhakilungagaku sukali?	Injo ali njoki	1			Amba	train	3.92156862745098		True	0.0	False			False
839194823957ef6cf0af192facc00f2e	57939	spontaneous-speech-rwm-57939.mp3	20196	5957	Ali mbuka tina malikimana ndiekibilwani nali sa bwozi nakoli ijo ndabhakilungagaku sukali?	Kima injo bhikikengi kulungi nanga sigikilia eti bhebembezi bheo ndibhasu  andibho ndibha bhakikiolaga kima mabhinjo andibho ndibha bhagbokiliani gbabe kima injo bhaitu bhesu ndibhetolo bhikikengaga kulungi bba ati andulu ndia akidhuwaga akitalibaniza sini sini ndia agbeibe kima mbulue injo	1			Amba	train	12.4777183600713		False	0.29166666666666663	False	3.7962690246685016	0.047377326565143825	True
14482a129cdad77b883cf44ab8ee2666	58083	spontaneous-speech-rwm-58083.mp3	18216	5957	Ali mbuka tina malikimana ndiekibilwani nali sa bwozi nakoli ijo ndabhakilungagaku sukali?	sukali ali na bizibu mamadha ka bhakpa sukali aki yaga sente poni sukali akiolaga sukali akitokaga ka liaga zidhi	1			Amba	train	5.215195432586737		False	0.26363636363636367	False	4.788896658905253	0.5304568527918782	True
09bbee7d294906c21ab763ff5ca35ee2	58116	spontaneous-speech-rwm-58116.mp3	5688	5957	Ali mbuka tina malikimana ndiekibilwani nali sa bwozi nakoli ijo ndabhakilungagaku sukali?	Injo ali bhulwali sa sukali ndulu bhaki tungaga ka sukali 	1			Amba	train	8.438818565400844		True	0.1454545454545455	False			False
06abe4fdd40392815ffcffabe9ccddfd	58286	spontaneous-speech-rwm-58286.mp3	15948	5957	Ali mbuka tina malikimana ndiekibilwani nali sa bwozi nakoli ijo ndabhakilungagaku sukali?	ndiagbokilyani liai kedha hambai nali mbukai ali miyembe michunguwa mangada  na kima poni ndiba kigubhaga ndia liki maniyo	1			Amba	train	6.521193880110358		False	0.050420168067226934	False	5.977203605929782	0.9365482233502538	False
268635e5ac8169d00be91a407e38d7f4	58510	spontaneous-speech-rwm-58510.mp3	3348	5957	Ali mbuka tina malikimana ndiekibilwani nali sa bwozi nakoli ijo ndabhakilungagaku sukali?	njo mbuka kihibhi ba weja	1			Amba	train	6.272401433691757		True	0.0	False			False
0038f5497f9f2af927e533e85ee33985	58635	spontaneous-speech-rwm-58635.mp3	18036	5957	Ali mbuka tina malikimana ndiekibilwani nali sa bwozi nakoli ijo ndabhakilungagaku sukali?	Sa sukali ndia akibikisaga kabhondo ka bwomezi ndia nkpa  adawaizi mbuka sa kabhondo kadhoti	1			Amba	train	4.324683965402528		False	0.1573033707865169	False	4.782737427956474	0.5262267343485617	True
79c70007d8f4df515b1206bb8d666e7b	58657	spontaneous-speech-rwm-58657.mp3	20880	5957	Ali mbuka tina malikimana ndiekibilwani nali sa bwozi nakoli ijo ndabhakilungagaku sukali?	Injo mbuka bhakietaga njoki andulu ndibha kilugangaku sukali nanga akibhaga na mugaso nanga bhakpa ndibhetolo kibhakibalaga sukali nanga sukali akibikisaga ndwaye	1			Amba	train	6.800766283524904		False	0.2704402515723271	False	3.9669428996299936	0.09390862944162437	True
aff82a045868be1573431402cd4ccddc	58850	spontaneous-speech-rwm-58850.mp3	14868	5957	Ali mbuka tina malikimana ndiekibilwani nali sa bwozi nakoli ijo ndabhakilungagaku sukali?	Injo ali soda nanga nkpa soda andu bhakibisagaku na sukali andulu injo ndia bhagbei abhongi nkpa nuwai	1			Amba	train	5.78423459779392		False	0.11111111111111116	False	4.584465289833349	0.41116751269035534	True
2a714f0f48c3450f78b159dbfd6c6c04	59095	spontaneous-speech-rwm-59095.mp3	22716	5957	Ali mbuka tina malikimana ndiekibilwani nali sa bwozi nakoli ijo ndabhakilungagaku sukali?	Njajoki adiye mbuka malikimana mudikihibhilwani naye ka bwoki na kolilijo ndibha kilugaku sukali	1			Amba	train	3.69783412572636		False	0.021505376344086002	False	7.333062006712696	0.9974619289340102	False
e8eb7188dc741f9c8bd1f3b4b922d0b6	59504	spontaneous-speech-rwm-59504.mp3	15516	5957	Ali mbuka tina malikimana ndiekibilwani nali sa bwozi nakoli ijo ndabhakilungagaku sukali?	Mbuka moti ndia alikimanio ndie kibilwanio kekebhe nibhalungiku sukali ali muyembo mbuka muyembe	1			Amba	train	5.413766434648105		False	0.12903225806451613	False	5.33447422371179	0.7851099830795262	False
7b8ce0a081d9ccda7626927c5eec42d2	59549	spontaneous-speech-rwm-59549.mp3	18720	5957	Ali mbuka tina malikimana ndiekibilwani nali sa bwozi nakoli ijo ndabhakilungagaku sukali?	Njo mbukai ali bhia muyembe fenesi nanasi mucuguwa na ndimo nau akibhaga na mbukai ndia kakibikisa sukali	1			Amba	train	4.754273504273504		False	0.08823529411764708	False	5.612725739391352	0.8747884940778342	False
aff82a045868be1573431402cd4ccddc	57584	spontaneous-speech-rwm-57584.mp3	66600	5958	Ali mugaso nangeki egabe asili kati-kati ?	Nkpa ega kima ndiako ka asili ndia ntula ndiako abhongia nanga nkpa mindia akaibi asili ka ntula ndiaki minjo nkpa akibhaga nabhuli kandi akibhaga ndiaka ibi kima ndiaka ntula ndiaki. Nkpa abhongi ega ngeso ndiaka ntula ndiaki nanga nkpa dumbi akibombaga naibi mitwalikaniye andiali ka ntula ndiaki.	0			Amba	train	3.7987987987987992		True	0.46283783783783783	False			False
01afad16deed014c336c39ed0790a0bc	57659	spontaneous-speech-rwm-57659.mp3	22536	5958	Ali mugaso nangeki egabe asili kati-kati ?	Dini sa hiya hiya akudhuaga otoka likako ka ntula ndia kali ndiako nanga okubhaga noibi ndia bhakikolaga na ndia bhakakikolaga ndia bhagboliliani liai na ndia bhaka gbokiliani liai nesi bhakieisga nawe okulikaga noibi oti bhenjo bhakieisaga bhiyo adhu ndulu nali na mugaso iba asili sa hiya hiya	1			Amba	train	11.04898828541001		False	0.3356164383561644	False	4.697302961944311	0.4763113367174281	True
09bbee7d294906c21ab763ff5ca35ee2	57909	spontaneous-speech-rwm-57909.mp3	11988	5958	Ali mugaso nangeki egabe asili kati-kati ?	Nanga buli luganda ali na asili ndiabo andulu ndia kidhuwaga byli luganda aba na asili  ndiabo kati kati	1			Amba	train	7.173840507173841		False	0.26732673267326734	False	5.159305930005188	0.7098138747884941	False
06abe4fdd40392815ffcffabe9ccddfd	58229	spontaneous-speech-rwm-58229.mp3	15516	5958	Ali mugaso nangeki egabe asili kati-kati ?	Kabha noli mwamba ehh oli na ya na asili ndiako naga andulu ndionodulanibe kandi  kokutoka bhuaibe	1			Amba	train	5.28486723382315		False	0.04210526315789476	False	6.130541572255687	0.9500846023688664	False
0038f5497f9f2af927e533e85ee33985	58584	spontaneous-speech-rwm-58584.mp3	17208	5958	Ali mugaso nangeki egabe asili kati-kati ?	Ali mugaso ega kati-kati nanga asili poni kaenenagi asili ndie ingbe kabhi tabhi endie endindi ndie ingbe yabhibe na  nendindisio osemelelu oege asíli kati-kati akiyamba	1			Amba	train	8.368200836820083		False	0.21084337349397586	False	5.875644231052853	0.9170896785109983	False
268635e5ac8169d00be91a407e38d7f4	59087	spontaneous-speech-rwm-59087.mp3	19080	5958	Ali mugaso nangeki egabe asili kati-kati ?	injo akiyambaga oibe asili ndiako kima ndia liku kima ndiasu ndikili na kolai kibhuegese bhaniki ndibhasu asili ndiabho aenyagi  bhoni bhakeisa bhoni bhasemelelu kola eki nanga ka mumasio kuwo nibhalasi bhahabha bhakola kima majangaga	1			Amba	train	10.482180293501049		False	0.20779220779220775	False	4.253269646827793	0.2140439932318105	True
18df01d60d16de159483408584d06424	59127	spontaneous-speech-rwm-59127.mp3	21996	5958	Ali mugaso nangeki egabe asili kati-kati ?	Egesa asiili akiyambaga nkpa kweibililia anga ndio koibi asili ndiako uwe okubhaga ndio koli nambali kindi olia kokutoka kwetegeleza nambali kindio olio nienyagi bhoni okulikaga menjo ka mwanya bhinjo	1			Amba	train	7.819603564284415		False	0.1675126903553299	False	5.380464202147616	0.8037225042301185	False
7b8ce0a081d9ccda7626927c5eec42d2	59153	spontaneous-speech-rwm-59153.mp3	15408	5958	Ali mugaso nangeki egabe asili kati-kati ?	Ali mugaso nanga buli ntula ali na asili si,ali mugaso buli miki lika naibi asili ndiaki ali mugaso nkpa lika naibi kalica ndiaki akiya bhoni ali mugaso nanga ziba ngu nkpa ali ka kola ndia aibia nanga kalibe mindia akihikilisa mbela	1			Amba	train	12.525960539979232		False	0.3521739130434782	False	4.660696442029366	0.4509306260575296	True
ce1fe571c632c175c538f2de6c2f35a4	59172	spontaneous-speech-rwm-59172.mp3	6876	5958	Ali mugaso nangeki egabe asili kati-kati ?	Okidhuaga miki aibililia asili ndiaki na na na atukilia mani	1			Amba	train	7.417102966841186		True	0.10526315789473684	False			False
e8eb7188dc741f9c8bd1f3b4b922d0b6	59326	spontaneous-speech-rwm-59326.mp3	26280	5958	Ali mugaso nangeki egabe asili kati-kati ?	Sa egai asili ndia ali sa kati kati abhongito zibe eti uwe ndio  odhaki egai njo akukuzuna koya ka ntula kenjo olike nokengedhiaki ndia ali bhia gina kedhatu kima tina sukuli koibage mindiako  miki akiyaku yagba mamano kedhatu ambulekoi nkia nkali mindia bhela	1			Amba	train	8.21917808219178		False	0.13229571984435795	False	5.803121707759087	0.9060913705583756	False
839194823957ef6cf0af192facc00f2e	59397	spontaneous-speech-rwm-59397.mp3	21096	5958	Ali mugaso nangeki egabe asili kati-kati ?	Ali mugaso nanga sigikilia eti  injo andulu ndia akikibikisiliaga bulemezi bulikilo makanega ega asili nanga okuyaga otakana buli nkpa nali kendiaki ndia kakitombilia asili ndie ingbe ati dumbi nikigia eti buli nkpa odhuwe atekete aegagebe asili 	1			Amba	train	9.90709139173303		False	0.20576131687242794	False	4.743744645317536	0.5033840947546532	True
2a714f0f48c3450f78b159dbfd6c6c04	58159	spontaneous-speech-rwm-58159.mp3	28836	5959	Ali mugaso nangeki lika kukebelisa sa bwomezi?	Ali mugaso sini lika nokwekebelisa sa bwomezi nanga okulika noibi minkia ndwali ndia akuli ka kozo ne ndie ndio kukweyokiaga  okenga oti yoho nilwali yoho andulu dumbi otunge mubazi kedha mili sa lamisako	1			Amba	train	5.930087390761548		False	0.08457711442786064	False	4.7410887075828985	0.5025380710659898	True
aff82a045868be1573431402cd4ccddc	58583	spontaneous-speech-rwm-58583.mp3	37440	5959	Ali mugaso nangeki lika kukebelisa sa bwomezi?	Kwekebelisa nkpa okulikaga nohibhi bwomezi ndiako nesi oliyo nanga koba ndokwekebelesi okulikaga ndyo kohibhi bwomezi ndiako nesi aliyo dumbi kodakiya kwekebelisa okwelindaga okwelindaga	1			Amba	train	4.380341880341881		True	0.3497267759562842	False			False
01afad16deed014c336c39ed0790a0bc	58623	spontaneous-speech-rwm-58623.mp3	8100	5959	Ali mugaso nangeki lika kukebelisa sa bwomezi?	Akukukonia lika noibi bwomezi ndiako nesi atelemio ndio koli na ndwali ka kozo ndiako	1			Amba	train	8.88888888888889		True	0.07317073170731703	False			False
268635e5ac8169d00be91a407e38d7f4	58681	spontaneous-speech-rwm-58681.mp3	17496	5959	Ali mugaso nangeki lika kukebelisa sa bwomezi?	Ndia akidhuaga olika noibi nesi mubili ndiako alio ka kozo ndiekina kobha notungi ndwali dumbi otadike kwe janjabisa	1			Amba	train	5.65843621399177		False	0.03539823008849563	False	4.445721734895386	0.3155668358714044	True
79c70007d8f4df515b1206bb8d666e7b	58787	spontaneous-speech-rwm-58787.mp3	19188	5959	Ali mugaso nangeki lika kukebelisa sa bwomezi?	Bwomezi akidhuwaga bhakpa nibhakitunga mani kandi bhakpa kibhakipesiaga bhakpa bendotolo ndwaye kandi  nibhali kandi kebha nibhali  nai ndwaye bhakiyaga ka sipatala bhatunga mibazi	1			Amba	train	8.130081300813009		False	0.29378531073446323	False	3.640231819482315	0.021150592216582064	True
839194823957ef6cf0af192facc00f2e	59060	spontaneous-speech-rwm-59060.mp3	23508	5959	Ali mugaso nangeki lika kukebelisa sa bwomezi?	Injo nkikolaga nanga nkilikaga nanga sigikilia eti nkilikaga bwile poni ninitekani kekiyokie mikia kima poni ndia agbeibe talabanizami andulu ndia akidhuaga nigie eti kikiekebelisa nanga kili na buzibu uponi nigbei kieyokia hati buye nilaya kwekebelisa jekibembe bwomezi ndiamo nesi akiya kuni nioki ninili kulungi	0			Amba	train	11.52799047132891		False	0.20578778135048237	False	4.572049486480012	0.4010152284263959	True
e8eb7188dc741f9c8bd1f3b4b922d0b6	59209	spontaneous-speech-rwm-59209.mp3	17820	5959	Ali mugaso nangeki lika kukebelisa sa bwomezi?	Mugaso ndia ali ka kwekebelisa sa bwomezi ndiasu ali zibe eti injo kikibhaga nabhesu ka pesia Mambombi mulimo sa gia eti kikibhaga ka pesia Mambombi mulimo ndiaki sa lika na bhundili bwomezi ka tolo andinjo ndio yokusesani gia oti okusesaku	1			Amba	train	11.27946127946128		False	0.2616033755274262	False	4.376209433723522	0.27580372250423013	True
ce1fe571c632c175c538f2de6c2f35a4	59275	spontaneous-speech-rwm-59275.mp3	10620	5959	Ali mugaso nangeki lika kukebelisa sa bwomezi?	Likisa bwomezi ndiako abhe kulungi kabhebe ndwali poni tali baniza konjo ndiako	1			Amba	train	6.403013182674199		False	0.07894736842105265	False	4.427470772239883	0.29949238578680204	True
7b8ce0a081d9ccda7626927c5eec42d2	59510	spontaneous-speech-rwm-59510.mp3	21096	5959	Ali mugaso nangeki lika kukebelisa sa bwomezi?	Ali mugaso nanga okuziba ngu ali ali mugaso nanga okuzibhangu weibilili  nesi okubha notelemi ali mugaso okubhaga nokebeli bulwaye ali mugaso nanga ziba ngu okwetantala dhua family ndiako naliaaa ali mugaso ziba ngu injo ndia kakugbokiliani nokukola ali mugaso ziba ngu kima poni okulika noibi	1			Amba	train	11.755783086841108		False	0.34827586206896555	False	4.735452450026448	0.4983079526226734	True
14482a129cdad77b883cf44ab8ee2666	59668	spontaneous-speech-rwm-59668.mp3	18396	5959	Ali mugaso nangeki lika kukebelisa sa bwomezi?	Kwekebelisana bwomezi ali na mugaso mamadha mm akimanyaga lika ndiako mm kozo ndiako ali na bwomezi ali na ndwali. Kakibha ali na ndwali okuyaga ka sipatala bhakupesya mubazi.	1			Amba	train	8.045227223309414		False	0.2441860465116279	False	4.163511604625591	0.17089678510998307	True
09bbee7d294906c21ab763ff5ca35ee2	59747	spontaneous-speech-rwm-59747.mp3	18216	5959	Ali mugaso nangeki lika kukebelisa sa bwomezi?	Ali kulungi kwebembeza sa bwomezi nanga bwomezi kali na sipeya so olike nowe tantali oti nolotungi bulwaye ali zidhi akili olike nowe tantali tu noski oti olwalia olwalia oye ka sipatala dumbi uwe ndiako akilika nabhongi	1			Amba	train	10.15590689503733		False	0.21198156682027647	False	5.054375546084654	0.6666666666666666	False
268635e5ac8169d00be91a407e38d7f4	57684	spontaneous-speech-rwm-57684.mp3	22068	5960	Ali mugaso nangeki ka ngonguambili ndiasu kola imamoti?	Kikola mamoti ka ja ka  mbili ndiasbheu ka kyalo ndiabhesu akibikisaga nkula kulana hhuhee akibisaga yambagana ka bhakpa akibikisaga kima ndiabho nabhiki akeha nanga bhukuloliliaga mamotu	1			Amba	train	7.295631683886169		False	0.18478260869565222	False	4.553472958112452	0.3840947546531303	True
14482a129cdad77b883cf44ab8ee2666	57713	spontaneous-speech-rwm-57713.mp3	33588	5960	Ali mugaso nangeki ka ngonguambili ndiasu kola imamoti?	Ka ngongwambili ndyasu kola imamoti ali namigaso mamadha mulimo njo akibhaga kulungi mulimo bhukuhegelagaku magezi na kima mukukolaga aki bhongaga muku pesyana mukibgaga luganda mukibgaga bubhotu mukibgaga na sente	1			Amba	train	5.537692032868882		True	0.1800947867298578	False			False
e8eb7188dc741f9c8bd1f3b4b922d0b6	57880	spontaneous-speech-rwm-57880.mp3	23580	5960	Ali mugaso nangeki ka ngonguambili ndiasu kola imamoti?	ali sa mugaso sini zibha eti ka ngongwanbili ki kolili imamoti anga yoho akijunaga lubhimbi ndyasu dhotisai na zibha eti kikilika ni kihibhani kandi di na di kibuweku bubotu kizibhe eti besu poni kiliki ni kihibhani menjo ka kubhotu na sakimesa mulimo injo kaki todha akityedhililiye	1			Amba	train	10.093299406276504		False	0.17142857142857137	False	5.7046025852040145	0.8925549915397631	False
18df01d60d16de159483408584d06424	58304	spontaneous-speech-rwm-58304.mp3	24588	5960	Ali mugaso nangeki ka ngonguambili ndiasu kola imamoti?	kangongwambili kolilya imamoti ali na mugaso nanga kima ndyo bugbei kolai buku gbeliyaga imamoti kandi kima injo akibhombaga nali na mani baitu kola kima wekaka ndibukukoli imamoti kima injo akibalaga bunako nanga ali mani ndia nkpa moti	1			Amba	train	8.174719375305026		False	0.2564102564102564	False	4.361213467490401	0.26818950930626057	True
06abe4fdd40392815ffcffabe9ccddfd	58333	spontaneous-speech-rwm-58333.mp3	13860	5960	Ali mugaso nangeki ka ngonguambili ndiasu kola imamoti?	Injo ali okana bhukubha nibhuli imamoti nibhukuokana kalibe nsonga bhukukolaga imamoti kandi abhonga	1			Amba	train	6.34920634920635		False	0.19587628865979378	False	4.135469016292963	0.15820642978003385	True
79c70007d8f4df515b1206bb8d666e7b	58403	spontaneous-speech-rwm-58403.mp3	24876	5960	Ali mugaso nangeki ka ngonguambili ndiasu kola imamoti?	Kola mamoti akidhuaga bhakpa bhama bhika nibha ka mabhobhi kandi bhakpa bhama bhika bhakibaga kulungi nanga kola mamoti aki bhaga nakoli bhu ka sipidi ma bhika	1			Amba	train	5.386718121884547		False	0.3012820512820513	False	3.891833374956368	0.07614213197969544	True
7b8ce0a081d9ccda7626927c5eec42d2	58565	spontaneous-speech-rwm-58565.mp3	20016	5960	Ali mugaso nangeki ka ngonguambili ndiasu kola imamoti?	Kolilia imamoti bombisa kicweka kolilia imamoti akibikisaga bugudha koliliia mamoti akibhuagabe bhunako kolilia imamoti akibiisaga soma kolilia akubikisaga bha na sente kolilia imamoti abikisaga bha na ngeso ka kicweka  kolilia imamoti ziba ngu abhi na bwomezi mabhonga	1			Amba	train	11.590727418065546		False	0.424812030075188	False	4.444269935416193	0.3147208121827411	True
aff82a045868be1573431402cd4ccddc	58692	spontaneous-speech-rwm-58692.mp3	35640	5960	Ali mugaso nangeki ka ngonguambili ndiasu kola imamoti?	Mugaso ndia aliku bhukukola kima kima bhenu poni imamoti, mbili ndianu akibombaga kandi businge akibhagaku dumbi buli kima poni akiyaga ka mumaiso na bhaniki  hakibhuokaga kima poni akiyaga ka mumaiso nkpa katabanguko kakibikagaku nanga bhenu bhoponi  bhuli imamoti bhukukolaga kima ndianu imamoti  so injo andulu mugaso mama mamadha kandi mabhonga 	1			Amba	train	8.305274971941639		True	0.32080924855491333	False			False
01afad16deed014c336c39ed0790a0bc	58864	spontaneous-speech-rwm-58864.mp3	8496	5960	Ali mugaso nangeki ka ngonguambili ndiasu kola imamoti?	Akibhaga ka anise eti bhesu poni kiokania Kandi kima ndili kakolai akibhugasilia bhakpa poni	1			Amba	train	9.2984934086629		False	0.0449438202247191	False	4.330232651894427	0.24957698815566837	True
ce1fe571c632c175c538f2de6c2f35a4	59250	spontaneous-speech-rwm-59250.mp3	7200	5960	Ali mugaso nangeki ka ngonguambili ndiasu kola imamoti?	Akietanatalaga mikia ndwali ka bhanik na bhakpa ndibhe kina	1			Amba	train	7.083333333333333		True	0.0535714285714286	False			False
839194823957ef6cf0af192facc00f2e	59496	spontaneous-speech-rwm-59496.mp3	24300	5960	Ali mugaso nangeki ka ngonguambili ndiasu kola imamoti?	Injo akibhaga mugisa sa mani kola imamoti nanga kima ndio bhukukolilia imamoti Mambombi akipaga mugisa sa mani kandi injo akibhubikisilia nkulakulana mabhika nanga bhenu poni bitekelezo ndianu amesi bhai ndia nkpa moti injo andulu ndia akikiyambaga bhukukola kima ndianu imamoti	1			Amba	train	9.835390946502056		False	0.2981818181818182	False	4.167097176839544	0.1751269035532995	True
2a714f0f48c3450f78b159dbfd6c6c04	59591	spontaneous-speech-rwm-59591.mp3	18396	5960	Ali mugaso nangeki ka ngonguambili ndiasu kola imamoti?	Ali sa mugaso kola kima moti ka ngongwa mbili ndiasu nanga mikia mulimo bhikigba bhakpa bhamamadha kakiedha bhia siai	1			Amba	train	5.38160469667319		False	0.052631578947368474	False	4.031051957949434	0.11421319796954314	True
09bbee7d294906c21ab763ff5ca35ee2	59730	spontaneous-speech-rwm-59730.mp3	13896	5960	Ali mugaso nangeki ka ngonguambili ndiasu kola imamoti?	imamoti kima poni akibhongaga bhaitu nokolili wekaka miyo yekaka kima kakibhongaga bhaitu akikabhaga bhenu bheponi bhukolile imamaoti dumbi buli nkpa poni akibhusimaga	1			Amba	train	10.506620610247552		False	0.25609756097560976	False	5.071722801503221	0.6734348561759729	False
79c70007d8f4df515b1206bb8d666e7b	57393	spontaneous-speech-rwm-57393.mp3	20700	5961	Kikole eki bhikintangia nkpa nali kabbakisia nkpa mindia ali mulema?	minjo nkpa ali na hisibwa ka polisi minjo bandakilyeku ahege esomo kandi minjo nkpa kili na hegesaki kili na hisaki ka musomo kiti balema bakali na hisibwabo binjo	1			Amba	train	6.570048309178744		False	0.2875	False	6.474960752148749	0.9771573604060914	False
01afad16deed014c336c39ed0790a0bc	57814	spontaneous-speech-rwm-57814.mp3	13608	5961	Kikole eki bhikintangia nkpa nali kabbakisia nkpa mindia ali mulema?	Ndie nkikola ali habhula nkpa monjo mindia aka bbakusia mulema toliaki nesi mulema naye andi nkpa mindia agbokiliani bisakiku nguko	1			Amba	train	8.23045267489712		False	0.1171875	False	5.054971861552761	0.6675126903553299	False
0038f5497f9f2af927e533e85ee33985	58560	spontaneous-speech-rwm-58560.mp3	21276	5961	Kikole eki bhikintangia nkpa nali kabbakisia nkpa mindia ali mulema?	Nkpa mindi aka bbakisia mulemi mindia ka ngongwa mbili ndiaki asemelelu  bhamuise ka bilagilo sa gavumenti bhantolie mateka nesi salia bhasemelelu pesiaki nguko sa kusalia ndiaki kasemelelu koliisaku saalia iso bba	1			Amba	train	8.601240834743374		False	0.1800947867298578	False	4.580668365884541	0.40947546531302875	True
06abe4fdd40392815ffcffabe9ccddfd	58760	spontaneous-speech-rwm-58760.mp3	16416	5961	Kikole eki bhikintangia nkpa nali kabbakisia nkpa mindia ali mulema?	Kikikabha kimuyambe kimuyambe andulu nkpa minjo abhebe kulungi nanga kabha nali mulema amudhilillwa kesi na gavumenti amgbeliebe andulu abhebe kulungi	1			Amba	train	7.980019493177387		False	0.22448979591836737	False	4.76814640245251	0.5186125211505922	True
18df01d60d16de159483408584d06424	59179	spontaneous-speech-rwm-59179.mp3	17820	5961	Kikole eki bhikintangia nkpa nali kabbakisia nkpa mindia ali mulema?	Nkpa mindia ali na bulema kabhongi nkpa ambakisie kasita kinyangia nkpa mindia akimbakisia nkpa mindia ali na bula minjo kikinjunana	1			Amba	train	6.341189674523008		False	0.31007751937984496	False	4.8264649099429455	0.5456852791878173	True
ce1fe571c632c175c538f2de6c2f35a4	59399	spontaneous-speech-rwm-59399.mp3	13896	5961	Kikole eki bhikintangia nkpa nali kabbakisia nkpa mindia ali mulema?	Ompabule nkpa njo adhuwe jagalaza nkpa mbhnjo nanga  naye kakabha tolo poni naye aisa aisa aisa kibha mulema	1			Amba	train	6.476683937823834		False	0.1523809523809524	False	6.277884649819611	0.961082910321489	False
e8eb7188dc741f9c8bd1f3b4b922d0b6	59468	spontaneous-speech-rwm-59468.mp3	21888	5961	Kikole eki bhikintangia nkpa nali kabbakisia nkpa mindia ali mulema?	Bhikintangia nkpa nagbei bbakisiaga mulema naye nali ntua kanji ntahi daki minjo kigbokiliani kimuhabhule kimbikise bia bia kintoloie nesi bulema ye mio esimaga nankindhibe toli na bhesu poni kibhi diliagi bulema ka saha ndiokohibi	1			Amba	train	9.046052631578949		False	0.10087719298245612	False	6.497327917589166	0.9788494077834179	False
09bbee7d294906c21ab763ff5ca35ee2	59571	spontaneous-speech-rwm-59571.mp3	4068	5961	Kikole eki bhikintangia nkpa nali kabbakisia nkpa mindia ali mulema?	Sobi poni bba kikibha nikili imamoti nanga naye ali nkpa dhe	1			Amba	train	12.291052114060962		True	0.0	False			False
aff82a045868be1573431402cd4ccddc	59584	spontaneous-speech-rwm-59584.mp3	10800	5961	Kikole eki bhikintangia nkpa nali kabbakisia nkpa mindia ali mulema?	Njo anilemia nanga kikaguzu ki tungi kulungi	1			Amba	train	3.518518518518518		False	0.024390243902439046	False	5.27411065760658	0.7588832487309645	False
2a714f0f48c3450f78b159dbfd6c6c04	59665	spontaneous-speech-rwm-59665.mp3	25776	5961	Kikole eki bhikintangia nkpa nali kabbakisia nkpa mindia ali mulema?	Bhikintangiya nkpa mindiali ka bbakisa nkpa mindi ali mulema kili na isaki ka bhatwa butoki nanga ye nkumi kadhuwa ndiye na kulamala bbaitu abha butoki ndia Mambombi	1			Amba	train	5.392613283674736		False	0.1728395061728395	False	5.6560747303141365	0.8857868020304569	False
01afad16deed014c336c39ed0790a0bc	57417	spontaneous-speech-rwm-57417.mp3	18720	5962	Dini akolibe bhoni ka mulingo nesi bhakpa bhakilolaga ngoya ka Uganda?	Dini akingibe habhula bhakpa nesi bhakilola ngoye ndia ka ka bhakpa  makanga lola ngoye mangbuela bhalole ngoye ndia azambio ndia kakitoka anisa kozo ndiabho nesi aenyafio poni	1			Amba	train	7.959401709401709		False	0.23699421965317924	False	5.163797557486759	0.7123519458544839	False
268635e5ac8169d00be91a407e38d7f4	57547	spontaneous-speech-rwm-57547.mp3	25560	5962	Dini akolibe bhoni ka mulingo nesi bhakpa bhakilolaga ngoya ka Uganda?	Dini asemelelu abhuegese bhakpa ngoku bhasemelelu jwala ngoye mabhonga Kandi ngoye ndia ajambiya anga ka dini kosemelelu jwala ngoye magbutumana kindia bhakpa bhakilika nibhazibi kozo ndiako, ndia kesalo ndia kebhali, dini asemelelu egese bhakpa ka masukulu na ka komyunite nesi bhasemelelu jwala ngoye ndiabho majamba	1			Amba	train	10.719874804381844		False	0.3650793650793651	False	4.209498379610418	0.19543147208121828	True
e8eb7188dc741f9c8bd1f3b4b922d0b6	57585	spontaneous-speech-rwm-57585.mp3	24948	5962	Dini akolibe bhoni ka mulingo nesi bhakpa bhakilolaga ngoya ka Uganda?	Ka uganda dini akoli kasu kima mabhoga nanga zibhoti ngilaiku bhakpa dhani bhakpa kisomo ndia bhakighaga ni bhokiani bha okianagi nibhai kasegesegei ka mujigiti kedha kakanisa bhakitukagaku nali na kisasani ndietolo ndia galigani ka yo dha tulili nai	1			Amba	train	8.537758537758538		False	0.1578947368421053	False	5.392482030373453	0.8071065989847716	False
839194823957ef6cf0af192facc00f2e	57674	spontaneous-speech-rwm-57674.mp3	22968	5962	Dini akolibe bhoni ka mulingo nesi bhakpa bhakilolaga ngoya ka Uganda?	Dini ndia kalibe ndia akolibe nanga sigikilia eti bhakpa ndibha bhakikolaga ngoye injo bhaibi eti ngoye  ndia bhagbei kolai abhongia tini nesi ebho kabhali mindi akiegbeisa dini akilola kulungi mindikegbeisa dini kakilola kulungi nanga sigikilia eti aibi eti kima ndia agbei kolai abhongia	1			Amba	train	10.71055381400209		False	0.3531468531468531	False	3.873492910321137	0.07106598984771574	True
18df01d60d16de159483408584d06424	57944	spontaneous-speech-rwm-57944.mp3	19908	5962	Dini akolibe bhoni ka mulingo nesi bhakpa bhakilolaga ngoya ka Uganda?	Ka uganda bhakulolaga ngoye amabhika sini baitu dini akukulafilia ojwale ngoye ndia abhongio ndia akuhatia kozo ndiako poni ndia ka kuanisa bicweka ndiekina sa kozo	1			Amba	train	7.032348804500703		False	0.13043478260869568	False	5.035394597411948	0.6582064297800339	False
06abe4fdd40392815ffcffabe9ccddfd	57956	spontaneous-speech-rwm-57956.mp3	23328	5962	Dini akolibe bhoni ka mulingo nesi bhakpa bhakilolaga ngoya ka Uganda?	Dini akolibe mulimo sa mbaganiz nanga sigikikia nanga ngoku aya bikisaga bhulemo lemo yalikaga nakibika oyo dulanaga nkpa lika nakinziba ntaidaki kulungi bhaitu dini akibhuabe lika nikikilwanalwana nakibikisabe businge	1			Amba	train	8.144718792866941		False	0.17674418604651165	False	5.402285084737286	0.8104906937394247	False
7b8ce0a081d9ccda7626927c5eec42d2	58556	spontaneous-speech-rwm-58556.mp3	19836	5962	Dini akolibe bhoni ka mulingo nesi bhakpa bhakilolaga ngoya ka Uganda?	Kima ali sa sabiliai sini akuisa bhabhuise ka kisomo bhabhumamikese bhabiseku ngeso jwala ndiabho bhaye ka kitinisa sa bukama bhia bhudhingya bhakozese kalica bhalikaga bhia nkpa bhia bhakpa  ka famile  bhabhusomese bhaniki	1			Amba	train	9.57854406130268		False	0.21818181818181814	False	4.955692029540745	0.6209813874788495	False
ce1fe571c632c175c538f2de6c2f35a4	58572	spontaneous-speech-rwm-58572.mp3	6156	5962	Dini akolibe bhoni ka mulingo nesi bhakpa bhakilolaga ngoya ka Uganda?	Dini kakabhi mini nakibisabe bilagilo mabhonga sa jwala ngoye	1			Amba	train	8.609486679662119		True	0.017241379310344862	False			False
0038f5497f9f2af927e533e85ee33985	59021	spontaneous-speech-rwm-59021.mp3	25596	5962	Dini akolibe bhoni ka mulingo nesi bhakpa bhakilolaga ngoya ka Uganda?	Dini alengibe kola mulingo tolia bhakpa ka lola ngoye ka Yuganda  nakibhusomesa nakolilia ka tebeja bhakpa ndibhetolo bhakeisibeia mindia akiokaga kigambo ndia Mambombi mindia akibha nibha ntebezio nakakabha nibhaliaku bhataghuwa bhaitu akili	0			Amba	train	8.204406938584153		False	0.17991631799163177	False	4.921372548080141	0.6023688663282571	False
09bbee7d294906c21ab763ff5ca35ee2	59122	spontaneous-speech-rwm-59122.mp3	22248	5962	Dini akolibe bhoni ka mulingo nesi bhakpa bhakilolaga ngoya ka Uganda?	Akikiyambaga bhakpa lika nibhateni kandi nibha dhundeli ka mulima nanga nkpa nakakabha ya kola kima ndiekina akili natungi nsala kedha natekelezi eti nyamuhanga aliku dumbi akisungeliaga menjo	1			Amba	train	7.461344839985617		False	0.08465608465608465	False	5.058196126582871	0.6700507614213198	False
2a714f0f48c3450f78b159dbfd6c6c04	59242	spontaneous-speech-rwm-59242.mp3	16056	5962	Dini akolibe bhoni ka mulingo nesi bhakpa bhakilolaga ngoya ka Uganda?	Dini akolibe kima gbolusi ziba eti bhakpa bhakaloli ngoye nibhakianisa kozo ka Yuganda	1			Amba	train	4.608868958644743		False	0.03614457831325302	False	4.881308715540035	0.5769881556683587	True
aff82a045868be1573431402cd4ccddc	59626	spontaneous-speech-rwm-59626.mp3	11340	5962	Dini akolibe bhoni ka mulingo nesi bhakpa bhakilolaga ngoya ka Uganda?	Dini abikisibe ka singe kandi bhakilikaga nibha kikisabilia kandi nobhakisabilia bhembeli ndibhasu bheponi	1			Amba	train	8.289241622574956		False	0.16504854368932043	False	4.271502858461423	0.22165820642978004	True
79c70007d8f4df515b1206bb8d666e7b	57559	spontaneous-speech-rwm-57559.mp3	20268	5963	Okole eki bhabhotuako bhakakubisaku mani kola ngeso zidhi?	Mmm nki nkiyaga ka caci nisaba Yesu Kilisito anibisaku maini bhenjo bhabhotuami kikibhaga nabho kandi bhenjo kikibhaga bhotuabho	1			Amba	train	5.476613380698638		False	0.16800000000000004	False	4.707463757848988	0.48392554991539766	True
839194823957ef6cf0af192facc00f2e	57576	spontaneous-speech-rwm-57576.mp3	24336	5963	Okole eki bhabhotuako bhakakubisaku mani kola ngeso zidhi?	Ndie nikolio bhabhotuami ndia mesiku kola ngeso mazinana dumbi ninkibhubhuabei nanga kima kabhongi guabeti sa bwile poni kilikage nikikikola ngeso mazinana ngeso mazinana dumbi ndie nkikola ninkibhuebhuabei nidhuwe kolangana nabho nanga bhakakabhi eti nibhe na ngeso mabhonga ka bhakpa dumbi ninkibhuebhuabei	1			Amba	train	11.01249178172255		False	0.3868852459016393	False	4.5910542946783846	0.4137055837563452	True
06abe4fdd40392815ffcffabe9ccddfd	57867	spontaneous-speech-rwm-57867.mp3	25128	5963	Okole eki bhabhotuako bhakakubisaku mani kola ngeso zidhi?	nkyebuwa ka group ndia bhenjo ndiba kikolaga bijibu ndia ka bongi nanga sigikilya eti benjo boponi bakubaga niba kakola bijibu ndia enyananagio ndia enyagi njo kesi obutukeku buke andulu one na businge oye wekolilye ka gulupu ndia ko wekaka	1			Amba	train	8.038841133397007		False	0.17721518987341767	False	5.824363763926405	0.9086294416243654	False
18df01d60d16de159483408584d06424	58053	spontaneous-speech-rwm-58053.mp3	18036	5963	Okole eki bhabhotuako bhakakubisaku mani kola ngeso zidhi?	botwako kaku bhisaku mani kola ngeso zidhi oli na komako nanga kima ndiaka bongi koku kopaga oku kopaga kima amabonga nanga kima zidhi kokooa okulujukilyanaga kimui	1			Amba	train	7.706808605012197		False	0.2422360248447205	False	5.605801521568624	0.871404399323181	False
0038f5497f9f2af927e533e85ee33985	58361	spontaneous-speech-rwm-58361.mp3	17568	5963	Okole eki bhabhotuako bhakakubisaku mani kola ngeso zidhi?	Bha bhotuako bhakukubisaku mani kowa ngeso kima ndio okubha nokubala sigikilia nesi newe obhokotiani bhoni obhotuani ka mulingo mabhoni bubhotu aenagi bhoni injo akidhua ndulu sigikilia ngeso ndio okubha nibhupesianio ka bubhotu ndianu 	1			Amba	train	11.555100182149362		False	0.24034334763948495	False	4.9062466108964875	0.5913705583756346	True
ce1fe571c632c175c538f2de6c2f35a4	58421	spontaneous-speech-rwm-58421.mp3	5148	5963	Okole eki bhabhotuako bhakakubisaku mani kola ngeso zidhi?	Otuke ka bhakpa njo andulu obhe nkpa ma bhoga	1			Amba	train	7.187257187257187		True	0.04761904761904767	False			False
268635e5ac8169d00be91a407e38d7f4	58913	spontaneous-speech-rwm-58913.mp3	10188	5963	Okole eki bhabhotuako bhakakubisaku mani kola ngeso zidhi?	Nidhuwa lika nabho deni nidhuwa teliliabho simu ndiabho nanga bhabhi kinitoliaga kima majangaga ukuaka	1			Amba	train	8.73576756968983		False	0.11111111111111116	False	4.812466355209764	0.5380710659898477	True
e8eb7188dc741f9c8bd1f3b4b922d0b6	59253	spontaneous-speech-rwm-59253.mp3	19548	5963	Okole eki bhabhotuako bhakakubisaku mani kola ngeso zidhi?	Bhabhotua bhami bhakinibisaku ngeso zidhi sa bhakanibisaku mani sa kola sa ngeso zidhi ndie nkikola ali moti tedhe zibe eti nibhu kengedhiagia nibhutukebhe bhuke bhukeeni nibhiendilie	1			Amba	train	8.082668303662778		False	0.19444444444444442	False	5.402529054289591	0.811336717428088	False
2a714f0f48c3450f78b159dbfd6c6c04	59285	spontaneous-speech-rwm-59285.mp3	21240	5963	Okole eki bhabhotuako bhakakubisaku mani kola ngeso zidhi?	Bhabhotwami bhaka nibisabe mani eti nikole sa ngeso zidhi nikibhuebhuwabei andulu bhaye ne ndiabho na kila zinanami	1			Amba	train	4.6610169491525415		False	0.0357142857142857	False	5.626777013225761	0.8790186125211505	False
7b8ce0a081d9ccda7626927c5eec42d2	59299	spontaneous-speech-rwm-59299.mp3	20016	5963	Okole eki bhabhotuako bhakakubisaku mani kola ngeso zidhi?	Kibhuebhuabeia ndia kebhali  kidhua kolagana ndia bhgbei kolai ndia kesalo nkibhu lepotinga ka bhakpa bhia gavumenti ndia keini nkiziba eti nkitandika lika nekaka ndia ketano nkpa apasu kubhueluliabe bhakpa ndia bhakakolai andiki	1			Amba	train	9.84212629896083		False	0.23451327433628322	False	4.28864801978653	0.23181049069373943	True
aff82a045868be1573431402cd4ccddc	59704	spontaneous-speech-rwm-59704.mp3	17460	5963	Okole eki bhabhotuako bhakakubisaku mani kola ngeso zidhi?	Menjo bakpa benjo nkidhuwa lika nabho andulu badhuwe peaiyami magezi sa luza ngongwambili ndiasu nkilika na bakpa ndibakino pesiya magezi mabonga	1			Amba	train	7.159221076746849		False	0.1338028169014085	False	4.649368209191626	0.4416243654822335	True
09bbee7d294906c21ab763ff5ca35ee2	59719	spontaneous-speech-rwm-59719.mp3	18180	5963	Okole eki bhabhotuako bhakakubisaku mani kola ngeso zidhi?	menjo okuyaga nokubuheka nomesi hekabo obutoliye obusomesa otini ba bukusemelelu kola biyo oyo oselelu kola biyo dumbi nkpa nomwegisi binjo dumbi akidhuwaga kola kima sa luzu luzu	1			Amba	train	8.415841584158416		False	0.18181818181818177	False	6.000704696898301	0.937394247038917	False
2a714f0f48c3450f78b159dbfd6c6c04	57322	spontaneous-speech-rwm-57322.mp3	20448	5964	Kikibhuyamba bhoni bhakpa ndibhakali na mikia kima poni ka ngonguambili ndiasu?	 Bhakpa ndibha bhakali na mikia kima poni ka ngongwa mbili ndiasu kili na yambabho kibhupa mulimo nikikibhusasula mikia senten kedha nikikipuseia mikia sente ndia bhakilika sumbaku mika lileli nanga bhakali na nesi bhakisobola  kweyamba 	1			Amba	train	9.82981220657277		False	0.2222222222222222	False	3.89611128153917	0.07698815566835872	True
e8eb7188dc741f9c8bd1f3b4b922d0b6	57421	spontaneous-speech-rwm-57421.mp3	29160	5964	Kikibhuyamba bhoni bhakpa ndibhakali na mikia kima poni ka ngonguambili ndiasu?	Kayamba bakpa ndibakali nankya kima poni ka ngongwambili ndiasu ali ziba eti kiteketi kwekumesa bya bakpa menga dumbi kibukidhebe kiyonge nabo kahanula njo bakiroliye poni poni ndyabakikaba tolino dumbi nabhesu kitodhe kisikiyeku kiye kyelilikane andiki ndyekiki toka kidisabobhe	1			Amba	train	8.299039780521262		False	0.13043478260869568	False	5.777648960721344	0.9035532994923858	False
839194823957ef6cf0af192facc00f2e	57635	spontaneous-speech-rwm-57635.mp3	23400	5964	Kikibhuyamba bhoni bhakpa ndibhakali na mikia kima poni ka ngonguambili ndiasu?	Bhakpa injo kikibhuyambaga ka ka gia eti bhagodhe ka bitebe bhakamesia injo kikibhuyambiliaga kau kumesiliagabho bhanikia sente nibhakisubuza andulu nabho bhaduwe ka kola sa  kwemeisa mindia akibha ndia kali na ntekeleza sa gia eti akwemeisa  ali guaki bhaitu bhesu kikibhugohisaga bitebe	1			Amba	train	10.512820512820513		False	0.24912280701754386	False	4.512131580906442	0.3553299492385787	True
18df01d60d16de159483408584d06424	58126	spontaneous-speech-rwm-58126.mp3	25776	5964	Kikibhuyamba bhoni bhakpa ndibhakali na mikia kima poni ka ngonguambili ndiasu?	Bkapa ndibha kali na mikia kima poni ka ngongwa mbili kikibhuyamba na pabho mikia kima poni ndie kikumesio sa doisabhobe zibe eti nabho bhebheisibei tabhi bhkaikulu ndibha bhakali na mulingo sa kola kili na pabho mikia sabbinuni zibe eti nabho bhebheisibei 	1			Amba	train	8.379888268156424		False	0.3031496062992126	False	4.697670200618864	0.47715736040609136	True
ce1fe571c632c175c538f2de6c2f35a4	58308	spontaneous-speech-rwm-58308.mp3	15516	5964	Kikibhuyamba bhoni bhakpa ndibhakali na mikia kima poni ka ngonguambili ndiasu?	Kibisebe kusalia mabhonga na gavumenti ndiasu abisebe libho mabhonga sa kozesa ka milimo ndiabho 	1			Amba	train	5.349316834235628		False	0.17021276595744683	False	4.16997145494897	0.1785109983079526	True
7b8ce0a081d9ccda7626927c5eec42d2	58347	spontaneous-speech-rwm-58347.mp3	24048	5964	Kikibhuyamba bhoni bhakpa ndibhakali na mikia kima poni ka ngonguambili ndiasu?	Bhakpa ndibha bhakali na kima poni ka ngongwa mbili kili na ziba ngu kibhupesi magezi sa kwetungilia mikia sente gumbanisabho ziba ngu bhekoliku mulimo sa ziba ngu bhatandiki kola subula na gunmba kima ndia akibikisa sente bhia koko mwani neyo ndia akiya ka mumaiso ndietolo bhakpa ndibha bhakali na kima kibhusomese sa kolai	1			Amba	train	11.352295409181636		False	0.25465838509316774	False	4.104839968360997	0.14890016920473773	True
268635e5ac8169d00be91a407e38d7f4	58558	spontaneous-speech-rwm-58558.mp3	17208	5964	Kikibhuyamba bhoni bhakpa ndibhakali na mikia kima poni ka ngonguambili ndiasu?	Kisemeleli kibisagabe tolo kizibu eti kisolozi  kima ka bhakpa ndibha bhakali na kima poni ka mbili ndiabhesu andulu kima tai injo bhia ngoye, lieli asobhile yambabho ka inji ndiabho bhakpa bhenjo	1			Amba	train	9.588563458856346		False	0.15544041450777202	False	4.034374626981746	0.11590524534686972	True
0038f5497f9f2af927e533e85ee33985	59056	spontaneous-speech-rwm-59056.mp3	17388	5964	Kikibhuyamba bhoni bhakpa ndibhakali na mikia kima poni ka ngonguambili ndiasu?	Yamba bhakpa ndibha bhakali na mikia kima ka ngogwa bili poni adi lika nikubhupa mikia kima opesia mulimo kasita abha nalinamani akolebhe kako naye atugebe silingi bitano saliyai na famile ndiaki andi pesiabho milimo kabha nali namani sa kolai	1			Amba	train	11.789740050609614		False	0.15833333333333333	False	5.118604274714904	0.6937394247038917	False
09bbee7d294906c21ab763ff5ca35ee2	59373	spontaneous-speech-rwm-59373.mp3	12420	5964	Kikibhuyamba bhoni bhakpa ndibhakali na mikia kima poni ka ngonguambili ndiasu?	Batwa dini basemelelu yamba mkpa niba njibhiti kali na kima poni so noli na mulima sa dini bumuyambi bijo dumbi abe kulungi	1			Amba	train	8.21256038647343		False	0.09166666666666667	False	5.4429372241566245	0.8282571912013537	False
14482a129cdad77b883cf44ab8ee2666	59576	spontaneous-speech-rwm-59576.mp3	28800	5964	Kikibhuyamba bhoni bhakpa ndibhakali na mikia kima poni ka ngonguambili ndiasu?	Likaga imamoti pesiya lyaga ntaidako  ngoye pesiya makulu kandi na divaizi na kola mulimo ka gulupu na na	1			Amba	train	3.020833333333333		False	0.08823529411764708	False	5.056875491831091	0.6683587140439933	False
e8eb7188dc741f9c8bd1f3b4b922d0b6	57723	spontaneous-speech-rwm-57723.mp3	25596	5965	Ali mikia mulimo tina sa kasinge ndiekikitoka kolai imamoti ka ngonguambili ndiasu?	Mikia mulimo sa kasinge ndie kiki toka kolai nikili imamoti ka ngongwa mbili ndiasu ali sa ziba mikia nfudhe mbba ki dia kasamili alio kedha ndia abali huisai nali bhia mikia humbu sie injo kizibe eti kitelulagi mufulega kitegulage  kibhidiaga gbemgbu gbembua ngudhe injo	1			Amba	train	8.868573214564776		False	0.12686567164179108	False	5.665445422709306	0.8874788494077834	False
79c70007d8f4df515b1206bb8d666e7b	58045	spontaneous-speech-rwm-58045.mp3	22320	5965	Ali mikia mulimo tina sa kasinge ndiekikitoka kolai imamoti ka ngonguambili ndiasu?	Kikitoka bhasu bhalimi kandi kibhe na bhakpa bhamabhika ka mulimo yoho kandi kikitoka sumbesa kima tabhi bulasirm libho na limi ndiasu	1			Amba	train	5.10752688172043		False	0.15267175572519087	False	4.2498316641513085	0.21235194585448391	True
0038f5497f9f2af927e533e85ee33985	58049	spontaneous-speech-rwm-58049.mp3	18540	5965	Ali mikia mulimo tina sa kasinge ndiekikitoka kolai imamoti ka ngonguambili ndiasu?	Moti mulimo ndie kitoka kolai imamoti ka ngongwa mbili ali kilimba pesiana kilimba sa kola pesiana kilimba sa sente deni bitebe ma kwelungananisa mamoti injo andulu ndio okusobola kolai mamoti ka ngongwa mbili 	1			Amba	train	9.546925566343042		False	0.2946859903381642	False	3.930405250582524	0.08544839255499154	True
2a714f0f48c3450f78b159dbfd6c6c04	58091	spontaneous-speech-rwm-58091.mp3	34488	5965	Ali mikia mulimo tina sa kasinge ndiekikitoka kolai imamoti ka ngonguambili ndiasu?	Ka ngongwa mbili ndiasu mikia mulimo ndie kikitoka kolai ka kasinge ali sa.kwekolaku mulimo sa gbeisana kola bhia CD kedha pesiana kilimba nanga injo andi mulimo ndia kaliku toko poni poni bhukuikilaniza mikia nulimo injo bhukukolaga kulungi	1			Amba	train	5.9440964973324055		True	0.16806722689075626	False			False
839194823957ef6cf0af192facc00f2e	58173	spontaneous-speech-rwm-58173.mp3	19008	5965	Ali mikia mulimo tina sa kasinge ndiekikitoka kolai imamoti ka ngonguambili ndiasu?	Kalibe mulimo ndiekina ndie kikitoka gia eti kikikola ka ngonguwa mbili ndiasu ndiakali sa gba nsuka buli kilo yasu ka mabhili ya kola andulu injo mulimo ndie kikitoka.	1			Amba	train	7.417929292929293		False	0.18787878787878787	False	3.9938391509400284	0.10406091370558376	True
268635e5ac8169d00be91a407e38d7f4	58431	spontaneous-speech-rwm-58431.mp3	12960	5965	Ali mikia mulimo tina sa kasinge ndiekikitoka kolai imamoti ka ngonguambili ndiasu?	Ali zibe eti kibhuwage tolo moti ka sungi kigubage gbutuamili ka kyalo ndia bhesu andulu kibhundilie buhanganuwa sa kyalo ndiabhesu injo	1			Amba	train	8.950617283950617		False	0.15037593984962405	False	4.511889260625516	0.3544839255499154	True
06abe4fdd40392815ffcffabe9ccddfd	58665	spontaneous-speech-rwm-58665.mp3	18216	5965	Ali mikia mulimo tina sa kasinge ndiekikitoka kolai imamoti ka ngonguambili ndiasu?	Ali lika nikikodha bhanikia koko ndia bhesu nikigia eti kilunganise kikolilie imamoti ka gulupu ka kyalo kenjo	1			Amba	train	5.160298638559508		False	0.06542056074766356	False	4.3649088234354805	0.2707275803722504	True
01afad16deed014c336c39ed0790a0bc	58852	spontaneous-speech-rwm-58852.mp3	11916	5965	Ali mikia mulimo tina sa kasinge ndiekikitoka kolai imamoti ka ngonguambili ndiasu?	Andi dema nesio andi demeiga kindia bhukunueliaga libho ka mbungu injo ali mulimo ntdio bhukutoka kolai ka kasinge	1			Amba	train	8.140315542128231		False	0.08108108108108103	False	5.426111831317745	0.8197969543147208	False
09bbee7d294906c21ab763ff5ca35ee2	59348	spontaneous-speech-rwm-59348.mp3	10476	5965	Ali mikia mulimo tina sa kasinge ndiekikitoka kolai imamoti ka ngonguambili ndiasu?	Sa businge ndia kakitoka kola ka sa ka ngongwa mbili nemi nizibi ali dini nanga dini akibhaga sa businge 	1			Amba	train	8.209240168003054		False	0.1470588235294118	False	4.7492961637802615	0.505922165820643	True
ce1fe571c632c175c538f2de6c2f35a4	59356	spontaneous-speech-rwm-59356.mp3	14076	5965	Ali mikia mulimo tina sa kasinge ndiekikitoka kolai imamoti ka ngonguambili ndiasu?	alibe bhongisa nesiyo bhongisa tapu na bhongisa mwanya sya lamizo	1			Amba	train	3.978402955385053		False	0.22580645161290325	False	5.967035792329934	0.9348561759729273	False
18df01d60d16de159483408584d06424	59362	spontaneous-speech-rwm-59362.mp3	20448	5965	Ali mikia mulimo tina sa kasinge ndiekikitoka kolai imamoti ka ngonguambili ndiasu?	Mulimo sa kasinge ndie kikitoka kolai ka ngongwabili ndiasu ali likasu nikili bayonjo ansulu ndwala ndia kibhikiliaga ka makanga kweyonja kala kiki lumba	1			Amba	train	6.406494522691705		False	0.10666666666666669	False	4.2073511159621715	0.19289340101522842	True
aff82a045868be1573431402cd4ccddc	59621	spontaneous-speech-rwm-59621.mp3	17100	5965	Ali mikia mulimo tina sa kasinge ndiekikitoka kolai imamoti ka ngonguambili ndiasu?	Kalibe mulimo poni ndie kikitoka  kolai  kabha nalibe kasinge bba mulimo poni kabha nalibe kasinge nkikola	1			Amba	train	5.204678362573099		False	0.3203883495145631	False	3.9695027396985854	0.09644670050761421	True
0038f5497f9f2af927e533e85ee33985	57515	spontaneous-speech-rwm-57515.mp3	26820	5966	Ali sa mugaso nangeki dhuwa lika hombisaga bhanikia kima ndiasu?	Ali sa mugaso dhua ombisaga bhanikia kima ndiasu nesi kala nesi ingbe  yabhio kala  nkpa yahombasaga sati ojoke eti atulili kuwo kandi atukaku na ndwala nanga endindi buli nkpa ali kulungi dhani bigambo sa  ombisanaga sini sini dhani akaya kehai endindi sio vhakpa bhali kulungi ombisanaga kima injo dhani akehiya	1			Amba	train	9.731543624161072		False	0.24193548387096775	False	5.765354981335614	0.9010152284263959	False
06abe4fdd40392815ffcffabe9ccddfd	57586	spontaneous-speech-rwm-57586.mp3	23688	5966	Ali sa mugaso nangeki dhuwa lika hombisaga bhanikia kima ndiasu?	Injo akitukiliaga ka bhaniki ngoku bhagbei talabanizasu nanga bhakikabhaga kima sa kpua ntobha kandi kekabhe nabhongi oiyoho ali likiliabho andulu kilike nikilia kibhuegesa andulu bhadhuwe kima sa kpua ntobha	1			Amba	train	7.598784194528876		False	0.20487804878048776	False	4.5069246075882266	0.35109983079526225	True
01afad16deed014c336c39ed0790a0bc	57790	spontaneous-speech-rwm-57790.mp3	15228	5966	Ali sa mugaso nangeki dhuwa lika hombisaga bhanikia kima ndiasu?	Ali mugaso nanga bhaniki okubha nokahabhulabho kwekolilya ndyabho kandi ndyabhakayeli kandi ndyabhakesigi ndyabakpa bhambgeku nanga bhakadoimbe ka myaka sa bga kima ndia mkpa mbeku abgeyo	1			Amba	train	10.703966377725244		False	0.20108695652173914	False	5.415442784880671	0.8155668358714044	False
839194823957ef6cf0af192facc00f2e	57829	spontaneous-speech-rwm-57829.mp3	23436	5966	Ali sa mugaso nangeki dhuwa lika hombisaga bhanikia kima ndiasu?	ba nkpa bukumesiya bukunubusaku bwesighibuwa akibaga nibuni pesi bwebembeji giye eti buli kima uponi ndianu nilike ninki tekanija ndiakalibe giya nti nkitelebanija andula ndia duwa nibukunibisaku bwesighibuwa njo sigikilya stu niki mwebembeji mindianu mulungi andulu njo	1			Amba	train	10.027308414405187		False	0.19475655430711614	False	6.014442333995649	0.9382402707275804	False
79c70007d8f4df515b1206bb8d666e7b	58160	spontaneous-speech-rwm-58160.mp3	18036	5966	Ali sa mugaso nangeki dhuwa lika hombisaga bhanikia kima ndiasu?	Ndwali kanombisagi bhanikia kima ndiasu akidhuwaga bhakpa bhakwekengelia kima ndio kukolaga nanga kibha kibhaga nibhakukengi kima ndio kukolaga bba.	1			Amba	train	7.207806609004213		False	0.2827586206896552	False	3.7817514166304282	0.04314720812182741	True
18df01d60d16de159483408584d06424	58368	spontaneous-speech-rwm-58368.mp3	18648	5966	Ali sa mugaso nangeki dhuwa lika hombisaga bhanikia kima ndiasu?	Mugaso ndia ali kadhua ombisaga kima ndiasu alinkugu kima injo kili na bhundiliai nkpan mindio omwombisi kima kakigbaga nanasi gokunuwebokugbaga akliluzukanaga bwamgu	1			Amba	train	7.775632775632776		False	0.09815950920245398	False	5.497430571535364	0.8460236886632826	False
09bbee7d294906c21ab763ff5ca35ee2	58772	spontaneous-speech-rwm-58772.mp3	8640	5966	Ali sa mugaso nangeki dhuwa lika hombisaga bhanikia kima ndiasu?	Kakaba eti nabo bagbatikane andulu ndiekikicuwagaku eti ba nabo kibubhonbisebhe	1			Amba	train	8.101851851851851		False	0.06578947368421051	False	6.6828680243602	0.9864636209813875	False
e8eb7188dc741f9c8bd1f3b4b922d0b6	58801	spontaneous-speech-rwm-58801.mp3	26388	5966	Ali sa mugaso nangeki dhuwa lika hombisaga bhanikia kima ndiasu?	Ndia ali sa mugaso ka lika sa   dhuwa  lika ombisanaga kima ndiasu moti kima  injo kima injo kabhulilianiku kubhotu akikuwa ndiq kebhali abhe luganda abhe bhukilo akisia naku	1			Amba	train	5.419129907533727		False	0.13450292397660824	False	4.988115888829564	0.637901861252115	False
ce1fe571c632c175c538f2de6c2f35a4	58885	spontaneous-speech-rwm-58885.mp3	4788	5966	Ali sa mugaso nangeki dhuwa lika hombisaga bhanikia kima ndiasu?	Akulujaga kima kikikojesaga ka milimo ndiasu	0			Amba	train	8.145363408521304		True	0.07317073170731703	False			False
14482a129cdad77b883cf44ab8ee2666	58965	spontaneous-speech-rwm-58965.mp3	18576	5966	Ali sa mugaso nangeki dhuwa lika hombisaga bhanikia kima ndiasu?	Ali na mugaso mamadha na na likaga na  bisaga bhaniki ka kima na gbeina na ntula ndiasu kima ndiasu kima  poni	1			Amba	train	4.7372954349698535		False	0.25233644859813087	False	3.7295234711472203	0.030456852791878174	True
aff82a045868be1573431402cd4ccddc	59067	spontaneous-speech-rwm-59067.mp3	24696	5966	Ali sa mugaso nangeki dhuwa lika hombisaga bhanikia kima ndiasu?	Bhanikia kima kuti kuti sa ambisaga kima injo injo ka ka  kakikutisaga bhaniki kedha nkpa poni so injo ali kima zidhi lika nokweyqmbisaga bhanikia kima so obhanganu oambe kima ndia akisobola kutisa bhakpa	1			Amba	train	6.924198250728862		False	0.2786069651741293	False	4.454949086432661	0.3189509306260575	True
2a714f0f48c3450f78b159dbfd6c6c04	59587	spontaneous-speech-rwm-59587.mp3	17640	5966	Ali sa mugaso nangeki dhuwa lika hombisaga bhanikia kima ndiasu?	Ali sa mugaso dhua ombisaga bhanikia kima ndiasu nanga ka ombisaga kima injo ndietolo akibhuliliagaku	1			Amba	train	4.931972789115646		False	0.1428571428571429	False	3.784180922370201	0.04483925549915398	True
2a714f0f48c3450f78b159dbfd6c6c04	57344	spontaneous-speech-rwm-57344.mp3	23508	5967	Ndia akidhuwa bhazongobhabhwegesebe Kabhondo ka ngonguambili ndiasu andiki?	Ndia akidhuaga bhazongo bhabhuegesabe ka ndwali sa kabhondo ali eti bhazongo injo sini sini bhakilianaga ndiabho bhesu bhakpa bhangbeku nikibhuzibagi	1			Amba	train	5.530032329419773		False	0.15068493150684936	False	3.995306972466446	0.10490693739424704	True
14482a129cdad77b883cf44ab8ee2666	57605	spontaneous-speech-rwm-57605.mp3	32328	5967	Ndia akidhuwa bhazongobhabhwegesebe Kabhondo ka ngonguambili ndiasu andiki?	Kabhondo ali ndwali kabongi ba nkikaba bazongo begese bakpa baniki baluku basikankali badhuwe siya siyana nanga kabhondo akiyolaga bakpa	1			Amba	train	3.6500866122246967		False	0.13533834586466165	False	5.87859294737022	0.9187817258883249	False
09bbee7d294906c21ab763ff5ca35ee2	57865	spontaneous-speech-rwm-57865.mp3	18720	5967	Ndia akidhuwa bhazongobhabhwegesebe Kabhondo ka ngonguambili ndiasu andiki?	Ka ngongwa mbili kwetantala bulwaye  sa kabhondo ali kozesa kondomu na  sikaki aye bhuye naye  haye bhankebele andulu kima bhuzibe ngu bhuli kulungi	1			Amba	train	6.570512820512821		False	0.08275862068965523	False	5.039493113577835	0.6598984771573604	False
ce1fe571c632c175c538f2de6c2f35a4	58504	spontaneous-speech-rwm-58504.mp3	7668	5967	Ndia akidhuwa bhazongobhabhwegesebe Kabhondo ka ngonguambili ndiasu andiki?	Somesa ndia akukingiliia ndwali sa kabhondo ka bhajongo	1			Amba	train	6.259780907668231		True	0.019230769230769273	False			False
0038f5497f9f2af927e533e85ee33985	58551	spontaneous-speech-rwm-58551.mp3	21780	5967	Ndia akidhuwa bhazongobhabhwegesebe Kabhondo ka ngonguambili ndiasu andiki?	Ndyakidhuwaga bhabhuwegisa bhazongo ndwali sya kanbhondo nanga bazongo andibho sini sini ndibhalya ni bhagonzi nsi bhakaibhi nsi ndyabgbei yai atukimani bhabhuwegese bhelinde andulu bhadhakiye Tolo bhali ka nsi dya mambombi	1			Amba	train	8.907254361799815		False	0.15909090909090906	False	5.562420646344375	0.862098138747885	False
01afad16deed014c336c39ed0790a0bc	58599	spontaneous-speech-rwm-58599.mp3	8856	5967	Ndia akidhuwa bhazongobhabhwegesebe Kabhondo ka ngonguambili ndiasu andiki?	Andulu bhajogo bhatoke kwegedia  ndwali sa kabhondo ka ngongwa mbili ndiasu	1			Amba	train	7.226738934056008		False	0.01388888888888884	False	4.236156182860311	0.20473773265651438	True
79c70007d8f4df515b1206bb8d666e7b	58615	spontaneous-speech-rwm-58615.mp3	17208	5967	Ndia akidhuwa bhazongobhabhwegesebe Kabhondo ka ngonguambili ndiasu andiki?	bakibuhegesaga nanga kibabahali batunge bizibu ndia tungai dumbi bakuwe nanga kabhondo aki bu holaga bakpa ja nsi yoho	1			Amba	train	5.869363086936308		False	0.07826086956521738	False	5.011229474792191	0.6505922165820643	False
268635e5ac8169d00be91a407e38d7f4	58849	spontaneous-speech-rwm-58849.mp3	18648	5967	Ndia akidhuwa bhazongobhabhwegesebe Kabhondo ka ngonguambili ndiasu andiki?	Ali jiba eti  bhajongo bhatandiki ibhililiya eti ndwali sa kabhondo akiolaga bhatandike kozesa kondomu bhatandiki dhuwa lika nibjakisiya- siyana na buli nkali wena mindia bandulani ka ngongwa mbili ndiasu	1			Amba	train	9.384384384384385		False	0.1393034825870647	False	4.835309899326403	0.5516074450084603	True
aff82a045868be1573431402cd4ccddc	59006	spontaneous-speech-rwm-59006.mp3	18576	5967	Ndia akidhuwa bhazongobhabhwegesebe Kabhondo ka ngonguambili ndiasu andiki?	Akibhagabe egesa bhajongo ka ndwali sa sa kabhondo nanga ali bulwaye sa swekesa bhakpa obundi sa swekesa bhajongo bhakibhuegesaga bhati bhelinde andulu bhalakilwala ndwali sa kabhondo 	1			Amba	train	8.505598621877692		False	0.2928176795580111	False	4.935111262467929	0.6091370558375635	False
839194823957ef6cf0af192facc00f2e	59197	spontaneous-speech-rwm-59197.mp3	21888	5967	Ndia akidhuwa bhazongobhabhwegesebe Kabhondo ka ngonguambili ndiasu andiki?	Nanga ali sigikilia eti buli nkpa akibhga na ngeso ndiaki buli nkpa akibhaga na bomba ndiaki ka kicweka uwe neso ombombisi mindiako miki kandulu nesi miyo ambombisi mindiaki ati injo akidhuaga ndulu otakana ngu  heponi bhalenyanagi ngeso ka kicweka	1			Amba	train	9.54861111111111		False	0.273469387755102	False	4.564570537049166	0.3934010152284264	True
18df01d60d16de159483408584d06424	59270	spontaneous-speech-rwm-59270.mp3	20520	5967	Ndia akidhuwa bhazongobhabhwegesebe Kabhondo ka ngonguambili ndiasu andiki?	Ndia akidhua bhajongo bhe nibhakibhuegesabe ka ndwali sa kabhondo ka ngongwa mbili ali eti bhajongo bhasemelelu bhebhundilie zibe eti ndwali yoho kabhugbei andulu bhatunge bwomezi ndia abhongio ndia namusa	1			Amba	train	8.625730994152047		False	0.1732673267326733	False	3.9461385807316023	0.08798646362098139	True
e8eb7188dc741f9c8bd1f3b4b922d0b6	59398	spontaneous-speech-rwm-59398.mp3	21168	5967	Ndia akidhuwa bhazongobhabhwegesebe Kabhondo ka ngonguambili ndiasu andiki?	Ndia akidhuwa nibhakibhuegesa bhazongo ka ngongwa mbili ndiasu ka kima ndia agbananibe ka ndwali sa kabhondo ali eti menjo alika kindia miki akibomba naibi kima mujangu ndia ali ka ndwali injo nesi na ndwali ali kima sa bhuoli	1			Amba	train	8.928571428571429		False	0.22869955156950672	False	4.038255035180806	0.11844331641285956	True
7b8ce0a081d9ccda7626927c5eec42d2	59501	spontaneous-speech-rwm-59501.mp3	19188	5967	Ndia akidhuwa bhazongobhabhwegesebe Kabhondo ka ngonguambili ndiasu andiki?	Bhakyajanbisaga ka huma bwomezi bhakyajanjabisaga jiba ngu kala kibhugba bakpa bamamadha bhakyajanjabisaga jibha ngu kicweka alike natekani bhakyajanjabisaga jiba ngu bakpa bakole milomo ndiabho ndia bhakali na kizibu poni bhakyajanjabisaga jibangu bhakakabhi bulwaye injio bikai na bikisa ndietolo	1			Amba	train	13.602251407129456		False	0.3525423728813559	False	4.482717621064183	0.33417935702199664	True
0038f5497f9f2af927e533e85ee33985	58120	spontaneous-speech-rwm-58120.mp3	25668	5968	Ka Ugada bhakiegesa bhoni sa nguko kowa muzongoabhaniki ka sukulu na inji?	Endindi ka Yuganda bhakiegesa bhoni sa nguko kowa muzongo  bhaniki na ka sukulu na inji ali subha bhaniki bhazongo bhakiepesia kitinisa pesia bhangbekuabho kitinisa bhali na bhabho na ngeso kikulu ali ngeso	1			Amba	train	6.778868630201028		False	0.26108374384236455	False	4.616130573102861	0.42554991539763115	True
06abe4fdd40392815ffcffabe9ccddfd	58296	spontaneous-speech-rwm-58296.mp3	12168	5968	Ka Ugada bhakiegesa bhoni sa nguko kowa muzongoabhaniki ka sukulu na inji?	Injo ali ntwalikaniya ndia ka gavumenti andulu ndia akidhuwaga bhaniki ndibha ka sukulu bhabha kulungi	1			Amba	train	7.232084155161077		False	0.11111111111111116	False	3.121842251758321	0.001692047377326565	True
839194823957ef6cf0af192facc00f2e	58553	spontaneous-speech-rwm-58553.mp3	20448	5968	Ka Ugada bhakiegesa bhoni sa nguko kowa muzongoabhaniki ka sukulu na inji?	Ali sigikilia eti bwile ndio okudhakia nolikagi kandi ndio kokugila andulu ndia akidhuwaga inja akujigidhilia sini ka sukulu ati bwile ndia bhabha nibhanisibe gia eti bhaniki bhaliagage ka sukulu kima injo abhuyamba sini sini na bwile injo bhabha nibha bisibe kweyamba ka sukulu menjo	1			Amba	train	11.785993740219093		False	0.2846975088967971	False	4.011545404336683	0.11082910321489002	True
01afad16deed014c336c39ed0790a0bc	58688	spontaneous-speech-rwm-58688.mp3	25236	5968	Ka Ugada bhakiegesa bhoni sa nguko kowa muzongoabhaniki ka sukulu na inji?	Kibhuegesaga bhaniki ka sukulu sa nguko na ka inji ati bhaniki bha bha bhadhote keiso bhangbeku bhaniki bhadhote keisoa bhani bhabhokoti ndibhabho dumbi bhatandika sosolia miki mindia akibha nali na ngeso ndia kabhongi ka bhadaki	1			Amba	train	7.727056585829767		False	0.2831858407079646	False	4.0652999590486045	0.1353637901861252	True
268635e5ac8169d00be91a407e38d7f4	58737	spontaneous-speech-rwm-58737.mp3	20268	5968	Ka Ugada bhakiegesa bhoni sa nguko kowa muzongoabhaniki ka sukulu na inji?	Nka ali mazima ka sukulu na ka inji bhakiegesagaku muzano ndia bhaniki musango musango sa bhaniki injo bhakiegesagaku kandi injo akiyambaga bhaniki bhalika nibhetantali kola kima maluzukana ka inji na ka sukulu 	1			Amba	train	8.831655812117624		False	0.3076923076923077	False	4.202821672200169	0.19120135363790186	True
ce1fe571c632c175c538f2de6c2f35a4	59416	spontaneous-speech-rwm-59416.mp3	4716	5968	Ka Ugada bhakiegesa bhoni sa nguko kowa muzongoabhaniki ka sukulu na inji?	Bhapesie kitie andie ali salia mindiabho	1			Amba	train	7.421543681085666		True	0.027027027027026973	False			False
18df01d60d16de159483408584d06424	59530	spontaneous-speech-rwm-59530.mp3	20988	5968	Ka Ugada bhakiegesa bhoni sa nguko kowa muzongoabhaniki ka sukulu na inji?	Bhali na sindika bhakpa ka ngonguwa mbili bhabhubisi kisomo sa egesabho andulu nabho bhatoke kwetegeleza nangoku nkpa abhongi kweisa.	1			Amba	train	5.479321517057366		False	0.05384615384615388	False	4.121270096904701	0.15313028764805414	True
09bbee7d294906c21ab763ff5ca35ee2	59656	spontaneous-speech-rwm-59656.mp3	8388	5968	Ka Ugada bhakiegesa bhoni sa nguko kowa muzongoabhaniki ka sukulu na inji?	Egesa bhaniki eti bhalike nibhetantali deni bhabhundilie kulungi ndabho ndiabho andulu ndia bhakibhuegesaga bhinjo	1			Amba	train	12.041010968049594		False	0.09909909909909909	False	3.7782562884307014	0.04145516074450085	True
14482a129cdad77b883cf44ab8ee2666	59666	spontaneous-speech-rwm-59666.mp3	19008	5968	Ka Ugada bhakiegesa bhoni sa nguko kowa muzongoabhaniki ka sukulu na inji?	Bhaniki bhenjo ka Uganda mehe pesiana nguko akikabha bhakiegese tolo moti moti ka sukulu na bhakibisaku dini bhakigiagaku scripture union bhakiega.	1			Amba	train	6.681397306397307		False	0.125	False	4.433033143214498	0.3062605752961083	True
2a714f0f48c3450f78b159dbfd6c6c04	57552	spontaneous-speech-rwm-57552.mp3	19116	5969	Kikitoka kola eki kehisa kozo ndiasu lika nalumbi zidhi?	Kikitoka keisa kojo ndiasu lika  nalumbi nikikioga poni nikikioga sabuni kedha na libho mazunga 	1			Amba	train	4.237288135593221		False	0.09677419354838712	False	5.164162528842329	0.7131979695431472	False
268635e5ac8169d00be91a407e38d7f4	57698	spontaneous-speech-rwm-57698.mp3	20016	5969	Kikitoka kola eki kehisa kozo ndiasu lika nalumbi zidhi?	Ndia kokubanja kisemelelu kiogage buli kilo andulu kidhuwe lumbasu ndia kebhali kisemelelu kijwalage ngoye ndia aukia ndia kali na bulofu ndia kesalo kisemelelu kibe ngu buyonjo ali kima sa mani	1			Amba	train	8.243405275779375		False	0.25130890052356025	False	4.514459627988106	0.3595600676818951	True
79c70007d8f4df515b1206bb8d666e7b	58032	spontaneous-speech-rwm-58032.mp3	18648	5969	Kikitoka kola eki kehisa kozo ndiasu lika nalumbi zidhi?	Kikitoka nabasu na sabbunu kandi kietile sini kandi kitodhe kisumbebe ndia bhakietaga pafumu ndie kikibisa ka mubili diasu dumbi kilumbe kulungi	1			Amba	train	6.64950664950665		False	0.09219858156028371	False	5.4323834504153785	0.8240270727580372	False
839194823957ef6cf0af192facc00f2e	58098	spontaneous-speech-rwm-58098.mp3	24948	5969	Kikitoka kola eki kehisa kozo ndiasu lika nalumbi zidhi?	Ali gia eti tekaniza kozo ndiako odhuwe yako ka bijuma sa gavumenti kali lika okumedha medha bijuma bhakusinde eti nawe okukabha nyetako	1			Amba	train	4.6095879429212765		False	0.09774436090225569	False	5.6861333683436515	0.8900169204737732	False
01afad16deed014c336c39ed0790a0bc	58250	spontaneous-speech-rwm-58250.mp3	10296	5969	Kikitoka kola eki kehisa kozo ndiasu lika nalumbi zidhi?	Njo adisonga ka kozo ndiasu na sabunu kikeisa ka kozo diasu	1			Amba	train	4.75912975912976		False	0.1607142857142857	False	6.260938016797925	0.9576988155668359	False
06abe4fdd40392815ffcffabe9ccddfd	58605	spontaneous-speech-rwm-58605.mp3	23148	5969	Kikitoka kola eki kehisa kozo ndiasu lika nalumbi zidhi?	Kuwenagiliza kuwenagilija kozo ndiako okutoka  lika nolumbi nanga nokusagwa bhuogi  ehhh okutoka lika nolumbi nanga osagu yonja kojo ndiako wekaka	1			Amba	train	5.400034560221186		False	0.26573426573426573	False	6.030648574021693	0.9407783417935702	False
18df01d60d16de159483408584d06424	59200	spontaneous-speech-rwm-59200.mp3	22500	5969	Kikitoka kola eki kehisa kozo ndiasu lika nalumbi zidhi?	Kozo ndiasu lika na lumbi zidhi kikitoka keisai nikikioga buli bwile kasita kibha nikili nazunga kedha nikikoli sini mulimo ndia akikihuisa zunga	1			Amba	train	5.511111111111111		False	0.10563380281690138	False	4.660760504947607	0.4517766497461929	True
e8eb7188dc741f9c8bd1f3b4b922d0b6	59343	spontaneous-speech-rwm-59343.mp3	22860	5969	Kikitoka kola eki kehisa kozo ndiasu lika nalumbi zidhi?	Keisaibhe kozo ndiasu lika na lumbi muzangu kedatu na lumbi zidhi andu ti zibheti mikya sabuni kakuku siyabhe  toli woge dousi byebali ka byli rolo moti ndiakali giyeri okusiya binjo  ndiokuhogi na mulundi moti	1			Amba	train	7.655293088363955		False	0.09178743961352653	False	6.506158934992339	0.9796954314720813	False
aff82a045868be1573431402cd4ccddc	59667	spontaneous-speech-rwm-59667.mp3	15120	5969	Kikitoka kola eki kehisa kozo ndiasu lika nalumbi zidhi?	Menjo kisoboli kisobho kiki kibhonganani kiogagae buli tolo poni kandi kiesebhiage na sabuni hee andulu kozo ndiasu abhonge	1			Amba	train	7.01058201058201		False	0.08333333333333337	False	5.195547131696493	0.727580372250423	False
14482a129cdad77b883cf44ab8ee2666	59695	spontaneous-speech-rwm-59695.mp3	18468	5969	Kikitoka kola eki kehisa kozo ndiasu lika nalumbi zidhi?	Haaa kozo ki kabha kie ka sipatala bhakipesiasu  mibazi pesiasu mibazi kikilama kikadhakia miaka mamadha	1			Amba	train	4.819146632012129		False	0.13861386138613863	False	5.574693458175688	0.8654822335025381	False
09bbee7d294906c21ab763ff5ca35ee2	59753	spontaneous-speech-rwm-59753.mp3	17928	5969	Kikitoka kola eki kehisa kozo ndiasu lika nalumbi zidhi?	Abhongia kisemelelu isai bisaku dini nanga dini akidhuaga nkpa atukakoi nakakabha kole eki dumbi agie bhaitu ndia kaluku na mutima sa dini kima akilujukanaga	1			Amba	train	7.474341811691209		False	0.0714285714285714	False	5.552682992812366	0.8595600676818951	False
79c70007d8f4df515b1206bb8d666e7b	57641	spontaneous-speech-rwm-57641.mp3	22320	5970	Ndia akidhuwa kindie kikitugilyaga libho like nabeni andiki?	Hhh bhakpa bhamabhika bhakali na tapu sa libho kindia bhakibhuaga libho kandi na bhenu andiki injo kibi bhetu kikitugiliaga libho ka tapu injo	1			Amba	train	5.376344086021505		False	0.24460431654676262	False	4.398649672620155	0.2868020304568528	True
e8eb7188dc741f9c8bd1f3b4b922d0b6	57946	spontaneous-speech-rwm-57946.mp3	23796	5970	Ndia akidhuwa kindie kikitugilyaga libho like nabeni andiki?	Ndia akidhuwa mbamba kindie kikinueliaga libho sa nuwai alike na beni abhe sa nuwai sa koleki ali zibe eti bhesu poni kibisebe mbuka mulima benisaibe abhe dudhu abhen tone ndia akibha nakimugagaku injo poni kitelulage kimakage koi sekina andulu mbungu ndiasu sa libho injo alike nabhongi 	1			Amba	train	10.169776433013952		False	0.1719298245614035	False	5.000488971421925	0.6429780033840947	False
268635e5ac8169d00be91a407e38d7f4	58232	spontaneous-speech-rwm-58232.mp3	15048	5970	Ndia akidhuwa kindie kikitugilyaga libho like nabeni andiki?	mbula ndia kidhokaga yoho akidhakilyaga paipu sa libho abhula adhuwa lika na bhesu ndia kebali nsiya katinika akilujaga paipu ndia bhesu dumbi libho abhula njo andulu nsonga ndia kidhuwaga libho aduwa lika na bhesu	1			Amba	train	12.028176501860711		False	0.3364928909952607	False	4.55842328482734	0.3883248730964467	True
839194823957ef6cf0af192facc00f2e	58524	spontaneous-speech-rwm-58524.mp3	12348	5970	Ndia akidhuwa kindie kikitugilyaga libho like nabeni andiki?	Nanga sigikilyeti libho ndiasu njo ali na mugaso sa mani kowasu kandi kalika ndiakalibe akiki talabanija sini sini kangongwabili ndiabhesu yoho	1			Amba	train	9.961127308066082		False	0.09999999999999998	False	4.3528666629141695	0.26311336717428085	True
0038f5497f9f2af927e533e85ee33985	58732	spontaneous-speech-rwm-58732.mp3	24948	5970	Ndia akidhuwa kindie kikitugilyaga libho like nabeni andiki?	Buli nkpa ali na nsonga ndiaki ndia akidhuaga bhakatugilie libho imamoti alisigikilia bulofu bhukupesiana ndwala nanga buli nkpa aogilieku akole maundikana bhaitu nkpa kabha nakitugilia kindiaki yekaka na famile ndiaki na bhakpa ndibhaki bhake buyonjo akilika nalia menjo ka mbungu menjo kindia bhakitugilia libho menjo	1			Amba	train	11.022927689594356		False	0.2911392405063291	False	4.378242520412076	0.27749576988155666	True
01afad16deed014c336c39ed0790a0bc	58905	spontaneous-speech-rwm-58905.mp3	8496	5970	Ndia akidhuwa kindie kikitugilyaga libho like nabeni andiki?	Mugasosi ali kwetantala tungilyabhe ndwali ndyakitoka lwalisa ndibha ki nweliyagabhe libho	1			Amba	train	9.416195856873822		False	0.04597701149425293	False	4.611920830547191	0.42385786802030456	True
ce1fe571c632c175c538f2de6c2f35a4	59245	spontaneous-speech-rwm-59245.mp3	8496	5970	Ndia akidhuwa kindie kikitugilyaga libho like nabeni andiki?	Njo aki bhaga kwetatala ndwali bhia kolela akitukaga kau bulofu ndia aliku	1			Amba	train	7.415254237288135		False	0.05633802816901412	False	4.293203215658228	0.23519458544839256	True
14482a129cdad77b883cf44ab8ee2666	59651	spontaneous-speech-rwm-59651.mp3	18900	5970	Ndia akidhuwa kindie kikitugilyaga libho like nabeni andiki?	Kwetantala ndwali mmm na nuwaga libho abhongi kikalo ndia libho abhongi nabeni mmm kwetantala ndwala	1			Amba	train	4.55026455026455		False	0.28865979381443296	False	4.684313642168184	0.46954314720812185	True
18df01d60d16de159483408584d06424	59682	spontaneous-speech-rwm-59682.mp3	22248	5970	Ndia akidhuwa kindie kikitugilyaga libho like nabeni andiki?	Ndiakidhuwa kindia kikitughilyaga libho alike na bheni ali ngu kabha nikili katuga libho kala kuyaku bulofu nanga bulofu kayaku kikiba nikidi nsulu ka inji kandi bulofu injo akitoka pesiasu ndwali.	1			Amba	train	7.551240560949298		False	0.14948453608247425	False	4.9210289763856165	0.6015228426395939	False
aff82a045868be1573431402cd4ccddc	59694	spontaneous-speech-rwm-59694.mp3	11376	5970	Ndia akidhuwa kindie kikitugilyaga libho like nabeni andiki?	Menjo kikitiaga ndwali bikai ka libjo nanga konuwa bulofu ndwali akukugba  bhia kolela	0			Amba	train	6.417018284106892		False	0.07228915662650603	False	5.32326569797025	0.7834179357021996	False
09bbee7d294906c21ab763ff5ca35ee2	59748	spontaneous-speech-rwm-59748.mp3	18900	5970	Ndia akidhuwa kindie kikitugilyaga libho like nabeni andiki?	Ndia bhesu akidhuaga nkpa alika netekanizi nanga libho ali osemelelu lika na libho naga ogab hambisa oga so injo abakdhuaga nkpa alika na lobho	1			Amba	train	6.349206349206349		False	0.22142857142857142	False	4.825003774957052	0.5439932318104906	True
18df01d60d16de159483408584d06424	57631	spontaneous-speech-rwm-57631.mp3	20736	5971	Ndia akienikanaga ka nguwa sa kalimagezi adhu mamano nakibha bhoni sebhalisio?	emi ka zibhai ndiamo kima poni ndia kihenikanaga ka nguwa sa kali magezi kima inno poni ada kubabhei nanga bakuteketaga bazibhikesa ngu kamumaiso kuwo kima nanga aaobola zokai kima nanka asobola zokai baitu poni kaku zokilya kamulindi moti	1			Amba	train	9.741512345679013		False	0.2076271186440678	False	5.749222657558781	0.8984771573604061	False
839194823957ef6cf0af192facc00f2e	57997	spontaneous-speech-rwm-57997.mp3	16848	5971	Ndia akienikanaga ka nguwa sa kalimagezi adhu mamano nakibha bhoni sebhalisio?	Kibuzo injo anitalabanizia kikengi kulungi bhaitu odhue nibanje nitekeleze bhaitu injo kibuzo nigulukia kikengi kulungi bhuniganyilie	1			Amba	train	7.003798670465337		False	0.2384615384615385	False	6.366781481938392	0.9678510998307953	False
ce1fe571c632c175c538f2de6c2f35a4	58001	spontaneous-speech-rwm-58001.mp3	4968	5971	Ndia akienikanaga ka nguwa sa kalimagezi adhu mamano nakibha bhoni sebhalisio?	Alibe pologulamu sa bhufumbu bhakisomesagabe	1			Amba	train	8.051529790660226		True	0.0	False			False
09bbee7d294906c21ab763ff5ca35ee2	58065	spontaneous-speech-rwm-58065.mp3	19368	5971	Ndia akienikanaga ka nguwa sa kalimagezi adhu mamano nakibha bhoni sebhalisio?	Ka nguwa sa sebhalisio kikiegiliagabe kima mamadha na kojibi tabhi mupila na na nanka na  nesi bhakpa bhakayabho ka polipo injo poni kitangili kau	1			Amba	train	6.299049979347377		False	0.07692307692307687	False	5.123124758497697	0.6962774957698815	False
79c70007d8f4df515b1206bb8d666e7b	58092	spontaneous-speech-rwm-58092.mp3	19476	5971	Ndia akienikanaga ka nguwa sa kalimagezi adhu mamano nakibha bhoni sebhalisio?	Mamano sebhalisio kakibha kulungi nanga bhaluku bhakibhaga nibhakibbala bhanikia bhakali bhamabhika ndia akidhuaga bhakali ndihabho nibhakiya nibhakituka ka mamano	1			Amba	train	7.445060587389608		False	0.23750000000000004	False	3.861147832236137	0.06598984771573604	True
0038f5497f9f2af927e533e85ee33985	58694	spontaneous-speech-rwm-58694.mp3	20808	5971	Ndia akienikanaga ka nguwa sa kalimagezi adhu mamano nakibha bhoni sebhalisio?	Ndia akienikanaga ka nguwa sa kalimagezi ali mamano sebhalisio ali bhakpa kabha nibhali ka mamano ka juga nibhaka gba mpete ndia agbeibe mamano bhakpa bhanamunji nakienikanaga ndia akienikanaga ka nguwa menjo sa magezi kalimagezi	1			Amba	train	9.419454056132256		False	0.3672566371681416	False	4.56550734586316	0.39593908629441626	True
aff82a045868be1573431402cd4ccddc	58894	spontaneous-speech-rwm-58894.mp3	30996	5971	Ndia akienikanaga ka nguwa sa kalimagezi adhu mamano nakibha bhoni sebhalisio?	So menjo  kompita kompyuta aluxi aluzi bhaniki na bhakpa bhoponi nanga bhakianisagabe nesi  bhaniki na bhaluku bhali ka amana na bhakali bhali ka amana aa ati injo aluzi aluzi bhaniki kandi injo kali ka kanisa ndiasu so injo ali kima mazinana ndia ali ka ka nguwa menjo adhu dhu bhaniki nibhakiluzukana 	1			Amba	train	8.06555684604465		False	0.3733333333333333	False	4.4622105037998	0.3240270727580372	True
268635e5ac8169d00be91a407e38d7f4	58932	spontaneous-speech-rwm-58932.mp3	19368	5971	Ndia akienikanaga ka nguwa sa kalimagezi adhu mamano nakibha bhoni sebhalisio?	Bhiyaisi aluji mamano ndyabhapka bhapka ndi bhekina bhakibheliyagabhe kanguwa menjo injo abhikisa bhizibu kabhufumbu ndyabho atabhangunka injo ali kizibu samani ndibhekina bhakiyegeryagabhe ngeso malujukana dhumbi bhahindula ngeso ndyabho kahinji	1			Amba	train	11.255679471292853		False	0.2222222222222222	False	5.341551298211616	0.7884940778341794	False
14482a129cdad77b883cf44ab8ee2666	59214	spontaneous-speech-rwm-59214.mp3	18036	5971	Ndia akienikanaga ka nguwa sa kalimagezi adhu mamano nakibha bhoni sebhalisio?	Kikaguo injo emi kietegelezi nikikabha nibe akimanyisaki akinisaga	1			Amba	train	3.2712353071634506		False	0.015873015873015928	False	5.459239356101541	0.8367174280879864	False
e8eb7188dc741f9c8bd1f3b4b922d0b6	59352	spontaneous-speech-rwm-59352.mp3	21960	5971	Ndia akienikanaga ka nguwa sa kalimagezi adhu mamano nakibha bhoni sebhalisio?	Ndia akie nikanaga ka ngua sa sa kalimagesi ndia abika ndia sebhalisio  aladhu mamano nakilika holokanagai mujangu ndibhetolo endindi kindie kikiongilia mamano aluzukanagia kowa bhakali na bhalukuabho bhatigei nibhali bhakola	1			Amba	train	8.879781420765028		False	0.14414414414414412	False	5.266873265939923	0.7554991539763113	False
2a714f0f48c3450f78b159dbfd6c6c04	59481	spontaneous-speech-rwm-59481.mp3	20268	5971	Ndia akienikanaga ka nguwa sa kalimagezi adhu mamano nakibha bhoni sebhalisio?	Ndia akienikanaga ka nguwa sa kali magezi adhu mamano ndia sebhalisio nakibha sa kanga okana	1			Amba	train	3.848431024274719		False	0.0786516853932584	False	4.96217356416759	0.6235194585448393	False
79c70007d8f4df515b1206bb8d666e7b	57289	spontaneous-speech-rwm-57289.mp3	22176	5972	Andi bizibu tina bhakoli ka sa bwomezi ndia bhakienaga ka Uganda?	Bhakoli kabha kibhupesiaga sente ndia akibhudakia kandi ndibhetolo bhakoli bhakibhaga na ndwana na bhakama ndibhabho kandi ndibhetolo bhakoli kabha kibhupesiaga ndabho	1			Amba	train	6.628787878787878		False	0.4085365853658537	False	3.51360146533194	0.01015228426395939	True
ce1fe571c632c175c538f2de6c2f35a4	57590	spontaneous-speech-rwm-57590.mp3	20808	5972	Andi bizibu tina bhakoli ka sa bwomezi ndia bhakienaga ka Uganda?	Ofisi sa bwomezi bhali na bizibu mamadha sente ndiabho ali tuti bhakibhulwaga mibazi sa pesia bhalwali na na masipatala ndie kina  kabhongi kali na ndabho sa bhulalo	1			Amba	train	6.632064590542099		False	0.16049382716049387	False	4.400182700702047	0.2876480541455161	True
06abe4fdd40392815ffcffabe9ccddfd	57797	spontaneous-speech-rwm-57797.mp3	15408	5972	Andi bizibu tina bhakoli ka sa bwomezi ndia bhakienaga ka Uganda?	Bhakoli ndibhabhesu ndibha kikolaga ka bwo.ezi  ndia bhesu kikieyokiaga na na andulu businge ndie kili nai kandi bhikikabhaga bhabhubiza nanga andibho ndibhabhundili vwomezi ndia bhesu	1			Amba	train	10.31931464174455		False	0.2320441988950276	False	3.7338605850481996	0.031302876480541454	True
268635e5ac8169d00be91a407e38d7f4	57870	spontaneous-speech-rwm-57870.mp3	22680	5972	Andi bizibu tina bhakoli ka sa bwomezi ndia bhakienaga ka Uganda?	Bizibu abhikiya ndia kokubanja, alibe ko ka sipatala mibaji akisiagabe bhaisa bwile mibaji gavumenti ndiaka bikisimbe dumbi bhakpa ndibha biki ka sipatala bhalemwa tunga mibaji. Ndiakebhali bhakoli biyabho ndibhako Uganda bhakisi bhakisibhasibhaga sini ndibha kai ka milimo.	1			Amba	train	10.493827160493828		False	0.24354243542435428	False	4.536178571054797	0.3756345177664975	True
aff82a045868be1573431402cd4ccddc	57900	spontaneous-speech-rwm-57900.mp3	55656	5972	Andi bizibu tina bhakoli ka sa bwomezi ndia bhakienaga ka Uganda?	Bhakoli bhenjo bali na bizibu ndiaki ndiabho obundi no bundi bhakpa ndibheki bhakakiyaga ka sipatala ya kwelwaja bhakilikaga nibhali ka inji obunji bhaloli bhak bhakituliaga kindia aselio ka sipatala kalibe nkpa kakiangabe ziba ngu ndabho ndabho kalibe so  na lugendo na lugendo amadhia turansipoti amadhia so abhongi buli sipatala bhahalikebe ndabho sa bhakoli bhenjo bhasiageku	1			Amba	train	5.821474773609315		True	0.29255319148936165	False			False
01afad16deed014c336c39ed0790a0bc	58639	spontaneous-speech-rwm-58639.mp3	19908	5972	Andi bizibu tina bhakoli ka sa bwomezi ndia bhakienaga ka Uganda?	Buzibu ndia kateka andi ndwali nabho bhaktokaga lwala ndwali tabhi  ndia  halwaye ndi ha bhagbei kolabhobe kizibu ndia kebhali andi pesiabho mpela kedha musala ndia kakinganani na mulimo ndia bhabgei kolai	1			Amba	train	8.689973879847297		False	0.2277227722772277	False	4.3043382989896894	0.23857868020304568	True
0038f5497f9f2af927e533e85ee33985	58757	spontaneous-speech-rwm-58757.mp3	35460	5972	Andi bizibu tina bhakoli ka sa bwomezi ndia bhakienaga ka Uganda?	Bizibu sa bukoli sa bwomezi sa bhakoli ndiba ka bwomezi kandi bhakoli ndibha ka sipatala ndibhakitunga ali moti kabha nali ka dhaka ndiaki tolo ndiaki sa kola kabha nakikola kilia kyalo akisiaga ndia kangimbe kandi bizumo ali bizumo kangabe kokutanga nakseinge poni bba nanga poni okulika notelemi kokuhumula  kasita bhabhubiksa bhalwaye nali bwile ndiako sa yako ka ka nanka ndiako nali saha ndiako njo	1			Amba	train	9.560067681895092		True	0.32999999999999996	False			False
839194823957ef6cf0af192facc00f2e	59132	spontaneous-speech-rwm-59132.mp3	22068	5972	Andi bizibu tina bhakoli ka sa bwomezi ndia bhakienaga ka Uganda?	Bizibu akibhaga na madhi nanga sigikilia eti buli nkpa buli nkpa godhisa ndiaki kakinganani alibe bha ndio koli na kima mio nali nai ati okwetakanaga noli la bizibu kedha okola musango mio kekakenge wetakana noli ka bizibu mio kekaibe	1			Amba	train	8.88163857168751		False	0.19913419913419916	False	5.484960957991414	0.8417935702199661	False
18df01d60d16de159483408584d06424	59193	spontaneous-speech-rwm-59193.mp3	21996	5972	Andi bizibu tina bhakoli ka sa bwomezi ndia bhakienaga ka Uganda?	Moti ka bizibu ka bhakoli sa bwomezi bhakienaga ka uganda ali bhakitunga sente ndia kabhiki sini kandi bhakitunganga kandi bhakikolaga mulimo mabhika ka janjaba bhalwaye	1			Amba	train	6.5921076559374425		False	0.2349397590361446	False	3.7803248695936342	0.04230118443316413	True
09bbee7d294906c21ab763ff5ca35ee2	59314	spontaneous-speech-rwm-59314.mp3	26100	5972	Andi bizibu tina bhakoli ka sa bwomezi ndia bhakienaga ka Uganda?	Kizibu moti ndiabho akibhaga  kasita nkali nali ka bhokota nakweli  ka sieta injo akibhaga bizibu sa sipatala ndia kebhali musalo ndiabo alibe ndia akisaga busumi mamadha otakana ngu sente ndiabho akesekeleluwa kiseni nali ka sipatala alike ndia akiecangaga adhuwa heleza bhakpa	1			Amba	train	9.042145593869732		False	0.23272727272727278	False	4.363404658478949	0.26903553299492383	True
e8eb7188dc741f9c8bd1f3b4b922d0b6	59411	spontaneous-speech-rwm-59411.mp3	25776	5972	Andi bizibu tina bhakoli ka sa bwomezi ndia bhakienaga ka Uganda?	Bhakoli ka bitongole sa bwomezi ndia bhakienaga mehe ka uganda  okutakana naliku bheo sa bhenjo ndibha bhakibhubisaga dhanga kindia bhakakitoka kidhabho yau natai ndibha bhakabhokotianiku  gua gusia na ndibha bhakitakana sa musala niabho nakitetia yau kima ndia bhakisumba sa namadhi 	1			Amba	train	9.388578522656736		False	0.23487544483985767	False	4.724262146944462	0.48984771573604063	True
0038f5497f9f2af927e533e85ee33985	57438	spontaneous-speech-rwm-57438.mp3	30600	5973	Kikole eki lika maba kindie kikyogilyaga na kwekonilya likai nabeni?	Nkikola kima kindie kikiogilia na kindie kamiliaga ali lika na benibi ali lika nikitekaniza nikikombaku kibisebe kyoloni  kibisebe kikuku andulu bhakpa bhakalakizangiagaku na kofolo kyoghelo nau andiabhu dhee  ndia kakuikiliza miki niakiku andulu alike na benibei	1			Amba	train	7.385620915032679		False	0.2269230769230769	False	5.178373072810034	0.7191201353637902	False
e8eb7188dc741f9c8bd1f3b4b922d0b6	57642	spontaneous-speech-rwm-57642.mp3	26136	5973	Kikole eki lika maba kindie kikyogilyaga na kwekonilya likai nabeni?	Sa kolai na lika zibe eti mbamba kindie kiki ogiliaga na kwekonyela aliki nabeni ali zibe eti kibgei nsuka kitelulage poni poni ndia akibha nali dudhu ndia akibha nalibe bia bia ka dhakaga kindia libho injo akutulukiliaga na onagai tone ndia akibha na mugagi mehe na bha moi abhe kasamili ndia kibha nalibe kibhagale	1			Amba	train	10.062748699112335		False	0.2715654952076677	False	4.91727293730729	0.5998307952622673	True
268635e5ac8169d00be91a407e38d7f4	57945	spontaneous-speech-rwm-57945.mp3	17496	5973	Kikole eki lika maba kindie kikyogilyaga na kwekonilya likai nabeni?	Bhasemelelu lika ti bhulika nibhukubisa kabhesu meeting kedha misomo sa kwamba ndiabhesu ndia akidhua kwamba ndiabhesu alike nalibe tolo poni na poni.	1			Amba	train	7.373113854595337		False	0.18367346938775508	False	4.296566610840803	0.23688663282571912	True
839194823957ef6cf0af192facc00f2e	58221	spontaneous-speech-rwm-58221.mp3	22500	5973	Kikole eki lika maba kindie kikyogilyaga na kwekonilya likai nabeni?	Kikagujo injo kikengi kulungi nanga sigikilia eti kima ndiekina andiki akitelebanijaga somai ati bhukuniganilia kabha ndikitoki sikiaku kikagujo.	1			Amba	train	5.688888888888889		False	0.09154929577464788	False	4.84236771906599	0.55668358714044	True
06abe4fdd40392815ffcffabe9ccddfd	58476	spontaneous-speech-rwm-58476.mp3	15336	5973	Kikole eki lika maba kindie kikyogilyaga na kwekonilya likai nabeni?	Ali lika mamoti andulu kyeyambe kilike niki kiepesie magezi mabhonga andulu kiekolile milimo ndia bhakibha nikikakabhai	1			Amba	train	6.781429316640584		False	0.07758620689655171	False	4.265850999819546	0.21742808798646363	True
01afad16deed014c336c39ed0790a0bc	58611	spontaneous-speech-rwm-58611.mp3	15228	5973	Kikole eki lika maba kindie kikyogilyaga na kwekonilya likai nabeni?	haaa lika na benibe kili na lika ni kibhindiagibe kedhatu demaibe ndikibhubhalya bhaniki yabho bisaku tonye	1			Amba	train	6.041502495403205		False	0.09615384615384615	False	5.630931499538153	0.8807106598984772	False
ce1fe571c632c175c538f2de6c2f35a4	58991	spontaneous-speech-rwm-58991.mp3	11160	5973	Kikole eki lika maba kindie kikyogilyaga na kwekonilya likai nabeni?	Okombebe kulungi kakabha libho nakisobola ogesabe ogesebe	1			Amba	train	4.56989247311828		False	0.03703703703703709	False	5.86837801058077	0.9145516074450084	False
14482a129cdad77b883cf44ab8ee2666	59526	spontaneous-speech-rwm-59526.mp3	19188	5973	Kikole eki lika maba kindie kikyogilyaga na kwekonilya likai nabeni?	Likaga na kyalo nabeni ali kulungi kikihanulaga imamoti nibhikizibha nkpa mudia lika ndia kabhongi	1			Amba	train	4.429851990827601		False	0.021052631578947323	False	4.483479945766541	0.3350253807106599	True
aff82a045868be1573431402cd4ccddc	59683	spontaneous-speech-rwm-59683.mp3	9000	5973	Kikole eki lika maba kindie kikyogilyaga na kwekonilya likai nabeni?	Menjo abhongi abhongi kibhongosiebe bulofu poni kibhuwebe andulu alikebe na bhongi.	1			Amba	train	8.11111111111111		False	0.19999999999999996	False	4.326485534180133	0.2470389170896785	True
18df01d60d16de159483408584d06424	59712	spontaneous-speech-rwm-59712.mp3	25020	5973	Kikole eki lika maba kindie kikyogilyaga na kwekonilya likai nabeni?	Kikalo ubhalili njo ali nalika na beni nanga ndiaka beni okutoka bhuwaiku ndwali ndiokutoka bhuwaku kasita obha nokukozesa. Akumanyisa bikalo njo ali nalika na beni andulu koduwaku kolisai otukeku ndiokoli na ndwali ndio bhoiku.	1			Amba	train	7.793764988009593		False	0.30222222222222217	False	5.113232585520857	0.6903553299492385	False
09bbee7d294906c21ab763ff5ca35ee2	59745	spontaneous-speech-rwm-59745.mp3	13860	5973	Kikole eki lika maba kindie kikyogilyaga na kwekonilya likai nabeni?	Kikole kimui nanga kwekoniliq nokukola kima kima dumbi akitetiaga dumbi kima ndiako bhaniki nibhaliku okulika nokasu eti kima ndiako abhongia	1			Amba	train	8.802308802308803		False	0.1811594202898551	False	4.643096580030435	0.43824027072758037	True
839194823957ef6cf0af192facc00f2e	57358	spontaneous-speech-rwm-57358.mp3	25668	5974	Ali mulimo tina kusengsengya akikolaga ena kasinge na habhula ka tolo sa bizibu?	habhula katolo emi ali jiba eti kaduwa katolo sa bijibu njo akuhabulwaga kima amabhika nanga buli npka poni akubikaga na kubisibe iso kobha nokukolaga kima amzinana andulu ndia nkpa akigiaga ati kale kima ndio ogbei kolai injo kabhongi dumbi injo akuyamba kahabuluwa ka bwile sa bijibu kakuduwabei andulu injo ukwaka	1			Amba	train	10.40205703599813		False	0.18530351437699677	False	4.80644101068853	0.5363790186125211	True
18df01d60d16de159483408584d06424	57523	spontaneous-speech-rwm-57523.mp3	26676	5974	Ali mulimo tina kusengsengya akikolaga ena kasinge na habhula ka tolo sa bizibu?	Kusenga sengia akuyambaga nanga kabhe noli ka bizinu okubhaga bhia mindia omudhililio baitu kusenga sengia injo akukusikisiaga ka ka mulingo ngu ati bwomezi ndiako akatodha sikiai buhyaka nanga kabhe ndia bhakakuhabuli okubhaga bhia nkpa mindia oli wekaka	1			Amba	train	8.209626630679262		False	0.23809523809523814	False	5.17550468524626	0.7182741116751269	False
06abe4fdd40392815ffcffabe9ccddfd	57854	spontaneous-speech-rwm-57854.mp3	16956	5974	Ali mulimo tina kusengsengya akikolaga ena kasinge na habhula ka tolo sa bizibu?	Akipesia bizibu nkikolaga nieyambisa sente nanga mikia kima ndionñ okubhaga noli nai andulu ndio okubhaga noli nai katumisa bizibu	0			Amba	train	6.605331446095778		False	0.20472440944881887	False	4.31824532988875	0.2436548223350254	True
0038f5497f9f2af927e533e85ee33985	58192	spontaneous-speech-rwm-58192.mp3	26568	5974	Ali mulimo tina kusengsengya akikolaga ena kasinge na habhula ka tolo sa bizibu?	Kwesenga sengya akienaga akiyambaga tunga bwomezi ka tolo sa bizibu nanga olubhaga nokahumuleslkesa mulima ndia bhakpa na nkpa mindia abhi kakabala tekeleza kima ndia kabhongi akihumulikanaga dumbi dhani butabanguko ka inji dhani ka bizibu dhani nkpa aoka nihumulikani nadakķi sigikilia bigambo ndio okezesio	1			Amba	train	10.012044564890092		False	0.18360655737704923	False	4.665501528034842	0.4543147208121827	True
09bbee7d294906c21ab763ff5ca35ee2	58372	spontaneous-speech-rwm-58372.mp3	11160	5974	Ali mulimo tina kusengsengya akikolaga ena kasinge na habhula ka tolo sa bizibu?	Kesengasengiya akiyambaga bhakpa dudukana milima nanga ndio kesengasengi ka ka bizibu dhe menjo kima kakubhongaga bba.	1			Amba	train	9.229390681003585		False	0.12173913043478257	False	5.315563750374322	0.7800338409475466	False
7b8ce0a081d9ccda7626927c5eec42d2	58473	spontaneous-speech-rwm-58473.mp3	21600	5974	Ali mulimo tina kusengsengya akikolaga ena kasinge na habhula ka tolo sa bizibu?	Saba akiyambagave ziba ngu oku oku okusikisaku bwomezi bitekelezo bwomezi kwesenga sengya akiyambaga ziba ngu okulika bhia nkpa kwesenga sengya akiyambaga okumwesiga Mambombi ziba ngu nawe koi ka kizibu ndiekina kwesenga sengya akiyambaga lika ziba ngu bizubu ndia agio poni okuziba ngu akoli eki akusibe	1			Amba	train	12.037037037037036		False	0.37209302325581395	False	4.951317084228147	0.616751269035533	False
01afad16deed014c336c39ed0790a0bc	58514	spontaneous-speech-rwm-58514.mp3	14328	5974	Ali mulimo tina kusengsengya akikolaga ena kasinge na habhula ka tolo sa bizibu?	Kusenga sengia akigia eti oli olike ka mpempa na dako toli onkunde dako nesi wekundio nkumi nanga bhsu poni mindia akihanga andi Mambombi	1			Amba	train	8.026242322724734		False	0.11940298507462688	False	5.639475630146557	0.8824027072758037	False
e8eb7188dc741f9c8bd1f3b4b922d0b6	58854	spontaneous-speech-rwm-58854.mp3	23688	5974	Ali mulimo tina kusengsengya akikolaga ena kasinge na habhula ka tolo sa bizibu?	Ka tolo sa bizibu mugaso ndia aliku ka bwile kakusengasengia ali sa zibe eti nkpa mbuka mulima ndiaki dhani akibalaga bhusukanai poni ndia ya ambibe anga limbo na ndietolo nsala ndia akibha nakinlidhabe akibhaga sa ehelisaki mulima atodhe kau sa habhula zibe eti Mambombi naye nkumi angbeiku	1			Amba	train	10.342789598108748		False	0.1597222222222222	False	5.269818006455625	0.7571912013536379	False
aff82a045868be1573431402cd4ccddc	59635	spontaneous-speech-rwm-59635.mp3	13680	5974	Ali mulimo tina kusengsengya akikolaga ena kasinge na habhula ka tolo sa bizibu?	Injo ali kima akikolaga mulimo sa budhabudha nkpa mindia afweluo ziba ngu ali ka nteko kazigidhilu sini sini	1			Amba	train	6.652046783625731		False	0.06666666666666665	False	5.424625679445176	0.8181049069373942	False
06abe4fdd40392815ffcffabe9ccddfd	57563	spontaneous-speech-rwm-57563.mp3	16200	5975	Kikikola bhoni zibe eti bhakpa bhangbeku bhabhwibiliya na ngukisabo ka ngonguambili ndiasu?	njo kilike nikibhukumakuma bakpa andulu kibhebhe na businge ka bakpa ndibha kilika nibha kikoka mamulingo injo	1			Amba	train	5.864197530864198		False	0.13084112149532712	False	4.261944566088335	0.21573604060913706	True
0038f5497f9f2af927e533e85ee33985	57640	spontaneous-speech-rwm-57640.mp3	35748	5975	Kikikola bhoni zibe eti bhakpa bhangbeku bhabhwibiliya na ngukisabo ka ngonguambili ndiasu?	Bhakpa bhangbeku ka ngonguwa mbili hibililiabho ka ngonguwa mbili ndiasu ali joka eti kihibililia ngu bhakpa bhangbeku kabha nabanji bhokotuana kako kabha nabanji ziba kako naka naka nsi oli na pesiaki kitinisa nobu nandi ngbekuako nobu nibhubhokotuani mamoti oli na pesiaki kitinisa ka sigikilia myaka ndiaki ndialinai.	1			Amba	train	7.664764462347544		True	0.3659305993690851	False			False
79c70007d8f4df515b1206bb8d666e7b	58123	spontaneous-speech-rwm-58123.mp3	20736	5975	Kikikola bhoni zibe eti bhakpa bhangbeku bhabhwibiliya na ngukisabo ka ngonguambili ndiasu?	Bhakpa kikitoka toliabho nti bhasome dumbi bhatunge namugado ka nsi nibhakiongela ka nsi kandi kikitoka toliabho nti nsi ali ndiasu kibhebe nabhesu	0			Amba	train	6.076388888888888		False	0.20833333333333337	False	4.662586054203229	0.45346869712351945	True
268635e5ac8169d00be91a407e38d7f4	58355	spontaneous-speech-rwm-58355.mp3	21708	5975	Kikikola bhoni zibe eti bhakpa bhangbeku bhabhwibiliya na ngukisabo ka ngonguambili ndiasu?	Ali jibhe nti bakpa bambgeku kibubhisi ka polojekitisi ndia ka komunite ba bya adivaizazi nibakipesiya magezi nanga bakpa ndibalebiya bali bakpa ndiba jibhi bhiya kima kansi kehe so njo ali mulingo moti jibhenti babi ba adivaizazi kakima ndie kibgei kolai	1			Amba	train	9.950248756218905		False	0.2063492063492064	False	6.265540428130616	0.9585448392554992	False
7b8ce0a081d9ccda7626927c5eec42d2	58581	spontaneous-speech-rwm-58581.mp3	20628	5975	Kikikola bhoni zibe eti bhakpa bhangbeku bhabhwibiliya na ngukisabo ka ngonguambili ndiasu?	Bimwe Adi sa bhokoti na kwe bhokotisa ndia ke bhali bhadue nua mwege sa kitio kitio kwe kozesa kima sa busuma suma bhabhu somese bhaniki	1			Amba	train	5.4295132829164245		False	0.19548872180451127	False	5.374429448102552	0.8020304568527918	False
09bbee7d294906c21ab763ff5ca35ee2	58594	spontaneous-speech-rwm-58594.mp3	13068	5975	Kikikola bhoni zibe eti bhakpa bhangbeku bhabhwibiliya na ngukisabo ka ngonguambili ndiasu?	Asemelelu kolisa ka ngonguwa mbili andulu bhamuibe eti miki minjo akibhaga na bhongi kakibhaga na ngeso malujukana kedha ngeso maluzuluzu.	1			Amba	train	9.106213651668195		False	0.15555555555555556	False	3.847580555289511	0.06345177664974619	True
ce1fe571c632c175c538f2de6c2f35a4	58656	spontaneous-speech-rwm-58656.mp3	5076	5975	Kikikola bhoni zibe eti bhakpa bhangbeku bhabhwibiliya na ngukisabo ka ngonguambili ndiasu?	 Bhanisebe kanisa na saba abhebe	1			Amba	train	5.319148936170213		True	0.03448275862068961	False			False
18df01d60d16de159483408584d06424	59295	spontaneous-speech-rwm-59295.mp3	18036	5975	Kikikola bhoni zibe eti bhakpa bhangbeku bhabhwibiliya na ngukisabo ka ngonguambili ndiasu?	Bhakpa bhangbheku ka ngongwa mbili kikibhuibililiia  bhakadhakia bhakambuwa bhuli na paki nguko ndiaki bhia nkpa ngeku ka ngongwa mbili	1			Amba	train	6.431581281880683		False	0.20454545454545459	False	4.393095258702392	0.28426395939086296	True
2a714f0f48c3450f78b159dbfd6c6c04	59638	spontaneous-speech-rwm-59638.mp3	19296	5975	Kikikola bhoni zibe eti bhakpa bhangbeku bhabhwibiliya na ngukisabo ka ngonguambili ndiasu?	Kili na egesana andulu kizibe eti bhakpa bhangbeku bhatungi nguko ka ngonguwa mbili.	1			Amba	train	3.7313432835820897		False	0.024691358024691357	False	3.840589851512925	0.06091370558375635	True
aff82a045868be1573431402cd4ccddc	59640	spontaneous-speech-rwm-59640.mp3	14148	5975	Kikikola bhoni zibe eti bhakpa bhangbeku bhabhwibiliya na ngukisabo ka ngonguambili ndiasu?	Bhenjo kisemelelu pesiabho kitinisa bhakakieka nalibe kizibu kiye kibhuduwebe bhakihabule andulu kitinisa ndiabho alike nalibei kulungi	1			Amba	train	8.481764206955047		False	0.14393939393939392	False	4.516869603231893	0.3629441624365482	True
268635e5ac8169d00be91a407e38d7f4	57296	spontaneous-speech-rwm-57296.mp3	28620	5976	Ali mulingo tina ndia kolona (COVID-19) adhuwa kisomo nakitalibana ka ngonguambili ndianu?	Nsonga ndia kokubanja masukulu poni bhadhakaga bhaniki nivhakidhuwq yabho ka sukulu nsonga ndia kebhali bia bhaniki bhakaliabho bhabhutwekaga nibhakitunga lima ndia bhaokudha masukulu nibhakikomabyabho ka sukulu eti nanga bhali na limi nsonga ndia kebhali bhaniki biabho bhtandika kola kima malijukana ibha anga bhabhililikaga ka inji ndia bhakali na sa makola ndia bhakali na lieli nibha kita dika bhusuma	1			Amba	train	12.194269741439552		False	0.4193548387096774	False	4.269203901763586	0.21996615905245348	True
2a714f0f48c3450f78b159dbfd6c6c04	57388	spontaneous-speech-rwm-57388.mp3	23868	5976	Ali mulingo tina ndia kolona (COVID-19) adhuwa kisomo nakitalibana ka ngonguambili ndianu?	Kolona adhua kisomo nakitalibana ka ngongwa mbili ndiasu nanga kisomo poni kindia bhaniki yabhayaga bhatelimisa eti nanga bhateisanandwali injo	1			Amba	train	5.237137590078766		False	0.12857142857142856	False	4.287022536483465	0.23011844331641285	True
18df01d60d16de159483408584d06424	57556	spontaneous-speech-rwm-57556.mp3	27180	5976	Ali mulingo tina ndia kolona (COVID-19) adhuwa kisomo nakitalibana ka ngonguambili ndianu?	Bulwaye sa obu ndia angilaku ngongwa mbili atalibana sini sini nanga bhaniki bhadhuwa soma nibhakudgakia bwile ndia akinganani bhia mwaka bhali abhabe bhaniki bhenjo sikiabho mbusa nanga bhabhikibha nibhakweyongela bhaitu kisomo nakididiliana busubuzi na kima ndia bhakpa yabhakolaga biai poni poni  atelema ka bwile injo	1			Amba	train	10.154525386313466		False	0.1855345911949685	False	4.587191152714401	0.4128595600676819	True
0038f5497f9f2af927e533e85ee33985	57875	spontaneous-speech-rwm-57875.mp3	25308	5976	Ali mulingo tina ndia kolona (COVID-19) adhuwa kisomo nakitalibana ka ngonguambili ndianu?	Ndwali sa kolona atalibana sini sini nanga bhaniki bhadhua soma nibhakilika na ndibhetolo nibha kduia ka mamano kisomo nakibutama ndibhekina nibhakiya kabutamizi nanga kokusobola yako ka sukulu nanga kokusobola dhamiana ndia nkpa bba so ndwali sa kolona atalibana ka muligo mabhinjo injo	1			Amba	train	9.720246562351823		False	0.27112676056338025	False	4.686769590088675	0.4720812182741117	True
06abe4fdd40392815ffcffabe9ccddfd	57948	spontaneous-speech-rwm-57948.mp3	17388	5976	Ali mulingo tina ndia kolona (COVID-19) adhuwa kisomo nakitalibana ka ngonguambili ndianu?	Kibhukuma bkapa nikikigia eti habwa ndwali ndia abikio buli nkpa elinde nikiyelia ka bilagilo ndi pulezidenti aonga nanga bhesu bhikibhi kitoka gulukia	1			Amba	train	7.47642051989878		False	0.03378378378378377	False	5.900707337572941	0.9263959390862944	False
79c70007d8f4df515b1206bb8d666e7b	58070	spontaneous-speech-rwm-58070.mp3	21348	5976	Ali mulingo tina ndia kolona (COVID-19) adhuwa kisomo nakitalibana ka ngonguambili ndianu?	Bhakpa ndibha bhali ka soma enindi yoho, bhali ka nambusa dhokasi moti Kandi bhakokiya bhindetolo bhatuka ka sukulu bhindetolo nibhakiya ka sukulu	1			Amba	train	5.855349447255012		False	0.23776223776223782	False	4.335217057708703	0.25380710659898476	True
14482a129cdad77b883cf44ab8ee2666	58268	spontaneous-speech-rwm-58268.mp3	23040	5976	Ali mulingo tina ndia kolona (COVID-19) adhuwa kisomo nakitalibana ka ngonguambili ndianu?	Kolona ali ndwali jidhi kabhongi ka ndwala poni hmm nakidhuwa bhaniki nibhadhuwa soma ka myaka bhali poni poni na sukulu fizi ndia bhazaile nakikwelilia busa ka sukulu.	1			Amba	train	6.163194444444445		False	0.19393939393939397	False	4.419421949036756	0.29780033840947545	True
839194823957ef6cf0af192facc00f2e	58335	spontaneous-speech-rwm-58335.mp3	23076	5976	Ali mulingo tina ndia kolona (COVID-19) adhuwa kisomo nakitalibana ka ngonguambili ndianu?	Kima injo akitalavaniza sini sini nanga sigikilia eti bwile ndia kolona abha naliku kisomo abha na telemi milimo ndia buli nkpa nesi abhi kigiaga eti oyo onikolilie ko bhunanka obhulwa nesi oku konekitinga kima injo nakikitalabaniza sini sini ati kolona injo akitalabaniza nakidhua kima nakitelema ka kikalo ndia bhesu	1			Amba	train	11.700468018720748		False	0.27301587301587305	False	4.602247860359688	0.4196277495769882	True
09bbee7d294906c21ab763ff5ca35ee2	59129	spontaneous-speech-rwm-59129.mp3	18720	5976	Ali mulingo tina ndia kolona (COVID-19) adhuwa kisomo nakitalibana ka ngonguambili ndianu?	Bhakpa bhaniki bhamamadha ka  busumi sa  kolona bhaluzukana nanga ndibhekina bhabomba kilasi ndia bhasemelelu bha nibhaliku bhakyaku so kolona akibikisilia bizibu mamadha	1			Amba	train	7.852564102564103		False	0.13772455089820357	False	4.098645725668184	0.1463620981387479	True
aff82a045868be1573431402cd4ccddc	59662	spontaneous-speech-rwm-59662.mp3	12600	5976	Ali mulingo tina ndia kolona (COVID-19) adhuwa kisomo nakitalibana ka ngonguambili ndianu?	Menjo avhabe kalantuni sa mani bhakpa bhadhuwa mamikanabho na bhaniki bhadhuwa soma menjo abikisabe kizibu nanga bhaniki bhakasomo	1			Amba	train	8.968253968253968		False	0.22047244094488194	False	4.552723981420605	0.383248730964467	True
06abe4fdd40392815ffcffabe9ccddfd	57555	spontaneous-speech-rwm-57555.mp3	23580	5977	Gulupu sa bhatua luluzu akitoka kolabe bhoni sa kisomo ndia bhaniki?	Kima sa kolai sa luzu luzu andulu ndiadhu bhaniki ndibhasu nibhakiluzukana nanga busing ebho bhakieyokiaga nandibho bhali na businge bhokaka  kandi kekabhe nibhaibi eti kima mamulingo injo akilujaga  ndulu businge ndiabho	0			Amba	train	8.015267175572518		False	0.19266055045871555	False	3.999427026230434	0.1065989847715736	True
268635e5ac8169d00be91a407e38d7f4	57762	spontaneous-speech-rwm-57762.mp3	17640	5977	Gulupu sa bhatua luluzu akitoka kolabe bhoni sa kisomo ndia bhaniki?	Bhasemelelu bhadhue ngeso ndiabho majangaga ndibhakikolaga andulu bhasobole kola kima ndia akibikisa sente andulu bhasobole helelela bhaniki ndibhabho bhaye ka sukulu	1			Amba	train	8.276643990929704		False	0.20858895705521474	False	3.5546056145438105	0.01353637901861252	True
09bbee7d294906c21ab763ff5ca35ee2	57957	spontaneous-speech-rwm-57957.mp3	7236	5977	Gulupu sa bhatua luluzu akitoka kolabe bhoni sa kisomo ndia bhaniki?	Kibhueka kibhuomese nesi  kisomo abhongia andulu bhaniki bhalike nibhabhongi	1			Amba	train	9.25925925925926		True	0.0821917808219178	False			False
839194823957ef6cf0af192facc00f2e	58670	spontaneous-speech-rwm-58670.mp3	23940	5977	Gulupu sa bhatua luluzu akitoka kolabe bhoni sa kisomo ndia bhaniki?	Injo agbokelyani akole kima mabhonga nanga sigil eti kakola kima mazinana kowa BHA a kowa aa bhaniki bhaniki ndibha kakikalo obhu sagiki sagika bhaniki akibha nakoliki nambusa injo kima ali bhinjo	1			Amba	train	6.934001670843776		False	0.21761658031088082	False	5.006163827699459	0.6472081218274112	False
14482a129cdad77b883cf44ab8ee2666	58698	spontaneous-speech-rwm-58698.mp3	20340	5977	Gulupu sa bhatua luluzu akitoka kolabe bhoni sa kisomo ndia bhaniki?	Bhakikabha basomose gulupu injo mugaso sa sasula sukulu fizi nakisomo poni najibisabho mugaso ndia kitokaga ka sukulu	1			Amba	train	4.96558505408063		False	0.11403508771929827	False	4.234716322350447	0.20304568527918782	True
18df01d60d16de159483408584d06424	58793	spontaneous-speech-rwm-58793.mp3	22536	5977	Gulupu sa bhatua luluzu akitoka kolabe bhoni sa kisomo ndia bhaniki?	Kisomo ndia bhaniki kolaibe kulungi ali pabho bietago ndia gbananganibe na kisomo ndia akibhutokisa zibe eti kisomo bhasomia ndia bhaka talibani sini na bietago ndia bhakuetagisibwa  zibe eti bhasomia	1			Amba	train	7.587859424920127		False	0.2842639593908629	False	4.498285637899625	0.3477157360406091	True
7b8ce0a081d9ccda7626927c5eec42d2	58799	spontaneous-speech-rwm-58799.mp3	16848	5977	Gulupu sa bhatua luluzu akitoka kolabe bhoni sa kisomo ndia bhaniki?	injo gulupu aki bhikisaga ngu jiba nti kisomo ndia baniki akuws njo gulupu akijibaga ngu abikidi kisomo ka ki cweka menjo njo gulupu akiziba ngu baniki bakaibhi na sadini baka kuhiba ngu mugaso ndiali ka kisomo andiki bakihiba ngu bakabu bisiku bakpa ngeso	1			Amba	train	12.701804368471036		False	0.3320158102766798	False	5.38276428999754	0.8045685279187818	False
01afad16deed014c336c39ed0790a0bc	58947	spontaneous-speech-rwm-58947.mp3	7668	5977	Gulupu sa bhatua luluzu akitoka kolabe bhoni sa kisomo ndia bhaniki?	Gulupu sabha luzu-luzu kali na nesi akitoka kolabe kima poni sa kisomo ndia bhaniki ka ngongua mbili bba	1			Amba	train	11.345852895148669		True	0.00990099009900991	False			False
0038f5497f9f2af927e533e85ee33985	58995	spontaneous-speech-rwm-58995.mp3	24588	5977	Gulupu sa bhatua luluzu akitoka kolabe bhoni sa kisomo ndia bhaniki?	Gulupu sa bhasua luza kisomo kito ndia bhaniki bhaniki injo gulupu gulupu injo ali atikikania kuyo eti eti bhaniki bhasomia	1			Amba	train	4.229705547421506		False	0.2666666666666667	False	4.560566746599676	0.38917089678510997	True
e8eb7188dc741f9c8bd1f3b4b922d0b6	59233	spontaneous-speech-rwm-59233.mp3	23400	5977	Gulupu sa bhatua luluzu akitoka kolabe bhoni sa kisomo ndia bhaniki?	Gulupu kedhatu kibbula sa bhatua luzu luzu kowa bhaniki ndibhasu akiluzaga kabho kisomo menjo dumbi bhaniki nabho bhalika yelia ke yoho bheho ndia bhagbei kolai nau nali sa luzu luzu	1			Amba	train	6.538461538461537		False	0.17318435754189943	False	4.747677627104228	0.5050761421319797	True
ce1fe571c632c175c538f2de6c2f35a4	59325	spontaneous-speech-rwm-59325.mp3	9216	5977	Gulupu sa bhatua luluzu akitoka kolabe bhoni sa kisomo ndia bhaniki?	Bhakubikisa bha ndiekina bhadhuwe somabho bhakibikisa mitalibane ka ngonguwa mbili ndia bhekpa.	1			Amba	train	9.114583333333332		False	0.09782608695652173	False	4.516281746592378	0.36209813874788493	True
06abe4fdd40392815ffcffabe9ccddfd	57578	spontaneous-speech-rwm-57578.mp3	22968	5978	Likilia zomba mili ka Uganda andiki ndiatukiku ka mpinduka sa huwa?	Likilya nikiki jomba mili kangabe nikiki bhisabhe ndiekina njo humali kika luja kima sya buhanguwa akiki mkpa mindyala jombaga mili abhisagebhe ndiekina andulu humali baniki ndibabesu babebhe kulungi	1			Amba	train	7.488679902473006		False	0.19897959183673475	False	5.489937475575997	0.8434856175972927	False
79c70007d8f4df515b1206bb8d666e7b	57687	spontaneous-speech-rwm-57687.mp3	19800	5978	Likilia zomba mili ka Uganda andiki ndiatukiku ka mpinduka sa huwa?	Bana uganda tabhi emi batungiku sente kandi family ndyabho ahindukiya bhasumbibhe nkya ba motoka kandi bakwelibhe ndambho	1			Amba	train	5.303030303030303		False	0.07627118644067798	False	6.9288640236497825	0.9923857868020305	False
2a714f0f48c3450f78b159dbfd6c6c04	57832	spontaneous-speech-rwm-57832.mp3	25236	5978	Likilia zomba mili ka Uganda andiki ndiatukiku ka mpinduka sa huwa?	Bhikilikila zomba mili ka uganda ndia akitukaku kikidhu tunga mbula huwa nau akikigodhililia alujage ndimo alujage nabha ndabho ndiasu ndie kikibha nikialikio  nanga kalibe ndia akigba huwa	1			Amba	train	6.419400855920114		False	0.17204301075268813	False	4.920606253595885	0.6006768189509306	False
0038f5497f9f2af927e533e85ee33985	57949	spontaneous-speech-rwm-57949.mp3	22428	5978	Likilia zomba mili ka Uganda andiki ndiatukiku ka mpinduka sa huwa?	Zomba gbutuamili ka uganda me ndia liku andi zomba mili bhukutugaga mani ama igulana nanga gbutuamili akibikisaga andu bhula kyakulolelo enindi sio bhakpa ndiki dhabhani na semuliki nasono paka kika tunga mbula	1			Amba	train	7.981095059746745		False	0.1159420289855072	False	6.016700847912391	0.939932318104907	False
01afad16deed014c336c39ed0790a0bc	58263	spontaneous-speech-rwm-58263.mp3	13608	5978	Likilia zomba mili ka Uganda andiki ndiatukiku ka mpinduka sa huwa?	Nsia nsia tinikai haaa mani zigai biai injo andulu kizibu  ndie kikitoka tungai bhikilikilia zomba mili	1			Amba	train	6.393298059964726		False	0.050000000000000044	False	5.746872723691518	0.8976311336717429	False
7b8ce0a081d9ccda7626927c5eec42d2	58389	spontaneous-speech-rwm-58389.mp3	23328	5978	Likilia zomba mili ka Uganda andiki ndiatukiku ka mpinduka sa huwa?	Jomba mili ka Uganda akibikisagabe  dhuwa bhakpa nibha kiluza kikalo na bwile sa kicueka nkiyaga jidhi kandi kindia akibikisagabe kanga tunga musa, kanga tunga sente kanga bhuluwa makala tabhi injo bhuluwa mbango.	1			Amba	train	7.758916323731139		False	0.19999999999999996	False	5.052246175115259	0.6649746192893401	False
268635e5ac8169d00be91a407e38d7f4	58609	spontaneous-speech-rwm-58609.mp3	18900	5978	Likilia zomba mili ka Uganda andiki ndiatukiku ka mpinduka sa huwa?	Ali majima kojomba mili akibhikisagha npinduka syahuwa kakyalo ndyekina kojomba mili akibhikisagha nsiya adhuwa mbula dhuwa  dhokai nanga mili injo akibhikisaga mbula kakyalo	1			Amba	train	7.989417989417989		False	0.33333333333333337	False	5.409117798970354	0.8138747884940778	False
839194823957ef6cf0af192facc00f2e	58798	spontaneous-speech-rwm-58798.mp3	22248	5978	Likilia zomba mili ka Uganda andiki ndiatukiku ka mpinduka sa huwa?	Akitukau kima zidhi nanga sigikilia eti mili njo akikiyamhaga ka kabha bisolo ndibha bhali ka paja kenjo bha bha alibe mili ndia akibakagu bhanikia mbuka mbukai bhabisolo bhalika liai kandi bhakiyamba sini sini bhajungu kabika jibai bhabhujiba nibhabhongili kimui	2			Amba	train	10.11326860841424		False	0.21153846153846156	False	4.911911760166819	0.5964467005076142	True
ce1fe571c632c175c538f2de6c2f35a4	59264	spontaneous-speech-rwm-59264.mp3	7776	5978	Likilia zomba mili ka Uganda andiki ndiatukiku ka mpinduka sa huwa?	Bhuherwza tuka ka gavumenti abhongiya nabha niki bhaheniya nkya milimo gavumenti	1			Amba	train	9.002057613168725		True	0.11688311688311692	False			False
aff82a045868be1573431402cd4ccddc	59448	spontaneous-speech-rwm-59448.mp3	40716	5978	Likilia zomba mili ka Uganda andiki ndiatukiku ka mpinduka sa huwa?	Zomba mili ka uga akituliku mbinduka hinduka sa bwile nanga sebhalisio mbula akisokaga bwile poni ati saha sa mbula kindie kindie nikibi keweli ndia ka Okitoba kweli kwekumi adhuwa sokai sini  dumbi nsia akitinikaga nsia akitinikaga libho atumilia kimui bhakpa tiko ndiabho asenda libho agodha ka ka ka ndabho ndia bhakpa 	1			Amba	train	6.63129973474801		True	0.24764890282131657	False			False
09bbee7d294906c21ab763ff5ca35ee2	59585	spontaneous-speech-rwm-59585.mp3	16380	5978	Likilia zomba mili ka Uganda andiki ndiatukiku ka mpinduka sa huwa?	Kikizomba mili ka ka kaka kab byalo ndia bhesu misia endidi akilikaga nakitwika ayelia dumbi ka paka dumbi hhh	1			Amba	train	5.616605616605617		False	0.12149532710280375	False	5.7761954726214	0.9018612521150592	False
79c70007d8f4df515b1206bb8d666e7b	57409	spontaneous-speech-rwm-57409.mp3	21528	5979	Ndwali sa kolona akolabe bhoni sa bhanikia busubuzi ka Uganda?	Kolona akola bhasubuzi bhamabhika nibhakidhabe bizinesi ndiabho kandi bhenjo bhasubuzi bhamabhika ka bwile ndia kolona kibhabhi kikola bba kibhabha nibhali na sente	1			Amba	train	6.642512077294686		False	0.25465838509316774	False	3.810182777982229	0.04991539763113367	True
ce1fe571c632c175c538f2de6c2f35a4	57507	spontaneous-speech-rwm-57507.mp3	4500	5979	Ndwali sa kolona akolabe bhoni sa bhanikia busubuzi ka Uganda?	Ndwali sa kolona asikisia mbusa busubuzi ndiasu 	1			Amba	train	9.11111111111111		True	0.0	False			False
06abe4fdd40392815ffcffabe9ccddfd	57657	spontaneous-speech-rwm-57657.mp3	24480	5979	Ndwali sa kolona akolabe bhoni sa bhanikia busubuzi ka Uganda?	Ndwali sa kolona akolabe bizibu mahingulana ka ka ka bhakpa kandi kabhasubuzi nanga aluza mani niabho poni ndia bhabha nibhabisiku ka sente ndiabho poni nakitelema ka nakihua kola mulimo poni ka uganda nakidhua kima poni nakiluzukana	1			Amba	train	8.088235294117647		False	0.21304347826086956	False	4.205001048019601	0.19204737732656516	True
0038f5497f9f2af927e533e85ee33985	57866	spontaneous-speech-rwm-57866.mp3	26496	5979	Ndwali sa kolona akolabe bhoni sa bhanikia busubuzi ka Uganda?	Ndwali sa kolona akolabe atelemisabe busubuzi ka uganda nanga bhakali bhadhu dhetaga bhakpa poni yekilikaga imamoti busubuzi poni nakidikilia bhakpa nibhakibonabona ka uganda na ntahiya sa government nau nakiya gwabhimba nanga kalibe mindia aya dhayaga piki piki kedha matoka	1			Amba	train	8.944746376811594		False	0.19485294117647056	False	4.835746219639786	0.5532994923857868	True
01afad16deed014c336c39ed0790a0bc	58528	spontaneous-speech-rwm-58528.mp3	14976	5979	Ndwali sa kolona akolabe bhoni sa bhanikia busubuzi ka Uganda?	Nduali sa kolona adhuwa busubuzi nakisikililia mbusa sini nanga gavumenti abhukomisa bhakpa mamikana tukabho ka ngongwa-mbili ndiabho	1			Amba	train	7.812499999999999		False	0.01538461538461533	False	4.3352759746742855	0.2546531302876481	True
268635e5ac8169d00be91a407e38d7f4	58820	spontaneous-speech-rwm-58820.mp3	16776	5979	Ndwali sa kolona akolabe bhoni sa bhanikia busubuzi ka Uganda?	adhuwa bizinesi ndia basubuzi na kiguwa ndia ke bali adhuwa loni nakihisa kima kima ndia bakpa bakpa bafeluwa kima ndiabo nanga bizinesi poni ni badhakiya ndibakakisobola kola	1			Amba	train	8.881735813066285		False	0.2790697674418605	False	4.775000699434182	0.5219966159052454	True
09bbee7d294906c21ab763ff5ca35ee2	58855	spontaneous-speech-rwm-58855.mp3	17820	5979	Ndwali sa kolona akolabe bhoni sa bhanikia busubuzi ka Uganda?	Bhakpa bhazaire kikola losi ka busumi sa kolona nanga bhaniki bhakatemba nanga bhaniki bhakatemba bhaniki bhabhi nibhakatalibanizasu ka inji busumi injo bhaniki bhakatuka ka kilasi nibhakiya kindiekina bba so busumi injo aluzukana	1			Amba	train	11.1672278338945		False	0.33920704845814975	False	4.4127034520318125	0.2952622673434856	True
e8eb7188dc741f9c8bd1f3b4b922d0b6	59287	spontaneous-speech-rwm-59287.mp3	17136	5979	Ndwali sa kolona akolabe bhoni sa bhanikia busubuzi ka Uganda?	Ndwali sa kolona mehe ka Yuganda abha na telemisagi milimo ndia bha nagbananibe na sa busubuzi ndwali injo poni poni nibhakilika lahilia ndwslininjo nanga bho yabhakadhedhelu na tuti zibe eti ndwali ya telemisagi milimo ndiabho	0			Amba	train	11.262838468720824		False	0.2098214285714286	False	4.8759948481798325	0.5736040609137056	True
839194823957ef6cf0af192facc00f2e	59340	spontaneous-speech-rwm-59340.mp3	20556	5979	Ndwali sa kolona akolabe bhoni sa bhanikia busubuzi ka Uganda?	Njo ndwali sa kolona akidweliya bulemezi samani sini sini nanga sigikilya eti buli mkpa abilyaga ukwaka ndia ka kisubula nanga kalibhe katale ndia bikiyagaku ya subula ati njo nakikibikisilya bilemeji mabika ka ndwali sa kolon njo	1			Amba	train	9.48628137769994		False	0.2070484581497798	False	5.346246590732961	0.7918781725888325	False
18df01d60d16de159483408584d06424	59546	spontaneous-speech-rwm-59546.mp3	21780	5979	Ndwali sa kolona akolabe bhoni sa bhanikia busubuzi ka Uganda?	Nduali sa kolona obu ndia aguwa ka kyalo kima poni atelema nanga yabhakambalisanaga nkpa tukaki ka kikalo ndiekina yaki ka kikalo ndiekina, busubuzi ndia Yuganda atalibana sa godhisa abha nke	1			Amba	train	7.438016528925619		False	0.15957446808510634	False	5.529372838725357	0.8527918781725888	False
2a714f0f48c3450f78b159dbfd6c6c04	59674	spontaneous-speech-rwm-59674.mp3	21168	5979	Ndwali sa kolona akolabe bhoni sa bhanikia busubuzi ka Uganda?	Ndwali sa kolona akolabe kizibu ka busubuzi ka Yuganda nanga nkpa yakadhetage nesi abalio nesi bhasubuzi poni bhakikolaga	1			Amba	train	4.913076341647771		False	0.09322033898305082	False	4.616407070203253	0.4263959390862944	True
aff82a045868be1573431402cd4ccddc	59684	spontaneous-speech-rwm-59684.mp3	11196	5979	Ndwali sa kolona akolabe bhoni sa bhanikia busubuzi ka Uganda?	Ndwali sa kolona asikisa mbusa bha subuli nanga bhabhutanga subula kima ndiabho	1			Amba	train	6.073597713469097		False	0.10526315789473684	False	4.167065879264815	0.17428087986463622	True
14482a129cdad77b883cf44ab8ee2666	59691	spontaneous-speech-rwm-59691.mp3	23868	5979	Ndwali sa kolona akolabe bhoni sa bhanikia busubuzi ka Uganda?	Hmm nanka kolona injo abhi kizibu. Busubuzi byoona naki hmm nakikoma yai kamumaiso. Busubuzi abhia nakikola losi ukwaka ka bhasubuzi injo. Kolona kabhi ndwala nungi bba.	1			Amba	train	6.033182503770739		False	0.1987951807228916	False	5.655627055548963	0.8849407783417935	False
