client_id	audio_id	audio_file	duration_ms	prompt_id	prompt	transcription	votes	age	gender	language	split	char_per_sec	quality_tags	duration_filtered	char_4gram_rep	rep_filtered	ppl_score	ppl_pct	quality_keep
c5df5911e2fe9c37bfe33b1deacd2a9c	63780	spontaneous-speech-led-63780.mp3	23796	6687	Ŋá nyù jì ní ndèy cha madhò nyu ndaní ma rónga déy lǎní wánì ddu dhò?	Ŋá nyû jì ní ndey lǎní cha mà dho nyù ndaní mà rónga dey lǎní wánì ddu dhò? À jì mà nyǔ zǎ, mà nyǔ shu, mà nyǔ kwíy zz̀, mà nyǔ dzzga zz̀, ndèymí mà nyǔ kúw-chù ddí ndaní mà rónga déy lǎní wánì ddu nà	1			Lendu	train	6.47167591191797		False	0.3248730964467005	False	4.155674890042896	0.4345864661654135	True
8acb58a60c926b87d6f906bec0e3c36d	63993	spontaneous-speech-led-63993.mp3	16740	6687	Ŋá nyù jì ní ndèy cha madhò nyu ndaní ma rónga déy lǎní wánì ddu dhò?	Ŋá nyû jì ní ndèy cha ma dho nyù ndaní ma rónga déy lǎní wánì ddu dhò? kúw-chù, zǎ ndèymí zz nà	1			Lendu	train	4.420549581839904		False	0.03260869565217395	False	3.8474887443016295	0.2518796992481203	True
9effd7faf8601b37182a0098bf1d23b2	64321	spontaneous-speech-led-64321.mp3	17100	6687	Ŋá nyù jì ní ndèy cha madhò nyu ndaní ma rónga déy lǎní wánì ddu dhò?	Mà dho dyú-zz̀ nyù, ngǔrá-zz̀ nyù, kúw-chù nyù, bbìy nyù zǎ nyù	1			Lendu	train	3.04093567251462		False	0.19999999999999996	False	5.187008372509945	0.9075187969924812	False
b60ffd663a6f4ea05bc69ef86c8ee3e8	64688	spontaneous-speech-led-64688.mp3	21276	6687	Ŋá nyù jì ní ndèy cha madhò nyu ndaní ma rónga déy lǎní wánì ddu dhò?	À kà mà nyǔ bbì ndànà mà rónga déy lǎní  à kà mà nyǔ ǒwzá à léy mà rónga déy lǎní  à kà mà nyǔ ǒw ó bbiy ndanà mà rónga déy lǎní  à kà mà nyǔ wǎchù ndèy ó chì nà kalanga ndanà mà rónga déy lǎní	1			Lendu	train	6.721188193269412		False	0.49473684210526314	True			False
f595d0e1832ceab8c935264c25968409	64711	spontaneous-speech-led-64711.mp3	16308	6687	Ŋá nyù jì ní ndèy cha madhò nyu ndaní ma rónga déy lǎní wánì ddu dhò?	Nyû cha ma dho nyù ndaní ma ma rónga déy lǎní nì vùgá, ǒw ó bbiy, bbǐy, zǎ ndèymí shu nà ddí	1			Lendu	train	4.353691439784155		False	0.0337078651685393	False	4.507796007676034	0.6586466165413534	False
da097b556a52dc7d273093cf8ce97abd	64788	spontaneous-speech-led-64788.mp3	18720	6687	Ŋá nyù jì ní ndèy cha madhò nyu ndaní ma rónga déy lǎní wánì ddu dhò?	À jì mà nyǔ àvùgá à jì mà nyǔ mèddá à jì mà nyǔ làliy ma nyǔ kwíy ní ddiy njàddí mà nyǔ zz mà ní ddiy ndaní ma rónga déy lǎní	1			Lendu	train	5.021367521367521		False	0.29508196721311475	False	4.132072871617558	0.418796992481203	True
eea86ca8ea6b1af65157b06503a99e83	64978	spontaneous-speech-led-64978.mp3	22248	6687	Ŋá nyù jì ní ndèy cha madhò nyu ndaní ma rónga déy lǎní wánì ddu dhò?	Ma dho vùgá nyù ndaní ma rónga déy lǎní ma dho zz ddí nyǔ ndaní ma rónga déy lǎní ma déy klôw  ma dho kúw-chù nyù ndaní ma zǎnga à déy lǎní ma ró jǔw bbíy lǎní ma dho kwíy ka njàddí sâ nà ndaní ma déy klôw nà	1			Lendu	train	7.146709816612729		False	0.4536585365853658	True			False
4690939abbaed200afffde0a457f0324	65305	spontaneous-speech-led-65305.mp3	13896	6687	Ŋá nyù jì ní ndèy cha madhò nyu ndaní ma rónga déy lǎní wánì ddu dhò?	Dyúw, kwíy, zǎ, kúw-chù, ndèymí lòw nà	1			Lendu	train	2.3028209556706964	transcription-length	False	0.0	False	4.244285713103545	0.49849624060150377	True
21fb7f77ccb2d6989e98bcd4edf4c539	65337	spontaneous-speech-led-65337.mp3	21276	6687	Ŋá nyù jì ní ndèy cha madhò nyu ndaní ma rónga déy lǎní wánì ddu dhò?	Mà dho mùchélè nyù zǎ nà mà dho mùddáyì nyù shu nà mà dhó zz nyù kúw kúw-chù nà fúddiy dho ley mà rónga à déy lǎní wánì ddu ó	1			Lendu	train	4.512126339537507		False	0.16393442622950816	False	4.714288295959794	0.7661654135338346	False
f1a9e65b853cca9c7a61a76ceeba58e2	65649	spontaneous-speech-led-65649.mp3	19296	6687	Ŋá nyù jì ní ndèy cha madhò nyu ndaní ma rónga déy lǎní wánì ddu dhò?	Zz, jǔrúgi, làliy, kwíy, mèddá ndèymí tdiytdiy ní nyù nà	1			Lendu	train	2.435737976782753	transcription-length	False	0.018867924528301883	False	4.003011082794936	0.3548872180451128	True
5ead05ed0317f78aa329e93b3f6c2b6c	65842	spontaneous-speech-led-65842.mp3	17748	6687	Ŋá nyù jì ní ndèy cha madhò nyu ndaní ma rónga déy lǎní wánì ddu dhò?	Ndèy ss li rónga nì nyû gbè ǒw tey bbiy zǎ nyùdha vùká nyùdha zz nyùdha kúwchù nyùdha	1			Lendu	train	3.8314176245210727		False	0.1707317073170732	False	5.622832005525602	0.968421052631579	False
69460059366eafce16269260ed3e45b0	66042	spontaneous-speech-led-66042.mp3	18720	6687	Ŋá nyù jì ní ndèy cha madhò nyu ndaní ma rónga déy lǎní wánì ddu dhò?	Ma dho shu ddí nyù madho jǔrúgi ddí nyù kàlángà nà màdho zǎ ddí nyù màdho làli nyu màdho làblù ddí nyù màdho vùgá ddí nyù mà dho mǎngù ddí tdà	1			Lendu	train	5.982905982905983		False	0.3597122302158273	False	5.545506874339793	0.9609022556390977	False
8acb58a60c926b87d6f906bec0e3c36d	63945	spontaneous-speech-led-63945.mp3	15948	6688	Màdhò cha ì nì Silimu nà nì bbalè tsotso kwò ŋǎchú màdhí bba ó?	Mà dhó cha ì nì silímù nà nì bbalè tsotso kwo ŋǎchú màdhí bba ó? Mà bbú ndrǔ dhò ddǎwà ndrǔ thǐy, mà bbú ndrǔ dhò lǎní nyû	1			Lendu	train	5.956859794331577		False	0.1428571428571429	False	3.0682587749764063	0.007518796992481203	True
9effd7faf8601b37182a0098bf1d23b2	65541	spontaneous-speech-led-65541.mp3	17568	6688	Màdhò cha ì nì Silimu nà nì bbalè tsotso kwò ŋǎchú màdhí bba ó?	Mà dho cha ì nì silimu nà ní bbalè tsotso kwo ndrǔ rǎ ddawa djò nzǐ ndrǔ léy fú dhi mí lò ddǒ ì ó nga ddrǒ	1			Lendu	train	4.553734061930783		False	0.029126213592232997	False	3.74370298703159	0.1924812030075188	True
b60ffd663a6f4ea05bc69ef86c8ee3e8	65568	spontaneous-speech-led-65568.mp3	12168	6688	Màdhò cha ì nì Silimu nà nì bbalè tsotso kwò ŋǎchú màdhí bba ó?	Mà gwíy ndrǔ Ddrà mí lò nà mà léy ndrǔ ǔw Yesu mà kwó ndrǔ tsotso cha ddiy mí zòw ma ney ndèy nì nà mà mbǎ ndrǔ ddǎwà djò	1			Lendu	train	7.560815253122945		False	0.14406779661016944	False	3.7312333210980233	0.1849624060150376	True
eea86ca8ea6b1af65157b06503a99e83	65691	spontaneous-speech-led-65691.mp3	19116	6688	Màdhò cha ì nì Silimu nà nì bbalè tsotso kwò ŋǎchú màdhí bba ó?	Mà dho ndrǔ tsotso kwo ndrǔ mbàdha nà ddǎwà-dzà ndrǔ dhí ddǎwà zz̀dha nà mà dho ndrǔ tsotso kwo ndrǔ dhò ndrǔ ró zòw nì  ddiy nà mb nà ddí, nyû nà ddí ndèymí ngéyngéy ní ddiy nà	1			Lendu	train	7.271395689474786		False	0.3390804597701149	False	3.062719714237443	0.006766917293233083	True
3d6b646c1cb9130eb226ee4110f7995d	65996	spontaneous-speech-led-65996.mp3	20808	6688	Màdhò cha ì nì Silimu nà nì bbalè tsotso kwò ŋǎchú màdhí bba ó?	À jì mà dhǒ ndrǔ dho ndrǔ rǎ tsúw dzà ò mà bbú ò ní ndrǔ dho nyû mà bbú ndrǔ dho mbr ndaní nzánà ndrǔ thíy rǎ ò ní ru nzánà ndrǔ mí li thíy dhì rǎ tèy cha ndrǔ dhí  dhi nì ndrǔ ró ddiy jì nà	1			Lendu	train	6.776239907727797		False	0.2994652406417112	False	3.9929800170433363	0.3451127819548872	True
f595d0e1832ceab8c935264c25968409	66097	spontaneous-speech-led-66097.mp3	15948	6688	Màdhò cha ì nì Silimu nà nì bbalè tsotso kwò ŋǎchú màdhí bba ó?	À kà mà bbú ddeydha  ndrúdho ì rónga bbòdha mî fú dhi djo à kà mà léy ndrǔ déy njùwdha ó bba tdèní ndrǔ tsotso kwódha déy kéykéy	1			Lendu	train	6.270378730875345		False	0.11199999999999999	False	4.51368995779499	0.662406015037594	False
f1a9e65b853cca9c7a61a76ceeba58e2	66117	spontaneous-speech-led-66117.mp3	25596	6688	Màdhò cha ì nì Silimu nà nì bbalè tsotso kwò ŋǎchú màdhí bba ó?	Mà mbǎ ndrǔ ddǎwà djò tsúw ka ra bbu ndrǔdho mà kwó ndrǔ tsotso lò nà nzǐ mà pey ndrǔ thíy pèydha ní ndaní ndrǔ ddí mbrř ì ì nì ddìkàddì cha ngǎ ì nì dhi nà  silimu ní chú gbè  nì ndrǔ ní chú gbè ndrǔ ddí chùw ní ya ì kanì ì djú lò dey ney	1			Lendu	train	7.071417408970151		True	0.2067510548523207	False			False
830ccfbc3f4a54ceb8d849dbfe1b520f	66200	spontaneous-speech-led-66200.mp3	23580	6688	Màdhò cha ì nì Silimu nà nì bbalè tsotso kwò ŋǎchú màdhí bba ó?	Fú bbalè dho à jì mà bbú ddiy ma cha mí zòw nì ndrǔ ró nì à rà ngu jì nzǐ mà déy fú bbalè thíy pěy ì dhí fú dhi ró ya mà pěy fú bbalè thiy fú bbalè rà dhì děy nzá ì dhí sâ kâ ní à nì jǐ mà déy fú bbalè nà ddí ddìnga ó gbè cha ddi nì bbalè ní à rà ley ndrǔ jùw  rà dey ddì bbalè ró wá	1			Lendu	train	8.736217133163697		False	0.2857142857142857	False	4.3811948591136325	0.5939849624060151	True
5ead05ed0317f78aa329e93b3f6c2b6c	66559	spontaneous-speech-led-66559.mp3	19440	6688	Màdhò cha ì nì Silimu nà nì bbalè tsotso kwò ŋǎchú màdhí bba ó?	À jì ka gwíy fú ndrú li ddéydha mí lò nà ndèymí ka dhǒ fú ndrú dho fúndrú pbǒ ì rónga ngǎjìní njeydha róddù	0			Lendu	train	4.320987654320987		False	0.10576923076923073	False	3.4736892270112754	0.07218045112781955	True
c5df5911e2fe9c37bfe33b1deacd2a9c	63837	spontaneous-speech-led-63837.mp3	24336	6689	Dhì nzòw ní nzòw nì dǎ ndèy òluw nì tǔwtǔw ní nga ní ddu?	Dhì nzòw ní nzòw nì dǎ ndèy ò luw nì tǔwtǔw ní nga ní ddu dhì nzòw ní nzòw nì dǎ ǒmà luw nì tǔwtǔw ní nga nì ì thǐ ì lǎní chú mí mbr chùwdha nì klǒw dhì nzòw ní nzòw nì dǎ ǒmà luw nì tǔwtǔw ní nga nì ì chǔw kpa nzá ì dhí cho kâ ní njàddí ndrǔ nì lúwkú ddǔw nzá ì dhí cho kâní	1			Lendu	train	8.464825772518079		False	0.44852941176470584	True			False
8acb58a60c926b87d6f906bec0e3c36d	63953	spontaneous-speech-led-63953.mp3	16848	6689	Dhì nzòw ní nzòw nì dǎ ndèy òluw nì tǔwtǔw ní nga ní ddu?	Dhì nzòw ní nzòw nì dǎ ndèy ò luw nì tǔwtǔw ní nga ní ddu dhì nzòw ní nzow tsotso gówdjá vì dey kwo nzǐ	1			Lendu	train	4.688983855650522		False	0.19999999999999996	False	3.671638497070061	0.1586466165413534	True
da097b556a52dc7d273093cf8ce97abd	64642	spontaneous-speech-led-64642.mp3	22788	6689	Dhì nzòw ní nzòw nì dǎ ndèy òluw nì tǔwtǔw ní nga ní ddu?	Dhì nzòw ní nzòw nì dǎ ndèy ó nì lò nì ddì nì ndrǔ bì dey nzòw gòw děy ddùwà ní cha děy nzá ndrǔ dhí cho vì ka ì gǒw ndanà nzòw nì rwo nì mî ndrǔ bì dey tuw měy cha ì chuw ndanà zěyzěy ní ddiy ìdho	1			Lendu	train	6.494646305072846		False	0.23711340206185572	False	4.470688845360032	0.643609022556391	False
789f537bcdf7638af5c97b59bc69a60d	64697	spontaneous-speech-led-64697.mp3	20268	6689	Dhì nzòw ní nzòw nì dǎ ndèy òluw nì tǔwtǔw ní nga ní ddu?	Dhǐ ó nzòw nì chǔw nì tuwtuw nì nga nì li zz̀dha děyddù à nì à gôw ddrá ní nga dho  klódha nì klǒw à ddǎwà dza nì ndì nyi ra chùw bbiydha à nì dhì nzòw ní nzòw dho ràdha nà ddǎwà dzà ò	1			Lendu	train	6.858101440694691		False	0.2099447513812155	False	4.8497816682165595	0.8240601503759398	False
bb53c9cc38fe315d31ecd6251f4b4705	64780	spontaneous-speech-led-64780.mp3	15516	6689	Dhì nzòw ní nzòw nì dǎ ndèy òluw nì tǔwtǔw ní nga ní ddu?	Dhì nzò ní nzòw nì gǒw ków dèyddù ní njǎddí ndrǔ nì gòw děyddù mí nzòw nà ndrǔ nì ngu wá ì ɦíy dè ì ɦíy nì ngu dey rà ngu dey nzòw djá nì nzòw djú lò ddey nzǐ	1			Lendu	train	7.669502449084816		False	0.3096774193548387	False	4.9753229515959	0.8639097744360902	False
eea86ca8ea6b1af65157b06503a99e83	65511	spontaneous-speech-led-65511.mp3	17028	6689	Dhì nzòw ní nzòw nì dǎ ndèy òluw nì tǔwtǔw ní nga ní ddu?	Kpaní nzòw nì dhì nzòw low klôw nà fúnì ddi nì tǔwtǔw ní nga dhì nzòw nì dǎ òmà luw li kówdha děy ddùyà ní nì fúnì ngéy ní lò dhì nzòw nì dǎ òmà luw nì	1			Lendu	train	6.7535823349776845		False	0.31081081081081086	False	4.262910535478193	0.5135338345864662	True
21fb7f77ccb2d6989e98bcd4edf4c539	65631	spontaneous-speech-led-65631.mp3	23076	6689	Dhì nzòw ní nzòw nì dǎ ndèy òluw nì tǔwtǔw ní nga ní ddu?	Dhì nzòw ní nzòw ya ndrǔ chùw ì zz kpa nì ndrǔ gǔ fúnga dzzdjú ya ndrǔ kow ì dza ó ddù ddí kanì njàddí bbalè ddǐy njà ddí bbalè kanì bbǎ fú nì chú nì dhì nzò ní nzòw nì ddǎ ndèy òluw nì túwtúw ní nga	1			Lendu	train	6.586930143872421		False	0.23979591836734693	False	4.08092734130068	0.3954887218045113	True
f595d0e1832ceab8c935264c25968409	65721	spontaneous-speech-led-65721.mp3	17820	6689	Dhì nzòw ní nzòw nì dǎ ndèy òluw nì tǔwtǔw ní nga ní ddu?	Njǎ ndrǔ ka nì kprǎ à rǎ klôw nà ków ò njǎ ndrǔ nzǐ ka nì mbǎ dàrázà njǎ ndrǔ dhò ka nì klǒw ní njí bbu cha ndrǔ nì ǒmà nì bba ó nzá à kà ndrǔ nà nì	1			Lendu	train	6.1167227833894495		False	0.22758620689655173	False	4.905278079215339	0.8406015037593985	False
830ccfbc3f4a54ceb8d849dbfe1b520f	66098	spontaneous-speech-led-66098.mp3	18540	6689	Dhì nzòw ní nzòw nì dǎ ndèy òluw nì tǔwtǔw ní nga ní ddu?	Mà vi dey ndrǔ tsotso kwo nzǐ cha ì vi dey jǐ nì ddiy nà à kà tdè mà kwó ndrǔ tsotso ndaní ndrǔ nzǐ dǎ fú tuwtuw ní nga ò luw fúnì chú rà ley dhì nzòw ní  nzòw rà mà ì já chuw rr lǎní	1			Lendu	train	7.335490830636462		False	0.15555555555555556	False	3.620475444660851	0.13834586466165413	True
69460059366eafce16269260ed3e45b0	66253	spontaneous-speech-led-66253.mp3	10548	6689	Dhì nzòw ní nzòw nì dǎ ndèy òluw nì tǔwtǔw ní nga ní ddu?	Bbalè gòwdha, mb mí zòw, ndèymí nyû mí zòw nà ddí	1			Lendu	train	3.697383390216155		True	0.08695652173913049	False			False
c5df5911e2fe9c37bfe33b1deacd2a9c	63794	spontaneous-speech-led-63794.mp3	19188	6690	Ddudhò njaddí nzòw-djá ddêy ní ì déy ngádha ní ìdhí nzòw nà ndèymí ndrǔ dhò fú lò sì ŋǎchú?	Ddudhò njàddí nzòw-djá ddéy ní ì déy ngádha ní ìdhí nzòw nà ndèymí ndrǔ dhó fú lò si ŋǎchú? Njàddí nzòw tsuw nì ngǎjìní ì dyási mí njuwdha kàó ndèymí à jì ka gwíy ndrǔ Ddrà mí lò nà	1			Lendu	train	7.452574525745258		False	0.1685393258426966	False	3.6118911058612837	0.13233082706766916	True
4690939abbaed200afffde0a457f0324	64765	spontaneous-speech-led-64765.mp3	14400	6690	Ddudhò njaddí nzòw-djá ddêy ní ì déy ngádha ní ìdhí nzòw nà ndèymí ndrǔ dhò fú lò sì ŋǎchú?	À jì ndrǔ njúw nzòw tsò ddǐnga ó ndèymí ndrǔ tdrǎ nzòw nà ndèy kâ nì lò ndaní ndrǔ dhí dhìydha ó nzǐ ndrǔ nzá ì ndrǔ déy ngadha ní	1			Lendu	train	7.013888888888888		False	0.1889763779527559	False	3.9434766556149174	0.31278195488721805	True
bb53c9cc38fe315d31ecd6251f4b4705	64973	spontaneous-speech-led-64973.mp3	18720	6690	Ddudhò njaddí nzòw-djá ddêy ní ì déy ngádha ní ìdhí nzòw nà ndèymí ndrǔ dhò fú lò sì ŋǎchú?	Fú ndrǔ chùw ìdhí nzòw à rr nì ì nzǐ ddíyà fú ndrǔ bbà ìdhí nzòw nǔ à fǔchú à déy nzǐ ddíyà ndrǔ tdra nì do nà lò ndrǔ nzǒw 'wíy ddí thà fú ndrǔ ró	1			Lendu	train	5.92948717948718		False	0.24305555555555558	False	4.6290606956686	0.7285714285714285	False
f1a9e65b853cca9c7a61a76ceeba58e2	65329	spontaneous-speech-led-65329.mp3	23148	6690	Ddudhò njaddí nzòw-djá ddêy ní ì déy ngádha ní ìdhí nzòw nà ndèymí ndrǔ dhò fú lò sì ŋǎchú?	À nì fú ngba bbǎ frǐ ndeyní nzánà ndèy rǎ ju tsò nzǐ fú ngba nì ndèy chuw rř ddiydhò à nì fú ngba bbǎ swà fú ngba nì njěy nì ngǎjìní nga djú ddíyà à nì ddéy ddí nzǐ ddiydhò nzǐ à nì à chuw rř ddiydhò	1			Lendu	train	6.652842578192501		False	0.3484848484848485	False	4.256977124040402	0.5060150375939849	True
830ccfbc3f4a54ceb8d849dbfe1b520f	65492	spontaneous-speech-led-65492.mp3	26136	6690	Ddudhò njaddí nzòw-djá ddêy ní ì déy ngádha ní ìdhí nzòw nà ndèymí ndrǔ dhò fú lò sì ŋǎchú?	Njàddí nzòw djòkpa nì ngǎjì ní fú nì chú lêy nì ndey à mba nì thǒw nzòw djá ó fú nì rà ngu djì fú nzòw djá nà ka njúw ndrǔ tsò ddìnga ó ka gbǎ ndrǔ tsò ndaní ka njǎ lò mà cha ndey dho ndrǔ kǎnga ngù ví ìdhí nzòw nǎnì ddudjú ddù ya ka bbà ndrǔ funíní ndrǔ rà ì dhí nzòw ddí gù fú nzòw rà ngu ddíya ngǎjìní nzòw ní wá má ì rà ngu wánzà ngǎjìní ddiy mà njèy	1			Lendu	train	10.330578512396697		True	0.28205128205128205	False			False
f595d0e1832ceab8c935264c25968409	65888	spontaneous-speech-led-65888.mp3	16416	6690	Ddudhò njaddí nzòw-djá ddêy ní ì déy ngádha ní ìdhí nzòw nà ndèymí ndrǔ dhò fú lò sì ŋǎchú?	Njàddí nzòw djùkpa nì klǒw à lêy ndrǔ djá ji nì nzǐ ndrǔ dhí lò fúddiy dhò à kà nzá nzòw-djá nzǎ ìdhí nzòw gwiydha nà	1			Lendu	train	5.604288499025341		False	0.1228070175438597	False	3.7495858814927487	0.19323308270676692	True
21fb7f77ccb2d6989e98bcd4edf4c539	65926	spontaneous-speech-led-65926.mp3	20556	6690	Ddudhò njaddí nzòw-djá ddêy ní ì déy ngádha ní ìdhí nzòw nà ndèymí ndrǔ dhò fú lò sì ŋǎchú?	À kà fú nzòw-djá dhò ka bbú nyǔ'wiy lò-tsìdha mî ndení ndrǔ tsǐ níyà ì chú nì ìdhí nzòw djùkpa ddàdha-djá ndèymí ìdhí nzòw rónga pbòdha-djá nà	1			Lendu	train	5.643121229811247		False	0.1294964028776978	False	3.7629241403633626	0.19849624060150375	True
69460059366eafce16269260ed3e45b0	66155	spontaneous-speech-led-66155.mp3	9720	6690	Ddudhò njaddí nzòw-djá ddêy ní ì déy ngádha ní ìdhí nzòw nà ndèymí ndrǔ dhò fú lò sì ŋǎchú?	Ngèy tdràdha lǎní lò ró fú nzòw dho ndaní ndrǔ tsotso kwo wá nì nga nà	1			Lendu	train	5.658436213991769		True	0.0	False			False
5ead05ed0317f78aa329e93b3f6c2b6c	66197	spontaneous-speech-led-66197.mp3	21528	6690	Ddudhò njaddí nzòw-djá ddêy ní ì déy ngádha ní ìdhí nzòw nà ndèymí ndrǔ dhò fú lò sì ŋǎchú?	Fú nì zòw nyá nì nì lò à lêy  njàddí ndrǔ ji nì ìdhí nzòw déy ngádha ní à jì ka gwíy ndrǔ ndrǔ tsǐ lò nyǔ'wiy mí lò djò ka chó ndrǔ dhí nzòw à rǎ sùkúl ò ndaní fú nzòw ndrǔ chǔw ní lǎní nyǔ'wíy cha ndrǔ  ndanà  bba djùkpa ddà nì	1			Lendu	train	7.989594946116686		False	0.1777777777777778	False	3.830687226552072	0.23684210526315788	True
c5df5911e2fe9c37bfe33b1deacd2a9c	63833	spontaneous-speech-led-63833.mp3	21168	6691	Li-gwíydha mí lǎní nga ní ddù nyìdhí bba ó?	Li-gwíydha mí lǎní nga ní ddu nyìdhí bba ó? Li-gwíydha mí lǎní nga nì à léynì bbalè déy nyǔ'wiy nà à léy nì bbalè chuw njí ngéy ní nga ò à léy nì bbalè tsǐ lǎní lò ndèymí ngǎjìní nà cha ìdho ndanà ì rónga pbò nì	1			Lendu	train	7.794784580498867		False	0.28846153846153844	False	3.044710253421476	0.006015037593984963	True
8acb58a60c926b87d6f906bec0e3c36d	63973	spontaneous-speech-led-63973.mp3	14796	6691	Li-gwíydha mí lǎní nga ní ddù nyìdhí bba ó?	Li-gwíydha mí lǎní nga ní ddu nyìdhí bba ó? À léy nì bba dhiy nì à léy nì màdhí nzòw chuw nì chěy ní nyǔ'wiy	1			Lendu	train	5.6772100567721		False	0.12380952380952381	False	3.1295446671208405	0.016541353383458645	True
789f537bcdf7638af5c97b59bc69a60d	64163	spontaneous-speech-led-64163.mp3	27036	6691	Li-gwíydha mí lǎní nga ní ddù nyìdhí bba ó?	Li-gwíydha mí lǎnínga màdhí bba ó ànì à léy nì bbalè wánì tsi nì lò à léy nì bbalè wá nì déy nì cha ddiy njèydha  cha ney ndèy dhò li ngbíydha mbà nì li-gwiydha ká kà nì ney nyìdhí bbakǎ nyi rà ley nyi rà chùw  ngǎjìní lò cha kà dho ngǎjìní lò mbà nyì dhí bbakàó nì dho ndèy njèy nzǐ li-gwiydha nì ya ney nyìdhí bbakàó ro nyi ra chùw bbalè nì wá lidhokpa nà nì ddiy nà ndrǔ ngbîy ì ndanà cha ney ì dho ndanà lò njèy nì	1			Lendu	train	11.984021304926763		True	0.3831325301204819	False			False
21fb7f77ccb2d6989e98bcd4edf4c539	64649	spontaneous-speech-led-64649.mp3	25668	6691	Li-gwíydha mí lǎní nga ní ddù nyìdhí bba ó?	Li-gwíydha à nì li dhí djiy mí lìfùngúlà à kló nì wánì tuwtsò à bbú nì nyǔ'wiy mb chùwdha mî à bbú nì nyǔ'wiy lidhí ddiy rónga pbòdha mî à bbú nì nyǔ'wiy mb nà ka dho njí njèy mî ndeyní ka déy ddiy nà	1			Lendu	train	6.077606358111267		True	0.25888324873096447	False			False
69460059366eafce16269260ed3e45b0	65026	spontaneous-speech-led-65026.mp3	13140	6691	Li-gwíydha mí lǎní nga ní ddù nyìdhí bba ó?	À pu nì nzòw nyú ddà nzòw chuw nì nyǔ'wiy nzòw chuw nì lò tsì dha lǎní	1			Lendu	train	4.10958904109589		False	0.23880597014925375	False	3.8235076548118445	0.23157894736842105	True
4690939abbaed200afffde0a457f0324	65515	spontaneous-speech-led-65515.mp3	15300	6691	Li-gwíydha mí lǎní nga ní ddù nyìdhí bba ó?	Li-gwíydha mba nì nga dhìydha li-gwíydha léy nì màdhí bba ó nzòw nyútey pu nì ndèy à léy nì lǎní lò shi nì ngéy ní nga óddù mà kàó	1			Lendu	train	6.666666666666666		False	0.1889763779527559	False	3.2802428032873783	0.029323308270676692	True
830ccfbc3f4a54ceb8d849dbfe1b520f	65645	spontaneous-speech-led-65645.mp3	23400	6691	Li-gwíydha mí lǎní nga ní ddù nyìdhí bba ó?	Li-gwiydha rà ley nyi rà dhǐy chùw  lèy ní dhǐy li-gwiydha rà ley cha ka njey nì li ndanà nì bíy ní nì lò má cha ndèy low nì nga nzǐ nì nzǐ nyi rà njèy ma cha ŋà nyì gwǐ nyì nì bbalè nyì rà ngu nzǐ fǔchú  lò mà jì njèy lì-gwíydha rà léy ka tsi nì li rútsó nì bbalè nà ddí lǎní	1			Lendu	train	8.93162393162393		False	0.2783882783882784	False	4.766072054762402	0.7917293233082707	False
da097b556a52dc7d273093cf8ce97abd	65789	spontaneous-speech-led-65789.mp3	22716	6691	Li-gwíydha mí lǎní nga ní ddù nyìdhí bba ó?	Li-gwíydha mí lǎnínga màdhí bba ónì ddì nì à léy mà tsi lò, rwo nì mǐ ka nyi nì mà, gbow nì mǐ ya ddiy má ndèy shì nì à shi nì ngbír mà ródho nà, tho nì mǐ à léy nì cha ngéy ní bbalè má ì nì rǎ dhǐy njèy màdhí bba ó nì nzǐ ndrǔ shi nì	1			Lendu	train	7.70382109526325		False	0.20346320346320346	False	4.125418215581315	0.4142857142857143	True
eea86ca8ea6b1af65157b06503a99e83	65847	spontaneous-speech-led-65847.mp3	19008	6691	Li-gwíydha mí lǎní nga ní ddù nyìdhí bba ó?	Li-gwíydha léy nì mà chuw nì nyǔ'wiy mà déy ndanà màdhí dziylíy ónì à léy nì mà tsinì ngéyngey ní lò ndèy nì ndèy njěy nì í dziylíy djú nì à ley  màdhí dziylíy ddí dhǐy njàddí bbalè dhí  níchú gbè	1			Lendu	train	8.101851851851853		False	0.24870466321243523	False	3.19934079351151	0.02481203007518797	True
f595d0e1832ceab8c935264c25968409	66227	spontaneous-speech-led-66227.mp3	18468	6691	Li-gwíydha mí lǎní nga ní ddù nyìdhí bba ó?	Li djùkpa ddàdha li-gwíydha-djá kíydhà drŕ nì ndèy li djùkpa ddàdhá-djá kíyddà ddí drŕ nì ndèy à mba nì lǎní lò bíy ní nì shi nì bbakǎ ney li-gwíydha nì ro	1			Lendu	train	6.876759800736409		False	0.2857142857142857	False	3.9053382210348193	0.2894736842105263	True
f1a9e65b853cca9c7a61a76ceeba58e2	66425	spontaneous-speech-led-66425.mp3	24480	6691	Li-gwíydha mí lǎní nga ní ddù nyìdhí bba ó?	À nì lǎní lò mba nyidhí bba ò à nì ddiy dzìdha mba à nì nyì nyì nì njey nyìdhí bba ó nì lò nyì dò  tdiytdiy ní bbúw ddí rà njèy à rà lǎní lò mbà à rà mb mbà à rà wá ney cha nyì kà nyì njěy ní lò jì tdiytdiy ní nì mbà	0			Lendu	train	6.495098039215686		False	0.323943661971831	False	5.352032871207142	0.9360902255639098	False
bb53c9cc38fe315d31ecd6251f4b4705	66426	spontaneous-speech-led-66426.mp3	20340	6691	Li-gwíydha mí lǎní nga ní ddù nyìdhí bba ó?	À léy nì bbalè déy nì jǐ nà à léy nì bbalè dho à pbú nì nyǔ'wiy ì dhí bba ó à ká ley bbalè ká dey lò rr̀dha nà ndrǔ ká dey lǎní ì dhí bba ó ndrǔ ká dey lò rr̀dha nà ney	1			Lendu	train	6.096361848574238		False	0.38181818181818183	False	3.3165805672435806	0.035338345864661655	True
9effd7faf8601b37182a0098bf1d23b2	66469	spontaneous-speech-led-66469.mp3	16056	6691	Li-gwíydha mí lǎní nga ní ddù nyìdhí bba ó?	Màdhí bba ó nì à nì ley nzòw nì dhǐy chǔw à nì ley mà nì ngéyngéy ní lò tsǐ	1			Lendu	train	3.4877927254608867		False	0.16666666666666663	False	3.880757548122833	0.2699248120300752	True
5ead05ed0317f78aa329e93b3f6c2b6c	66611	spontaneous-speech-led-66611.mp3	19008	6691	Li-gwíydha mí lǎní nga ní ddù nyìdhí bba ó?	À bbú nì lidjòkpa ddàdha mí nyǔ'wiy à léy nì ka tsi nì lò njítsò djò nga njàdha mî à léy nì ka dda nì bba djòkpa lǎní	1			Lendu	train	4.734848484848485		False	0.20175438596491224	False	4.560147516346479	0.6924812030075188	False
c5df5911e2fe9c37bfe33b1deacd2a9c	63838	spontaneous-speech-led-63838.mp3	20160	6692	Déydha ngǎ dhiy ní nì sǎ bbalè ŋǎchú nyìdhí bba ó?	Déydha ngǎ ddiy ní sǎ bbalè ŋǎchú nyìdhí bba ó? Fúddiy lêy bbalè ngu tss-djá ní fúddiy lêy bbalè ngu gbu-djá ní fúddiy lêy bbalè ngu zòw-djá ní bbalè ngu ddíyà ì dyási lò tèydha -djá ní	1			Lendu	train	7.390873015873016		False	0.39010989010989006	False	3.5609823755713554	0.10902255639097744	True
8acb58a60c926b87d6f906bec0e3c36d	63924	spontaneous-speech-led-63924.mp3	16056	6692	Déydha ngǎ dhiy ní nì sǎ bbalè ŋǎchú nyìdhí bba ó?	Déydha ngǎ ddiy ní nì sǎ bbalè ŋǎhú nyìdhí bba ó? À lêy bbalè nì gbu-djá ní	1			Lendu	train	3.674638764324863		False	0.08333333333333337	False	3.3858320100602692	0.05338345864661654	True
bb53c9cc38fe315d31ecd6251f4b4705	64080	spontaneous-speech-led-64080.mp3	17388	6692	Déydha ngǎ dhiy ní nì sǎ bbalè ŋǎchú nyìdhí bba ó?	À léy bbalè ngú gbu ní njàddí ndrǔ dhí ddiy ddǔw wǎthò luw ì bbì nga nì fúddiy lêy bbalè nì gbù fú ndrú dhí nyû nì ngǎ fú ndrú dhí lǎní ddiy ddí nì ngǎ	1			Lendu	train	6.6712675408327575		False	0.2432432432432432	False	4.303298301621394	0.5451127819548872	True
da097b556a52dc7d273093cf8ce97abd	64190	spontaneous-speech-led-64190.mp3	14400	6692	Déydha ngǎ dhiy ní nì sǎ bbalè ŋǎchú nyìdhí bba ó?	Déydha ngǎ dhì ní nì à léy bbalè ngû wa rr ní à ley bbalè ngû gbudjá ní à ley bbalè  ngû bbǎlà njèydha djá ní à sà Ddrà mí lò ddí	1			Lendu	train	6.736111111111111		False	0.2698412698412699	False	4.404846568800808	0.606015037593985	False
b60ffd663a6f4ea05bc69ef86c8ee3e8	64290	spontaneous-speech-led-64290.mp3	17496	6692	Déydha ngǎ dhiy ní nì sǎ bbalè ŋǎchú nyìdhí bba ó?	Déydha ngǎ dhì ní nì à léy nyi ɦuwdjò déy ngǎ à léy nyi nzi drǒ à léy nyi rr̀dja déy ngǎ à  léy ka ji nyi bba ò nyìdhí ngá bba ó ddí nzǐ	1			Lendu	train	5.772748056698674		False	0.24812030075187974	False	4.8340683091647625	0.8172932330827067	False
f595d0e1832ceab8c935264c25968409	64434	spontaneous-speech-led-64434.mp3	18576	6692	Déydha ngǎ dhiy ní nì sǎ bbalè ŋǎchú nyìdhí bba ó?	À lêy nzòw bbà zey drázà í nì klǒw lèyní nzòw djá dho à lêy njaddí djá ngû gbu-djá ní ngéyní bba kà ò luw à lêy nja ndrú tsâ ì dhí djá ní ró	1			Lendu	train	5.706287683031869		False	0.18248175182481752	False	4.5918835921643035	0.7127819548872181	False
5ead05ed0317f78aa329e93b3f6c2b6c	64612	spontaneous-speech-led-64612.mp3	22320	6692	Déydha ngǎ dhiy ní nì sǎ bbalè ŋǎchú nyìdhí bba ó?	À ngù njàddí ndrǔ nì gbu-djá ì làyi mí ddiy ró à lêy njàddí ndrǔ nì drò-djá ì làyi ró à lěy njàddí ndrǔ dho nzǐ cha ì làyi nì njěy nì ddiy njà lǎní	1			Lendu	train	5.062724014336918		False	0.35416666666666663	False	3.76964776400585	0.2	True
4690939abbaed200afffde0a457f0324	64859	spontaneous-speech-led-64859.mp3	17496	6692	Déydha ngǎ dhiy ní nì sǎ bbalè ŋǎchú nyìdhí bba ó?	À mba nì bbalè gbu dè à léy nì ɦùw chey nì bbakà ó à léy nì bbalè dhí nga ddéydha ddí sa nì ndèy ddiy tdùwdha nà	1			Lendu	train	4.858253315043439		False	0.21100917431192656	False	3.683618102667317	0.16015037593984963	True
789f537bcdf7638af5c97b59bc69a60d	65159	spontaneous-speech-led-65159.mp3	23040	6692	Déydha ngǎ dhiy ní nì sǎ bbalè ŋǎchú nyìdhí bba ó?	Déydha ngǎ ddiy nà nì à ley nì nzòw so nì nzǐ déydha ngǎ ddiy nà nì à mba nì gbu déydha ngǎ ddiy nà nì à léy nyi ngú lò dja ní bbalè tsò ró na nì  déydha ngǎ ddiy nà nì à léy nyi rr mí haa nyi ró nga déy shú ma nyi wá nì sâ nà kà nja ndèy gbè nyi nì dhi nà nì li ní chú	1			Lendu	train	8.550347222222223		False	0.37969924812030076	False	4.5270876252249215	0.6721804511278195	False
830ccfbc3f4a54ceb8d849dbfe1b520f	65284	spontaneous-speech-led-65284.mp3	21636	6692	Déydha ngǎ dhiy ní nì sǎ bbalè ŋǎchú nyìdhí bba ó?	Déydha ngǎ ddiy nà nì à léy nì bbi mà njàddí sâ nà ya nyi kô ndeyli dèdù ddiy fú bbi nyúddà ngùdha rà ngu shì nyi djòluw fuchú à léy nì ka tdra nì bbalè wá à déy ddiy nà ddudjúddù ya nyi zz ndèyli ngá ddiy ya ngǎ nyǐ nga ddiy nì fúddiy nyúddà ngùdha bbìtsò rà ngu shì nyi djòluw	1			Lendu	train	9.983361064891849		False	0.29454545454545455	False	4.429210312235132	0.6203007518796992	False
eea86ca8ea6b1af65157b06503a99e83	65453	spontaneous-speech-led-65453.mp3	22788	6692	Déydha ngǎ dhiy ní nì sǎ bbalè ŋǎchú nyìdhí bba ó?	Déydha ngǎ dhǐy ní nì léy bbalè ngû gbudjá ní bbalè nì ì layí dhí ddiy ddǔw nzá ndrǔ dhî ní à lêy bbalè ndrò ì ì làyí nà	1			Lendu	train	4.037212568018255		False	0.14529914529914534	False	4.724852662446431	0.7736842105263158	False
69460059366eafce16269260ed3e45b0	65890	spontaneous-speech-led-65890.mp3	17100	6692	Déydha ngǎ dhiy ní nì sǎ bbalè ŋǎchú nyìdhí bba ó?	À lêy bbalè ngû gbúdjá ní à lêy bbalè nì bbalè dhí ddiy sǎ nza ò luw à lêy bbalè ngû zòwdjá nì	1			Lendu	train	4.2105263157894735		False	0.31868131868131866	False	3.5957507666169146	0.12481203007518797	True
21fb7f77ccb2d6989e98bcd4edf4c539	66013	spontaneous-speech-led-66013.mp3	24840	6692	Déydha ngǎ dhiy ní nì sǎ bbalè ŋǎchú nyìdhí bba ó?	Déydha ngǎ ddiy ní nì à ngu nì bbalè zòw ní à léy nì bbalè so nì tho nì nzǐ à léy nì bbalè dhí chěy ní  lò ddí tde nì ngǎ à léy nì bbalè kǎ ngéyngéy ní déydha jì njàddí bbalè nà à sa nì bbalè dhí nyí	1			Lendu	train	5.998389694041868		False	0.34183673469387754	False	3.6142766569193348	0.13383458646616542	True
f1a9e65b853cca9c7a61a76ceeba58e2	66351	spontaneous-speech-led-66351.mp3	21600	6692	Déydha ngǎ dhiy ní nì sǎ bbalè ŋǎchú nyìdhí bba ó?	À lêy bbalè ngû tsǎr déydha bbò nì ngǎ bbalè nì bbiy re kúw ó bbalè nì nga rř nzǐ bbalè disco bbǐ à sà bbalè dhí deydha lǎní nì	1			Lendu	train	4.583333333333333		False	0.20799999999999996	False	3.756900332751548	0.19548872180451127	True
c5df5911e2fe9c37bfe33b1deacd2a9c	63783	spontaneous-speech-led-63783.mp3	21996	6693	Djow-djá pbò ní ì dhí nyù-tsi rónga ŋǎchú kǎ kà róddù ndèymí dhi nà?	Djow-djá pbo ní ìdhí nyû-tsi rónga ŋǎchú kǎkà róddù ndèymí dhi na? Kǎkà róddù à jì ka hwǒ nyû rónga déy ngbá ka rǔ húrr cha kǎkà nì míngǎ ndèymí kà sš, dǎwà nyû djò	1			Lendu	train	5.955628296053828		False	0.14197530864197527	False	3.8916055305937416	0.2796992481203007	True
8acb58a60c926b87d6f906bec0e3c36d	63951	spontaneous-speech-led-63951.mp3	17316	6693	Djow-djá pbò ní ì dhí nyù-tsi rónga ŋǎchú kǎ kà róddù ndèymí dhi nà?	Djow-djá pbo ní ìdhí nyû-tsi rónga ŋǎchú kǎkà róddù ndèymí dhi nà? Ndrǔ tdow nì ngéyngéy ní nyû-tsi bǐy ró	1			Lendu	train	5.024255024255025		False	0.08737864077669899	False	3.355825767987906	0.0443609022556391	True
830ccfbc3f4a54ceb8d849dbfe1b520f	64463	spontaneous-speech-led-64463.mp3	16380	6693	Djow-djá pbò ní ì dhí nyù-tsi rónga ŋǎchú kǎ kà róddù ndèymí dhi nà?	Mà pbo nì mà dhí ddiy ro nga ddèr ó mà pbo nì mà dhí ddiy ró nga sákì ó ndaní fú ddiy déy lǎní ndeyní ddiy tss ddí mǎ màdho lǎní fú nì chú à nì mà pbo nì mà dhí ddiy ró nga djì	1			Lendu	train	7.9975579975579985		False	0.3872832369942196	False	3.4474892815398652	0.06541353383458647	True
5ead05ed0317f78aa329e93b3f6c2b6c	64818	spontaneous-speech-led-64818.mp3	19188	6693	Djow-djá pbò ní ì dhí nyù-tsi rónga ŋǎchú kǎ kà róddù ndèymí dhi nà?	À jì ka dzǎ cha kǎkà ndèy dho ɦwì nì nyû djú tsúw djò njàddî ka ddá cha ndèynì dhi nà nì nyû gu dyasi kà ó ddù nzánà à nyá dhi ngéy ní nì dho	1			Lendu	train	5.52428601209089		False	0.13043478260869568	False	4.770412400996022	0.793984962406015	False
69460059366eafce16269260ed3e45b0	64930	spontaneous-speech-led-64930.mp3	12780	6693	Djow-djá pbò ní ì dhí nyù-tsi rónga ŋǎchú kǎ kà róddù ndèymí dhi nà?	Cha dhi lòw nì nyû-tsi rónga chú  ndrǔ tuw nì gu nza óddù njàddí nga nà ndrǔ njey nì njí tsúw nà	1			Lendu	train	5.790297339593113		False	0.08602150537634412	False	4.119485580803191	0.40827067669172934	True
eea86ca8ea6b1af65157b06503a99e83	64964	spontaneous-speech-led-64964.mp3	20916	6693	Djow-djá pbò ní ì dhí nyù-tsi rónga ŋǎchú kǎ kà róddù ndèymí dhi nà?	Djow-djá léy nì ddǎwà ìdhí nyǔ-tsi ró, djow-djá ley nì ìdha nyû-tsi ddow ò njàddí sǎ nà njàddí sâ nà djow-djá ley nì ìdhí nyû-tsi ddèr ò ddí ndaní à pbǒ à rónga njàddí djú njàddí bbalè ley nì yǎdha ìdhí nyû djú	1			Lendu	train	8.032128514056225		False	0.3429951690821256	False	4.382713585518187	0.5954887218045113	True
f595d0e1832ceab8c935264c25968409	64972	spontaneous-speech-led-64972.mp3	16416	6693	Djow-djá pbò ní ì dhí nyù-tsi rónga ŋǎchú kǎ kà róddù ndèymí dhi nà?	Ndrǔ zźnì ddawa djònò ndrǔ ddá nì gila ní cha nzǐ ndèynì ndèyjǐnì ndrǔ túw nì kà nì oluw cha ndèynì ngǎ lǎní nì gudjò	1			Lendu	train	5.726120857699805		False	0.18260869565217386	False	4.74666728038321	0.7857142857142857	False
789f537bcdf7638af5c97b59bc69a60d	65467	spontaneous-speech-led-65467.mp3	24660	6693	Djow-djá pbò ní ì dhí nyù-tsi rónga ŋǎchú kǎ kà róddù ndèymí dhi nà?	Djow-djá pbo nì ìdhí nyû rónga kǎkà róddù í lò jì nà ddì nì à ji nyi dzž tsúw nyi nzǐy dda nà nyi jí djònò à nì jǐ nyi thǐ ddiy nza kàtéy nga à déy ngba nzánà ngéy ní lò jì kà rà tsùw nyìmí nza ò	1			Lendu	train	6.001622060016221		False	0.11917098445595853	False	5.063402217453604	0.8819548872180452	False
9effd7faf8601b37182a0098bf1d23b2	65555	spontaneous-speech-led-65555.mp3	17460	6693	Djow-djá pbò ní ì dhí nyù-tsi rónga ŋǎchú kǎ kà róddù ndèymí dhi nà?	Djowdjá pbò nì ìdhí nyû rónga kǎkà ró ddu ddǎwà ssdha nà nyûdjò ɦwò ɦwòdha nà nyû rónga déy lǎní	1			Lendu	train	4.410080183276059		False	0.18279569892473113	False	4.2951128177224955	0.5375939849624061	True
b60ffd663a6f4ea05bc69ef86c8ee3e8	65793	spontaneous-speech-led-65793.mp3	9936	6693	Djow-djá pbò ní ì dhí nyù-tsi rónga ŋǎchú kǎ kà róddù ndèymí dhi nà?	Njàddí ndrǔ ss nì ddǎwà njǒmà njàddí ndrǔ ss nì ddǎwà nzǐ ndrǔ bba nì nǔ fǔchú	1			Lendu	train	6.239935587761675		True	0.3466666666666667	False			False
bb53c9cc38fe315d31ecd6251f4b4705	65963	spontaneous-speech-led-65963.mp3	16236	6693	Djow-djá pbò ní ì dhí nyù-tsi rónga ŋǎchú kǎ kà róddù ndèymí dhi nà?	Ndrǔ léy nì ddèrr̀ ò ndrǔ léy nì gòléy ò ndrǔ léy nì sákì ó njàddí nì ndrǔ ss nì ròmà ddǎwà nzánà kǎkà ká ìdhí nyû-tsi kà	1			Lendu	train	5.78960335057896		False	0.22033898305084743	False	4.650252915843369	0.7383458646616541	False
f1a9e65b853cca9c7a61a76ceeba58e2	66103	spontaneous-speech-led-66103.mp3	16740	6693	Djow-djá pbò ní ì dhí nyù-tsi rónga ŋǎchú kǎ kà róddù ndèymí dhi nà?	Ndrǔ nì tsúw sš djǒmà ndrǔ ní léy ddèr ò á wò gǒwlé ò ndrǔ nì léy tdów ò luw	1			Lendu	train	3.464755077658303		False	0.1351351351351351	False	5.916062065894777	0.9827067669172932	False
da097b556a52dc7d273093cf8ce97abd	66282	spontaneous-speech-led-66282.mp3	18720	6693	Djow-djá pbò ní ì dhí nyù-tsi rónga ŋǎchú kǎ kà róddù ndèymí dhi nà?	Djow-djá pbo nì ìdhí nyû rónga kǎkà róddù ndèymí dhi róddù ǐchú màdhí bba  ddì nì ndrǔ hwo nì hwô  nyû téynga déy lǎní rwo nì mî ndrǔ dza nì tsúw fú nyǔ djòluw wá ndèynì mí nga ró chú	1			Lendu	train	7.585470085470086		False	0.12222222222222223	False	3.8789928091342607	0.26917293233082706	True
3d6b646c1cb9130eb226ee4110f7995d	66322	spontaneous-speech-led-66322.mp3	18468	6693	Djow-djá pbò ní ì dhí nyù-tsi rónga ŋǎchú kǎ kà róddù ndèymí dhi nà?	Ndrǔ ss nì ddawa fú kǎkà nì sǎ nì nyû aa njà ddî ndrǔ tuw nì fú dhi lòw ní gu kà nì ó ddù nzá nà à nyá ò ní dhi ndaní dhi déy ò ní ngǎ	1			Lendu	train	5.252328351743556		False	0.13740458015267176	False	5.373765561827377	0.9390977443609022	False
c5df5911e2fe9c37bfe33b1deacd2a9c	63851	spontaneous-speech-led-63851.mp3	18036	6694	Nyì njèy ní ddù yěnga ddu mí sídha ó?	Nyi njey ní ddu yěngà ddù mí sídha ó? Yenga ddù mí sídha ó za-njí nà ma njey nì njí bbakàó bbakà ónga thìdha mî nděymí rù gbúdha mî yǎngà nà mà ra nì Ddrà-dzà ò	1			Lendu	train	6.930583277888666		False	0.19108280254777066	False	4.477036993358581	0.6458646616541354	False
8acb58a60c926b87d6f906bec0e3c36d	63981	spontaneous-speech-led-63981.mp3	13068	6694	Nyì njèy ní ddù yěnga ddu mí sídha ó?	Nyi njey ní ddu yěngà ddu mí sídha ó magwí nì nzòw ngwo nà Ddrà dzà ó	1			Lendu	train	4.055708601163147		False	0.030303030303030276	False	5.341396845841864	0.9315789473684211	False
da097b556a52dc7d273093cf8ce97abd	64270	spontaneous-speech-led-64270.mp3	15588	6694	Nyì njèy ní ddù yěnga ddu mí sídha ó?	Yěnga ddù mí ssídha ó ma nja nì film mara nì nza ò nza bbì ma ú nì ru  aa Yenga nà chú ma ra nì  Ddrà dzà ò ra madha bbu Ddrà dhò	1			Lendu	train	6.030279702335129		False	0.1428571428571429	False	5.360218760144521	0.937593984962406	False
830ccfbc3f4a54ceb8d849dbfe1b520f	64569	spontaneous-speech-led-64569.mp3	22680	6694	Nyì njèy ní ddù yěnga ddu mí sídha ó?	Yěngà ddù mí sídha ó ma njanì màtsá rù rónga déy lǎní ma léy nì ka gbú nì ma gbú nì ddí ma njàddí sǎ nà ya ɦìytss ní li nì dhǐy nà njǎddî ma nja nì màtsá bba kǎ  bba kà rónga déy lǎní  ndaní cha ì nì ney nì ddiy mà tsò ma njúw lǎní	1			Lendu	train	7.627865961199294		False	0.24122807017543857	False	3.8204441736666865	0.23007518796992482	True
3d6b646c1cb9130eb226ee4110f7995d	64913	spontaneous-speech-led-64913.mp3	17280	6694	Nyì njèy ní ddù yěnga ddu mí sídha ó?	Ma gbú nì ma ró rù ma thi nì ma Ddrà-dzà ràdha dhò bbǔss̀djú nga dhò ndey ní ma rǎwò ní Ddrà chuw rr̀ ǎngá dza ò	1			Lendu	train	4.976851851851851		False	0.11926605504587151	False	4.5111646207142195	0.6609022556390978	False
bb53c9cc38fe315d31ecd6251f4b4705	64945	spontaneous-speech-led-64945.mp3	11988	6694	Nyì njèy ní ddù yěnga ddu mí sídha ó?	Mà gbú nì ru ma tsuw nì mà kpanì lěla mà thi nì nga à déy thí fú ddu ó	1			Lendu	train	4.254254254254255		False	0.04477611940298509	False	5.3202473961662555	0.9300751879699248	False
69460059366eafce16269260ed3e45b0	65111	spontaneous-speech-led-65111.mp3	9720	6694	Nyì njèy ní ddù yěnga ddu mí sídha ó?	Ma dzúw nì mùpírà ma dzúw nì lǔddù njàddí nga ma rà nì Ddrà nzz̀ Ddrà-dzà ò	1			Lendu	train	6.0699588477366255		True	0.16666666666666663	False			False
789f537bcdf7638af5c97b59bc69a60d	65229	spontaneous-speech-led-65229.mp3	26028	6694	Nyì njèy ní ddù yěnga ddu mí sídha ó?	Yěngà ssídha ó bbǔbbú nga nà ma gbú nì ma rónga ma ra nì lègà lěga ddù ma ngû ro ma ra nì cha ney video dòwdha mí nga ka nì dòw mí nga ka nì dǒw mí nga  ò luw rà ma nyúddà tsà Yěngà itssdjú ma zow nì Ddrà mí bǔkù Bible lòtsidha dhò Mǔngù mî	1			Lendu	train	6.992469648071308		True	0.2067510548523207	False			False
4690939abbaed200afffde0a457f0324	65698	spontaneous-speech-led-65698.mp3	7056	6694	Nyì njèy ní ddù yěnga ddu mí sídha ó?	Yěngà ddù mí sídha ó ma gbú nì màtsá rù	1			Lendu	train	4.2517006802721085		True	0.0	False			False
21fb7f77ccb2d6989e98bcd4edf4c539	65799	spontaneous-speech-led-65799.mp3	20700	6694	Nyì njèy ní ddù yěnga ddu mí sídha ó?	Mà ú nì mà ró ru mà thi nì  bbakà ó nga à déy lǎní àa mà njey nì samari Bible ó ndèyní mà thi nì mà mà déy lǎní Yěnga itsdjú nga na mà thi nì mà rà nyu Yěnga itsdjú ní nyû	1			Lendu	train	6.135265700483092		False	0.31547619047619047	False	5.008186661156111	0.8699248120300752	False
5ead05ed0317f78aa329e93b3f6c2b6c	66548	spontaneous-speech-led-66548.mp3	19836	6694	Nyì njèy ní ddù yěnga ddu mí sídha ó?	Yěnga ddù mí sídha ó ma thi nì màtsá bbakà ó nga à déy lǎní ma gbú nì ma ró rù ma njúw nì mà tsa lò tsò cha ney ndèy dho ley ney-ngá bbǔ ró madho rà Ddrà dza nì	1			Lendu	train	6.049606775559588		False	0.09554140127388533	False	4.664739584528561	0.749624060150376	False
f595d0e1832ceab8c935264c25968409	66592	spontaneous-speech-led-66592.mp3	15156	6694	Nyì njèy ní ddù yěnga ddu mí sídha ó?	Ma ra nì dùdú ní mb díydha mí tuw mèy ma ú nì mǎ ngá rù ma thi nì ma yěnga nà Ddrà nzz̀dha dho	1			Lendu	train	4.618632884666138		False	0.06593406593406592	False	4.611644928563305	0.7203007518796992	False
8acb58a60c926b87d6f906bec0e3c36d	63966	spontaneous-speech-led-63966.mp3	16056	6695	Dhò ya ŋǎchú nyi dhò cha nyi jì drǒ nì nyù rìy ddiy?	Dho ya ŋǎchú nyi dho  cha nyi jì drǒ nì nyû rì ddiy? Ma nì lǎní chù ró chù dzž fú nyû rìdha dhò	1			Lendu	train	4.484304932735426		False	0.10752688172043012	False	5.457046501238407	0.9518796992481203	False
21fb7f77ccb2d6989e98bcd4edf4c539	64414	spontaneous-speech-led-64414.mp3	22896	6695	Dhò ya ŋǎchú nyi dhò cha nyi jì drǒ nì nyù rìy ddiy?	Drǒ mà jì ní nyû mà léy nì lǎnà ní sâ nà kàss djò mí kàss ddí mà léy nì lèy mà ri nì à ddí chì nà ndeyní à chěy nga ndeyní mà nyǔ ndeyní mà ká mà zz̀-ónga ddí kǐ ndanà lǎní	1			Lendu	train	5.634171907756813		False	0.242603550295858	False	5.578494449933327	0.9654135338345865	False
4690939abbaed200afffde0a457f0324	64806	spontaneous-speech-led-64806.mp3	16020	6695	Dhò ya ŋǎchú nyi dhò cha nyi jì drǒ nì nyù rìy ddiy?	Gbú rǒnga lǎní nyi léy chì gbǐ nyi léy chì ò ndèymí nyi kǔw kónó chú nyi nyǔ	1			Lendu	train	3.682896379525593		False	0.20547945205479456	False	6.012788675223867	0.9857142857142858	False
3d6b646c1cb9130eb226ee4110f7995d	65143	spontaneous-speech-led-65143.mp3	11088	6695	Dhò ya ŋǎchú nyi dhò cha nyi jì drǒ nì nyù rìy ddiy?	Ma dho rì kàlangà nà, ma dho kùw chì nà ndaní à ngúyò ní lǎní nyùdha nà	1			Lendu	train	4.96031746031746		False	0.044117647058823484	False	4.467451395897853	0.6398496240601503	False
eea86ca8ea6b1af65157b06503a99e83	65776	spontaneous-speech-led-65776.mp3	17820	6695	Dhò ya ŋǎchú nyi dhò cha nyi jì drǒ nì nyù rìy ddiy?	Madho ddrǒ ma jì nì chù rr̀ klǎnga nà madho kùw kùw ní ma dho rr̀ fǔchú ngǎ klǎnga ní ngǎ chì ní kunglá nà fǔchú	1			Lendu	train	4.882154882154882		False	0.2018348623853211	False	6.7473050623183095	0.9992481203007518	False
69460059366eafce16269260ed3e45b0	66018	spontaneous-speech-led-66018.mp3	9936	6695	Dhò ya ŋǎchú nyi dhò cha nyi jì drǒ nì nyù rìy ddiy?	Madho rr̀ kalangana ma dho kùw chì nà ma dho jǔkù ddí ley ǒmá	1			Lendu	train	4.830917874396135		True	0.10344827586206895	False			False
5ead05ed0317f78aa329e93b3f6c2b6c	66051	spontaneous-speech-led-66051.mp3	22536	6695	Dhò ya ŋǎchú nyi dhò cha nyi jì drǒ nì nyù rìy ddiy?	Fú nyû madho rr̀ nyǔddǎ klàngà nà bǎsàlà ley ǒnò chì ley ǒnò nyǎnyǎ ley ò nò njàddí nì madho kùw kùw ní chì nà lǎní cha ney ndèy nì ndèy ji nì ddiy ley ò nò  gbè djǔkù mà ní chú nì	1			Lendu	train	6.079162229321973		False	0.19774011299435024	False	6.3054240044182555	0.9939849624060151	False
b60ffd663a6f4ea05bc69ef86c8ee3e8	66238	spontaneous-speech-led-66238.mp3	12960	6695	Dhò ya ŋǎchú nyi dhò cha nyi jì drǒ nì nyù rìy ddiy?	Ma jì drǒ nì nyû má ma dho jì nì nì zǎ ma dho rì chì nà ma dho kùw kàlangà nà	1			Lendu	train	4.320987654320987		False	0.20270270270270274	False	6.382832127771418	0.9954887218045113	False
bb53c9cc38fe315d31ecd6251f4b4705	66389	spontaneous-speech-led-66389.mp3	18180	6695	Dhò ya ŋǎchú nyi dhò cha nyi jì drǒ nì nyù rìy ddiy?	Madho fú nyû rr̀ chì nà madho fú nyû rr̀ kalanga nà à ká dey lǎní ma ká rrì mwǐy ndaní mà ká nyù lǎní mà ro djuw kwo	1			Lendu	train	4.84048404840484		False	0.21238938053097345	False	5.354539577970372	0.9368421052631579	False
8acb58a60c926b87d6f906bec0e3c36d	64009	spontaneous-speech-led-64009.mp3	7920	6696	Nzòw dzú ní ŋá dzù jì nyìdhí bba ó?	Nzòw dzúw ní ŋá dzuw jì nyìdhí bba ó nzòw bbí nì mupira	1			Lendu	train	5.429292929292929		True	0.019230769230769273	False			False
f595d0e1832ceab8c935264c25968409	64406	spontaneous-speech-led-64406.mp3	16560	6696	Nzòw dzú ní ŋá dzù jì nyìdhí bba ó?	Mà dhí bba ó nzòw bí nì djà ndrǔ í nì ngiy ndrǔ kow nì ngow ndrǔ í nì ì  cha mùgà í nì ndèy níchú	1			Lendu	train	4.28743961352657		False	0.22340425531914898	False	5.002621706640972	0.868421052631579	False
f1a9e65b853cca9c7a61a76ceeba58e2	65283	spontaneous-speech-led-65283.mp3	21348	6696	Nzòw dzú ní ŋá dzù jì nyìdhí bba ó?	Nzòw bbí nì mupira nzòw í nì ídha ní ngiy  gèlè suyà ní nì nzòw dzúw nì zzkázz̀	1			Lendu	train	2.857410530260446	transcription-length	False	0.14473684210526316	False	5.466088790105061	0.9526315789473684	False
9effd7faf8601b37182a0098bf1d23b2	65314	spontaneous-speech-led-65314.mp3	17568	6696	Nzòw dzú ní ŋá dzù jì nyìdhí bba ó?	Màdhí bba ó nzòw bíy nì mùpírà nzòw í nì ngiy nzòw dzúw nì ss̀dha ní fú dzuw jì ka ss nì nì	1			Lendu	train	3.927595628415301		False	0.11363636363636365	False	4.520000743075076	0.6654135338345865	False
5ead05ed0317f78aa329e93b3f6c2b6c	65325	spontaneous-speech-led-65325.mp3	21888	6696	Nzòw dzú ní ŋá dzù jì nyìdhí bba ó?	Nzòw dzúw nì ngiy cha ka íy nì glesú ní nì ídha njàddí ndrǔ dzúw nì djà bídha njàddí ndrǔ ngbó nì djuw hwo	1			Lendu	train	3.79203216374269		False	0.24271844660194175	False	4.794511369085012	0.8037593984962406	False
789f537bcdf7638af5c97b59bc69a60d	65403	spontaneous-speech-led-65403.mp3	23040	6696	Nzòw dzú ní ŋá dzù jì nyìdhí bba ó?	Nzòw dzúw nì dzuw jì nì i màdhí bba ó nzòw dzúw nì mùpírà nzòw dzúw nì ngiy pèydha mí dzuw nzòw dzúw nì tùkùlúkútù nzòw dzúw nì ee gbàtdà nzòw dzúw nì zžká-zz̀kà-zž ì dhokpa kìdha mí dzuw	1			Lendu	train	6.553819444444445		False	0.3548387096774194	False	3.927848327100768	0.3022556390977444	True
830ccfbc3f4a54ceb8d849dbfe1b520f	65471	spontaneous-speech-led-65471.mp3	21780	6696	Nzòw dzú ní ŋá dzù jì nyìdhí bba ó?	Nzòw bbí nì mupira mà njàddí dzuw nì nzòw dzúw nì ngiy nà nú nyi chuw nzòw dey ì dyi dyì ní ngiy mà nà fú nì chú nzòw nì dzuw nì dzuw djì í cho nǎ nì dzuw nì nú fú nzòw  dzúw nì ke nyi chǔw fú dzuw ddí nì ndrǔ nì dzúw ndèymí lǎní ì dyá si nà fú nì nú dzuw jì ma nzòw dzuw nì mà dè nì nu	1			Lendu	train	9.733700642791552		False	0.37809187279151946	False	4.9731623371838545	0.8631578947368421	False
4690939abbaed200afffde0a457f0324	65604	spontaneous-speech-led-65604.mp3	14148	6696	Nzòw dzú ní ŋá dzù jì nyìdhí bba ó?	Mupira bíydha, ngiy ídha tdokpa dzúwdha ndèymí ngèy tdràdha nà	1			Lendu	train	3.746112524738479		False	0.05084745762711862	False	4.78505566729082	0.8007518796992481	False
b60ffd663a6f4ea05bc69ef86c8ee3e8	65606	spontaneous-speech-led-65606.mp3	8928	6696	Nzòw dzú ní ŋá dzù jì nyìdhí bba ó?	Nzòw dzúw nì dzuw jì nì sitímbà mùpírà bíydha pàka mbàdha ì kàòluw	1			Lendu	train	6.048387096774193		True	0.031746031746031744	False			False
bb53c9cc38fe315d31ecd6251f4b4705	65686	spontaneous-speech-led-65686.mp3	18396	6696	Nzòw dzú ní ŋá dzù jì nyìdhí bba ó?	Zòw nì somù nì ngǎ mbr nì ngǎ mà nì zòw-djá màdhí nzòw copu tsùw nzǐ màdhò dzz nì ddiy mí sókò nì ngǎ	1			Lendu	train	4.240052185257665		False	0.15306122448979587	False	4.603839995372403	0.7172932330827068	False
69460059366eafce16269260ed3e45b0	65790	spontaneous-speech-led-65790.mp3	7488	6696	Nzòw dzú ní ŋá dzù jì nyìdhí bba ó?	Nzòw dzúw nì mupira nzòw dzúw nì lúddò ddí njàddí nga nà	1			Lendu	train	6.009615384615384		True	0.2075471698113207	False			False
3d6b646c1cb9130eb226ee4110f7995d	65855	spontaneous-speech-led-65855.mp3	9540	6696	Nzòw dzú ní ŋá dzù jì nyìdhí bba ó?	Nzòw íy nì ngiy nzòw bbí nì  djà màdhí bba ó	1			Lendu	train	3.4591194968553456		True	0.04878048780487809	False			False
21fb7f77ccb2d6989e98bcd4edf4c539	66105	spontaneous-speech-led-66105.mp3	22968	6696	Nzòw dzú ní ŋá dzù jì nyìdhí bba ó?	Nzòw djúw nì gbè ídha ní ngiy nzòw dzúw nì mupira nzòw dzúw nì ngengéy ní dzuw jì tsàkà mm nzòw dzúw nì ídha ní dzuw fú nì nì wá nzòw dzuw nì dzuw jI nzow dzúw nì	1			Lendu	train	5.442354580285615		False	0.389937106918239	False	4.545810233297702	0.6827067669172933	False
da097b556a52dc7d273093cf8ce97abd	66275	spontaneous-speech-led-66275.mp3	16956	6696	Nzòw dzú ní ŋá dzù jì nyìdhí bba ó?	Màdhí bba ó dzuw má nzòw dzúw nì ddì nì nì nzòw í dyí nì ngiy rwo nì nzòw dzúw nì mupira tho nì nzǒw tdra nì ngèy	1			Lendu	train	5.071950931823544		False	0.2727272727272727	False	4.1381038208935	0.42105263157894735	True
c5df5911e2fe9c37bfe33b1deacd2a9c	63883	spontaneous-speech-led-63883.mp3	17928	6697	Nyì njèy ní ddù nyì mí déydha mí sà ó?	Nyi njey ní ddu nyìmí deydha mí sâ ó màtsá deydha mí sâ ó ma dzuw nì dzuw ma teyku nì sǒwrr̀ ma ɦíy nì ma shu nì ma rónga	1			Lendu	train	5.131637661758144		False	0.22881355932203384	False	4.4921682806088015	0.6526315789473685	False
8acb58a60c926b87d6f906bec0e3c36d	63984	spontaneous-speech-led-63984.mp3	10836	6697	Nyì njèy ní ddù nyì mí déydha mí sà ó?	Nyi njey ní ddu nyì mí déydha mí sâ ó?  Ma bbí nì mùpírà	1			Lendu	train	3.875968992248062		True	0.018867924528301883	False			False
4690939abbaed200afffde0a457f0324	64576	spontaneous-speech-led-64576.mp3	15336	6697	Nyì njèy ní ddù nyì mí déydha mí sà ó?	Ma dzúw nì mùpirà ma nja nì fílìm ma bbíy nì chow nì bba kàò luw ndèymí ma tdra nì ngèy	1			Lendu	train	4.368805425143453		False	0.09523809523809523	False	4.05873446925815	0.38421052631578945	True
830ccfbc3f4a54ceb8d849dbfe1b520f	64595	spontaneous-speech-led-64595.mp3	16308	6697	Nyì njèy ní ddù nyì mí déydha mí sà ó?	Ma nja nì filim mà ó lò njàddî ma zow nì Bibilia njàddî  ke ma léy nì cha ì dhà ndruní nì lò mà dhí ngèy ma tey nì	1			Lendu	train	5.212165808192299		False	0.12612612612612617	False	4.758366110890401	0.7887218045112782	False
789f537bcdf7638af5c97b59bc69a60d	64880	spontaneous-speech-led-64880.mp3	20016	6697	Nyì njèy ní ddù nyì mí déydha mí sà ó?	Màtsá déydha ní sâ ó ma ra nì nzuw nzuw màtsá déydha ní sâ ó ma so nì bǔkù màtsá déydha ní sâ ó ma ra nì ma dyási dè rà mà njuw ndanà ndaní mà chǔw lò má cha ney ndèy nì ndanà nì	1			Lendu	train	6.694644284572342		False	0.37142857142857144	False	4.275151891889203	0.5225563909774437	True
5ead05ed0317f78aa329e93b3f6c2b6c	65185	spontaneous-speech-led-65185.mp3	22140	6697	Nyì njèy ní ddù nyì mí déydha mí sà ó?	Mà ji nì ma nyú rǎ ma nyǔddà tsà dzuw nà ma làyí kà ò luw njàddí sâ nà ma ji nì ma nja ò ní filim ndaní ma wí nga ddéydha njàddí sâ djú ma ɦíy nì ɦíy ní	1			Lendu	train	5.103884372177055		False	0.21476510067114096	False	5.192810840577312	0.9082706766917293	False
b60ffd663a6f4ea05bc69ef86c8ee3e8	65682	spontaneous-speech-led-65682.mp3	22320	6697	Nyì njèy ní ddù nyì mí déydha mí sà ó?	Ma déy nì nga ddey bbǔtss̀djú ma rá ná ŋá dhǐ njèy ya ma ɦîy ro fúnì ddiy má ma déy nì njěy nì njàddí ma déy nì bǔkù zǒw cha bbu ma rà Ddrà mí lò tdrà ndanà nì njàddí ma déy nì ma thǐ bbiydha dhò	1			Lendu	train	6.630824372759856		False	0.22395833333333337	False	4.350536230558744	0.5736842105263158	True
3d6b646c1cb9130eb226ee4110f7995d	65885	spontaneous-speech-led-65885.mp3	12456	6697	Nyì njèy ní ddù nyì mí déydha mí sà ó?	Ma so nì nga ndíydha njǎddí ma ɦíy nì ɦiy ní ndeyní ma djùkpa ónga ddéy ngéy ní lò	1			Lendu	train	5.138086062941555		False	0.08860759493670889	False	4.692462426099165	0.7563909774436091	False
3d6b646c1cb9130eb226ee4110f7995d	65885	spontaneous-speech-led-65885.mp3	12456	6697	Nyì njèy ní ddù nyì mí déydha mí sà ó?	Mà so nì nga ndíydha aa njàddî ma ɦíy nì ɦíy ní děy ma djòkpa nga dêy ngéy ní lò	1			Lendu	train	4.8972382787411695		False	0.11688311688311692	False	5.12435647692476	0.8947368421052632	False
f1a9e65b853cca9c7a61a76ceeba58e2	66372	spontaneous-speech-led-66372.mp3	18720	6697	Nyì njèy ní ddù nyì mí déydha mí sà ó?	Ma nja nì mupira, mà dòw nì mà dyási nà mà déynì mà kàó  ney cha ndèy dho matsotso kwo ní lò ó nga njà ma ddu nì ddu	1			Lendu	train	4.647435897435898		False	0.10619469026548678	False	4.449942510385421	0.6323308270676692	False
f595d0e1832ceab8c935264c25968409	66545	spontaneous-speech-led-66545.mp3	15516	6697	Nyì njèy ní ddù nyì mí déydha mí sà ó?	Ma dho nì dùdú ní ndíydha ní ngèy ma ra nì ngwo mí practise ò ma ra nì ddùddú ní mbr ddíydha mí tuw mèy	1			Lendu	train	5.091518432585718		False	0.18999999999999995	False	4.470648265346772	0.6428571428571429	False
c5df5911e2fe9c37bfe33b1deacd2a9c	63776	spontaneous-speech-led-63776.mp3	26280	6698	Dùdú ní mbu cha kà bbú nì lon ní nì kwó ní dhì tsò tsò ŋǎchú cha ndrǔ ŋǎ ndanà dùdú ní ddiy ónga dzzdha tsò màdhí bba ó?	Dùdú ní mb cha ka bbú nì lǒn ní nì kwó ní dhì tsotso ŋǎchú cha ndrǔ ngǎ ndanà dùdú ní ddiy ónga dzźdha tsò màdhí bba ó? Fúddiy léy nì dhì kwó nì nga nzǐ kpa ní ndrǔ dè ndèymí à léy nì dhì déy nì ì ró rù dzž sàbúnì mà dzž ndèymí jǔkù mà nà bba kǎ	1			Lendu	train	7.191780821917808		True	0.20408163265306123	False			False
8acb58a60c926b87d6f906bec0e3c36d	63990	spontaneous-speech-led-63990.mp3	20880	6698	Dùdú ní mbu cha kà bbú nì lon ní nì kwó ní dhì tsò tsò ŋǎchú cha ndrǔ ŋǎ ndanà dùdú ní ddiy ónga dzzdha tsò màdhí bba ó?	Dùdú ní mb cha ka bbú nì lǒn ní nì kwó ní dhì tsotso ŋǎchú cha ndrǔ ngǎ ndanà dùdú ní ddiy ónga dzzdha tsò màdhí bba ó? À léy nì dhì dzz nì nò ìdhí dza òluw	1			Lendu	train	5.699233716475096		False	0.10457516339869277	False	4.406969580819475	0.6075187969924812	False
9effd7faf8601b37182a0098bf1d23b2	64257	spontaneous-speech-led-64257.mp3	17208	6698	Dùdú ní mbu cha kà bbú nì lon ní nì kwó ní dhì tsò tsò ŋǎchú cha ndrǔ ŋǎ ndanà dùdú ní ddiy ónga dzzdha tsò màdhí bba ó?	À kwó nì ndrǔ tsotso sùkǔl ó mb bbúdha nà à kwó nì ndrǔ tsotso ndrǔdhí dza ó	1			Lendu	train	3.428637842863784		False	0.26027397260273977	False	3.2876754325639195	0.032330827067669175	True
bb53c9cc38fe315d31ecd6251f4b4705	64700	spontaneous-speech-led-64700.mp3	12528	6698	Dùdú ní mbu cha kà bbú nì lon ní nì kwó ní dhì tsò tsò ŋǎchú cha ndrǔ ŋǎ ndanà dùdú ní ddiy ónga dzzdha tsò màdhí bba ó?	Màndho nì ǒnga mà dhokpa ò luw mà njey nì ndanà mà dzź nì ndanà ddiy ó nga mà ká ǒnga nya à ká mà tsotso kwo lǎní	1			Lendu	train	6.944444444444444		False	0.18918918918918914	False	4.168303289050599	0.4398496240601504	True
4690939abbaed200afffde0a457f0324	65022	spontaneous-speech-led-65022.mp3	16596	6698	Dùdú ní mbu cha kà bbú nì lon ní nì kwó ní dhì tsò tsò ŋǎchú cha ndrǔ ŋǎ ndanà dùdú ní ddiy ónga dzzdha tsò màdhí bba ó?	Fú dùdú ní mb léy nì njàddí ndrǔ ngunì ìdhí nzòw sòmù ò fú mb nà à léy nì njàddí ndrǔ bbi nì nza à léy nì njàddí ndrǔ nyu nì nga lǎní	1			Lendu	train	6.085803808146541		False	0.32307692307692304	False	3.5185132683160107	0.09473684210526316	True
3d6b646c1cb9130eb226ee4110f7995d	65164	spontaneous-speech-led-65164.mp3	16200	6698	Dùdú ní mbu cha kà bbú nì lon ní nì kwó ní dhì tsò tsò ŋǎchú cha ndrǔ ŋǎ ndanà dùdú ní ddiy ónga dzzdha tsò màdhí bba ó?	À kwó nì ndrǔ tsotso nzòw ró rù dzz̀dha nà nzòw dho sòdha mí ddiy dzz̀dha sàvó dzz̀dha nga nyùdha nà	1			Lendu	train	4.938271604938272		False	0.20618556701030932	False	3.8311386570702837	0.23834586466165414	True
eea86ca8ea6b1af65157b06503a99e83	65179	spontaneous-speech-led-65179.mp3	18900	6698	Dùdú ní mbu cha kà bbú nì lon ní nì kwó ní dhì tsò tsò ŋǎchú cha ndrǔ ŋǎ ndanà dùdú ní ddiy ónga dzzdha tsò màdhí bba ó?	À lêy bbalè nì ìdhí nzòw djú sùkúl fǐz bbu sùkúl ò bbalè nì ìdhí nzòw gwíy fú dùdú ní mb nà à lêy bbalè nì ney mb nà bbakǎ luw ya lò shì ró bbalè nì ì tsotso kwo fú mb nà	1			Lendu	train	6.772486772486772		False	0.2934131736526946	False	3.464143291080442	0.06992481203007518	True
789f537bcdf7638af5c97b59bc69a60d	65259	spontaneous-speech-led-65259.mp3	24876	6698	Dùdú ní mbu cha kà bbú nì lon ní nì kwó ní dhì tsò tsò ŋǎchú cha ndrǔ ŋǎ ndanà dùdú ní ddiy ónga dzzdha tsò màdhí bba ó?	Dùdú ní mb ka bbú nì lon ní nì à kwó nì dhì ní ndrǔ tsotso í lò òluw. À léy nì zòw tde nì ngǎ ndrǔ chuw nì dùdú ní nì ddiy túkpa  jǔkù mà ní nì, sàbúnì mà ní nì, àà e éskòt mà dzz̀dha fúddiy à léy nì ndrǔ dhí mb teytsò déy nì ndèy rr̀dja	1			Lendu	train	7.155491236533204		False	0.2136752136752137	False	4.123648540277876	0.412781954887218	True
f595d0e1832ceab8c935264c25968409	65357	spontaneous-speech-led-65357.mp3	16560	6698	Dùdú ní mbu cha kà bbú nì lon ní nì kwó ní dhì tsò tsò ŋǎchú cha ndrǔ ŋǎ ndanà dùdú ní ddiy ónga dzzdha tsò màdhí bba ó?	À léy nì ndrǔ chuw nì mbr tey cha ì dho wá nzà dùdú ní ddiy ó nga dzz mî à léy nì bbiydha fú dùdú ní ddiy nga bìdha mî ngú  nì zúzú ndrǔ dhò	1			Lendu	train	6.280193236714976		False	0.18248175182481752	False	4.054712238908032	0.3819548872180451	True
b60ffd663a6f4ea05bc69ef86c8ee3e8	65835	spontaneous-speech-led-65835.mp3	21240	6698	Dùdú ní mbu cha kà bbú nì lon ní nì kwó ní dhì tsò tsò ŋǎchú cha ndrǔ ŋǎ ndanà dùdú ní ddiy ónga dzzdha tsò màdhí bba ó?	À kwo nì ndrǔ tsotso à léy nì ndrǔ déy nì savìng mà ngbo à léy nì ndrǔ dzz nì jǔkù ndèymí dzá dzá nì ddiy má ndèy nì nga tděy nì mà nà à léy nì lò wánì ndrǔ dhò tde nì lǎní ndrǔ bbi nì nza ddí ndrǔ	1			Lendu	train	6.967984934086628		False	0.3041237113402062	False	4.027724275237937	0.36917293233082704	True
21fb7f77ccb2d6989e98bcd4edf4c539	66130	spontaneous-speech-led-66130.mp3	20808	6698	Dùdú ní mbu cha kà bbú nì lon ní nì kwó ní dhì tsò tsò ŋǎchú cha ndrǔ ŋǎ ndanà dùdú ní ddiy ónga dzzdha tsò màdhí bba ó?	À léy nì mùsùrúsà tde nì ney à ngu nì lò dhudhu à pu nì tuw nzòw djú skul fiz bbúdha dhò à pu nì ngengéy ní tuw sabunì mà dzz̀dha mî	1			Lendu	train	4.853902345251826		False	0.12403100775193798	False	3.9942134239327554	0.3473684210526316	True
69460059366eafce16269260ed3e45b0	66183	spontaneous-speech-led-66183.mp3	14868	6698	Dùdú ní mbu cha kà bbú nì lon ní nì kwó ní dhì tsò tsò ŋǎchú cha ndrǔ ŋǎ ndanà dùdú ní ddiy ónga dzzdha tsò màdhí bba ó?	Ndrǔ dzź nì ndanà djǔku ndrǔ dzź nì ndanà buku nzòw dho ndrǔ dzź nì ndanà ru ì ró njà ddí nga nà ndrǔ bbi ndanà nza	1			Lendu	train	6.187785848802798		False	0.35652173913043483	False	4.0060713629479805	0.35789473684210527	True
5ead05ed0317f78aa329e93b3f6c2b6c	66638	spontaneous-speech-led-66638.mp3	21816	6698	Dùdú ní mbu cha kà bbú nì lon ní nì kwó ní dhì tsò tsò ŋǎchú cha ndrǔ ŋǎ ndanà dùdú ní ddiy ónga dzzdha tsò màdhí bba ó?	À lêy dhì ní ndrǔ nì ney ddiy nà cha ì dho ndanà ì dhí nzòw tsotso kwo rù dzídha skul fiz bbúdha ndèymí bba kà ó lò tsotso kwódha mí mbr nà sàbúnì dzz̀dha mà dho nì	1			Lendu	train	5.821415474880822		False	0.10559006211180122	False	3.4043660029726084	0.05789473684210526	True
c5df5911e2fe9c37bfe33b1deacd2a9c	63781	spontaneous-speech-led-63781.mp3	18720	6699	Bbalè ddéy ní ddù ya dhì nzòw ní nzòw thǒw trozi ro nyìdhí bba ó?	Bbalè ddéy ní ddu ya dhì nzòw ní nzòw thô trozì ro nyì dhí bba ó bbalè tdra nì fú nì ì nì dhǎ ì kòw nì bbalè nì ndèy njàddî fú nì ì nì nzow njěy nì dhì nzow ní nzòw nì ndèy màdhí bba ó	1			Lendu	train	7.371794871794872		False	0.33149171270718236	False	3.843939729689501	0.24812030075187969	True
830ccfbc3f4a54ceb8d849dbfe1b520f	64684	spontaneous-speech-led-64684.mp3	14580	6699	Bbalè ddéy ní ddù ya dhì nzòw ní nzòw thǒw trozi ro nyìdhí bba ó?	Bbalè ddéynì fú ni nì bbǎlà ì nì njěy nì bbalè jì njàddî ka ddéy nì ndrǔ ró nì ndrǔ rr nì nzǐ ìdhí ddròddró ní bbalè chuw	1			Lendu	train	6.44718792866941		False	0.22033898305084743	False	4.2211874139424195	0.47593984962406016	True
b60ffd663a6f4ea05bc69ef86c8ee3e8	64864	spontaneous-speech-led-64864.mp3	20196	6699	Bbalè ddéy ní ddù ya dhì nzòw ní nzòw thǒw trozi ro nyìdhí bba ó?	À nja nì ndèy ngǎjì ní ya dhì nzòw ní nzòw thô trozì ro à lu nì gbè kpa nì ndèy ddiy ní chú fú nì gbè ndrǔ nì kpa ní ndrǔ kòdjò ddey à kà fú trozì ka gǔ  ndrǔdhò gudjò nzǐ ndrǔ dey tho ddu djú à nì do ngǎjì ní nì	1			Lendu	train	7.823331352743117		False	0.2296650717703349	False	4.576835067562501	0.7052631578947368	False
3d6b646c1cb9130eb226ee4110f7995d	64882	spontaneous-speech-led-64882.mp3	18036	6699	Bbalè ddéy ní ddù ya dhì nzòw ní nzòw thǒw trozi ro nyìdhí bba ó?	Bbalè njey nì bbalè nja nì ngǎjì í bbalè rr nì mí lò ddí dhì nzòw ní nzòw djú  nzánà ndrǔ sǎ ò ní màdhí bba fú nì nì dho lidjòkpa nga ngǎjìnínì bba dhìydha ró	1			Lendu	train	6.764249279219339		False	0.1806451612903226	False	3.8584671076686217	0.2586466165413534	True
eea86ca8ea6b1af65157b06503a99e83	64898	spontaneous-speech-led-64898.mp3	17028	6699	Bbalè ddéy ní ddù ya dhì nzòw ní nzòw thǒw trozi ro nyìdhí bba ó?	Bbalè ddéy nì fú nì ndrǔ nì tsar ya ndrǔ kpì trozi ro njàddí sâ nà bbalè nja nì ndrǔ gbè ndrǔ nì tss ní bbalè níchú gbè ndrǔ dho nzǐ lǎní nji njèy màdhí bba ó	1			Lendu	train	7.16466995536763		False	0.22580645161290325	False	3.671611120348092	0.15789473684210525	True
5ead05ed0317f78aa329e93b3f6c2b6c	65116	spontaneous-speech-led-65116.mp3	26280	6699	Bbalè ddéy ní ddù ya dhì nzòw ní nzòw thǒw trozi ro nyìdhí bba ó?	Bbalè ddéy nì níyà fú dhì nzòw nì ndúwmbá ndrǔ nì bbalè má ì djòkpá nga nì ndèy sǎ sà ní nì ní à lêy dhì nzòw dhí tùwtùw ní nga ngû wá luwtò à lêy bbalè tsò bbú nì nzǐ bbrû fú dhì nzòw dhò cha ney ndrǔ dho dey ndanà njitsò nì	1			Lendu	train	6.54490106544901		True	0.23873873873873874	False			False
4690939abbaed200afffde0a457f0324	65192	spontaneous-speech-led-65192.mp3	16920	6699	Bbalè ddéy ní ddù ya dhì nzòw ní nzòw thǒw trozi ro nyìdhí bba ó?	Bbalè ddéy nì dzilíy nì rǎ njitsò djò njà ddí ndrǔ ddéy nì nzòw djòkpa nga nì ddí ya ndèy sǎ sàdha ní ddiy dhò ndrǔ nì ì já chuw rř nzǐ chèy ní lò njèydha dhò	1			Lendu	train	7.26950354609929		False	0.13461538461538458	False	3.889228313626085	0.2781954887218045	True
21fb7f77ccb2d6989e98bcd4edf4c539	65489	spontaneous-speech-led-65489.mp3	22536	6699	Bbalè ddéy ní ddù ya dhì nzòw ní nzòw thǒw trozi ro nyìdhí bba ó?	Bbalè ddéy nì fú dhì nzòw ní nzòw ndrǔ kwò màdhí yǎdha ndrǔ-djá mî fúddiy ndrǔ ddéy nì à nì drǒngó ní do ní màdhí yǎdha djú ddu djúddù màdhí yǎdha à ùw nzá dhì nzòw ní nzòw ndrǔ tho trǒzì	1			Lendu	train	6.522896698615548		False	0.32065217391304346	False	3.9732792149460696	0.3323308270676692	True
da097b556a52dc7d273093cf8ce97abd	65552	spontaneous-speech-led-65552.mp3	21060	6699	Bbalè ddéy ní ddù ya dhì nzòw ní nzòw thǒw trozi ro nyìdhí bba ó?	Madhí bbá dhì nzòw ní nzòw ya à tho torózì ddì nì ddiy nì bbalè ddéy nì nì fú sǐngba ní ngba nì ndúwmbá ní, rwo nì mî à dho tdè ndèy djùkpa nà ngǎjìní sǐngba ní ngba gbow nì mî ka tdra nì à nì ngǎjìní bbalè	1			Lendu	train	7.54985754985755		False	0.24137931034482762	False	4.508663990982463	0.6593984962406015	False
f595d0e1832ceab8c935264c25968409	65928	spontaneous-speech-led-65928.mp3	14976	6699	Bbalè ddéy ní ddù ya dhì nzòw ní nzòw thǒw trozi ro nyìdhí bba ó?	Njàddí ndrǔ tdra nì fú dhì nzòw dhí  deydha mí chěy ní nga nì ngǎ njàddí ndrǔ tdra nì fú dhì nzòw nì nzòw tsùw lidjòkpa tsàdha ò njàddí ndrǔ tdra nì fú dhì nzòw ní nzòw dà drr ì djá djòluw	1			Lendu	train	9.748931623931623		False	0.4	False	3.8520259778786667	0.2556390977443609	True
bb53c9cc38fe315d31ecd6251f4b4705	65973	spontaneous-speech-led-65973.mp3	16668	6699	Bbalè ddéy ní ddù ya dhì nzòw ní nzòw thǒw trozi ro nyìdhí bba ó?	À nja nì ndèy ngǎjìní mà nyúddà mà djòw gòw mà gòw nzòw nì ndrǔ à njà nì ndèy ngǎjìní mà nyúddà à ji mà tdrǎ fú ndrǔ dho lò nzǐ fú ndrǔ thó tòrózì fú ndrǔ njěy mà dò ddí	1			Lendu	train	7.739380849532038		False	0.3012048192771084	False	4.890892294909918	0.8368421052631579	False
f1a9e65b853cca9c7a61a76ceeba58e2	66179	spontaneous-speech-led-66179.mp3	23868	6699	Bbalè ddéy ní ddù ya dhì nzòw ní nzòw thǒw trozi ro nyìdhí bba ó?	Bbalè ónga ji nì ndèy nzǐ bbalè thíy tde nì ngǎ hwî nà ddiydhò à nì ngǎ ka thì ndrǔ ródho nà nì ddiy nì ndey fú lòdhò chû bbalè thíy tde nì ngǎ lǎnà njaddí mí thódha mànì nzá ndèy kâ ka thó bbalè kàó nì	1			Lendu	train	6.5359477124183		False	0.2613065326633166	False	4.301521426522362	0.5421052631578948	True
c5df5911e2fe9c37bfe33b1deacd2a9c	63811	spontaneous-speech-led-63811.mp3	20160	6700	Nyì bbiy ní ŋá nyù-tsi jì nyìdhí nza ó?	Nyì bbiy ní ŋá nyû-tsi jì nyìdhí nza ó? Màdhí nza ó mà bbiy nì lǎliy, ngǔrá, shǔ, kwíy, měddá tòkì	1			Lendu	train	3.869047619047619		False	0.10526315789473684	False	4.410762498416531	0.6090225563909775	False
8acb58a60c926b87d6f906bec0e3c36d	63963	spontaneous-speech-led-63963.mp3	16920	6700	Nyì bbiy ní ŋá nyù-tsi jì nyìdhí nza ó?	Nyì bbiy ní ŋányǔ-tsi jì nyìdhí nza ó? mà bbi nì kwíy ngǒwrá ndèymí shu nà	1			Lendu	train	3.4869976359338057		False	0.014084507042253502	False	4.739649411015627	0.7819548872180451	False
21fb7f77ccb2d6989e98bcd4edf4c539	64106	spontaneous-speech-led-64106.mp3	15840	6700	Nyì bbiy ní ŋá nyù-tsi jì nyìdhí nza ó?	Mà bbi nì kwíy, mà bbi nì shu, mà bbi nì mùddali, mà bbi nì dzzga, mà bbi nì ngéyngéy ní nyǔ jì tsàkà	1			Lendu	train	4.924242424242424		False	0.34693877551020413	False	4.262385003802729	0.5112781954887218	True
da097b556a52dc7d273093cf8ce97abd	64211	spontaneous-speech-led-64211.mp3	10620	6700	Nyì bbiy ní ŋá nyù-tsi jì nyìdhí nza ó?	Mà bbiy nì lǎliy ma bbi nì ngǔrǎ mà bbi nì shu mà bbi nì klanga ma bbi nì kwíy ma bbi nì mèddá mà bbi nì ndǐss̀	1			Lendu	train	7.90960451977401		True	0.39814814814814814	False			False
f1a9e65b853cca9c7a61a76ceeba58e2	64521	spontaneous-speech-led-64521.mp3	23868	6700	Nyì bbiy ní ŋá nyù-tsi jì nyìdhí nza ó?	Mà bbi nì ngǔrá, mà bbi nì làliy, mà bbi nì shu, mà bbi nì dzzga, mà bbi nì kwíy, mà bbi nì tdyûw, mà bbi nì shu	1			Lendu	train	3.5612535612535607		False	0.5045871559633027	True			False
5ead05ed0317f78aa329e93b3f6c2b6c	64723	spontaneous-speech-led-64723.mp3	17928	6700	Nyì bbiy ní ŋá nyù-tsi jì nyìdhí nza ó?	Ma bbi nì dyǔw,dzzga, kwíy ndèymí tdiytdiy ní nyû-tsi jì cha ney ndèy dho mà tsotso kwo bbacha ó nì jì nà	1			Lendu	train	4.685408299866131		False	0.06862745098039214	False	4.245347665703153	0.4992481203007519	True
4690939abbaed200afffde0a457f0324	64735	spontaneous-speech-led-64735.mp3	15480	6700	Nyì bbiy ní ŋá nyù-tsi jì nyìdhí nza ó?	Mà bbi nì dyúw, shu, kwíy, ngǔrá, dhùw làliy	1			Lendu	train	2.3255813953488373	transcription-length	False	0.0	False	4.190313941175027	0.45338345864661656	True
b60ffd663a6f4ea05bc69ef86c8ee3e8	65335	spontaneous-speech-led-65335.mp3	15228	6700	Nyì bbiy ní ŋá nyù-tsi jì nyìdhí nza ó?	Mà bbi nì làli ngǔ kwíy ngǒwrá shu kow màtsá ngá nza ó ndèymí tdiytdiy ní ddiy nà	1			Lendu	train	4.202784344628316		False	0.038461538461538436	False	4.285980651169612	0.5293233082706766	True
789f537bcdf7638af5c97b59bc69a60d	65458	spontaneous-speech-led-65458.mp3	17496	6700	Nyì bbiy ní ŋá nyù-tsi jì nyìdhí nza ó?	Nyû jì má mà bbinì màdhí bba ó nà nì nì lǎli, kwíy ngǒwra, dhùw, labolu kǎwà dhùw	1			Lendu	train	3.6579789666209424		False	0.038461538461538436	False	4.759500357827319	0.7894736842105263	False
9effd7faf8601b37182a0098bf1d23b2	65717	spontaneous-speech-led-65717.mp3	18036	6700	Nyì bbiy ní ŋá nyù-tsi jì nyìdhí nza ó?	Ma bbiy nì lǎliy mà bbi nì shu, mà bbiy nì kwíy, mà bbi nì sóyà mà bbi nì ngéyngéy ní nyû-tsi jì wá mà dhí bba ó	1			Lendu	train	4.712796628964293		False	0.2844036697247706	False	3.876483945738274	0.26766917293233083	True
eea86ca8ea6b1af65157b06503a99e83	66375	spontaneous-speech-led-66375.mp3	18576	6700	Nyì bbiy ní ŋá nyù-tsi jì nyìdhí nza ó?	Mà bbi nì shu mà bbi nì kwíy mà bbi nì dyúw mà bbi nì ngǔrá ddí mà bbi nì mà bbi nì dùdú ní tsúw tsi túwndà níchú fèné ní	1			Lendu	train	4.898794142980189		False	0.3305084745762712	False	4.774218532918519	0.7969924812030075	False
bb53c9cc38fe315d31ecd6251f4b4705	66446	spontaneous-speech-led-66446.mp3	11700	6700	Nyì bbiy ní ŋá nyù-tsi jì nyìdhí nza ó?	Ma bbiy nì kwíy, shu, dyúw, ngǔrá ndèymí ngéyngéy ní nyû jì nà wá mà bbíy nì màdhí nza ò	1			Lendu	train	5.897435897435897		False	0.03529411764705881	False	3.7239373051951694	0.17894736842105263	True
5ead05ed0317f78aa329e93b3f6c2b6c	64799	spontaneous-speech-led-64799.mp3	25020	6701	Nyì pbo ní nyù rónga ŋǎchú nyìdhí bbá ó?	Mà ley nì yǎdha déy klǒw ddiy rónga bbòdha mî bbakà ó ndaní nzánà ddiy sǎ ndèy njàddí ddiy tsi mà njúw nì mà bbò nì rǒnga ddèrr̀ ò sákì ò njaddî mà bbi nì cha ndèy dho ddù  lèy nì ddiy nza ó ndaní à mbǎ mà lèy ní ddu dhò	1			Lendu	train	6.71462829736211		False	0.16589861751152069	False	4.332122586548591	0.562406015037594	True
830ccfbc3f4a54ceb8d849dbfe1b520f	64849	spontaneous-speech-led-64849.mp3	22536	6701	Nyì pbo ní nyù rónga ŋǎchú nyìdhí bbá ó?	Mà léy nì màdhí nyû ddèrr ò màdhí nyû mà leynì tdǒw ó nyû mà léy nì rǒnga 'wiy nì lǎní cha mà rà ngu tsònì njuw ddǐyngǎ mà chey nì tsònì chèy ní mà tss nì djǔ nga fúnìchú à léy nì màdhí nyû rónga mà pbo nì	1			Lendu	train	6.966631167909123		False	0.2623762376237624	False	4.810630106908554	0.8090225563909774	False
4690939abbaed200afffde0a457f0324	65091	spontaneous-speech-led-65091.mp3	15048	6701	Nyì pbo ní nyù rónga ŋǎchú nyìdhí bbá ó?	Mà pbo nì màdhí nyû rónga mà léy nì ddèrr ò mà ss nì rǒmá ddǎwà ndèymí mà léy nì ddow òluw dza chuwtò	1			Lendu	train	5.18341307814992		False	0.13265306122448983	False	4.1964445699538775	0.45714285714285713	True
bb53c9cc38fe315d31ecd6251f4b4705	65101	spontaneous-speech-led-65101.mp3	14688	6701	Nyì pbo ní nyù rónga ŋǎchú nyìdhí bbá ó?	Ma gbú nì mà rónga dda nà mà gbú nì nyû rónga à déy ngbá à ká dey lǎní à ká mà tso kwo mà ká nyù	1			Lendu	train	4.765795206971678		False	0.18279569892473113	False	3.7321565991946857	0.18571428571428572	True
f1a9e65b853cca9c7a61a76ceeba58e2	65518	spontaneous-speech-led-65518.mp3	17640	6701	Nyì pbo ní nyù rónga ŋǎchú nyìdhí bbá ó?	Mà hwo nì hwò mà ss nì tsúw djǒmàluw nzánà kǎkà lǒwò ní ndení à déwò ní lǎnà bbǔtss̀djú à ká mà tsotso kwo	1			Lendu	train	4.705215419501133		False	0.04854368932038833	False	5.580632104658074	0.9661654135338346	False
da097b556a52dc7d273093cf8ce97abd	65668	spontaneous-speech-led-65668.mp3	25056	6701	Nyì pbo ní nyù rónga ŋǎchú nyìdhí bbá ó?	Ya mà bbì nyû mà ddá nì nyû nza ó ddù ya mà ddâ mí nyû nza ó ddù mà léy nì ka 'wǐy à 'wiy ŋà mí sâ nà mà rà tsòw nì njuw ya mà njûw tsòw nì  mà rà ley ddèr ó njàddî mà léy nì kàverà mà ò luw njàddî mà léy nì ngéyngéy ní ddiy òluw nò ní nì	1			Lendu	train	6.944444444444444		False	0.30638297872340425	False	4.6482191430478474	0.737593984962406	False
69460059366eafce16269260ed3e45b0	65877	spontaneous-speech-led-65877.mp3	9396	6701	Nyì pbo ní nyù rónga ŋǎchú nyìdhí bbá ó?	Mà bbo nì nyû ro nga ddèr ò njàddí nga nà ro mà bbo nì nyû rónga dza ò ddí	1			Lendu	train	5.853554704129416		True	0.22535211267605637	False			False
21fb7f77ccb2d6989e98bcd4edf4c539	65891	spontaneous-speech-led-65891.mp3	21600	6701	Nyì pbo ní nyù rónga ŋǎchú nyìdhí bbá ó?	Mà léy nì ddèrr̀ ò m m mà ss nì dza njàddǐ mà léy nì dzá njǎddǐ mà hu nì hù ní nǔ ley kàvèrà ò fúnì nì nyù rónga mà pbo nì ndanà mí tuw ngéy ngéy ní jì	1			Lendu	train	5.185185185185185		False	0.18918918918918914	False	5.219367522888358	0.9150375939849624	False
b60ffd663a6f4ea05bc69ef86c8ee3e8	66292	spontaneous-speech-led-66292.mp3	15300	6701	Nyì pbo ní nyù rónga ŋǎchú nyìdhí bbá ó?	Ma pbó nì nyû rónga mà léy nì ddèrr̀ ò njǎddî mà pbo nì nyû rónga mà léy nì sákì ò màdhí bba ó	1			Lendu	train	4.640522875816993		False	0.25274725274725274	False	3.605124908150625	0.12706766917293233	True
9effd7faf8601b37182a0098bf1d23b2	66591	spontaneous-speech-led-66591.mp3	17388	6701	Nyì pbo ní nyù rónga ŋǎchú nyìdhí bbá ó?	Mà pbo nì nyû ónga ddèrr ó mà pbo nì nyû ónga sákì ó mà pbo nì nyû ónga mà  ddow òluw ddí fúddiy léy nì nyû déy lǎní	1			Lendu	train	5.003450655624568		False	0.35398230088495575	False	3.815698106378503	0.22631578947368422	True
8acb58a60c926b87d6f906bec0e3c36d	63991	spontaneous-speech-led-63991.mp3	18180	6702	Ddudha biki-biki ndèymí gari nà ní chòw nì bbiydha mí ddiy njanja nì màdhí bba ó?	Ddudhò pikipiki ndèymí gari nà ní chow nì bbiydha mí ddiy njanja nì màdhí bba ó ndrǔ léy nì mà dhí nò djòte shi nì djakà	1			Lendu	train	5.225522552255225		False	0.05982905982905984	False	3.585002751861856	0.12105263157894737	True
5ead05ed0317f78aa329e93b3f6c2b6c	64350	spontaneous-speech-led-64350.mp3	22680	6702	Ddudha biki-biki ndèymí gari nà ní chòw nì bbiydha mí ddiy njanja nì màdhí bba ó?	À ngù bbiydha chow zòwdjá dho ddí à léy nyû tsò njúwdha nza ó ddù mí lòtsò gbádha ngû madho chow nì ddiy ní à lêy njanja màdhí nzòw tsotso kwódha mbadha nà skul ò ddí à nì chow nì lò	1			Lendu	train	6.261022927689594		False	0.13407821229050276	False	4.291160003878162	0.5330827067669173	True
3d6b646c1cb9130eb226ee4110f7995d	64670	spontaneous-speech-led-64670.mp3	19548	6702	Ddudha biki-biki ndèymí gari nà ní chòw nì bbiydha mí ddiy njanja nì màdhí bba ó?	À nì lò ngǔ chow ddudhò dhi mí lò kâ à shì a nì fúddiy nàchú li tduw li djò tey mbǎ zěyzěy fú lò nì mí ngà ò ndèyní ka shǐ ò ní fule	1			Lendu	train	5.01330059341109		False	0.06201550387596899	False	5.304432994767771	0.9285714285714286	False
eea86ca8ea6b1af65157b06503a99e83	64764	spontaneous-speech-led-64764.mp3	19368	6702	Ddudha biki-biki ndèymí gari nà ní chòw nì bbiydha mí ddiy njanja nì màdhí bba ó?	À pbo nì sawa rónga ya nyi nì bbiy pikipiki nà ingi gari nà à ley nyirà bbiy zěyzěy nyi bbǒ nyǐngá sawa rónga à ngu nì bbiydha ddí chow nyi nza nzǐ ya nyi nì bbiy gari ingi pikipiki nà ro	1			Lendu	train	7.538207352333745		False	0.3097826086956522	False	4.559247786737507	0.6909774436090226	False
830ccfbc3f4a54ceb8d849dbfe1b520f	64793	spontaneous-speech-led-64793.mp3	25596	6702	Ddudha biki-biki ndèymí gari nà ní chòw nì bbiydha mí ddiy njanja nì màdhí bba ó?	Pìkìpíkì ndèymí gǎr nà léy nì ddiy djòtey ngúnì zweyzwey nza óddù à nì ddiy má cha à kwó nì mà dhotsò lǎní màdhí ddiy nà nì fúnìchú lêy ndey fúddiy mí lò tde nì tǔw mà dho ndaní mà déy ndanà mà dhotsò kwo fùní nì ddiy mà zz̀dha ó nza óddù fúni chú lêy ndey	1			Lendu	train	7.81372089388967		True	0.25296442687747034	False			False
21fb7f77ccb2d6989e98bcd4edf4c539	64861	spontaneous-speech-led-64861.mp3	19800	6702	Ddudha biki-biki ndèymí gari nà ní chòw nì bbiydha mí ddiy njanja nì màdhí bba ó?	Fú nì nì chow chow mí bbiydha mí ddiy màdhí bba ó à kwó nì mà tsotso zěy wánì lò djò luw à ngu nì lò màdhò dhudhu	1			Lendu	train	4.343434343434343		False	0.11818181818181817	False	4.283482542729256	0.5278195488721804	True
f1a9e65b853cca9c7a61a76ceeba58e2	64961	spontaneous-speech-led-64961.mp3	16596	6702	Ddudha biki-biki ndèymí gari nà ní chòw nì bbiydha mí ddiy njanja nì màdhí bba ó?	À ngu nì lò chow à léy nì mà tdúw nì màdhí ddiy djùtey mà mba nì bbalè djùtey kéykéy ndanà tsúw-dzà ò mà chuw nì nzǐ tǔwtǔw ní nga ya ney à nì ro	1			Lendu	train	6.688358640636298		False	0.11267605633802813	False	4.3455072064784455	0.5706766917293233	True
f595d0e1832ceab8c935264c25968409	65126	spontaneous-speech-led-65126.mp3	16668	6702	Ddudha biki-biki ndèymí gari nà ní chòw nì bbiydha mí ddiy njanja nì màdhí bba ó?	Pikipiki mí dzz̀ nì ngǎ klǒw gǎrr̀ ddí mí dzz̀ nì ngǎ klǒw bbiydha pikipiki mà nî nì rèys gǎrr̀ ji ní nzǐ ndèy ò chì ddí ka ddǔ bbiydha dhò	1			Lendu	train	6.539476841852652		False	0.27941176470588236	False	5.231362573446529	0.9180451127819549	False
69460059366eafce16269260ed3e45b0	65450	spontaneous-speech-led-65450.mp3	9180	6702	Ddudha biki-biki ndèymí gari nà ní chòw nì bbiydha mí ddiy njanja nì màdhí bba ó?	À lêy ndì nì nga ngû chow à kwó nì bbiydha zěyzěy	1			Lendu	train	4.139433551198257		True	0.021739130434782594	False			False
da097b556a52dc7d273093cf8ce97abd	65883	spontaneous-speech-led-65883.mp3	24408	6702	Ddudha biki-biki ndèymí gari nà ní chòw nì bbiydha mí ddiy njanja nì màdhí bba ó?	Pikipiki ndèymí garr nà nì chow nì  lǎní  bbiydha mí ddiy màdhí bba ó nì ddì nì à lêy nì màdhí bbiydha  à ngû chow rwo nì mî à léy nì màdhí nò djò te bbíy nì kéykéy gbow nì mî à bbíynì spídì	1			Lendu	train	5.899705014749262		False	0.22459893048128343	False	3.715600410799059	0.17593984962406015	True
b60ffd663a6f4ea05bc69ef86c8ee3e8	66054	spontaneous-speech-led-66054.mp3	15408	6702	Ddudha biki-biki ndèymí gari nà ní chòw nì bbiydha mí ddiy njanja nì màdhí bba ó?	À nì chow nì bbiydha mà dho ddiydhò à nì ma djùtey mbǎ zěy à nì màtsá ddiy ddí tduw drǒngó ma rà shì zěy cha ma tdè rǎ mí nga ò	1			Lendu	train	6.230529595015576		False	0.11290322580645162	False	4.860213411465068	0.8270676691729323	False
9effd7faf8601b37182a0098bf1d23b2	66595	spontaneous-speech-led-66595.mp3	17496	6702	Ddudha biki-biki ndèymí gari nà ní chòw nì bbiydha mí ddiy njanja nì màdhí bba ó?	À kwó nì mà tsotso màdhí nò ddúwdha dhò à mba nì mà mà nì rǎ má nga ò ddí ǒmá mbr ddí nì ddrá cha à nì li mbà mí nga ò	1			Lendu	train	4.915409236396891		False	0.13043478260869568	False	5.468645682057263	0.9533834586466166	False
8acb58a60c926b87d6f906bec0e3c36d	63944	spontaneous-speech-led-63944.mp3	21528	6703	Nyì chǔw ŋá tǔwtǔw ní nga cha nyì bbǐy, ddìngàó kàdhò bbǐy ndana ní bbiydha mí ddiy nà nì cha gbè basi ǐngí dùdú nì taksi?	Nyi chuw ní ŋá tǔwtǔw ní nga cha nyi bbíy ddìynga ó ka bbíy ndanà nì bbíydha mí ddiy nà nì cha gbè bǎsì ǐngí dùdú ní taksí mà ní nì? ka kpra nì ma ónga drǒ	1			Lendu	train	5.527684875510963		False	0.125	False	4.977211217668284	0.8646616541353384	False
bb53c9cc38fe315d31ecd6251f4b4705	64621	spontaneous-speech-led-64621.mp3	21816	6703	Nyì chǔw ŋá tǔwtǔw ní nga cha nyì bbǐy, ddìngàó kàdhò bbǐy ndana ní bbiydha mí ddiy nà nì cha gbè basi ǐngí dùdú nì taksi?	Fú ddiy wánì nì ndaní à ngǔ mà dhà bbíydha mí nga chow ndìy mà nì rǎ ò nò nì, fú lò dho, fú taksí mà bǎsì mà nà nì lǎní bbíydha mí ddiy à ngunì nga chow	1			Lendu	train	5.271360469380272		False	0.20805369127516782	False	5.334521935547654	0.9308270676691729	False
da097b556a52dc7d273093cf8ce97abd	64874	spontaneous-speech-led-64874.mp3	16848	6703	Nyì chǔw ŋá tǔwtǔw ní nga cha nyì bbǐy, ddìngàó kàdhò bbǐy ndana ní bbiydha mí ddiy nà nì cha gbè basi ǐngí dùdú nì taksi?	Machuw nì lò nì ddìnì ma nza nì ley rwo nì mî maro mbr à ra nì ley ddrǒ gbow nì mî dhǐy ní ddiy à chuw nì ndèy bbǔw madhò	1			Lendu	train	5.401234567901235		False	0.17796610169491522	False	4.9152781454073695	0.8451127819548873	False
3d6b646c1cb9130eb226ee4110f7995d	65607	spontaneous-speech-led-65607.mp3	18540	6703	Nyì chǔw ŋá tǔwtǔw ní nga cha nyì bbǐy, ddìngàó kàdhò bbǐy ndana ní bbiydha mí ddiy nà nì cha gbè basi ǐngí dùdú nì taksi?	Tǔwtǔw ní nga mà chuw nì nò nì ddrǒ tuw ó ka nì bbiy ndanà nì taxi mà ó aa bbalè ó nga bba nì bbà ní à rà bbu nì fú nì tǔwtǔw ní nga	1			Lendu	train	5.2319309600863		False	0.1937984496124031	False	4.862169474771336	0.8278195488721805	False
4690939abbaed200afffde0a457f0324	65670	spontaneous-speech-led-65670.mp3	11880	6703	Nyì chǔw ŋá tǔwtǔw ní nga cha nyì bbǐy, ddìngàó kàdhò bbǐy ndana ní bbiydha mí ddiy nà nì cha gbè basi ǐngí dùdú nì taksi?	Bbiydha mí mb nì rí li kà ónga nì chichi ndèymí ngǎjìní tuw	1			Lendu	train	3.956228956228956		False	0.017857142857142905	False	4.732738249478993	0.7774436090225564	False
69460059366eafce16269260ed3e45b0	65700	spontaneous-speech-led-65700.mp3	5868	6703	Nyì chǔw ŋá tǔwtǔw ní nga cha nyì bbǐy, ddìngàó kàdhò bbǐy ndana ní bbiydha mí ddiy nà nì cha gbè basi ǐngí dùdú nì taksi?	À nyu nì mbr ley	1			Lendu	train	2.044989775051125	transcription-length	True	0.0	False			False
f1a9e65b853cca9c7a61a76ceeba58e2	65901	spontaneous-speech-led-65901.mp3	23328	6703	Nyì chǔw ŋá tǔwtǔw ní nga cha nyì bbǐy, ddìngàó kàdhò bbǐy ndana ní bbiydha mí ddiy nà nì cha gbè basi ǐngí dùdú nì taksi?	Ya nyì ngu lèy ǒmá nyì chuw nyì ónga nì bba dòwdha bbò ní nì nì ngǎ lǎní dòwdha nì ngǎ njàddí sâ nà ànì aksidènt bbu nyì dho cha ney nyìdhí nyi nì bbiy nì bbiydha ó tuwtsò nì ngǎjìní	1			Lendu	train	6.087105624142661		False	0.2011173184357542	False	4.395790732488421	0.6022556390977444	False
9effd7faf8601b37182a0098bf1d23b2	65997	spontaneous-speech-led-65997.mp3	16776	6703	Nyì chǔw ŋá tǔwtǔw ní nga cha nyì bbǐy, ddìngàó kàdhò bbǐy ndana ní bbiydha mí ddiy nà nì cha gbè basi ǐngí dùdú nì taksi?	À nyá nì màdhò ddròddró ní aksident tuw ò luw dòwdha mí nga ddí tde nì ngǎ lǎnà ǒmà luw ya mà dòw ro	1			Lendu	train	4.589890319504054		False	0.04123711340206182	False	4.551520647720194	0.6864661654135338	False
f595d0e1832ceab8c935264c25968409	66081	spontaneous-speech-led-66081.mp3	16416	6703	Nyì chǔw ŋá tǔwtǔw ní nga cha nyì bbǐy, ddìngàó kàdhò bbǐy ndana ní bbiydha mí ddiy nà nì cha gbè basi ǐngí dùdú nì taksi?	Mùtùkárì mí kìdha tuwdja  mí dzz̀ nì klǒw à nyá nì aksident wá nì nga nà mí bbiydha nì bbò ddrǒ bbalè kì tuwdja ó ro	1			Lendu	train	5.482456140350877		False	0.10619469026548678	False	5.4166584025048525	0.9458646616541353	False
830ccfbc3f4a54ceb8d849dbfe1b520f	66318	spontaneous-speech-led-66318.mp3	20808	6703	Nyì chǔw ŋá tǔwtǔw ní nga cha nyì bbǐy, ddìngàó kàdhò bbǐy ndana ní bbiydha mí ddiy nà nì cha gbè basi ǐngí dùdú nì taksi?	Nyi chuw njàddí sâdjò bbalè kì věy ǒmá dòwdha mí nga nì ngǎ ddòwdha ddí nì klǒw njàddí sâdjò nyi chuw fúddiy mà nì kǒw rŕ ddrǒ à nì aksident mà ddí nya bbalè ró ya ngǎjì ní tuwtso nì mí nga ó fú nì chú à mba nì ngǎjìní lò mà jì	1			Lendu	train	8.458285274894271		False	0.22666666666666668	False	3.570582864422668	0.11654135338345864	True
830ccfbc3f4a54ceb8d849dbfe1b520f	66318	spontaneous-speech-led-66318.mp3	20808	6703	Nyì chǔw ŋá tǔwtǔw ní nga cha nyì bbǐy, ddìngàó kàdhò bbǐy ndana ní bbiydha mí ddiy nà nì cha gbè basi ǐngí dùdú nì taksi?	Nyi chuw njàddí sâ djò bbalè à kì věy ǒmá dòwdha mí nga ddí nì ngǎ dòwdha ddí nì klǒw njàddí sâ djò nyi chuw fúddiy mà nì kǒw rí drǒ à nì aksìdènt mà ddí nya bbalè ró ya ngǎjìní tuwtsò nì mí nga ó fúnìchú à mba nì ngǎjìní lò mà jì	1			Lendu	train	8.50634371395617		False	0.2599118942731278	False	3.551069646942892	0.10676691729323308	True
eea86ca8ea6b1af65157b06503a99e83	66354	spontaneous-speech-led-66354.mp3	20196	6703	Nyì chǔw ŋá tǔwtǔw ní nga cha nyì bbǐy, ddìngàó kàdhò bbǐy ndana ní bbiydha mí ddiy nà nì cha gbè basi ǐngí dùdú nì taksi?	Ya bbalè nì ddrǒ ro à kprà nì li ó nga ya nyì nì ddrǒ ǒnga ó nó nyì rà chùw nyì ó nga nì ndèy kprǎ à nyá nì áksìdènt ddí bbalè dhi nì ddí ǒ nó njà ddí sǎ nà ya à lòw kàss ro mà nja bbalè dhi nì	1			Lendu	train	7.031095266389383		False	0.2421052631578947	False	5.275947874469375	0.9233082706766917	False
f595d0e1832ceab8c935264c25968409	64165	spontaneous-speech-led-64165.mp3	17748	6704	Nyi ní dděy dhì nzòw ní nzòw cha ì nì nyìdhí bba ó nì à jì ndrǔ rǎ sòmù ò ndèymí ddudhò?	Ma nì jǐ ney ndrǔ rǎ somu ò ndaní ndrǔ dhí nga ddéydha ddí à ndrŕ ndèy nji tsò djò bba ddǐní à bbú ndǔ dho li dha ndrǔ dhí deydha ó cha à nì ndèy jǐ ní chú	1			Lendu	train	6.648636466080685		False	0.1633986928104575	False	4.243486846974212	0.49699248120300754	True
f595d0e1832ceab8c935264c25968409	64165	spontaneous-speech-led-64165.mp3	17748	6704	Nyi ní dděy dhì nzòw ní nzòw cha ì nì nyìdhí bba ó nì à jì ndrǔ rǎ sòmù ò ndèymí ddudhò?	Ma nì jǐ ney ndrǔ rǎ sòmù ò ndaní ndrǔ dhí nga ddéydha ddí à drŕ ndèy njitsò djò bba  ddi ní à bbú ndrǔ dho ndrǔ dhí lidha ndrǔ dhí deydha ó  cha à nì ndèy jǐ níchú	1			Lendu	train	7.04304710389903		False	0.20370370370370372	False	3.758358637176597	0.19699248120300752	True
5ead05ed0317f78aa329e93b3f6c2b6c	64426	spontaneous-speech-led-64426.mp3	20088	6704	Nyi ní dděy dhì nzòw ní nzòw cha ì nì nyìdhí bba ó nì à jì ndrǔ rǎ sòmù ò ndèymí ddudhò?	Ndaní ndrǔ chǔw nyǔ'wiy ndaní ndrǔ ká dey chěy ní li djùkpa ddàdha-djá nì ndaní ndrǔ ká lǎní lò dhò cha ney ì nì dhǐ nì dhì nzòw ní nzòw  luwtò ì mà nì dho	1			Lendu	train	5.973715651135006		False	0.21052631578947367	False	3.37771545298924	0.05037593984962406	True
3d6b646c1cb9130eb226ee4110f7995d	64820	spontaneous-speech-led-64820.mp3	10656	6704	Nyi ní dděy dhì nzòw ní nzòw cha ì nì nyìdhí bba ó nì à jì ndrǔ rǎ sòmù ò ndèymí ddudhò?	Ndeyní dhì nzòw ní nzòw nyúddà pǔ ndey nga sòdha dho ndeyní màdhí bbà ká dhiy	1			Lendu	train	5.818318318318318		True	0.1216216216216216	False			False
789f537bcdf7638af5c97b59bc69a60d	65084	spontaneous-speech-led-65084.mp3	19188	6704	Nyi ní dděy dhì nzòw ní nzòw cha ì nì nyìdhí bba ó nì à jì ndrǔ rǎ sòmù ò ndèymí ddudhò?	À jì dhì nzǒ nzò ddí rǎ sòdha ò ddudjú ddù ndrǔ ddí ka dey ddí ì koko djú rwonì mî Uganda lò-shúwdha ddí à jì ddí dhì ní  ndrǔ à drř li djùkpa ddí dhì nzòw nzòw ddí ndrǔ déy ì koko djú	1			Lendu	train	7.348342714196373		False	0.25274725274725274	False	4.550463001068703	0.6849624060150376	False
830ccfbc3f4a54ceb8d849dbfe1b520f	65210	spontaneous-speech-led-65210.mp3	24336	6704	Nyi ní dděy dhì nzòw ní nzòw cha ì nì nyìdhí bba ó nì à jì ndrǔ rǎ sòmù ò ndèymí ddudhò?	Dhì nzòw ní nzòw dhí sòmù mí lò nì klǒw djúddù dhì nzòw tde nì ssêy dhǐy nyúddà ó fú nì chú ley nì ndèy à ji nì dhì nzòw déy rǎ sò ò ddí ndaní ndrǔdhí lò déy tǔw ingá mà dè Uganda ó à jǐ dhì nzòw ní nzòw ddí dey rǎ sòmu ò ddu djú ddù ndrǔ dhí dhǐy nì lèy ddrǒ fulè ya ndrǔ sò ro	1			Lendu	train	8.58809993425378		False	0.25090909090909086	False	4.5618060576054775	0.6947368421052632	False
21fb7f77ccb2d6989e98bcd4edf4c539	65664	spontaneous-speech-led-65664.mp3	23616	6704	Nyi ní dděy dhì nzòw ní nzòw cha ì nì nyìdhí bba ó nì à jì ndrǔ rǎ sòmù ò ndèymí ddudhò?	Ndaní ndrǔ chǔw nyǔ'wíy cha ney ìdho ndanà ìdhí djiy rónga pbò nì ndaní ndrǔ chǔw tuw cha ney ì dho ndana mb chùw nì fú nì nì tǔwtǔw ní lò ney ndèy dho ùw dhì nzòw ní nzòw ndrǔ rǎ sukúl ò nì.	1			Lendu	train	6.266937669376694		False	0.25	False	3.5509075028443844	0.10601503759398496	True
da097b556a52dc7d273093cf8ce97abd	65758	spontaneous-speech-led-65758.mp3	21348	6704	Nyi ní dděy dhì nzòw ní nzòw cha ì nì nyìdhí bba ó nì à jì ndrǔ rǎ sòmù ò ndèymí ddudhò?	Màdhí dhì nzòw ní nzòw cha ì nì bba kà nì à jì ndrǔ rǎ sòmu ò ddì nì  mí lòtey nì ndàní fú ndrú tsǐ nyǔ'wiy  rwo nì mî ndaní fú ndrú déy ì koko djú gbow nì mî ndaní nyí ká dey ngǎ ndrǔ nyú tey ò	1			Lendu	train	6.745362563237775		False	0.17801047120418845	False	3.8672780264719373	0.262406015037594	True
b60ffd663a6f4ea05bc69ef86c8ee3e8	66073	spontaneous-speech-led-66073.mp3	29916	6704	Nyi ní dděy dhì nzòw ní nzòw cha ì nì nyìdhí bba ó nì à jì ndrǔ rǎ sòmù ò ndèymí ddudhò?	À jì ndrǔ rǎ sòmù ò ndrǔ rǎ nyǔ'wiy chùw ndrǔ ngú dhǐy njèy ndanà gbè kpaní nzòw nì njěy ndanà níchú ddí njàddí rwo nì mî dhì nzòw ní nzòw dhǐy drǒ ní nì jǐ ndanà ndrǔ ká rà dhǐy njèy mà tsotso kwódha dhò tdiytdiy ní ofis òluw ddǎwà mà dzà òluw dhì ngádha ò òluw	1			Lendu	train	6.852520390426528		True	0.2355212355212355	False			False
f1a9e65b853cca9c7a61a76ceeba58e2	66142	spontaneous-speech-led-66142.mp3	21888	6704	Nyi ní dděy dhì nzòw ní nzòw cha ì nì nyìdhí bba ó nì à jì ndrǔ rǎ sòmù ò ndèymí ddudhò?	Ndrǔ tsǐ ì dyási níchú  ì dyási nì dhì nzòw ní nzòw cha ì nì sòmù ò nì ddí nì ney ì ddí kâ ŋà ì ddí sǒ ní sòmù ndaní ì bǎ lǎnànínga i njěy ì ká ndanà dhǐ njèy ì ká ndanà mb chùw ì ká tdiytdiy ní ddiy njèy cha ì dyási ddí nì njěy ní chú gbè	1			Lendu	train	8.132309941520468		False	0.3008474576271186	False	4.346518004171376	0.5714285714285714	True
69460059366eafce16269260ed3e45b0	66177	spontaneous-speech-led-66177.mp3	9756	6704	Nyi ní dděy dhì nzòw ní nzòw cha ì nì nyìdhí bba ó nì à jì ndrǔ rǎ sòmù ò ndèymí ddudhò?	Ndaní ndrǔ tsǐ lǎní lò ndaní ndrǔ chǔw nyǔ'wiy déydha mî	1			Lendu	train	4.715047150471505		True	0.13207547169811318	False			False
9effd7faf8601b37182a0098bf1d23b2	66515	spontaneous-speech-led-66515.mp3	17388	6704	Nyi ní dděy dhì nzòw ní nzòw cha ì nì nyìdhí bba ó nì à jì ndrǔ rǎ sòmù ò ndèymí ddudhò?	À jì dhì nzòw ní nzòw à  rǎ sòmù ò ndèy nì màdhí bba ó nì ndaní ndrǔ ddí rǎ njitsò djò ndaní ndrǔ ddí njěy cha ngéy ní bbalè nì njěy nì njí	1			Lendu	train	6.038647342995168		False	0.23529411764705888	False	3.1873363916714865	0.022556390977443608	True
c5df5911e2fe9c37bfe33b1deacd2a9c	63813	spontaneous-speech-led-63813.mp3	22968	6705	Dhì ndèymí dhì nzòw ní nzòw nà ní dǎ ŋǎchú ní tǔwtǔw ní lò òluw?	Dhì ndèymí dhì-nzòw ní nzòw ní ddǎ ŋǎchú nì tùwtǔw ní lò ò luw ndrǔ nì dǎ ò mà luw nì tuwtuw ní lò nì ddiy mí zòw lithìdha ndèymí gôw mí tuw nì klǒw ddǎwà djò ràdha nì klǒw	1			Lendu	train	5.790665273423894		False	0.242603550295858	False	3.9575467938365887	0.32105263157894737	True
8acb58a60c926b87d6f906bec0e3c36d	63904	spontaneous-speech-led-63904.mp3	17640	6705	Dhì ndèymí dhì nzòw ní nzòw nà ní dǎ ŋǎchú ní tǔwtǔw ní lò òluw?	Dhì ndèymí dhì nzòw ní nzòw nà ní dǎ ŋǎchú nì tǔwtǔw ní lò òluw? Kpa vì dey dhì tsotso kwo nzǐ dhì nzòw dey tsǔw ków ò děy nzá ìdhí ddu kâ ní.	1			Lendu	train	6.179138321995465		False	0.13669064748201443	False	3.947774945529096	0.3180451127819549	True
9effd7faf8601b37182a0098bf1d23b2	64305	spontaneous-speech-led-64305.mp3	19188	6705	Dhì ndèymí dhì nzòw ní nzòw nà ní dǎ ŋǎchú ní tǔwtǔw ní lò òluw?	Ndrǔ nì chěy ní dza tsǐ nzǐ ì déy ǒmá nì ndrǔ nì dǎ tǔwtǔw ní lò ò luw gòw mí sâ nà	1			Lendu	train	3.179070252240984		False	0.07499999999999996	False	4.5815756772550325	0.7075187969924812	False
830ccfbc3f4a54ceb8d849dbfe1b520f	64500	spontaneous-speech-led-64500.mp3	20016	6705	Dhì ndèymí dhì nzòw ní nzòw nà ní dǎ ŋǎchú ní tǔwtǔw ní lò òluw?	Dhì kpá bìy dey nzǐ dhì dhotsò kwo mb nà cha dhì dho ndanà kulòkà njèy nì à lêy ddíyà dhì bì dey dà kpákpá ní lò òluw ndèymí dhì nzòw ní nzòw gù ì rǎ sò ò ddiy à lêy ndey dròdró ní bbalè vì dey nzǐ ndrǔ tsotso kwo bbakǎ luw	1			Lendu	train	8.543165467625899		False	0.15454545454545454	False	4.368096600191203	0.5857142857142857	True
f595d0e1832ceab8c935264c25968409	64640	spontaneous-speech-led-64640.mp3	16668	6705	Dhì ndèymí dhì nzòw ní nzòw nà ní dǎ ŋǎchú ní tǔwtǔw ní lò òluw?	Njà ndrú nzǐ ka nì mbǎ dàrázà ò njǎ ndrǔ ka nì kpǎ klǒw nà à rǎ ków ò njǎ ndrú dho ka nì klǒw ní nji bbu bba ó	1			Lendu	train	4.859611231101512		False	0.2149532710280374	False	5.736524452070073	0.9759398496240601	False
69460059366eafce16269260ed3e45b0	65102	spontaneous-speech-led-65102.mp3	11628	6705	Dhì ndèymí dhì nzòw ní nzòw nà ní dǎ ŋǎchú ní tǔwtǔw ní lò òluw?	Bbalè gòwdha mí tǔwtǔw  ní nga mb mí tǔwtǔw ní nga nyû mí zòw njàdí nga nà	1			Lendu	train	4.901960784313726		False	0.2535211267605634	False	3.8432302846458692	0.24661654135338346	True
789f537bcdf7638af5c97b59bc69a60d	65296	spontaneous-speech-led-65296.mp3	24300	6705	Dhì ndèymí dhì nzòw ní nzòw nà ní dǎ ŋǎchú ní tǔwtǔw ní lò òluw?	Tǔwtǔw ní lò dhì nzò ní nzòw ndèymí dhì nà à à nì chǔw màdhí pba ó nì lò à nì i à tǔwzz̀dha ndrǔ zz ì zz̀ mí sâ djò nyi nì chǔw ràdha tsúw dzà ddawa dzà à nì ngǎ chow ánì dǎ ndǐ mà dho ddrǒ ma klódha mí sâ djò nyi ra chùw  njàddí sâ djò dhì nì ì klo tuwtso	1			Lendu	train	7.860082304526749		False	0.18972332015810278	False	4.957492144805882	0.856390977443609	False
4690939abbaed200afffde0a457f0324	65545	spontaneous-speech-led-65545.mp3	19728	6705	Dhì ndèymí dhì nzòw ní nzòw nà ní dǎ ŋǎchú ní tǔwtǔw ní lò òluw?	Kpa ní ndrǔ nì nzadha bbu dhì nzòw ní nzòw dhò ndèymí dhì ní ndrǔ nà ka nì nga njǎ nzǐ dhì dè ka nì ndrǔ dhò nzǐ mb mí tuw dhǒ	1			Lendu	train	4.8154906731549065		False	0.2764227642276422	False	4.4958071411696094	0.6533834586466165	False
b60ffd663a6f4ea05bc69ef86c8ee3e8	65892	spontaneous-speech-led-65892.mp3	16560	6705	Dhì ndèymí dhì nzòw ní nzòw nà ní dǎ ŋǎchú ní tǔwtǔw ní lò òluw?	Dhì ndèymí dhì nzòw ní nzòw nà ndrǔ nì dǎ òmàluw nì tǔwtǔw ní nga nì ków děyddù nì děy nzá li dhí cho kâ ní ndèymí òpèrécòn má ka nì njěy ndrǔ ró nì nà	1			Lendu	train	7.004830917874397		False	0.18918918918918914	False	3.8890806121441646	0.2774436090225564	True
3d6b646c1cb9130eb226ee4110f7995d	66048	spontaneous-speech-led-66048.mp3	17028	6705	Dhì ndèymí dhì nzòw ní nzòw nà ní dǎ ŋǎchú ní tǔwtǔw ní lò òluw?	Zòw ndrǔ nì dǎ ò nò luw nì dhì nzòw ní  nzòw nì ì gǒw děy ddu ní à nì ley nzòw ków nì ra shì ndrǔ djòluw ndrǔ dhí kpa nì ndrǔ bbǒ nzǐ nzòw nì nì ngu ví ndruní ɦíyní dè	1			Lendu	train	7.2821235611933295		False	0.25609756097560976	False	4.862621695049164	0.8285714285714286	False
da097b556a52dc7d273093cf8ce97abd	66339	spontaneous-speech-led-66339.mp3	22068	6705	Dhì ndèymí dhì nzòw ní nzòw nà ní dǎ ŋǎchú ní tǔwtǔw ní lò òluw?	Dhì ndèymí dhì nzòw ní nzòw nà nì dǎ mí lò òluw nì ddì nì kpa ndèymí kpaní ndrǔ nà à gù ddí à kwo dhì tsotso rwo nì mî dhì nzòw ní nzòw nì dǎ òmàluw nì lò nì ndrǔ ji nì kéykéy ní ddiy ì chǔwò ní	1			Lendu	train	6.615914446257023		False	0.2774869109947644	False	3.892845390184988	0.2804511278195489	True
5ead05ed0317f78aa329e93b3f6c2b6c	66620	spontaneous-speech-led-66620.mp3	21636	6705	Dhì ndèymí dhì nzòw ní nzòw nà ní dǎ ŋǎchú ní tǔwtǔw ní lò òluw?	Bba kǎ lòtsò njúwdha wá ka bbà dhì ní ndrǔ dhokpǎ ndèymí dhì nzòw ní nzòw nà li gòwdha mí ní nì tǔw tǔw ní nga bba kǎ nì cha nzǐ ka mba ndanà bbalè tsúw dzà nì	1			Lendu	train	5.638750231096322		False	0.16025641025641024	False	4.06223420377786	0.3879699248120301	True
c5df5911e2fe9c37bfe33b1deacd2a9c	63849	spontaneous-speech-led-63849.mp3	21888	6706	Nyi dhò ŋá lò nà dùdú ní dhì ní dhì nzòw tso tso kwo cha ì chùw ì zz̀ nì?	Nyi dho ŋá lò nà ddùddú ní dhì nzòw ní nzò tsotso kwo cha ì nì ì chùw ì zz̀ nǐ à jì ka kwó ndrǔ likà ò ka jǐ ndrǔ nzǐ ka nyá ndrǔ ò zòw  ndaní ka cho ndrǔ ndrǔ rǎ ddǎwà djò nzǐ ndrú ddá ì zz	1			Lendu	train	6.396198830409356		False	0.1336898395721925	False	4.5263207231231775	0.6706766917293233	False
8acb58a60c926b87d6f906bec0e3c36d	63992	spontaneous-speech-led-63992.mp3	16020	6706	Nyi dhò ŋá lò nà dùdú ní dhì ní dhì nzòw tso tso kwo cha ì chùw ì zz̀ nì?	Nyi dho ŋá lò nà dùdú ní dhì nzòw ní nzòw tsotso kwo cha ì chùw ì zz̀ nì? Ma dho tdrà ndrǔ rǎ ddǎwa djò	1			Lendu	train	4.868913857677903		False	0.06000000000000005	False	3.6722866810163475	0.1593984962406015	True
4690939abbaed200afffde0a457f0324	64606	spontaneous-speech-led-64606.mp3	17100	6706	Nyi dhò ŋá lò nà dùdú ní dhì ní dhì nzòw tso tso kwo cha ì chùw ì zz̀ nì?	Dho ndrǔ dhò ddǎwà-dzà mí tuw tdra ndrǔ dhò nzǐ  ddá ì zz̀ ddiydhò li zz̀ ddádha nyá nì dhi bbalè kàó tdra ndrǔ déy klǒw ní thíy nà	1			Lendu	train	5.964912280701754		False	0.171875	False	4.20120527354951	0.45939849624060153	True
789f537bcdf7638af5c97b59bc69a60d	65038	spontaneous-speech-led-65038.mp3	20628	6706	Nyi dhò ŋá lò nà dùdú ní dhì ní dhì nzòw tso tso kwo cha ì chùw ì zz̀ nì?	Dùdú ní dhì nzòw nì nzòw tsotso ma dho kwo ǐchú ì zz̀ nà nì ndrǔ ngùdha nà chow nyi kotò lò-dhòdha nà ndrǔ dho lò-gùdha nà ndrǔ dho nzǐ ndrǔ ddá ì zz̀ lò-dhòdha nà ndrǔ dho ddǎwà-dzà ò ràdha mǐ vúní nga ndrǔ nì ddéydha dhò	1			Lendu	train	8.483614504556913		False	0.31506849315068497	False	3.733404623050112	0.18721804511278195	True
21fb7f77ccb2d6989e98bcd4edf4c539	65509	spontaneous-speech-led-65509.mp3	24876	6706	Nyi dhò ŋá lò nà dùdú ní dhì ní dhì nzòw tso tso kwo cha ì chùw ì zz̀ nì?	Ddì nì à kà mà chǔw fúndrú thíy fúnga dzzdjú mà bbú fúndrú dhò nyǔ'wiy cha ney fú ndrú ya ŋà ndèy kâ skul nà ní bbalè fú ndrú ngú sǔw ndanà skul ò nì ndèymí fúndrú rǎ lidhokpa mí njí njèy cha ney ndèydho ngu fú ndrú dhí djiy rónga bbònì	1			Lendu	train	7.436886959318218		False	0.19742489270386265	False	4.20960599760233	0.46616541353383456	True
830ccfbc3f4a54ceb8d849dbfe1b520f	65573	spontaneous-speech-led-65573.mp3	25416	6706	Nyi dhò ŋá lò nà dùdú ní dhì ní dhì nzòw tso tso kwo cha ì chùw ì zz̀ nì?	Mà dho tdrà nzǐ ndrǔ ddá ì zz̀ ya ndrǔ tdè sǒ nì nzòw ka rà tdrà nzǐ ndrǔ dda ì zz̀ ddudjú ddù li zz̀ ddádha rà ndrǔ mbà dhi ò njàddí sǎ djò nyi chuw ya ndrǔ ddâ ì zz̀ dìchú à rà ngu ndrǔ mbà ddí dhi ò à rà jì ní ndrǔ dhò nzǐ ndrǔ ddá ì zz̀ ndeyní ndrǔ chú ngá ì fú nzòw nà nú lǎní ndeyró ya ndrǔ nì sǒ ro ka ngǔ ndrǔ nú ví sòmù ò	1			Lendu	train	9.67894239848914		True	0.345565749235474	False			False
5ead05ed0317f78aa329e93b3f6c2b6c	66008	spontaneous-speech-led-66008.mp3	23940	6706	Nyi dhò ŋá lò nà dùdú ní dhì ní dhì nzòw tso tso kwo cha ì chùw ì zz̀ nì?	À jì mà dhǒ jǐ fú ndrú dho à jì mà mbǎ ndrǔ tsúw dzà ò cha ney kadho ndrǔ rónga pbò mí nga ò à jì ka ddǔ ndrǔ nyú nzǐ fú ndrú ddá ì zz à jì ka pbǒ ndrú rónga lǎní	1			Lendu	train	4.970760233918129		False	0.23899371069182385	False	4.358308392749313	0.5766917293233083	True
b60ffd663a6f4ea05bc69ef86c8ee3e8	66010	spontaneous-speech-led-66010.mp3	20448	6706	Nyi dhò ŋá lò nà dùdú ní dhì ní dhì nzòw tso tso kwo cha ì chùw ì zz̀ nì?	Ma dho ndrǔ tsotso kwo ma djów ndrǔ djùw  Ddrà mí lò nà rwo nì mî ma mbǎ ndrǔ ddawa djò ndanà ma rá ndrǔ rá ddawà kyèw děy nzá ì dhí ddu vì ddà ley ní ddí	1			Lendu	train	5.672926447574334		False	0.11258278145695366	False	4.30195520251659	0.543609022556391	True
da097b556a52dc7d273093cf8ce97abd	66166	spontaneous-speech-led-66166.mp3	23436	6706	Nyi dhò ŋá lò nà dùdú ní dhì ní dhì nzòw tso tso kwo cha ì chùw ì zz̀ nì?	Ddùddú ní bbalè cha ì chùw ì zz nì ddi nì à jì nzá mà péy ndrǔ tsúw rwo nì mî à jì mà íy fúndrǔ ndrǔ rǎ ò ní mà dè gbow nì mî à jì mà bbú mà rónga ndrǔdhò tho nì mî à jì mà gwíy ndrǔ lònà tho nì mî à jì mà mbǎ ndrǔ ddawa	1			Lendu	train	6.8697729988052565		False	0.2949308755760369	False	3.997913474562973	0.35037593984962406	True
3d6b646c1cb9130eb226ee4110f7995d	66288	spontaneous-speech-led-66288.mp3	17496	6706	Nyi dhò ŋá lò nà dùdú ní dhì ní dhì nzòw tso tso kwo cha ì chùw ì zz̀ nì?	À kà mà djów ndrǔ thíy mà tdrǎ ndrǔ dhò tsúw-dzà ràdha mí lò nzǐ ndanà ndrǔ ddáwò nì ì zz̀ nzánà ndrǔ rá dhì děy ddù nì	1			Lendu	train	5.258344764517604		False	0.11206896551724133	False	4.499008150491256	0.6556390977443609	False
9effd7faf8601b37182a0098bf1d23b2	66308	spontaneous-speech-led-66308.mp3	19116	6706	Nyi dhò ŋá lò nà dùdú ní dhì ní dhì nzòw tso tso kwo cha ì chùw ì zz̀ nì?	Nzǐ ndrǔ sǎ ì zz̀ ndrǔ nyi gwiy lǎnà ní lò nà cha ndrǔ dho fú ì zz rónga pbò pbǔw ì rà gòw ddiy djò	1			Lendu	train	3.8711027411592394		False	0.08333333333333337	False	4.376624860218136	0.5902255639097744	True
f1a9e65b853cca9c7a61a76ceeba58e2	66378	spontaneous-speech-led-66378.mp3	21456	6706	Nyi dhò ŋá lò nà dùdú ní dhì ní dhì nzòw tso tso kwo cha ì chùw ì zz̀ nì?	Nzǐ ndrǔ sǎ ì zz̀ ndrǔ rǎ ddǎwà djò nzǐ ndrǔ léy thǒw lǒw ì nzǐ ndrǔ rř ì dyási ngéy ní dhí lò cha ì dho ì djùkpa ónga sà ì dho ndrǔ mbà ngǎjìní lò ò ndanà nì	1			Lendu	train	5.592841163310962		False	0.17307692307692313	False	4.27014907620187	0.5203007518796993	True
bb53c9cc38fe315d31ecd6251f4b4705	66456	spontaneous-speech-led-66456.mp3	18360	6706	Nyi dhò ŋá lò nà dùdú ní dhì ní dhì nzòw tso tso kwo cha ì chùw ì zz̀ nì?	Ddi nì mà dho fú ndrǔ cho ddǎwà djò rwo nì mà dho fú ndrǔ dho lò tdrà nzánà fú ndrǔ ddá ì zz̀ fú ndrǔ déy fú tuw nà pbǔw fú ndrǔ rà ì nga ddiyò mà ká fú ndrǔ rónga pbò lǎní ndaní fú ndrǔ dhí nzòw ka dhìy	1			Lendu	train	8.333333333333334		False	0.28	False	3.6921936630398218	0.1661654135338346	True
f595d0e1832ceab8c935264c25968409	66588	spontaneous-speech-led-66588.mp3	16236	6706	Nyi dhò ŋá lò nà dùdú ní dhì ní dhì nzòw tso tso kwo cha ì chùw ì zz̀ nì?	Tdra ndrǔ dho nzǐ ndrǔ dda ì zz̀ tdra ndrǔ dyǒw ddǎwà mí tuw bbú ndrǔ dho cha lò má   à  dho ndrǔ thíy djow nì ndaní ndrǔ déy hwî nà ddí	1			Lendu	train	6.2823355506282335		False	0.21052631578947367	False	3.8699250743483025	0.2646616541353383	True
c5df5911e2fe9c37bfe33b1deacd2a9c	63810	spontaneous-speech-led-63810.mp3	25668	6707	Cha ndèy nyá nì tuw ó ddrǒngóní aksident nì lò ní ddu Uganda ó?	Cha ndèy nyá nì drǒngó ní áksìdènt nì lò ní ddu Uganda ó? Ndèy nyá nì aksìdènt Uganda ó nì lò nì ngǎjìní mùtùkárì kòwdha ǐngí pìkìpíkì njàddí ndrǔ kow nì nǎŋú ì mb wa njàddí ndrǔ kow nì ngǎjìní ngow jì	1			Lendu	train	6.233442418575659		True	0.2727272727272727	False			False
8acb58a60c926b87d6f906bec0e3c36d	63947	spontaneous-speech-led-63947.mp3	16308	6707	Cha ndèy nyá nì tuw ó ddrǒngóní aksident nì lò ní ddu Uganda ó?	Cha ndèy nyánì tuw ó drǒngó ní aksident mí lò ní ddu Uganda ó? À nì rí ní ngow kòwdha	1			Lendu	train	4.047093451066961		False	0.024390243902439046	False	4.695291021276828	0.7578947368421053	False
b60ffd663a6f4ea05bc69ef86c8ee3e8	64598	spontaneous-speech-led-64598.mp3	17856	6707	Cha ndèy nyá nì tuw ó ddrǒngóní aksident nì lò ní ddu Uganda ó?	Ngow rí ní nì nyi nì kǒw pikipiki nà mutukari nà fú ddiy rà ley aksident rà nyi chùw tuw ó njàddí nì tuw ó ngà ngǎjì ní nì ddí ley nì mà chuw nì aksident tuw ó	1			Lendu	train	6.832437275985662		False	0.21153846153846156	False	4.238003290943199	0.4917293233082707	True
bb53c9cc38fe315d31ecd6251f4b4705	64690	spontaneous-speech-led-64690.mp3	18756	6707	Cha ndèy nyá nì tuw ó ddrǒngóní aksident nì lò ní ddu Uganda ó?	Cha ndèy nyá nì drǒ ní aksìdent nì ddiy nì tuw ngǎjìní nì ngow rí ní nì àlè dda djú tsúw ngǎjìní ka lêy nì fúddiy chú nya nì aksìdènt	1			Lendu	train	5.544892301130305		False	0.17692307692307696	False	5.227490516134489	0.9165413533834587	False
9effd7faf8601b37182a0098bf1d23b2	64752	spontaneous-speech-led-64752.mp3	18180	6707	Cha ndèy nyá nì tuw ó ddrǒngóní aksident nì lò ní ddu Uganda ó?	Ndèy nyá nì sksident Uganda ó nì lò nì driva nì rí ní ngow kǒw ro, wa ndèy mb ro ngǎjìní tuw nì ddiy	1			Lendu	train	4.235423542354235		False	0.061855670103092786	False	4.6122147554859465	0.7210526315789474	False
4690939abbaed200afffde0a457f0324	64951	spontaneous-speech-led-64951.mp3	16020	6707	Cha ndèy nyá nì tuw ó ddrǒngóní aksident nì lò ní ddu Uganda ó?	Rí ní ngow kòwdha wa mbr̀dha nyi nì mutukar kǒw ro	1			Lendu	train	2.4968789013732837	transcription-length	False	0.021276595744680882	False	4.848326000252634	0.8225563909774436	False
21fb7f77ccb2d6989e98bcd4edf4c539	64953	spontaneous-speech-led-64953.mp3	26676	6707	Cha ndèy nyá nì tuw ó ddrǒngóní aksident nì lò ní ddu Uganda ó?	Ndèy nyá nì aksident Uganda ó ní ddiy nì tuw nzá ka thìy lǎnà ní ddiy ndèymí rí ní ngow nà ndèymí ee tsuw cha bbiydha mí ddiy rónga ka nì thǐy nzǐ lǎní fú ddiy mà chú ndrǔ bbú nì aksident	1			Lendu	train	5.4730844204528415		True	0.19021739130434778	False			False
789f537bcdf7638af5c97b59bc69a60d	65371	spontaneous-speech-led-65371.mp3	20700	6707	Cha ndèy nyá nì tuw ó ddrǒngóní aksident nì lò ní ddu Uganda ó?	Ndèy nyá nì aksident Uganda ó tuw ó  nànì lò à nì nyi chuw drivers à nì kǒw rrí njàddí sâ djò nyi nì chǔw tuwtsò mí lǎ ní nga nì ngǎ nyi nì chǔw pbuw nì ddí tuw ò luw njàddí sâ djò nyi nì chǔw ji kwô nga ngû wá klǎkàklǎ	1			Lendu	train	8.019323671497585		False	0.2407407407407407	False	4.3032307639306895	0.544360902255639	True
e75023469f03884aa6b979a6eeb811c2	65440	spontaneous-speech-led-65440.mp3	20556	6707	Cha ndèy nyá nì tuw ó ddrǒngóní aksident nì lò ní ddu Uganda ó?	Pikipiki nì ney mutukari nì ney gǎr nì ney fúnì màchú nì tǔwtǔw ní ddiy má ì bìdey aksìdèt nya Uganda ó nì ndunì nyi chuw bbalè nì kǒw ǒmá nì tuwtsò ka nì tsǐ nzǐ kaní kǒw ŋǎchú ní ka rà tsì ddí nzǐ ngow chú rà tdè nú ngow fúnì màchú nì aksìdènt mà nya bbalè nì dhǐ wánì ddiy nì ndèy njěy swàní	1			Lendu	train	11.140299669196342		False	0.23367697594501713	False	4.845180556121492	0.8210526315789474	False
3d6b646c1cb9130eb226ee4110f7995d	65456	spontaneous-speech-led-65456.mp3	16740	6707	Cha ndèy nyá nì tuw ó ddrǒngóní aksident nì lò ní ddu Uganda ó?	Ddi nì à nì tuw ó tss nì ngǎjìní rwo nì mî à nì nò ka nì tduw drǒ cha ka nì bbiy mí ddiy nà à nì áksìdèt nya Uganda ó	1			Lendu	train	5.137395459976105		False	0.14035087719298245	False	4.911610665727387	0.8428571428571429	False
da097b556a52dc7d273093cf8ce97abd	65510	spontaneous-speech-led-65510.mp3	25488	6707	Cha ndèy nyá nì tuw ó ddrǒngóní aksident nì lò ní ddu Uganda ó?	Ddrǒ-ngó ní ddiy cha ndèy nyá nì aksident Uganda ó nì ddì nì ngow ní rŕ ngow ní rrí  kòwdha rwo nì mî nì tér ka ddúw nì lèy ní nì gbow nì mí nì djúwdha cha ka djúw nì tuw ó nì gbow nì mî wa mbrr̀dha ya nyi mbr nyi nì wa mbr nì ngow kǒw ddí chǔw mà ní ddiy nà fú ddiy chú nyá nì aksident	1			Lendu	train	8.513810420590081		True	0.3204225352112676	False			False
830ccfbc3f4a54ceb8d849dbfe1b520f	65810	spontaneous-speech-led-65810.mp3	21456	6707	Cha ndèy nyá nì tuw ó ddrǒngóní aksident nì lò ní ddu Uganda ó?	Fúnì ngu drǐvà djú má cha ì mbr nì wá ddí ya ndrǔ nì rǎ mùtùkárì nyúddà mbà nì njàddí nì ngǎjìní tuwtsò má nzǐ ka vì dey thǐ nì fúnì chú rà ndey fú lo aksìdènt mî nya Uganda ó fúnì rà ley ndey fú bbalè rà dey aksìdènt chùw ya tuwtsò nì ngǎjìní	1			Lendu	train	8.808724832214764		False	0.19166666666666665	False	4.402009123585994	0.6045112781954888	False
eea86ca8ea6b1af65157b06503a99e83	66062	spontaneous-speech-led-66062.mp3	19296	6707	Cha ndèy nyá nì tuw ó ddrǒngóní aksident nì lò ní ddu Uganda ó?	Rí ní ngow kòwdha nyá nì aksident tuw òluw pikìpíkì ǐngí gǎrr kòwdha ya nyi mbr wa ro nya nì aksident dji nì kwó nì ró	1			Lendu	train	4.819651741293533		False	0.16521739130434787	False	4.800869111854744	0.8052631578947368	False
f1a9e65b853cca9c7a61a76ceeba58e2	66157	spontaneous-speech-led-66157.mp3	21816	6707	Cha ndèy nyá nì tuw ó ddrǒngóní aksident nì lò ní ddu Uganda ó?	Tuwtsò ngǎjìní nì, ngow rí ní kòwdha, wa mbdha drǒ nî ya ka nì kǒw bǎsì mí sǎnà áẁ míni bǎsì áw pìkìpíkì nà	1			Lendu	train	3.896222955628896		False	0.02857142857142858	False	5.165691509584481	0.9015037593984963	False
5ead05ed0317f78aa329e93b3f6c2b6c	66629	spontaneous-speech-led-66629.mp3	17208	6707	Cha ndèy nyá nì tuw ó ddrǒngóní aksident nì lò ní ddu Uganda ó?	Rí ní ngow kòwdha, tuwtsò ngǎjì ní nì, nò tdúwdha lèy ní nì cha ney ndèy da tán djòluw nì	1			Lendu	train	4.0678754067875404		False	0.06976744186046513	False	4.923196259853383	0.8473684210526315	False
c5df5911e2fe9c37bfe33b1deacd2a9c	63825	spontaneous-speech-led-63825.mp3	21060	6708	Ddrà-dzà ó njí njèydha djá dhí njí ní ddu nyìdhí bba ó?	Ddrà-dzà ó njí njèydha-djá dhí njí ní ddu nyìdhí bba ó? Ddì nì ndrǔ tdow nì bbalè ndrǔ kwó nì cha ì nì dǎ nzadha òluw nì bbalè tsotso ndèymí ndrǔ kí nì bbalè thíy ndèymí ndrǔ dda nì bbalè djùkpa pádha ò	1			Lendu	train	7.597340930674265		False	0.2613065326633166	False	3.4745493382097323	0.07293233082706767	True
789f537bcdf7638af5c97b59bc69a60d	64135	spontaneous-speech-led-64135.mp3	22176	6708	Ddrà-dzà ó njí njèydha djá dhí njí ní ddu nyìdhí bba ó?	Ddrà-dzà ó ndrǔ dhí njí mí dhǐy nì ndrǔ gwíy bbalè Ddrà lò nà gbow nì ndrǔ bbíy bbakǎ luw Ddrà mí lò dhòdha nà má kàdho li jùw ónga ngù nì tho nì ndrǔ bbú bàmtízì nzòw dho ma cha děy nzá ì bì bàmtízì chùw nì	1			Lendu	train	7.215007215007215		False	0.17647058823529416	False	4.1268932691898	0.4150375939849624	True
21fb7f77ccb2d6989e98bcd4edf4c539	64229	spontaneous-speech-led-64229.mp3	17460	6708	Ddrà-dzà ó njí njèydha djá dhí njí ní ddu nyìdhí bba ó?	Ddrà mí njí njèydha mí li mí njí nì à ddá bbalè ngǎjìní lò óddù à dow à bbú nyǔ'wiy cha rakpǎ ka dho ra ndanà nì bbalè dho ndèymí ka cha ka dho ndanà li rónga bbò ndanà ǐngá dziylíy djú nì	1			Lendu	train	8.36197021764032		False	0.18918918918918914	False	4.059611637098179	0.38571428571428573	True
da097b556a52dc7d273093cf8ce97abd	65625	spontaneous-speech-led-65625.mp3	19836	6708	Ddrà-dzà ó njí njèydha djá dhí njí ní ddu nyìdhí bba ó?	Ddrà dzà ò njí njèydha dhí njí nì ddìnì ndrǔ ra nì mà tsotso kwo Ddrà nzz̀dha nà màdhí bba ò luw rwo nì mî ya lò nyì nza nyì kà ó ka kow nì ndrǔ dè	1			Lendu	train	5.595886267392619		False	0.13194444444444442	False	3.8556165383029546	0.2571428571428571	True
69460059366eafce16269260ed3e45b0	65716	spontaneous-speech-led-65716.mp3	13536	6708	Ddrà-dzà ó njí njèydha djá dhí njí ní ddu nyìdhí bba ó?	Ndrǔ gwiy nì mà Ddrà mí lò nà ndrǔ gwiy nì mà bbǎ cherr njèydha ndrǔ gwiy nì mà lǎní déydha jì nà mà kàòluw	1			Lendu	train	6.131796690307329		False	0.28846153846153844	False	3.654803109168131	0.1518796992481203	True
eea86ca8ea6b1af65157b06503a99e83	65905	spontaneous-speech-led-65905.mp3	24660	6708	Ddrà-dzà ó njí njèydha djá dhí njí ní ddu nyìdhí bba ó?	Ddrà mí lò tdràdha bbalè dho ndaní à kí bbalè jǔw ó nga lò má bbalè nì dǎ ǒnò nì róddù tdôw njèydha bbakà ò luw fúnì ddí ndrǔdhí njí  bbalè lídha ì dhí ngǎjìní nga róddù	1			Lendu	train	5.35279805352798		False	0.1686746987951807	False	3.81525407631523	0.22481203007518796	True
830ccfbc3f4a54ceb8d849dbfe1b520f	65995	spontaneous-speech-led-65995.mp3	19980	6708	Ddrà-dzà ó njí njèydha djá dhí njí ní ddu nyìdhí bba ó?	Ddrà mí dhǐy njèydha à léy nì Ddrà pbo nì mà rónga lǎní fúnì chú rà léy ya nyi nì Ddrà mí nyi nà ney nyi ò nyi rà dey lǎní ngòw djú nyi rà nyǐngá nzów ddí ngwiy lǎní ndèymî fúnìchú Ddrà léy nì lǎní njí à jì mà njěy ddí Ddrà dho lǎní	1			Lendu	train	8.90890890890891		False	0.2794759825327511	False	3.930252467461865	0.30451127819548873	True
f1a9e65b853cca9c7a61a76ceeba58e2	66192	spontaneous-speech-led-66192.mp3	21888	6708	Ddrà-dzà ó njí njèydha djá dhí njí ní ddu nyìdhí bba ó?	Ndrǔ kwó nì nyì tsotso Ddrà mi lò nà cha nyì thíy nì ndèy nza mí sâ nà áw cha nyì ró tǔwtǔw ní lò shì mí sâ nà ndrǔ dhǒ nyì dhò chěy ní tuw tsò cha ndèy dho nyì djùkpa ddà ngǎjìní lò óddù ndèymí lǎní lò óddù	1			Lendu	train	7.218567251461987		False	0.22549019607843135	False	3.974460124713838	0.33458646616541354	True
b60ffd663a6f4ea05bc69ef86c8ee3e8	66313	spontaneous-speech-led-66313.mp3	25020	6708	Ddrà-dzà ó njí njèydha djá dhí njí ní ddu nyìdhí bba ó?	Ddrà dza ó njí njèydha mí bbalè dhí dhǐy nì ndrǔ nì mà gwiy Ddrà mí lò nà mà ǔw Yesu ndrǔ nì mà gwiy bǔkù zòwdha nà ndrǔ nì mà gwiy Ddrà mí nzòw rónga bbòdha nà	1			Lendu	train	4.916067146282974		False	0.29299363057324845	False	3.564189539918607	0.11203007518796992	True
f595d0e1832ceab8c935264c25968409	66320	spontaneous-speech-led-66320.mp3	19008	6708	Ddrà-dzà ó njí njèydha djá dhí njí ní ddu nyìdhí bba ó?	Ndrǔ dda nì bbalè djùkpa ndrǔ bbú nì bàtízò nzòw dho ndrǔ mba nì mísa cha bbalè ngǎ ì nì  klǒw nà nì dhò ndrǔ njúw nì bbalè tsò wánì nga nà Ddrà mí lò tdràdha nà	1			Lendu	train	6.523569023569024		False	0.16455696202531644	False	3.8288333781824577	0.23533834586466165	True
3d6b646c1cb9130eb226ee4110f7995d	66514	spontaneous-speech-led-66514.mp3	19080	6708	Ddrà-dzà ó njí njèydha djá dhí njí ní ddu nyìdhí bba ó?	Ndrǔ mba nì màdho Bblǒ Thíy Ddrà mî à d jów nì mà thíy ó nga ndey ró mà déy ò ní jǐ nà lǎní nga nì fu màdhí nì ndrǔ tdra nì màdho nì	1			Lendu	train	5.136268343815513		False	0.1705426356589147	False	4.037966905117439	0.375187969924812	True
5ead05ed0317f78aa329e93b3f6c2b6c	66569	spontaneous-speech-led-66569.mp3	20736	6708	Ddrà-dzà ó njí njèydha djá dhí njí ní ddu nyìdhí bba ó?	Ndrǔ dhí njí nì ndrǔ gwiy bbalè Ddrà mí lò nà ndrǔ mbǎ hwî mí lò-ɦéy bbalè kǎ nga ní à mbǎ shú ní thíy, ndrǔ tdǒw bbalè má cha ì dhì nì màdhí bbakà ó	1			Lendu	train	5.497685185185185		False	0.17123287671232879	False	3.4479803610390682	0.06616541353383458	True
c5df5911e2fe9c37bfe33b1deacd2a9c	63816	spontaneous-speech-led-63816.mp3	19800	6709	Dhò cha nyi tdè ddrǒngó ní hwǐ nà mí ddu?	Dho cha nyi tdè drǒngó ní hwî mí ddu. Ma tdè drǒngó ní hwî nà ma dà tdè màtsá klǎsì mí ddu ó ma tdè drǒngó ní hwî nà ma kòw tdè sǐngba mí nga nà  mà tdè drǒngó ní hwî nà màtsá ddíydjò ní ngba mà gòw tdè  ró	1			Lendu	train	7.828282828282828		False	0.41871921182266014	False	4.084703362294495	0.3977443609022556	True
3d6b646c1cb9130eb226ee4110f7995d	64895	spontaneous-speech-led-64895.mp3	17820	6709	Dhò cha nyi tdè ddrǒngó ní hwǐ nà mí ddu?	Màtsá drǒngó ní ddu tdè Ddrà bbû ma dhò ddíydjò ní ngba ndèymí Ddrà lêy ma dêy ndanà i fú ddu ó děy ma má nì Ddrà sǔw	1			Lendu	train	5.05050505050505		False	0.11403508771929827	False	5.172812733501015	0.9045112781954887	False
69460059366eafce16269260ed3e45b0	65220	spontaneous-speech-led-65220.mp3	15660	6709	Dhò cha nyi tdè ddrǒngó ní hwǐ nà mí ddu?	Cha ma sî síníya tho nì mí nga cha ma chùw mílíyòn ddì nì mí nga cha ma sî màtsá njí cha ndèy tdè ma ónga tdǒ drǒ mí nga nà ro	1			Lendu	train	6.066411238825032		False	0.2520325203252033	False	5.413421836099808	0.9451127819548872	False
830ccfbc3f4a54ceb8d849dbfe1b520f	65349	spontaneous-speech-led-65349.mp3	24768	6709	Dhò cha nyi tdè ddrǒngó ní hwǐ nà mí ddu?	Madà màtsá PLE mí sâ nà ma tdè ddrǒngóní ɦwî nà ma tsǔ senior ò mí sâ nà fú nì wá ddu ma ma tdè lǎní ɦwî nà à lêy ma dyási wá ndèymî mà ddòw ndrǔ nà nǔ ddìnga ó mà njûw màdhí lò tsò wá ddìnga ó fú nì chú mbà ma ó ddrǒngóni ɦwî fú ddu ó à lêy ma jinì nì sawa ó ma déy bbalè nà díyà	1			Lendu	train	8.438307493540051		False	0.25270758122743686	False	4.809066143057836	0.8075187969924812	False
f595d0e1832ceab8c935264c25968409	65455	spontaneous-speech-led-65455.mp3	19476	6709	Dhò cha nyi tdè ddrǒngó ní hwǐ nà mí ddu?	Ma tdè drǒngó ní hwî nà ma tsùw séu ddì nì ò ro ma sî mǎ ngá examne síníya tho nì ó nì ro ndeymí ma dzz̀ tèlèfón tdey mí sâ nà ro	1			Lendu	train	4.9804888067364965		False	0.04761904761904767	False	4.737948758183771	0.7804511278195488	False
4690939abbaed200afffde0a457f0324	65522	spontaneous-speech-led-65522.mp3	12600	6709	Dhò cha nyi tdè ddrǒngó ní hwǐ nà mí ddu?	Ma ddèy ddíydjò ní ngba mí nga nà ma ddà màtsá senior tho nì mí paper lǎní	1			Lendu	train	4.603174603174604		False	0.04225352112676062	False	4.742889883538237	0.7849624060150376	False
21fb7f77ccb2d6989e98bcd4edf4c539	65766	spontaneous-speech-led-65766.mp3	23220	6709	Dhò cha nyi tdè ddrǒngó ní hwǐ nà mí ddu?	Mà dhí kaley tsùw mí cho nà mà tdè drǒngó ní hwî nà ddu djúddù mà chùw mà ródho ddí nì ney Uganda ó ndrǔdjá mí pbúw níchú fúddiy lêy mà tdè hwî nà fú nga djúddù pbǔw ndu nì nga ò	1			Lendu	train	5.900086132644272		False	0.13714285714285712	False	4.628259032576635	0.7278195488721805	False
b60ffd663a6f4ea05bc69ef86c8ee3e8	66019	spontaneous-speech-led-66019.mp3	17856	6709	Dhò cha nyi tdè ddrǒngó ní hwǐ nà mí ddu?	Ma zz̀ tdè sǐngba mí sǎ djò ma tdè hwî nà lèy tǐ rwonì mî cha ma gòw ddíydjò ní ngba ro hwî njèy ma tǐ fú ddu ó fúnì ddu má ma tdè hwî nà ǒmá nì fu	1			Lendu	train	6.104390681003584		False	0.18055555555555558	False	5.551919560443927	0.9631578947368421	False
eea86ca8ea6b1af65157b06503a99e83	66139	spontaneous-speech-led-66139.mp3	20700	6709	Dhò cha nyi tdè ddrǒngó ní hwǐ nà mí ddu?	Ma tdè ddrǒngóní hwî nà mí ddu tdè ma ddèy mǎngá ddíydjò ní ngba mí itsdjú ma dzz̀ mǎngá símù mí itssdjú ma njûw ma mǎngá kpatss nà mí itsdjú	1			Lendu	train	5.410628019323672		False	0.23913043478260865	False	4.863934862926111	0.8300751879699249	False
9effd7faf8601b37182a0098bf1d23b2	66574	spontaneous-speech-led-66574.mp3	17676	6709	Dhò cha nyi tdè ddrǒngó ní hwǐ nà mí ddu?	Ma gòw ngba mí itsś djú ma tdè hwî nà ma sî màtsá sòmù mí itsś djú ma tdè hwî nà ma lòw bàmtísi mí itsś djú ddí ma tdè drǒngóní hwî nà	1			Lendu	train	5.940257976917854		False	0.3656716417910447	False	3.991411873206968	0.34135338345864663	True
c5df5911e2fe9c37bfe33b1deacd2a9c	63850	spontaneous-speech-led-63850.mp3	22176	6710	Nyi dhó cha ndèy mí ddùwnì tsuw ngǎjìní ndèy dyási dhí njuwdha kàó nì li dhò ŋá ddeydha bbu ndaní nyi kwó ndana à tsòtsò?	Nyi dhó cha ndèymí ddùw nì tsùw ngǎjìní ndèy dyási dhí njuwdha kà ò nì li dhò ŋá ddeydha bbu ndaní nyì kwó ndanà à tsotso à jì ka tdrǎ fú li dho nzǐ fú li gǔ ndèynga ngba fú li ngǔ fú ngba ngú chow ní ndèy rò ndaní nzánà fú ngba rá rà swà	1			Lendu	train	8.2521645021645		False	0.18723404255319154	False	4.488441687767784	0.6518796992481203	False
8acb58a60c926b87d6f906bec0e3c36d	63900	spontaneous-speech-led-63900.mp3	20700	6710	Nyi dhó cha ndèy mí ddùwnì tsuw ngǎjìní ndèy dyási dhí njuwdha kàó nì li dhò ŋá ddeydha bbu ndaní nyi kwó ndana à tsòtsò?	Nyi dhó cha ndèymí ddùwnì tsùw ngǎjìní ndèy dyási dhí njuwdha kàónì lì dhò ŋá ddeydha bbu ndanì nyi kwó ndanà à tsotso? À ji à těy lò fú ngba nà fú ngba tsǐ lò bbàdha ndèymí Ddrà mí lò nà	1			Lendu	train	7.101449275362319		False	0.125	False	4.242875994594543	0.49624060150375937	True
789f537bcdf7638af5c97b59bc69a60d	64361	spontaneous-speech-led-64361.mp3	22680	6710	Nyi dhó cha ndèy mí ddùwnì tsuw ngǎjìní ndèy dyási dhí njuwdha kàó nì li dhò ŋá ddeydha bbu ndaní nyi kwó ndana à tsòtsò?	Ndeyni ndey tsuw ngǎjìní lò ò nà nì li dhò ka dho í lò, dho fúli dhò níyà ngǎjìní lò à mba nì dhádha bba mî ngǎjìní lò à mbanì bu hwìdha bba kàò ngǎjìní lò kà léynì bbalè ónga tdo nì ndrǔ déy dhǎ ngow djòluw ngow nà	1			Lendu	train	7.36331569664903		False	0.25	False	4.825138471883861	0.8135338345864662	False
b60ffd663a6f4ea05bc69ef86c8ee3e8	64515	spontaneous-speech-led-64515.mp3	22536	6710	Nyi dhó cha ndèy mí ddùwnì tsuw ngǎjìní ndèy dyási dhí njuwdha kàó nì li dhò ŋá ddeydha bbu ndaní nyi kwó ndana à tsòtsò?	À ji mà kwó à tsotso Ddrà mí lò nà li thíy djowdha nà ddí nga ó mà léy nzǐ à njěy ngǎjì ní lò ddùw nì ró à bbú ddiy ddùw nì dho à dho à djów ndànà ddùwnì djùwtsò gudjò ngǎjìní lò ró ddù	1			Lendu	train	6.2122825701100455		False	0.15934065934065933	False	4.468709140609361	0.6406015037593985	False
bb53c9cc38fe315d31ecd6251f4b4705	64731	spontaneous-speech-led-64731.mp3	20916	6710	Nyi dhó cha ndèy mí ddùwnì tsuw ngǎjìní ndèy dyási dhí njuwdha kàó nì li dhò ŋá ddeydha bbu ndaní nyi kwó ndana à tsòtsò?	Nyì tdrǎ fúli dho lò nyì ddá fúli dyasi kàóddù nyì gwíy fúli ndaní fúli bbǎ fú ngǎjìní lò má ndèy nì njěy nì gu dyasi kǎddù fú lò ngu nì li gbu ní à léy nì ka sa nì ddiy à nyá nì lò li kàó	1			Lendu	train	6.789061005928476		False	0.1945945945945946	False	4.467321915565482	0.6390977443609023	False
4690939abbaed200afffde0a457f0324	65239	spontaneous-speech-led-65239.mp3	15156	6710	Nyi dhó cha ndèy mí ddùwnì tsuw ngǎjìní ndèy dyási dhí njuwdha kàó nì li dhò ŋá ddeydha bbu ndaní nyi kwó ndana à tsòtsò?	À jì nyi kí fúli thíy chěy ní lò tdràdha nà ndaní fúli kwó nděynga ngba ddíyàchú ndèy dè lǎní lò tdràdha nà	1			Lendu	train	5.608339931380312		False	0.16346153846153844	False	4.147489108211788	0.4270676691729323	True
f1a9e65b853cca9c7a61a76ceeba58e2	65310	spontaneous-speech-led-65310.mp3	23580	6710	Nyi dhó cha ndèy mí ddùwnì tsuw ngǎjìní ndèy dyási dhí njuwdha kàó nì li dhò ŋá ddeydha bbu ndaní nyi kwó ndana à tsòtsò?	Ka íy à ka déy à nà bbiy ka tdrǎ fúli dhò lò fúli bbǎ thów ní nì lò fúli těy lò fú ngba nà ndaní fú ngba bbǎ bbiydha fu ngǎjìní nì ì jì ní nì ì dyási nà	1			Lendu	train	4.792196776929601		False	0.22818791946308725	False	4.719614867249757	0.7691729323308271	False
eea86ca8ea6b1af65157b06503a99e83	65678	spontaneous-speech-led-65678.mp3	23688	6710	Nyi dhó cha ndèy mí ddùwnì tsuw ngǎjìní ndèy dyási dhí njuwdha kàó nì li dhò ŋá ddeydha bbu ndaní nyi kwó ndana à tsòtsò?	Ma dho tdrà fúli dhǒ jǐ nděyngá fú ngba ró ndaní fú jǐ fúli nì dhǒ nì à ká ley fú ngba ká tsì níyà ndèy ka jì ŋà ìdhíngá bbakǎ ma dho tdrà fúli těy lò sǔw fú ngba nà fúli dhǒ fú ngba dho Ddrà mí lò ndaní fú ngba ka fú tuw bbà	1			Lendu	train	7.17662951705505		False	0.31081081081081086	False	4.808586741387875	0.8067669172932331	False
5ead05ed0317f78aa329e93b3f6c2b6c	65808	spontaneous-speech-led-65808.mp3	18756	6710	Nyi dhó cha ndèy mí ddùwnì tsuw ngǎjìní ndèy dyási dhí njuwdha kàó nì li dhò ŋá ddeydha bbu ndaní nyi kwó ndana à tsòtsò?	À kà ka njěy ní cha ney fú ngba jùw nì jǐ nì lò fú ngba dhò à jì ka dhǒ à dhò Ddrà mí ní nì tuwtsò cha ney à dho dey ndanà lǎní nì ka mbǎ fú ngba sòmù ò cha ney fúli dho ndanà nyǔ'wiy chùw  njitsò djú lò dho nì	1			Lendu	train	8.317338451695457		False	0.25120772946859904	False	4.041700941813571	0.37669172932330824	True
9effd7faf8601b37182a0098bf1d23b2	65866	spontaneous-speech-led-65866.mp3	18900	6710	Nyi dhó cha ndèy mí ddùwnì tsuw ngǎjìní ndèy dyási dhí njuwdha kàó nì li dhò ŋá ddeydha bbu ndaní nyi kwó ndana à tsòtsò?	Fúli ndrr ngba chowchow ndèy rò fúli gwíy ngba chěy ní lò nà ngba ddí à ngúw djǎnì dè chowchow ndǎnì djǎnì kwó fúli	1			Lendu	train	4.867724867724867		False	0.25	False	5.812637040015144	0.9781954887218045	False
da097b556a52dc7d273093cf8ce97abd	65985	spontaneous-speech-led-65985.mp3	24948	6710	Nyi dhó cha ndèy mí ddùwnì tsuw ngǎjìní ndèy dyási dhí njuwdha kàó nì li dhò ŋá ddeydha bbu ndaní nyi kwó ndana à tsòtsò?	Ma dho tdrà ní lò nì ngba mí djǎnì dhò ddì nì ddiy nì à ka à íy fú ngba rǎ à nì à dè chow ndrǔ ká lò tdra ndanà rwo nì mî à gwíy à swà ní lò ró ddù gbow nì mî à léy Ddrà mí lò à déy fú ngba thíy ò tho nì mî à ngǔ fú ngba ngú dhrǎzà	1			Lendu	train	6.693923360590027		False	0.2192982456140351	False	4.436507137586594	0.6270676691729323	False
69460059366eafce16269260ed3e45b0	66111	spontaneous-speech-led-66111.mp3	19656	6710	Nyi dhó cha ndèy mí ddùwnì tsuw ngǎjìní ndèy dyási dhí njuwdha kàó nì li dhò ŋá ddeydha bbu ndaní nyi kwó ndana à tsòtsò?	Ma dho Ddrà mí lò tdrà fú li dho madho lǎní  ndèy tdrà fú li ro ma dho tdrà mà njúw Ddrà nzz̀dha tsò ddinga ó ndaní fú ngba ngú lǎní lò ró	1			Lendu	train	5.341880341880342		False	0.2222222222222222	False	4.064908954137664	0.3902255639097744	True
21fb7f77ccb2d6989e98bcd4edf4c539	66145	spontaneous-speech-led-66145.mp3	23508	6710	Nyi dhó cha ndèy mí ddùwnì tsuw ngǎjìní ndèy dyási dhí njuwdha kàó nì li dhò ŋá ddeydha bbu ndaní nyi kwó ndana à tsòtsò?	Ddi nì mà dho dhò fú li dhò ní lò nì fúli tsǐ nzòw à tsǎ dìchú ya ngba tsùw fúnì ngba djú lò fú nga dzzdjú ì ka zz̀ fú ngba ka dów fú ngba ka gwíy fú ngba ka dhǒ Ddrà mí lò fú ngba dhò ndaní à bbǎ fú tuw	1			Lendu	train	6.4233452441721965		False	0.265	False	4.775333038857797	0.7977443609022556	False
830ccfbc3f4a54ceb8d849dbfe1b520f	66237	spontaneous-speech-led-66237.mp3	24120	6710	Nyi dhó cha ndèy mí ddùwnì tsuw ngǎjìní ndèy dyási dhí njuwdha kàó nì li dhò ŋá ddeydha bbu ndaní nyi kwó ndana à tsòtsò?	Ma dho tdrà à íy gò ddùwnì à léy ddùwnì bbiy à bbú nyǔ'wíy ma cha à dho ndanà nzǐ chaní ní lò mà dyásì ó tsǔwtsùw ddu djúddù tsùwdha  fùní nì nzòw kà à mba nì ngǎjìní lò bbalè kà ó à rà ngu jì ma dhǒ à dho à íy ddùwnì fǔnì à léy mí ddùwnì gudjú à dhǒ ddùwnì dhò lò lǎní nì	1			Lendu	train	8.540630182421227		False	0.20446096654275092	False	4.9700241730588965	0.8616541353383459	False
c5df5911e2fe9c37bfe33b1deacd2a9c	63778	spontaneous-speech-led-63778.mp3	24336	6711	Madhò ma rónga pbò ndèymí màtsá nga dzá nì bbalè nà ŋǎchú malariya róddò?	Ma dhó ma rónga pbò ndèymí màtsá ngà dzá nì bbalè nà ŋǎchú màlárìyà róddù? Mà wá màtsá ngá nzòw nà ndèymí màtsá ngà dzá nì bbalè nà à jì mà ɦíy nětì ss̀téy ndèymí cha dji-ddà nì chǔw mí nga dda nì mí ngǎ nga jì ka rǔ ǒnga ndèymí ka léy dza rónga déy thí nzanà	1			Lendu	train	8.300460223537145		False	0.25390625	False	4.031228405831712	0.37142857142857144	True
8acb58a60c926b87d6f906bec0e3c36d	63939	spontaneous-speech-led-63939.mp3	18000	6711	Madhò ma rónga pbò ndèymí màtsá nga dzá nì bbalè nà ŋǎchú malariya róddò?	Ma dhó ma rónga pbò ndèymí màtsá ngà dzá nì bbalè nà ŋǎchú màléríyà róddù? À jì mà ɦíy bèr mí njǒw ss̀téy	1			Lendu	train	4.611111111111111		False	0.0	False	4.101463782533199	0.4045112781954887	True
789f537bcdf7638af5c97b59bc69a60d	64175	spontaneous-speech-led-64175.mp3	24768	6711	Madhò ma rónga pbò ndèymí màtsá nga dzá nì bbalè nà ŋǎchú malariya róddò?	Malarya ró ddù mà rónga bbòdha à nì ǐchú à nì jǐ mà thǐ dza kǎnga à déy ngbá malariya mà ɦíy netì ss̀ téy mà nyu ddiy má cha ndèy dho nzž mà dho dhi mbà nǎnì tho nì nì malariya ró ddù mà bbòdha à nì jǐ wá nì ddu ró mà híy nětì ss̀ tò	1			Lendu	train	7.146317829457364		False	0.23376623376623373	False	4.738368979011047	0.781203007518797	False
21fb7f77ccb2d6989e98bcd4edf4c539	64667	spontaneous-speech-led-64667.mp3	23508	6711	Madhò ma rónga pbò ndèymí màtsá nga dzá nì bbalè nà ŋǎchú malariya róddò?	Mà rónga màdhò bbò ní tuw nì mà ú lǎnà ní dda mà mbř ddí lǎnà ní dda ndèymí mà chǔw ddǎwà ndeyní màrónga à déy lǎní fú nì mà rónga mà dho bbò mí tuw	1			Lendu	train	4.849412965798877		False	0.23972602739726023	False	4.210115229167325	0.46691729323308273	True
9effd7faf8601b37182a0098bf1d23b2	64822	spontaneous-speech-led-64822.mp3	18036	6711	Madhò ma rónga pbò ndèymí màtsá nga dzá nì bbalè nà ŋǎchú malariya róddò?	Màláríyà mí dhi nì ngǎjìní  dhi à jì mà wá ɦíy nětì ss̀téy ndaní nzá màláríyà mí dhi lǒw mà mà thǐ màdhí bba kàónga à déyo ní lǎní	1			Lendu	train	5.5999112885340425		False	0.12598425196850394	False	3.6446145434683226	0.15037593984962405	True
eea86ca8ea6b1af65157b06503a99e83	64885	spontaneous-speech-led-64885.mp3	23220	6711	Madhò ma rónga pbò ndèymí màtsá nga dzá nì bbalè nà ŋǎchú malariya róddò?	Ma dho ma rónga pbò mǎ ngá dzá nì bbalè nà ɦíydha nà nětì ss̀tǒ ndaní nzǐ bèr kǎ mà ndaní ndaní nzǐ à nyá màdho malariya mà dho mà rónga pbò dza kàónga thìdha nà fú ngéyngéy ní wǎ kpà pwòdha nà	1			Lendu	train	6.503014642549527		False	0.21052631578947367	False	3.823635767825775	0.23233082706766917	True
bb53c9cc38fe315d31ecd6251f4b4705	65300	spontaneous-speech-led-65300.mp3	13860	6711	Madhò ma rónga pbò ndèymí màtsá nga dzá nì bbalè nà ŋǎchú malariya róddò?	Mà ɦíy nětì ss̀téy fúnì chú rà mà tsotso kwo mà màláríyà róddù nzánà bèr kǎ ní mà màdhí dza ò	1			Lendu	train	5.266955266955267		False	0.05555555555555558	False	3.8321316435312602	0.23984962406015037	True
5ead05ed0317f78aa329e93b3f6c2b6c	65642	spontaneous-speech-led-65642.mp3	24516	6711	Madhò ma rónga pbò ndèymí màtsá nga dzá nì bbalè nà ŋǎchú malariya róddò?	À jì ma thǐy bbakǎ nga à děy ní ngbá gú-gú nì ddí wá ma pwǒní gudjò à déy ngǎ bbakǎ cha ndèy dho bèr mbà nì ma ddǔ ní nětì ss̀tǒ ma léy màtsá bbakǎ bbalè ndrǔ mbr lǎní dda	1			Lendu	train	5.343449176048295		False	0.1071428571428571	False	4.949666916333903	0.8533834586466166	False
da097b556a52dc7d273093cf8ce97abd	66055	spontaneous-speech-led-66055.mp3	22428	6711	Madhò ma rónga pbò ndèymí màtsá nga dzá nì bbalè nà ŋǎchú malariya róddò?	Ma dho ma rónga bbò mà tsá ngà dzá  nì bbalè nà ddì nì à kà mà léy fú bbalè nà wá netì sstey ndaní nzž ber à dǎ mà dè rwo nì mî à kà  mà sǎ dda má ndèy nì ney màdhí bba ró chowchow ní nì	1			Lendu	train	6.108435883716783		False	0.10869565217391308	False	4.217045557681621	0.47218045112781953	True
b60ffd663a6f4ea05bc69ef86c8ee3e8	66091	spontaneous-speech-led-66091.mp3	18396	6711	Madhò ma rónga pbò ndèymí màtsá nga dzá nì bbalè nà ŋǎchú malariya róddò?	Ma dho ma rónga pbò màtsá ngà bbalè nà wá màláríyà róddù à kà mà wá màtsá ngá dzá bbalè nà mà ɦíy nětì ss̀tò bèr róddù	1			Lendu	train	5.001087192868015		False	0.19130434782608696	False	3.5721336050278176	0.11729323308270677	True
830ccfbc3f4a54ceb8d849dbfe1b520f	66162	spontaneous-speech-led-66162.mp3	18180	6711	Madhò ma rónga pbò ndèymí màtsá nga dzá nì bbalè nà ŋǎchú malariya róddò?	À rà jì mà thǐ mà dhí bba kà ó nga  déy lǎní ndaní nzǐ fú ddiy tsùw màdjò à ra ngu djì ndàddí sâ dho mà tsǐ mà netì tss̀ tò ndaní nzǐ bèr kǎ mà	1			Lendu	train	5.83058305830583		False	0.09999999999999998	False	4.5817924572614315	0.7082706766917293	False
3d6b646c1cb9130eb226ee4110f7995d	66232	spontaneous-speech-led-66232.mp3	24588	6711	Madhò ma rónga pbò ndèymí màtsá nga dzá nì bbalè nà ŋǎchú malariya róddò?	À kà bbakǎ nga mà thǐyò ní à déyò ní ngbá mà léyò ní dda-dzà déyò ní ney cha bbuw dji-ddà chuwò ni mí nga òluw fú dda déyò ní ngǎ màdhí ɦíy-dzà ó nětì déyò ní ney cha njǒw ní ka íy nì nì à déyò ní ney ndaní nzánà mà chǔwò ní màláríyà	1			Lendu	train	7.279973971042785		False	0.27826086956521734	False	4.9531127929695655	0.8556390977443609	False
69460059366eafce16269260ed3e45b0	66244	spontaneous-speech-led-66244.mp3	16020	6711	Madhò ma rónga pbò ndèymí màtsá nga dzá nì bbalè nà ŋǎchú malariya róddò?	Híydha nětì ss̀téy dza rónga pwòdha nà ndèymí bba thíydha nà dza ónga ndèymí rónga klàdha nà ddí	1			Lendu	train	4.931335830212235		False	0.27956989247311825	False	4.059644787901367	0.38646616541353385	True
c5df5911e2fe9c37bfe33b1deacd2a9c	63775	spontaneous-speech-led-63775.mp3	20268	6712	Ndèy dja ngba nì njùw nì ɦìytss ní li à jì à nyǔ ŋá nyù jì ndaní à ngò djú dja chǔw?	Ndèy dja ngba nì djǔw nì ɦìytss-ní-li à jǐ à nyǔ ŋá nyû jì ndanì à ngòdjú dja chǔw? À jì à nyǔ kúw-chù, à nyǔ zǎ, à mbr drr̀dja ndèymí à nyǔ nga lǎní ndaní dja chǔw à ngò djú	1			Lendu	train	6.611407144266824		False	0.1871345029239766	False	5.635926441764453	0.969172932330827	False
4690939abbaed200afffde0a457f0324	64117	spontaneous-speech-led-64117.mp3	17676	6712	Ndèy dja ngba nì njùw nì ɦìytss ní li à jì à nyǔ ŋá nyù jì ndaní à ngò djú dja chǔw?	Jǔwrrgi nyùdha kalánga nà shu kalanga nà bbi kalanga na ndèymí ndrr̀dja mbrdhà nà wá nì nga nà	1			Lendu	train	4.356189183073093		False	0.17582417582417587	False	5.034935290797683	0.8759398496240601	False
da097b556a52dc7d273093cf8ce97abd	64348	spontaneous-speech-led-64348.mp3	20160	6712	Ndèy dja ngba nì njùw nì ɦìytss ní li à jì à nyǔ ŋá nyù jì ndaní à ngò djú dja chǔw?	Fú ɦìytss ní li à kà à nyǔ chù má ndèy nì ndèy téy dda nà nì gbè kúw ní chù níchú nì jǔwrr̀gi ndèy ó kàlangà nà ka rǐ shu ddí ndèy ó kàlangà nà zǎ ka rǐ ndèy téy dda nà ndaní à mbr cha těy nó dda	1			Lendu	train	7.242063492063492		False	0.25	False	5.6710274059104	0.9721804511278196	False
789f537bcdf7638af5c97b59bc69a60d	64837	spontaneous-speech-led-64837.mp3	23148	6712	Ndèy dja ngba nì njùw nì ɦìytss ní li à jì à nyǔ ŋá nyù jì ndaní à ngò djú dja chǔw?	Ndèy djà ngba nì djǔw nì ɦìytss-ní-li à jì à nyǔ nyû jì í nì ddi nì ka rǐ nyû kàlangà nà ka nyǔ wá-chù má ka nzǐ kàlangà nà rwo nì shu ka nzǐ kàlangà nà wánì ddiy ka déy kàlangà ndaní à ndrŕ dja ngba dhò	1			Lendu	train	6.782443407637809		False	0.26865671641791045	False	5.348959522515114	0.9338345864661655	False
830ccfbc3f4a54ceb8d849dbfe1b520f	64891	spontaneous-speech-led-64891.mp3	25560	6712	Ndèy dja ngba nì njùw nì ɦìytss ní li à jì à nyǔ ŋá nyù jì ndaní à ngò djú dja chǔw?	Fú ndeyli ra jì à nyǔ lǎ ní chù má cha ndèy nì ndèy ó kalanga nǎnì chù fú ndeyli nyǔ rěchí fú ndeyli mbrř lǎ ní cha ka dho mbrr̀ ní ddiy jǔiss mà ní chú gbè fú nì chú rà ley dja rà dey lǎ ní fú hìytss ní li dho cha ngba dho njù nì fú nì chú nì ddiy má à kà ngba yà déy nyǔ nì	1			Lendu	train	8.059467918622847		True	0.2857142857142857	False			False
21fb7f77ccb2d6989e98bcd4edf4c539	65523	spontaneous-speech-led-65523.mp3	24516	6712	Ndèy dja ngba nì njùw nì ɦìytss ní li à jì à nyǔ ŋá nyù jì ndaní à ngò djú dja chǔw?	À kà à nyǔ jǔwrúgi à kà à nyǔ ngéyngéy ní kúw chù ney ndèy ró dda nì nì à kà à nyǔ shúshú ní nyu cha ney à dho mí mǒddáyì mà mòchelè mà shu mà ddí bbì mà ndeyní à ngǔ à ró jǔw	1			Lendu	train	5.302659487681514		False	0.16279069767441856	False	6.5102959190173575	0.9969924812030075	False
b60ffd663a6f4ea05bc69ef86c8ee3e8	65619	spontaneous-speech-led-65619.mp3	11016	6712	Ndèy dja ngba nì njùw nì ɦìytss ní li à jì à nyǔ ŋá nyù jì ndaní à ngò djú dja chǔw?	À kà à nyǔ jǔwrgi ndey ó kalanga nà kábej ndèy ó kalanga nà chì nà	1			Lendu	train	4.62962962962963		False	0.19047619047619047	False	5.297232740951944	0.9270676691729324	False
69460059366eafce16269260ed3e45b0	65761	spontaneous-speech-led-65761.mp3	13680	6712	Ndèy dja ngba nì njùw nì ɦìytss ní li à jì à nyǔ ŋá nyù jì ndaní à ngò djú dja chǔw?	À nyǔ djǔrŕgi kàlangà nà à nyǔ shu à nyǔ ǒw-bbiy à nyǔ zǎ	1			Lendu	train	3.2894736842105265		False	0.18181818181818177	False	6.8161655289594805	1.0	False
f1a9e65b853cca9c7a61a76ceeba58e2	65991	spontaneous-speech-led-65991.mp3	19548	6712	Ndèy dja ngba nì njùw nì ɦìytss ní li à jì à nyǔ ŋá nyù jì ndaní à ngò djú dja chǔw?	Juwrúgi kalanga nà shu kalangana dǐgu mà lyékà mànà kalangana ndaní à djà chùw ò ní ngba njùw ò ní lǎnà	1			Lendu	train	4.2459586658481685		False	0.18000000000000005	False	5.9566049915801385	0.9842105263157894	False
f595d0e1832ceab8c935264c25968409	66660	spontaneous-speech-led-66660.mp3	9468	6712	Ndèy dja ngba nì njùw nì ɦìytss ní li à jì à nyǔ ŋá nyù jì ndaní à ngò djú dja chǔw?	Djùwrúgi ndèy ó kalanga nà bbi gwíygi ndèy ó nyǎnyà nà	1			Lendu	train	4.647232784114913		True	0.13725490196078427	False			False
c5df5911e2fe9c37bfe33b1deacd2a9c	63852	spontaneous-speech-led-63852.mp3	19980	6713	Ddudhò dda ɦuwdjò ní tuw nyidhò mbrdha nà wánì ddu ró?	Ddudhò dda ɦuwdjò ní tǔw nyì dho mbdha nà wánì ddu ró? Dda bbú nì klôw jǔw dhò ndèymí dda bbú nì klôw ddiy wánì ma ka nì nyǔ nì dzzdjú à jì ka mbr dda kùm dda nì djíy	1			Lendu	train	6.356356356356356		False	0.17791411042944782	False	4.666720934729748	0.750375939849624	False
8acb58a60c926b87d6f906bec0e3c36d	64011	spontaneous-speech-led-64011.mp3	13140	6713	Ddudhò dda ɦuwdjò ní tuw nyidhò mbrdha nà wánì ddu ró?	Ddudhò dda ɦuwdjò ní tǔw nyìdhò mbdha nà wánì ddu ró? Dda bbú nì bbalè dhò klôw njí njèydha mî	1			Lendu	train	5.707762557077626		False	0.03296703296703296	False	3.903368005967664	0.2864661654135338	True
da097b556a52dc7d273093cf8ce97abd	64256	spontaneous-speech-led-64256.mp3	17028	6713	Ddudhò dda ɦuwdjò ní tuw nyidhò mbrdha nà wánì ddu ró?	Dda ɦwǔdjò nì tǔw màdho ddì nì à jow nì màdhí djǔw ò nga ya mà njèy rŕ ní njí rwo nì mî à kwó nì mà tsotso nga rr̀dha dho gbow nì mî à kwó nì mà tsotso ru gbúdha dhò	1			Lendu	train	7.340850364106179		False	0.25153374233128833	False	4.175713443045225	0.4421052631578947	True
f1a9e65b853cca9c7a61a76ceeba58e2	64482	spontaneous-speech-led-64482.mp3	22176	6713	Ddudhò dda ɦuwdjò ní tuw nyidhò mbrdha nà wánì ddu ró?	À nì mà tsotso kwo ya mà nzà ro à nì léy mà ró jǔw nì bbiy lǎnà ddíyàchú mà nì mà mbru ddí tǔw	1			Lendu	train	3.156565656565656		False	0.13186813186813184	False	5.028721696283445	0.8729323308270677	False
bb53c9cc38fe315d31ecd6251f4b4705	64525	spontaneous-speech-led-64525.mp3	13140	6713	Ddudhò dda ɦuwdjò ní tuw nyidhò mbrdha nà wánì ddu ró?	Ndaní mà rónga chǔw klôw à bbú klôw jǔw dho mà ká dey ndanà lǎní fúnì dda mí lò	1			Lendu	train	4.642313546423135		False	0.052631578947368474	False	3.958215893038086	0.3225563909774436	True
4690939abbaed200afffde0a457f0324	64677	spontaneous-speech-led-64677.mp3	23256	6713	Ddudhò dda ɦuwdjò ní tuw nyidhò mbrdha nà wánì ddu ró?	Dda mbrùdha bbú nì mà dho klôw mà rónga dhò dda mbrùdha léy nì mà zǎnga déy nì lǎní dda mbrùdha léy nì mà chuwtèy 'wiy nì nzǐ	1			Lendu	train	4.2139662882696935		False	0.3278688524590164	False	4.293734206838448	0.5368421052631579	True
830ccfbc3f4a54ceb8d849dbfe1b520f	65558	spontaneous-speech-led-65558.mp3	17028	6713	Ddudhò dda ɦuwdjò ní tuw nyidhò mbrdha nà wánì ddu ró?	Dda tde nì ddiy má cha à kà à shǔ jǔw nì fú nì chú à lêy dda mí lò tde nì tǔw à ji dda sâ chú wá ka déy mbr li ró djùw ò ndaní djùw bbiy lǎní	1			Lendu	train	5.990133897110642		False	0.10144927536231885	False	5.207122203214711	0.9135338345864662	False
21fb7f77ccb2d6989e98bcd4edf4c539	65562	spontaneous-speech-led-65562.mp3	21996	6713	Ddudhò dda ɦuwdjò ní tuw nyidhò mbrdha nà wánì ddu ró?	Dda à djów nì djùw ó nga kà ní jùw kà mí sâ nà dda à kwó nì djùw tsotso ndaní djùw nzǐ à chěy ndey dda à bbú nì klǒw dda sí nì liró nzà	1			Lendu	train	4.546281142025823		False	0.15909090909090906	False	5.869425971156954	0.9804511278195489	False
69460059366eafce16269260ed3e45b0	65706	spontaneous-speech-led-65706.mp3	10980	6713	Ddudhò dda ɦuwdjò ní tuw nyidhò mbrdha nà wánì ddu ró?	Ddiydho dda nì djiy mà ri nì nga ddí dda nà	1			Lendu	train	3.0054644808743167		True	0.09999999999999998	False			False
5ead05ed0317f78aa329e93b3f6c2b6c	66562	spontaneous-speech-led-66562.mp3	24876	6713	Ddudhò dda ɦuwdjò ní tuw nyidhò mbrdha nà wánì ddu ró?	Dda ɦuwdjò nì tǔw màdho ddu djúddù dda nì djiy dda kwó nì mà tsotso rù údha dhò dda bbú nì klôw màdhí jǔw dhò dda léy nì mà zánga déy nì lǎní	0			Lendu	train	4.381733397652355		False	0.16666666666666663	False	4.701407482394395	0.7631578947368421	False
c5df5911e2fe9c37bfe33b1deacd2a9c	63804	spontaneous-speech-led-63804.mp3	21960	6714	Ddudhò à ní lǎní kpa ní ndrǔ dhò ndèymí dhì ní ndrǔ nà wá ndrǔ ddéy ì Silimu róddò?	Ddudhò ǎní lǎní kpaní ndrǔ dhò ndèymí dhì ní ndrǔ nà wá ndrǔ ddéy ì silímù róddù? Li ddéydha silímù rónì léy nì ka tsi nì  li ró jǔw ó ney nì ddiy ndèymí à léy nì nzǐ silímù nyá nì	1			Lendu	train	6.3296903460837886		False	0.21468926553672318	False	3.5548189744585947	0.10751879699248121	True
8acb58a60c926b87d6f906bec0e3c36d	63979	spontaneous-speech-led-63979.mp3	15948	6714	Ddudhò à ní lǎní kpa ní ndrǔ dhò ndèymí dhì ní ndrǔ nà wá ndrǔ ddéy ì Silimu róddò?	Ddudhò à ní lǎní kpaní ndrǔ dhò ndèymí dhì ní ndrǔ nà wá ndrǔ ddéy ì silímù róddù? À léy nì bbalè tsi nì ì ró dhi	1			Lendu	train	5.45522949586155		False	0.10909090909090913	False	3.3688396674011214	0.04736842105263158	True
4690939abbaed200afffde0a457f0324	64212	spontaneous-speech-led-64212.mp3	17640	6714	Ddudhò à ní lǎní kpa ní ndrǔ dhò ndèymí dhì ní ndrǔ nà wá ndrǔ ddéy ì Silimu róddò?	À nì lǎní ndaní nyi tsǐ ya ŋǎchú nyi zánga nì ddiy ndèymí ya à chùw ndèy nyi ró à kà nyi měy ddǎwà djà mí tuw cha ney nyidho nyi pa ndanà à ndŕ nyì mí djiy nì	1			Lendu	train	6.859410430839002		False	0.1217948717948718	False	4.831236164644853	0.8157894736842105	False
da097b556a52dc7d273093cf8ce97abd	64821	spontaneous-speech-led-64821.mp3	18468	6714	Ddudhò à ní lǎní kpa ní ndrǔ dhò ndèymí dhì ní ndrǔ nà wá ndrǔ ddéy ì Silimu róddò?	À nì lǎní kpaní ndrǔ dhò ndèymí dhì ní ndrǔ nà ndrǔ ddéy ì sìlímù róddù ndaní fú ndrǔ tsǐ ìdhí jǔw ónga ní ŋachú ddiy rwo nì mî ndaní fú ndrǔ déy ì koko djú fú ndrǔ tsǐ sìlímù dhì nì ney	1			Lendu	train	7.7972709551656925		False	0.27322404371584696	False	3.1765181126017072	0.021052631578947368	True
789f537bcdf7638af5c97b59bc69a60d	64912	spontaneous-speech-led-64912.mp3	34848	6714	Ddudhò à ní lǎní kpa ní ndrǔ dhò ndèymí dhì ní ndrǔ nà wá ndrǔ ddéy ì Silimu róddò?	À nì lǎní mà dho mà déy mà silimu mí dhi ró ddù ddu djú ddù silimu nì ddì nì dhi jì má ndèynì bbalè tey si í ngòw ó nà nì silimu nì dhi jì má aa mí ddǎwà chùwdha téy klôw kà nì ngǎ klǒw kà nì ngǎ chow silimu nì dhi ma cha ndèy dho nyi sà sàní dhi má nyi dhi aa nyi ró lò tdra dha nà nì	1			Lendu	train	6.112258953168045		True	0.2943262411347518	False			False
3d6b646c1cb9130eb226ee4110f7995d	65108	spontaneous-speech-led-65108.mp3	12888	6714	Ddudhò à ní lǎní kpa ní ndrǔ dhò ndèymí dhì ní ndrǔ nà wá ndrǔ ddéy ì Silimu róddò?	Ndeyní ndrǔ tsǐ ì zá ó djǔw ó nga tdiytdiy ní dhi ró ddù ndrǔ ka ì bbò ndanà lǎní ní dza ó nzòw rùdha dhò	1			Lendu	train	6.207324643078833		False	0.07843137254901966	False	3.7279323577508974	0.18045112781954886	True
3d6b646c1cb9130eb226ee4110f7995d	65108	spontaneous-speech-led-65108.mp3	12888	6714	Ddudhò à ní lǎní kpa ní ndrǔ dhò ndèymí dhì ní ndrǔ nà wá ndrǔ ddéy ì Silimu róddò?	Ndeyní ndrǔ tsǐ ì zǎ jǔw ó nga tdiytdiy ní dhi róddù ndrǔ ká ì pbò ndanà lǎní ìdhí dza ó nzòw ngùwdha dhò	1			Lendu	train	6.362507759155804		False	0.0490196078431373	False	3.767367950651228	0.19924812030075187	True
5ead05ed0317f78aa329e93b3f6c2b6c	65711	spontaneous-speech-led-65711.mp3	18720	6714	Ddudhò à ní lǎní kpa ní ndrǔ dhò ndèymí dhì ní ndrǔ nà wá ndrǔ ddéy ì Silimu róddò?	Ndaní ndrǔ njǎ ì dhí njitsò djúnga dho dey ŋǎchú ddiy ndaní ndrǔ tsǐ ì rónga vukavu mí lòtey ndaní ndrǔ pbǒ ì nzánà ndrǔ rǎ ngǎjìní dhi chùw	1			Lendu	train	5.982905982905983		False	0.15328467153284675	False	3.285811253567663	0.030827067669172932	True
21fb7f77ccb2d6989e98bcd4edf4c539	66063	spontaneous-speech-led-66063.mp3	20628	6714	Ddudhò à ní lǎní kpa ní ndrǔ dhò ndèymí dhì ní ndrǔ nà wá ndrǔ ddéy ì Silimu róddò?	Ndeyní ndrǔ tsǐ ì ró lò ndrǔ tsǐ ì dho ì rónga bbò ŋǎchú ddiy fú nga dzzdjú ndeyní ndrǔ tsǐ ya fú silimu mí klôw ní ŋà bbù ndeyní ndrǔ bbú ì ddǎwà chùwdha dhò	1			Lendu	train	5.962769051774288		False	0.23225806451612907	False	3.716016639569673	0.17669172932330826	True
f595d0e1832ceab8c935264c25968409	66118	spontaneous-speech-led-66118.mp3	15768	6714	Ddudhò à ní lǎní kpa ní ndrǔ dhò ndèymí dhì ní ndrǔ nà wá ndrǔ ddéy ì Silimu róddò?	À nì lǎní kpaní ndrǔ dho ndèymí dhì ní ndrǔ dho ndaní ndrǔ tsǐ ì dha ónga ndaní à léy ndrǔ pbǒ ì fú dhi róddù nji tsò djò	1			Lendu	train	5.898021308980213		False	0.2033898305084746	False	2.9456054024609917	0.0030075187969924814	True
69460059366eafce16269260ed3e45b0	66144	spontaneous-speech-led-66144.mp3	13716	6714	Ddudhò à ní lǎní kpa ní ndrǔ dhò ndèymí dhì ní ndrǔ nà wá ndrǔ ddéy ì Silimu róddò?	Ndaní ndrǔ tsǐ ì dhí li rónga mí vukávu ní nga ndaní ndrǔ tsǐ ya ney silímù nì ì ró ro	1			Lendu	train	4.8118985126859135		False	0.15662650602409633	False	3.439080292103758	0.06466165413533835	True
f1a9e65b853cca9c7a61a76ceeba58e2	66310	spontaneous-speech-led-66310.mp3	18576	6714	Ddudhò à ní lǎní kpa ní ndrǔ dhò ndèymí dhì ní ndrǔ nà wá ndrǔ ddéy ì Silimu róddò?	Ndeyní ndrǔ tsǐy ì ró jǔw ónga ní ŋàní ní ì ní dhi nà ddí áw ì nì dhi nà ngǎ ndrǔ ká njà ì dhó ì pbò ŋàní ní à déy ndrǔ dho gayd lin níchú gbè	1			Lendu	train	5.652454780361757		False	0.15827338129496404	False	5.252487849734725	0.9218045112781955	False
9effd7faf8601b37182a0098bf1d23b2	66586	spontaneous-speech-led-66586.mp3	16416	6714	Ddudhò à ní lǎní kpa ní ndrǔ dhò ndèymí dhì ní ndrǔ nà wá ndrǔ ddéy ì Silimu róddò?	À nì lǎní dhì ní ndrǔ ndèymí kpaní ndrǔ nà wá à ddéy ì sìlímù róddù ndaní nzǐ ndrǔ chǔw sìlímù ma fú dhi ngéy ní bbalè nì dhi chǔw ní chú	1			Lendu	train	6.457115009746588		False	0.17910447761194026	False	3.3539918361317826	0.04360902255639098	True
4690939abbaed200afffde0a457f0324	64693	spontaneous-speech-led-64693.mp3	15048	6715	Ddrǒngóní nzadha ní ddu cha ndèy nì djow djá nzà nyìdhí bba ó nì?	Drǒ itsś nì ka nyû djú ddiy drǒ ní dji nyû djú nyû dzz̀dha drá ní dzẑ djú	1			Lendu	train	3.854332801701223		False	0.18055555555555558	False	5.637989999521199	0.9699248120300752	False
da097b556a52dc7d273093cf8ce97abd	64934	spontaneous-speech-led-64934.mp3	25056	6715	Ddrǒngóní nzadha ní ddu cha ndèy nì djow djá nzà nyìdhí bba ó nì?	Drǒngó ní ddiy má ndèy vì dey djow-djá nza màdhí bba ó ddìnì lò nì běy nyû mí nì ngǎ rwonì mî sǒkò ddí nì ngǎ gbownì mî mb ddí nì ngǎ thonì mî à nì dhi mí lò kǎkà nà cha ndèy nzá nì nyû ndrǔ dho	1			Lendu	train	5.866858237547892		False	0.17277486910994766	False	4.363020062402822	0.5827067669172933	True
830ccfbc3f4a54ceb8d849dbfe1b520f	65250	spontaneous-speech-led-65250.mp3	23436	6715	Ddrǒngóní nzadha ní ddu cha ndèy nì djow djá nzà nyìdhí bba ó nì?	Kǎkà ró dhi mà nì ndey djow-djá nza ingá màdho cha nza ì bbiy nì bbalè nyi chuw ya kǎkà nì drǒ nyû ró nyi chuw ddíyà nza-djá vì dey nzǎ ddíyà nza mí dhǐ nà nyi chuw ddíyà njàddí ó ya ngǎ ddiy ma ndèy nì trǎkta ní ní à léy nza bbìdha ddí ngú nì klǒw dza-djá dho	1			Lendu	train	8.576548899129545		False	0.2178988326848249	False	4.8764398680082435	0.8345864661654135	False
69460059366eafce16269260ed3e45b0	65316	spontaneous-speech-led-65316.mp3	9180	6715	Ddrǒngóní nzadha ní ddu cha ndèy nì djow djá nzà nyìdhí bba ó nì?	Dziylíy mí zòw mb mí zòw ngǎ lǎní nyû-tsi	1			Lendu	train	3.594771241830065		True	0.13157894736842102	False			False
e75023469f03884aa6b979a6eeb811c2	65396	spontaneous-speech-led-65396.mp3	22860	6715	Ddrǒngóní nzadha ní ddu cha ndèy nì djow djá nzà nyìdhí bba ó nì?	Chěy ní nza má ndèy dho nyû hwo 'wò nì à nì ngǎ drǒngó ní nga nì dji nì màdho nyû sǎ nza ò kǎkà nì nyû-tsi mà kǎ fúddiy màdho chú à nì mà dhò tǔwtǔw ní lò má mà nì dǎ ò mà luw nì tuwtsò nì ngǎ ya nyû shì bbakǎ ro nyû ka dho ngu mbà ndanà sǒkò ò nì mí tuw à nì ngǎ	1			Lendu	train	8.530183727034121		False	0.2269230769230769	False	4.737592907537053	0.7796992481203008	False
3d6b646c1cb9130eb226ee4110f7995d	65598	spontaneous-speech-led-65598.mp3	14220	6715	Ddrǒngóní nzadha ní ddu cha ndèy nì djow djá nzà nyìdhí bba ó nì?	Ddìnì dziylíy mí zòw rwo nì mí nì mb nì ssêy à kà tdè ka dzž ndanà nga à léy ò ní màdhí nzòw sǒmú nì	0			Lendu	train	5.344585091420535		False	0.05102040816326525	False	4.771071954701938	0.7947368421052632	False
f1a9e65b853cca9c7a61a76ceeba58e2	65675	spontaneous-speech-led-65675.mp3	18540	6715	Ddrǒngóní nzadha ní ddu cha ndèy nì djow djá nzà nyìdhí bba ó nì?	Ngǎ nì dzz̀ ddiy mî mins nì ngǎ ddiy djùtey tdúwdha mî ddiy nì jǐ ka mbǎwò ní ndì kónó ka rá ǒnga dzz fúnì nzadha má mà nì chǔw djow mí tuwtsò luw nì à nì màdho lò ngǔ klǒw	1			Lendu	train	7.119741100323625		False	0.10650887573964496	False	5.546818647127678	0.9616541353383459	False
5ead05ed0317f78aa329e93b3f6c2b6c	66442	spontaneous-speech-led-66442.mp3	19440	6715	Ddrǒngóní nzadha ní ddu cha ndèy nì djow djá nzà nyìdhí bba ó nì?	Itss mí klôw ní rŕ ndèy nì ká nì ndèy ùwo nì ddiy mí soko ddí nyi nì chǔw à nì ngǎ fúddiy tsò njúwdha à ngú bba-ka tuwtsò nyi nì chùw wá à nì ngǎjì ní	1			Lendu	train	5.915637860082304		False	0.18243243243243246	False	5.113887294118925	0.8924812030075188	False
9effd7faf8601b37182a0098bf1d23b2	66560	spontaneous-speech-led-66560.mp3	17676	6715	Ddrǒngóní nzadha ní ddu cha ndèy nì djow djá nzà nyìdhí bba ó nì?	Drǒngó ní nzadha ndèynì djow-djá nja nza  nì sǒkò nì ngǎ lǎnà ní nì tuwtsò nì ngǎ lǎnà ní nì ka dho ndanà fú nyû mbà	1			Lendu	train	5.091649694501018		False	0.19469026548672563	False	4.274620084432887	0.5218045112781955	True
f595d0e1832ceab8c935264c25968409	66607	spontaneous-speech-led-66607.mp3	16920	6715	Ddrǒngóní nzadha ní ddu cha ndèy nì djow djá nzà nyìdhí bba ó nì?	Nyû mí dzz̀ chey nì ji nì ngǎ ddiy dyesí mí klǒw nì rŕ ddiy bbiydha ddì nì nga ó ddù ràdha ngéyní nga ò	1			Lendu	train	4.728132387706856		False	0.1188118811881188	False	5.033389578594069	0.8744360902255639	False
8acb58a60c926b87d6f906bec0e3c36d	63985	spontaneous-speech-led-63985.mp3	18900	6716	Ddudhò àní lǎní kà bbu ddàwà cha ndèydhò nzòw rónga pbò dhì róddò nì?	Ddudhò à ní lǎní ka bbu ddǎwà cha ndèy dho nzòw rónga pbò dhi róddù nì ? à léy nì nzów dhiy nì vukávu à bbú nì klǒw nzòw dhò	1			Lendu	train	5.026455026455026		False	0.07438016528925617	False	3.6564186264833287	0.15413533834586465	True
9effd7faf8601b37182a0098bf1d23b2	64194	spontaneous-speech-led-64194.mp3	16956	6716	Ddudhò àní lǎní kà bbu ddàwà cha ndèydhò nzòw rónga pbò dhì róddò nì?	Ndaní à bbǒ ndrǔ rónga fú dhi chùwdha ró ddù gu ndaní nzǐ à léy fú dhi nyá ndèy ddrǒ madhí bba ó	1			Lendu	train	4.364236848313282		False	0.07526881720430112	False	3.8403286109211736	0.24511278195488723	True
830ccfbc3f4a54ceb8d849dbfe1b520f	64669	spontaneous-speech-led-64669.mp3	9000	6716	Ddudhò àní lǎní kà bbu ddàwà cha ndèydhò nzòw rónga pbò dhì róddò nì?	Ndaní rǒnga chǔw vi ndaní aa fúlò à bbǎ à gu fú nì chú lò léy nì ndey ka bbú nì ddǎwà ndrǔ dhò	1			Lendu	train	7.888888888888889		True	0.05494505494505497	False			False
b60ffd663a6f4ea05bc69ef86c8ee3e8	64758	spontaneous-speech-led-64758.mp3	15336	6716	Ddudhò àní lǎní kà bbu ddàwà cha ndèydhò nzòw rónga pbò dhì róddò nì?	Ndanà nzánà fú ndrǔ chǔw dhi ì za ò ndanà ndrǔ rónga ka dey vukávu dhǐy wánì njèydha mí lò dho cha kà ndrǔ njěy nì	1			Lendu	train	5.803338549817423		False	0.09009009009009006	False	3.612515361801705	0.1330827067669173	True
5ead05ed0317f78aa329e93b3f6c2b6c	64844	spontaneous-speech-led-64844.mp3	24120	6716	Ddudhò àní lǎní kà bbu ddàwà cha ndèydhò nzòw rónga pbò dhì róddò nì?	Ndaní nzǒw dhǐy ìrónga vukávu ní nà ndaní à léy màdhí nzòw dhí nji tsò djú nga à déy lǎní ndaní à bbú klôw màdhí nzòw dho cha ney ndrǔ dho dhìy ndanà lǎní klôw nà nì	1			Lendu	train	5.348258706467662		False	0.2407407407407407	False	3.321204187520576	0.03684210526315789	True
21fb7f77ccb2d6989e98bcd4edf4c539	65401	spontaneous-speech-led-65401.mp3	23256	6716	Ddudhò àní lǎní kà bbu ddàwà cha ndèydhò nzòw rónga pbò dhì róddò nì?	À nì lǎní ka bbú ddǎwà fú nzòw dho ndeyní ndrǔ dhǐ vukávu ní ì rónga nà ndeyní ndrǔ dhí nyǔ'wiy déy chěy ndeyní ngéyngéy ní dhi fu ndèy drŕ nì nzòw nì nzǐ à ká ndrǔ njèy fú nìchú nì ddǎwà mí lò-tey	1			Lendu	train	6.6649466804265565		False	0.19487179487179485	False	3.8307476747875313	0.23759398496240602	True
f595d0e1832ceab8c935264c25968409	65702	spontaneous-speech-led-65702.mp3	17316	6716	Ddudhò àní lǎní kà bbu ddàwà cha ndèydhò nzòw rónga pbò dhì róddò nì?	À nì lǎní ka bbú ddǎwà ndaní ndrǔ dhǐy ì za ǒnga  nà lǎní ndaní ka tsǐ ngéyngéy ní dhi jì cha ndèy nì ndrǔ za ò nì ndrǔ dhí dhìydha dhò ddi	1			Lendu	train	6.121506121506122		False	0.19852941176470584	False	3.912022822199082	0.2932330827067669	True
da097b556a52dc7d273093cf8ce97abd	65729	spontaneous-speech-led-65729.mp3	21168	6716	Ddudhò àní lǎní kà bbu ddàwà cha ndèydhò nzòw rónga pbò dhì róddò nì?	À nì lǎní ka bbú ddǎwà nzòw dho ka pbǒ nzòw rónga dhi róddù wánì ddu dho nzòw rónga déy lǎní dhi róddù ndaní nzǐ dhi lǒw nzòw ndaní  nzòw ká sòmù lǎní ndaní nzòw tsǐ Ddrà mí lò ddi ndaní nzòw rónga déy vukávu	1			Lendu	train	7.700302343159486		False	0.3463414634146341	False	3.4883472069123744	0.081203007518797	True
f1a9e65b853cca9c7a61a76ceeba58e2	66286	spontaneous-speech-led-66286.mp3	18396	6716	Ddudhò àní lǎní kà bbu ddàwà cha ndèydhò nzòw rónga pbò dhì róddò nì?	Nzǐ à léy ngba ró jǔw ónga déy shú à bbú klôw ngba dhò ngba dhǐy lǎnà ngba ká yǎnì djà ddí njù lǎnà ngba dhǐy lǎní dhìydha nà ndèymí lǎní klôw nà	1			Lendu	train	6.14263970428354		False	0.24647887323943662	False	4.469062419372047	0.6413533834586466	False
eea86ca8ea6b1af65157b06503a99e83	66400	spontaneous-speech-led-66400.mp3	20880	6716	Ddudhò àní lǎní kà bbu ddàwà cha ndèydhò nzòw rónga pbò dhì róddò nì?	Ndaní fú nzòw ka dey klôw nà ndrú ka dey vukavu ì ró nga nà ndaní fúnzò dhǐy ì ró 'wiy nì nà ì nì lǎní ì rónga nà ndaní fú nzòw ka dey dzilyíy djú ddrǒ nì ddu dho	1			Lendu	train	5.89080459770115		False	0.28301886792452835	False	4.218257464612876	0.47368421052631576	True
c5df5911e2fe9c37bfe33b1deacd2a9c	63872	spontaneous-speech-led-63872.mp3	18216	6717	Màdhò cha ì nì tsúwbà nínì nzòw tsotso kwò ŋǎchú Uganda ó Somu dhò?	Mà dhó cha ì nì tsúwbà ní nì nzòw tsotso kwo ŋǎchú Uganda ó sòmù dhò? À jì ndrǔ ddí déy li djùkpa ddàdha-djá ní sòmù ó	1			Lendu	train	5.05050505050505		False	0.04347826086956519	False	3.5778355024392403	0.12030075187969924	True
bb53c9cc38fe315d31ecd6251f4b4705	64137	spontaneous-speech-led-64137.mp3	17460	6717	Màdhò cha ì nì tsúwbà nínì nzòw tsotso kwò ŋǎchú Uganda ó Somu dhò?	Mà léy ndrǔ wá sòmù ò ndrǔ déy ddìkàddì ngǎ ì nì tsúwba ní nì ndrǔ nà ndrǔ sǒmú à lè ndrǔ ká dey lǎní wá dyǎsi nà ddìkàddì	1			Lendu	train	5.383734249713631		False	0.17647058823529416	False	4.034916944458047	0.37293233082706767	True
4690939abbaed200afffde0a457f0324	64161	spontaneous-speech-led-64161.mp3	18180	6717	Màdhò cha ì nì tsúwbà nínì nzòw tsotso kwò ŋǎchú Uganda ó Somu dhò?	À kà mà pǔ ndrǔdhò tuw ndaní ndrǔ tsǔw ddí somù ó  à kà ka zǒw ndrǔ wá ddìkàddì njaddí ndrǔ nà à jí ndrǔ déy ddì nì bbalè ní njaddí ndrǔnà	1			Lendu	train	5.83058305830583		False	0.2148148148148148	False	4.411336438625694	0.6097744360902255	False
da097b556a52dc7d273093cf8ce97abd	64242	spontaneous-speech-led-64242.mp3	16236	6717	Màdhò cha ì nì tsúwbà nínì nzòw tsotso kwò ŋǎchú Uganda ó Somu dhò?	Tsúwba ní nì nzòw tsotso à jì mà kwó ddìnì mà bbí ndrǔdho zz djàdha mí nga  déy lǎní rwo nì mî mà bbú ndrǔdho bbiydha mí ddiy gbow nì mî à jì nzá mà léy swà ní lò ndrǔ ró	1			Lendu	train	7.945306725794531		False	0.17365269461077848	False	3.6914840659568613	0.16541353383458646	True
eea86ca8ea6b1af65157b06503a99e83	64448	spontaneous-speech-led-64448.mp3	22428	6717	Màdhò cha ì nì tsúwbà nínì nzòw tsotso kwò ŋǎchú Uganda ó Somu dhò?	À jì mà bbí ndrǔdhí soronì déy ngéy ngéngéy ní nzòw dhî nà à jì mà dhǒ ndrǔ dho jǐ ndaní ndrǔ chǔw ì ì nì wá ddìkàddì ngéy ní nzòw nà à jì mà njǎ ndrǔ gbè mà ró bbalè ní ndaní nzǐ ndrǔ chǔw ì ì nì ngéy ngéy ní nzòw nà	1			Lendu	train	7.312288211164615		False	0.397196261682243	False	3.5120086519449276	0.09172932330827067	True
789f537bcdf7638af5c97b59bc69a60d	64530	spontaneous-speech-led-64530.mp3	19980	6717	Màdhò cha ì nì tsúwbà nínì nzòw tsotso kwò ŋǎchú Uganda ó Somu dhò?	Tsúba ní nzǒw tsotso kwódha à nì sòdha ó mà sš ndrǔ dhò ddiy ní dza à mà léy ndrǔdhí bbuw ddí déy ddiy à mà dzž ndrǔ dhò ràdha  sòdha ò mí ddiy à mà jǐ ndrǔ cha ndrǔ nì njěy nì lò à déy ndrǔ dhò ndrǔ ró 'wíy nì ddí déy	1			Lendu	train	8.308308308308309		False	0.2857142857142857	False	4.420108548065579	0.6157894736842106	False
5ead05ed0317f78aa329e93b3f6c2b6c	64575	spontaneous-speech-led-64575.mp3	21780	6717	Màdhò cha ì nì tsúwbà nínì nzòw tsotso kwò ŋǎchú Uganda ó Somu dhò?	À jì mà njě ndrǔ dho cha ney ddiy ma ka dho  njey  nzòw dho má à léy ndrǔ djùw déy lǎní nì à jì mà bbǒ ndrǔ ró nga lǎ ní nzǐ mà njǎ ndrú ngǎ nì ddiy ní à jì mà dhǒ jǐ ndrǔ dho	1			Lendu	train	5.831037649219467		False	0.2151162790697675	False	3.808685755990309	0.22030075187969925	True
f1a9e65b853cca9c7a61a76ceeba58e2	64717	spontaneous-speech-led-64717.mp3	34776	6717	Màdhò cha ì nì tsúwbà nínì nzòw tsotso kwò ŋǎchú Uganda ó Somu dhò?	Màdhǒ fú nzòw dhí lò gavment dho ka ddúw fú nzòw ka bbú ndrǔ dhò garì áw transpot mí tuwtsò cha kadho bbu ndrǔ dhò nì ndrǔ dddí chǔw ì nì ddì kà ddì cha ngéy ní nzòw ma cha  ì nì ngǎ ì ní chú gbe nì nà	1			Lendu	train	4.370830457786979		True	0.19696969696969702	False			False
69460059366eafce16269260ed3e45b0	64884	spontaneous-speech-led-64884.mp3	16020	6717	Màdhò cha ì nì tsúwbà nínì nzòw tsotso kwò ŋǎchú Uganda ó Somu dhò?	Mà dho sòrónì ss̀ ndrǔ dhò mà dho dùdú ní li gwíydha mí ddiy bbu ndrǔ dhò mà dho ndrǔ tsotso kwo ddí gbè fú nzòw ngéyngéy ní nì	1			Lendu	train	6.179775280898877		False	0.17741935483870963	False	3.438428642377168	0.06390977443609022	True
b60ffd663a6f4ea05bc69ef86c8ee3e8	65093	spontaneous-speech-led-65093.mp3	21456	6717	Màdhò cha ì nì tsúwbà nínì nzòw tsotso kwò ŋǎchú Uganda ó Somu dhò?	À jì mà kwó ndrǔ tsotso mà léy ndrǔ ddí sǒmú  à jì mà kwó ndrǔ tsotso mà bbú ndrǔ dhò gǎrì ma cha tsúwba ní nzòw bbiy nì ndànà nì à jì mà kwó ndrǔ tsotso mà thǐ cha tsúw ma ndrǔ dho dey ì ki ndanà nì ì dhí bbiydha ró ndanà nì	1			Lendu	train	7.923191648023863		False	0.3648648648648649	False	3.919050628166813	0.29774436090225564	True
3d6b646c1cb9130eb226ee4110f7995d	65367	spontaneous-speech-led-65367.mp3	20808	6717	Màdhò cha ì nì tsúwbà nínì nzòw tsotso kwò ŋǎchú Uganda ó Somu dhò?	À jì nzá mà bbǎ ò ní ndrǔ déy ì ó ddù  mà ndrř ndrǔ chow ì dyási dè aa ka kwó ndrǔ tsotso ddiy bbúdha na nyû, mbr cha ndrǔ vi bbiy ndanà ddiy nà ka bbú ndrǔ dho klôw bbiydha mî	1			Lendu	train	6.439830834294503		False	0.14367816091954022	False	4.089736209749202	0.39924812030075185	True
830ccfbc3f4a54ceb8d849dbfe1b520f	66016	spontaneous-speech-led-66016.mp3	23220	6717	Màdhò cha ì nì tsúwbà nínì nzòw tsotso kwò ŋǎchú Uganda ó Somu dhò?	À kà fú nzòw dho ddí mà sš sòrónì dzà cha ndèy kâ ì nà nì fú nzòw dho à kà mà dzž gǎrr ddí fú nzòw dho ndrǔ rǎ ndanà sùkúl ò ndaní ndrǔ dhí sòmù ddí déy lǎní cha ngéy ní bbalè ma cha ì vì dey sǒ dhî nà à nì jǐ mà léy ndrǔ ddí dey ddìkàddì mà nà ddudjúddù ndrǔ ddí nì Ddrà dyà nì bbalè	1			Lendu	train	9.30232558139535		False	0.22968197879858654	False	4.0103192524894835	0.3601503759398496	True
21fb7f77ccb2d6989e98bcd4edf4c539	66095	spontaneous-speech-led-66095.mp3	22068	6717	Màdhò cha ì nì tsúwbà nínì nzòw tsotso kwò ŋǎchú Uganda ó Somu dhò?	Mà dho fú nzòw thíy tsotso djow mà bbú bbiydha mí ddiy gbè gǎrr  níchú fú nzòw dhò mà bbú hwî fú nzòw dhò ka bbú lǎnà ní dzuw rò fú nzòw dhò cha ney ndèy dho dhò fú nzòw dhí lò ddí ka nì ddey ney nì ndeyí fú nzòw ndrǔ déy  lǎní Uganda ó	1			Lendu	train	8.111292369041145		False	0.2532188841201717	False	4.23690643951244	0.48947368421052634	True
9effd7faf8601b37182a0098bf1d23b2	66165	spontaneous-speech-led-66165.mp3	20556	6717	Màdhò cha ì nì tsúwbà nínì nzòw tsotso kwò ŋǎchú Uganda ó Somu dhò?	À jì mà kwó ndrǔ tsotso ndrǔ dhò ddiy bbúdha nà à jì mà jǐ ndrǔ ngéy ní cha nzòw mà jì ní à jì mà chǔw ndrǔ dhò lǎní sòmù mí tuw	1			Lendu	train	4.670169293636894		False	0.23199999999999998	False	3.7036936393591673	0.16842105263157894	True
f595d0e1832ceab8c935264c25968409	66518	spontaneous-speech-led-66518.mp3	18288	6717	Màdhò cha ì nì tsúwbà nínì nzòw tsotso kwò ŋǎchú Uganda ó Somu dhò?	À kà mà bbú ndrǔ dho cha ngengéy ní lò à nì ndèy jǐ ndrǔdhí somù dho nì à ka nzǐ mà déy ndrǔ ro ndô nà li dyàsi ngengéy ní nì nà ndaní ndrǔ ddí chǔw ì ɦuwdjò nì tǔw ì dyàsi kà ó	1			Lendu	train	7.272528433945757		False	0.20114942528735635	False	4.3861878213569225	0.5977443609022557	True
c5df5911e2fe9c37bfe33b1deacd2a9c	63847	spontaneous-speech-led-63847.mp3	23796	6718	Zòw ní ŋá tǔwtǔw ní nga nà cha ndèy dhò li-gwíydha rr nyìdhí bba ó nì?	Zòw ní ŋá tùwtùw ní nga nà cha ndèydho ligwídha rr nyìdhí bba ó nì Zòw dho ley màdhí nzòw tsotso kwódha dho ngu klǒ w màdho zow dho ley fiz màdho bbu nzǐ zòw dho ley nzòw dho mà dja ndèymí mà gǔ nzǐ mà nì ì tsotso kwo ro	1			Lendu	train	7.144057824844512		False	0.24884792626728114	False	3.969459044316319	0.3293233082706767	True
8acb58a60c926b87d6f906bec0e3c36d	63994	spontaneous-speech-led-63994.mp3	15336	6718	Zòw ní ŋá tǔwtǔw ní nga nà cha ndèy dhò li-gwíydha rr nyìdhí bba ó nì?	Zòw ní ŋá tǔwtǔw ní nga nà cha ndèy dho li-gwíydha rr nyìdhí bba ó nì? Zòw léy nì nzòw bba nì sǒmù	1			Lendu	train	4.95565988523735		False	0.06315789473684208	False	3.597890649833567	0.1255639097744361	True
5ead05ed0317f78aa329e93b3f6c2b6c	64494	spontaneous-speech-led-64494.mp3	23400	6718	Zòw ní ŋá tǔwtǔw ní nga nà cha ndèy dhò li-gwíydha rr nyìdhí bba ó nì?	À dho ley mà dhí nzòw djú fízì búdha dho shì mà djòluw  à  dho ley mà làyí tsotso kwódha nà ddí dho shì mà djòluw à dho ley cha ney mà kà mà njěy njitsò djú nì lò tsòw wá nì dho tdow mà dho	1			Lendu	train	6.068376068376068		False	0.27419354838709675	False	3.815590880717535	0.22556390977443608	True
21fb7f77ccb2d6989e98bcd4edf4c539	64907	spontaneous-speech-led-64907.mp3	24336	6718	Zòw ní ŋá tǔwtǔw ní nga nà cha ndèy dhò li-gwíydha rr nyìdhí bba ó nì?	Nzòw dhí tǔwtǔw ní nga à nì disco ka nì bbǐ ddiy nzòw dhí tǔwtǔw ní nga à nì nzòw dyási nzǐ ì rà nì skul ò nì nzòw dhí tǔwtǔw ní nga à nì nzòw rónga kà nì bbǒ nzǐ lǎní ddiy	1			Lendu	train	5.3418803418803416		False	0.4378698224852071	True			False
9effd7faf8601b37182a0098bf1d23b2	64920	spontaneous-speech-led-64920.mp3	19296	6718	Zòw ní ŋá tǔwtǔw ní nga nà cha ndèy dhò li-gwíydha rr nyìdhí bba ó nì?	Zòw dho ley nzòw dho rà nzǐ sòmò nà njitsòdjò zòw dho ley nzòw nì ngu gbu ní dzakà ó zòw dho ley nzòw dho nzá ndèy kâ ní lò njèy	1			Lendu	train	5.0787728026534		False	0.30400000000000005	False	4.289236321687327	0.530827067669173	True
eea86ca8ea6b1af65157b06503a99e83	64939	spontaneous-speech-led-64939.mp3	24408	6718	Zòw ní ŋá tǔwtǔw ní nga nà cha ndèy dhò li-gwíydha rr nyìdhí bba ó nì?	Zòw rà ley nyi rà dey ngǎ mb nà cha nyi cho nyǐngá nzòw sukúl ò nì zòw rà ley sùkúl fíz bbúdha nyǐngá nzòw djú nì rà dey klǒw nyi nì ngǎ tuw nà má nyi dho ndanà fú sùkúl fíz chùw nì zow ra ley njàddí sâ nà nyi rà dhì déyddùya ní děy nzá nyǐngá nzòw rà sukúl ò ní	1			Lendu	train	8.19403474270731		False	0.3127413127413128	False	4.443684975206377	0.6293233082706767	False
789f537bcdf7638af5c97b59bc69a60d	64969	spontaneous-speech-led-64969.mp3	27360	6718	Zòw ní ŋá tǔwtǔw ní nga nà cha ndèy dhò li-gwíydha rr nyìdhí bba ó nì?	Zòw dho sòdha rr mí tǔwtǔw ní nga nì i nyi nì ngǎ ddiy nà má cha nyi dho  nzòw cho ndanà sòdha ò nànì nyi nì ngǎ ddiy nà mà cha nyi dho bǔkù dzz nzòw ngú ndanà sòmò nì nyi nì ngǎ ddiy nà cha má ndanà nyidho  unifom dzz̀ nyi dho ndanà nzòw cho sòdha ò nànì nyi nì ngǎ ddiy nà cha nzòw dho nyù nyùní cha kà bbú klôw ì dho ì rǎ ndanà sòdha ò nà nì	1			Lendu	train	9.502923976608187		True	0.4838709677419355	False			False
4690939abbaed200afffde0a457f0324	65160	spontaneous-speech-led-65160.mp3	13608	6718	Zòw ní ŋá tǔwtǔw ní nga nà cha ndèy dhò li-gwíydha rr nyìdhí bba ó nì?	Zòw ngu nì li luwto à léy nì nyi shi nzǐ chěy ní lòdè cha bbalè nì shǐ ǒ má nì	1			Lendu	train	4.262198706643151		False	0.026666666666666616	False	5.351465847482453	0.9353383458646617	False
f595d0e1832ceab8c935264c25968409	65163	spontaneous-speech-led-65163.mp3	18180	6718	Zòw ní ŋá tǔwtǔw ní nga nà cha ndèy dhò li-gwíydha rr nyìdhí bba ó nì?	À léy nzòw mbàdha dàrázà ngúnì kpákpá a ley bíy ní nzòw ddí tsá nì ì djá ró dàrázà mí lò nà ya sukúl fǐz bbúdha nì ì ónga dyǎ ro	1			Lendu	train	5.390539053905391		False	0.09599999999999997	False	4.923667496695205	0.8488721804511278	False
b60ffd663a6f4ea05bc69ef86c8ee3e8	65318	spontaneous-speech-led-65318.mp3	24048	6718	Zòw ní ŋá tǔwtǔw ní nga nà cha ndèy dhò li-gwíydha rr nyìdhí bba ó nì?	Tǔwtǔw ní nga má ndèy dho li-gwíydha rr nì à nì ya nyi nì ngǎ mb nà ya nyi nì ngǎ meya nà ya nyi njey nì dhǐ nzǐ nza mí ní nì fúnì ddiy má ndèy dho nyi rr li-gwiydha róddù nì fúnì zòw mà mà njà nì fú ndèymí tǔwtǔw ní nga nà	1			Lendu	train	7.027611443779108		False	0.3363636363636363	False	4.140374064719229	0.42330827067669174	True
da097b556a52dc7d273093cf8ce97abd	65836	spontaneous-speech-led-65836.mp3	17208	6718	Zòw ní ŋá tǔwtǔw ní nga nà cha ndèy dhò li-gwíydha rr nyìdhí bba ó nì?	Zòw ní nga à lêy mà dhí nzòw léydha nà à rǎ dhrá zà dzà à lêy  à lêy nì à ngú nì kpákpá ndrǔ dho rwo nì mî mbr chùw dha mí tuw ddí à déy kpákpá	1			Lendu	train	6.10181311018131		False	0.11428571428571432	False	4.091674234597979	0.4	True
da097b556a52dc7d273093cf8ce97abd	65836	spontaneous-speech-led-65836.mp3	17208	6718	Zòw ní ŋá tǔwtǔw ní nga nà cha ndèy dhò li-gwíydha rr nyìdhí bba ó nì?	Zòw ní nga à léy nì màdhí nzòw léydha nà à rǎ dàrásà dzà à léy nì à ngúnì kpákpá ndrǔ dho rwo nì mî mb chùwdha mí tuw ddí à dêy kpakpa	1			Lendu	train	5.927475592747559		False	0.09160305343511455	False	3.845445331729833	0.24962406015037594	True
69460059366eafce16269260ed3e45b0	66059	spontaneous-speech-led-66059.mp3	11376	6718	Zòw ní ŋá tǔwtǔw ní nga nà cha ndèy dhò li-gwíydha rr nyìdhí bba ó nì?	À léy nì nzòw bba nì sòmù chǐkà ó ndèymí à léy nì mà wánì kwo nì mà tsotso nzǐ ya ngǎjìní nga shì ro mà dho	1			Lendu	train	7.120253164556963		False	0.10576923076923073	False	3.801704742916634	0.21578947368421053	True
f1a9e65b853cca9c7a61a76ceeba58e2	66276	spontaneous-speech-led-66276.mp3	22068	6718	Zòw ní ŋá tǔwtǔw ní nga nà cha ndèy dhò li-gwíydha rr nyìdhí bba ó nì?	Lò nì ngú nyi dhò tǔw nyì dhí nzòw ddí rà rà somu ò nzǐ litsìdha bbalè nà nì rà tdè ngǎ déydha ddì nì ddí ra tdè ngǎ tdíytdíy ní lò má ndèy nì ndèy njěy nì tsì dha ddí rà tdè klǒw fú nì zòw rà ley ní ddiy	1			Lendu	train	6.978430306325901		False	0.20398009950248752	False	4.588250101779914	0.7112781954887218	False
c5df5911e2fe9c37bfe33b1deacd2a9c	63824	spontaneous-speech-led-63824.mp3	16776	6719	Tdrà madhò dêy nyì dzz tdè nyi ngá njitsò djú nì Simu ro?	Tdrà ma dhò děy nyi dzz̀ tdè nyǐngá njitsò djú nì sǐmù ró  ma tsì tdè nzá símù nà njí njèydha símù nà njí njèydha dêy shǐ shìdha ní ma djòluw fúnga nà	1			Lendu	train	6.9742489270386265		False	0.17006802721088432	False	4.7784369239900375	0.7992481203007519	False
8acb58a60c926b87d6f906bec0e3c36d	63960	spontaneous-speech-led-63960.mp3	16200	6719	Tdrà madhò dêy nyì dzz tdè nyi ngá njitsò djú nì Simu ro?	Tdra mà dhò déy nyi dzì tdè nyǐngá njitsò djú nì simu ro ma tdè ddrǒngó ní ɦwî nà	1			Lendu	train	3.888888888888889		False	0.02564102564102566	False	4.23796407509372	0.49097744360902257	True
830ccfbc3f4a54ceb8d849dbfe1b520f	64425	spontaneous-speech-led-64425.mp3	20448	6719	Tdrà madhò dêy nyì dzz tdè nyi ngá njitsò djú nì Simu ro?	Ndruní simu tdè ngǎ ndèy ó mediya ní njanja nì simu nì ney ndèy ó mediya ní  à lêy njanja nì lò nì rǎ ndìy ndruní nì simu tdè ngǎ ndèy ó mediya ní cha ka dho ndanà lò bbwǐy bbwǐdha ní nì	1			Lendu	train	6.993348982785602		False	0.39344262295081966	False	5.043543778637796	0.8766917293233083	False
f595d0e1832ceab8c935264c25968409	64502	spontaneous-speech-led-64502.mp3	17280	6719	Tdrà madhò dêy nyì dzz tdè nyi ngá njitsò djú nì Simu ro?	Ma dzz tdè mǎngá njitsò djú nì simu ro ma thíy tdè ddrǒngóní hwì nà ma ngû ndanà bba ò ro	1			Lendu	train	3.9930555555555554		False	0.03488372093023251	False	4.571786028477943	0.7007518796992481	False
eea86ca8ea6b1af65157b06503a99e83	64555	spontaneous-speech-led-64555.mp3	19008	6719	Tdrà madhò dêy nyì dzz tdè nyi ngá njitsò djú nì Simu ro?	Ma dzz̀ njitsò djú nì simu ro, ma tdè hwî nà ddrǒ, ma mâ Ddra mí lò dhò ma bbî fú simù nà tdǔw fu itss-djú ma tèy lò ngéngéy ní bbalè nà à lêy ma tdè hwî nà ddrǒ	0			Lendu	train	6.418350168350169		False	0.16455696202531644	False	5.054469229026893	0.8789473684210526	False
5ead05ed0317f78aa329e93b3f6c2b6c	64664	spontaneous-speech-led-64664.mp3	20700	6719	Tdrà madhò dêy nyì dzz tdè nyi ngá njitsò djú nì Simu ro?	Ma chùw ma nì lǎní fú ddu ó màtsá ddéydha wá tdè lǎní hwî nà ma chùw níyà ma ngû tǔwtǔw ní ddiy ní à lěy  ma thíy ónga wá tdè djǔwdjǔw	1			Lendu	train	4.9275362318840585		False	0.16030534351145043	False	4.658256609184927	0.7436090225563909	False
789f537bcdf7638af5c97b59bc69a60d	64925	spontaneous-speech-led-64925.mp3	25236	6719	Tdrà madhò dêy nyì dzz tdè nyi ngá njitsò djú nì Simu ro?	Ma dzz̀ tdè símù tdey ro ma tdè hwî nà drǒ, ma dzz̀ tdè símù tdey ro kidha ka shì tdè ma djòluw  pèydha nà, ma dzz̀ tdè símù tdey ro, ma chùw wá nì lò ngu da nì nga nà nì chow, ma dzz̀ tdè símù tdey ro ma chùw  ma dyasi ndìnganì tsì tdè ma ddí nì ney djiy ní ddiy	1			Lendu	train	7.885560310667301		True	0.3884615384615384	False			False
4690939abbaed200afffde0a457f0324	64975	spontaneous-speech-led-64975.mp3	19980	6719	Tdrà madhò dêy nyì dzz tdè nyi ngá njitsò djú nì Simu ro?	Mà tsá njitsò djú simu madzì tde ro njí njèydha ndanà shì ma djòluw luwtey machùw nyǔ'wiy ddey ma lòw njí njèy ndanà à léy lò mí tdyòw mbàdha nì zěy mà kà ó njà ddí ndrǔ nà	1			Lendu	train	6.756756756756757		False	0.08875739644970415	False	4.826759128812979	0.8142857142857143	False
21fb7f77ccb2d6989e98bcd4edf4c539	65014	spontaneous-speech-led-65014.mp3	21060	6719	Tdrà madhò dêy nyì dzz tdè nyi ngá njitsò djú nì Simu ro?	Ma dzz̀ tdè màtsángá njitsò djú símù ro ma mb ma lǎní ma njà ma tde nì ma dyási níchú hwǐ kǎ ma njèy drǒ fúddiy lêy ma njà ma ddí nì ma dyási níchú	1			Lendu	train	5.365622032288699		False	0.2152777777777778	False	4.269808895048564	0.5180451127819549	True
9effd7faf8601b37182a0098bf1d23b2	65081	spontaneous-speech-led-65081.mp3	18360	6719	Tdrà madhò dêy nyì dzz tdè nyi ngá njitsò djú nì Simu ro?	Ma dzz̀ tdè màtsá njitsò djú nì símù ro fú símù tdè klǒw fú símù chuw ddí tdè rí ya mà nì lò těy bbalè nà ro	1			Lendu	train	4.466230936819172		False	0.1333333333333333	False	4.387256483201072	0.5984962406015037	True
3d6b646c1cb9130eb226ee4110f7995d	65478	spontaneous-speech-led-65478.mp3	16236	6719	Tdrà madhò dêy nyì dzz tdè nyi ngá njitsò djú nì Simu ro?	Ma chùw ma nì lò těy bbalè nà cha mà kǎónga nì ndì-ndì ní à ngù lò chow mà dho gbè cha mà nì ddìngǎ mà nì lò těy ddǐngǎ ma tsòró li nà níchú	1			Lendu	train	6.52870165065287		False	0.18248175182481752	False	5.054301272322241	0.8781954887218045	False
69460059366eafce16269260ed3e45b0	66093	spontaneous-speech-led-66093.mp3	7308	6719	Tdrà madhò dêy nyì dzz tdè nyi ngá njitsò djú nì Simu ro?	Ma tdè hwî nà lèy ndèymí nga chú wá mà nja nì vǐdìo	1			Lendu	train	5.336617405582923		True	0.0	False			False
c5df5911e2fe9c37bfe33b1deacd2a9c	63830	spontaneous-speech-led-63830.mp3	22140	6720	Li-thokpa nà nì njí njèydha mí li-gwîydha mí njí ní ddù màdhí dziylíy ó?	Lidhokpa nǎnì njí njeydha mí ligwidha mí njí ní ddu mà dhí dziliy ó fú nì nyá nì njí bbalè dho cha nzá ì chùw gàmentè mí dhǐy nì ndèymí à léy nì bbalè dey nì ì koko djú ì nì chuw nì mbr nà fú njí ó ddù	1			Lendu	train	6.9105691056910565		False	0.16666666666666663	False	4.428654419008392	0.6195488721804512	False
8acb58a60c926b87d6f906bec0e3c36d	63918	spontaneous-speech-led-63918.mp3	18648	6720	Li-thokpa nà nì njí njèydha mí li-gwîydha mí njí ní ddù màdhí dziylíy ó?	Li dhokpa nà nì njí njèydha mí li-gwíydha mí njí ní ddu màdhí dziylíy ó? À léy nì ka tsi nì chěy ní lò  njí njèydha ró	1			Lendu	train	4.87987987987988		False	0.19130434782608696	False	3.365555335480705	0.04661654135338346	True
eea86ca8ea6b1af65157b06503a99e83	64340	spontaneous-speech-led-64340.mp3	20268	6720	Li-thokpa nà nì njí njèydha mí li-gwîydha mí njí ní ddù màdhí dziylíy ó?	À léy nì mà chuw nì nyǔ'wiy fúddiy ró à léy nì mà njey nì njí màdjú à dho ley mà děy màdjú ddù ndaní mà chǔw fúddiy wá màdjú	1			Lendu	train	4.687191632129465		False	0.2479338842975206	False	3.725024413039597	0.17969924812030075	True
f595d0e1832ceab8c935264c25968409	64819	spontaneous-speech-led-64819.mp3	19800	6720	Li-thokpa nà nì njí njèydha mí li-gwîydha mí njí ní ddù màdhí dziylíy ó?	À léy nì nzòw tsi nì ngengéy nì ddiy chódha gbè mězà ní chú nì thǐnga ndèymí ra nà njàddî à léy nì ndrǔ tsì nì  ngengéy ní mbr bbìdha mí tuw	1			Lendu	train	5.454545454545454		False	0.16058394160583944	False	4.171430038613538	0.4413533834586466	True
4690939abbaed200afffde0a457f0324	64910	spontaneous-speech-led-64910.mp3	11448	6720	Li-thokpa nà nì njí njèydha mí li-gwîydha mí njí ní ddù màdhí dziylíy ó?	À léy nyi déy nyi djú nyi níddù à léy nyi djòluw lò shi nzǐ	1			Lendu	train	3.930817610062893		False	0.2678571428571429	False	4.720712823021196	0.7699248120300752	False
f1a9e65b853cca9c7a61a76ceeba58e2	65165	spontaneous-speech-led-65165.mp3	22320	6720	Li-thokpa nà nì njí njèydha mí li-gwîydha mí njí ní ddù màdhí dziylíy ó?	À nì lǎní lò mbǎ mà kà ó à ní mbr nyá mà kà ò luw à nì léy mà nì ddiyddiy ní njí njey cha ndèy vi mà tsotso kwo mà ni dza sš mà nì tsúw tdǒw mà nì nzòw mbǎ  ndanà somò ò	1			Lendu	train	5.555555555555555		False	0.15568862275449102	False	4.595645245878745	0.7150375939849624	False
789f537bcdf7638af5c97b59bc69a60d	65206	spontaneous-speech-led-65206.mp3	22716	6720	Li-thokpa nà nì njí njèydha mí li-gwîydha mí njí ní ddù màdhí dziylíy ó?	Li dhokpa nà dhǐy njèydha mí dhǐy nì à nyá dhǐy màdho bbakà ó  lidhokpa nà ddiy njèydha mí dhǐy nì  à nyá mbr màdhí bba kà ó li dhokpa njèydha nà  mí dhǐy nì à ngbí mà mà déy lò tsìdha nà rútsò djú nì mà cha ney màdho njey ndanà nì ddiy ka njǎ ndèy bbalè nyúdda djú lǎnì	1			Lendu	train	9.112519809825674		False	0.3370786516853933	False	3.8692316647472387	0.2639097744360902	True
bb53c9cc38fe315d31ecd6251f4b4705	65232	spontaneous-speech-led-65232.mp3	15228	6720	Li-thokpa nà nì njí njèydha mí li-gwîydha mí njí ní ddù màdhí dziylíy ó?	Ndrǔ dhí djí nì li gwíydha màdhí dziylíy ó ndaní màdhí nzòw tsǐ lò dhǐy njèydha nà ì dhokpa nà nì njí mî	1			Lendu	train	5.384817441555031		False	0.1089108910891089	False	3.3975628666463162	0.055639097744360905	True
3d6b646c1cb9130eb226ee4110f7995d	65581	spontaneous-speech-led-65581.mp3	14400	6720	Li-thokpa nà nì njí njèydha mí li-gwîydha mí njí ní ddù màdhí dziylíy ó?	Mí lǎní nga nì à vi ley dhǐy ngú wò ní chow cha  dhǐy njèydha nà kekéy ní ddiy dhò	1			Lendu	train	4.305555555555555		False	0.07594936708860756	False	4.470559958444203	0.6421052631578947	False
da097b556a52dc7d273093cf8ce97abd	65601	spontaneous-speech-led-65601.mp3	22608	6720	Li-thokpa nà nì njí njèydha mí li-gwîydha mí njí ní ddù màdhí dziylíy ó?	Li dhokpa nà nì njí njèydha à léy nì ma chuw nì klôw rwo nì mî à léy nì ma djòkpǎ nga à ddéy nì ddiy má cha mà nì rǎ njèy nì mà njèy nì ngbírr ddǐyà nà gbow nì mî à léy nì bbalè wánì tsinì í li chú njey nì ǐchú dhǐy jì màdhí bba ó	1			Lendu	train	7.607926397735315		False	0.23788546255506604	False	3.9931767681947044	0.3458646616541353	True
69460059366eafce16269260ed3e45b0	66025	spontaneous-speech-led-66025.mp3	14796	6720	Li-thokpa nà nì njí njèydha mí li-gwîydha mí njí ní ddù màdhí dziylíy ó?	À léy nì màdhí nzòw tsi nì lò lǎní ní nì à léy nì mà tsi nì déydha lǎní ní nì à léy nì mà déy nì nyǔ'wiy nà njàddí nga nà	1			Lendu	train	6.08272506082725		False	0.3389830508474576	False	3.259875638120821	0.02631578947368421	True
b60ffd663a6f4ea05bc69ef86c8ee3e8	66107	spontaneous-speech-led-66107.mp3	13248	6720	Li-thokpa nà nì njí njèydha mí li-gwîydha mí njí ní ddù màdhí dziylíy ó?	Li dho kpa nà njí njeydha mí dhǐnì  màdhí dziylíy ó dza ss̀dha nga chódha	1			Lendu	train	4.378019323671497		False	0.014285714285714235	False	4.060590900087638	0.38721804511278196	True
5ead05ed0317f78aa329e93b3f6c2b6c	66494	spontaneous-speech-led-66494.mp3	22176	6720	Li-thokpa nà nì njí njèydha mí li-gwîydha mí njí ní ddù màdhí dziylíy ó?	À léy nì mà déy ddiy nà à léy nì mà děy mà koko djú nyǔ'wiy nà cha ney mà dho ndanà màdhí ddiy chùw mà djúddù nì à lěy nì nzǐ mà léy mà jùw bbalè dhí ddiy djú	1			Lendu	train	5.366161616161616		False	0.25161290322580643	False	3.495794652534952	0.08421052631578947	True
8acb58a60c926b87d6f906bec0e3c36d	64006	spontaneous-speech-led-64006.mp3	12600	6721	Ddudhò à ní lǎní nyi bbǎ cha ndèy njèy nyi ngǎjìní nì nyi dyási dhò?	Ddu dhò à ní lǎní nyi bbǎ cha ndèy njèy nyi ngǎjìní nyi dyási dhò Fúlò mba nì jǐ likà ó	1			Lendu	train	5.317460317460317		False	0.1071428571428571	False	3.40442341795268	0.058646616541353384	True
4690939abbaed200afffde0a457f0324	64115	spontaneous-speech-led-64115.mp3	20268	6721	Ddudhò à ní lǎní nyi bbǎ cha ndèy njèy nyi ngǎjìní nì nyi dyási dhò?	Lò bbàdha léy nì mà déy nì jǐ nà mà kà ó à mba nì li kàónga gbádha Ddrà nà à léy nì lò wá tde nì lǎní lidyási nà likà ó	1			Lendu	train	4.341819617130452		False	0.14655172413793105	False	4.2054400196172725	0.4631578947368421	True
789f537bcdf7638af5c97b59bc69a60d	64125	spontaneous-speech-led-64125.mp3	16920	6721	Ddudhò à ní lǎní nyi bbǎ cha ndèy njèy nyi ngǎjìní nì nyi dyási dhò?	A ji nyi bbǎ nyi dyási dhò cha ndèy njèy nyi ngǎjìní nì ndaní nyì kàó lò ká dey ngǎ à mba nì jǐ lò, lò bbàdha à nì Ddrà mí lò cha ngǎjìní ndèy njèy nyidhò nì li Ddrà mí bǔkù ddí tdrà nyi bbǎ ndeyli dhò	1			Lendu	train	9.101654846335697		False	0.25757575757575757	False	4.031126428416254	0.3706766917293233	True
5ead05ed0317f78aa329e93b3f6c2b6c	64282	spontaneous-speech-led-64282.mp3	21636	6721	Ddudhò à ní lǎní nyi bbǎ cha ndèy njèy nyi ngǎjìní nì nyi dyási dhò?	Ndaní jǐ dêy ní ney mà kǎ nzánà ngǎjìní lò rá ndèy drr bbalè kàó ndaní bbalè déy ddì nì ddiy ní lò-tsò gbádha ó	1			Lendu	train	4.021075984470327		False	0.09259259259259256	False	3.966587741267376	0.32706766917293234	True
830ccfbc3f4a54ceb8d849dbfe1b520f	64548	spontaneous-speech-led-64548.mp3	12996	6721	Ddudhò à ní lǎní nyi bbǎ cha ndèy njèy nyi ngǎjìní nì nyi dyási dhò?	Fúnì dho nyi nì ney Ddrà mí thíy nà nyi ó fúnì dho nyi jì tde nì lǎní bbalè nà nyi ji nì nzǐ ngǎjìní lò déy bbalè kàó à léy nì nyi bba nì lò bbalè dho	1			Lendu	train	8.694983071714374		False	0.25850340136054417	False	3.9718930979015172	0.3308270676691729	True
b60ffd663a6f4ea05bc69ef86c8ee3e8	64790	spontaneous-speech-led-64790.mp3	25020	6721	Ddudhò à ní lǎní nyi bbǎ cha ndèy njèy nyi ngǎjìní nì nyi dyási dhò?	Eè yo Ddrà tdrà ndèy mà bbǎ ngǎjìní nga ndèy njey mà ró nì li dho gbè ndèy ddí nì Ddrà ndèy bba nì màdhí cherr ddiy níchú ya mà bbà ngǎjìní nga ndey li dho fú ddiy rà ley ndeyli rà ddey níyà aá í li kàra à jì ma nú ŋà bbǎ à bbà dzò madhó ma njèy nì cher fú li dhò nì à bbà dzo gudjò í nì kà  rà chěy ní li nì ndèy	1			Lendu	train	9.352517985611511		False	0.2612903225806451	False	5.019760645017573	0.8721804511278195	False
f595d0e1832ceab8c935264c25968409	64888	spontaneous-speech-led-64888.mp3	17748	6721	Ddudhò à ní lǎní nyi bbǎ cha ndèy njèy nyi ngǎjìní nì nyi dyási dhò?	À nì lǎní ndaní fú li ddí dey ɦwî nà ndaní à mbǎ rr̀dha nyìkà ó ndeyní nzǐ nyì déy ndô nà nyì kà ó luwtey nga dhò	1			Lendu	train	4.845616407482533		False	0.10909090909090913	False	4.499274276987391	0.656390977443609	False
eea86ca8ea6b1af65157b06503a99e83	65134	spontaneous-speech-led-65134.mp3	18900	6721	Ddudhò à ní lǎní nyi bbǎ cha ndèy njèy nyi ngǎjìní nì nyi dyási dhò?	Lò bbà-dha rà ley mà ra dey jǐnà fú madyási nà à rà ley mà ra dey ddì nì bbalè ní madyási nà à rà ley mà ra dey Bblǒthíy nà mà kàòluw fú madyási nà	1			Lendu	train	5.925925925925926		False	0.38888888888888884	False	4.077521489934097	0.39473684210526316	True
69460059366eafce16269260ed3e45b0	65387	spontaneous-speech-led-65387.mp3	17460	6721	Ddudhò à ní lǎní nyi bbǎ cha ndèy njèy nyi ngǎjìní nì nyi dyási dhò?	Ndaní nyì déy lǎní jǐ nà nyì kà ò luw ndaní nyì déy lǎní lò nà nyi kà ò luw ndaní ya tǔwtǔw ní nga shì ndèyli ró nyi déy ddìnga à nà	0			Lendu	train	5.72737686139748		False	0.3023255813953488	False	3.8563663014606893	0.2578947368421053	True
bb53c9cc38fe315d31ecd6251f4b4705	65472	spontaneous-speech-led-65472.mp3	16776	6721	Ddudhò à ní lǎní nyi bbǎ cha ndèy njèy nyi ngǎjìní nì nyi dyási dhò?	À ji nyi dey lò bbàdha nà nyi lày ró ndaní  ndrò ka dey ngǎ nyì kà ó fuli nà nyì ka dey lǎní nyi tsò gbádha nà nzánà nyì ndǒ nyì nyì kà ó	1			Lendu	train	6.080114449213162		False	0.26865671641791045	False	4.964936137431937	0.8593984962406015	False
3d6b646c1cb9130eb226ee4110f7995d	65529	spontaneous-speech-led-65529.mp3	9828	6721	Ddudhò à ní lǎní nyi bbǎ cha ndèy njèy nyi ngǎjìní nì nyi dyási dhò?	Ndeyní nyì kǎ jǐ ngú ò ní ví ndeyli nà cha ndèy njey nyidhò ngǎjíní nga nì li	1			Lendu	train	6.1050061050061055		True	0.013513513513513487	False			False
9effd7faf8601b37182a0098bf1d23b2	65922	spontaneous-speech-led-65922.mp3	18288	6721	Ddudhò à ní lǎní nyi bbǎ cha ndèy njèy nyi ngǎjìní nì nyi dyási dhò?	À jì nyi bbǎ cha ngǎjìní ndèy njèy nyi nì nyi dyǎsi dhò ndaní à ngǔ jǐ lǎnà ní nì nyì kàò ndaní à léy nyì déy ddì nì ddiy ní	1			Lendu	train	5.139982502187227		False	0.17355371900826444	False	3.757150354598774	0.1962406015037594	True
f1a9e65b853cca9c7a61a76ceeba58e2	66021	spontaneous-speech-led-66021.mp3	23256	6721	Ddudhò à ní lǎní nyi bbǎ cha ndèy njèy nyi ngǎjìní nì nyi dyási dhò?	Dhiy à nyi bbǎ à dhò nyi gǔ à dho nzǐ à ndrŕ ndèy fu lò kíyddà nà nzǐ à njěy ngǎjìní lò kíyddà à bbǎ ndèy jì fú nì ddì ní nyì déy à mà nà wá lǎnà fú nì rà lì dò njèyèydha bbu déydha ddì nì dhò	1			Lendu	train	6.191950464396284		False	0.20526315789473681	False	5.1244013125157855	0.8954887218045112	False
c5df5911e2fe9c37bfe33b1deacd2a9c	63859	spontaneous-speech-led-63859.mp3	20268	6722	Li-gwíydha kwó màdhí bba ónga dhiydha ŋǎchú?	Li-gwíydha kwó ní màdhí bba ó nga dhìydha ŋǎchú ì gwiy ì nì ndrǔ rà dhǐy chùw ndèymí fú mbr nà ndrǔ rà bba ss̀ ndrǔ rà mùtùkár dzz̀ à rà bbalè tsotso kwo cha ì nì fú bba ó nì	1			Lendu	train	6.611407144266824		False	0.16959064327485385	False	4.01580270806357	0.3631578947368421	True
8acb58a60c926b87d6f906bec0e3c36d	64008	spontaneous-speech-led-64008.mp3	15768	6722	Li-gwíydha kwó màdhí bba ónga dhiydha ŋǎchú?	Li-gwiydha kwó màdhí bba ó dhìydha ŋǎchú? À lêy màdhí nzòw nì nyǔ'wiy nà à lêy bbalè nì lǎní njí chǔw	1			Lendu	train	5.136986301369863		False	0.10204081632653061	False	3.3599485145390044	0.045112781954887216	True
bb53c9cc38fe315d31ecd6251f4b4705	64151	spontaneous-speech-led-64151.mp3	22860	6722	Li-gwíydha kwó màdhí bba ónga dhiydha ŋǎchú?	À léy nì mà tsi nì lò à bbú nì màdho nyǔ'wiy à mba nì mà lǎní ngà à ley mà déy mà dyási ngéy ní ndrǔ nà wá ddìkàddì fúnì	1			Lendu	train	3.937007874015748		False	0.1282051282051282	False	3.9974430500975284	0.34962406015037595	True
789f537bcdf7638af5c97b59bc69a60d	64427	spontaneous-speech-led-64427.mp3	21780	6722	Li-gwíydha kwó màdhí bba ónga dhiydha ŋǎchú?	À lêy bbalè wánì à tsì lò à lêy nyǔ'wíy  nyǔ'wíy nì màdhí bbakǎ ney à léy nì nyi rà rútsò djú nì lò tsì má déy nzá nyi tsì tdè nà nì li-gwíydha à léy  bbalè wánì à dey nì ì koko djú à njey ndèymí ddiy má cha ndèy ddêy nà nì ndèy djùkpǎ nga nà	1			Lendu	train	8.402203856749312		False	0.2384937238493724	False	4.1148665084440825	0.4067669172932331	True
4690939abbaed200afffde0a457f0324	64518	spontaneous-speech-led-64518.mp3	14256	6722	Li-gwíydha kwó màdhí bba ónga dhiydha ŋǎchú?	Li-gwíydha mba nì ngéyngéy ní bbalè jì màdhí bba ó cha ndèy léy màdhí bba dhiy lǎní ndèymí ka tsi lǎní à nì ddiy	1			Lendu	train	6.242985409652076		False	0.15596330275229353	False	3.483777962520589	0.07669172932330827	True
da097b556a52dc7d273093cf8ce97abd	64573	spontaneous-speech-led-64573.mp3	16416	6722	Li-gwíydha kwó màdhí bba ónga dhiydha ŋǎchú?	Ligwíydha à mbà màdhí bbakà ó tdiytdiy ní dhǐy ngengéy ní lò jì nà à mbà li rr̀dha ngengéy ní pbúw jì ddí à tsùw màdhí bba ó	0			Lendu	train	5.908869395711501		False	0.20661157024793386	False	3.9722907048223974	0.33157894736842103	True
b60ffd663a6f4ea05bc69ef86c8ee3e8	64846	spontaneous-speech-led-64846.mp3	25236	6722	Li-gwíydha kwó màdhí bba ónga dhiydha ŋǎchú?	Li-gwiydha léy nì nyìdhí bba rà tdè tǔw li-gwíydha rà ley nyìdhí bba ɦuwdjò rà drr̀ li-gwiydha rà ley nyìdhí bba jì rà ndèy li li-gwíydha rà léy nyi rà klǒw ní dza ss̀ nyi dho mùtùkárì ddí nzz̀ fúnì li-gwíydha nì ndanà nì bû	1			Lendu	train	7.132667617689015		True	0.3393665158371041	False			False
21fb7f77ccb2d6989e98bcd4edf4c539	65072	spontaneous-speech-led-65072.mp3	22860	6722	Li-gwíydha kwó màdhí bba ónga dhiydha ŋǎchú?	Li-gwíydha nyánì njí bbalè dhò njàddí bbalè njey nì gàvméntè mí njí njàddí bbalè njey nì ngúw ngéy ngéy ní ngúw ó njí fú ddiy wá à déy nì mb nya màdhí bbakǎ à léy nì màdhí bba à dhiy nì lǎní	1			Lendu	train	6.517935258092739		False	0.2994652406417112	False	3.623933727911712	0.1406015037593985	True
3d6b646c1cb9130eb226ee4110f7995d	65264	spontaneous-speech-led-65264.mp3	22428	6722	Li-gwíydha kwó màdhí bba ónga dhiydha ŋǎchú?	À léy nì bba dhiy nì à léy nì ka tsi li ngengéy nì pbúw nà à léy nì bba kà ó nga déy nì wá lǎní ndeyní bbalè tsǐ ndanà li dhìydha mí lò luwtey nga dhò	0			Lendu	train	5.038344925985375		False	0.20408163265306123	False	3.9393404398213403	0.3090225563909774	True
9effd7faf8601b37182a0098bf1d23b2	65764	spontaneous-speech-led-65764.mp3	17496	6722	Li-gwíydha kwó màdhí bba ónga dhiydha ŋǎchú?	Li gwíydha léynì màdhí nzòw chuw nì mbr li gwíydha léynì mà dhí nzòw mba nì ngǎ ndèy nì màdhí bba ó nì lò màdhò	1			Lendu	train	4.972565157750343		False	0.3055555555555556	False	3.0341228839677195	0.005263157894736842	True
f1a9e65b853cca9c7a61a76ceeba58e2	65830	spontaneous-speech-led-65830.mp3	21240	6722	Li-gwíydha kwó màdhí bba ónga dhiydha ŋǎchú?	À nì ley mà nì mà tsǐ tdiytdiy ní bbalè nà  à nì lǎní lò mba màdhí bbakà ó cha ney ndèydho mà tsotso kwo màdhí nzòw nà wá nì à nì mbr nyá màdhò bba kà ó à nì tdiytdiy ní dhǐy cha lǎní ndèydho màtsotso kwo màdhí wá nì lò ó nì	1			Lendu	train	8.00376647834275		False	0.330316742081448	False	3.601952346094728	0.12631578947368421	True
69460059366eafce16269260ed3e45b0	66049	spontaneous-speech-led-66049.mp3	10656	6722	Li-gwíydha kwó màdhí bba ónga dhiydha ŋǎchú?	À lêy mà nyúddà pù ndèy lǎní lò nà à lêy mà nì nyǔ'wiy nà ddíyà njí njèydha mî	1			Lendu	train	5.63063063063063		True	0.09333333333333338	False			False
830ccfbc3f4a54ceb8d849dbfe1b520f	66421	spontaneous-speech-led-66421.mp3	19980	6722	Li-gwíydha kwó màdhí bba ónga dhiydha ŋǎchú?	À léy nì nyǔ'wiy déy nì ney cha à kà mà njěy nì lò mî mà rà lò njèy cha mà gwîy mà mí nyǔ'wiy nà nì lò mà rà njèy nú fùní ní ya nzá mà gwǐy mà mà rà ngu dey lò njěy gbè bbalè má cha ì dhí ddéydha tde nì ngǎ ddiy ní chú gbè	1			Lendu	train	8.208208208208209		False	0.26027397260273977	False	4.262756305856396	0.512781954887218	True
eea86ca8ea6b1af65157b06503a99e83	66435	spontaneous-speech-led-66435.mp3	16668	6722	Li-gwíydha kwó màdhí bba ónga dhiydha ŋǎchú?	À pù màdhí bbalè nyú ddà bbalè nì lǎní ddiy ndèymí ngǎjìní ddiy mà njǎ à lêy bbalè nì Ddrà mí lò zǒw ney  li-gwíydha lêy màdhí dziylíy nì dhǐy ddí	1			Lendu	train	6.899448044156467		False	0.1748251748251748	False	3.3004348406523194	0.03308270676691729	True
f595d0e1832ceab8c935264c25968409	66481	spontaneous-speech-led-66481.mp3	17028	6722	Li-gwíydha kwó màdhí bba ónga dhiydha ŋǎchú?	À léy mà djokpa ddàdha-djá kíyddà ndrr̂ ndèy à lêy mà gwíydha djá kíyddà ndrr̂ ndèy à lêy lò tdey shì mà dhí bba ó cha ndèy mba li dha nì	1			Lendu	train	6.283767911674889		False	0.25373134328358204	False	4.705725242220927	0.7646616541353384	False
5ead05ed0317f78aa329e93b3f6c2b6c	66551	spontaneous-speech-led-66551.mp3	20448	6722	Li-gwíydha kwó màdhí bba ónga dhiydha ŋǎchú?	À ley dziylíy dhìydha nì ndèy ndrŕ mà kà ó à lêy nyǔ'wiy mí klôw nì ndèy ndrř à lêy lò ddey cha ney ngǎ ndèy tdè mà k`a ó ndru ní nì wá nì ndèy njǎ njanja	1			Lendu	train	5.819640062597809		False	0.1895424836601307	False	4.567762439549718	0.6977443609022557	False
c5df5911e2fe9c37bfe33b1deacd2a9c	63875	spontaneous-speech-led-63875.mp3	22608	6723	Li-djokpa ddǎdha djá dhò li-gwíydha mí klôw ndrr̀ ŋǎchú nyìdhí bba ó?	Li djùkpa ddàdha-djá dho li-gwíydha mí klôw drr ŋǎchú nyìdhí bba ó? À jì ndrǔ njúw bba-djá tsòw ndrǔ gwíy ndrǔ ndrǔ dhǒ ndrǔ dhò li-gwíydha mí lǎnínga ndèymí ndaní bbalè jǐ li-gwíydha ndèymí nzow nà	1			Lendu	train	7.209837225760793		False	0.2564102564102564	False	3.198898179915894	0.02406015037593985	True
4690939abbaed200afffde0a457f0324	64193	spontaneous-speech-led-64193.mp3	19836	6723	Li-djokpa ddǎdha djá dhò li-gwíydha mí klôw ndrr̀ ŋǎchú nyìdhí bba ó?	À Kà ndrǔ dhǒ ligwídha mí lǎní nga njàddí ndrǔ dhǒ ligwídha mba nì nga dhìydha bbakà ó à kà ndrǔ dhǒ ligwídha pu nì li nyú	1			Lendu	train	4.839685420447671		False	0.31932773109243695	False	3.8321141804282695	0.23909774436090225	True
69460059366eafce16269260ed3e45b0	64324	spontaneous-speech-led-64324.mp3	24408	6723	Li-djokpa ddǎdha djá dhò li-gwíydha mí klôw ndrr̀ ŋǎchú nyìdhí bba ó?	Ya à nì dùdú ní li-gwíydha mí ddiy bbu nzòw dho ro ya à nì li-gwíydha mí lǎnínga dhǒ tende ro ya à nì li gwiydha mí ngèy tdrǎ nzǒw djá dhò ro ya à nì nzǒw djá tsò njuw ddì nì nga òluw li-gwíydha mí lò ró ro	1			Lendu	train	6.473287446738774		False	0.3152709359605911	False	3.959021181979276	0.3233082706766917	True
da097b556a52dc7d273093cf8ce97abd	64384	spontaneous-speech-led-64384.mp3	11628	6723	Li-djokpa ddǎdha djá dhò li-gwíydha mí klôw ndrr̀ ŋǎchú nyìdhí bba ó?	Li djòkpa ddàdha-djá à kà ndrǔ déy bbalè gwiy chěy ndaní bbalè tsǐ lò li gwíydha mí lò ró màdhí bba ò luw wá nì sâ ró	1			Lendu	train	7.82593739250086		False	0.06140350877192979	False	3.163843186625974	0.018796992481203006	True
789f537bcdf7638af5c97b59bc69a60d	64554	spontaneous-speech-led-64554.mp3	22428	6723	Li-djokpa ddǎdha djá dhò li-gwíydha mí klôw ndrr̀ ŋǎchú nyìdhí bba ó?	Lidjòkpa ddadha dja à ji à bbíy nzòw djá dè luw à dhǒ lò sòdha mî li ddokpa ja lidjòkpa ddadha dja à ji à bbíy sòdha ò ligwí lódha nà li ddòkpa djòkpa ddàdha dja à jì à dhǒ lò nzòw dho bbíydha nà sòdha ò nà nì	1			Lendu	train	7.178526841448189		False	0.38834951456310685	False	4.941304085545598	0.8518796992481203	False
bb53c9cc38fe315d31ecd6251f4b4705	64714	spontaneous-speech-led-64714.mp3	14040	6723	Li-djokpa ddǎdha djá dhò li-gwíydha mí klôw ndrr̀ ŋǎchú nyìdhí bba ó?	À dho lò bbu ngéyngéy ní ndrǔ dè à ká tdra Ddra mî ndaní à bbú mà dho klòw mà dhí bba ó	1			Lendu	train	4.62962962962963		False	0.08333333333333337	False	4.340204411849642	0.5676691729323309	True
b60ffd663a6f4ea05bc69ef86c8ee3e8	64883	spontaneous-speech-led-64883.mp3	16668	6723	Li-djokpa ddǎdha djá dhò li-gwíydha mí klôw ndrr̀ ŋǎchú nyìdhí bba ó?	À kà ndrǔ ndrr li gwiydha mí klôw ndrǔ léy dròdró ní sùkúl à déy ney màdhí bba ó nyò sàkounti ó nyò parish òluw ndanà à ká ley madhí nzòw chǔw nyǔ'wiy	1			Lendu	train	7.079433645308376		False	0.07482993197278909	False	4.063368465446169	0.3887218045112782	True
5ead05ed0317f78aa329e93b3f6c2b6c	65350	spontaneous-speech-led-65350.mp3	23688	6723	Li-djokpa ddǎdha djá dhò li-gwíydha mí klôw ndrr̀ ŋǎchú nyìdhí bba ó?	Bbalè jòwdha nà ndrǔ ngǔ ní nzòw sùkúl ò ndaní ndrǔ chǔw nyǔ'wiy bbalè jùw kídha nà nzòw djú sùkúl fǐz bbúdha mí lò nà bbalè dho lò dhòdha nà kpliy nyǔ'wiy ró lò tsìdha nà	1			Lendu	train	5.74130361364404		False	0.23809523809523814	False	3.587619666398592	0.12255639097744361	True
f1a9e65b853cca9c7a61a76ceeba58e2	65594	spontaneous-speech-led-65594.mp3	21636	6723	Li-djokpa ddǎdha djá dhò li-gwíydha mí klôw ndrr̀ ŋǎchú nyìdhí bba ó?	Ndrǔ íy bbalè wá déy ddǐngǎ ka těy lò nzòw dhò ì dho rà sòmù ò nì nzòw rǎ sòmù ò ì dho li dhokpa nà nì njí njèy nì ndrǔ njěy fú njí ì nì bǐzìnès njěy nì ndrǔ njěwò ní à nì jǐ à drŕ njí mí klôw màdhí bba ó	1			Lendu	train	7.071547420965058		False	0.19801980198019797	False	3.971814587264981	0.3300751879699248	True
830ccfbc3f4a54ceb8d849dbfe1b520f	66058	spontaneous-speech-led-66058.mp3	20016	6723	Li-djokpa ddǎdha djá dhò li-gwíydha mí klôw ndrr̀ ŋǎchú nyìdhí bba ó?	Li djùkpa ndèy nì ddǎnì li kà à těy cha li-gwiydha mí lò cha Ddrà cha nzòw à kà à rř fúli mí lò ndaní nzòw drŕ ì ìdhí dàrázà nà  ndaní nzòw rǎ sò ddí ì ró 'wíy nì nà fúnì chú rà dhò li-djùkpa ddàdha-dja nì nděngá dhǐ njey la ní bbakǎ ó	1			Lendu	train	9.092725819344524		False	0.14102564102564108	False	4.571892027356901	0.7022556390977444	False
9effd7faf8601b37182a0098bf1d23b2	66451	spontaneous-speech-led-66451.mp3	17100	6723	Li-djokpa ddǎdha djá dhò li-gwíydha mí klôw ndrr̀ ŋǎchú nyìdhí bba ó?	Fúli gwíy nzòw djá à mbǎ nzòw sòmù ò fuli rǎ ngéyngéy ní sùkùl òluw rà njà jùpónjí shì ná ŋà dìchú ddiy	1			Lendu	train	4.7368421052631575		False	0.040000000000000036	False	5.144446415579108	0.8992481203007519	False
f595d0e1832ceab8c935264c25968409	66453	spontaneous-speech-led-66453.mp3	17496	6723	Li-djokpa ddǎdha djá dhò li-gwíydha mí klôw ndrr̀ ŋǎchú nyìdhí bba ó?	À kà ndèy njǎ klô nà  ka ss̀ dhrǎzà dzà ndèy kâ ní nì ney nì bbakà ò luw à kà ndèy njǎ wá nì tuw nà ndèy mbà ngéyngéy ní nò cha à nì ndèy jǐ ligwíydha dhò nì bba ka ó	1			Lendu	train	7.030178326474624		False	0.20858895705521474	False	4.460134773044718	0.6360902255639098	False
c5df5911e2fe9c37bfe33b1deacd2a9c	63834	spontaneous-speech-led-63834.mp3	19296	6724	Ngèy tdràdha ɦuwdjò ní tuw ŋǎchú màdhí nzòw dhò?	Ngèy tdràdha ɦuwdjò ní tuw ŋǎchú màdhínzòw dho  Ngèy kwó nì nzòw tsotso à tsǐ njanja nì lò ndèymí ndruní lò nà ndèymí à bbú nì nga ddéydha nzòw dho ya ŋǎchú ì dho dey njitsò djò ddiy	1			Lendu	train	7.462686567164179		False	0.16201117318435754	False	3.846623144515613	0.2503759398496241	True
eea86ca8ea6b1af65157b06503a99e83	64220	spontaneous-speech-led-64220.mp3	19656	6724	Ngèy tdràdha ɦuwdjò ní tuw ŋǎchú màdhí nzòw dhò?	Ngèy tdràdha léy nì nzòw tsi nì màdhí pbúw ó lò nzòw tsi nì cha ndèy dà nì lò ndèy njèy ndèy chaddí cho má ndèy dànì nà à léy nì madhí nzòw déy nì nyǔ'wiy nà màdhí pbúw ró	1			Lendu	train	6.715506715506716		False	0.30952380952380953	False	3.631461335672656	0.14285714285714285	True
4690939abbaed200afffde0a457f0324	64443	spontaneous-speech-led-64443.mp3	20340	6724	Ngèy tdràdha ɦuwdjò ní tuw ŋǎchú màdhí nzòw dhò?	Ngèy tdràdha nì lǎní ddiydho à léy nì màdhí nzòw tsi nì ndèy dà nì lò ndèymí njanja nì lò nà à léy nì nzòw tsi nì ngèy tdradha ndèy mí à léy nì nzòw jùw déy nì klǒw	1			Lendu	train	6.1946902654867255		False	0.3416149068322981	False	3.4558437149279553	0.06842105263157895	True
da097b556a52dc7d273093cf8ce97abd	64619	spontaneous-speech-led-64619.mp3	22140	6724	Ngèy tdràdha ɦuwdjò ní tuw ŋǎchú màdhí nzòw dhò?	Ngèy tdràdha nì tǔw màdhí nzòw dho à léy nì nzòw ddí tsi ì dhí bbúw ó lò ó lò tdě ŋǎchú ndruní rwo nì mî à léy ndrǔ shi ngengéy ní bbúw ó ddi ndrǔ tsi fú lò ró lò	1			Lendu	train	5.510388437217705		False	0.18867924528301883	False	4.218016149210101	0.47293233082706765	True
69460059366eafce16269260ed3e45b0	64737	spontaneous-speech-led-64737.mp3	22968	6724	Ngèy tdràdha ɦuwdjò ní tuw ŋǎchú màdhí nzòw dhò?	À léy nì nzòw tsi nì pbúw ó lò à léy nì nzòw tsi nì bba ó lò à léy nì nzòw tsi nì njí njèydha mí tuw à léy nì nzòw tsi nì lǎní lò à léy nì nzòw tsi nì déydha lǎní ní nì ì kàóluw bbalè nà	1			Lendu	train	5.964820619993033		False	0.5027322404371585	True			False
789f537bcdf7638af5c97b59bc69a60d	64825	spontaneous-speech-led-64825.mp3	20268	6724	Ngèy tdràdha ɦuwdjò ní tuw ŋǎchú màdhí nzòw dhò?	Ngèy tdradha ɦuwdjò tǔwtǔw màdhí nzòw dho à nì ǐchú chú ndaní à léy màdhí nzòw tsǐ lò má ney ndèy tdè njěy kpawá ró ndruní nà nì ndaní à léy màdhí nzòw tsǐ dìchú ní nì màdhí lò-tsò má ka nì iy ndrǔló nà nì ndaní ndrǔ těy kà déy ddí chěy	1			Lendu	train	9.07835010854549		False	0.28326180257510725	False	4.374339474655625	0.58796992481203	True
f1a9e65b853cca9c7a61a76ceeba58e2	65503	spontaneous-speech-led-65503.mp3	18000	6724	Ngèy tdràdha ɦuwdjò ní tuw ŋǎchú màdhí nzòw dhò?	Ndrǔ tsǐ màdhí pbúw ó lò ndrǔ tsǐ ddu ya màdhí pbúw njey nì ddiy bbǔsdjú nga dhò ya ngǎ mà rà tdè ro mà wá nzòw ó nzòw ddí ndrǔ rà dey ddí fú lò tdrà	1			Lendu	train	6.277777777777778		False	0.18493150684931503	False	4.0771816591980015	0.39398496240601505	True
c5df5911e2fe9c37bfe33b1deacd2a9c	63787	spontaneous-speech-led-63787.mp3	17820	6725	Nyi ní ddu nà bbǔ bbú nga mí cayi mbrdha dhò?	Nyi ní ddu nà bbǔbbûnga mí chǎy mbrdha dhǒ bbǔbbûnga mí chǎy ma mbr nì làli nà  kwíy nà nyòya nà njàddí sâ nà tòkì nà cha ka bbû màdho nì	1			Lendu	train	5.948372615039282		False	0.17910447761194026	False	5.383315039760983	0.9413533834586466	False
8acb58a60c926b87d6f906bec0e3c36d	63995	spontaneous-speech-led-63995.mp3	11556	6725	Nyi ní ddu nà bbǔ bbú nga mí cayi mbrdha dhò?	Nyí ní ddu nà bbǔbbúnga mí shǎyi mbdha dhǒ? Ma nì kwíy nà,	1			Lendu	train	3.98061613014884		False	0.0	False	5.676026190681034	0.9729323308270676	False
21fb7f77ccb2d6989e98bcd4edf4c539	65025	spontaneous-speech-led-65025.mp3	23436	6725	Nyi ní ddu nà bbǔ bbú nga mí cayi mbrdha dhò?	Mà mbr nì làli nà mà mbr nì kwíy nà mà mbr nì shùkári nà ndèymí chǎy nà ndèymí ndr̀ss gyà nà fú nì nì chǎy mà mbr nì ndanà ní ddíy	1			Lendu	train	4.224270353302612		False	0.3464566929133859	False	4.864303286753877	0.8308270676691729	False
4690939abbaed200afffde0a457f0324	65183	spontaneous-speech-led-65183.mp3	11160	6725	Nyi ní ddu nà bbǔ bbú nga mí cayi mbrdha dhò?	Làliy, kwíy, ngǔrá ndèymí njàddí ddiy nà	1			Lendu	train	3.046594982078853		False	0.0	False	3.3426822815065855	0.0406015037593985	True
da097b556a52dc7d273093cf8ce97abd	65351	spontaneous-speech-led-65351.mp3	11988	6725	Nyi ní ddu nà bbǔ bbú nga mí cayi mbrdha dhò?	Mà nì lǎliy nà, mànì ndǐss̀ nà, mà nì mùchíelè nà ma nì	1			Lendu	train	3.5869202535869205		False	0.11538461538461542	False	6.607324210212268	0.9984962406015038	False
b60ffd663a6f4ea05bc69ef86c8ee3e8	65909	spontaneous-speech-led-65909.mp3	12240	6725	Nyi ní ddu nà bbǔ bbú nga mí cayi mbrdha dhò?	Ma tde nì làliy nà ma tde nì tòkì nà ma tde nì kwíy nà ndèymí ngǔrá nà djǔwdjǔw ní nì bbǔbbúnga mí shǎyi mbrdha dhò	1			Lendu	train	7.352941176470588		False	0.1964285714285714	False	4.61339836664717	0.7218045112781954	False
f1a9e65b853cca9c7a61a76ceeba58e2	65939	spontaneous-speech-led-65939.mp3	19188	6725	Nyi ní ddu nà bbǔ bbú nga mí cayi mbrdha dhò?	Làliy vòká  kwíy ngòwrá kalanga ndèymí tǔwnda má nyi nì bbǐnà	1			Lendu	train	2.6057952887221183	transcription-length	False	0.0	False	6.064761500168722	0.98796992481203	False
69460059366eafce16269260ed3e45b0	66077	spontaneous-speech-led-66077.mp3	8388	6725	Nyi ní ddu nà bbǔ bbú nga mí cayi mbrdha dhò?	Ma nì kwíy nà lǎliy nà làbòlo nà vùgá nà ddí	1			Lendu	train	4.053409632808775		True	0.12195121951219512	False			False
830ccfbc3f4a54ceb8d849dbfe1b520f	66399	spontaneous-speech-led-66399.mp3	18828	6725	Nyi ní ddu nà bbǔ bbú nga mí cayi mbrdha dhò?	Mà mbr nì shay kwíy nà mà mbr nì shây tsts nà ma mbr nì shây lǎliy nà ddí ma mbr nì shây mùshélè nà fú nyû mà chú léy nì njàddí sâ nà mà rónga tde nì dhúdhú màddí dhǐy ddí bbíy nì lǎní à léy nì	1			Lendu	train	7.754408328022095		False	0.2894736842105263	False	4.315131031200357	0.5548872180451128	True
5ead05ed0317f78aa329e93b3f6c2b6c	66542	spontaneous-speech-led-66542.mp3	19260	6725	Nyi ní ddu nà bbǔ bbú nga mí cayi mbrdha dhò?	Mà tsá pbǔpbú nga mí chǎy dho ma nì làli nà labolu mèddá kwí nà	1			Lendu	train	2.544132917964693	transcription-length	False	0.0	False	6.454829811919994	0.9962406015037594	False
9effd7faf8601b37182a0098bf1d23b2	66547	spontaneous-speech-led-66547.mp3	18900	6725	Nyi ní ddu nà bbǔ bbú nga mí cayi mbrdha dhò?	Bbǔbbú nga mí shǎy mbrdha dho ma nì làli nà ma nì kwí nà ma nì mèddá nà ma nì ngǒwra nà ma nì ngéyngéy ní nyû jì ma manì nyǔ nì	0			Lendu	train	5.079365079365079		False	0.24193548387096775	False	5.248896358854259	0.9203007518796993	False
8acb58a60c926b87d6f906bec0e3c36d	63897	spontaneous-speech-led-63897.mp3	16128	6726	Kawa bbiydha dhò màdhí bbalè mí lǎní déydha jì li ŋǎhcú màdhí bba ó?	Kǎwà bbìdha dhó màdhí bbalè mí lǎní deydha jì li ŋǎchú màdhí bba ó à léy nì màdhí bba ó bbalè chuw nì mbrr	1			Lendu	train	5.146329365079365		False	0.23300970873786409	False	3.180044753099557	0.02180451127819549	True
eea86ca8ea6b1af65157b06503a99e83	64367	spontaneous-speech-led-64367.mp3	20268	6726	Kawa bbiydha dhò màdhí bbalè mí lǎní déydha jì li ŋǎhcú màdhí bba ó?	À bbú nì dròdró ní mb bbalè dho à léy nì bbalè chuw nì mb zwěy à léy nì bbalè ss nì klǒw ní dza à léy nì nzòw ka gwíy nì màdhí bba ó	1			Lendu	train	4.835208209986185		False	0.2558139534883721	False	3.3411288270345088	0.039097744360902256	True
789f537bcdf7638af5c97b59bc69a60d	64417	spontaneous-speech-led-64417.mp3	22500	6726	Kawa bbiydha dhò màdhí bbalè mí lǎní déydha jì li ŋǎhcú màdhí bba ó?	Kǎwà bbiydha dho màdhí bba ó lò ró nga li aa ka mba nì màdho mbr Krismas dho nà nì ka mba nì mbr màdho ma ndanà mà dho àa skul fiz bbu nzòw dho ma cha ì shì rǎ nà nì mà njàddí sâ djò ya mbr ddèy  nyi nyi nì vé fú kǎwà rò sow nyi nì mbr mbr̀dha ní nyi ò kà tde nì djǔwdjǔw ddí lǎnì	1			Lendu	train	9.333333333333334		False	0.223826714801444	False	4.566854027026147	0.6969924812030075	False
da097b556a52dc7d273093cf8ce97abd	64807	spontaneous-speech-led-64807.mp3	20376	6726	Kawa bbiydha dhò màdhí bbalè mí lǎní déydha jì li ŋǎhcú màdhí bba ó?	Ddì à nyá nì màdho tdiytdiy ní njí rwo nì mî à nyá nì madho frǎnga mà kwó nì ndanà màdhí nzòw tsotso ndrǔ ra nì ndanà sòmù ò njàddí nì à léy nì ddí mà nyu nì lǎní nyû jì	1			Lendu	train	6.330977620730271		False	0.1807228915662651	False	3.7305355380450345	0.18345864661654135	True
4690939abbaed200afffde0a457f0324	65068	spontaneous-speech-led-65068.mp3	15588	6726	Kawa bbiydha dhò màdhí bbalè mí lǎní déydha jì li ŋǎhcú màdhí bba ó?	Sóyà bbìdha mbanì mà dhò mb à nì mà nyu nì ddíy à léy nì ndìnì nga ó bbalè shi nì màdhí bba ó	1			Lendu	train	4.4906338208878624		False	0.11111111111111116	False	4.139855796250366	0.42255639097744363	True
bb53c9cc38fe315d31ecd6251f4b4705	65155	spontaneous-speech-led-65155.mp3	23868	6726	Kawa bbiydha dhò màdhí bbalè mí lǎní déydha jì li ŋǎhcú màdhí bba ó?	Kǎwà bbìydha dho màdhí bbalè nì à chǔw ddǎwà à nì sš kǎwà ròluw nzánà kùkú kǎ kǎwà à nì kǎwà ngǔ lǎní njǎddî ka nì kǎwà klǐ, ka nì gbu, ka nì 'wiy lǎní à nì	1			Lendu	train	5.0695491871962455		False	0.22077922077922074	False	5.379555716936262	0.9398496240601504	False
21fb7f77ccb2d6989e98bcd4edf4c539	65190	spontaneous-speech-led-65190.mp3	20016	6726	Kawa bbiydha dhò màdhí bbalè mí lǎní déydha jì li ŋǎhcú màdhí bba ó?	Kǎwà bbìydha à dhiy nì à bbú nì mb, mb nà mà dho dza ss̀ fú mb nà mà dho pìkìpì dzz̀ fú mb nà mà dho ngéyngéy ní ddiy jì dzz̀ drǒ cha ndèy dho dhò màdhí bba nì dhǐy nì	1			Lendu	train	6.2949640287769775		False	0.23780487804878048	False	4.225960559931698	0.48120300751879697	True
830ccfbc3f4a54ceb8d849dbfe1b520f	65233	spontaneous-speech-led-65233.mp3	24228	6726	Kawa bbiydha dhò màdhí bbalè mí lǎní déydha jì li ŋǎhcú màdhí bba ó?	Kǎwà bbìydha léy nì mà chuw nì lǎní ddu djúddù kǎwà mí dhǐy ya mà nì njěy màdhí bbá ǐngá à léy nì sùkúl fǐz ddí shi nì nzǐ mà djòluw ddu djúddù kǎwà nì lǎní nì ddiy má cha à wánzà ndèy ndruní nì ddiy nì ndey fúnì chú à ley à kwó nì mà dhotso	1			Lendu	train	7.6357932970117215		False	0.2142857142857143	False	3.943130880537832	0.31203007518796994	True
5ead05ed0317f78aa329e93b3f6c2b6c	65301	spontaneous-speech-led-65301.mp3	23076	6726	Kawa bbiydha dhò màdhí bbalè mí lǎní déydha jì li ŋǎhcú màdhí bba ó?	À dho ley mà dho dey lèy ní mb nà màdhí bba dhìydha dhò à dho ley màdhí nzòw djú sùkúl fǐz bbúdha dho ngu ngǎ nì ddiy ní màdho à dho ley mà dho màdhí bba ss̀ lǎní dza dho dey ney mà kà luw	1			Lendu	train	6.196914543248396		False	0.32432432432432434	False	3.527708699242905	0.09774436090225563	True
f1a9e65b853cca9c7a61a76ceeba58e2	65532	spontaneous-speech-led-65532.mp3	23328	6726	Kawa bbiydha dhò màdhí bbalè mí lǎní déydha jì li ŋǎhcú màdhí bba ó?	Ndrǔ sš dza ndrǔ dzž pikipiki ndrǔ léy nzòw sǒ sòmu primari siniya bbǔwrà shì univasti ò nzòw chǔw ndanà dhǐy tdiytdiy nî à mbǎ lǎní nga màdhí bba ó à tdúw màdhí bba ɦǔwdjò ddí rǎ ndì	1			Lendu	train	6.344307270233196		False	0.09340659340659341	False	4.58249973515063	0.7097744360902256	False
69460059366eafce16269260ed3e45b0	65906	spontaneous-speech-led-65906.mp3	10728	6726	Kawa bbiydha dhò màdhí bbalè mí lǎní déydha jì li ŋǎhcú màdhí bba ó?	Ya mà mbr kǎwà ro à lêy nì mà déy nì vukavu ní mà ró nga nà ndèymí à mba nì mbr mà dhò	1			Lendu	train	5.87248322147651		True	0.1325301204819277	False			False
69460059366eafce16269260ed3e45b0	65906	spontaneous-speech-led-65906.mp3	10728	6726	Kawa bbiydha dhò màdhí bbalè mí lǎní déydha jì li ŋǎhcú màdhí bba ó?	Ya mà mbr kǎwà ro à léy  mà déy nì vukávu ní li-rónga nà ndèymí à mba nì mb mà dho	1			Lendu	train	5.686055182699478		True	0.06329113924050633	False			False
b60ffd663a6f4ea05bc69ef86c8ee3e8	66120	spontaneous-speech-led-66120.mp3	19620	6726	Kawa bbiydha dhò màdhí bbalè mí lǎní déydha jì li ŋǎhcú màdhí bba ó?	Kǎwà bbìdha dho ley màdhí bba dho ndèy ss̀ màdhí bba ó  mà dho dey mb nà màdhí nzòw à dho sòmù ddí à dho rà ru dròdró ní sòmù ò	1			Lendu	train	4.892966360856269		False	0.22580645161290325	False	3.854441423366011	0.256390977443609	True
9effd7faf8601b37182a0098bf1d23b2	66373	spontaneous-speech-led-66373.mp3	16596	6726	Kawa bbiydha dhò màdhí bbalè mí lǎní déydha jì li ŋǎhcú màdhí bba ó?	Kǎwà dho màdhí lǎní bbalè dhí déydha jì li nga ss̀dha nà, sěndè mbàdha nà màdhí bba ò	1			Lendu	train	4.097372860930345		False	0.13414634146341464	False	4.2120597669333195	0.4691729323308271	True
f595d0e1832ceab8c935264c25968409	66436	spontaneous-speech-led-66436.mp3	16776	6726	Kawa bbiydha dhò màdhí bbalè mí lǎní déydha jì li ŋǎhcú màdhí bba ó?	À léy nì mà chuw nì mbr à léy nì nzòw bbìydha drǎzà ò ddí tde nì ngǎ kpákpá à léy nì bbíy ní bbalè jì shi nì màdhí bbakà ó	1			Lendu	train	5.484024797329519		False	0.17647058823529416	False	3.7931548767807675	0.21127819548872181	True
8acb58a60c926b87d6f906bec0e3c36d	63943	spontaneous-speech-led-63943.mp3	16020	6727	Nyi njèy ní ddù děy nzá nyi rà ɦiy ní?	Nyi njey ní ddu děy nzá nyi rà ɦiy ní? Ma nzz nì Ddrà děy nzá mà rà ɦiy ní	1			Lendu	train	3.4332084893882646		False	0.19718309859154926	False	4.631599744874489	0.7293233082706767	False
21fb7f77ccb2d6989e98bcd4edf4c539	64538	spontaneous-speech-led-64538.mp3	27108	6727	Nyi njèy ní ddù děy nzá nyi rà ɦiy ní?	Mà nzz nì Ddrà àpbǒ mà rónga kúw tèy nga òluw ddudjúddù mà shì rǎ ɦíy mà e rà lò tsì ddíyà nzǐ mà ɦíy nì bu níchú fúddiy léy nì mà kwó nì Ddrà à pbǒ màdhí shínga rónga pbǔw bbǔbbú ní nga ò	1			Lendu	train	5.3120849933598935		True	0.1567567567567567	False			False
4690939abbaed200afffde0a457f0324	64848	spontaneous-speech-led-64848.mp3	13428	6727	Nyi njèy ní ddù děy nzá nyi rà ɦiy ní?	Děy nzá ma rà hiy ní ma nzz nì Ddrà à kwo ma tsotso matsá híydha ó ddiydhò kúw ó nga ó lò tsi nì ndèy nzǐ	1			Lendu	train	5.883229073577598		False	0.05882352941176472	False	5.1044412291281205	0.8902255639097745	False
5ead05ed0317f78aa329e93b3f6c2b6c	64955	spontaneous-speech-led-64955.mp3	18036	6727	Nyi njèy ní ddù děy nzá nyi rà ɦiy ní?	Ma gbú nì ma rónga ma nyu nì nga ma njúw nì nzòw tsò ka Ddrà nzz̀ ndrǔ nà ddǐnga ká mà ra nì hiy	1			Lendu	train	3.992015968063872		False	0.11827956989247312	False	4.314228695264942	0.5533834586466165	True
f595d0e1832ceab8c935264c25968409	65241	spontaneous-speech-led-65241.mp3	17388	6727	Nyi njèy ní ddù děy nzá nyi rà ɦiy ní?	Nzá děy ma rà ɦiy ní ma nyu nì zz ma tdra nì ngèy dùdú ní nzòw dho ma nzz nì Ddrà chú ma ra nì ɦiy ndùw ddíyà màtsá ra djò fúddiy dzzdjú	1			Lendu	train	5.923625488842879		False	0.12030075187969924	False	4.33090914814915	0.5609022556390978	True
3d6b646c1cb9130eb226ee4110f7995d	65324	spontaneous-speech-led-65324.mp3	17388	6727	Nyi njèy ní ddù děy nzá nyi rà ɦiy ní?	Ma nyu nì zz ma tey nì lò màtsá ngá nzòw nà mà nzz nì Ddrà ddǐngǎ  ma ká rà ɦiy fúddiy dzzdjú ndùw	1			Lendu	train	4.25580860363469		False	0.03157894736842104	False	3.888996432532237	0.27669172932330827	True
3d6b646c1cb9130eb226ee4110f7995d	65324	spontaneous-speech-led-65324.mp3	17388	6727	Nyi njèy ní ddù děy nzá nyi rà ɦiy ní?	Ma nyu nì zz ma tey nì lò màtsá nga nzòw nà mà nzz nì Ddrà ddìngǎ mà ká rà ɦiy fú ddiy dzzdjú ndùw	1			Lendu	train	4.25580860363469		False	0.03157894736842104	False	4.001161918516319	0.3533834586466165	True
789f537bcdf7638af5c97b59bc69a60d	65380	spontaneous-speech-led-65380.mp3	22248	6727	Nyi njèy ní ddù děy nzá nyi rà ɦiy ní?	Ya nzá mà rà hiy ní ma nyu nì ngísdjú nga mí zz aa ma ká Ddrà iy ya děy nzá ma íy Ddrà ní ma nì nzòw tsò njuw wá mà dǒw ndrú nà ddìnga ó mà rà lò těy ndrǔ nà aa fú ddiy dzzdjú mà ká à Ddrà iy mà ká rà ɦiy  à dzilíy djò	1			Lendu	train	7.146709816612729		False	0.18604651162790697	False	5.526421918914447	0.9593984962406015	False
830ccfbc3f4a54ceb8d849dbfe1b520f	65524	spontaneous-speech-led-65524.mp3	23328	6727	Nyi njèy ní ddù děy nzá nyi rà ɦiy ní?	Ma njúw nì mà tsá nzòw tsò ddìnga ó ya mà ngwò Ddra mí ngwo mà nì fú ngwo ngwǒ mí sâ ró manì fú nzòw tsò njuw màrà bbiydha piy mà rà dòw ddìnga-ó ya mà dòw ddìnga-ó mà nì Ddrà nzǐ fú nzòw ddí nì ngu rà hiy ì dhí dza ó	1			Lendu	train	7.030178326474623		False	0.2710280373831776	False	4.875337098498385	0.8338345864661654	False
f1a9e65b853cca9c7a61a76ceeba58e2	65707	spontaneous-speech-led-65707.mp3	15120	6727	Nyi njèy ní ddù děy nzá nyi rà ɦiy ní?	Ma tey nì lò màtsá fámìli nà mà rà njey ní dhǐy ró nì mà nzz mà ngwo nì ngwo mà nzz nì Ddrà ddíyàchú mà ra nì ɦiy	1			Lendu	train	5.621693121693121		False	0.1636363636363637	False	4.472895660450356	0.6443609022556391	False
eea86ca8ea6b1af65157b06503a99e83	65765	spontaneous-speech-led-65765.mp3	17028	6727	Nyi njèy ní ddù děy nzá nyi rà ɦiy ní?	děy nzá ma ɦiy ro ma ngwo nì ngwo ddìnga ó bbakà ó mà nzz nì Ddrà ddinga ó děy nzá mà hiy ro ndaní Ddrà bbǒ mà ronga wá màdhí dza ó	1			Lendu	train	5.813953488372094		False	0.1875	False	5.3482956694567845	0.9330827067669173	False
da097b556a52dc7d273093cf8ce97abd	65825	spontaneous-speech-led-65825.mp3	19476	6727	Nyi njèy ní ddù děy nzá nyi rà ɦiy ní?	Děy nzá ma rà ɦiy ddiy mà tdra nì ngèy nzòw nà mà gwo nì gwo mà nyu nì zz fúddiy dzzdjú mà ngú nì rà ɦiy mà ngû mà nzz nì Ddrà mà dzž ngá Ddrà mí nga nà mà  ɦiy nì	1			Lendu	train	6.212774697063052		False	0.2422360248447205	False	4.811003304876135	0.8097744360902256	False
b60ffd663a6f4ea05bc69ef86c8ee3e8	65904	spontaneous-speech-led-65904.mp3	17460	6727	Nyi njèy ní ddù děy nzá nyi rà ɦiy ní?	Ma gbú nì ma koko ya mà gbûw ma koko ddiy dzzdjú ma bbíy nì jǔw òluw cha lò má ngǎjìní mà dà ǒmaluw nì ma ngú nì Yesu ró jǔw iy fúddiy dzzdjú ma rà Ddrà dzz̀ ya ma sî Ddrà dzz̀dha fúddiy dzzdjú ddíyà ma rà ɦiy gudjò	2			Lendu	train	9.507445589919817		False	0.2688679245283019	False	4.574876027810346	0.7037593984962406	False
c5df5911e2fe9c37bfe33b1deacd2a9c	63857	spontaneous-speech-led-63857.mp3	20520	6728	Nyi njèy ní ddu ya nyì chǔw nyì nì njěy ddiy nì nzǐ nga thǒ ro?	Nyi njey ní ddu ya nyi chùw  nyi nì njěy nì ddíy nì nzǐ nga thǒ ro ma bba nì mí ddiy njèydha nà ma ngú nì rà ngéy ní ddiy njèy njàddí nga nà ma rà nì ddíyà ma rónga shù njǎddínga nà  kě ma ra nì bbiy ma bba nì mí ddiy njèydha	1			Lendu	train	8.235867446393762		False	0.32432432432432434	False	3.9004145516901896	0.2857142857142857	True
8acb58a60c926b87d6f906bec0e3c36d	63917	spontaneous-speech-led-63917.mp3	17280	6728	Nyi njèy ní ddu ya nyì chǔw nyì nì njěy ddiy nì nzǐ nga thǒ ro?	Nyi njey ní ddu ya nyi chùw nyi nì njěy nì ddiy nì nzǐ nga dhǒ rǒ? Ma nja nì Nigeriya dhí dzuw kpa	1			Lendu	train	4.340277777777778		False	0.09473684210526312	False	4.171167968593562	0.4406015037593985	True
21fb7f77ccb2d6989e98bcd4edf4c539	64286	spontaneous-speech-led-64286.mp3	22140	6728	Nyi njèy ní ddu ya nyì chǔw nyì nì njěy ddiy nì nzǐ nga thǒ ro?	Mà ra nì nyǔ'wiy zz̀ ngéy ní bbalè dè cha ney ì nì nyǔ'wiy nà nì ya mà chùw mànì njěy ngǎjìní ró ndení mà ngú ddíyà lǎnà ní lò njèy cha ŋà ndèy kâ nì cha ney ndèy dho màdhí djiy màdhí djiy rónga pbò lǎní nì	1			Lendu	train	7.181571815718157		False	0.17733990147783252	False	3.8493404545624568	0.25413533834586466	True
69460059366eafce16269260ed3e45b0	64560	spontaneous-speech-led-64560.mp3	14616	6728	Nyi njèy ní ddu ya nyì chǔw nyì nì njěy ddiy nì nzǐ nga thǒ ro?	Ma shu nì ma rónga swêy mí ddiy ró njàddí nga nà ma bba nì mí ddiy ya à ngû klǒw tǐ ro ndèymí ma dhíy nì ngéy ní bbalè mí ddiy ró	1			Lendu	train	6.6365626710454295		False	0.16666666666666663	False	4.445907567681166	0.630827067669173	False
4690939abbaed200afffde0a457f0324	64616	spontaneous-speech-led-64616.mp3	15840	6728	Nyi njèy ní ddu ya nyì chǔw nyì nì njěy ddiy nì nzǐ nga thǒ ro?	Ma ra nì filim njà ma dzúw nì dzuw ma ngwo nì ngwo ma ra nì dda 'wiy	1			Lendu	train	3.2196969696969697		False	0.19999999999999996	False	4.555084276409554	0.6879699248120301	False
da097b556a52dc7d273093cf8ce97abd	65521	spontaneous-speech-led-65521.mp3	23148	6728	Nyi njèy ní ddu ya nyì chǔw nyì nì njěy ddiy nì nzǐ nga thǒ ro?	Ya ma chùw ma nì njèy nì ddiy à nì nzǐ ma nyútey tho ddì nì  ma bba nì mí ddiy gu rwo nì mî ma ra nì rà bbiy nji gbow nì mî  ma chuw nì nji ngéyngéy ní nyǔ'wiy ma dyási dè luw nì tho nì mî ma ra nì ddròddró ní bbalè dè ndaní ndrǔ gwíy maka ko njí njèy à ká manyú te thò	1			Lendu	train	8.640055296353896		False	0.24060150375939848	False	4.06550180494723	0.39097744360902253	True
e75023469f03884aa6b979a6eeb811c2	65559	spontaneous-speech-led-65559.mp3	16488	6728	Nyi njèy ní ddu ya nyì chǔw nyì nì njěy ddiy nì nzǐ nga thǒ ro?	Ma déy bbalè kǎ ma njúw ma bbalè nà ma déy bbalè nà ndaní nzǐ ma déy lò ddéydha nà kiyele ma jùw ò ddudhò mí lò dho à jì ma déy bbalè má ney ma rr lò nì ma déy ddǐnga ndaní à ngǔ madhò lò chow	1			Lendu	train	8.794274623968947		False	0.28042328042328046	False	4.351619561047477	0.575187969924812	True
b60ffd663a6f4ea05bc69ef86c8ee3e8	65728	spontaneous-speech-led-65728.mp3	10260	6728	Nyi njèy ní ddu ya nyì chǔw nyì nì njěy ddiy nì nzǐ nga thǒ ro?	Ma dow nì gudjò ma nzz nì Ddra Ddra kwó ma tsotso fú ddiy dzzdjú ddù ma ngú nì màtsá dhǐy tsò nga ma rà chuw ddí yà ma tsá dhǐy nì bbiy ney lǎní	1			Lendu	train	10.721247563352827		True	0.14184397163120566	False			False
9effd7faf8601b37182a0098bf1d23b2	65820	spontaneous-speech-led-65820.mp3	17640	6728	Nyi njèy ní ddu ya nyì chǔw nyì nì njěy ddiy nì nzǐ nga thǒ ro?	Ya ma chùw ma nì njey nì ddiy nì nga tho nzǐ  ro ma ra nì ma dyási dè ra dhiy nyi njey nì ná i ddiy ŋà ní ní í ddiy ma vi ná njèy ŋà ní ní?	1			Lendu	train	5.668934240362812		False	0.25	False	4.819768214493317	0.8120300751879699	False
bb53c9cc38fe315d31ecd6251f4b4705	65894	spontaneous-speech-led-65894.mp3	19728	6728	Nyi njèy ní ddu ya nyì chǔw nyì nì njěy ddiy nì nzǐ nga thǒ ro?	Mà nyu nì nga ma nyu nì zz ma njey nì ddiy ma njey nì ddiy wá nì cha à kà ma njey nì fú ddiydho ma njey nì fú dhǐy	1			Lendu	train	4.257907542579075		False	0.42342342342342343	False	3.9045476820559846	0.28721804511278193	True
eea86ca8ea6b1af65157b06503a99e83	65999	spontaneous-speech-led-65999.mp3	18900	6728	Nyi njèy ní ddu ya nyì chǔw nyì nì njěy ddiy nì nzǐ nga thǒ ro?	Ya ma chùw ma nì njěy nì ddiy nì nzǐ nga thǒ ro mara tdè bbò mà nja nì mídìya ó lò njà ddí sǎ nà mà bba nì fú ddiy njèydha nà	1			Lendu	train	4.92063492063492		False	0.11475409836065575	False	4.095086989451441	0.40150375939849625	True
5ead05ed0317f78aa329e93b3f6c2b6c	66072	spontaneous-speech-led-66072.mp3	25308	6728	Nyi njèy ní ddu ya nyì chǔw nyì nì njěy ddiy nì nzǐ nga thǒ ro?	Ma ra nì hiy híy ní ndaní ma djòkpa nga shǔ njàddí sâ nà ma ra nì ma dyási kàò mà rǎ dzudzuw njàddí sâ nà cha nzǐ ndèy nì nga thǒ madhò nì lò ma ra nì mí ddéydha chùw ma dyǎsi dè	0			Lendu	train	5.334281650071124		True	0.19428571428571428	False			False
f1a9e65b853cca9c7a61a76ceeba58e2	66226	spontaneous-speech-led-66226.mp3	24948	6728	Nyi njèy ní ddu ya nyì chǔw nyì nì njěy ddiy nì nzǐ nga thǒ ro?	Mà kwó nì mà dyási mà dow nì ndrǔ nà mà rà màdhí ddeydha bbu mà rà ǒnga mèy cha nzá à kâ mí nga óddù mà rà bbà cha ŋà à kâ nî mà rà dhǐy njèy ì ní à kwó mà tsotso màdhí tdiytdiy ní lò ó ya nzá mà djùkpa dèy chěy ro	1			Lendu	train	6.373256373256373		False	0.1943127962085308	False	4.908415129468774	0.8421052631578947	False
830ccfbc3f4a54ceb8d849dbfe1b520f	66357	spontaneous-speech-led-66357.mp3	19368	6728	Nyi njèy ní ddu ya nyì chǔw nyì nì njěy ddiy nì nzǐ nga thǒ ro?	À rà ngu jì ma rǎ ma dyási dè ma rǎ nyǔ'wiy chùw à dè ddù à chú dhǒ ndèy madhò na ma vi dey njěy nì fúddiy nzǐ ka njey nì fù ní ní fúddiy kanjeynì ì ní ní ní à chú rà dho ndèy madhò nyǔ'wiy ma cha à nì ndanà nì fúddiy njèydha mî ró chú à rà ngu ley marà fú ddiy njey ddiyà lǎní	1			Lendu	train	10.790995456422964		False	0.281021897810219	False	4.3606673795712325	0.5781954887218045	True
f595d0e1832ceab8c935264c25968409	66644	spontaneous-speech-led-66644.mp3	17676	6728	Nyi njèy ní ddu ya nyì chǔw nyì nì njěy ddiy nì nzǐ nga thǒ ro?	Ya ma nì njey nì ddiy nì  nzǐ nga tho ro ma dhíy nì ddeydha ma dyási ngéyngéy nì dè mà ra nì lò tey ngéyngéy nì mèy ma dyási dè cha ndèy mbr fú ddiy rónga nì ndaní à pǔ madhò tuwtsò fúddiy njèydha mî	0			Lendu	train	8.65580448065173		False	0.2551020408163265	False	3.9474951161656713	0.3165413533834586	True
c5df5911e2fe9c37bfe33b1deacd2a9c	63870	spontaneous-speech-led-63870.mp3	18540	6729	Nyi njèy ní ddu ya djì nì kwò ro?	Nyi njey ní ddu ya dji nì kwo ro? Ya dji nì kwo ro ma ri nì dda à chǔw njàddî ma ngbú nì rù njàddí nga nà  kě ma ɦíy nì ma shu mà rónga ya dji nì kwo ro	1			Lendu	train	5.98705501618123		False	0.24832214765100669	False	4.220741538781672	0.47518796992481205	True
eea86ca8ea6b1af65157b06503a99e83	64296	spontaneous-speech-led-64296.mp3	22860	6729	Nyi njèy ní ddu ya djì nì kwò ro?	Ya ji nì kwó ro ma mbr nì chǎy ma rr nì ngwo madho nì kàss ma ngwo nì ngwo mà dow nì ddìnga mǎngà dzá nì bbalè nà	1			Lendu	train	3.718285214348207		False	0.19090909090909092	False	4.525510671305806	0.6684210526315789	False
69460059366eafce16269260ed3e45b0	64408	spontaneous-speech-led-64408.mp3	13716	6729	Nyi njèy ní ddu ya djì nì kwò ro?	Ma nja nì vǐdio, Ma nja nì TikTok ma híy nì híydha ní, madéy nì déydha ní, ma nyu nì nyǔ ma bbi nì nza	1			Lendu	train	5.68678915135608		False	0.24242424242424243	False	4.905302156048684	0.8413533834586466	False
9effd7faf8601b37182a0098bf1d23b2	64457	spontaneous-speech-led-64457.mp3	16668	6729	Nyi njèy ní ddu ya djì nì kwò ro?	Ma ddu nì ddù ní ji nì kwó ro ma léy nì tokì gi madjú ndaní nzǐ ji dhěy ma	1			Lendu	train	3.299736021118311		False	0.04225352112676062	False	6.532040953938646	0.9977443609022556	False
da097b556a52dc7d273093cf8ce97abd	64909	spontaneous-speech-led-64909.mp3	19656	6729	Nyi njèy ní ddu ya djì nì kwò ro?	Ya dji nì kwó ro ma rri nì zz lǎ ní chù nà ma nyǔ nì rwo nì mî ma rri nì chay fu ddiy dzzjú ma mbrř gbow nì mî mà tdra nì ngèy mà dyási nà to nì mî ma híy nì híy ní	1			Lendu	train	6.1050061050061055		False	0.2098765432098766	False	5.217543215174572	0.9142857142857143	False
bb53c9cc38fe315d31ecd6251f4b4705	65275	spontaneous-speech-led-65275.mp3	19296	6729	Nyi njèy ní ddu ya djì nì kwò ro?	Mà mà njey nì ddiy nì mà tdow nì màdhí nyû-tsi cha dji mí sâ nà à ká dey ndaní lǎní à ká ngà ndèy ró klôw nà à ká 'wò ddí lǎní ndaní à ká mà tsotso kwo	1			Lendu	train	5.856135986733002		False	0.20945945945945943	False	3.8727129286249364	0.2661654135338346	True
e75023469f03884aa6b979a6eeb811c2	65400	spontaneous-speech-led-65400.mp3	18216	6729	Nyi njèy ní ddu ya djì nì kwò ro?	Ddǔddù ní dzá à jì nǔ ma ddǔ nú ddù ní dzá ka chùw ma ddù nú ke ya à chùw ma rútsò djú ro à jì ma měy wá nì tuw jì à jì ma kǒw kòw ní kpe ma ngú ma bbâ ma ngú rà fú ji rù nji ma bbâ fú nì chú ndèymí ji nì kwó ro màtsá ma tde nì fǔchú pbò ma ngú dey nú ma bbâ	1			Lendu	train	10.21080368906456		False	0.25098039215686274	False	6.2823301192805445	0.9932330827067669	False
830ccfbc3f4a54ceb8d849dbfe1b520f	65657	spontaneous-speech-led-65657.mp3	23508	6729	Nyi njèy ní ddu ya djì nì kwò ro?	Ya dji nì kwó ro ma kpi tǔwtǔw ní rù mà njàddí sâ ró ya dji nì kwo ró ma ɦíy nì nú ɦíy ní dji nì kwo lèy mí sâ ró njàddí sâ djò ma ra nì kàss mà dhò ma nì kàss dhǒ chú ma rónga nì lǎní nga chǔw ndùw	1			Lendu	train	6.210651693040667		False	0.28717948717948716	False	4.419316653514726	0.6150375939849624	False
f595d0e1832ceab8c935264c25968409	65750	spontaneous-speech-led-65750.mp3	20340	6729	Nyi njèy ní ddu ya djì nì kwò ro?	Ya ma nì sǒkǒ ro ma pbo nì ǒnga danì à nì kwo lèy ro ya ma nì bbakǎ ma ddu nì ddùdha ní ya ma nì ddùkánì ó ro ma pbo nì pbǔw cha à rà dà mí nga nà	1			Lendu	train	5.2114060963618485		False	0.23076923076923073	False	5.7553111022236365	0.9766917293233083	False
f1a9e65b853cca9c7a61a76ceeba58e2	65787	spontaneous-speech-led-65787.mp3	16416	6729	Nyi njèy ní ddu ya djì nì kwò ro?	Ma nja nì TV ma downì nwangu ma nì matsá  njàddí ddùddú ní lò tsò njúw ro ma ddu nì ddu	1			Lendu	train	4.02046783625731		False	0.08333333333333337	False	5.610468468464607	0.9669172932330827	False
c5df5911e2fe9c37bfe33b1deacd2a9c	63871	spontaneous-speech-led-63871.mp3	22248	6730	Nyi léy ní nyi ngá bba ónga à déy lǎní ŋǎchú?	Nyi léy ní nyǐnga bba ó nga déy lǎní ŋǎchú ma léy nì ma bba nga déy lǎní dza rónga kpàdha nà dza kàónga tsùwdha nà ndèymí bbakà ó nò tsò njúwdha nà à déy ddŕ ddìnga ó	1			Lendu	train	5.843221862639338		False	0.23170731707317072	False	3.9198695968384447	0.29849624060150376	True
8acb58a60c926b87d6f906bec0e3c36d	63976	spontaneous-speech-led-63976.mp3	12420	6730	Nyi léy ní nyi ngá bba ónga à déy lǎní ŋǎchú?	Nyi léy ní nyǐngá bba ónga déy ní lǎní ŋǎchú? ma tsuw nì tsùwdha ní	1			Lendu	train	4.26731078904992		False	0.046875	False	3.738373882371835	0.18947368421052632	True
789f537bcdf7638af5c97b59bc69a60d	64375	spontaneous-speech-led-64375.mp3	21888	6730	Nyi léy ní nyi ngá bba ónga à déy lǎní ŋǎchú?	Bba ónga à déy lǎní à nì jǐ bbǔbbú nga nà nyi ngbí nyi nyi tsǔw bba kǎó nga bba ónga à déy lǎní à ji ddiy má ney ndèy nà nì dzá nì tsòw à déy ddǐngǎ nzǐ ddiy ká dey dhǎ dzá dzá ngòluw bba ónga léydha à déy lǎní kà nì jǐ nyi thǐ wánì ddiy kà déy ndèy rr̀dja òluw ndèy rr̀dja òluw ndèy nì ngǎ lǎnà nì	1			Lendu	train	10.370979532163744		False	0.37966101694915255	False	4.3938905659951955	0.6015037593984962	False
4690939abbaed200afffde0a457f0324	65146	spontaneous-speech-led-65146.mp3	18576	6730	Nyi léy ní nyi ngá bba ónga à déy lǎní ŋǎchú?	Nyǐngá bba dho dey lǎní nyi nì sòrónì nà dda-dzà nà ndèymí nyi tsǔw bba ónga lǎní nyi pwǒ rǒnga nyǐngá bba rà dey lǎní	1			Lendu	train	5.060292850990526		False	0.23478260869565215	False	4.2436550733726435	0.49774436090225566	True
b60ffd663a6f4ea05bc69ef86c8ee3e8	65596	spontaneous-speech-led-65596.mp3	13716	6730	Nyi léy ní nyi ngá bba ónga à déy lǎní ŋǎchú?	Ma tsuw nì màtsá ngá bba wánì sâ djú ma léy nì ǒnga déy ngbá sòrónì sàkátì wánì ddiy à déy ney cha ndèy dho mà tsotso kwo nì	1			Lendu	train	6.999125109361329		False	0.07438016528925617	False	3.637512256854545	0.14511278195488722	True
f1a9e65b853cca9c7a61a76ceeba58e2	65662	spontaneous-speech-led-65662.mp3	19836	6730	Nyi léy ní nyi ngá bba ónga à déy lǎní ŋǎchú?	Ma nì bbǎkǎ nga kpǎ ma nì dza rónga pwǒ ma nì bbayi djúnga tsǔw ma nì dza rónga klǎ ma nì dzá nga thǐ lǎnà ma  nì dzá nga uw ma nì dzá nì ddiy nyú tey kpǐy	1			Lendu	train	5.847953216374268		False	0.375	False	5.435005875873052	0.9496240601503759	False
69460059366eafce16269260ed3e45b0	65674	spontaneous-speech-led-65674.mp3	9540	6730	Nyi léy ní nyi ngá bba ónga à déy lǎní ŋǎchú?	Dzánga klàdha nà lǎna dza rónga pwòdha nà wá nì nga òluw	1			Lendu	train	4.716981132075471		True	0.1132075471698113	False			False
21fb7f77ccb2d6989e98bcd4edf4c539	65736	spontaneous-speech-led-65736.mp3	22068	6730	Nyi léy ní nyi ngá bba ónga à déy lǎní ŋǎchú?	Mà bba ó nga mà léy nì à déy nì shú bbò ní lò teydha nà nyù déy ney ddiy nà lò tsò njúwdha nà wá nì sâ nà ndeyní màdhí bba ó nga à déy shú lǎní ndèy chùw ddiy nà	1			Lendu	train	5.43773790103317		False	0.22784810126582278	False	4.011684603793307	0.3609022556390977	True
830ccfbc3f4a54ceb8d849dbfe1b520f	65982	spontaneous-speech-led-65982.mp3	17460	6730	Nyi léy ní nyi ngá bba ónga à déy lǎní ŋǎchú?	Màtsá bba ónga ma léy nì à déy lǎní ya ma vìdey rǒnga thǐy ma thi nì fú dza rónga mà wá à déy lǎnì ma nì lǎní dza mà sš ndeyní  màtsá dza déy lǎní dddudjú ddù ddiy má ndèy njanì ndèy lǎní ní nì à tdè nì nú lǎní bbalè nyú djú	1			Lendu	train	9.79381443298969		False	0.2432432432432432	False	4.335825859931235	0.5646616541353383	True
eea86ca8ea6b1af65157b06503a99e83	66215	spontaneous-speech-led-66215.mp3	17748	6730	Nyi léy ní nyi ngá bba ónga à déy lǎní ŋǎchú?	Ma léy nì mǎngá bba ó nga déy lǎní tsùwdha nà ya ma tsùw à nì lǎní ma pwo nì pwò ní nì ddí ney ma kla nì dzánga ney ndaní mǎngá bba ó nga njǎ ndèy lǎní	1			Lendu	train	6.423258958755916		False	0.22972972972972971	False	4.368012439913209	0.5849624060150376	True
9effd7faf8601b37182a0098bf1d23b2	66361	spontaneous-speech-led-66361.mp3	18756	6730	Nyi léy ní nyi ngá bba ónga à déy lǎní ŋǎchú?	Ma léy nì màtsá ngá bba ónga à déy lǎní bba ónga thìdha nà bba ónga tsùwdha nà bba ónga klàdha nà bba ónga údha nà	1			Lendu	train	4.745148219236511		False	0.39639639639639634	False	3.400687340105977	0.05714285714285714	True
f595d0e1832ceab8c935264c25968409	66397	spontaneous-speech-led-66397.mp3	16128	6730	Nyi léy ní nyi ngá bba ónga à déy lǎní ŋǎchú?	Ma léy nì mǎ ngá bba ónga déy lǎní tsùwdha nà dza kàtéy nga pwodha nà dzá nga gbúdha nà ndèymí dza rónga kpadha nà	1			Lendu	train	5.580357142857143		False	0.18918918918918914	False	4.18370516629616	0.4488721804511278	True
3d6b646c1cb9130eb226ee4110f7995d	66513	spontaneous-speech-led-66513.mp3	17928	6730	Nyi léy ní nyi ngá bba ónga à déy lǎní ŋǎchú?	Bba léydha lǎní nì bba rónga kpàdha dza rónga klàdha Dzá-nga klàdha cha hôw bbùw ndèy dho dji-ddà ley nì ddiy déy ngǎ	1			Lendu	train	5.298973672467648		False	0.1578947368421053	False	5.179137947633318	0.9067669172932331	False
5ead05ed0317f78aa329e93b3f6c2b6c	66605	spontaneous-speech-led-66605.mp3	20160	6730	Nyi léy ní nyi ngá bba ónga à déy lǎní ŋǎchú?	Ma léy nì bba ó nga à déy ò ní lǎní nga thìdha na ɦów bbì bbídha à déy ney tàndalu thìdha nà nò léydha mî ngiy cha ney ka dho ndanà bongú ɦay nì	1			Lendu	train	5.456349206349207		False	0.15602836879432624	False	5.2327667106902656	0.9187969924812031	False
c5df5911e2fe9c37bfe33b1deacd2a9c	63832	spontaneous-speech-led-63832.mp3	20268	6731	Děy nzá nyi bba nyi ngá dzà bbu nga nà ní nyi njèy ní ddu?	Děy nzá nyi bbà nyǐngá dza ní nyi njey ní ddu? Bbǔbbú nga nà ma tsuw nì bbayi djúnga ma mbr nì shayi fúddiy dzzdjú ma gbú nì ma rónga kónóchú ma bba nì ma bbá nga	1			Lendu	train	6.216696269982238		False	0.1383647798742138	False	4.2798869783371565	0.5255639097744361	True
da097b556a52dc7d273093cf8ce97abd	64169	spontaneous-speech-led-64169.mp3	19188	6731	Děy nzá nyi bba nyi ngá dzà bbu nga nà ní nyi njèy ní ddu?	Děy nzá ma bbà màtsá dza bbǔbbú ma thi nì ma ɦíy nì mí nga lǎní matsuw nì dzánga ma klo nì ndrr̀ dzá ddù ma tsuw nì bbay djú nga  ma rr nì chǎy ma mbr	1			Lendu	train	5.889097352511987		False	0.1496598639455783	False	4.764273141713955	0.7909774436090226	False
b60ffd663a6f4ea05bc69ef86c8ee3e8	64725	spontaneous-speech-led-64725.mp3	25236	6731	Děy nzá nyi bba nyi ngá dzà bbu nga nà ní nyi njèy ní ddu?	Ma ngbíy nì ma bbǔbbunga nà brr̀ ma kow nì nji nza bbì njitsò djú fúddiy dzzdjú ma ngúnì ngu ma ngúnì nzòw cho ndrǔ rǎ sòmù ò fúddiy dzzdjú ma ndonì dhǐy kà kà ndrǔ njěy bba kǎ ndrǔ njěy dhǐy fúddiy dzzdjú ddíyà ma ra nì ma rónga gbu ma rà rà màtsá ófìs ò dhǐy njèy	1			Lendu	train	8.202567760342367		True	0.2824427480916031	False			False
5ead05ed0317f78aa329e93b3f6c2b6c	65048	spontaneous-speech-led-65048.mp3	23796	6731	Děy nzá nyi bba nyi ngá dzà bbu nga nà ní nyi njèy ní ddu?	Ma ngbí nì ma bbǔwbbúw ma nyúddà gbu njǐ ma tsuw nì bbayi djú nga wá à déy ngbá ma ka nì dda líylíy ka bbu nzòw dho ndrǔ mbr ka dzź tsò tà ka bbiydha tà ka rà màtsá ngá nza mí dhǐy ò	1			Lendu	train	5.8413178685493365		False	0.09444444444444444	False	5.38518566939789	0.9421052631578948	False
830ccfbc3f4a54ceb8d849dbfe1b520f	65154	spontaneous-speech-led-65154.mp3	17460	6731	Děy nzá nyi bba nyi ngá dzà bbu nga nà ní nyi njèy ní ddu?	Njàddí sáwà ó ma bba nì nú à dho njà ddí kě ma ngú tdrà ma à dzždha nà  fú nì chú léy ndey ddí yà ma ji nì nzǐ ma sǎ ma bbalè nà wá fú lò kà ó ddù ddiy dzzdjú à rà ngu djì mà déy bbalè ddí lǎní mà kà ó	1			Lendu	train	8.419243986254296		False	0.1507537688442211	False	4.528437531648176	0.6736842105263158	False
69460059366eafce16269260ed3e45b0	65244	spontaneous-speech-led-65244.mp3	10836	6731	Děy nzá nyi bba nyi ngá dzà bbu nga nà ní nyi njèy ní ddu?	Ma tsúw nì dza ó nga ma thi nì dza rónga  ma gbú nì ru ma kla nì soronì ó nga	1			Lendu	train	5.167958656330749		True	0.17567567567567566	False			False
789f537bcdf7638af5c97b59bc69a60d	65490	spontaneous-speech-led-65490.mp3	21420	6731	Děy nzá nyi bba nyi ngá dzà bbu nga nà ní nyi njèy ní ddu?	Nzá ma bbà mà nzángá bba bbǔbbú nga nà ní ma njey nì lò tde nì i ma shì rútsò djò à ji ma tsǔw lěylá djúnga à à dzá nga ma tsǔw à à ma tdúw drr ma mbǎ wǎtò wánì lòtsò bbǎkǎ nì ma njúw ya ŋà ma sî fú lò ro chú ma rà bbiydha pì	1			Lendu	train	7.796451914098972		False	0.14414414414414412	False	5.657071633259938	0.9706766917293234	False
4690939abbaed200afffde0a457f0324	65655	spontaneous-speech-led-65655.mp3	14688	6731	Děy nzá nyi bba nyi ngá dzà bbu nga nà ní nyi njèy ní ddu?	Ma tsuw nì bba kǎ nga ndèymí dzá nga nà ma bbú nì shǎyi nzòw mb nì luwtéy ma ta nì dzíy-tsò	1			Lendu	train	4.765795206971678		False	0.07954545454545459	False	5.107119048950782	0.8917293233082707	False
21fb7f77ccb2d6989e98bcd4edf4c539	65946	spontaneous-speech-led-65946.mp3	21636	6731	Děy nzá nyi bba nyi ngá dzà bbu nga nà ní nyi njèy ní ddu?	Ma ú nì ma nyú tey fú nga dzzdjú ma bba nì fú bbalè rà nyù ma dzzdjú ní nyû fú nga dzzdjú ma dho nì ma ra ngu ndanà ní sáwà fú nga dzzdjú ma ta nì bbiydha ka rà	1			Lendu	train	5.546311702717693		False	0.3121019108280255	False	4.297441615704853	0.5390977443609023	True
bb53c9cc38fe315d31ecd6251f4b4705	66022	spontaneous-speech-led-66022.mp3	17388	6731	Děy nzá nyi bba nyi ngá dzà bbu nga nà ní nyi njèy ní ddu?	Ma ra nì nza ò ma ra nì mà tsá nga nza ò ma ra nì nyû bbì ma njey nì dhǐy wǎtò  à ká madhò klòw bbu	1			Lendu	train	4.083275822406256		False	0.21875	False	4.769765154945445	0.793233082706767	False
eea86ca8ea6b1af65157b06503a99e83	66096	spontaneous-speech-led-66096.mp3	20700	6731	Děy nzá nyi bba nyi ngá dzà bbu nga nà ní nyi njèy ní ddu?	Děy nzá ma bbà ma nga dza bbǔwbbúw nga nà ní ma nzz nì Ddrà dzá ya ma shì rútsò djò ro ma ddá nì mèyá kpà rútsò djò dzá óddù ma tsuw nì dzá nga ma tsuw nì bbay djú nga	1			Lendu	train	6.086956521739131		False	0.2195121951219512	False	5.297703309047824	0.9278195488721804	False
9effd7faf8601b37182a0098bf1d23b2	66235	spontaneous-speech-led-66235.mp3	16668	6731	Děy nzá nyi bba nyi ngá dzà bbu nga nà ní nyi njèy ní ddu?	Děy nzá ma bbà ma tsá ngá dza bbùbbú nga nà ní ma tsuw nì dzánga ma ta nì dzźtsò gbělé ma ra nì ma nì ra mí nga ò	1			Lendu	train	5.099592032637389		False	0.18018018018018023	False	5.156131264044762	0.9007518796992481	False
3d6b646c1cb9130eb226ee4110f7995d	66529	spontaneous-speech-led-66529.mp3	17928	6731	Děy nzá nyi bba nyi ngá dzà bbu nga nà ní nyi njèy ní ddu?	Ma dhíy nì ma kutsó ndèynì li rónga ma mbrr nì chǎy ma chó nì nzòw à rǎ òní sòdha dzà ò ndaní ndrǔ rǎ nyǔ'wiy chùw	1			Lendu	train	4.908522980812137		False	0.04504504504504503	False	4.427126106716416	0.618796992481203	False
c5df5911e2fe9c37bfe33b1deacd2a9c	63808	spontaneous-speech-led-63808.mp3	16236	6732	Nyi njèy ní ddu ya nyi nza ro?	Nyi njey ní ddu ya nyi nzà ro? ma bíy nì mùpírà ma dzúw nì sòrŕ ma kow nì ngow ya ma nzà ro	1			Lendu	train	4.249815225424982		False	0.1348314606741573	False	4.76779993832362	0.7924812030075188	False
8acb58a60c926b87d6f906bec0e3c36d	63986	spontaneous-speech-led-63986.mp3	12060	6732	Nyi njèy ní ddu ya nyi nza ro?	Nyi njey ní ddu ya nyi nzà ro? Ma nja nì Nigeria dhí dzuw-kpà	1			Lendu	train	3.980099502487562		False	0.017241379310344862	False	4.056037681402843	0.38345864661654133	True
789f537bcdf7638af5c97b59bc69a60d	64860	spontaneous-speech-led-64860.mp3	20520	6732	Nyi njèy ní ddu ya nyi nza ro?	Ya ma nzà ró ma ra nì ɦiy ɦíydha ní ya ma nzà ro ma ra nì bbiy ma dyási dè ya ma nzà ró ma ra nì sìnémà mà njà ma nyúddà tsàdha dhò ya ma nzà ro ma dow nì nǔ ma rřdjǎ ngǎ ddiy má ma nì njěy nì dho	1			Lendu	train	7.0662768031189085		False	0.3298969072164949	False	4.732582681905226	0.7766917293233083	False
f595d0e1832ceab8c935264c25968409	65323	spontaneous-speech-led-65323.mp3	15588	6732	Nyi njèy ní ddu ya nyi nza ro?	Ya ma rónga nza ró ma dow nì nji bbò ma ú nì dda ma mbr nì dda líylíy fú nga dzzdjú	1			Lendu	train	3.9774185270721065		False	0.15000000000000002	False	4.923389482676409	0.8481203007518797	False
eea86ca8ea6b1af65157b06503a99e83	65333	spontaneous-speech-led-65333.mp3	18540	6732	Nyi njèy ní ddu ya nyi nza ro?	Ya ma nzà ro ma gbú nì ma rónga ma mbr nì shǎyi njàddí sǎnà ma ddu nì ddu ddí ney ya ma nì ma zǎnga mbǔ děy fú nzà nì ney ma ró ddiy ro	1			Lendu	train	5.393743257820928		False	0.21212121212121215	False	4.719140122135406	0.7684210526315789	False
4690939abbaed200afffde0a457f0324	65617	spontaneous-speech-led-65617.mp3	8316	6732	Nyi njèy ní ddu ya nyi nza ro?	Ma shu nì ma rónga ma ra nì ɦiy	1			Lendu	train	2.7657527657527656	transcription-length	True	0.1071428571428571	False			False
69460059366eafce16269260ed3e45b0	65693	spontaneous-speech-led-65693.mp3	15156	6732	Nyi njèy ní ddu ya nyi nza ro?	Ma mbr nì shǎyi ma dzúw nì lǔddò njàddí nga nà ma dzúw nì mùpírà njàddí nga rò chú ma nja nì tíktòk ndèymí vǐdìo nà	1			Lendu	train	5.938242280285035		False	0.1875	False	4.2075290818240765	0.46541353383458645	True
b60ffd663a6f4ea05bc69ef86c8ee3e8	66026	spontaneous-speech-led-66026.mp3	16416	6732	Nyi njèy ní ddu ya nyi nza ro?	Ya ma nzà ro ma shu nì ma rónga njàddî ya ma nzà ro ma mbr nì dda líylíy à ká ma tsotso kwo màtsá nzà ró	1			Lendu	train	4.751461988304094		False	0.18811881188118806	False	3.893509638348862	0.2819548872180451	True
830ccfbc3f4a54ceb8d849dbfe1b520f	66068	spontaneous-speech-led-66068.mp3	21168	6732	Nyi njèy ní ddu ya nyi nza ro?	Ya ma nzà lèy njàddí sǎ djò ma mbr nì shǎyi ya ma mbr shǎyi ro ma nì rǎ bàr djò exasis mà njèy fúnì chú rà ley ndey ma rónga rà dey lǎní njǎddǐ kě ma gbú nì dda ya ma nzà lèy ro ma gbúnì nú dda ya ma gbû dda ma nì nga nyǔ ma nì ɦiy	1			Lendu	train	8.125472411186697		False	0.2807017543859649	False	4.604384473525074	0.7180451127819549	False
5ead05ed0317f78aa329e93b3f6c2b6c	66524	spontaneous-speech-led-66524.mp3	22860	6732	Nyi njèy ní ddu ya nyi nza ro?	Ma mb nì dda líylíy ma chuw nì tsúw cha ney ma dho thìy ndaní à léy ma ró nzà tdíy ndèy ndanà ddiy	1			Lendu	train	3.2808398950131235		False	0.09473684210526312	False	4.6725608018106675	0.7533834586466165	False
9effd7faf8601b37182a0098bf1d23b2	66578	spontaneous-speech-led-66578.mp3	16560	6732	Nyi njèy ní ddu ya nyi nza ro?	Ya ma nzà ro ma ú nì ma rónga lǎní ma ɦíy nì ɦiy ní	1			Lendu	train	2.2342995169082127	transcription-length	False	0.08333333333333337	False	3.873368251455771	0.2669172932330827	True
c5df5911e2fe9c37bfe33b1deacd2a9c	63807	spontaneous-speech-led-63807.mp3	21096	6733	Nyi njèy ní ddu ngítss̀ djú nga mí nyù dzzdjú?	Nyi njey ní ddu ngíss djú nga mí nyû dzzdjú ngíss djú nga mí nyû dzzdjú ma tdra nì ngèy nzòw nà ma zow nì bǔku ma nzz nì Ddrà ndèymí ma gbú nì ma rónga ngíss djú nga mí nyû dzzdjú	1			Lendu	train	6.541524459613197		False	0.3522727272727273	False	3.6062155291371476	0.12781954887218044	True
da097b556a52dc7d273093cf8ce97abd	64100	spontaneous-speech-led-64100.mp3	16668	6733	Nyi njèy ní ddu ngítss̀ djú nga mí nyù dzzdjú?	Ngítss djúnga mí nyû dzz̀djú ma nzz nì Ddrà à à ma nja nì fílìm àà mà tdra nì ngèy nzòw túwkpa nà à à njàddi nì fúddiy dzzdjú mà mb nì shǎyi	1			Lendu	train	6.479481641468682		False	0.11678832116788318	False	4.844797691253135	0.8203007518796992	False
4690939abbaed200afffde0a457f0324	64230	spontaneous-speech-led-64230.mp3	15336	6733	Nyi njèy ní ddu ngítss̀ djú nga mí nyù dzzdjú?	Ma mbr nì shǎy ma shu nì ma rónga ndèymí ma ra nì ɦiy ra djò ddu dhò	1			Lendu	train	3.325508607198748		False	0.09230769230769231	False	3.7324513692614585	0.18646616541353384	True
f595d0e1832ceab8c935264c25968409	64657	spontaneous-speech-led-64657.mp3	16416	6733	Nyi njèy ní ddu ngítss̀ djú nga mí nyù dzzdjú?	Ngítss̀ djúnga mí nyû dzzdjú ma dow nì bbò ngítss̀ djúnga mí nyû dzzdjú ma nzz nì Ddrà chu ma zz ka ɦiy màtsá ra djò	1			Lendu	train	5.543372319688109		False	0.2654867256637168	False	4.340802314558213	0.5684210526315789	True
bb53c9cc38fe315d31ecd6251f4b4705	64708	spontaneous-speech-led-64708.mp3	15300	6733	Nyi njèy ní ddu ngítss̀ djú nga mí nyù dzzdjú?	Ma njey nì lega ma gbú nì dda ma ká rà hiy nwaŋu ma gbû dda ŋà ma ró nga nì ddí ya lǎ nì	1			Lendu	train	4.183006535947713		False	0.14117647058823535	False	4.9708723696603725	0.862406015037594	False
830ccfbc3f4a54ceb8d849dbfe1b520f	64739	spontaneous-speech-led-64739.mp3	23256	6733	Nyi njèy ní ddu ngítss̀ djú nga mí nyù dzzdjú?	Ma njúw nì màtsá nzòw tsò ddìnga ó mà ngwo nì ngwo ya mà ngwo ngwo mà nzz nì Ddrà ddí dìnga ó fú nzòw nà wá ya fú nzòw rà bbiydha pwǐy fú nzòw rà ngu cha ì ɦíy nì mí dza ó ya ndrǔ ngû ddíyà ma rà ndrǔ dè nga rr̀ nwǎŋú cha ŋà ma chì mí sâ ó ro	1			Lendu	train	7.739938080495356		False	0.2468619246861925	False	4.627331607764943	0.7270676691729323	False
f1a9e65b853cca9c7a61a76ceeba58e2	64971	spontaneous-speech-led-64971.mp3	16956	6733	Nyi njèy ní ddu ngítss̀ djú nga mí nyù dzzdjú?	Ma mbr nì chǎy ma njúw nì màtsá dzá nì ndrǔ tsò mà tey nì ndrǔnà bbǔssdjú cha mà dho njèy ní lò	1			Lendu	train	4.3052606746874265		False	0.08695652173913049	False	4.228295573281127	0.48270676691729325	True
69460059366eafce16269260ed3e45b0	65054	spontaneous-speech-led-65054.mp3	11628	6733	Nyi njèy ní ddu ngítss̀ djú nga mí nyù dzzdjú?	Nyû dzzdjú ro ma nja nì TikTok ma nja nì vidio mà tdra nì ngèy luwtéy ro ma nzz nì Ddrà	1			Lendu	train	5.761953904368765		False	0.19047619047619047	False	4.332821057052871	0.5631578947368421	True
69460059366eafce16269260ed3e45b0	65054	spontaneous-speech-led-65054.mp3	11628	6733	Nyi njèy ní ddu ngítss̀ djú nga mí nyù dzzdjú?	Nyû dzzdjú ro ma nja nì tiktok ma nja nì vǐdìyò mà tdra nì ngèy luwtéy ro ma nzz nì Ddrà	1			Lendu	train	5.847953216374269		False	0.18823529411764706	False	4.30378965698765	0.5466165413533834	True
21fb7f77ccb2d6989e98bcd4edf4c539	65205	spontaneous-speech-led-65205.mp3	25308	6733	Nyi njèy ní ddu ngítss̀ djú nga mí nyù dzzdjú?	Mà njey nì fámilí mǐtìŋ fúnga dzzdjú mà nzz nì nga ndení Ddrà à pbǒ mà rónga ków ó pbǔw bbǔbbínga ò fúnga dzzdjú mà má nì Ddrà	1			Lendu	train	3.9118065433854903		True	0.17886178861788615	False			False
3d6b646c1cb9130eb226ee4110f7995d	65960	spontaneous-speech-led-65960.mp3	23580	6733	Nyi njèy ní ddu ngítss̀ djú nga mí nyù dzzdjú?	Ma mbr nì shǎyi ma njúw nì nzǒw tsò mà dzz nì Ddrà ma ra nì ɦiy ra djò ndùw	1			Lendu	train	2.374893977947413	transcription-length	False	0.06944444444444442	False	4.3982742384790185	0.6030075187969924	False
9effd7faf8601b37182a0098bf1d23b2	66260	spontaneous-speech-led-66260.mp3	16596	6733	Nyi njèy ní ddu ngítss̀ djú nga mí nyù dzzdjú?	Ngíssdjú nga mí nyû dzzdjú ma njey nì í lò ma nyǔ nga ro ma ɦíy nì ngbír ɦíydha ní	1			Lendu	train	3.7960954446854656		False	0.11392405063291144	False	4.459856657418018	0.6353383458646616	False
b60ffd663a6f4ea05bc69ef86c8ee3e8	66273	spontaneous-speech-led-66273.mp3	22068	6733	Nyi njèy ní ddu ngítss̀ djú nga mí nyù dzzdjú?	Ngísdjú nga mí nyû dzzdjú ma dow nì ma déy nì plan nja bbúsdjú ma rà njèy nì ddiy ma ddéy nì planning  wá nì lò mî ma marà njèy nì njǎ ya ma sî fú lò ma rà fúlò tsò tà	1			Lendu	train	5.664310313576219		False	0.23780487804878048	False	4.977806548830706	0.8661654135338346	False
5ead05ed0317f78aa329e93b3f6c2b6c	66409	spontaneous-speech-led-66409.mp3	21240	6733	Nyi njèy ní ddu ngítss̀ djú nga mí nyù dzzdjú?	Ngíss djúnga mí nyû dzzdjú ma mbr nì dda líylíy ma njúw nì nzòw tsò mà ngwo nì ngwo mà nzz nì Ddrà ma ɦíy nì	1			Lendu	train	3.907721280602636		False	0.10476190476190472	False	3.8197714711064252	0.22857142857142856	True
eea86ca8ea6b1af65157b06503a99e83	66486	spontaneous-speech-led-66486.mp3	18648	6733	Nyi njèy ní ddu ngítss̀ djú nga mí nyù dzzdjú?	Ya mà nyù ngítss̀ djúnga mí nyû mí sâ nà mà dow nì ddǐngǎ mà ngwo nì ngwo ddǐngǎ mà dzz nì Ddrà ddǐngǎ ndey fúngá ddù mà ra nì ddù	1			Lendu	train	5.362505362505362		False	0.22047244094488194	False	4.559810582045996	0.6917293233082706	False
c5df5911e2fe9c37bfe33b1deacd2a9c	63803	spontaneous-speech-led-63803.mp3	19476	6734	Ya nyi nì nyi mbr dhì nà ro nyi njèy ní ddu?	Ya nyi nì nyi mbr dhi nà ro nyi njey ní ddu ya ma nì ma mbr dhi nà ro ma ra nì ddǎwà ka déy ma njàddí nga nà ma shu nì maronga ngéyngéy nì dhǐy njèydha ró ddù	1			Lendu	train	6.110084206202506		False	0.21935483870967742	False	3.806486706414903	0.21804511278195488	True
8acb58a60c926b87d6f906bec0e3c36d	64014	spontaneous-speech-led-64014.mp3	9360	6734	Ya nyi nì nyi mbr dhì nà ro nyi njèy ní ddu?	Ya nyi nì nyi mb dhi nà ro nyi njey ní ddu? ma ra nì ddǎwà-dzà ò	1			Lendu	train	5.128205128205129		True	0.09836065573770492	False			False
4690939abbaed200afffde0a457f0324	64589	spontaneous-speech-led-64589.mp3	5976	6734	Ya nyi nì nyi mbr dhì nà ro nyi njèy ní ddu?	Ma ra nì ma tdey ddǎwà ò	1			Lendu	train	3.0120481927710845		True	0.0	False			False
3d6b646c1cb9130eb226ee4110f7995d	64611	spontaneous-speech-led-64611.mp3	18900	6734	Ya nyi nì nyi mbr dhì nà ro nyi njèy ní ddu?	Ma ra nì tsúw-dzà ò ma shi nì tsúw chùw à léy nì ma rónga dji nì ya ngǎ ro ma ndrr nì tsúw dhey mm ma rónga djǐ ndanà	1			Lendu	train	4.656084656084656		False	0.2192982456140351	False	4.703993896397344	0.7639097744360902	False
f595d0e1832ceab8c935264c25968409	64868	spontaneous-speech-led-64868.mp3	13248	6734	Ya nyi nì nyi mbr dhì nà ro nyi njèy ní ddu?	Ya ma nì ma mbr dhi nà ro ma ra nì ddǎwà-dzà ò ma njey nì nzǐ klǒw ní njí	1			Lendu	train	4.076086956521738		False	0.09999999999999998	False	3.7061134843763583	0.1699248120300752	True
5ead05ed0317f78aa329e93b3f6c2b6c	65535	spontaneous-speech-led-65535.mp3	22356	6734	Ya nyi nì nyi mbr dhì nà ro nyi njèy ní ddu?	Ma njey nì klǒw à kà ma chùw ò ní tsúw cha ney ndey dho ma tsotso kwo nì ndaní ma rónga jǐ à jì ma nyǔ ò ní nga ndaní ma déy ney klôw na ya ma nì ma zánga nà ro	1			Lendu	train	5.27822508498837		False	0.15923566878980888	False	4.035518382585142	0.3736842105263158	True
e75023469f03884aa6b979a6eeb811c2	65587	spontaneous-speech-led-65587.mp3	18720	6734	Ya nyi nì nyi mbr dhì nà ro nyi njèy ní ddu?	Dhì nzòw ní nzòw à jì mà fú nzòw djá mà bbú mà fú nzòw ró dhì nzòw ní nzòw dho à jì mà chú mà bbú mà dhì ní ndrǔ ke à ji ma bbú kulokà fúndrú dho ro luw ndaní ndrǔ ndrŕ ndanà ìdhí ddiy  bbǔsdjú nga dhò nzá mà njèy fǔchú ro à rà tdè swaní tuwtuw ní lò rà tdè ney màdhí bbakà ó	1			Lendu	train	11.111111111111112		False	0.28937728937728935	False	4.150658205514691	0.43007518796992483	True
f1a9e65b853cca9c7a61a76ceeba58e2	65746	spontaneous-speech-led-65746.mp3	16380	6734	Ya nyi nì nyi mbr dhì nà ro nyi njèy ní ddu?	Ma ra nì ma ddey, fúrò ma thiy nì ddǎwà aa ma low nì tsúw tdè ní ma rónga ddéy lǎnà tdè ní ma chǔw lǎ ní vi	1			Lendu	train	4.884004884004884		False	0.14423076923076927	False	4.965370121843441	0.8609022556390977	False
21fb7f77ccb2d6989e98bcd4edf4c539	65819	spontaneous-speech-led-65819.mp3	19188	6734	Ya nyi nì nyi mbr dhì nà ro nyi njèy ní ddu?	Ma gbú nì mà rónga ma thi nì mà mà ta nì bbiydha mà ra nì ddǎwà djò ndeyní mà rónga ngú dey lǎní f'unga dzzdjú	1			Lendu	train	4.429851990827601		False	0.16822429906542058	False	3.9744274050339308	0.3330827067669173	True
eea86ca8ea6b1af65157b06503a99e83	66027	spontaneous-speech-led-66027.mp3	22248	6734	Ya nyi nì nyi mbr dhì nà ro nyi njèy ní ddu?	Ya ma nì ma rónga mb dhi nà ro ma rà nì ddǎwà-dzà ma ddéy nì ma ró jǔw ónga ma thiy nì ddǎwà ndaní ma chǔw klôw ma ddéy nì ma rónga ddíyàchú fú ddǎwà dzzdjú	1			Lendu	train	5.393743257820928		False	0.30718954248366015	False	3.8618712696019393	0.26090225563909775	True
830ccfbc3f4a54ceb8d849dbfe1b520f	66278	spontaneous-speech-led-66278.mp3	21708	6734	Ya nyi nì nyi mbr dhì nà ro nyi njèy ní ddu?	Ma ra nì tsúw-dzà djò ma ra nì ma ró jǔw tdey ma ní ŋà ní nì dhi jì nà fúnì chú léy nì ndey ma chuw nì ma nì màláríyà nà nyò ko ma nì ngéyngéy ní dhi jì nà  má à kà ma chǔw ndèy mí ddǎwa nì fúni chú rà ley ndèy mà rà tsì ma nì rǎ ma tdey ddǎwa-dzà ò	1			Lendu	train	8.476137829371659		False	0.27235772357723576	False	4.8100008685857105	0.8082706766917294	False
da097b556a52dc7d273093cf8ce97abd	66315	spontaneous-speech-led-66315.mp3	22680	6734	Ya nyi nì nyi mbr dhì nà ro nyi njèy ní ddu?	Ya ma nì ma mbř dhi nà ddì nì à jì ma ú ma rónga déy lǎní rwo nì ma léy matsá ru ddí déy lǎní tho nì mî à jì ma rǎ màtsá djǔw ónga ddey mbu nì mî ka bbú ma dho tsúw ma thǐy ndaní fú dhi à bbǎ ma gu	1			Lendu	train	6.393298059964727		False	0.20512820512820518	False	4.535756789921348	0.6796992481203008	False
bb53c9cc38fe315d31ecd6251f4b4705	66401	spontaneous-speech-led-66401.mp3	25020	6734	Ya nyi nì nyi mbr dhì nà ro nyi njèy ní ddu?	Ya ma nì bbiydha nà nji ma nzz nì Ddrà Ddrà ka ma tsotso kwo bbiydha ró à ká ma rónga pbò lǎní pbǔw ma ká rà ndanà cha ma nì rǎ mí ngà rwo nì mî ma tdúw nì cha ma nì rǎ bbiy mí mbkpa  ma ká bbiydha pì	1			Lendu	train	5.955235811350919		False	0.25888324873096447	False	4.762488763597454	0.7902255639097744	False
c5df5911e2fe9c37bfe33b1deacd2a9c	63882	spontaneous-speech-led-63882.mp3	15588	6735	Nyi pbò ní nyì mí ru ngbá ŋǎchú?	Nyi pbo ní nyìmí rù ngbá ŋǎchú? Ma gbú nì màtsá rù gbú ní	1			Lendu	train	2.822684115986656	transcription-length	False	0.07407407407407407	False	4.929495466969462	0.850375939849624	False
4690939abbaed200afffde0a457f0324	64087	spontaneous-speech-led-64087.mp3	14616	6735	Nyi pbò ní nyì mí ru ngbá ŋǎchú?	Ma pbò nì matsá ru lǎní gbúdha nà gómànà pǎsi nà ndèymí wánì nga nà  à déy lǎní	1			Lendu	train	4.173508483853311		False	0.06578947368421051	False	4.754832488033782	0.7864661654135339	False
789f537bcdf7638af5c97b59bc69a60d	64233	spontaneous-speech-led-64233.mp3	18900	6735	Nyi pbò ní nyì mí ru ngbá ŋǎchú?	Màtsá rù pbòdha ngbá ma pbo nì ma gbú nì gbú ní rwo nì mî ya ma gbû ró ma léy à déy ngiy djú ru gbow nì mî kà nì jǐ ma léy pǎsì òmà ndaní a ká ndèy njà  chěy ma dhò ndaní ney ndèy nja mà nì li à ká ndèy njà dìchú ma thô gbè rù ddiy níchú	1			Lendu	train	9.259259259259258		False	0.2008547008547008	False	4.646560048424703	0.7368421052631579	False
da097b556a52dc7d273093cf8ce97abd	64468	spontaneous-speech-led-64468.mp3	13536	6735	Nyi pbò ní nyì mí ru ngbá ŋǎchú?	Ma léy nì màtsá rù ngba ya ma ûw ro à 'wìy fúddiy dzzdjú ma ddúw nì à  ma léy nì lǎní nga màlét ò à déy	1			Lendu	train	5.614657210401892		False	0.08999999999999997	False	4.445555467294306	0.6300751879699248	False
21fb7f77ccb2d6989e98bcd4edf4c539	64623	spontaneous-speech-led-64623.mp3	26568	6735	Nyi pbò ní nyì mí ru ngbá ŋǎchú?	Mà ú nì màdhí ru sabúnì ndèymí ómò nà fú nga dzzdjú  mà dzz nì sàndúkù mà léy nì màdhí ru òmà mm njàddí ndrǔ léy nì bǎgì ò ndení à déy ngbá à déy ddí lǎní ndèyní nzǐ nzzìdha lǒw rǒnga	1			Lendu	train	5.30713640469738		True	0.15555555555555556	False			False
830ccfbc3f4a54ceb8d849dbfe1b520f	64639	spontaneous-speech-led-64639.mp3	20628	6735	Nyi pbò ní nyì mí ru ngbá ŋǎchú?	Ma gbú nì maàtsá ru gbú nì ndeyní rǒnga njǎ ndèy lǎní ma gbú nì ómò nà ddí njàddí sâ ró ma gbú nì sàvó nà ddí à léy nì mà tsá ru njanì ndèy lǎní bbalè nyúdda ó fú nì chú màtsá ru ma léy nì à nja ndèy lǎní ddiy jì	1			Lendu	train	7.756447547023463		False	0.3014354066985646	False	3.940282973093747	0.3105263157894737	True
f1a9e65b853cca9c7a61a76ceeba58e2	64751	spontaneous-speech-led-64751.mp3	21780	6735	Nyi pbò ní nyì mí ru ngbá ŋǎchú?	Mà za nì kàss nà mà djuw nì ǒnga ddíyàchú mà rà ley màlét ò áẁ mà rà ley sòndú ò	1			Lendu	train	2.800734618916437	transcription-length	False	0.1282051282051282	False	5.405245253589258	0.943609022556391	False
5ead05ed0317f78aa329e93b3f6c2b6c	65553	spontaneous-speech-led-65553.mp3	21240	6735	Nyi pbò ní nyì mí ru ngbá ŋǎchú?	Mà tsá rù bbòdha ngbá ma gbú nì gbú ní ma léy nì matsá ru ya ma gbû ddiy dzzdjú à dêy ní sàndúkù ò	1			Lendu	train	3.483992467043314		False	0.11578947368421055	False	4.9650039272688975	0.8601503759398497	False
b60ffd663a6f4ea05bc69ef86c8ee3e8	65788	spontaneous-speech-led-65788.mp3	9036	6735	Nyi pbò ní nyì mí ru ngbá ŋǎchú?	Ma gbú nì sàbúnì nà wánì sâ ró nzǐ à těyòní à déy lǎní	1			Lendu	train	4.537405931828243		True	0.019607843137254943	False			False
9effd7faf8601b37182a0098bf1d23b2	65935	spontaneous-speech-led-65935.mp3	18720	6735	Nyi pbò ní nyì mí ru ngbá ŋǎchú?	Ma léy nì màtsá rù lǎnínga ó ma guw nì ǒnga lǎní ma gbú nì màtsá rù à déy nì lǎní wánì ddu nà	1			Lendu	train	3.73931623931624		False	0.24444444444444446	False	3.7093681586965976	0.17142857142857143	True
69460059366eafce16269260ed3e45b0	66067	spontaneous-speech-led-66067.mp3	9216	6735	Nyi pbò ní nyì mí ru ngbá ŋǎchú?	Gbúdha nà wánì nga nà dda sàbúnì nà rù léydha sàddúkù ò	1			Lendu	train	4.774305555555555		True	0.11538461538461542	False			False
3d6b646c1cb9130eb226ee4110f7995d	66328	spontaneous-speech-led-66328.mp3	20808	6735	Nyi pbò ní nyì mí ru ngbá ŋǎchú?	Ma gbú nì dda ndèymí sàvó nà ndèyní ru déy ò ní lǎní mara shì ndanà bbalè kà ò ro tèydha ní ru nja nì ndèy ngǎjìní bbiydha nà à nyá nì dhi ddí	1			Lendu	train	5.238369857747021		False	0.1151079136690647	False	4.317981896690306	0.5556390977443609	True
c5df5911e2fe9c37bfe33b1deacd2a9c	63891	spontaneous-speech-led-63891.mp3	16848	6736	Nyi chùw ní lǎní dda ŋǎchú nyìdhí bba ó?	Nyì chuw ní lǎní dda ̌achú nyìdhí bba ó? lǎní dda mà 'wiy nì dda-bbùw óddù njǎddî kànú óddù njàddî mà kwó nì ya dji nì kwo ro	1			Lendu	train	5.816714150047484		False	0.139344262295082	False	4.256979234262613	0.5067669172932331	True
789f537bcdf7638af5c97b59bc69a60d	64318	spontaneous-speech-led-64318.mp3	24120	6736	Nyi chùw ní lǎní dda ŋǎchú nyìdhí bba ó?	Lǎní dda màdhí bba ó mà chuw nì ì ní ni ya mà 'wìy bbuw ddà ro mà léy nì kàss djò à rínì à ka nì ǒmá kàká dhì ndaní fúddiy dzzdjú mà ká dda itsś ò itsś ká bey fúddiy dzzdjú chú mà ká ley à djǒw kámà mb nì gbow nì mî djǎ sâ djò mà ra nì bówá hol 'wì cha chǔwmà ddà ney cha ndèy ney chowchow màdhí bbakǎ ó nà nì	1			Lendu	train	9.742951907131012		False	0.18181818181818177	False	4.957646045997607	0.8571428571428571	False
830ccfbc3f4a54ceb8d849dbfe1b520f	64392	spontaneous-speech-led-64392.mp3	19368	6736	Nyi chùw ní lǎní dda ŋǎchú nyìdhí bba ó?	Lǎní dda mà chuw nì ya cha n.g.o má ì njey nì dhǐy nì bbalè nà nì à djì mà dho ndrǔ ss nì mà dho njàddí dda lǎní dda ndrǔ ss nì bǒwá hol ddà ndrǔ ss nì mà dho njàddí dda mà chuw nì djùwbbà luw cha bbakǎ bbalè djì lǎní dda mà dho	1			Lendu	train	8.932259396943412		False	0.40888888888888886	False	4.233200748871221	0.48872180451127817	True
5ead05ed0317f78aa329e93b3f6c2b6c	64556	spontaneous-speech-led-64556.mp3	19116	6736	Nyi chùw ní lǎní dda ŋǎchú nyìdhí bba ó?	Mà ra nì dda 'wìy dda liyà dda djú nì óddù mà ngú nì dda rì bàtì tsò ró ddù ka ley à kǎ kámà mbr nì njàddí dda mà rà nì dzz cha ney ka nì dda ónga dzz mí nga òluw mà ngúnì ndanà màdhí bba ò	1			Lendu	train	7.376020087884495		False	0.17741935483870963	False	5.085526252105344	0.8872180451127819	False
bb53c9cc38fe315d31ecd6251f4b4705	64643	spontaneous-speech-led-64643.mp3	15696	6736	Nyi chùw ní lǎní dda ŋǎchú nyìdhí bba ó?	Mà mbr nì lǎ ní dda chǔw mà ó mà mbr nì dda bbuw dda lǎní cha ka bbî nì à ji njà ddî mà mbrř bowáhol	1			Lendu	train	4.778287461773701		False	0.173469387755102	False	5.349129092955485	0.9345864661654135	False
21fb7f77ccb2d6989e98bcd4edf4c539	64759	spontaneous-speech-led-64759.mp3	23580	6736	Nyi chùw ní lǎní dda ŋǎchú nyìdhí bba ó?	Màdhí bba ó mà bbinì bbídha ní dda ndeymí à déy lǎní dda ní ndèymí gàvmentè à mba nì màdho bòwá hólò lǎnà ní dda ní fú nì chú nì lǎnà ní dda mà chuw nì fú nì mí nga tde nì gàvmente děddù	1			Lendu	train	6.064461407972858		False	0.23497267759562845	False	4.120961456144783	0.40977443609022557	True
4690939abbaed200afffde0a457f0324	65049	spontaneous-speech-led-65049.mp3	10440	6736	Nyi chùw ní lǎní dda ŋǎchú nyìdhí bba ó?	Lǎní dda mà chuw nì kànó ó ddù ndèymí borehole nà	1			Lendu	train	3.735632183908046		True	0.0	False			False
f1a9e65b853cca9c7a61a76ceeba58e2	65769	spontaneous-speech-led-65769.mp3	25596	6736	Nyi chùw ní lǎní dda ŋǎchú nyìdhí bba ó?	Mà 'wi nì dda djúddù túkì nà mà léy nì tděy ò à djow nì mà mbr nì njǎddî mà ri nì rìdha ní ká à djow nì à kwo nì mà tsotso tdiytdiy ní lò nà njǎddí mà mà 'wi nì bǒwa hol óddù njàddî mà dzz nì dzz̀dha ní	1			Lendu	train	5.93842787935615		True	0.23115577889447236	False			False
f1a9e65b853cca9c7a61a76ceeba58e2	65769	spontaneous-speech-led-65769.mp3	25596	6736	Nyi chùw ní lǎní dda ŋǎchú nyìdhí bba ó?	Mà 'wi nì ddadjú ddù tǔwkì nà mà léy nì tděy ò à djǒw nì mà mbr nì njàddî mà ri nì rr̀dha ní à djòw nì à kwó nì mà tsotso tdiytdiy ní lò nà njàddí mà 'wi nì bowá hol njàddî mà dzz nì dzz̀dha ní nì	1			Lendu	train	5.782153461478356		True	0.227979274611399	False			False
3d6b646c1cb9130eb226ee4110f7995d	66533	spontaneous-speech-led-66533.mp3	21276	6736	Nyi chùw ní lǎní dda ŋǎchú nyìdhí bba ó?	Ma chuw nì dda djúddù ma ddu nì sódìs ó à 'wǐyní itsś ó à 'wìy ró ma ngú nì ngù dzá mà ngú nì mbr	1			Lendu	train	3.43109607068998		False	0.12631578947368416	False	5.5362476553224	0.9601503759398496	False
9effd7faf8601b37182a0098bf1d23b2	66563	spontaneous-speech-led-66563.mp3	17928	6736	Nyi chùw ní lǎní dda ŋǎchú nyìdhí bba ó?	wuuuuuuuuuuuuuuuuuu tdě nì	0			Lendu	train	1.3386880856760377	transcription-length	False	0.6086956521739131	True			False
f595d0e1832ceab8c935264c25968409	66661	spontaneous-speech-led-66661.mp3	12420	6736	Nyi chùw ní lǎní dda ŋǎchú nyìdhí bba ó?	Mà chuw nì lǎní dda kànú ò Mà chuw nì lǎní dda bówáhól ò njàddî ma rr̀ rr̀dha ní ro	1			Lendu	train	5.152979066022544		False	0.22499999999999998	False	4.303573885808334	0.5458646616541354	True
c5df5911e2fe9c37bfe33b1deacd2a9c	63861	spontaneous-speech-led-63861.mp3	17388	6737	Nyi pbò nì ŋǎchú nì měya jì rónga bba kàó?	Nyì pbo ní ŋǎchú ní měyá jì rónga nyìdhí bba kàó? Mà pbo nì dnrr̀tsś, ndrr̀, towmbù ndèymí djòw nà	1			Lendu	train	4.600874166091557		False	0.04166666666666663	False	3.801200936648687	0.21503759398496242	True
8acb58a60c926b87d6f906bec0e3c36d	63935	spontaneous-speech-led-63935.mp3	16560	6737	Nyi pbò nì ŋǎchú nì měya jì rónga bba kàó?	Nyi pbo ní ŋǎchú nì měyá jì rónga bbakà ó? Ma pbo nì  ndrr̀tsś, ndrr̀, towmbù ndèymí djòw nà	1			Lendu	train	4.468599033816425		False	0.07777777777777772	False	3.6467101440025065	0.1511278195488722	True
bb53c9cc38fe315d31ecd6251f4b4705	64541	spontaneous-speech-led-64541.mp3	17280	6737	Nyi pbò nì ŋǎchú nì měya jì rónga bba kàó?	Měya má mà pbo nì bba kà ó nì ndrr̀tss, ndrr̀,towmbù fú nì mà dhí bba ó mà pbo nì rǒnga nì měya	1			Lendu	train	4.224537037037037		False	0.19565217391304346	False	3.9111324955627733	0.2924812030075188	True
eea86ca8ea6b1af65157b06503a99e83	64804	spontaneous-speech-led-64804.mp3	16020	6737	Nyi pbò nì ŋǎchú nì měya jì rónga bba kàó?	Mǎ ngá dzakǎ mà pbo nì ndrr̀ rónga, mà pbo nì djòw rónga mà pbo nì ǒw rónga ddí njàddí nì mà pbo nì ndrr̀tsś rónga	1			Lendu	train	5.617977528089888		False	0.3839285714285714	False	3.6395373545927048	0.14661654135338345	True
f1a9e65b853cca9c7a61a76ceeba58e2	64899	spontaneous-speech-led-64899.mp3	19440	6737	Nyi pbò nì ŋǎchú nì měya jì rónga bba kàó?	Ndrr̀, towmbù, djòw, ndrr̀tsś ndèymí tdiytdiy ní nì nà	1			Lendu	train	2.4176954732510287	transcription-length	False	0.038461538461538436	False	3.6422831998019345	0.1481203007518797	True
789f537bcdf7638af5c97b59bc69a60d	65103	spontaneous-speech-led-65103.mp3	20556	6737	Nyi pbò nì ŋǎchú nì měya jì rónga bba kàó?	Mèya jì má mà pbo nì màdhí bbakǎ nì à tde nì ndrr̀, à nì ndrr̀tsś, à nì towmbù, à nì   à nì tsǐ, à nì chǒ	1			Lendu	train	3.794512551079976		False	0.23300970873786409	False	4.722133646422439	0.7714285714285715	False
4690939abbaed200afffde0a457f0324	65584	spontaneous-speech-led-65584.mp3	16308	6737	Nyi pbò nì ŋǎchú nì měya jì rónga bba kàó?	Djòw, drr̀, tsǐ, chǒ, ǒw, drr̀tsś	1			Lendu	train	1.7782683345597252	transcription-length	False	0.12903225806451613	False	4.531575676825239	0.6759398496240602	False
9effd7faf8601b37182a0098bf1d23b2	65632	spontaneous-speech-led-65632.mp3	18216	6737	Nyi pbò nì ŋǎchú nì měya jì rónga bba kàó?	Màdhí bba kàó mà pbo nì ndrr̀ rónga mà pbo nì djòw rónga mà pbo nì ǒw rónga mà pbo nì ndrr̀tsś rónga ndèymí ngéyngéy ní meya jì nà	1			Lendu	train	5.654369784804567		False	0.3671875	False	3.1525250562927503	0.01804511278195489	True
da097b556a52dc7d273093cf8ce97abd	65701	spontaneous-speech-led-65701.mp3	20988	6737	Nyi pbò nì ŋǎchú nì měya jì rónga bba kàó?	Měyá jì rónga ma pbo nì bbakà òluw nì ddì nì drr̀, ma pbo nì ǒw, ma pbo nì drr̀tsś rónga, ma pbo nì djòw rónga, ma pbo nì mbǎtà rónga, ma pbo nì krǒkrǒ rónga fúnì wá měyá jì ma pbo nì màdhí bba ó nì	1			Lendu	train	7.289879931389366		False	0.4336734693877551	False	3.7131036725373443	0.1736842105263158	True
b60ffd663a6f4ea05bc69ef86c8ee3e8	65864	spontaneous-speech-led-65864.mp3	12096	6737	Nyi pbò nì ŋǎchú nì měya jì rónga bba kàó?	Ma pbo nì ndrr̀ ró, ma pbo nì ǒw mà pbo nì ndrr̀tsś mòndu mí fú nì tde nì ngǎ ma dè	1			Lendu	train	5.208333333333333		False	0.24691358024691357	False	4.385323425422596	0.5962406015037593	True
3d6b646c1cb9130eb226ee4110f7995d	66147	spontaneous-speech-led-66147.mp3	18216	6737	Nyi pbò nì ŋǎchú nì měya jì rónga bba kàó?	Ma bbo nì ndrr̀ ró nga, ndrr̀tss rónga, towbù rónga ndèymí djòw nà	1			Lendu	train	2.9644268774703555	transcription-length	False	0.12698412698412698	False	4.262737698047697	0.51203007518797	True
69460059366eafce16269260ed3e45b0	66164	spontaneous-speech-led-66164.mp3	8100	6737	Nyi pbò nì ŋǎchú nì měya jì rónga bba kàó?	Ma pbo nì towmbù rónga, ndrr̀ rónga ndèymí ndrr̀tsś rónga	1			Lendu	train	6.049382716049383		True	0.1636363636363637	False			False
21fb7f77ccb2d6989e98bcd4edf4c539	66172	spontaneous-speech-led-66172.mp3	23508	6737	Nyi pbò nì ŋǎchú nì měya jì rónga bba kàó?	Mà pbo nì ndrr̀ rónga mà pbo nì ǒw rónga mà pbo nì ndrrtsś rónga mà pbo nì djòw rónga mà pbo nì chǒ rónga mà pbo nì ngéyngéy ní rì jì rónga gbè ddéy mà níchú	1			Lendu	train	5.189722647609325		False	0.4774193548387097	True			False
830ccfbc3f4a54ceb8d849dbfe1b520f	66175	spontaneous-speech-led-66175.mp3	22176	6737	Nyi pbò nì ŋǎchú nì měya jì rónga bba kàó?	Mà pbo nì ndrr̀ rónga mà pbo nì djòw rónga, mà pbo nì ndrr̀tsś rónga ndèymí towmbù nà fúnì měyá má cha ì kwó nì mà tsotso lǎní nì ǒw ndèymí mbǎtà nà ddí ney mà pbo nì fúddiy rónga mà wá fúdiy  chú nì ndey cha ddiy má à  kwo nì mà tsotso sùkúl fǐz bbúdha ó nì	1			Lendu	train	8.973665223665224		False	0.2890625	False	3.8841070508576596	0.2744360902255639	True
f595d0e1832ceab8c935264c25968409	66575	spontaneous-speech-led-66575.mp3	14940	6737	Nyi pbò nì ŋǎchú nì měya jì rónga bba kàó?	Màdhí bbakà ó mà pbo nì djòw ndrr̀ ndrr̀tsś púwtss ndèymí ngéyngéy ní měya jì nà tsàkà	1			Lendu	train	4.7523427041499335		False	0.04761904761904767	False	4.255203065711192	0.5045112781954887	True
5ead05ed0317f78aa329e93b3f6c2b6c	66576	spontaneous-speech-led-66576.mp3	18936	6737	Nyi pbò nì ŋǎchú nì měya jì rónga bba kàó?	Ma pbo nì meyá jì nì ndrr̀tsś, towmbù, djòw, ndrr̀	1			Lendu	train	2.217997465145754	transcription-length	False	0.08333333333333337	False	4.333719770544993	0.5639097744360902	True
8acb58a60c926b87d6f906bec0e3c36d	63922	spontaneous-speech-led-63922.mp3	16740	6738	Màdhò màdhí bba tso tso kwò ŋǎchú ndaní ndrǔ déy shú ní dèydha?	Màdho màdhí bba tsotso kwo ŋǎchú ndaní ndrǔ déy shú ní déydha mà gwíy ndrǔ lò bbadha nà	1			Lendu	train	4.181600955794504		False	0.08333333333333337	False	3.1890328517692175	0.02330827067669173	True
9effd7faf8601b37182a0098bf1d23b2	64109	spontaneous-speech-led-64109.mp3	16488	6738	Màdhò màdhí bba tso tso kwò ŋǎchú ndaní ndrǔ déy shú ní dèydha?	À jì mà gwíy ndrǔ lǎní lò nà à jì mà gwíy ndrǔ Ddrà mí lò nà à jì mà gwíy ndrǔ lǎní déydha nà	1			Lendu	train	4.18486171761281		False	0.4666666666666667	True			False
b60ffd663a6f4ea05bc69ef86c8ee3e8	64462	spontaneous-speech-led-64462.mp3	17748	6738	Màdhò màdhí bba tso tso kwò ŋǎchú ndaní ndrǔ déy shú ní dèydha?	À jì mà léy màdhí yǎdha à déy rí màdhí bba kàó ndaní à ká màdhí nzòw pbrr̀  njàddí à jì gàmétè mí yǎdha ddí mà léy à déy rí à ká bbalè prr nzánà bbalè njěy ngǎjìní lò	1			Lendu	train	7.155735857561415		False	0.2331288343558282	False	3.817709728122763	0.22706766917293233	True
21fb7f77ccb2d6989e98bcd4edf4c539	64592	spontaneous-speech-led-64592.mp3	23868	6738	Màdhò màdhí bba tso tso kwò ŋǎchú ndaní ndrǔ déy shú ní dèydha?	Madho mádha bbu màdhí bba dho màdho lǎnà ní lò tey màdhí bba ò màdho nyu ley à déy ney màdhí bba ó màdho mbr mèy à déy ney màdhí bba ó ndeyní mà dhí bba à déy shú nì nga nà	1			Lendu	train	5.488520194402547		False	0.3668639053254438	False	3.6332064499968495	0.14360902255639096	True
830ccfbc3f4a54ceb8d849dbfe1b520f	64810	spontaneous-speech-led-64810.mp3	21888	6738	Màdhò màdhí bba tso tso kwò ŋǎchú ndaní ndrǔ déy shú ní dèydha?	À kà mà kwó ndrǔ tsotso ddiy ma cha ney ndèynì ndèy jǐ nì bbu ndrǔ dho ndaní ndrǔ déy lǎní gbè ngéy ní bbalè nì dey ddiy ní chú à rà jì mà déy mà kà ó njuwdha nà mà kà ó bba ó ndeyní mà déy lǎní cha bbalè vi de dey ddiy jì ngéy ní nga ó ddí	1			Lendu	train	8.223684210526315		False	0.2784810126582279	False	3.5383130856572946	0.10300751879699248	True
4690939abbaed200afffde0a457f0324	64871	spontaneous-speech-led-64871.mp3	19728	6738	Màdhò màdhí bba tso tso kwò ŋǎchú ndaní ndrǔ déy shú ní dèydha?	À kà mà gwíy màdhí nzòw à kà mà dhǒ lǎní lò cha ka déy ndanà bba ó nì ndèymí Ddrà mí lò nà cha ndèy kwó bbalè tsotso nì	1			Lendu	train	4.562043795620437		False	0.09482758620689657	False	3.335951169641136	0.03759398496240601	True
69460059366eafce16269260ed3e45b0	65834	spontaneous-speech-led-65834.mp3	16920	6738	Màdhò màdhí bba tso tso kwò ŋǎchú ndaní ndrǔ déy shú ní dèydha?	Ddrà mí lò nà déydha li rr̀dha nà déydha  ngǎ la nà mà kà ò luw ligwídha nà wá nì ddu ró	1			Lendu	train	3.900709219858156		False	0.17647058823529416	False	3.946483142022415	0.3157894736842105	True
f1a9e65b853cca9c7a61a76ceeba58e2	66298	spontaneous-speech-led-66298.mp3	17208	6738	Màdhò màdhí bba tso tso kwò ŋǎchú ndaní ndrǔ déy shú ní dèydha?	Li rr̀dha, li-tsò djúwdha ddì, ddì nì lò tèydha, bbiydha ddìngǎ ngǎ ndèy ó ndô ní	1			Lendu	train	3.835425383542538		False	0.1282051282051282	False	5.034224014566345	0.8751879699248121	False
eea86ca8ea6b1af65157b06503a99e83	66417	spontaneous-speech-led-66417.mp3	17136	6738	Màdhò màdhí bba tso tso kwò ŋǎchú ndaní ndrǔ déy shú ní dèydha?	Ngǎjìní lò dhodha nà màdhí bbalè dho cha ndèydho màdhí shú ní déydha sànì à jì mà léy màdhí bbalè gwíy ì ndrǔ déy nyu'wiy nà ndaní mà ka dey shú nì déydha na	1			Lendu	train	7.236227824463119		False	0.19480519480519476	False	3.6561801619897545	0.15338345864661654	True
5ead05ed0317f78aa329e93b3f6c2b6c	66474	spontaneous-speech-led-66474.mp3	18828	6738	Màdhò màdhí bba tso tso kwò ŋǎchú ndaní ndrǔ déy shú ní dèydha?	À kà mà dhǒ Ddrà mí ní nì lo à déy ney màdhí bbalè kà ó mà léy màdhí bbalè gwíy ì ndrǔ chódha nà skul ò ndaní ndrǔ chǔw ní nyǔ'wiy mà léy màdhí bbalè kǎ jǐ à déy ney	1			Lendu	train	6.639048226046314		False	0.2901234567901234	False	3.173926567764431	0.02030075187969925	True
f595d0e1832ceab8c935264c25968409	66558	spontaneous-speech-led-66558.mp3	17136	6738	Màdhò màdhí bba tso tso kwò ŋǎchú ndaní ndrǔ déy shú ní dèydha?	À kà LC njǎ cha lu ní à tsùw ì kà ó nì bbalè ndrǔ ddá gu  njàddî mà bba cha ngǎjì ní ì jì nà ní bbalè ì tsùw mà kà ó nì ndaní màdhí bba déy shú	1			Lendu	train	6.069094304388423		False	0.17142857142857137	False	4.756542280327234	0.7872180451127819	False
c5df5911e2fe9c37bfe33b1deacd2a9c	63843	spontaneous-speech-led-63843.mp3	16596	6739	Nyi chùw ní nyi nì nyǔ nì nyǔ ŋǎchú?	nyi chuw ní nyi nì nyǔ nì nyû ŋǎchú? Mà chuw nì mà nì nyǔ nì nyû nza óddù njàddî mà dzz nì sǒkò njǎddî mà kwó nì bbalè dè	1			Lendu	train	5.54350445890576		False	0.23728813559322037	False	3.7864792846987267	0.2075187969924812	True
8acb58a60c926b87d6f906bec0e3c36d	63949	spontaneous-speech-led-63949.mp3	16200	6739	Nyi chùw ní nyi nì nyǔ nì nyǔ ŋǎchú?	Nyi chuw ní nyi nì nyǔ nì nyû ŋǎchú? ma zz nì nza óddù ma dzz nì sǒkò óddù	1			Lendu	train	3.4567901234567904		False	0.15492957746478875	False	3.825141373784613	0.23383458646616542	True
f1a9e65b853cca9c7a61a76ceeba58e2	64248	spontaneous-speech-led-64248.mp3	22716	6739	Nyi chùw ní nyi nì nyǔ nì nyǔ ŋǎchú?	Ma chùw nì nza ó ddù mà bbi nì lědjà njàddí mà dzz nì dzz̀dha ní cha ney ì nì ndana ní bbalè děddù ndana mà kwó nì mà tsotso	1			Lendu	train	4.182074308857193		False	0.14049586776859502	False	3.9167013915135875	0.2962406015037594	True
bb53c9cc38fe315d31ecd6251f4b4705	64292	spontaneous-speech-led-64292.mp3	16920	6739	Nyi chùw ní nyi nì nyǔ nì nyǔ ŋǎchú?	Mà chuw nì mà nì nyǔ nì nyû mà bbi nì nza óddù à lè njàddî mà mà mà dzz nì mb nà njàddî mà làyi bbú nì mà dho ndey mà à ká mà tsotso kwo ndanà	1			Lendu	train	6.205673758865248		False	0.2158273381294964	False	3.96692730041245	0.32781954887218046	True
830ccfbc3f4a54ceb8d849dbfe1b520f	64626	spontaneous-speech-led-64626.mp3	20376	6739	Nyi chùw ní nyi nì nyǔ nì nyǔ ŋǎchú?	Fú nyû mà njàddí sâ nà mà chuw nì sǒkò òluw njǎddî mà dzz nì dzz̀ ní njǎddí nì shi nì nza óddù fúnì chú ma chúw nì nyû ddiy jì ngéyngéy ní nyû mà ma dyási bbú nì ndey ma dhò	1			Lendu	train	6.478209658421672		False	0.1823529411764706	False	4.336706692902505	0.5661654135338345	True
3d6b646c1cb9130eb226ee4110f7995d	64687	spontaneous-speech-led-64687.mp3	13788	6739	Nyi chùw ní nyi nì nyǔ nì nyǔ ŋǎchú?	Ma chuw nì nza ó ddù ma bbi nì njàddî ma dzz nì sǒkò ó ddù ma zz nì njǎddî ma lǎy dè chow ya ney à nì ro à ddèy nga madè ro	1			Lendu	train	6.527415143603133		False	0.17500000000000004	False	5.468713757498953	0.9541353383458646	False
69460059366eafce16269260ed3e45b0	64766	spontaneous-speech-led-64766.mp3	10836	6739	Nyi chùw ní nyi nì nyǔ nì nyǔ ŋǎchú?	Ma chuw nì nza ò luw ya ma bbi ro njà ddí nga nà ma dzz nì ngadzz̀dha mí nga mbr nà	1			Lendu	train	5.721668512366187		True	0.08750000000000002	False			False
789f537bcdf7638af5c97b59bc69a60d	65315	spontaneous-speech-led-65315.mp3	18108	6739	Nyi chùw ní nyi nì nyǔ nì nyǔ ŋǎchú?	Ma nì nyǔ nì nyû ma chuw nì ǐchú ma chuw nì njàddî nza ó ddù njàddî ma bbi nì lědjà ma rǎ ndanà dzz̀dzz̀ ní njàddî ma kúw nì ma ró bbalè dè nyi bbú madhò  i ndu kà shì ma djòlu i ro	1			Lendu	train	7.51049259995582		False	0.2134831460674157	False	4.800377160572458	0.8045112781954887	False
b60ffd663a6f4ea05bc69ef86c8ee3e8	65421	spontaneous-speech-led-65421.mp3	14760	6739	Nyi chùw ní nyi nì nyǔ nì nyǔ ŋǎchú?	Ma nì nyǔ nì nyû ma chuw nì nza bbìdha ó ddù njàddí ma chuw nì soko ó ddù màtsá ddiy ónga dzzídha madzźnì mí sâ djú	1			Lendu	train	6.097560975609756		False	0.16814159292035402	False	4.408789742444652	0.6082706766917293	False
4690939abbaed200afffde0a457f0324	65506	spontaneous-speech-led-65506.mp3	8388	6739	Nyi chùw ní nyi nì nyǔ nì nyǔ ŋǎchú?	Ma chuw nì nza ó ddu njàddî ma chuw nì sǒkù ó ddù	1			Lendu	train	4.411063423938961		True	0.19565217391304346	False			False
eea86ca8ea6b1af65157b06503a99e83	66160	spontaneous-speech-led-66160.mp3	19800	6739	Nyi chùw ní nyi nì nyǔ nì nyǔ ŋǎchú?	Ma zz nì nza ó ddù njàddí sâ nà ya à nì ngǎ nza ò mà dzz nì dzz̀ ní ddí ya frǎnga nì ngǎ ma ró mbr nì ngǎ ro ma kwó nì ma layí děddù ddí	1			Lendu	train	5.0		False	0.18796992481203012	False	4.463808775701034	0.6383458646616541	False
f595d0e1832ceab8c935264c25968409	66662	spontaneous-speech-led-66662.mp3	8460	6739	Nyi chùw ní nyi nì nyǔ nì nyǔ ŋǎchú?	Mà chuw nì  mà nì nyǔ nì nyû nza ó ddu mà dzz nì sǒkò	1			Lendu	train	4.491725768321513		True	0.12	False			False
c5df5911e2fe9c37bfe33b1deacd2a9c	63894	spontaneous-speech-led-63894.mp3	21456	6740	Nyì njèy ní dròdró ní ddu gbè Krismas, ǐdì mí madha ŋǎchú nyìdhí bba ó?	Nyì njey ní dròdró ní ddu gbè Krísmàs, Íddì mí madha ŋǎchú nyìdhí bba ó? Ma dzz nì zǎ rù ndèymí mà kla nì màdhí dza rónga	1			Lendu	train	4.427665920954512		False	0.0423728813559322	False	4.547285226509941	0.6842105263157895	False
21fb7f77ccb2d6989e98bcd4edf4c539	64130	spontaneous-speech-led-64130.mp3	23760	6740	Nyì njèy ní dròdró ní ddu gbè Krismas, ǐdì mí madha ŋǎchú nyìdhí bba ó?	Krismàs ndèymí íddi ìtsś djú  mà dzz nì zǎ mà a nì mà biy nì dyì mà dzz nì lǎnà ní rù mà ró ndeyní mà njěy ndanà fú hwî ndeyní à njǎ ndèy lǎní fúddiy chú mà njey nì Krismàs ndèymí íddi dho	1			Lendu	train	6.102693602693602		False	0.24731182795698925	False	5.008922845502628	0.8706766917293233	False
bb53c9cc38fe315d31ecd6251f4b4705	64144	spontaneous-speech-led-64144.mp3	21348	6740	Nyì njèy ní dròdró ní ddu gbè Krismas, ǐdì mí madha ŋǎchú nyìdhí bba ó?	Mà njúw nì màtsò ddìnga ó krismas mí ddu ó mà nyu nì nga lǎní mà kpi nì lǎní rù  mà léy nì mà dhí nzòw wá à déy hwî nà fú ddu ó  à nì mà rónga pbǒ	1			Lendu	train	4.96533633127225		False	0.14685314685314688	False	4.210909298840165	0.46842105263157896	True
f1a9e65b853cca9c7a61a76ceeba58e2	64376	spontaneous-speech-led-64376.mp3	23976	6740	Nyì njèy ní dròdró ní ddu gbè Krismas, ǐdì mí madha ŋǎchú nyìdhí bba ó?	Mà dzz nì rù mà ró màdhí nzòw nà mà dzz nì chù gbè zǎ níchú gbè mà ra nì yěnga ò ya mà ngû yěngà óddù mà nyu nì nga mà shi nì mà dow nì nzòw nà ddǐngǎ mà làyi nà mà mbr nì mbùdha ní ddiy ddǐngǎ ndrǔ nà	1			Lendu	train	6.256256256256257		False	0.2272727272727273	False	4.6586066216854976	0.7451127819548872	False
da097b556a52dc7d273093cf8ce97abd	64842	spontaneous-speech-led-64842.mp3	25596	6740	Nyì njèy ní dròdró ní ddu gbè Krismas, ǐdì mí madha ŋǎchú nyìdhí bba ó?	Fú ddrǒddró ní ddu ó ma ma ra nì lèga ò lèga dzzdjú ya ma ngû  ma shi nì nyû rr̀ zz mà nyǔ ya mà nyù mà ra nì mà dyási kà ó mà nyú tey tsǎ mà njey nì mà nja nì filim mà ngú nì dzakà ó Ddrà nzz̀dha dhò fú nì dzz̀djú mà ɦíy nì	1			Lendu	train	6.446319737458978		True	0.21266968325791857	False			False
3d6b646c1cb9130eb226ee4110f7995d	64857	spontaneous-speech-led-64857.mp3	17280	6740	Nyì njèy ní dròdró ní ddu gbè Krismas, ǐdì mí madha ŋǎchú nyìdhí bba ó?	Mà dzz nì zǎ mà dzz nì ru mà dow nì lǎní mà ra nì Ddrà dzà ò Ddrà nzz	1			Lendu	train	2.893518518518518	transcription-length	False	0.2272727272727273	False	4.311855506913106	0.5511278195488721	True
4690939abbaed200afffde0a457f0324	65254	spontaneous-speech-led-65254.mp3	15516	6740	Nyì njèy ní dròdró ní ddu gbè Krismas, ǐdì mí madha ŋǎchú nyìdhí bba ó?	Mà dzz nì zǎ ndèymí mà dow nì ddìnga ó mà ri nì mí zǎ mà ra nì Ddrà-dzà ò	1			Lendu	train	3.480278422273782		False	0.09999999999999998	False	4.43723199103507	0.6278195488721805	False
789f537bcdf7638af5c97b59bc69a60d	65426	spontaneous-speech-led-65426.mp3	23328	6740	Nyì njèy ní dròdró ní ddu gbè Krismas, ǐdì mí madha ŋǎchú nyìdhí bba ó?	Krismas ddù mí mádha mà njey nì ǐchú mà njúw nì màtsò wá ddìnga ó mà ká ddiy rò thì cha nyùdha ní nì àa mbr̀dha ní nì  nwǎngú mà nì wá ddìnga ó nwǎngú mà nyù ŋà nga ro mà mbù ŋà nga ro hwî  tsùw mà ò mà lòw mà bbì bbìní	1			Lendu	train	7.030178326474623		False	0.2592592592592593	False	5.8446523245262	0.9789473684210527	False
e75023469f03884aa6b979a6eeb811c2	65491	spontaneous-speech-led-65491.mp3	17496	6740	Nyì njèy ní dròdró ní ddu gbè Krismas, ǐdì mí madha ŋǎchú nyìdhí bba ó?	Zǎ, rù nzòw ró, ma dzi nì zǎ, nzòw dhoró ma ndo nì wá mbr ndrú rǎ ndanà soda mà mbrr̀ mà nyu nì nga lǎní ma déy nì lǎní hìytss nà bba kà ó	1			Lendu	train	5.944215820759031		False	0.10370370370370374	False	6.09581097122792	0.9894736842105263	False
eea86ca8ea6b1af65157b06503a99e83	65916	spontaneous-speech-led-65916.mp3	21708	6740	Nyì njèy ní dròdró ní ddu gbè Krismas, ǐdì mí madha ŋǎchú nyìdhí bba ó?	Mà thi nì dza ró nga mà thi nì bbakà ó nga pwòdha nà klàdha nà  à déy lǎní mà dzz nì zǎ à dey ney mà gbú nì ru mà ra nì Ddrà dzà	1			Lendu	train	4.284134881149806		False	0.16800000000000004	False	4.353707028750865	0.5759398496240602	True
830ccfbc3f4a54ceb8d849dbfe1b520f	66041	spontaneous-speech-led-66041.mp3	22896	6740	Nyì njèy ní dròdró ní ddu gbè Krismas, ǐdì mí madha ŋǎchú nyìdhí bba ó?	Ma thi nì màtsá bba kà ó nga déy lǎní ma dzz nì lǎní ru nzòw ró ma dzz nì zǎ mà Idi ddù ó ndèymí Krismas ddù ó fú nì wá ddu má cha ma nja nì màtsá nzòw nyǔ nga lǎní nì ma ddí ma  nyǔ nga lǎní mà thó mà lǎní ru ó mà tsá bba kà ónga déy lǎní fú nì chú à lêy ma thi nì ma fú ddu mà dho	1			Lendu	train	8.997204751921732		False	0.36200716845878134	False	4.176902396818513	0.44360902255639095	True
f595d0e1832ceab8c935264c25968409	66536	spontaneous-speech-led-66536.mp3	19008	6740	Nyì njèy ní dròdró ní ddu gbè Krismas, ǐdì mí madha ŋǎchú nyìdhí bba ó?	Krismas ddù ó ma thi nì ma ma ra nì Ddrà nzz ma ngû ro  ma shi nì nga nyù chú ma ra nì  center rà dòw drá ní sâ nà cha ma nì njěy ní  ddiy nì ngǎ ro	1			Lendu	train	5.576599326599327		False	0.1724137931034483	False	4.903458314527555	0.8390977443609022	False
c5df5911e2fe9c37bfe33b1deacd2a9c	63809	spontaneous-speech-led-63809.mp3	19116	6741	Nza ó njí njèydha dhò nyì njèy ní njí ŋá mbrukpa jì nà?	Nza ó njí njèydha dhò nyì njey ní njí ŋá mbrukpa jì nǎ? Mà njey nì njí djow nà lùpángà nà ndèymí njaddǐ sâ nà	1			Lendu	train	4.446536932412639		False	0.1132075471698113	False	4.3770038988656665	0.5909774436090226	True
8acb58a60c926b87d6f906bec0e3c36d	64013	spontaneous-speech-led-64013.mp3	16200	6741	Nza ó njí njèydha dhò nyì njèy ní njí ŋá mbrukpa jì nà?	Nza ó njí njèydha dhò nyi njey ní njí ŋá mbrkpa jì nǎ mà njey nì njí jow nà njàddî sâ	1			Lendu	train	4.012345679012346		False	0.12195121951219512	False	4.431767498016003	0.6225563909774436	False
bb53c9cc38fe315d31ecd6251f4b4705	64088	spontaneous-speech-led-64088.mp3	23688	6741	Nza ó njí njèydha dhò nyì njèy ní njí ŋá mbrukpa jì nà?	Mà njey nì njí djow nà mà bbi nì ndanà nza mà njey nì njí lùpángà nà fúnì tsúw pwódha dho mà njey nì njí sâ nà fúnì tsó pwòdha dho mà njey nì njí lǒkò nà hwô hwòdha dho fúnì mà njey nì njí ndanà nì ddíy mà chú nì fu	1			Lendu	train	6.923336710570753		False	0.41981132075471694	False	4.054792628376441	0.3827067669172932	True
21fb7f77ccb2d6989e98bcd4edf4c539	64114	spontaneous-speech-led-64114.mp3	29340	6741	Nza ó njí njèydha dhò nyì njèy ní njí ŋá mbrukpa jì nà?	Mà njey nì njí djow nà, Mà njey nì njí sà nà,Mà njey nì njí hǎrà nà, mà njey nì njí aa spédì ní ka íy nì ní ddiy nà aa mà njey nì fú njí fú nì mà njey nì nda nà njí ddiy	1			Lendu	train	4.260395364689844		True	0.463855421686747	False			False
5ead05ed0317f78aa329e93b3f6c2b6c	64250	spontaneous-speech-led-64250.mp3	23436	6741	Nza ó njí njèydha dhò nyì njèy ní njí ŋá mbrukpa jì nà?	Mà njey nì njí djow nà lupanga sâ cha nza djúnga kakru nì mí mbrukpa jì gbè hárà ní chú nì mà nà lǒ tsúw ddéydha dhò	1			Lendu	train	3.840245775729647		False	0.053097345132743334	False	5.897351948053337	0.981203007518797	False
eea86ca8ea6b1af65157b06503a99e83	64722	spontaneous-speech-led-64722.mp3	20988	6741	Nza ó njí njèydha dhò nyì njèy ní njí ŋá mbrukpa jì nà?	Ya nzá nyi bbà nyǐngá dza kǎ nga bbǔbbú ro, ma gbú nì ma nyú ddà, ma mbr nì shǎyi kónó ma rà bba kǎ nga bbà ma rà rà cha dhǐy má ma nì rǎ njèy nì ò	1			Lendu	train	5.193443872689156		False	0.16666666666666663	False	5.200438558629963	0.9105263157894737	False
3d6b646c1cb9130eb226ee4110f7995d	64902	spontaneous-speech-led-64902.mp3	13248	6741	Nza ó njí njèydha dhò nyì njèy ní njí ŋá mbrukpa jì nà?	Ddì nì nì djow lupanga sâ nga krùdha mî	1			Lendu	train	2.339975845410628	transcription-length	False	0.08333333333333337	False	6.198621214790973	0.9917293233082707	False
789f537bcdf7638af5c97b59bc69a60d	65326	spontaneous-speech-led-65326.mp3	23940	6741	Nza ó njí njèydha dhò nyì njèy ní njí ŋá mbrukpa jì nà?	Nza ó njí njèydha dho mà njey nì njí í ddiy na djow nà mà bbi nì nga sâ nà mà pwo nì nga lǒkò nà mà hwo nì hwô nza ò luw ndèy nà nì aa njàddí ddiy mà njeynì ndanà mà krú nì nga krú ní sâ mà nà nza djòluw nà nì nga	1			Lendu	train	6.599832915622389		False	0.2952380952380952	False	4.771664621653821	0.7954887218045112	False
9effd7faf8601b37182a0098bf1d23b2	65475	spontaneous-speech-led-65475.mp3	20448	6741	Nza ó njí njèydha dhò nyì njèy ní njí ŋá mbrukpa jì nà?	Nza ó njí njèydha dhò ma njey nì njí djow nà, ma njey nì njí lǒ nà, ma njey nì njí sà nà, ngéyngéy ní nyù tsò njúwdha dhò ma njey nì njí tókò nà	1			Lendu	train	5.379499217527386		False	0.3900709219858156	False	3.933747053091332	0.3067669172932331	True
830ccfbc3f4a54ceb8d849dbfe1b520f	65792	spontaneous-speech-led-65792.mp3	22500	6741	Nza ó njí njèydha dhò nyì njèy ní njí ŋá mbrukpa jì nà?	Mà njey nì njí djow nà mà njey nì njí sà nà mà kpi nì mà kokoró gěti nà fú nì chú léy nì ndey nji njey nì ndèy lǎní màdho ya mà rà nza ò ro  djow nì ddiy ma cha ndèy tde nì lǎní njí njèydha dho	1			Lendu	train	6.4		False	0.25263157894736843	False	3.9919827840553603	0.34285714285714286	True
69460059366eafce16269260ed3e45b0	65797	spontaneous-speech-led-65797.mp3	10980	6741	Nza ó njí njèydha dhò nyì njèy ní njí ŋá mbrukpa jì nà?	Ma njey ní njí djow nà, dyi nà, lǒ nà njàddí nga nà	1			Lendu	train	3.551912568306011		True	0.04166666666666663	False			False
b60ffd663a6f4ea05bc69ef86c8ee3e8	66036	spontaneous-speech-led-66036.mp3	12780	6741	Nza ó njí njèydha dhò nyì njèy ní njí ŋá mbrukpa jì nà?	Ma njey nì njí djow nà, sâ nà, lǒ nà, fúnì mbkpa má ma njeynì ndana nza ó njí nì à nì fu	1			Lendu	train	5.164319248826291		False	0.14117647058823535	False	4.724353311816349	0.7729323308270677	False
da097b556a52dc7d273093cf8ce97abd	66360	spontaneous-speech-led-66360.mp3	20448	6741	Nza ó njí njèydha dhò nyì njèy ní njí ŋá mbrukpa jì nà?	Ma njey nì njí nza ò nì mbkpa jì nì ddìnì lùpángà, rwo nì sà, gbow nì djow, tho nì ma ti nì dyi nà	1			Lendu	train	3.618935837245696		False	0.10526315789473684	False	5.382655714772551	0.9406015037593985	False
f595d0e1832ceab8c935264c25968409	66651	spontaneous-speech-led-66651.mp3	12888	6741	Nza ó njí njèydha dhò nyì njèy ní njí ŋá mbrukpa jì nà?	Ma njey nì njí djow nà sâ na lupanga na lǒ ndèymí ngéyngéy nî nà	1			Lendu	train	3.879577901924271		False	0.049180327868852514	False	4.778054000644259	0.7984962406015037	False
c5df5911e2fe9c37bfe33b1deacd2a9c	63827	spontaneous-speech-led-63827.mp3	23076	6742	Nyi njèy ní ddu ya electricity ní ngǎ nyìdhí bba ó ro?	Nyì njey ní ddu ya electricity nì ngǎ nyìdhí bba ó ro mà dzz nì sólà mà kí nì ndanà kàss njàddî mà rr nì nga kàli tsò nà njàddî màkálà nà njàddî mà í nì nga káddùmà nà ndèymí tǎlà mà nà ndèymî ddùddú ní sólà nà	1			Lendu	train	7.063615877968452		False	0.2560386473429952	False	4.531745768633963	0.6766917293233082	False
4690939abbaed200afffde0a457f0324	65040	spontaneous-speech-led-65040.mp3	14796	6742	Nyi njèy ní ddu ya electricity ní ngǎ nyìdhí bba ó ro?	Ma dzz nì tǎlà ma dzz nì sólà ndèymí ma vú nì kàss dzá	1			Lendu	train	2.7710191943768585	transcription-length	False	0.1568627450980392	False	5.256157116050953	0.9225563909774436	False
bb53c9cc38fe315d31ecd6251f4b4705	65209	spontaneous-speech-led-65209.mp3	16560	6742	Nyi njèy ní ddu ya electricity ní ngǎ nyìdhí bba ó ro?	Mà tow nì màdhí dza ó kàss káddùmà djú mà tow nì màdhí dza ó tǎlà mà vú nì kàss kǎlíy nà njàddí sâ nà	1			Lendu	train	4.649758454106281		False	0.24489795918367352	False	5.083899493420278	0.8864661654135338	False
789f537bcdf7638af5c97b59bc69a60d	65248	spontaneous-speech-led-65248.mp3	21960	6742	Nyi njèy ní ddu ya electricity ní ngǎ nyìdhí bba ó ro?	Ya elèktrísìti nì ngǎ ro mà vú nì kàss kàlíy tsò nà nì Ya elèktrísìti nì ngǎ ro mà mà mey nì káddùmà mà léy nì djònò kàss Ya elèktrísìti nì ngǎ ro à mà mey nì wánì tuw mà chey nì ndanà bǎtìrì túw kpà à kǎ mà dho kàss ní à í mà nyúddǎ ngà	1			Lendu	train	8.242258652094717		False	0.34615384615384615	False	4.977656962646061	0.8654135338345864	False
69460059366eafce16269260ed3e45b0	65641	spontaneous-speech-led-65641.mp3	9936	6742	Nyi njèy ní ddu ya electricity ní ngǎ nyìdhí bba ó ro?	Mà njeynì njí kádùmà nà njaddí nga nà	1			Lendu	train	3.0193236714975846		True	0.02941176470588236	False			False
da097b556a52dc7d273093cf8ce97abd	65710	spontaneous-speech-led-65710.mp3	20916	6742	Nyi njèy ní ddu ya electricity ní ngǎ nyìdhí bba ó ro?	Ya electricity nì ngǎ màdhí bba ó ro ddì nì ma njey nì njí kàndol nà rwo nì mî ma njey nì njí kádùmà nà gbow nì mî ma njey nì njí tǎlà nà tho nì mî ma ra nì ma mbr nì ney tǎlà dzz ma njey nì ndanà njí nì	1			Lendu	train	7.267163893669918		False	0.355	False	3.966399009770554	0.3255639097744361	True
830ccfbc3f4a54ceb8d849dbfe1b520f	66029	spontaneous-speech-led-66029.mp3	20808	6742	Nyi njèy ní ddu ya electricity ní ngǎ nyìdhí bba ó ro?	Mà dzz nì sólà mà ndeyní à kwó mà dhotsò kàss ndòdha nà màdhí dza ó ddu djúddù elèktrísìtì shi nì nzǐ yò bba mà dè í mà nì mí nga ó ney à dho shì à nì jǐ ngu děy li dhotsò kwó gàmétè nà ddǐngǎ ma elèktrísìtì shǐ màdhí nga ó	1			Lendu	train	8.217993079584776		False	0.19090909090909092	False	4.884702971391092	0.8353383458646616	False
f1a9e65b853cca9c7a61a76ceeba58e2	66341	spontaneous-speech-led-66341.mp3	16596	6742	Nyi njèy ní ddu ya electricity ní ngǎ nyìdhí bba ó ro?	Mà dzz nì kéndol mà dzz nì battery ndèymí sólà ndèymí balbù nà mànjeynì dhǐy ndanà màdhí bba ó à kó nì mà tsotso	1			Lendu	train	5.362738009158833		False	0.14678899082568808	False	4.5295766381684714	0.674436090225564	False
eea86ca8ea6b1af65157b06503a99e83	66489	spontaneous-speech-led-66489.mp3	18936	6742	Nyi njèy ní ddu ya electricity ní ngǎ nyìdhí bba ó ro?	Ya elektrisiti nì ngǎ màdhí bba ó ro mà dzz nì mǒtálà ma léy nì káddùmà ó chì déy nì ney njàddí sâ nà ya chì nì ngǎ ro mà dzz nì dùdú ní tròshí mà í nì ndanà nga	1			Lendu	train	6.442754541613858		False	0.1708860759493671	False	4.605821109145649	0.718796992481203	False
f595d0e1832ceab8c935264c25968409	66603	spontaneous-speech-led-66603.mp3	16668	6742	Nyi njèy ní ddu ya electricity ní ngǎ nyìdhí bba ó ro?	Ya electricity nì ngǎ mà dhí bba ó ro mà njey nì njí sólà mí kàtss nà cha ney ndèynì mà vi chùw cha ngǎ klòw ní dzz ó nì	1			Lendu	train	5.459563234941205		False	0.09401709401709402	False	4.236972295397238	0.49022556390977445	True
c5df5911e2fe9c37bfe33b1deacd2a9c	63855	spontaneous-speech-led-63855.mp3	19080	6743	Ŋá tuw jì nà nyìdhí bba ó bbalè chùw ní bba ó lò ndèymí cha ndèy nì ndèy njěy bba ó nì lò nà?	Ŋá tuw jì nà nyìdhí bba ó bbalè chuw ní bba ó lò ndèymí cha ndèynì ndèy njěy bba ó nì lò nǎ? Redio nà njǎddî ka cho nì dyòw-djá mbǎ lò ngéy ní ndrǔ dè	1			Lendu	train	6.027253668763102		False	0.1496598639455783	False	4.016607622896606	0.36390977443609024	True
8acb58a60c926b87d6f906bec0e3c36d	63902	spontaneous-speech-led-63902.mp3	21240	6743	Ŋá tuw jì nà nyìdhí bba ó bbalè chùw ní bba ó lò ndèymí cha ndèy nì ndèy njěy bba ó nì lò nà?	Ŋá tuw jì nà nyìdhí bba ó bbalè chuw ní bba ó lò ndèymí cha ndèy nì ndèy njěy bba ó lò nà? radio njàddǐ ka cho nì dyòw-djá	1			Lendu	train	4.425612052730696		False	0.17647058823529416	False	4.026946790106175	0.3684210526315789	True
bb53c9cc38fe315d31ecd6251f4b4705	64081	spontaneous-speech-led-64081.mp3	16596	6743	Ŋá tuw jì nà nyìdhí bba ó bbalè chùw ní bba ó lò ndèymí cha ndèy nì ndèy njěy bba ó nì lò nà?	Fú ndrǔ dròdró ní ndrǔ njúw fú ndrǔ tsò à ndǒ fú ndrǔ dhò pólìo ndaní à dá fú ndrǔ fú ndrǔ tsǐ ndanà bba ó lò	1			Lendu	train	5.00120510966498		False	0.28301886792452835	False	4.005635631238305	0.35714285714285715	True
f595d0e1832ceab8c935264c25968409	64102	spontaneous-speech-led-64102.mp3	19620	6743	Ŋá tuw jì nà nyìdhí bba ó bbalè chùw ní bba ó lò ndèymí cha ndèy nì ndèy njěy bba ó nì lò nà?	Màdhí bba ó bbalè chuw nì lò radio rrđha òluw màdhí bba ó bbalè chuw nì lò mídìyà òluw njàddî ndrǔ rr nì bbakàó bbalè tsò ró ka nì ngǔ nì	1			Lendu	train	5.45361875637105		False	0.28358208955223885	False	3.512333119461466	0.0924812030075188	True
789f537bcdf7638af5c97b59bc69a60d	64129	spontaneous-speech-led-64129.mp3	21780	6743	Ŋá tuw jì nà nyìdhí bba ó bbalè chùw ní bba ó lò ndèymí cha ndèy nì ndèy njěy bba ó nì lò nà?	Màdho bba ó bbalè kà chuw nì lò í lò  jì nà ddi nì ka mey nì djǎ rwo nì ka pey nì li tsòw gbow nì ka pey nì símu cha ney ì nì ndì nga ó nì bbalè dho tho nì ka chó nì nzòw kà kǒw cha nyi ró nà nì bbalè dè luw	1			Lendu	train	6.887052341597796		False	0.2598039215686274	False	4.6964319823112275	0.7593984962406015	False
830ccfbc3f4a54ceb8d849dbfe1b520f	64227	spontaneous-speech-led-64227.mp3	13248	6743	Ŋá tuw jì nà nyìdhí bba ó bbalè chùw ní bba ó lò ndèymí cha ndèy nì ndèy njěy bba ó nì lò nà?	Ma tey nì nzòw dhò kpàwá njàddí nì mà dho nì lò nzòw  dhò cha ndèy dà ndruní nì lò  nzòw tsǐwò ní	1			Lendu	train	5.510265700483092		False	0.15957446808510634	False	4.515135279429485	0.6631578947368421	False
eea86ca8ea6b1af65157b06503a99e83	64328	spontaneous-speech-led-64328.mp3	24156	6743	Ŋá tuw jì nà nyìdhí bba ó bbalè chùw ní bba ó lò ndèymí cha ndèy nì ndèy njěy bba ó nì lò nà?	Djǎ mèydha nà ya dhi nì ney ro dzz pèydha nà símù pèydha nà ngéy ngéy ní bbalè dho ya njàddí lò nì ney màdhí bba ó ro bbalè chódha nà ngèy ngéy ní dza kàluw ndèymí midiya njàdha nà	1			Lendu	train	5.837059115747641		False	0.288135593220339	False	4.321450269808881	0.5571428571428572	True
da097b556a52dc7d273093cf8ce97abd	65226	spontaneous-speech-led-65226.mp3	18468	6743	Ŋá tuw jì nà nyìdhí bba ó bbalè chùw ní bba ó lò ndèymí cha ndèy nì ndèy njěy bba ó nì lò nà?	Mà dhí bba bbalè chuw nì lò ddì nì mî ya ka chô rǎdìo djú rwo nì mî ya bbalè dhì ka mey nì lo gbow nì mî ka íy nì cha dròdró ní bbalè à rǎ lò zz̀	1			Lendu	train	5.7938055014078405		False	0.21830985915492962	False	4.228369667908938	0.48345864661654137	True
4690939abbaed200afffde0a457f0324	65534	spontaneous-speech-led-65534.mp3	15840	6743	Ŋá tuw jì nà nyìdhí bba ó bbalè chùw ní bba ó lò ndèymí cha ndèy nì ndèy njěy bba ó nì lò nà?	Mà chuw nì bba ó lò rǎdìo òluw njàddí ka mey nì lo, djǎ ndèymí ka pey nì dzz	1			Lendu	train	3.6616161616161618		False	0.09589041095890416	False	4.48532032046636	0.650375939849624	False
9effd7faf8601b37182a0098bf1d23b2	65673	spontaneous-speech-led-65673.mp3	18756	6743	Ŋá tuw jì nà nyìdhí bba ó bbalè chùw ní bba ó lò ndèymí cha ndèy nì ndèy njěy bba ó nì lò nà?	Màdhí bba ó bbalè chuw nì lò mí tuw nì simu peydha mànǎ djǎ mèydha mànǎ rediyo ó lò mànǎ ndèymí ngeyngéy ní tuw ò luw  màdhí bba ó bbalè chuw nì lò	1			Lendu	train	6.078055022392834		False	0.29861111111111116	False	3.803588810039831	0.21654135338345865	True
5ead05ed0317f78aa329e93b3f6c2b6c	65897	spontaneous-speech-led-65897.mp3	24120	6743	Ŋá tuw jì nà nyìdhí bba ó bbalè chùw ní bba ó lò ndèymí cha ndèy nì ndèy njěy bba ó nì lò nà?	Ka njǔnì bbalè tsò ddǐnga ó, ka chó nì lò radio ó, ka chó nì nzòw à bbíy li làyi dèluw njàddí nì ka mey nì djǎ ndaní à dhǒ í ngá lò nì ney cha ndèy njèy ndèy nì	1			Lendu	train	5.016583747927031		False	0.14649681528662417	False	4.787780094496472	0.8022556390977443	False
69460059366eafce16269260ed3e45b0	65945	spontaneous-speech-led-65945.mp3	11736	6743	Ŋá tuw jì nà nyìdhí bba ó bbalè chùw ní bba ó lò ndèymí cha ndèy nì ndèy njěy bba ó nì lò nà?	Mà chuw nì lò li njúwdha tùw ò luw njaddí nga nà  mà rr nì ya ka pèy tèlèfóne	1			Lendu	train	4.942058623040218		False	0.027027027027026973	False	5.386768171271663	0.9428571428571428	False
f1a9e65b853cca9c7a61a76ceeba58e2	66239	spontaneous-speech-led-66239.mp3	22860	6743	Ŋá tuw jì nà nyìdhí bba ó bbalè chùw ní bba ó lò ndèymí cha ndèy nì ndèy njěy bba ó nì lò nà?	Djǎ mèydha nà, dzz pèydha nà jǔ kúwdha nà, sǐmù òluw, nawusímèn bbúdha nà redio òluw áẁ wàsáp òluw	1			Lendu	train	3.543307086614173		False	0.1875	False	4.835238611361551	0.8180451127819549	False
789f537bcdf7638af5c97b59bc69a60d	64493	spontaneous-speech-led-64493.mp3	25056	6744	Ya nì ngǎ nyùdha ní ddiy nà cha ŋà ndèy ká nì ro nyi njèy ní ddu?	Ya ma nì ngǎ nyù dha ní ddiy nà ro à ji ma rǎ lědjà bbì ya ma nì ngǎ nyù dha ní ddiy nà ro à ji ma rǎ kwo ma dyási dè ya ma nì ngǎ nyù dha ní ddiy nà ro cha ndèy kâ na nì ro fú its djú à nì jǐ ma pěy nú ma djòkpa nga ya zz̀dha ní kpe ya ŋǎ ní  kpe ma njěy nú wá nì klòw	1			Lendu	train	7.702745849297573		False	0.37593984962406013	False	4.53428166849691	0.6774436090225564	False
f595d0e1832ceab8c935264c25968409	64559	spontaneous-speech-led-64559.mp3	16308	6744	Ya nì ngǎ nyùdha ní ddiy nà cha ŋà ndèy ká nì ro nyi njèy ní ddu?	Ma kwó nì kíyddà madyásì dè ddí ma ra nì kíyddà zz̀ sǒkò ddí bbi ní ma dyási dè ndrǔ bbú nì madho ney	1			Lendu	train	4.7829286239882265		False	0.16326530612244894	False	5.281306598180147	0.924812030075188	False
4690939abbaed200afffde0a457f0324	64631	spontaneous-speech-led-64631.mp3	13320	6744	Ya nì ngǎ nyùdha ní ddiy nà cha ŋà ndèy ká nì ro nyi njèy ní ddu?	Ma mey nì wánì tuw ma chǔw ndanà cha ma dho nyù nì ddiy lěydjà bbìydha nà cha ndèy bbú madhò mb nì	1			Lendu	train	5.7057057057057055		False	0.0736842105263158	False	5.080088577285228	0.8842105263157894	False
69460059366eafce16269260ed3e45b0	65172	spontaneous-speech-led-65172.mp3	16668	6744	Ya nì ngǎ nyùdha ní ddiy nà cha ŋà ndèy ká nì ro nyi njèy ní ddu?	Njàddí nga nà ma dzz nì dzz̀dha mí nga ó njà ddí nga nà ma ra nì bbalè dhí njí njèy nyû ró nja ddí nga nà chú ma kwó nì bbalè dèddù ro	1			Lendu	train	6.0595152387808975		False	0.2748091603053435	False	3.5399231999632916	0.1037593984962406	True
21fb7f77ccb2d6989e98bcd4edf4c539	65422	spontaneous-speech-led-65422.mp3	22788	6744	Ya nì ngǎ nyùdha ní ddiy nà cha ŋà ndèy ká nì ro nyi njèy ní ddu?	Ma njey nì pà děy fúnga dzzdjú ma njey nì bbalè dhí ngéyngey ní  njí jì cha ney ndèy dho mb bbu ma dhò nì ndaní ma ngú ndanà fú nyù dzz̀ fú nì nì ma njey nì ní tuw nì fu	1			Lendu	train	5.573108653677374		False	0.1987951807228916	False	4.271629704473578	0.5210526315789473	True
3d6b646c1cb9130eb226ee4110f7995d	65427	spontaneous-speech-led-65427.mp3	11340	6744	Ya nì ngǎ nyùdha ní ddiy nà cha ŋà ndèy ká nì ro nyi njèy ní ddu?	À kà ma bbǐyò ní nza ma ngú kíyddà ndrr dzz̀dha ní nyû nà ddí ndeyní nyû děyò ní ney màtsá ngá dza ó	1			Lendu	train	6.790123456790123		False	0.11340206185567014	False	4.6210449778403815	0.7240601503759398	False
5ead05ed0317f78aa329e93b3f6c2b6c	65772	spontaneous-speech-led-65772.mp3	20016	6744	Ya nì ngǎ nyùdha ní ddiy nà cha ŋà ndèy ká nì ro nyi njèy ní ddu?	Ma  ra nì dhǐy mèy bbalè dè ma njěy ní ndaní ndrǔ kwó ma tsotso nyùdha ní ddiy nà ya ddiy nì ngǎ ro ke ma híy nì ma ddu nì nú huw ní	1			Lendu	train	4.896083133493205		False	0.12403100775193798	False	4.378329940482887	0.5924812030075188	True
da097b556a52dc7d273093cf8ce97abd	65812	spontaneous-speech-led-65812.mp3	18828	6744	Ya nì ngǎ nyùdha ní ddiy nà cha ŋà ndèy ká nì ro nyi njèy ní ddu?	Ya ma nì ngǎ nyùdha ní ddiy nà ddì nì ma rà nì dzz̀ dzz̀ ní sǒkò óddu mà ngú nì rì ma nyǔ rwo nì mî ma rà nì zz ma dyási dèddù ndrǔ kwó ndanà ma tsotso ma rà ngu bìytsò ngù	1			Lendu	train	6.8514977692797965		False	0.16568047337278102	False	4.571805047949406	0.7015037593984963	False
b60ffd663a6f4ea05bc69ef86c8ee3e8	65920	spontaneous-speech-led-65920.mp3	18288	6744	Ya nì ngǎ nyùdha ní ddiy nà cha ŋà ndèy ká nì ro nyi njèy ní ddu?	À ji nì ma měy tuw wá nì ma rǎ fú ddiy chùw ndanà ma nyǔ marǎ lědjà bbi ingí ma rǎ njǎli ngá dhǐy njèy ndanà ma chǔw ndanà ma chǔw ndanà má mí zow nì ma ró nì ndaní  ma ká nyù fú sâ djò	1			Lendu	train	7.545931758530184		False	0.25274725274725274	False	4.652310355302299	0.7406015037593985	False
830ccfbc3f4a54ceb8d849dbfe1b520f	66090	spontaneous-speech-led-66090.mp3	17496	6744	Ya nì ngǎ nyùdha ní ddiy nà cha ŋà ndèy ká nì ro nyi njèy ní ddu?	Ma ley nì nu mà djùw fú à kà ma njey nì ddiy ró à ra ngu jì ma chú ma déy cha ndèynì madho lò dhǒ nì à ra ngu jì ma déy pbò ma déy fú lò mà wá rr̀ tdè ma ngú ddòw nji ddòw ní nji	1			Lendu	train	7.373113854595337		False	0.22857142857142854	False	5.985936732748896	0.9849624060150376	False
eea86ca8ea6b1af65157b06503a99e83	66180	spontaneous-speech-led-66180.mp3	17856	6744	Ya nì ngǎ nyùdha ní ddiy nà cha ŋà ndèy ká nì ro nyi njèy ní ddu?	Nyû kâ nzá ma ra nì màlayí dè ndaní à kwo ma tsotso cha à dè ney à nì ddiy nà njàdddí sâ nà ma ra nì dzz̀ dzz̀dhaní ya mbr nì ney ma ró ro ma dzz nì dzz ní	1			Lendu	train	6.440412186379928		False	0.19736842105263153	False	4.69815798286344	0.7609022556390977	False
f1a9e65b853cca9c7a61a76ceeba58e2	66330	spontaneous-speech-led-66330.mp3	16056	6744	Ya nì ngǎ nyùdha ní ddiy nà cha ŋà ndèy ká nì ro nyi njèy ní ddu?	Ma ndrŕ klôw, ma bbǐ yò nì, ma kwó ma dyási dè, ma dzž njàddî dzz̀dha ní	1			Lendu	train	3.612356751370204		False	0.09859154929577463	False	4.829303586804068	0.8150375939849624	False
9effd7faf8601b37182a0098bf1d23b2	66622	spontaneous-speech-led-66622.mp3	17280	6744	Ya nì ngǎ nyùdha ní ddiy nà cha ŋà ndèy ká nì ro nyi njèy ní ddu?	Ya ma nì ngǎ nyùdha ní ddiy nà cha ndèy kâ nì ro ma ra nì dzz sǒkò ò ma ra nì madyási dè rà kwo à kwó ma tsotso ndanà ddey ní	1			Lendu	train	5.381944444444444		False	0.11475409836065575	False	3.9166772667939256	0.2954887218045113	True
c5df5911e2fe9c37bfe33b1deacd2a9c	63839	spontaneous-speech-led-63839.mp3	22356	6745	Cha ì nì déy nyìdhí bba ó nì bbalè chùw ní mbu ŋá tuw jì nà?	Cha ì nì dey nyidhí bba ó nì bbalè chuw ní mbr ŋá tuw jì nà ndrǔ bbi nì nza njàddí ndrǔ bbi nì njàddí ndrǔ dhí  nza à ká mbr bbu ì dho njàddí ndrǔ tha nì tsúw njàddí ndrǔ dzź nì ddiy ó nga cha ì bbì nza ó nì njàddí ndrǔ dzź nì měya ǒnga cha ì nì ngba nà nì	1			Lendu	train	8.677759885489353		False	0.3803921568627451	False	3.814088554050651	0.22406015037593985	True
8acb58a60c926b87d6f906bec0e3c36d	63982	spontaneous-speech-led-63982.mp3	14328	6745	Cha ì nì déy nyìdhí bba ó nì bbalè chùw ní mbu ŋá tuw jì nà?	Cha ì nì dey nyi dhí bba ó nì bbalè chuw ní mbr ŋá tuw jì nǎ ndrǔ bbi nì nza ndrǔ dzí nì ddiy ó nga	1			Lendu	train	5.094919039642657		False	0.09375	False	4.084032513681188	0.3969924812030075	True
bb53c9cc38fe315d31ecd6251f4b4705	64093	spontaneous-speech-led-64093.mp3	18720	6745	Cha ì nì déy nyìdhí bba ó nì bbalè chùw ní mbu ŋá tuw jì nà?	Fú ndrǔ njey nì dhǐy fú ndrú tha nì tsúw fú ndrú bbi nì nza fúndrú ddow nì mèddá  fú ndrǔ njey nì ngéyngéy ní dhǐy tsuw tsi jì fú ndrǔ ddow nì à ddá nì fú ndrú dhò frǎnga nì	1			Lendu	train	7.051282051282052		False	0.32352941176470584	False	4.621636477510423	0.724812030075188	False
830ccfbc3f4a54ceb8d849dbfe1b520f	64315	spontaneous-speech-led-64315.mp3	21636	6745	Cha ì nì déy nyìdhí bba ó nì bbalè chùw ní mbu ŋá tuw jì nà?	Ndrǔ bbíy nì sǒkò òluw rà ddiy ónga dzz ndeyní ndrǔ chǔw ndanà mb njàddí tde nì ndrǔ dzz nì ìdhí nò ónga cha gbè shu ní nì ddiy mà à léy nì ndrǔ chuw nì mb lǎní màdhí bba ó à njàddí ddiy nì ndrǔ dzź nì drr̀dja mà ónga à léy nì ndrǔ chuw nì mb lǎní ínga màdhí bbǎ ó mà njanì ddiy jì nà	1			Lendu	train	10.075799593270476		False	0.34042553191489366	False	3.887568578348708	0.27593984962406015	True
f1a9e65b853cca9c7a61a76ceeba58e2	64388	spontaneous-speech-led-64388.mp3	22968	6745	Cha ì nì déy nyìdhí bba ó nì bbalè chùw ní mbu ŋá tuw jì nà?	Ndrǔ bbi nì nza ndrǔ njey nì kuloka ndrǔ chǔw ndanà mb ndrǔ tha nì tsúw ndanà ì chùw mb ndrǔ njey nì tdiytdiy nì njí li dhokpa nà nì cha ndèydho mb bbunì	0			Lendu	train	5.224660397074191		False	0.26	False	4.152655042203684	0.4338345864661654	True
5ead05ed0317f78aa329e93b3f6c2b6c	64707	spontaneous-speech-led-64707.mp3	23040	6745	Cha ì nì déy nyìdhí bba ó nì bbalè chùw ní mbu ŋá tuw jì nà?	Njaddí ndrǔ njey nì tǔwtǐw ní njí njàddí ndrǔ dzź nì ddiy ónga njàddí ndrǔ ji nì ra nì njí mèy ì làyi dè ì njěy ndaní à kwó ì tsotso	1			Lendu	train	4.470486111111112		False	0.17692307692307696	False	3.8486924696980775	0.25263157894736843	True
789f537bcdf7638af5c97b59bc69a60d	64809	spontaneous-speech-led-64809.mp3	21636	6745	Cha ì nì déy nyìdhí bba ó nì bbalè chùw ní mbu ŋá tuw jì nà?	Cha ney ì nì madí bbá ó nà nì bbalè à chuw nì mb í tuw jì nà ndrǔ bbi nì nyû ndrǔ dzź nì ǒnga ndrǔ bbi nì nza ndrǔ dzz nì ǒnga ndrǔ dzz nì ìdhí meydza ónga ney cha ì nì rǒnga pbǒ nà nì ndrǔ chuw ndanà mb rónga à lè ndrǔ tha ní tsúw cha ney ì nì tsúw thǎ nǎ nì nzòw ndanà ndrǔ chuw nì  mb	0			Lendu	train	9.937141800702534		False	0.38596491228070173	False	4.290187884973096	0.531578947368421	True
21fb7f77ccb2d6989e98bcd4edf4c539	65039	spontaneous-speech-led-65039.mp3	22176	6745	Cha ì nì déy nyìdhí bba ó nì bbalè chùw ní mbu ŋá tuw jì nà?	Ddì nì ddiy màdhí bba ó bbalè chuw nì mb pà dey nà ndrǔ bbíy nì bbìdha ní nza ka nyù-tsi tdòw  òmà fúddiy chú à ddá nì mb ndrǔ dhò ndrǔ déy nì ndanà lǎní nì	1			Lendu	train	5.366161616161616		False	0.12418300653594772	False	4.222705880372827	0.4781954887218045	True
e75023469f03884aa6b979a6eeb811c2	65577	spontaneous-speech-led-65577.mp3	19188	6745	Cha ì nì déy nyìdhí bba ó nì bbalè chùw ní mbu ŋá tuw jì nà?	Dzź nì ónga mànì nza bbǐy fú nza óddiy chú mà nì ngǔ bbakà mà nì ǒnga dzz mà nì ndanà mb chǔw mà nì ngéyngéy ní tuw jì nà mà nì ndanà mb chǔw nì fúddiy dho bbalè ínì à chuw nì ddiy ngéyngéy ma dho drr̀tsś ónga ddí dzz, drr̀ ónga ddí dzz ndaní ma chǔw ndanà mb	1			Lendu	train	10.527412966437357		False	0.34496124031007747	False	4.660578400887241	0.7473684210526316	False
da097b556a52dc7d273093cf8ce97abd	65616	spontaneous-speech-led-65616.mp3	18720	6745	Cha ì nì déy nyìdhí bba ó nì bbalè chùw ní mbu ŋá tuw jì nà?	Bbalè má ì nì màdhí bba ó nì chuw nì mb ya ddì nì ya nzòw sòmù lèy ro rwo nì mî ya ndrǔ bbì nyû ní ddiy ndrǔ dzź nì mí nyû ónga fúddiy nàchú ndrǔ ngú nì mb chùw	1			Lendu	train	6.463675213675214		False	0.1708860759493671	False	4.024677400819894	0.3669172932330827	True
b60ffd663a6f4ea05bc69ef86c8ee3e8	66284	spontaneous-speech-led-66284.mp3	17856	6745	Cha ì nì déy nyìdhí bba ó nì bbalè chùw ní mbu ŋá tuw jì nà?	Njàddí ndrǔ chuw nì nza bbìdha mí tuw ó njàddí ndrǔ chuw nì ddiy ó nga dzźdha sǒkò ò mí tuw ó	1			Lendu	train	4.08826164874552		False	0.2637362637362637	False	3.0877466095885	0.009774436090225564	True
3d6b646c1cb9130eb226ee4110f7995d	66365	spontaneous-speech-led-66365.mp3	19188	6745	Cha ì nì déy nyìdhí bba ó nì bbalè chùw ní mbu ŋá tuw jì nà?	Ndrǔ bbi nì nza ndrǔ mey nì tdiytdiy ní tuw ì chǔw ndanà mb cha ney à kâ ì vi ndanà ì tsotso kwo nì	0			Lendu	train	3.908692933083177		False	0.07291666666666663	False	4.281440269317444	0.5263157894736842	True
c5df5911e2fe9c37bfe33b1deacd2a9c	63820	spontaneous-speech-led-63820.mp3	18000	6746	Ya djì nì ngǎ bíy ní ddudhò nyi děy ǒmá nì bba ó ro, à jǐ nyì njèy ddu?	Ya dji nì ngǎ bíy ní ddu dhò nyì déy nì ǒmá nì bba ó ro à jǐ nyì njěy ddu? Ya djiy ní ngǎ à jì mà ngú nga bbì dda-bbùw ò cha nga nì shú mí nga ò	1			Lendu	train	5.833333333333333		False	0.13475177304964536	False	4.4627907553993795	0.637593984962406	False
8acb58a60c926b87d6f906bec0e3c36d	63955	spontaneous-speech-led-63955.mp3	15948	6746	Ya djì nì ngǎ bíy ní ddudhò nyi děy ǒmá nì bba ó ro, à jǐ nyì njèy ddu?	Ya dji nì ngǎ díy ní ddu dhò nyi dêy nì ǒmá nì bba ó ro à jì nyi njěy ddu? À jì ma bbǐy nza djùwbbà ò	1			Lendu	train	4.640080260847755		False	0.0714285714285714	False	4.7233080051712255	0.7721804511278195	False
f1a9e65b853cca9c7a61a76ceeba58e2	64469	spontaneous-speech-led-64469.mp3	22716	6746	Ya djì nì ngǎ bíy ní ddudhò nyi děy ǒmá nì bba ó ro, à jǐ nyì njèy ddu?	À jì ngòw djúddù mà ngú djùwbbà ò áẁ mà ngú dda-bbùw ò ndeyní à kwó mà tsotso cha ney mà kà mà njey ní ddiy nà ya ngǎ dji nì ro	1			Lendu	train	4.270117978517344		False	0.07999999999999996	False	4.130483537732387	0.4180451127819549	True
da097b556a52dc7d273093cf8ce97abd	65074	spontaneous-speech-led-65074.mp3	17100	6746	Ya djì nì ngǎ bíy ní ddudhò nyi děy ǒmá nì bba ó ro, à jǐ nyì njèy ddu?	Ya dji nì ngǎ cha ma déy nì bba ó ro bíy nì ddu dhò ma ngú nì djùwbbà rà djùwbbà bbì rwo nì mî ma pey nì bìríkì ma sš ndanà ma dhò lǎní dza à déy fungá bbakǎ	1			Lendu	train	6.95906432748538		False	0.16129032258064513	False	4.6991921207671	0.762406015037594	False
789f537bcdf7638af5c97b59bc69a60d	65216	spontaneous-speech-led-65216.mp3	24588	6746	Ya djì nì ngǎ bíy ní ddudhò nyi děy ǒmá nì bba ó ro, à jǐ nyì njèy ddu?	Ya dji nì ngǎ ro màdhí bba ó cha mà nì dǎ ndèy ò nà  ddrǒnì ddu dhò ro à ní jǐ ddu à nì jǐ mà dduw  nú dda bbùw ò mà bbí dda bbùw rwo nì mî ya dji nì ngǎ ro ddiy cha tówkpà má mà tdòw ddùddú nà nì  à ji mà chěy chǔwpà mà ddǔ dda ò nò luw kà déy  chey chéyní nyû tsi djò	1			Lendu	train	7.930697901415324		False	0.1842105263157895	False	5.9045873722818785	0.9819548872180451	False
21fb7f77ccb2d6989e98bcd4edf4c539	65251	spontaneous-speech-led-65251.mp3	20880	6746	Ya djì nì ngǎ bíy ní ddudhò nyi děy ǒmá nì bba ó ro, à jǐ nyì njèy ddu?	Ya dji nì ngǎ mà nì ngǎ cha dda ndèydho drr̀ madho ngòw djò ní chúma nà mà bbi nì djùbba mà ddow nì nyù shú ní nga ò djùbbà ndeyní fú nyù chú ka mà tsotso kwo	1			Lendu	train	5.795019157088123		False	0.13548387096774195	False	5.678991389649512	0.9736842105263158	False
69460059366eafce16269260ed3e45b0	65687	spontaneous-speech-led-65687.mp3	7956	6746	Ya djì nì ngǎ bíy ní ddudhò nyi děy ǒmá nì bba ó ro, à jǐ nyì njèy ddu?	Mà bbi nì djùwbbà ndèymí mà tdow nì nyû djùwbbà ò	1			Lendu	train	4.901960784313725		True	0.15217391304347827	False			False
830ccfbc3f4a54ceb8d849dbfe1b520f	65826	spontaneous-speech-led-65826.mp3	20340	6746	Ya djì nì ngǎ bíy ní ddudhò nyi děy ǒmá nì bba ó ro, à jǐ nyì njèy ddu?	À rà jì nyi chǔw tuw chú wá ma cha nyi dho ndanà njí lǎní nì chùw nyi njěy fú bba ó ya fú bba ó bbalè njey nì njí nzǐ nyi chú cha nyi jì má nyi shì ndanà fú bba ó nì njí njèydha mî nyi rà nyǐngá njí njèy nděymí nú ney ddudjú ddù ngéyngey ní bbalè njey nì nzǐ dhǐy ngéy ní bbalè njey nì njí ney	1			Lendu	train	10.96361848574238		False	0.3310344827586207	False	4.263047886076837	0.5142857142857142	True
3d6b646c1cb9130eb226ee4110f7995d	65936	spontaneous-speech-led-65936.mp3	23868	6746	Ya djì nì ngǎ bíy ní ddudhò nyi děy ǒmá nì bba ó ro, à jǐ nyì njèy ddu?	À jì ma rǎ nga bbì dda-bbùw ò ndení ma tdǒw ndanà nyû cha mà dho nyù nì ngéy ní nì mà léyò ní ka tdǒwò ní ndanà dhùw mà lí ndanà shu dda-bbùw ò	1			Lendu	train	4.566783978548684		False	0.2142857142857143	False	5.031392255356269	0.8736842105263158	False
5ead05ed0317f78aa329e93b3f6c2b6c	66380	spontaneous-speech-led-66380.mp3	21888	6746	Ya djì nì ngǎ bíy ní ddudhò nyi děy ǒmá nì bba ó ro, à jǐ nyì njèy ddu?	À jì mà chǔw tuwtsò cha ney màdho ndanà mbr chùw ndaní à kwó mà tsotso à jì mà ngú ní bbi dda bbǔw jùw ò mà tdǒw nyû cha ney ndèydho dey shúshú ní nga ó nì ndaní à kwó mà tsotso	1			Lendu	train	6.167763157894736		False	0.21264367816091956	False	3.820028403186674	0.22932330827067668	True
9effd7faf8601b37182a0098bf1d23b2	66395	spontaneous-speech-led-66395.mp3	17280	6746	Ya djì nì ngǎ bíy ní ddudhò nyi děy ǒmá nì bba ó ro, à jǐ nyì njèy ddu?	Ya dji nì ngǎ bíy ní ddu dhò ro à jì nyi ngú dda-bbùò rà shúshú ní nga bbì à jì nyi jí dda cha ney ndèy nì nyû djòluw wá	1			Lendu	train	5.208333333333333		False	0.11111111111111116	False	4.381617993809972	0.5947368421052631	True
eea86ca8ea6b1af65157b06503a99e83	66458	spontaneous-speech-led-66458.mp3	16560	6746	Ya djì nì ngǎ bíy ní ddudhò nyi děy ǒmá nì bba ó ro, à jǐ nyì njèy ddu?	Ya dji nì ngǎ bíy ní bíy bǐy dho ro mà bbi nì djùwbbà ya mà nì djùwbbà bbǐy mà chùw nga nì shú nyû rà 'wò ney mà nì ney ddiy nà cha mà nyu nì	1			Lendu	train	6.340579710144928		False	0.21739130434782605	False	5.305975029143723	0.9293233082706767	False
f595d0e1832ceab8c935264c25968409	66475	spontaneous-speech-led-66475.mp3	16020	6746	Ya djì nì ngǎ bíy ní ddudhò nyi děy ǒmá nì bba ó ro, à jǐ nyì njèy ddu?	À kà nyi thǐ nza luwte nyû ddòwdha dhò à kà nyi thuw dda bbùw ò nga bbì cha nga nì shú mí nga ò luw ddí  nyû ddòwdha dhò	1			Lendu	train	5.617977528089888		False	0.23931623931623935	False	5.456832918056254	0.9511278195488722	False
789f537bcdf7638af5c97b59bc69a60d	64781	spontaneous-speech-led-64781.mp3	20880	6747	À jì nyi njèy ddù ya nyi nì ngǎ mbu nà cha nyi dhò ndanà nyì ngá nzòw dhí skul fiz bbu nì?	À ji nyi rǎ sò-dha djú ddrǒngóli dè  ya nyi nì mbǎ ngǎ mbr nà ndanà nyi dho nzòw cho ndana sò dha ò nǎ nì à ji nyi rǎ lědjà bbì má kà dho klôw bbu cha mbr chùw dha mî ndanà nyi dho ndanà ngba cho kà rǎ ndanà sò-dhà ò nà nì	1			Lendu	train	7.99808429118774		False	0.26940639269406397	False	4.858754279199175	0.8263157894736842	False
4690939abbaed200afffde0a457f0324	65036	spontaneous-speech-led-65036.mp3	14076	6747	À jì nyi njèy ddù ya nyi nì ngǎ mbu nà cha nyi dhò ndanà nyì ngá nzòw dhí skul fiz bbu nì?	À jì nyi bbǐy nza nyi těy lò sùkúl ó dròdró ní ndrǔ nà à njěy nyi zòw děy nyi nì sùkúl fǐz měy mí nga nà	1			Lendu	train	5.541346973572037		False	0.1188118811881188	False	4.433521269414801	0.6233082706766917	False
f1a9e65b853cca9c7a61a76ceeba58e2	65272	spontaneous-speech-led-65272.mp3	23220	6747	À jì nyi njèy ddù ya nyi nì ngǎ mbu nà cha nyi dhò ndanà nyì ngá nzòw dhí skul fiz bbu nì?	Ma hǒw madyási dè ma rà ngu à mí ngǔ ma njěy dhǐy ndèymí ma chǔw mbr ma bbú fú skul fiz ma dzź màtsá ddiy ónga rò cha ney madho dzz nzò sǒ ndanà nì	1			Lendu	train	4.866494401378122		False	0.04137931034482756	False	4.917030015948735	0.8458646616541353	False
da097b556a52dc7d273093cf8ce97abd	65918	spontaneous-speech-led-65918.mp3	27900	6747	À jì nyi njèy ddù ya nyi nì ngǎ mbu nà cha nyi dhò ndanà nyì ngá nzòw dhí skul fiz bbu nì?	Ya ma jì mà kwó mà dhí nzòw tsotso ddìnì ddiy nì à jì mà njěy dhǐy klôw nà rwo nì mî mà déy ddiy nà gbow nì mî mà chǔw ndrǔ déy ní tuw cha madho chùw ndanà màtsá ddiy chùw ndanà nì màdhí pba ó nì mà njey màdhí jǐ djá nà ddí lèy mà déy cha ddiy má ndèydho kekéy ní franga mbà ma dho nì	1			Lendu	train	7.741935483870967		True	0.24911032028469748	False			False
830ccfbc3f4a54ceb8d849dbfe1b520f	66123	spontaneous-speech-led-66123.mp3	22248	6747	À jì nyi njèy ddù ya nyi nì ngǎ mbu nà cha nyi dhò ndanà nyì ngá nzòw dhí skul fiz bbu nì?	À ra jì nyi rǎ bbalè dhí nza rò ddí bbì à rà ngu jì nyi shǔw njàddí cha bbalè vi dey njèy nì dhǐy ó ddí nyi shǔ nyi ródho ddí déy ney fú ngúw ó fú nì chú rà ley ndey nyi rà dey ddiy nà ma nyi rà ddiy chùw nyi rà nyǐngá nzòw dhí skul fiz bbu làní sâwà ó	1			Lendu	train	8.495145631067961		False	0.2088353413654619	False	4.550606568486926	0.6857142857142857	False
69460059366eafce16269260ed3e45b0	66229	spontaneous-speech-led-66229.mp3	14976	6747	À jì nyi njèy ddù ya nyi nì ngǎ mbu nà cha nyi dhò ndanà nyì ngá nzòw dhí skul fiz bbu nì?	À ka ma njěy njí ma ró klôw nà à kà ma njěy bbalè dhí njí ndaní à kwó ma tsotso à ka ma njěy wánì njí jì chú cha ma dho kà ndanà	1			Lendu	train	6.343482905982905		False	0.22399999999999998	False	4.4808707725910235	0.6473684210526316	False
3d6b646c1cb9130eb226ee4110f7995d	66240	spontaneous-speech-led-66240.mp3	19188	6747	À jì nyi njèy ddù ya nyi nì ngǎ mbu nà cha nyi dhò ndanà nyì ngá nzòw dhí skul fiz bbu nì?	À jì ma bbǐ ò ní nza ndèyní ma chǒwò ní mb ma ká ndanà nzòw dhí sòdha mí mb ndrr ndeynì ndrǔ ndrŕ ì nga sòdha nà  ddudhò ndeyní màdhí bba ká dhìy ndaní	1			Lendu	train	6.097560975609756		False	0.1610738255033557	False	4.694588136425909	0.7571428571428571	False
5ead05ed0317f78aa329e93b3f6c2b6c	66394	spontaneous-speech-led-66394.mp3	20880	6747	À jì nyi njèy ddù ya nyi nì ngǎ mbu nà cha nyi dhò ndanà nyì ngá nzòw dhí skul fiz bbu nì?	À jì ma njěy njí klôw nà ndaní ma chǔw mbr cha madho nadanà school fiz bbu nì à jì ma rǎ skul djòkpa ì nì ddǎ nì ndrǔ dè makwó lòzòw cha ney ndrǔ dho ley ndanà màtsá ngba à ndrŕ ndèy ndèymí somu nà nì	1			Lendu	train	7.423371647509579		False	0.13636363636363635	False	4.198319491295799	0.45864661654135336	True
eea86ca8ea6b1af65157b06503a99e83	66396	spontaneous-speech-led-66396.mp3	18288	6747	À jì nyi njèy ddù ya nyi nì ngǎ mbu nà cha nyi dhò ndanà nyì ngá nzòw dhí skul fiz bbu nì?	À jì nyi zž  dùdú ní mb ka bbú nì lon ní nyi zž  fúnì nyi ká ndanà sùkúl fǐz bbu nzòw djú à jì nyi rǎ nyi rá nyi rr̀ li-gwíydha-dja li-gwíydha-djá nà	1			Lendu	train	6.342957130358705		False	0.22297297297297303	False	4.152592583125314	0.4330827067669173	True
9effd7faf8601b37182a0098bf1d23b2	66530	spontaneous-speech-led-66530.mp3	18216	6747	À jì nyi njèy ddù ya nyi nì ngǎ mbu nà cha nyi dhò ndanà nyì ngá nzòw dhí skul fiz bbu nì?	À jì ma ngbí ma mà rǎ sùkúl ò head master dè mà těy  lò head master nà bba màtsá ngba déy nji sùkúl ó à jì ma rǎ tuw mí mb mèy nza bbìdha nà	1			Lendu	train	5.709266578831796		False	0.17518248175182483	False	5.128668241056649	0.8962406015037594	False
f595d0e1832ceab8c935264c25968409	66639	spontaneous-speech-led-66639.mp3	16848	6747	À jì nyi njèy ddù ya nyi nì ngǎ mbu nà cha nyi dhò ndanà nyì ngá nzòw dhí skul fiz bbu nì?	À ji nyi tdúw nyû cha ndèy nì nî ka krr mb rr̀djǎ ka zǒw sùkúl fǐz ní à ji nyi njěy njí klǒw nà  bba à pǔ tuw cha nyidho fú nzòw djú sùkúl fíz bbu mî	1			Lendu	train	6.588319088319088		False	0.10273972602739723	False	4.561409197235568	0.6932330827067669	False
c5df5911e2fe9c37bfe33b1deacd2a9c	63791	spontaneous-speech-led-63791.mp3	19656	6748	Dhì ní ndrǔ dhó ŋá njí jì njèy nyìdhí bba ó?	Dhì ní ndrǔ dhó ŋá njí jì njèy nyìdhí bba ó ndrǔ dho njèy nì njí nì nza bbìdha nzòw rónga pbòdha ddiy ónga dzźdha dzěrr dyàdha dděy rrùdha ndèymí njàddí nà	1			Lendu	train	6.35938135938136		False	0.1633986928104575	False	4.100050581943342	0.4037593984962406	True
da097b556a52dc7d273093cf8ce97abd	64119	spontaneous-speech-led-64119.mp3	16020	6748	Dhì ní ndrǔ dhó ŋá njí jì njèy nyìdhí bba ó?	Dhì ní ndrǔ dho njèy nì dhǐy ddì nì dda 'wiydha nza bbìdha rù údha zz rìdha njàddí nì lu tsotso kwódha nà cha ì nì shǐ bbakàòluw	1			Lendu	train	6.30461922596754		False	0.09599999999999997	False	3.884077182140173	0.2736842105263158	True
789f537bcdf7638af5c97b59bc69a60d	64152	spontaneous-speech-led-64152.mp3	23076	6748	Dhì ní ndrǔ dhó ŋá njí jì njèy nyìdhí bba ó?	Njí ma dhì ní ndrǔ njey nì màdhí bba ó nì ddìnì dzánga tsùwdha rwo nì nì aa nza ò ràdha gbow nì nì kalí tsò mà njúwdha tho nì nì nga rrìdha mbu nì nì cha ney lò má ndèy shì bbakà ó nà nì kà jǐ kà njúw tsòw nì ddí gbe cha ɦìytss ní li djú ngǎ kpânì nì ro	1			Lendu	train	8.27699774657653		False	0.16800000000000004	False	5.207052949669684	0.912781954887218	False
21fb7f77ccb2d6989e98bcd4edf4c539	64160	spontaneous-speech-led-64160.mp3	20628	6748	Dhì ní ndrǔ dhó ŋá njí jì njèy nyìdhí bba ó?	Lǎnà ní jǐ nì nyǔ'wiy bbúdha mí jǐ ndèymí lǎnà ní jǐ nì cha frǎnga mbr ka bbú nì ndanà lidyási cha ì nì zòw ní nì ndrŕ ì ndrǔ ddúw ì ndanà ru ni ndrǔ jì fú nì wá nì lǎnà ní jǐ	1			Lendu	train	6.447547023463254		False	0.2658959537572254	False	4.782492597012169	0.8	False
4690939abbaed200afffde0a457f0324	65459	spontaneous-speech-led-65459.mp3	20808	6748	Dhì ní ndrǔ dhó ŋá njí jì njèy nyìdhí bba ó?	Dhì ní ndrǔ dho li djòkpa ddàdha mí njí njèy ney dhì ní ndrǔ dho ddǎwà dzà ó dhǐy njèy ney dhì ní ndrǔ dho dèy ney MP ní bbalè ní chú li kà ó	1			Lendu	train	5.142252979623222		False	0.3188405797101449	False	3.5665668416691743	0.11278195488721804	True
b60ffd663a6f4ea05bc69ef86c8ee3e8	65537	spontaneous-speech-led-65537.mp3	19080	6748	Dhì ní ndrǔ dhó ŋá njí jì njèy nyìdhí bba ó?	Ndrǔ ɦwo nì ɦwô ndrǔ uw nì nga njaddî ndrǔ dda nì lidjòkpa ddí ney njaddí ndrǔ gbú nì nzòw rónga ndrǔ thi nì dzánga à déy lǎní	1			Lendu	train	5.188679245283018		False	0.1869918699186992	False	4.311537689814896	0.5496240601503759	True
5ead05ed0317f78aa329e93b3f6c2b6c	65576	spontaneous-speech-led-65576.mp3	23040	6748	Dhì ní ndrǔ dhó ŋá njí jì njèy nyìdhí bba ó?	Dhì ní ndrǔ kwó nì kàli dhì ní ndrǔ dhí nji nì ndrǔ 'wiy dda dhì ní ndrǔ dhí nji nì ndrǔ thǐy dzánga klàdha nà dhì ní ndrǔ dhí nji nì ndrǔ vǔ zz ndrǔ léy nzòw nyǔ	1			Lendu	train	5.381944444444445		False	0.42138364779874216	False	4.433553496230479	0.6240601503759399	False
f1a9e65b853cca9c7a61a76ceeba58e2	65755	spontaneous-speech-led-65755.mp3	24948	6748	Dhì ní ndrǔ dhó ŋá njí jì njèy nyìdhí bba ó?	Ndrǔ hwo nì nga ndrǔ tsuw nì dzá nga ndrǔ njey nì tdiytdiy ní dhǐy ndrǔ tów nì rù cha ney ndèy dho mb bbù ndrǔ dhò ndanà ní tuwtsò ndrǔ mey nì	1			Lendu	train	4.409171075837742		False	0.2086330935251799	False	3.8985588854778226	0.28345864661654135	True
69460059366eafce16269260ed3e45b0	65863	spontaneous-speech-led-65863.mp3	10116	6748	Dhì ní ndrǔ dhó ŋá njí jì njèy nyìdhí bba ó?	Ndrǔ dyá nì dzěrr ndrǔ bbi nì nza  ndrǔ gow nì nzòw njàddî ndrǔ nyu nì nga	1			Lendu	train	5.634638196915777		True	0.18309859154929575	False			False
9effd7faf8601b37182a0098bf1d23b2	66065	spontaneous-speech-led-66065.mp3	17640	6748	Dhì ní ndrǔ dhó ŋá njí jì njèy nyìdhí bba ó?	Màdhí bba ó dhì ní ndrǔ nì nza bbǐ màdhí bba ó dhì ní ndrǔ nì tsì dyǎ màdhí bba ó dhì ní ndrǔ nì ngengéy ní dhǐ njěy	1			Lendu	train	4.988662131519274		False	0.4424778761061947	True			False
830ccfbc3f4a54ceb8d849dbfe1b520f	66110	spontaneous-speech-led-66110.mp3	23976	6748	Dhì ní ndrǔ dhó ŋá njí jì njèy nyìdhí bba ó?	Dhì ní ndrǔ dho nú klòkà mà njèy bbiydha sǒkò ndèymí ndrǔ dho nza mà bbi ndaní fú nza kwó ndrǔ tsotso ì dhí ddiy ró chùwdha nà njà ddí ddiy nì dhì ní ndrú dho ì ley ì dyási kà ó ndrǔ gbǒ cha ì gbò nì ddiy jì njàddí saving mà ddí ndrǔ njey	1			Lendu	train	7.632632632632633		False	0.22127659574468084	False	4.223979551267197	0.47969924812030074	True
bb53c9cc38fe315d31ecd6251f4b4705	66413	spontaneous-speech-led-66413.mp3	22536	6748	Dhì ní ndrǔ dhó ŋá njí jì njèy nyìdhí bba ó?	Dhì ní ndrǔ dho njèy nì njí nì à dho dey bbalè nà hwî nà à dho bbalè tsotso kwo wánì tuw ó à dho nga rì bbalè nyǔ ní à dho dhǐy  njèy wǎ téy nì ndaní ì dho nyû déy fúddiy dhò dhì ní ndrǔ nì lǎní bbalè dza ó	1			Lendu	train	6.83351082712105		False	0.24630541871921185	False	3.7994624103923416	0.21353383458646616	True
3d6b646c1cb9130eb226ee4110f7995d	66503	spontaneous-speech-led-66503.mp3	17496	6748	Dhì ní ndrǔ dhó ŋá njí jì njèy nyìdhí bba ó?	Dhì ní ndrǔ dhí njí nì ndrǔ klǎ dzá-nga ndrǔ tsǔw dzá-nga, ndrǔ 'wíyò ní dda ndrǔ rǐyò ní zz bbalè dho bbalè nyǔwò ní	1			Lendu	train	5.315500685871057		False	0.23684210526315785	False	4.641513076909359	0.7353383458646616	False
830ccfbc3f4a54ceb8d849dbfe1b520f	64199	spontaneous-speech-led-64199.mp3	19440	6749	Ddudhò dhì nzòw ní nzò dhò rà somu ò gbè kpa ní nzòw níchú?	Dhì nzòw ní nzòw rà jì ì ɦíy ndèymí híy ní nà à gwíy ndrǔ lǎní ndèyní ndrǔ déy lò tsìdha nà sò ró lò ró	1			Lendu	train	4.012345679012346		False	0.18999999999999995	False	4.20188286522758	0.46015037593984964	True
da097b556a52dc7d273093cf8ce97abd	64449	spontaneous-speech-led-64449.mp3	12636	6749	Ddudhò dhì nzòw ní nzò dhò rà somu ò gbè kpa ní nzòw níchú?	Ndaní ndrǔ tsǐ lò ndaní ndrǔ gwíy ì ddí ndaní fú ndrǔ ddí déy ì djú ì óddù	1			Lendu	train	4.510921177587844		False	0.2676056338028169	False	3.4937612966013174	0.08345864661654136	True
f1a9e65b853cca9c7a61a76ceeba58e2	64452	spontaneous-speech-led-64452.mp3	20880	6749	Ddudhò dhì nzòw ní nzò dhò rà somu ò gbè kpa ní nzòw níchú?	Ndrǔ déy ddìkàddì kpa ní nzòw nà ndrǔ  ddí njèy cha kpa ní nzòw dho njèy ní njí jì ndrǔ ddí bbú ì ì nì tǔw wánì kpa ní nzòw kà ó ndanà ndrú chǔw mbr	1			Lendu	train	5.363984674329502		False	0.2551724137931034	False	4.298838688403676	0.5406015037593985	True
eea86ca8ea6b1af65157b06503a99e83	64607	spontaneous-speech-led-64607.mp3	19260	6749	Ddudhò dhì nzòw ní nzò dhò rà somu ò gbè kpa ní nzòw níchú?	Ndrǔ dho rà sǒmù ò gbè kpaní nzòw níchú kùm ndrǔ nì ddìkàddì kpaní nzòw nà ndrǔ dho kpaní nzòw njey nì njí ddi njèy ney fú lò dho à kà ndrǔ rǎ sòmù ò gbè kpaní nzòw níchú	1			Lendu	train	6.853582554517134		False	0.3413173652694611	False	3.6267181779348765	0.14210526315789473	True
789f537bcdf7638af5c97b59bc69a60d	64815	spontaneous-speech-led-64815.mp3	22320	6749	Ddudhò dhì nzòw ní nzò dhò rà somu ò gbè kpa ní nzòw níchú?	À ji dhi nzow ní nzòw rǎ sòdha ò kpakpaní nzòw níchú ddí ddudjú ddù ndrǔ nì bbalè má cha ì dho dèy ddí ì koko djò nì rwo nì ndrǔ nì bbalè má njanja Uganda ó yǎdha  ùw ndrǔddí teydha dhò nà nì gbow nì mî ndaní ndrǔ děy ì koko djú ndrǔ dho njèy na ní lò kà déy tsìdha nì bbalè ka ò	1			Lendu	train	9.543010752688172		False	0.2246376811594203	False	4.227412965832928	0.48195488721804514	True
f595d0e1832ceab8c935264c25968409	65291	spontaneous-speech-led-65291.mp3	18180	6749	Ddudhò dhì nzòw ní nzò dhò rà somu ò gbè kpa ní nzòw níchú?	À chùw ndèy dhì nzòw ní nzòw dhí nga ddéydha nì zu kpa-ní-nzòw nà à kà nzá ka rŕ ndrǔ sòmù ràdha róddù ndaní ndrǔ chǔw chěy ní nyǔ'wiy njitsò djò	1			Lendu	train	6.380638063806381		False	0.09090909090909094	False	4.0592223816610185	0.3849624060150376	True
69460059366eafce16269260ed3e45b0	65304	spontaneous-speech-led-65304.mp3	17928	6749	Ddudhò dhì nzòw ní nzò dhò rà somu ò gbè kpa ní nzòw níchú?	Ndaní ndrǔ ddí chǔw nyǔ'wiy ndaní ndrǔ dho lo tsì ndaní drǔ ddí déy gbè kpa ní ndrǔ ní chú	1			Lendu	train	3.9602855867916102		False	0.27586206896551724	False	3.7037156441766568	0.16917293233082706	True
21fb7f77ccb2d6989e98bcd4edf4c539	65579	spontaneous-speech-led-65579.mp3	23760	6749	Ddudhò dhì nzòw ní nzò dhò rà somu ò gbè kpa ní nzòw níchú?	Dhì nzòw ní nzòw ddí Ddrà tdyà ndèy ró jǐ nà gbè kpaní nzòw Ddrà tdyà ndèy ró jǐ nà ddiy níchú ndrǔ dho ddí Ddrà bbû  nyǒ'wiy gbè kptss̀ ní nzòw dhò Ddrà bbû nyǒ'wiy ddiy níchú fúddiy dhò à kà ŋà dhì nzòw ní nzòw ddí rǎ sòmù ò	1			Lendu	train	7.365319865319865		False	0.41255605381165916	False	4.118189239801151	0.4075187969924812	True
4690939abbaed200afffde0a457f0324	65628	spontaneous-speech-led-65628.mp3	9756	6749	Ddudhò dhì nzòw ní nzò dhò rà somu ò gbè kpa ní nzòw níchú?	Ddiydhò yǎdha ùw  wánì bbalè déy ddìkàddì	1			Lendu	train	3.485034850348504		True	0.0	False			False
bb53c9cc38fe315d31ecd6251f4b4705	65914	spontaneous-speech-led-65914.mp3	18720	6749	Ddudhò dhì nzòw ní nzò dhò rà somu ò gbè kpa ní nzòw níchú?	Fú dhì nzòw ní nzòw ra nì fǔchú somú ò ndaní ì ddí tsǐ lò ndaní ì ddí déy vàkàvà kpaní nzòw ní chú sòmù ó sòmù nì ngǎ ddì li dho à nì bbalè wá nì dhò	1			Lendu	train	5.982905982905983		False	0.21232876712328763	False	4.771881713262979	0.7962406015037594	False
9effd7faf8601b37182a0098bf1d23b2	66492	spontaneous-speech-led-66492.mp3	17100	6749	Ddudhò dhì nzòw ní nzò dhò rà somu ò gbè kpa ní nzòw níchú?	Dhì nzòw ní nzòw nì rǎ kpaní nzòw ní chú gbè sòmù ò dhì nzòw ní nzòw ddí dhì  kpa ní nzòw kà ndèy njěy nì lò njěy ŋá màdhí bba ó lǎnà	1			Lendu	train	5.847953216374268		False	0.29230769230769227	False	3.78411437020477	0.20676691729323307	True
5ead05ed0317f78aa329e93b3f6c2b6c	66590	spontaneous-speech-led-66590.mp3	21636	6749	Ddudhò dhì nzòw ní nzò dhò rà somu ò gbè kpa ní nzòw níchú?	Ndaní ndrǔ chǔ ní nyǔ'wiy ndaní ndrǔ gwíy ì ndrǔ déy lǎní bba djùkpa ddàdha-djá ní ndaní à dhǒ lǎní lò cha ney ì nì mǎ luwtò nì dhì nzòw dho	1			Lendu	train	5.084119060824552		False	0.17518248175182483	False	3.4123080802461674	0.061654135338345864	True
c5df5911e2fe9c37bfe33b1deacd2a9c	63876	spontaneous-speech-led-63876.mp3	17208	6750	Ddùdhò dhì ní ndrǔ tsuw ní Uganda ó li-djokpa ddadha mí gamba ò?	Ddudhò dhì ní ndrǔ tsuwní Uganda ó li-djùkpa ddàdha mí gàmbá ó? Ndaní ndrǔ léy dhì nì dǎ ndèy òluw nì tǔwtǔw ní nga tsǐ ndèy	1			Lendu	train	5.753138075313807		False	0.1074380165289256	False	3.739897070087604	0.19097744360902255	True
789f537bcdf7638af5c97b59bc69a60d	64141	spontaneous-speech-led-64141.mp3	32508	6750	Ddùdhò dhì ní ndrǔ tsuw ní Uganda ó li-djokpa ddadha mí gamba ò?	Ndrǔ tsuw nì gàmbá ò ndaní ì ddí děy ì koko djú ndrǔ tsuw nì gàmbá ò ddu djúddù Uganda nì yǎdha kà ùw ŋà dhì ní ndrǔ ddí à drř bbalè djùkpa ndrǔ tsu nì gàmbá ò ndaní ì ddí děy ì koko djú cha ney Uganda ó ndèy nì ndèy njěy nì lò ddí à déy ìdhí ní	1			Lendu	train	5.752430171034821		True	0.345679012345679	False			False
f1a9e65b853cca9c7a61a76ceeba58e2	64770	spontaneous-speech-led-64770.mp3	21816	6750	Ddùdhò dhì ní ndrǔ tsuw ní Uganda ó li-djokpa ddadha mí gamba ò?	Ddění ndrǔ ní dey ddìkàddì cha ney ngéy ní bbalè nì njèy nì dhǐy jì ó ddí ndrǔ ddí chuw ì tǔw à tdúw wòní ndrǔ ɦuwdjò ddí nzǐ ndrǔ má luwtò ndrǔ déy wá ddì kà ddì kpaní  ndrǔ nà	1			Lendu	train	6.233956729006234		False	0.1839080459770115	False	4.4352042616722755	0.6255639097744361	False
b60ffd663a6f4ea05bc69ef86c8ee3e8	65007	spontaneous-speech-led-65007.mp3	17748	6750	Ddùdhò dhì ní ndrǔ tsuw ní Uganda ó li-djokpa ddadha mí gamba ò?	Dhì ní ndrǔ nì tsǔw déy ddudhò ndrǔ ddí sòmù ŋà gbè kpaní ndrǔ sòmù ddiy níchú ndrǔ ddí nì ney nyǔ'wiy  má ndrǔ dho ndanà li djùkpa ddà nì fúnì ddiy má mà njànì nì fu	1			Lendu	train	7.268424611223799		False	0.1901840490797546	False	3.487295925724225	0.07894736842105263	True
f595d0e1832ceab8c935264c25968409	65032	spontaneous-speech-led-65032.mp3	16560	6750	Ddùdhò dhì ní ndrǔ tsuw ní Uganda ó li-djokpa ddadha mí gamba ò?	À chùw ndèy ndrǔ dhí nga ddéydha li-djukpa ddàdha ó tde nì dhu kpa ndrǔ nà fúddiy dhò ka njà à nì lǎní drǒ ndrǔ ddí dey ney li-djùkpa ddàdha ó Uganda ó bba òluw	1			Lendu	train	7.608695652173914		False	0.15923566878980888	False	4.296471236541751	0.5383458646616541	True
eea86ca8ea6b1af65157b06503a99e83	65238	spontaneous-speech-led-65238.mp3	19836	6750	Ddùdhò dhì ní ndrǔ tsuw ní Uganda ó li-djokpa ddadha mí gamba ò?	Mí lò tey nì ndrǔ chùw ligwídha ŋà fú lò ró ngéy ní nì ndrǔ nì ddikà ddì gbè kpa nà ndrǔ dho ney fú njí njèy gbè kpa ní ndrǔ nì njèy ní chú gbè à léy ndrǔ dho tsùw ney lidjùkpa ddadha dja mí gamba ò Uganda nì	1			Lendu	train	8.015728977616455		False	0.2292682926829268	False	4.417923885151714	0.6135338345864662	False
bb53c9cc38fe315d31ecd6251f4b4705	65247	spontaneous-speech-led-65247.mp3	16668	6750	Ddùdhò dhì ní ndrǔ tsuw ní Uganda ó li-djokpa ddadha mí gamba ò?	Dhì ní ndrǔ tsuw nì li djùkpa ddàdha mí dhǐy ò  mó lò nì njanja njanja nì Uganda tdrà mà déy wá ddìkàddì kpaní ndrǔ dhì ní ndrǔ nà wá mà déy ddìkàddì	1			Lendu	train	6.959443244540437		False	0.226027397260274	False	3.847134692427985	0.2511278195488722	True
4690939abbaed200afffde0a457f0324	65646	spontaneous-speech-led-65646.mp3	12960	6750	Ddùdhò dhì ní ndrǔ tsuw ní Uganda ó li-djokpa ddadha mí gamba ò?	Ddiydhò Uganda ó yǎdha ùw ŋà bbalè wá déy ddì nì ddiy ní ndèymí dhì ní ndrǔ ddí dho ney li-djùkpa ddàdha mí njí njèy	1			Lendu	train	7.098765432098765		False	0.053097345132743334	False	3.6224282297180617	0.13984962406015036	True
69460059366eafce16269260ed3e45b0	65778	spontaneous-speech-led-65778.mp3	18216	6750	Ddùdhò dhì ní ndrǔ tsuw ní Uganda ó li-djokpa ddadha mí gamba ò?	Ddiydho Uganda mí yǎdha ùw ŋà ndrǔ tsùw ò ní mí gàmbá ò ddiydho mí yǎdha ùw ŋà dhì ní ndrǔ ddí déy ddìkàddì kpaní ndrǔ ní chú	1			Lendu	train	5.379885814668423		False	0.2295081967213115	False	4.485882733679817	0.6511278195488722	False
da097b556a52dc7d273093cf8ce97abd	66100	spontaneous-speech-led-66100.mp3	22536	6750	Ddùdhò dhì ní ndrǔ tsuw ní Uganda ó li-djokpa ddadha mí gamba ò?	Dhì ní ndrǔ tsuw nì Uganda ó li-djùkpa ddàdha-djá kà ò mí gàmba nì ddì nì ddiy nì     à nì ddíyà yǎdha ma ka bbû nì dhì ní ndrǔ ddí déy ìdhí yǎdha nà cha ì dho ndanà wánì lò njèy nì rwo nì mî ndrǔ děy ndanà ì koko djú wánì lò dho.	1			Lendu	train	7.676606318778842		False	0.18942731277533043	False	4.049362993840423	0.37894736842105264	True
3d6b646c1cb9130eb226ee4110f7995d	66424	spontaneous-speech-led-66424.mp3	19800	6750	Ddùdhò dhì ní ndrǔ tsuw ní Uganda ó li-djokpa ddadha mí gamba ò?	Uganda ó yadha ùw ŋà ɦìytss ní li ndèy sò ndèy ŋà nì à dǒw tsúw djò pey ní li djùkpa ddàdha mî	1			Lendu	train	3.636363636363636		False	0.09890109890109888	False	4.654714872274211	0.7413533834586467	False
9effd7faf8601b37182a0098bf1d23b2	66626	spontaneous-speech-led-66626.mp3	20808	6750	Ddùdhò dhì ní ndrǔ tsuw ní Uganda ó li-djokpa ddadha mí gamba ò?	Uganda ó dhì ní ndrǔ ji nì ì tsǔw gàmbá ò ndaní ì dhì ní ndrǔ ddí ì děy ì koko djú Uganda ó ddí ka ji nì dhì ní ndrǔ ddí ndrǔ děy ddí fǔchú ì koko djú	1			Lendu	train	5.3825451749327184		False	0.3877551020408163	False	4.301782268107557	0.5428571428571428	True
830ccfbc3f4a54ceb8d849dbfe1b520f	64241	spontaneous-speech-led-64241.mp3	10836	6751	Li-djòkpa ddadha djá njèy ní ddù bba thìdha mí lò ró?	Ndrǔ léy nì bbalè tsi nì lò ya ndrǔ vì dey nzòw cho nzòw rǎ sò skul dzà nì ney mí ngà	1			Lendu	train	5.906238464377999		True	0.07317073170731703	False			False
4690939abbaed200afffde0a457f0324	64303	spontaneous-speech-led-64303.mp3	20448	6751	Li-djòkpa ddadha djá njèy ní ddù bba thìdha mí lò ró?	Lǎní bba thìdha léy nì nzǐ ngǎjìní nga nja nì ndèy bba ó à léy nì ngǎjìní dhi cha ndèy nyá nì kòlérà ní nì tde nì ngǎ ya bba ka thì lǎní ro	1			Lendu	train	5.183881064162755		False	0.2279411764705882	False	4.167529472298017	0.43834586466165415	True
21fb7f77ccb2d6989e98bcd4edf4c539	64609	spontaneous-speech-led-64609.mp3	25308	6751	Li-djòkpa ddadha djá njèy ní ddù bba thìdha mí lò ró?	Li-djùkpa ddàdha-dja à swá nì bba djú nga gbu róddù, à swá nì bba djúnga ley róddù, à swá nì bba djú nga nzǐ ka nì bba kaónga thǐ ddiy róddù, à bbú nì lò tdèydha ndení bbalè ndrǔ tsǐ bba kǎ nga nì lǎní ndèymí nzǐ bbalè sǎ lò	1			Lendu	train	6.9148095463884935		True	0.330316742081448	False			False
b60ffd663a6f4ea05bc69ef86c8ee3e8	65030	spontaneous-speech-led-65030.mp3	20808	6751	Li-djòkpa ddadha djá njèy ní ddù bba thìdha mí lò ró?	Lidjòkpa ddadhadjá  njey nì nì ddiy nì ddiy bba thìdha mí lò ró ndrǔ déy nì bbalè djòkpa nga chi ya ndrǔ njà bba nì ngǎjì ní ro nzánà ndanà dhi ngǎjìnínì rǎ tsùw bba kà mà dhí nzòw ró mà ró à jì mà dhí bba ó nga déy lǎ ní wá nì sâ nà	1			Lendu	train	8.50634371395617		False	0.19130434782608696	False	3.9065158300045364	0.29097744360902256	True
f1a9e65b853cca9c7a61a76ceeba58e2	65066	spontaneous-speech-led-65066.mp3	20808	6751	Li-djòkpa ddadha djá njèy ní ddù bba thìdha mí lò ró?	Ndrǔ mba nì lǎní lò mà kà ò cha děy ngǎ ndèy tdè mà kà ó nì mà tsǐ rǒ má lò mà njěy dhǐy ndanà à kwó mà tsotso mà dhí nzòw nà cha ney mà dho njèy ní tdiytdiy ní nga nà	1			Lendu	train	5.959246443675509		False	0.13414634146341464	False	3.820646894128648	0.23082706766917294	True
9effd7faf8601b37182a0098bf1d23b2	65415	spontaneous-speech-led-65415.mp3	17676	6751	Li-djòkpa ddadha djá njèy ní ddù bba thìdha mí lò ró?	Lidjòkpa dja ddàdha gwíy nì bbalè ngéyngéy ní lò nà à léy nì bbalè tsi nì ngǎ ndèy tdè ì dhí bba ó nì  lò ró lò wá nì tuw ò luw lǎnà	1			Lendu	train	5.60081466395112		False	0.12403100775193798	False	3.5640818567781465	0.11127819548872181	True
eea86ca8ea6b1af65157b06503a99e83	65964	spontaneous-speech-led-65964.mp3	20268	6751	Li-djòkpa ddadha djá njèy ní ddù bba thìdha mí lò ró?	Ma dho nì ligwídha mí lǎnínga bbalè dho ndaní bbalè gwíy ìdhí nzòw màdhí dzilíy dhǐy à njúw nì bbalè tsò ddìngaó à tey nì lò bbalè nà nbdaní bbalè ka dey ddìnì ddiy ní ndaní mà dhí bba děy	1			Lendu	train	7.351490033550424		False	0.1945945945945946	False	3.5322000981078454	0.1	True
69460059366eafce16269260ed3e45b0	65992	spontaneous-speech-led-65992.mp3	16308	6751	Li-djòkpa ddadha djá njèy ní ddù bba thìdha mí lò ró?	À tdra nì li gwíydha mí lò bbalè dhò  à tdra nì déy dha lǎní mí nì lò ndèymí à tdra nì jǐ mí lò	1			Lendu	train	4.292371842040716		False	0.23913043478260865	False	4.138058005487119	0.42030075187969923	True
bb53c9cc38fe315d31ecd6251f4b4705	66075	spontaneous-speech-led-66075.mp3	16740	6751	Li-djòkpa ddadha djá njèy ní ddù bba thìdha mí lò ró?	À njûw bba tsò à ká lò tdra bbalè nà ddìnga ó ddiydho à ká bbalè gwiy bbalè ka dey lò lǐya nà ndaní ì ká ì ò ndanà nì cha ì dhí bba ó	1			Lendu	train	5.913978494623655		False	0.15384615384615385	False	4.570008335314197	0.6992481203007519	False
c5df5911e2fe9c37bfe33b1deacd2a9c	63792	spontaneous-speech-led-63792.mp3	22320	6752	Madhò njí njèy ŋǎchú intanet nà, màdhí njànjà nì déydha ó?	Mà dhó njí njèy ŋǎchú intanet nà màdhí njanja nì déydha ó? intanet dho mà tsotso kwo mà dho ndanà màdhí ddiy rr̀dja dhò cha mà nì jǐ mà dzź ǒnga nì ndèymí màdho ndanà ddíy ngéy ní má mà nì jǐ nì rŕdja měy cha mà dho chùw mí nga ò	1			Lendu	train	8.064516129032258		False	0.22807017543859653	False	3.728857044276818	0.18195488721804512	True
8acb58a60c926b87d6f906bec0e3c36d	63971	spontaneous-speech-led-63971.mp3	18648	6752	Madhò njí njèy ŋǎchú intanet nà, màdhí njànjà nì déydha ó?	Mà dhó njí njèy ŋǎchú intanet nà màdhí njanja nì déydha ó? Mà dho njí chùw intanet ó mà dho màdhí ddiy ónga dzz intanet ó	1			Lendu	train	5.148005148005148		False	0.211864406779661	False	3.555501307842651	0.10827067669172932	True
bb53c9cc38fe315d31ecd6251f4b4705	64217	spontaneous-speech-led-64217.mp3	17028	6752	Madhò njí njèy ŋǎchú intanet nà, màdhí njànjà nì déydha ó?	Ma dho màdhí ddiy ónga dzz intanet nà mà dho màdhí nzòw luwtò wǎtò ì nì nì nà lo tèy intanet ó kónó mà ká màtsò njuw ndrǔ nà ddǐngǎ	1			Lendu	train	5.990133897110642		False	0.15625	False	3.9293370093472983	0.3030075187969925	True
b60ffd663a6f4ea05bc69ef86c8ee3e8	64565	spontaneous-speech-led-64565.mp3	16488	6752	Madhò njí njèy ŋǎchú intanet nà, màdhí njànjà nì déydha ó?	À jì intànèt ó mà chó màdhí lò à rǎ ru nì bbalè dè màdhí nzz wá lò á ndèy nì ney nì ndeyró bba gàméntè ka rr̀ à ká mà tsotso kwo màdhí zòw má ney ndèy nì ó ddù	1			Lendu	train	7.217370208636584		False	0.16025641025641024	False	4.576758546506903	0.7045112781954888	False
789f537bcdf7638af5c97b59bc69a60d	64715	spontaneous-speech-led-64715.mp3	23220	6752	Madhò njí njèy ŋǎchú intanet nà, màdhí njànjà nì déydha ó?	Intanet nà màdho dhǐy njey rútsò djú lò tsìdha dhò ìnternet nà màdho ków kòw rútsò djú nǎnì ddí inten ìnternet nà aa màdho sòwdha sò  rútsò djò nà nì ddí ìntanet nà màdho rútsò djú nà nì bbalè ó lò tsì ma ney ka  ndèy njěy tdiytdiy ní nì nà nì dziliy ò luw nà nì	1			Lendu	train	8.785529715762275		False	0.33204633204633205	False	4.315037826992545	0.5541353383458647	True
f1a9e65b853cca9c7a61a76ceeba58e2	64787	spontaneous-speech-led-64787.mp3	23580	6752	Madhò njí njèy ŋǎchú intanet nà, màdhí njànjà nì déydha ó?	Mà tsǐ tdiytdiy ní dziylíy ó lò mà njěy kòlòkà ddí tdiytdiy ní dziylíy ó bbalè nà mà sǒ nga ddí ngéy ní dziylíy óddù mà rr̀dja óddù mà njǎ ney tdiytdiy ní lò má ndèy nì ndèy njěy nì ddí ǒmá	1			Lendu	train	6.276505513146734		False	0.3602150537634409	False	3.7778989157726883	0.20300751879699247	True
830ccfbc3f4a54ceb8d849dbfe1b520f	64900	spontaneous-speech-led-64900.mp3	25020	6752	Madhò njí njèy ŋǎchú intanet nà, màdhí njànjà nì déydha ó?	Intanet nì ley mà vi dey ndèy vi dey ndèy njěy rútso nì lò tsǐ lǎní ddrǒ fú nì chú à lêy  intanet nà dhǐy njèydha nì nwǎngú mà gwîy mà lǎní  nwǎngú mà chô màdhí nzòw rà sò lǎní skul ó ndrǔ nì ngu màdho nyǔ'wiy lǎní nì nà fú nì chú ley nì ndèy mà tsi nì lò njèydha intanet nà lǎní	1			Lendu	train	8.553157474020784		False	0.3152173913043478	False	4.142717979280563	0.42406015037593986	True
e75023469f03884aa6b979a6eeb811c2	65419	spontaneous-speech-led-65419.mp3	23688	6752	Madhò njí njèy ŋǎchú intanet nà, màdhí njànjà nì déydha ó?	Internet mí lò njanja símù nì ngéyngéy njàddí símù nì ney dùdú ní símù njàddí símù nì dròdró ka nì iy smat phone ní símù fúnì mà òluw chu ney internet nì njí njěy í dùdú ní òluw à nì njěy nzǐ à ka ná ma léy data kě ngǎ data léydha mí mb nì ro à kà ná ma njěy ddu fúddiy dho chǔ internet na njí njèydha mí dhǐ anì fu rútsò djú lò mà tsìdha nà rútsò djú lò mà tsìdha nà	1			Lendu	train	11.946977372509288		False	0.32417582417582413	False	4.841816256161344	0.8195488721804511	False
4690939abbaed200afffde0a457f0324	65590	spontaneous-speech-led-65590.mp3	12420	6752	Madhò njí njèy ŋǎchú intanet nà, màdhí njànjà nì déydha ó?	À kà wá nì nga nà mà déy mbs léydha nà màdhí simu ó ndaní mà njǎ wá nì lò cha ney ndèy nì ndèy njěy dziylíy ó nì	1			Lendu	train	6.763285024154589		False	0.15596330275229353	False	3.8076157279688005	0.21879699248120302	True
da097b556a52dc7d273093cf8ce97abd	65681	spontaneous-speech-led-65681.mp3	16920	6752	Madhò njí njèy ŋǎchú intanet nà, màdhí njànjà nì déydha ó?	Nji njèydha internet nà nì njanja mà dhí deydha ó à kwô mà tsotso cha lò má ndèy tdè ndi nì à ngù madho lò chow ndaní dhǐy ddí mà mey nì ǒnò luw	1			Lendu	train	6.5602836879432616		False	0.049645390070921946	False	4.817262285245709	0.8112781954887218	False
3d6b646c1cb9130eb226ee4110f7995d	66135	spontaneous-speech-led-66135.mp3	13068	6752	Madhò njí njèy ŋǎchú intanet nà, màdhí njànjà nì déydha ó?	À jì mà shǔw ò ní dǎta mà chǔw ò ní lò tdiytdiy ní pbúw ní bba dziylíy ò luw cha ndèy nì ndèy njěnì ndey ní mà ká dey tsìdha ní fú lò ró	1			Lendu	train	7.805325987144169		False	0.17293233082706772	False	4.139394011049584	0.4218045112781955	True
69460059366eafce16269260ed3e45b0	66207	spontaneous-speech-led-66207.mp3	13356	6752	Madhò njí njèy ŋǎchú intanet nà, màdhí njànjà nì déydha ó?	Màdho ndì nì lò chùw internet ó ndèymí màdho video ddí njà funga màdho TikTok ddí njà funga	1			Lendu	train	5.540581012279126		False	0.19318181818181823	False	4.599530693419884	0.7157894736842105	False
5ead05ed0317f78aa329e93b3f6c2b6c	66463	spontaneous-speech-led-66463.mp3	20880	6752	Madhò njí njèy ŋǎchú intanet nà, màdhí njànjà nì déydha ó?	Mà dho mà gwiy vi ó tuwtsò nà mà dho cha ney mànì ndanà nì ddiy mí sǒkò ddí mèy mà dho lò tdey tsì cha ndèy nì ndèy njěy ngéy ngéy ní dziylíy ò nì ddí à dho shì mà kàò	1			Lendu	train	6.0344827586206895		False	0.20731707317073167	False	3.881707790123259	0.2706766917293233	True
9effd7faf8601b37182a0098bf1d23b2	66583	spontaneous-speech-led-66583.mp3	17280	6752	Madhò njí njèy ŋǎchú intanet nà, màdhí njànjà nì déydha ó?	Intànèt nà màdhí bba ó mà dho sòmù ddí sò Intànèt nà màdhí bba ó mà dho màdhí bba ó lò cho ngéy ní ngà	1			Lendu	train	4.513888888888888		False	0.3737373737373737	False	3.5633100646068017	0.10977443609022557	True
f595d0e1832ceab8c935264c25968409	66614	spontaneous-speech-led-66614.mp3	16488	6752	Madhò njí njèy ŋǎchú intanet nà, màdhí njànjà nì déydha ó?	Mà dho njí njèy íntanet nà lò tdey mèydha nà ma dho njí njèy intanet nà dùdú ní mb mèydha nà ndèymí dàrázà sòdha nà vi ó nì	1			Lendu	train	5.822416302765648		False	0.2583333333333333	False	4.0032441376481795	0.35639097744360904	True
c5df5911e2fe9c37bfe33b1deacd2a9c	63790	spontaneous-speech-led-63790.mp3	26748	6753	Déydha dhì nà rwo nì mí lǎní nga ndèymí ngǎjìní nga ní ddù kpa ní ndrǔdhò ndèymí dhì ní ndrǔ nà Uganda ó?	Déydha dhì nà rwo nì mí lǎní nga ndèymí ngǎjìní nga ní ddu kpa ní ndrǔ dhò ndèymí dhì ní ndrǔ dhò Uganda ó? Kpaní ndrǔ dhò à nì lǎní à déy dhì nà rwo ddiydhò ddì nì ngù ní ddì nì rà li gòw ndèymí nzòw rónga pbòdha nì lǎní, dhì dho mí ngǎjì ní nga nì à mba nì dyǎ mí lò ndrǔ kà ò.	1			Lendu	train	7.963212202781516		True	0.35144927536231885	False			False
8acb58a60c926b87d6f906bec0e3c36d	63927	spontaneous-speech-led-63927.mp3	21168	6753	Déydha dhì nà rwo nì mí lǎní nga ndèymí ngǎjìní nga ní ddù kpa ní ndrǔdhò ndèymí dhì ní ndrǔ nà Uganda ó?	Déydha dhì nà rwo nì mí lǎní nga ndèymí ngǎjìnínga ní ddu kpa ní ndrǔ dhò ndèymí dhì ní ndrǔ nà Uganda ó? À léy nì ka gow nì bíy ní nzòw Bbíy ní nzòw rónga pbò-dha tde nì klǒw	1			Lendu	train	6.424792139077853		False	0.22093023255813948	False	3.2800279892596347	0.02857142857142857	True
830ccfbc3f4a54ceb8d849dbfe1b520f	64336	spontaneous-speech-led-64336.mp3	16020	6753	Déydha dhì nà rwo nì mí lǎní nga ndèymí ngǎjìní nga ní ddù kpa ní ndrǔdhò ndèymí dhì ní ndrǔ nà Uganda ó?	À léy nì nzòw rónga pbòdha tde nì klǒw ddíyà à léy nì ya nyi nì dhì nà rwo nyǐ ngá ddiy ónga ndòdha  rà dey klǒw nyǐ ngá nzòw ddí rà dey bíy ma nyi rà managing nzǐ sùkúl ó	1			Lendu	train	8.11485642946317		False	0.20238095238095233	False	4.195015829206002	0.4556390977443609	True
3d6b646c1cb9130eb226ee4110f7995d	64522	spontaneous-speech-led-64522.mp3	16740	6753	Déydha dhì nà rwo nì mí lǎní nga ndèymí ngǎjìní nga ní ddù kpa ní ndrǔdhò ndèymí dhì ní ndrǔ nà Uganda ó?	Déydha dhì nà rwo nì mí lǎ ní nga nì à nyá nì bba tey mí ngǎ jì ní nga nì à léy nì lò ngú nì klǒ cha rr̀-dha cha lò ka vi njèy lǎ ní mî	1			Lendu	train	5.854241338112305		False	0.18181818181818177	False	4.582048462137587	0.7090225563909774	False
69460059366eafce16269260ed3e45b0	64600	spontaneous-speech-led-64600.mp3	26676	6753	Déydha dhì nà rwo nì mí lǎní nga ndèymí ngǎjìní nga ní ddù kpa ní ndrǔdhò ndèymí dhì ní ndrǔ nà Uganda ó?	À léy nì mí bba ka nyi nì ngǎjìní lò ró à léy nì nyû ki nì nzòw ónga lǎní ndèymí à léy nì bba ó bbalè nzánì ì nzǐ ngǎjìní lò ró ndèymí à nyánì li ndòdha bbalè kàòluw fúnì mí ngǎjìní nga nì fu	1			Lendu	train	5.4730844204528415		True	0.3085106382978723	False			False
4690939abbaed200afffde0a457f0324	64795	spontaneous-speech-led-64795.mp3	14688	6753	Déydha dhì nà rwo nì mí lǎní nga ndèymí ngǎjìní nga ní ddù kpa ní ndrǔdhò ndèymí dhì ní ndrǔ nà Uganda ó?	Li rr̀dha déy nì drá bbakàó nzòw gwíydha sòmù dhò ngú nì klǒw	1			Lendu	train	3.3360566448801743		False	0.03448275862068961	False	4.263254026802762	0.5150375939849624	True
789f537bcdf7638af5c97b59bc69a60d	65138	spontaneous-speech-led-65138.mp3	25596	6753	Déydha dhì nà rwo nì mí lǎní nga ndèymí ngǎjìní nga ní ddù kpa ní ndrǔdhò ndèymí dhì ní ndrǔ nà Uganda ó?	Déydha dhì nà rwo na nì mí lǎní nga nì i aa kàrà nyi dho nzòw nya mí lǎní nga ya ddì nì nì ngǎ nyi rà ngu ddì nì dè mí lǎní nga nì ney cha ddiy má ndèy nì bbakà ó nì nyì mí nì nì ddiy kàrà dey ndèy rr̀djá ò luw ddudjúddù	1			Lendu	train	6.446319737458978		True	0.27188940092165903	False			False
da097b556a52dc7d273093cf8ce97abd	65465	spontaneous-speech-led-65465.mp3	33120	6753	Déydha dhì nà rwo nì mí lǎní nga ndèymí ngǎjìní nga ní ddù kpa ní ndrǔdhò ndèymí dhì ní ndrǔ nà Uganda ó?	Ndeyli ma ndèynì sǐngba nà nyi chuw lòtsò wá à njúw ndèy kéykéy à dho rwo nì mî  nyìdhí rr̀dha wánì ya nyì lêy nyì njěy à njey nì ndèy kéykéy aa rwo nì mî swanínga nà déydha nà dhì rwo nì mî à léy nì nzǐ nyi déy frǎnga nà dzá rwo nì mî nyi chuw sòmù ò nzòw bbiydha nà à rǎ skul ò à déy kpákpá ní lò	1			Lendu	train	6.853864734299518		True	0.26101694915254237	False			False
b60ffd663a6f4ea05bc69ef86c8ee3e8	65813	spontaneous-speech-led-65813.mp3	15408	6753	Déydha dhì nà rwo nì mí lǎní nga ndèymí ngǎjìní nga ní ddù kpa ní ndrǔdhò ndèymí dhì ní ndrǔ nà Uganda ó?	Déydha dhì nà rwo nì mí lǎní nga nì nyi rà bbalè gòw věy ngǎjì ní nga nì dhì ràngu dey ì rrǐ ì kà ó ndrǔ rà tsúw ddí zz̀ ndrǔ rà nyi ddí ɦwì	1			Lendu	train	6.814641744548287		False	0.15328467153284675	False	4.737060888006089	0.7789473684210526	False
f1a9e65b853cca9c7a61a76ceeba58e2	65851	spontaneous-speech-led-65851.mp3	25740	6753	Déydha dhì nà rwo nì mí lǎní nga ndèymí ngǎjìní nga ní ddù kpa ní ndrǔdhò ndèymí dhì ní ndrǔ nà Uganda ó?	Ya nyi ngû ílè nyi nì shǐ nyi bbâ nyi nì nyǐngá sǐngba chǔ ney nyìmí lò tsò ka nì njuw fungá wá lǎnà à nì bǎjèt ǒnga ndǒ à nì ngu rwo nyǐmǐ cha nyi dho njèy lǎní lò nì ngú nyi dhò klǒw nzòw mbàdha sùkúl ò njàddí nì ngu nyidhò klǒw à jì nyi ndǒ nyi ónga rwo ilè ddí nyi njěy ilè ddí	1			Lendu	train	8.352758352758352		True	0.23381294964028776	False			False
21fb7f77ccb2d6989e98bcd4edf4c539	65971	spontaneous-speech-led-65971.mp3	34668	6753	Déydha dhì nà rwo nì mí lǎní nga ndèymí ngǎjìní nga ní ddù kpa ní ndrǔdhò ndèymí dhì ní ndrǔ nà Uganda ó?	Déydha dhì nà rwo à sí nì lǎnà ní déydha li kàóddù à tsúw nì ndrò à tsúw nì li ddéydha li làyi níchú à léy nì njàddí bbalè déy nì ì njǎ gbè ngǎ ì dhí njí nì ddiy níchú à léy nì bbalè kàónga déy nì ndìndì à sí nì kpa ní ndrǔ dhí klôw njí njèydha mî à léy nì nzòw ddí so nì dàrázà nzǐ	1			Lendu	train	6.172839506172839		True	0.2939068100358423	False			False
9effd7faf8601b37182a0098bf1d23b2	66297	spontaneous-speech-led-66297.mp3	16596	6753	Déydha dhì nà rwo nì mí lǎní nga ndèymí ngǎjìní nga ní ddù kpa ní ndrǔdhò ndèymí dhì ní ndrǔ nà Uganda ó?	Déydha dhì nà rwo nì mí lǎní nga à nyá nì pbúw tey ya nyǐ ngá ddì nì ɦìytss dhì à léy nì ddì li ma nì ney	1			Lendu	train	4.6999276934201015		False	0.07843137254901966	False	4.517624435486272	0.6639097744360902	False
eea86ca8ea6b1af65157b06503a99e83	66364	spontaneous-speech-led-66364.mp3	23940	6753	Déydha dhì nà rwo nì mí lǎní nga ndèymí ngǎjìní nga ní ddù kpa ní ndrǔdhò ndèymí dhì ní ndrǔ nà Uganda ó?	Déydha dhì nà rwo nì mí lǎní nga nì à nyá nì nyû bba ka ó bbalè rà dey nyû nà changá ddí nyi rà nyû nyù chalè ddí nyi rà nyû nyu nyi rà dey nzòw nà věy ngéyngéy ngéy ní nì mí ngǎjì ní nga nì i  nyi ra dey zòw dja ní nyíngá nzòw rà nzǐ ligwídha chùw	1			Lendu	train	7.811194653299916		False	0.30612244897959184	False	4.5373075799903555	0.6804511278195489	False
f595d0e1832ceab8c935264c25968409	66570	spontaneous-speech-led-66570.mp3	17316	6753	Déydha dhì nà rwo nì mí lǎní nga ndèymí ngǎjìní nga ní ddù kpa ní ndrǔdhò ndèymí dhì ní ndrǔ nà Uganda ó?	Famíl kíyddà ndrŕ nì ndèy kéykéy drǒngó ní njí ka njey nì drá ní wàkátì ó mí ngǎjìnínga nyǔ mèydha dhì rwo nì dho nì klǒw nzòw mbàdha dàrázà ò ddí nì klǒw	1			Lendu	train	7.103257103257104		False	0.08552631578947367	False	4.5773131986749265	0.706015037593985	False
8acb58a60c926b87d6f906bec0e3c36d	63950	spontaneous-speech-led-63950.mp3	13536	6754	Ddudhò à ní lǎní nyì ddéy nyì silimu róddò?	Ddudhò àní lǎní nyi tdéy nyi silímù róddù? À léynì mà tsi nì ma ró jǔw ó lò	1			Lendu	train	4.284869976359338		False	0.04166666666666663	False	3.618263514719511	0.13609022556390976	True
789f537bcdf7638af5c97b59bc69a60d	64156	spontaneous-speech-led-64156.mp3	21960	6754	Ddudhò à ní lǎní nyì ddéy nyì silimu róddò?	Lì ddéydha silimu dho nì à nì lǎní mí  nga nì i ndaní nyi tsǐ nyi ró jǔw nì ya ŋǎchú ddiy ndaní nyi déy tsìdha ní nzá ddíya nzanà nyi ndrŕ nyi njitsò ya nyi nì ney lǎní ro gbow nì mí nì silimu ró ddù kà ji ka ddéy li ka nì liɦwidha mí dhi ma kàdho bbalé tey si nì dhi nì ndèy	1			Lendu	train	9.562841530054644		False	0.21245421245421248	False	5.289067700898823	0.9255639097744361	False
4690939abbaed200afffde0a457f0324	64562	spontaneous-speech-led-64562.mp3	12348	6754	Ddudhò à ní lǎní nyì ddéy nyì silimu róddò?	À nì lǎ ní ndaní nyi tsǐ ya ŋǎchú nyi za ónga nì ndaní nyi déy nyi tsì ní	1			Lendu	train	4.454162617427923		False	0.22857142857142854	False	3.782692961339574	0.20601503759398496	True
da097b556a52dc7d273093cf8ce97abd	65470	spontaneous-speech-led-65470.mp3	20808	6754	Ddudhò à ní lǎní nyì ddéy nyì silimu róddò?	À nì lǎ ní ma ddéy ma silimu ró ddù ndaní ma tsǐ màtsá jǔw ó nga ní ŋǎchú ddiy rwo nì mî ndaní ma tsǐ ma ní ŋá jǔw jì nà gbow nì mî ndaní ma tsǐ ma ní ney lǎní nyo manì ngǎ lǎní ddiy	1			Lendu	train	6.5359477124183005		False	0.3016759776536313	False	4.215878835798628	0.4714285714285714	True
5ead05ed0317f78aa329e93b3f6c2b6c	65665	spontaneous-speech-led-65665.mp3	22536	6754	Ddudhò à ní lǎní nyì ddéy nyì silimu róddò?	À nì lǎní ndaní ma tsǐ màtsá lǎní déydha ró lò ndaní ma pbǒ ma rónga ngǎjìní dhi chùwdha róddù ndaní màtsá njitsò djúnga à rǎ ní dey lǎní	1			Lendu	train	4.836705715299964		False	0.21641791044776115	False	3.5671327070759165	0.11353383458646617	True
b60ffd663a6f4ea05bc69ef86c8ee3e8	65695	spontaneous-speech-led-65695.mp3	6696	6754	Ddudhò à ní lǎní nyì ddéy nyì silimu róddò?	Nzánà nyi chǔw silímù mí dhi nyi rónga déy lǎní	1			Lendu	train	5.675029868578256		True	0.045454545454545414	False			False
21fb7f77ccb2d6989e98bcd4edf4c539	65989	spontaneous-speech-led-65989.mp3	21456	6754	Ddudhò à ní lǎní nyì ddéy nyì silimu róddò?	À nì lǎní mà ddéy mà ndeyní mà pbǒ màdhí djiy rónga lǎní ndeyní mà tsǐ fú silímù mí klôw ní ŋàbù ndeyní mà drŕ mà dǎwà chùwdha nà cha ndèy dho àmí klôw ngù luwtò nì	1			Lendu	train	6.012304250559284		False	0.2098765432098766	False	4.185131322760469	0.4496240601503759	True
830ccfbc3f4a54ceb8d849dbfe1b520f	66004	spontaneous-speech-led-66004.mp3	19836	6754	Ddudhò à ní lǎní nyì ddéy nyì silimu róddò?	À rà ley nyi rà tsì cha nyi nì mí nga ó ndèymí cha nyi nì rǎ mí nga ó  ndeymí à rà ley nyi ra déy lǎní ya nyi chuw nyi nì ngǎ silimu nà nyiro nyi rà dey ngǎ ddeydha nà ddí nyi rà dey nyǐngá dhǐy njěy díya nwangú nyi jùw nì shú	1			Lendu	train	8.570276265376084		False	0.2869955156950673	False	4.480654824095225	0.6466165413533834	False
9effd7faf8601b37182a0098bf1d23b2	66044	spontaneous-speech-led-66044.mp3	16200	6754	Ddudhò à ní lǎní nyì ddéy nyì silimu róddò?	À nì lǎní nyi ddéy nyi silímù róddù ndaní nzǐ à léy nyi ddí rǎ nyi chùw ngéy ní ddu ó fú silímù nà à jì nyi ddéy nyi	1			Lendu	train	5.432098765432099		False	0.23893805309734517	False	3.8326047753428147	0.24060150375939848	True
69460059366eafce16269260ed3e45b0	66084	spontaneous-speech-led-66084.mp3	12780	6754	Ddudhò à ní lǎní nyì ddéy nyì silimu róddò?	Ndaní nyi tsǐ li rónga mí vukávu ya ney ro ndaní nyi dho silímù mí ddǎwà lòw njǎddí nga ddí	1			Lendu	train	5.633802816901408		False	0.09090909090909094	False	4.122472006466887	0.4112781954887218	True
f1a9e65b853cca9c7a61a76ceeba58e2	66323	spontaneous-speech-led-66323.mp3	18468	6754	Ddudhò à ní lǎní nyì ddéy nyì silimu róddò?	Nyi tsǐ ǐní ní nyìmí déydha nyìmí bbiydha ney nyi nì bbiy nì nyì mí jǔw ónga ní ŋà ní ní ney nyi nì dey ddiy nà mí lǎní ka nà mí mí lǎní nga nì fu à kwó mà tsotso màdhí jǔw ónga njàdha ró mà dhí déydha kà ó	1			Lendu	train	8.447043534762834		False	0.3054187192118226	False	4.483343329263597	0.6488721804511278	False
3d6b646c1cb9130eb226ee4110f7995d	66434	spontaneous-speech-led-66434.mp3	18108	6754	Ddudhò à ní lǎní nyì ddéy nyì silimu róddò?	Ndeyní mà tsǐ ò ní mà zá ó djǔ mà ká  mà bbò ndanà nzánà mà dhǐ ò ní fú silimu mí dhi nà ndaní màdhí cho ndrr ò ní ndèy	1			Lendu	train	4.859730505853766		False	0.15517241379310343	False	4.741282356222238	0.7842105263157895	False
eea86ca8ea6b1af65157b06503a99e83	66466	spontaneous-speech-led-66466.mp3	21096	6754	Ddudhò à ní lǎní nyì ddéy nyì silimu róddò?	Nyi tdéydha sìlímù róddù nì rà ley nyirà nyi rónga pbò ya ngǎ nyi nì sìlímù mí dhi nà ro ya nyi chùw nyi nì sìlímù mí dhi nà à rà ley nzǐ nyi rà bbiy swà  à rà ley nyi rà dey nyi nì nyi rànga pbǒ ddiy nà à rà ley nyi rà nyǐngá nzòw gwiy ndrǔ déy nyǔ'wiy na sìlímù mí lò ró	1			Lendu	train	9.764884338263178		False	0.39033457249070636	False	3.5483512453145054	0.10526315789473684	True
f595d0e1832ceab8c935264c25968409	66539	spontaneous-speech-led-66539.mp3	17676	6754	Ddudhò à ní lǎní nyì ddéy nyì silimu róddò?	À nì lǎní nyi ddéy nyi silimu róddò ndaní nyi tsǐ nyi vùdhe nyi za ó nga nì ddiy ndaní nyi tsǐ cha nyi vi nyi ró nga bbò mí tuw ngéy ngéy ní ó dhi ró ddù nyì mí déydha lǎní nì dho	1			Lendu	train	7.694048427245982		False	0.25568181818181823	False	4.231287982462693	0.4864661654135338	True
c5df5911e2fe9c37bfe33b1deacd2a9c	63842	spontaneous-speech-led-63842.mp3	24516	6755	Ì nì ddiy njěy ddìnga ó nì ndrǔ ndèymí djow djá dhí njuwdha djá njèy ní ddù cha à nyá dhiy bbalè dhò nyìdhí bba ó?	Ì nì ddiy njěy ddìnga ó nì ndrǔ ndèymí djowdjá njey ní ddu cha à nyá dhǐy bbalè dho nyìdhí bba ó ndrǔ bbú nì njí bbalè njěy ìdhí nza ó ì dhí lò ì nì njuw mí nga ó à bbú nì njí cha bbalè má ì nì zòw nà nì dhò	1			Lendu	train	6.322401696851036		False	0.23529411764705888	False	4.147671534542053	0.42781954887218043	True
8acb58a60c926b87d6f906bec0e3c36d	63915	spontaneous-speech-led-63915.mp3	20628	6755	Ì nì ddiy njěy ddìnga ó nì ndrǔ ndèymí djow djá dhí njuwdha djá njèy ní ddù cha à nyá dhiy bbalè dhò nyìdhí bba ó?	I nì ddiy njěy ddìnga ó nì ndrǔ ndèymí djow-djá dhí njuwdha-djá  njey ní ddu cha à nyá dhǐy bbalè dhò nyìdhí bba ó? Ndrǔ gwiy nì bbalè chěy ní nza bbìdha ró	1			Lendu	train	5.962769051774288		False	0.0980392156862745	False	3.616013653921848	0.13533834586466165	True
f595d0e1832ceab8c935264c25968409	64083	spontaneous-speech-led-64083.mp3	19980	6755	Ì nì ddiy njěy ddìnga ó nì ndrǔ ndèymí djow djá dhí njuwdha djá njèy ní ddù cha à nyá dhiy bbalè dhò nyìdhí bba ó?	Ndrǔ pu nì měya pbòdha ngéyngéy ní yǎddá dho ndrǔ pu nì dàrázà-dzà yàddá dho njàddǐ ndrǔ gwíy nì yàddá měya rónga pbòdha mí tuw ngéyngéy ní nì nà	1			Lendu	train	5.855855855855856		False	0.295774647887324	False	4.152433486981529	0.4323308270676692	True
da097b556a52dc7d273093cf8ce97abd	64116	spontaneous-speech-led-64116.mp3	16668	6755	Ì nì ddiy njěy ddìnga ó nì ndrǔ ndèymí djow djá dhí njuwdha djá njèy ní ddù cha à nyá dhiy bbalè dhò nyìdhí bba ó?	À léy nì mà tsi nì lò màdhí bba ó ndèy shì nì rwo nì mî à léy nì màdhí nzòw à déy nì nyǔ'wiy nà gbow nì mî à léy nì à nyá nì dhǐy màdhí nzòw dho màdhí bba ó	1			Lendu	train	6.899448044156467		False	0.326797385620915	False	2.989541478808962	0.0037593984962406013	True
5ead05ed0317f78aa329e93b3f6c2b6c	64157	spontaneous-speech-led-64157.mp3	21816	6755	Ì nì ddiy njěy ddìnga ó nì ndrǔ ndèymí djow djá dhí njuwdha djá njèy ní ddù cha à nyá dhiy bbalè dhò nyìdhí bba ó?	Ndrǔ dho li-gwíydha mí nga lǎní nì pù màdhí bba kǎ ndaní à pǔ màdhí bbalè nyú ndrǔ dho dhǐy nya yàddá ní nzòw dho cha ney ì nì bba kǎ nì ndrǔ dho ley mà tsǐ lò tdey cha ney ndèy nì ndèy njěy ngéy ní dziylíy ò nì ddí à shǐ mà kǎ	1			Lendu	train	7.92995966263293		False	0.2142857142857143	False	3.508932421963	0.09022556390977443	True
830ccfbc3f4a54ceb8d849dbfe1b520f	64168	spontaneous-speech-led-64168.mp3	19980	6755	Ì nì ddiy njěy ddìnga ó nì ndrǔ ndèymí djow djá dhí njuwdha djá njèy ní ddù cha à nyá dhiy bbalè dhò nyìdhí bba ó?	Fú bbalè rà ddiy chuw fú ddiy ra dà mí nga djòluw cha ndeyli mà cha ndèy nì ddiy njěy ndèy ddǐddi ní nì à nì nzǐ ddiy chǔw cha bbale mà ì nì njěy lèy ní nì nàkà zo	1			Lendu	train	6.206206206206206		False	0.23124999999999996	False	4.874834082707265	0.8330827067669173	False
eea86ca8ea6b1af65157b06503a99e83	64783	spontaneous-speech-led-64783.mp3	18288	6755	Ì nì ddiy njěy ddìnga ó nì ndrǔ ndèymí djow djá dhí njuwdha djá njèy ní ddù cha à nyá dhiy bbalè dhò nyìdhí bba ó?	Ndrǔ bbú nì lǎní nyû-tsi jì ndaní bbalè tdǒw ndaní balè chǔw nyû bbalè déy ddiy nà ìdhí bba ó ndrǔ mba nì nyû-tsi mí sǒkò ndaní bbalè dzź ìdhí ddiy ónga lǎní dzz̀ nà màdhí bba ó	1			Lendu	train	7.70997375328084		False	0.2857142857142857	False	3.4759540561819176	0.07443609022556391	True
789f537bcdf7638af5c97b59bc69a60d	65023	spontaneous-speech-led-65023.mp3	21996	6755	Ì nì ddiy njěy ddìnga ó nì ndrǔ ndèymí djow djá dhí njuwdha djá njèy ní ddù cha à nyá dhiy bbalè dhò nyìdhí bba ó?	À nyá nì mb dzakǎ bbalè dho ndrǔ bbú nì mb rò má cha ka dho ndanà bbalè drr ràdha nà njitsò nà nì à ndrǔ mba nì ddiy má cha tsi nì à nì ngǎ bbakǎ nà nì bbalè dho	1			Lendu	train	5.5010001818512455		False	0.28481012658227844	False	4.230215305854842	0.4849624060150376	True
b60ffd663a6f4ea05bc69ef86c8ee3e8	65213	spontaneous-speech-led-65213.mp3	20160	6755	Ì nì ddiy njěy ddìnga ó nì ndrǔ ndèymí djow djá dhí njuwdha djá njèy ní ddù cha à nyá dhiy bbalè dhò nyìdhí bba ó?	À léy nì ndrǔ déy nì saving mà ngbo ì kà ò luw à léy nì ndrǔ dey nì nza bbǐy ì kà ò luw à léy nì ndrǔ déy nì lòn zz fú ní ddiy má ndrǔ déy nì njěy má ma njà nì	1			Lendu	train	5.704365079365079		False	0.3846153846153846	False	4.160921213748207	0.43759398496240604	True
9effd7faf8601b37182a0098bf1d23b2	65381	spontaneous-speech-led-65381.mp3	18000	6755	Ì nì ddiy njěy ddìnga ó nì ndrǔ ndèymí djow djá dhí njuwdha djá njèy ní ddù cha à nyá dhiy bbalè dhò nyìdhí bba ó?	À mba nì lǎní sǒkò nyìdhí bba ó à mba nì ngéyngéy ní nyû-tsi jì ka tdow nì nza ó nì chuw nì ndèy wá nyìdhí bba ó ney	1			Lendu	train	4.888888888888889		False	0.22123893805309736	False	3.798294953391833	0.21278195488721804	True
4690939abbaed200afffde0a457f0324	65393	spontaneous-speech-led-65393.mp3	16596	6755	Ì nì ddiy njěy ddìnga ó nì ndrǔ ndèymí djow djá dhí njuwdha djá njèy ní ddù cha à nyá dhiy bbalè dhò nyìdhí bba ó?	À kà ndrǔ mbǎ dèpó ddiy tsò njúwdha mî ndaní ndìngaó bbalè shǐ à rǎ fú ddiy dzz fú ddiy ddì nì tuw nà bbalè dho à dho dhǐ nya bbalè dho ndanà frangà chùw	1			Lendu	train	7.170402506628103		False	0.17333333333333334	False	4.230710240972612	0.4857142857142857	True
3d6b646c1cb9130eb226ee4110f7995d	65468	spontaneous-speech-led-65468.mp3	14076	6755	Ì nì ddiy njěy ddìnga ó nì ndrǔ ndèymí djow djá dhí njuwdha djá njèy ní ddù cha à nyá dhiy bbalè dhò nyìdhí bba ó?	À kà ndrǔ njúw bbalè tsò ndrǔ bbú gwíydha bbalè dho ndeyní dhǐy ká  bbalè ká ndanà lò tsì lǎní nì cha ì dho ndànà ìdhí bba dhìy nì	1			Lendu	train	7.175333901676613		False	0.13385826771653542	False	3.985395117243048	0.3383458646616541	True
f1a9e65b853cca9c7a61a76ceeba58e2	66407	spontaneous-speech-led-66407.mp3	25596	6755	Ì nì ddiy njěy ddìnga ó nì ndrǔ ndèymí djow djá dhí njuwdha djá njèy ní ddù cha à nyá dhiy bbalè dhò nyìdhí bba ó?	Dzz̀ ndrǔ nì sǒkò mbǎ bbalè dhò djow djá dhò ndrǔ nì ddiy ó nga dzź lǎní dzẑ djú ndrǔ nì ì tsòw njúw ddì ndrǔ nì ddì nì lò těy ì njèy ǐchú ì njěy ǐchú à bbú lǎní nga ndrǔdhò ndrǔ dhí nzòw nì sòmù sǒ fú tuw tsò luw ndrǔ nì lǎní nga  pǎ ndanà ndrǔ nì tditdiy ní ddiy njěy ǒmà luw	1			Lendu	train	8.321612751992499		True	0.28985507246376807	False			False
c5df5911e2fe9c37bfe33b1deacd2a9c	63817	spontaneous-speech-led-63817.mp3	18936	6756	Màdho màdhí dròdró ní ndrǔ do njèy ŋǎchú màdhí bba ó?	Mà dhó màdhí dròdró ní ndrǔ dò njèy ŋǎchú màdhí bba ó? À jì mà rř ndrǔ nì tdrǎ nì lò ndèymí mà njěy cha ndrǔ nì jǐ mà njěy nì ddiy ndèymí mà déy ndrǔ nà jǐ nà mà kwó ndrǔ tsotso ddí ndrǔdhí tǔwtǔw ní lò ó	1			Lendu	train	8.291085762568652		False	0.23267326732673266	False	3.000004515836396	0.004511278195488722	True
789f537bcdf7638af5c97b59bc69a60d	64186	spontaneous-speech-led-64186.mp3	39420	6756	Màdho màdhí dròdró ní ndrǔ do njèy ŋǎchú màdhí bba ó?	Ddròddró ní ndrǔ dò njèydha màdhí bba ó màdho njèy ǐchú ndrǔ nì jì nì ddiy mà njěy ndrǔ dhò dda mà zzǐ ndrǔ dhò kà líy mà kwó ndrǔ dhò wá ddǎwà djò mà ddúw mà mbǎ ndrǔ djò tè ney cha ndrǔ nì jǐ nà nì ddiy mà njěy ndrǔ dhò cha ndrǔ nì jǐ ní chú ndaní kà ká dhò ní yà mà nì ndrǔ dò njěy ney	1			Lendu	train	5.530187721968543		True	0.375438596491228	False			False
21fb7f77ccb2d6989e98bcd4edf4c539	64208	spontaneous-speech-led-64208.mp3	10728	6756	Màdho màdhí dròdró ní ndrǔ do njèy ŋǎchú màdhí bba ó?	À ka mà 'wǐ ndrǔ dhò dda mà bbú ndrǔ dho nyù mà bbú ndrǔ dho rù mà bbú ndrǔ dhò ddǎwà	1			Lendu	train	5.965697240865026		True	0.46341463414634143	False			False
830ccfbc3f4a54ceb8d849dbfe1b520f	64366	spontaneous-speech-led-64366.mp3	21240	6756	Màdho màdhí dròdró ní ndrǔ do njèy ŋǎchú màdhí bba ó?	Ma kwó ndrǔ tsotso dhǐy nà mà léy ndrǔ ddí déy mà níchú ndaní ndrǔ dho ddí dhǐy ngú hwílí hwíli fúnì chú rà ley mà rà ndrǔ tsotso kwo lǎní déydha nà màdhí bbakàó fúnì  léy nì dròdró ní ndrǔ bbú nì mà dho lǎní bû	1			Lendu	train	7.721280602636534		False	0.26442307692307687	False	3.4526864879697845	0.06691729323308271	True
da097b556a52dc7d273093cf8ce97abd	65411	spontaneous-speech-led-65411.mp3	23868	6756	Màdho màdhí dròdró ní ndrǔ do njèy ŋǎchú màdhí bba ó?	Mà dhí ddròddró ní ndrǔ dò mà dho njèy ddì nì à jì mà bbú ndrǔdho ddiy má mà nì ney ndanà nì rwo nì mî à jì mà kwó ndrǔ tsotso dhǐy njèydha nà  gbow nì mî à jì mà kwó kàlí mà bbú nyû ndrǔdho mà ùw ndrǔ dhò ddí dda ddí déy òní ney mà thi ndrǔdhí bba ó nga déy lǎní	1			Lendu	train	8.295625942684765		False	0.26538461538461533	False	3.376803544168298	0.04962406015037594	True
f1a9e65b853cca9c7a61a76ceeba58e2	65550	spontaneous-speech-led-65550.mp3	20628	6756	Màdho màdhí dròdró ní ndrǔ do njèy ŋǎchú màdhí bba ó?	Ndrǔ îy mà mí nga ò mà shǐwò nì mà rř ndrǔ nì tdrǎ mà dhò ní lò mà těy ddì nì lò ndrǔ nà mà déy ddì nì rr̀dha nà mà njěy ddì nì ddíy cha ndrǔ rà tdrà mà njěy nì ddiy mà njěwò ní à rà dhò dìchú mà nì ddì nì ddiy ní mà nì rr̀dha nà	1			Lendu	train	8.24122551871243		False	0.3876651982378855	False	4.269643088584787	0.5172932330827068	True
9effd7faf8601b37182a0098bf1d23b2	65850	spontaneous-speech-led-65850.mp3	17316	6756	Màdho màdhí dròdró ní ndrǔ do njèy ŋǎchú màdhí bba ó?	Mà dho màdhí ddròddró ní ndrǔ tsotso kwo lǎní lò njèydha nà màdhí bba ó ndrǔ dò njèydha nà ngǎjìní lò ró ddù màdhí bba ó	1			Lendu	train	5.486255486255486		False	0.24786324786324787	False	2.6281834771955395	0.0007518796992481203	True
bb53c9cc38fe315d31ecd6251f4b4705	66085	spontaneous-speech-led-66085.mp3	20376	6756	Màdho màdhí dròdró ní ndrǔ do njèy ŋǎchú màdhí bba ó?	Mà dho fú ndrǔ chuw rr̀ fú ndrǔ rà mà nà lò tèy fú ndrǔ gwíy mà lò wánì cha lǎní ndèynì nì nà ndaní mà ká fú ndrǔ dhí lò rr̀  mà ká tsì mà ká déy ndanà lǎní kùm fú ndrǔ nì mà djú li cha ì kà ì gwíy mà nì mà ká fú ndrǔ chuw rr̀	1			Lendu	train	8.146839418924223		False	0.3677130044843049	False	4.405740753657119	0.6067669172932331	False
eea86ca8ea6b1af65157b06503a99e83	66106	spontaneous-speech-led-66106.mp3	17856	6756	Màdho màdhí dròdró ní ndrǔ do njèy ŋǎchú màdhí bba ó?	Ndrǔ nì tdra ndanà ndèymí njèydha nà ddí ya nyi nì ndrǔ nì tdrǎ nì lò njěy ndrǔ rà ì mbrù ka nì ì dò njěy ney jǐ dhò dha nà ndrǔ dho ndaní ndrǔ ká ì mbr ka jì ì	1			Lendu	train	6.720430107526881		False	0.2292993630573248	False	3.789983920644602	0.20902255639097744	True
69460059366eafce16269260ed3e45b0	66169	spontaneous-speech-led-66169.mp3	7596	6756	Màdho màdhí dròdró ní ndrǔ do njèy ŋǎchú màdhí bba ó?	Mà dho nyû bbu ndrǔ dhò ddí màdho dda ddí 'wiy ndrǔ dhò	1			Lendu	train	5.660874144286466		True	0.17307692307692313	False			False
b60ffd663a6f4ea05bc69ef86c8ee3e8	66301	spontaneous-speech-led-66301.mp3	20376	6756	Màdho màdhí dròdró ní ndrǔ do njèy ŋǎchú màdhí bba ó?	À ka mà rř ndrǔ chuw cha ndrǔ tdrà màdho nì lò mà njěy ddiy má cha ndrǔ tdrà màdho ma njěy nì ya ndrǔ chǒ mà mà rǎ cha ndrǔ chô mà móngǎ fúnì rà dhò mànì ndrǔ dò njěy ney	1			Lendu	train	6.380054966627404		False	0.32738095238095233	False	4.3103607761215725	0.5481203007518797	True
3d6b646c1cb9130eb226ee4110f7995d	66358	spontaneous-speech-led-66358.mp3	17496	6756	Màdho màdhí dròdró ní ndrǔ do njèy ŋǎchú màdhí bba ó?	À jì mà rř ndrǔ nì tdrà nì lò mà léyò ní njí ò mà njúw mà njěy ndanà njí ndeyní mà léyò ní mà rř ndanà àmí gwíydha lǎnà ní nì màdhí bba ó	1			Lendu	train	6.001371742112483		False	0.2720588235294118	False	3.988619357939423	0.33909774436090223	True
c5df5911e2fe9c37bfe33b1deacd2a9c	63887	spontaneous-speech-led-63887.mp3	24336	6757	Lǎní li-djòkpa ddàdha dja à jì à déy ndèy jì nà ŋǎchú nì li?	Lǎní lidjòkpa ddadha dja à jǐ à déy ndèyjì nà ŋǎchú ní  li à jì à déy ndèy jì bbalè ní li ndèy kwó nì bbalè tsotso nì li ndèymí ndèy tey nì lò ney bbalè nà nì li cha ndèy jì nì lǎní nì nzǐ ndèy rr nì lò bbalè nà nì li ndèymí nzǐ ndèy rr nì wa nà nì li	1			Lendu	train	7.725180802103878		False	0.407258064516129	False	4.097997756530997	0.4030075187969925	True
4690939abbaed200afffde0a457f0324	64409	spontaneous-speech-led-64409.mp3	23688	6757	Lǎní li-djòkpa ddàdha dja à jì à déy ndèy jì nà ŋǎchú nì li?	À jì à dhǒ ndèy jì lǎní nì à déy ndèy kpi nì ndèy lǎní nì li à jì à déy ndèy njanì ngǎjìní lo ndèymí lǎní lò nà nì li à jì à déy ndèy gu nì ndèy ndèyní ddu nì li	1			Lendu	train	5.023640661938535		False	0.43670886075949367	False	3.9259124259522475	0.3015037593984962	True
bb53c9cc38fe315d31ecd6251f4b4705	64437	spontaneous-speech-led-64437.mp3	16200	6757	Lǎní li-djòkpa ddàdha dja à jì à déy ndèy jì nà ŋǎchú nì li?	À jì déy lǎ ní à njúw bbalè tsò ndà  ká lò tèy bbalè dhò à gwíy bbalè lǎ ní lò jì lò nà ndaní fú li ddǎ bbàlè djòkpa chěy ndaní bbalè ká dey chěy ní lò ò	1			Lendu	train	7.037037037037037		False	0.22666666666666668	False	4.31018465239458	0.5473684210526316	True
5ead05ed0317f78aa329e93b3f6c2b6c	65016	spontaneous-speech-led-65016.mp3	23328	6757	Lǎní li-djòkpa ddàdha dja à jì à déy ndèy jì nà ŋǎchú nì li?	À ka à déy ney ndèydho bbalè tsò njuw ddǐnga ó ya ngǎjì ní lò shì ro à kà à déy li ma cha ney ndèy dho shú ní deydha mbà bbalè kà ó nì à déy lǎní lò dhòdha dja gbe hìytssní li ddì nì dja ní chú nì bbàlè dho	1			Lendu	train	6.6443758573388205		False	0.1724137931034483	False	4.1939476332483006	0.4548872180451128	True
789f537bcdf7638af5c97b59bc69a60d	65128	spontaneous-speech-led-65128.mp3	24156	6757	Lǎní li-djòkpa ddàdha dja à jì à déy ndèy jì nà ŋǎchú nì li?	Li-djùkpa drr̀dha-dja à jì à déy li má cha ndèy rr lò nì Li-djùkpa drr̀dha-dja à jì li má ka déy cha ndèy bbíy bbalè kaòluw ndèy tsi í li ní lǎní bbalè íli ní ŋàní bbalè Li-djùkpa drr̀dha-dja à jì à déy li má cha ndèy chuw á yì mí lò à shi bba  kàluw  nì a tdúw fú lò kà mbǎ ndùw bbalè kàò	1			Lendu	train	9.190263288623944		False	0.39160839160839156	False	3.810714209580009	0.22180451127819548	True
789f537bcdf7638af5c97b59bc69a60d	65128	spontaneous-speech-led-65128.mp3	24156	6757	Lǎní li-djòkpa ddàdha dja à jì à déy ndèy jì nà ŋǎchú nì li?	Li djòkpa drr̀dha dja à jì à déy li ma cha ndèy rr lò nì li djòkpa drr̀dha dja kà ji kà déy li ma cha ndèy bbíy bbalè kà ò luw ndèy tsi  í li ní lǎní bbalè í li nì ŋǎní ní bbalè Li djòkpa drr̀dha dja à jì à déy li ma cha ndey chuw ngǎjìní lò ka nì shǐy bbakà nà nì kà ddúw fú lò kà mbǎ ndùw bbalè kà ò	1			Lendu	train	9.314456035767511		False	0.412751677852349	False	4.082418167622909	0.3962406015037594	True
f1a9e65b853cca9c7a61a76ceeba58e2	65634	spontaneous-speech-led-65634.mp3	18000	6757	Lǎní li-djòkpa ddàdha dja à jì à déy ndèy jì nà ŋǎchú nì li?	À déy ndèy jì nà nì li nzǐ ndèy rr lò bbalè nà nì nzǐ ndèy nya thǒw bbalè ò nì ndèy tey ddì nì lò bbalè nà nì ndèy tdra lǎní lò bbalè dhò cha ndèy bbú nyǔ'wiy bbalè dhò  ndèy kwó bbalè tsotso ndèy mba bbalè lǎní lò ò nì	1			Lendu	train	9.27777777777778		False	0.3935185185185185	False	3.905024885260048	0.2879699248120301	True
21fb7f77ccb2d6989e98bcd4edf4c539	65643	spontaneous-speech-led-65643.mp3	22140	6757	Lǎní li-djòkpa ddàdha dja à jì à déy ndèy jì nà ŋǎchú nì li?	À jì à déy ney ddí  ndèy vi nì lò tsò ní li lǎnà ndèy déy nì bbalè nà ní li wá nì sǎ nà ndèy njúw nì lò tsò ddìnga bbalè nà ní li wá nì sǎ nà ndèy bbú ndèy dho nì lò djokpa bbalè kà ní li	1			Lendu	train	6.187895212285456		False	0.40217391304347827	False	4.535294419280845	0.6781954887218045	False
3d6b646c1cb9130eb226ee4110f7995d	65647	spontaneous-speech-led-65647.mp3	13248	6757	Lǎní li-djòkpa ddàdha dja à jì à déy ndèy jì nà ŋǎchú nì li?	À jì à déywò ní ndèy sî ŋà Ddrà mí lò nà nì li à ndèy thíy ò jǐ nà nì li ndeyní à ddǎ bbalè djùkpa lǎní màdhí bba ò	1			Lendu	train	6.416062801932367		False	0.1071428571428571	False	4.000891279507615	0.3518796992481203	True
eea86ca8ea6b1af65157b06503a99e83	65650	spontaneous-speech-led-65650.mp3	16668	6757	Lǎní li-djòkpa ddàdha dja à jì à déy ndèy jì nà ŋǎchú nì li?	À jì à déy jǐ nà nděyngá bbalè ró à jì à rř nděyngá bbalè nì tdrǎ nì lò ngéynì à jì à njěy nděyngá bbalè nì jǐ nì lò wá nì nga nà	1			Lendu	train	5.819534437245021		False	0.3464566929133859	False	3.9995903766737753	0.3511278195488722	True
69460059366eafce16269260ed3e45b0	65961	spontaneous-speech-led-65961.mp3	14328	6757	Lǎní li-djòkpa ddàdha dja à jì à déy ndèy jì nà ŋǎchú nì li?	À déy dò njèydha mí li ní à déy ndèy jì nì lǎní li ní à déy li má à tsì déydha lǎní ní nì bbalè nà	1			Lendu	train	5.025125628140703		False	0.2421052631578947	False	4.418866808128802	0.6142857142857143	False
830ccfbc3f4a54ceb8d849dbfe1b520f	66152	spontaneous-speech-led-66152.mp3	18936	6757	Lǎní li-djòkpa ddàdha dja à jì à déy ndèy jì nà ŋǎchú nì li?	Fú ndeyli jì à déy ndeyli má cha Ddrà mí lò ney à ra nì ǒnó nì à jì à déy ndeyli má cha ndèy jì ddí tde nì lǎní nì ya fú ndeylí jì nì ngǎ lǎnî nzǐ à rà dey lǎní bbalè nà	1			Lendu	train	6.601182931981411		False	0.2530120481927711	False	4.120066176804348	0.40902255639097745	True
da097b556a52dc7d273093cf8ce97abd	66293	spontaneous-speech-led-66293.mp3	18036	6757	Lǎní li-djòkpa ddàdha dja à jì à déy ndèy jì nà ŋǎchú nì li?	Lǎní li djùkpa ddàdha-dja à jì ndèy déy ndèy jì nà lǎní nì li ndèy má lò ní li ndèy bbú ndèy rónga bbalè dho nì li ndèy nzz ndèy nzz Ddrà ní li	1			Lendu	train	6.098913284542027		False	0.2857142857142857	False	4.650823818581045	0.7390977443609023	False
f595d0e1832ceab8c935264c25968409	66531	spontaneous-speech-led-66531.mp3	16920	6757	Lǎní li-djòkpa ddàdha dja à jì à déy ndèy jì nà ŋǎchú nì li?	Lǎní li djùkpa ddàdha-dja à kà à déy cha Ddrà ndèy nyi ní li ndèy rr nì bbalè dhí dzz̀ ní li cha ndèy njúw bbalè tsò wánì nga nà nì li	1			Lendu	train	6.087470449172576		False	0.16030534351145043	False	3.935033208617137	0.3075187969924812	True
eea86ca8ea6b1af65157b06503a99e83	64514	spontaneous-speech-led-64514.mp3	20268	6758	Déydha ɦiytss̀ ní li nà ddì nì mí lǎnínga ndèymí ngǎjìní nga ní ddù Uganda ó nì bbalè kàó?	Mí lǎní nga nì nyi rà dey jǐ nà wá nì nga nà  nyìdhí nzòw rà ì gwiy ya nyì nì ney ddiy nà mí ngǎjìní nga nì ya fú sǐngba gow nì nzǐ nyi rà mà ngǎ nzòw ní	1			Lendu	train	5.575291099269784		False	0.20666666666666667	False	4.203834873537399	0.46090225563909776	True
4690939abbaed200afffde0a457f0324	65077	spontaneous-speech-led-65077.mp3	14508	6758	Déydha ɦiytss̀ ní li nà ddì nì mí lǎnínga ndèymí ngǎjìní nga ní ddù Uganda ó nì bbalè kàó?	Déydha ɦìytss ní li nà ddì léy nì li rr̀dha tde nì lǎní nzòw tsò njúwdha ddí tde lǎní ndèymí mí nzòw rr nì ì lǎní ì kàó	1			Lendu	train	6.341328921974083		False	0.1724137931034483	False	3.933705019700262	0.30601503759398496	True
5ead05ed0317f78aa329e93b3f6c2b6c	65212	spontaneous-speech-led-65212.mp3	21348	6758	Déydha ɦiytss̀ ní li nà ddì nì mí lǎnínga ndèymí ngǎjìní nga ní ddù Uganda ó nì bbalè kàó?	Mí lǎní nga nì à léy li kà ó jǐ déy nèy à léy nì nzòw tsotso kwódha skul fiz bbúdha dho mí lò tde nì ngǎ tǔwtǔw Mí ngǎjìní nga nì ya fú sǐngba rà ì dhínga nyi nì mǎ kpakiní ka a dhì ddí nyi nì chǔw nyi mà tǔwtǔw ní nga ó	1			Lendu	train	7.775904065954656		False	0.17972350230414746	False	4.391617381232004	0.6007518796992481	False
9effd7faf8601b37182a0098bf1d23b2	65245	spontaneous-speech-led-65245.mp3	18288	6758	Déydha ɦiytss̀ ní li nà ddì nì mí lǎnínga ndèymí ngǎjìní nga ní ddù Uganda ó nì bbalè kàó?	Mí lǎní nga nì à léy nì silimu mà ní chú mí dhi nì li chùw nzǐ mí ngǎjì-ní-nga nì ya nyi zz̀ ngùní ɦìytss ní li nyi gow nì nzòw nzǐ	1			Lendu	train	5.468066491688539		False	0.1171875	False	4.684587644081242	0.7556390977443609	False
789f537bcdf7638af5c97b59bc69a60d	65414	spontaneous-speech-led-65414.mp3	20268	6758	Déydha ɦiytss̀ ní li nà ddì nì mí lǎnínga ndèymí ngǎjìní nga ní ddù Uganda ó nì bbalè kàó?	Déydha ɦiytss-ní-li nà ddì nì mí lǎní nga nì lò tde nì ngǎ bba ó Déydha ɦiytss-ní-li nà ddì nì nà nì nzòw má à gòw nà nì fú nzòw nì wá ddì nì lò nà Déydha ɦiytss-ní-li nà ddì nà nì lò nì dyǎ lò ddí nì ngǎ má ka dho nyì kàò dhi mbàdha nà nì	1			Lendu	train	8.979672389974343		False	0.4152542372881356	False	4.259947892554076	0.5090225563909775	True
21fb7f77ccb2d6989e98bcd4edf4c539	65852	spontaneous-speech-led-65852.mp3	30636	6758	Déydha ɦiytss̀ ní li nà ddì nì mí lǎnínga ndèymí ngǎjìní nga ní ddù Uganda ó nì bbalè kàó?	Mí lǎnà ní nga nyì dhí wánì lò tsò nyì rà njuw lǎní nyì rà nyìdhí ddiy rónga ddɨ pbò lǎní fú nga dzzdjú nyì rà nyìdhí nzòw gwiy lǎnà ní li gwíydha jì nà fú nzǒw rà li dò njèydha tsì fú nzòw nyì rà tsuw sùkúl ò  ndrǔ rà sò mí ngǎjìní nga kě nì fú nyìdhí nzòw ddí rà tsa fú nzòw sòdha ddí rà shì nyì djòluw	1			Lendu	train	7.605431518474995		True	0.31229235880398676	False			False
3d6b646c1cb9130eb226ee4110f7995d	65948	spontaneous-speech-led-65948.mp3	24228	6758	Déydha ɦiytss̀ ní li nà ddì nì mí lǎnínga ndèymí ngǎjìní nga ní ddù Uganda ó nì bbalè kàó?	Mí lǎ ní nga nì nyì rà nyi rr̀ nyìdhí dza ó nyi bbalè rwo cha nzòw dho sò ndanà nì cha nyi vi  ndanà nyìdhí bba ss̀ nì mí ngǎjìní nga nì ya à ra ro nyi mà ddiya kpakí ní nyinì ddiya ngǎ hiytss ní li ní	1			Lendu	train	6.27373287105828		False	0.20707070707070707	False	4.951490011097537	0.8548872180451128	False
69460059366eafce16269260ed3e45b0	66034	spontaneous-speech-led-66034.mp3	14076	6758	Déydha ɦiytss̀ ní li nà ddì nì mí lǎnínga ndèymí ngǎjìní nga ní ddù Uganda ó nì bbalè kàó?	Njàddí nga gbè nyi kpatss̀-ní-li nyi ddu nì ɦùw  ní ddí nyi déy nì drá ní nzòw nà ddí njàddí nga bbalè nyi nì nyi nzǐ	1			Lendu	train	6.46490480250071		False	0.22807017543859653	False	4.460150817236756	0.6368421052631579	False
f1a9e65b853cca9c7a61a76ceeba58e2	66089	spontaneous-speech-led-66089.mp3	23868	6758	Déydha ɦiytss̀ ní li nà ddì nì mí lǎnínga ndèymí ngǎjìní nga ní ddù Uganda ó nì bbalè kàó?	Nzòw ónga nì ndèy ndǒ nzǐ nzǐ nzòw ní déy ddì nyí dhí  nzòw nì nyi chuw rr nyìdhí nzòw nì cha nyì rà tdra ì dhò ní lò njěy ì zzǐ nì djòkpoa nì ngú klǒw njàddí sâ nà nyi chuw rr nzǐ à nì jǐ ndèy njèy cha ndèy thíy ddéy ní lò cha ndèydho thǒw mbà nyi ò nì	1			Lendu	train	8.002346237640355		False	0.26	False	4.7404906152777855	0.7827067669172932	False
bb53c9cc38fe315d31ecd6251f4b4705	66472	spontaneous-speech-led-66472.mp3	21780	6758	Déydha ɦiytss̀ ní li nà ddì nì mí lǎnínga ndèymí ngǎjìní nga ní ddù Uganda ó nì bbalè kàó?	Déydha ɦìytss ní li nà ddì nì mí ngǎjìní nga nì ká à dhì nwǎŋú nyi mà kpakí ní ǎyà njǎddǐ à rà rà nyi róddù à nzòw bbà nwǎŋú ddì nì ɦìytss ní li déydha mî	1			Lendu	train	5.417814508723599		False	0.19867549668874174	False	4.527411834497117	0.6729323308270677	False
c5df5911e2fe9c37bfe33b1deacd2a9c	63835	spontaneous-speech-led-63835.mp3	22356	6759	Ddudhò à ní jì mà njěy njaddí bbalè dhí ddiy do cha ì nì màdhí bba ó nì?	Ddudhò à ní jǐ mà njěy njàddí bbalè dhí ddiy dò cha ì nì màdhí bba ó nì? Fúnì rà ley mà déy jǐ-djá ní mà rà dey nzǐ gbu ì nì njěy nì bbalè ní mà kàó à rà ley bbalè rà dey lǎní ì kàó	1			Lendu	train	6.038647342995168		False	0.2191011235955056	False	3.420053768231583	0.06315789473684211	True
8acb58a60c926b87d6f906bec0e3c36d	63919	spontaneous-speech-led-63919.mp3	18900	6759	Ddudhò à ní jì mà njěy njaddí bbalè dhí ddiy do cha ì nì màdhí bba ó nì?	Ddudhò à ní jǐ mà njèy njaddí bbalè dhí ddiy dò cha ì nì màdhí bba ó nǐ fú lò rà ley mà rà dey jǐ nà mà kà ó	1			Lendu	train	4.17989417989418		False	0.06666666666666665	False	3.3783207154101462	0.05112781954887218	True
5ead05ed0317f78aa329e93b3f6c2b6c	64467	spontaneous-speech-led-64467.mp3	23580	6759	Ddudhò à ní jì mà njěy njaddí bbalè dhí ddiy do cha ì nì màdhí bba ó nì?	Ndaní à mbǎ lǎní lò màdhí bba ó dziylíy dhìydha mî ndaní à léy jǐ dêy ní ney màkàó cha mà dho njàddí ndrǔ dhí ddiy dò njèy mî ndaní à drŕ mà tsotso kwódha mà kǎ nì mí lò	1			Lendu	train	5.555555555555555		False	0.12574850299401197	False	3.6107000284813657	0.13157894736842105	True
f595d0e1832ceab8c935264c25968409	65269	spontaneous-speech-led-65269.mp3	17280	6759	Ddudhò à ní jì mà njěy njaddí bbalè dhí ddiy do cha ì nì màdhí bba ó nì?	Ndaní ndrǔ thíy déy hwí nà màdhí bba ó ndaní ndrǔ chǔw ì ddí nì  kwódha ní mà kà ó ndaní nzǐ à mbǎ tdókátdò tdyaní ndrǔ thíy ò mà kà ó	1			Lendu	train	5.902777777777778		False	0.2290076335877863	False	3.9187528173462107	0.29699248120300753	True
3d6b646c1cb9130eb226ee4110f7995d	65538	spontaneous-speech-led-65538.mp3	8496	6759	Ddudhò à ní jì mà njěy njaddí bbalè dhí ddiy do cha ì nì màdhí bba ó nì?	Ndeyní màdhí bbalè déy ò ní lǎní gbu ní ddiy tde nì ngǎjìní njá nà à nyá ò ní gbu	1			Lendu	train	7.297551789077213		True	0.08974358974358976	False			False
eea86ca8ea6b1af65157b06503a99e83	65547	spontaneous-speech-led-65547.mp3	18288	6759	Ddudhò à ní jì mà njěy njaddí bbalè dhí ddiy do cha ì nì màdhí bba ó nì?	Ndaní mà déy jǐ nà mà kàòluw ndaní mà déy ddì nì bbalè ní chú ngéy ní nì ndaní màdhí bba ónga dhǐ mà njǎ mà gbè njàddí ndrǔ níchú gbè	1			Lendu	train	5.632108486439195		False	0.17692307692307696	False	3.3928988343069775	0.05413533834586466	True
f1a9e65b853cca9c7a61a76ceeba58e2	65689	spontaneous-speech-led-65689.mp3	20628	6759	Ddudhò à ní jì mà njěy njaddí bbalè dhí ddiy do cha ì nì màdhí bba ó nì?	Ndaní ndrǔ chǔw ì mà ndrò nzá ì mà jì ŋà mà déy ndrǔ nà ddì nì ddiy ní ndèymí ndrǔ mbǎ làní ddiyddiy ní lò mà dhí bba kà ò mà dhǐy mà dhí bba ndrǔ nà ddìnga ó mà lòw mà dhokpa ddì wá nì lò ó	1			Lendu	train	6.883847197983323		False	0.28342245989304815	False	4.122595506673419	0.4120300751879699	True
b60ffd663a6f4ea05bc69ef86c8ee3e8	65763	spontaneous-speech-led-65763.mp3	13428	6759	Ddudhò à ní jì mà njěy njaddí bbalè dhí ddiy do cha ì nì màdhí bba ó nì?	Mà ra fú ddiy dò njèy mí lò nì fú ddiy dho nyi tsotso ddí kwo ney ya nyi ró ddiy mí zòw shì nyi ra fú ddiy kwo ndeyli tsòró ndeyli rà bbu nyi dhò ney à kwo nyi tsotso	1			Lendu	train	9.383378016085793		False	0.31288343558282206	False	4.661206056391905	0.7488721804511278	False
9effd7faf8601b37182a0098bf1d23b2	65838	spontaneous-speech-led-65838.mp3	17460	6759	Ddudhò à ní jì mà njěy njaddí bbalè dhí ddiy do cha ì nì màdhí bba ó nì?	À jì mà njěy njàddí bbalè dhí ddiy dò cha ì nì mà dhí bba kà ó nì nzǐ mà sǎ fúndrú dhí fúddiy sàdha ní fúddiy dho mà tsotso ddí kwo ney njàddí itss djú	1			Lendu	train	6.643757159221076		False	0.18243243243243246	False	3.5079900784356854	0.08947368421052632	True
c5df5911e2fe9c37bfe33b1deacd2a9c	63797	spontaneous-speech-led-63797.mp3	21240	6760	Skul kâ ì njèy ddù ndaní cha ì nì tsúwbà nínì ndrǔ déy ddìkàddì ngéy ní ndrǔ nà?	Sùkǔl kâ ì njěy ddu ndaní cha ì nì tsúwba ní nì ndrǔ déy ddìkaddì ngéy ní ndrǔ nà? À jì sùkûl léy tsúwba ní nì nzòw ddí déy li djukpa ddàdha-djá nì sòmù ò	1			Lendu	train	5.649717514124293		False	0.152317880794702	False	3.9301023260754686	0.3037593984962406	True
8acb58a60c926b87d6f906bec0e3c36d	63998	spontaneous-speech-led-63998.mp3	22140	6760	Skul kâ ì njèy ddù ndaní cha ì nì tsúwbà nínì ndrǔ déy ddìkàddì ngéy ní ndrǔ nà?	Sukûl kâ ì njěy ddu ndaní cha ì nì tsúwba ní nì ndrǔ déy ddìkàddì ngéy ní ndrǔ nà? Sukûl kâ ì léy fú nzòw ddí déy li-djùkpa ddàdha-djá ní	1			Lendu	train	4.878048780487805		False	0.13432835820895528	False	3.3454212375378654	0.041353383458646614	True
5ead05ed0317f78aa329e93b3f6c2b6c	64174	spontaneous-speech-led-64174.mp3	18540	6760	Skul kâ ì njèy ddù ndaní cha ì nì tsúwbà nínì ndrǔ déy ddìkàddì ngéy ní ndrǔ nà?	À kà ka jǐ ndrǔ ka tdúw ndrǔ ddìkàddì wánì nzòw nà ddìnì ddiy ní ka njěy ndrǔ zòw cha ddiy má ney ndrǔ nì jǐ nì ka mbǎ ní ndrǔ dho	1			Lendu	train	5.339805825242719		False	0.20472440944881887	False	4.241569136576226	0.49473684210526314	True
9effd7faf8601b37182a0098bf1d23b2	64224	spontaneous-speech-led-64224.mp3	16488	6760	Skul kâ ì njèy ddù ndaní cha ì nì tsúwbà nínì ndrǔ déy ddìkàddì ngéy ní ndrǔ nà?	Sukúl kǎ kà bbú ndrǔ dhò bbiydha mí ddiy sukúl kà à jǐ ndrǔ ddìkàddì ngéy ní bbalè níchu	1			Lendu	train	4.245511887433285		False	0.09411764705882353	False	4.127136508781563	0.41578947368421054	True
bb53c9cc38fe315d31ecd6251f4b4705	64262	spontaneous-speech-led-64262.mp3	17820	6760	Skul kâ ì njèy ddù ndaní cha ì nì tsúwbà nínì ndrǔ déy ddìkàddì ngéy ní ndrǔ nà?	Fú ndrú kà ì léy fú nzòw wá tsǔw somu ó ndrǔw sǒ ndaní ndrǔ ka dey dyǎsi ma cha ì nì ngǎ tsuba ní nì ndrǔ nà nzánà ndrǔ lòw tdrǎ ní yà ì chú ka ndrò ndròní	1			Lendu	train	6.565656565656566		False	0.13157894736842102	False	5.576859200937981	0.9646616541353383	False
789f537bcdf7638af5c97b59bc69a60d	64519	spontaneous-speech-led-64519.mp3	23616	6760	Skul kâ ì njèy ddù ndaní cha ì nì tsúwbà nínì ndrǔ déy ddìkàddì ngéy ní ndrǔ nà?	Tsúwba ní bbalè dho sòwdha kà ì njěy ndanà nì ddiy nì i ka sš sòdha dzà ndrǔdho má ney cha ndanà drǔ dho tsùw dza nà nì kass pbuw ó ràdha mí dza  kà dey cha ndrǔ chopu rà ò mà nì ka ji mà jǐ ndrǔ mà dhǒ ndrǔ dhò ndrǔ ddí chùw lò ma ndrǔdho dey ndanà ì koko djú  nà nì	1			Lendu	train	8.553523035230352		False	0.23396226415094334	False	4.658737206466912	0.7458646616541353	False
4690939abbaed200afffde0a457f0324	64570	spontaneous-speech-led-64570.mp3	9108	6760	Skul kâ ì njèy ddù ndaní cha ì nì tsúwbà nínì ndrǔ déy ddìkàddì ngéy ní ndrǔ nà?	Sukúl kà ì mbǎ ndèy nì ndèy jǐ ndrǔ dhò nì ddiy wá cha ndèy nì ndèy jǐ sòmù dhò nì	1			Lendu	train	6.807202459376372		True	0.2784810126582279	False			False
f1a9e65b853cca9c7a61a76ceeba58e2	64801	spontaneous-speech-led-64801.mp3	24480	6760	Skul kâ ì njèy ddù ndaní cha ì nì tsúwbà nínì ndrǔ déy ddìkàddì ngéy ní ndrǔ nà?	Ka léy ndrǔ déy ddìkàddì cha ì nì ngǎ ndrǔ níchú nì nzów nà ka kwó ndrǔ tsotso cha ndrǔ dho ìdhí sòmù sò ndanà ndaní ndrǔ rǎ ndanà pbǔw njitsò djò ndrǔ rǎ ndanà dhǐy chùw ndrǔ ddí tsǐ níyà ì kâ ŋà ì ddí njěy cha tdiytdiy ní bbalè nì njěy nì njí jì fú bbalè níchú gbè	1			Lendu	train	8.455882352941176		False	0.24714828897338403	False	3.9960158589192667	0.34887218045112783	True
21fb7f77ccb2d6989e98bcd4edf4c539	64890	spontaneous-speech-led-64890.mp3	23580	6760	Skul kâ ì njèy ddù ndaní cha ì nì tsúwbà nínì ndrǔ déy ddìkàddì ngéy ní ndrǔ nà?	Sùkúl à kà ndrǔ dzž tsúwba dhí gǎr ndeyní tsúwba ndrǔ déy ddìkàddì ngéy ní ndrǔ nà fú nga dzzdjú dzuw rò ka njǎ lǎnà ní nì dzuw rò tsúwba-djá dhò ndeyní ndrǔ ddí njǎ ì ddìkàddì ì dyási nà	1			Lendu	train	6.3189143341815095		False	0.24864864864864866	False	4.2480134444806845	0.5015037593984962	True
da097b556a52dc7d273093cf8ce97abd	64917	spontaneous-speech-led-64917.mp3	24228	6760	Skul kâ ì njèy ddù ndaní cha ì nì tsúwbà nínì ndrǔ déy ddìkàddì ngéy ní ndrǔ nà?	Ddì nì ddiy à jì skul à kwó fú tsúwba ní nì bbalè tsotso wá rwo nì mî à jì ka bbú ndrǔ dho bbiydha mí ddiy gbow nì mî à jì skul à sš ndrǔ dho soroni lǎ ní ní nì ndaní ndrǔ thíy ddí déy lǎní sòmù ró	1			Lendu	train	6.149909195971603		False	0.2102564102564103	False	3.5865397539415333	0.12180451127819548	True
69460059366eafce16269260ed3e45b0	65846	spontaneous-speech-led-65846.mp3	16776	6760	Skul kâ ì njèy ddù ndaní cha ì nì tsúwbà nínì ndrǔ déy ddìkàddì ngéy ní ndrǔ nà?	Ndrǔ kwó ndrǔ tsotso soroni ss̀dha nà ndrǔ bbú li gwídha mí ddiy fú ndrú dhò ddí ndaní à nyá hwî fúndrú ò ddí ndrǔ déy ndrǔ ddí ddìkàddì gbè ngéy ní nzòw ní chú	1			Lendu	train	7.510729613733906		False	0.15923566878980888	False	3.8591256492690014	0.26015037593984963	True
3d6b646c1cb9130eb226ee4110f7995d	66185	spontaneous-speech-led-66185.mp3	24300	6760	Skul kâ ì njèy ddù ndaní cha ì nì tsúwbà nínì ndrǔ déy ddìkàddì ngéy ní ndrǔ nà?	À kà gàméntè kwó ndrǔ tsotso ndrǔ bbú ndrǔ zòw cha ney mb bbíydha mí nò tdiytdiy ní ngéy ní ddiy nà à sùkúl ò cha ì nì ndrǔ djùkpa ddǎ nì ndrǔ léyò ní ndrǔ déy ddǐngǎ ndrǔ bbíy ndrǔ dhò sòrónì ndaní ndrǔ déyo ní ngádha ní	1			Lendu	train	7.1193415637860085		False	0.24770642201834858	False	3.6839314496284152	0.16090225563909774	True
c5df5911e2fe9c37bfe33b1deacd2a9c	63863	spontaneous-speech-led-63863.mp3	18936	6761	Ddudhò màdhí bba ó bbalè ní drá ní nyùʼwíy nà li dhokpa nà kà thì nì ddiy mí lò ró?	Ddudhò màdhí bba ó bbalè ní drá ní nyǔ'wiy nà li dhokpa nà ka nì thǐy nì mí lò ró? Ndrǔ nì drá ní nyǔ'wiy nà ddiydhò fúddiy thiydha rr̀dja nì ngǎ mà kàó ndèymí djǒmá lò ddí mí bbalè tsì nzá	1			Lendu	train	7.815800591465991		False	0.17741935483870963	False	4.037763274363587	0.3744360902255639	True
8acb58a60c926b87d6f906bec0e3c36d	63958	spontaneous-speech-led-63958.mp3	16956	6761	Ddudhò màdhí bba ó bbalè ní drá ní nyùʼwíy nà li dhokpa nà kà thì nì ddiy mí lò ró?	Ddudhò mà dhí bba ó bbalè ní ddrá ní nyǔ'wiy nà li dhokpa nà ka thi nì ddiy mí lò ró mà dhí bbá zòw nì ddrǒ	1			Lendu	train	4.777070063694268		False	0.13461538461538458	False	3.525448448367939	0.0962406015037594	True
b60ffd663a6f4ea05bc69ef86c8ee3e8	64167	spontaneous-speech-led-64167.mp3	22248	6761	Ddudhò màdhí bba ó bbalè ní drá ní nyùʼwíy nà li dhokpa nà kà thì nì ddiy mí lò ró?	Ddiy dhò ndrǔ nì ngǎ nyǔ'wiy nà ddiy dhò ndrǔnì nzá ì tsì ì dhó í ddiy njèy ŋachú li má ndèy dho ndrǔ dhò nì  à nì ngǎ cha bbalè tdè ney ro ka dhò ro ndrǔ dho fú ddiy tsì ney	1			Lendu	train	5.888169723121179		False	0.2573099415204678	False	4.416580138226528	0.6120300751879699	False
21fb7f77ccb2d6989e98bcd4edf4c539	64399	spontaneous-speech-led-64399.mp3	25740	6761	Ddudhò màdhí bba ó bbalè ní drá ní nyùʼwíy nà li dhokpa nà kà thì nì ddiy mí lò ró?	Li dhokpa nà ka thi nì ní ddiy gwíy mí ligwíydha djá shi nì mà dè nzǐ mí lò rò ddí njèy ndèy děy mà dè nzá  fú ddiy lêy mà nì fú nyǔ'wiy nà ngǎ fú ddiy lêy màdho njèy ní lò ddí nì ngǎ mà nì jǐ mà chǔw mà ddí déy ndanà	1			Lendu	train	6.293706293706293		True	0.26635514018691586	False			False
bb53c9cc38fe315d31ecd6251f4b4705	64588	spontaneous-speech-led-64588.mp3	12456	6761	Ddudhò màdhí bba ó bbalè ní drá ní nyùʼwíy nà li dhokpa nà kà thì nì ddiy mí lò ró?	Fú bbalè dhí nyǔ'wiy chú léy nì ndey fú bbalè cho nì nga ndaní à ká ìdho mb bbu ì ká ndanà ì rónga pbò	1			Lendu	train	6.26204238921002		False	0.11111111111111116	False	3.6839471698371655	0.16165413533834586	True
789f537bcdf7638af5c97b59bc69a60d	64892	spontaneous-speech-led-64892.mp3	17676	6761	Ddudhò màdhí bba ó bbalè ní drá ní nyùʼwíy nà li dhokpa nà kà thì nì ddiy mí lò ró?	Li dhokpa nà dhǐy ma ka njeynà nì màdhí bbalè nì ssey nì lòtsìdha nà djǒ nó ddù mí lò nì i aa sòdha li dhokpa nà dhǐy njèydha mî kà nì da nì nga ò ma shìdha nì klǒw cha ney mà dho ra ndana denà nà nì	1			Lendu	train	8.542656709662818		False	0.19387755102040816	False	5.055916586471072	0.881203007518797	False
f1a9e65b853cca9c7a61a76ceeba58e2	65100	spontaneous-speech-led-65100.mp3	24408	6761	Ddudhò màdhí bba ó bbalè ní drá ní nyùʼwíy nà li dhokpa nà kà thì nì ddiy mí lò ró?	Mà nì fúddiy mí zòw nà fúddiy shì mà kàó ddí nzá děy ddì ddì ní bbalè nì kow dey ndey fú lò mbǎ mà kàò cha ì nì ney nyǔ'wiy nà rǒmá nì cha ì tsì rómà mama má lò ŋà nì cha ì sò nga ŋà nì chú nì fúddiy mbǎ mà kǎ njanja à nì shǐ ddì ddì ní mà nì rǒmá lò tsǐ	1			Lendu	train	7.70239265814487		False	0.2788844621513944	False	6.025874648693719	0.9864661654135338	False
4690939abbaed200afffde0a457f0324	65293	spontaneous-speech-led-65293.mp3	12816	6761	Ddudhò màdhí bba ó bbalè ní drá ní nyùʼwíy nà li dhokpa nà kà thì nì ddiy mí lò ró?	Ndrǔ gwíy ì nzá lidhokpa nà ka thinì nì ddiy mí lò ró ndrǔ dhí nyǔ'wiy ní ddrá mí lò ró	1			Lendu	train	5.227840199750312		False	0.08333333333333337	False	4.0635050093334	0.3894736842105263	True
3d6b646c1cb9130eb226ee4110f7995d	65978	spontaneous-speech-led-65978.mp3	12456	6761	Ddudhò màdhí bba ó bbalè ní drá ní nyùʼwíy nà li dhokpa nà kà thì nì ddiy mí lò ró?	Nyǔ'wiy nì ngǎ cha ndèy dho fú lò mbà mà dho bbakǎ nì li nì ngǎ ndey à kà à ddǎ mà djùkpa ndeyní mà ká fú lò ká ndèy tsì màdhí bba ó	1			Lendu	train	7.947976878612717		False	0.17829457364341084	False	4.185665943649414	0.45112781954887216	True
f595d0e1832ceab8c935264c25968409	66287	spontaneous-speech-led-66287.mp3	15228	6761	Ddudhò màdhí bba ó bbalè ní drá ní nyùʼwíy nà li dhokpa nà kà thì nì ddiy mí lò ró?	Li-gwíydha mí klôw nì drá li dhokpa nà ka thì nì ddíy ró ndrǔ nì mb mí zòw nà cha ndèy dho ley ndrǔ tsǐ lò tdey ndèy nì shǐ vi ó nì	1			Lendu	train	6.501182033096927		False	0.1171875	False	4.030396266045253	0.3699248120300752	True
830ccfbc3f4a54ceb8d849dbfe1b520f	66385	spontaneous-speech-led-66385.mp3	20160	6761	Ddudhò màdhí bba ó bbalè ní drá ní nyùʼwíy nà li dhokpa nà kà thì nì ddiy mí lò ró?	Mà dèy nì bbalè nzá mà gwîy mà lǎní fúddiy njèydha nà ddu djúddù à lêy nyǔ'wiy má cha mà dho tdè ndanà ddiy njèy nzá mà chùw à cha à nì ndèy jǐ ní ó à ji tdè mà chǔw tdè nyǔ'wiy fúddiy mà njèydha nà ndaní mà njěy ddiy lǎní	1			Lendu	train	8.482142857142858		False	0.2831050228310502	False	3.7077544010507193	0.17067669172932332	True
eea86ca8ea6b1af65157b06503a99e83	66444	spontaneous-speech-led-66444.mp3	18288	6761	Ddudhò màdhí bba ó bbalè ní drá ní nyùʼwíy nà li dhokpa nà kà thì nì ddiy mí lò ró?	Mí sùkúl dzà nì ndìy à lêy màdhí bbalè dho shì nzǐ fulè fú sòmù chùwdha  mà nì ngǎ nyǔ'wiy nà cha mà dho fú ddiy njèy ndanà nì	1			Lendu	train	5.304024496937883		False	0.07317073170731703	False	3.5695109909660894	0.11578947368421053	True
9effd7faf8601b37182a0098bf1d23b2	66504	spontaneous-speech-led-66504.mp3	17388	6761	Ddudhò màdhí bba ó bbalè ní drá ní nyùʼwíy nà li dhokpa nà kà thì nì ddiy mí lò ró?	Mà dhí bba ó bbalè nì drá ní nyǔ'wiy nà li dhokpa nà mí dhǐy mí lò dhò sòmù li dhokpa nà mí dhǐy mí lò mî nì ndì i ngá ddù	1			Lendu	train	5.233494363929146		False	0.24369747899159666	False	4.286880757967004	0.5300751879699248	True
5ead05ed0317f78aa329e93b3f6c2b6c	66609	spontaneous-speech-led-66609.mp3	20808	6761	Ddudhò màdhí bba ó bbalè ní drá ní nyùʼwíy nà li dhokpa nà kà thì nì ddiy mí lò ró?	Mí lò tey nì ndrǔ gwíy ì nzá ligwídha mí nga nì ngǎ mà kà ó ddiy dho ndrǔ bbîy nzá ka tsì nzá ddu mí lò na ndey njanja ndèy njèy ddiy	0			Lendu	train	4.853902345251826		False	0.1384615384615384	False	4.570310366209107	0.7	False
c5df5911e2fe9c37bfe33b1deacd2a9c	63854	spontaneous-speech-led-63854.mp3	21060	6762	Ya ngǎjìní lò nì màdhí bba ó ro, à jì li-djòkpa ddadha dja njèy ddù?	Ya ngǎjìní lò nì màdhí bba ó ro à jǐ li djùkpa ddàdha-djá njěy ddǔ? À jì ndrǔ njúw mà tsòw mà těy lò ddǐngǎ mà njǎ fú ngǎjìní lò ndèymí mà dhǒ mà kàó bbalè dho cha lǎní déydha jì	1			Lendu	train	6.552706552706553		False	0.10285714285714287	False	3.4595860199805366	0.06917293233082707	True
8acb58a60c926b87d6f906bec0e3c36d	63899	spontaneous-speech-led-63899.mp3	16560	6762	Ya ngǎjìní lò nì màdhí bba ó ro, à jì li-djòkpa ddadha dja njèy ddù?	Ya ngǎjìní lò nì màdhí bba ó ro à jǐ li djùkpa ddàdha-djá njěy ddu? À jì ndrǔ njúw bbalè tsò ndrǔ gwíy bbalè lò bbàdha nà	1			Lendu	train	5.736714975845411		False	0.0847457627118644	False	3.111527513264584	0.012030075187969926	True
bb53c9cc38fe315d31ecd6251f4b4705	64082	spontaneous-speech-led-64082.mp3	16776	6762	Ya ngǎjìní lò nì màdhí bba ó ro, à jì li-djòkpa ddadha dja njèy ddù?	À njúw fú bba ó bbalè tsò ddìnga ó ka à těy fúndrú  nà lò à ká fú lò dhò fúndrú dho cha ngǎjìní fúndrú nì njěy nì fúndrú ka bba gu fú cho ó	1			Lendu	train	6.19933237958989		False	0.17647058823529416	False	4.542007553648748	0.6819548872180451	False
5ead05ed0317f78aa329e93b3f6c2b6c	64121	spontaneous-speech-led-64121.mp3	21780	6762	Ya ngǎjìní lò nì màdhí bba ó ro, à jì li-djòkpa ddadha dja njèy ddù?	À jì ka njúw bbalè tsòw ka ddǔ bbalè nyúddà ngǎjìní lò njèydha róddù à jì ka dhǒ bbalè dho déydha shú ní nì mí lò mí lǎní nga	1			Lendu	train	4.453627180899908		False	0.17213114754098358	False	3.8140242685394505	0.22330827067669173	True
f1a9e65b853cca9c7a61a76ceeba58e2	64304	spontaneous-speech-led-64304.mp3	23616	6762	Ya ngǎjìní lò nì màdhí bba ó ro, à jì li-djòkpa ddadha dja njèy ddù?	Ndrǔ njúw bbalè tsò ndrú tey lò bbalè nà ndrú gǔ ngǎjìní lò cha ì nì njěy nì ndrǔdho ddiyachú  nzǐ fú lò kíyddà ndrŕ ndèy mà kà ó ngǎjìní	1			Lendu	train	4.573170731707317		False	0.14074074074074072	False	3.844699979065116	0.24887218045112783	True
4690939abbaed200afffde0a457f0324	64745	spontaneous-speech-led-64745.mp3	9648	6762	Ya ngǎjìní lò nì màdhí bba ó ro, à jì li-djòkpa ddadha dja njèy ddù?	À jì ka njúw bbalè tsò ddìnga ó ndèymí ka dǒw ndrǔ ndrǔ nyú ddùdha nà	1			Lendu	train	5.597014925373134		True	0.0757575757575758	False			False
eea86ca8ea6b1af65157b06503a99e83	64817	spontaneous-speech-led-64817.mp3	22248	6762	Ya ngǎjìní lò nì màdhí bba ó ro, à jì li-djòkpa ddadha dja njèy ddù?	Ya ngǎjì ní lò nì ney mà kà ó ro à jì lidjòkpa ddadha dja à njúw nděyngá bbalè tso à tey lò ndrǔ nà ndaní ndrǔ ka ngǎjì ní lò bbà ì kà ò luw à jì à gwíy ndrǔ lǎ ní lò nà ndaní nzǐ ngǎjìní lò ká shì fú bbalè kà	1			Lendu	train	7.011866235167206		False	0.22815533980582525	False	3.9461555803866046	0.3150375939849624	True
789f537bcdf7638af5c97b59bc69a60d	65175	spontaneous-speech-led-65175.mp3	18936	6762	Ya ngǎjìní lò nì màdhí bba ó ro, à jì li-djòkpa ddadha dja njèy ddù?	Ya ngǎjìní lò nì màdhí bba ó ro li djùkpa ddàdha-dja à jì à njúw bbalè tsò Ya ngǎjìní lò nì màdhí bbakǎ  ro à ji li djùkpa ddàdha-dja kà chǔw fú lò dhey kà bbíy bbalè kaòluw  kà chǔw í lò à shí ŋangá ddù	1			Lendu	train	8.238276299112801		False	0.29500000000000004	False	3.730504151112179	0.18270676691729323	True
e75023469f03884aa6b979a6eeb811c2	65544	spontaneous-speech-led-65544.mp3	18900	6762	Ya ngǎjìní lò nì màdhí bba ó ro, à jì li-djòkpa ddadha dja njèy ddù?	À jì fú li njúw bbalè tsò fú li déy bbalè nà ddǐnga fú li dhǒ bbalè dho lòmà ndè ya lò nì swà ní ró à ji fúli dhǒw lò nì ingá ǐ chúchú nzǐ fú li ngú dda ddadhà ní fu lò djú ndaní à ká ngu fú li swa fú nì swaní ní lò nì ney ro à jì katěy fú lò djú lò ka sí	1			Lendu	train	9.894179894179892		False	0.23809523809523814	False	5.472434937964438	0.9548872180451128	False
da097b556a52dc7d273093cf8ce97abd	65719	spontaneous-speech-led-65719.mp3	21096	6762	Ya ngǎjìní lò nì màdhí bba ó ro, à jì li-djòkpa ddadha dja njèy ddù?	Cha ngǎjìní lò nì màdhí bba ó ro à ji nì li-djùkpa ddàdha-djá fú ndrǔ tdúw fú lò fú ndrǔ mbǎ ì dyási dè njaddí nì fú ndrǔ gwiy bbalè fú lò ró bbalè déy tsìdha ní swà ní lò nì ney màdhí bba ó	1			Lendu	train	6.920743268866136		False	0.22459893048128343	False	3.475931095382459	0.07368421052631578	True
69460059366eafce16269260ed3e45b0	65896	spontaneous-speech-led-65896.mp3	8640	6762	Ya ngǎjìní lò nì màdhí bba ó ro, à jì li-djòkpa ddadha dja njèy ddù?	À njúw bbalè tsò ddǐngá, à gwíy bbalè lǎní déydha jì nà	1			Lendu	train	5.092592592592593		True	0.07692307692307687	False			False
830ccfbc3f4a54ceb8d849dbfe1b520f	66187	spontaneous-speech-led-66187.mp3	23868	6762	Ya ngǎjìní lò nì màdhí bba ó ro, à jì li-djòkpa ddadha dja njèy ddù?	À nì jǐ li djòkpà ndèynì ddǎ nì li à njúw bbalè tsò wá ddìnga ó à léy bbalè déy cha nzǐ ì dho ngǎjìní fúlò jì njèy nì à nì ngu jǐ à njúw bbalè tsò à těy lò bbalè nà ndaní fú bbalè wá njúw ì tsò ndaní ya fú bbalè kǎnga ndò dè ndò ndò ní à nì jǐ ka jǐ fú bbalè kà ó nga ndrǔ ngú ddì nì ddiy ní	1			Lendu	train	9.091670856376735		False	0.2847222222222222	False	4.387541358689931	0.5992481203007519	True
9effd7faf8601b37182a0098bf1d23b2	66473	spontaneous-speech-led-66473.mp3	16488	6762	Ya ngǎjìní lò nì màdhí bba ó ro, à jì li-djòkpa ddadha dja njèy ddù?	À ji lidjòkpa dja ddadhadja à gwíy bbalè lǎní lò nà à léy bbalè rǎ njitsò djò ney ì nì njěy nì lò ó	1			Lendu	train	4.6094129063561375		False	0.08333333333333337	False	4.222367251424699	0.4774436090225564	True
f595d0e1832ceab8c935264c25968409	66528	spontaneous-speech-led-66528.mp3	19728	6762	Ya ngǎjìní lò nì màdhí bba ó ro, à jì li-djòkpa ddadha dja njèy ddù?	À kà à měy tuw ngǎjìní bbalè ddádha mî li kà ó ddù à kà à chùw tuw rò bbalè tsòw njúwdha mî còn  chěy ní lò tdràdha nà à kà ndèy tsǐ ddí lu ní bbalè cha à tsùw ndèyngá bba ó nì	1			Lendu	train	6.690997566909975		False	0.16763005780346818	False	4.310805484321387	0.5488721804511278	True
8acb58a60c926b87d6f906bec0e3c36d	63999	spontaneous-speech-led-63999.mp3	14760	6763	Bbalè chùw ní ŋá nzadha jì ya mà nì djì mí bbìy ó ro?	Bbalè chuw ní ŋá nzadha jì ya mà nì ji mí bbǐy ó ro tuw tde nì klǎkàklǎ bbiydha dhò	1			Lendu	train	4.336043360433605		False	0.025000000000000022	False	4.2903324914130705	0.5323308270676692	True
21fb7f77ccb2d6989e98bcd4edf4c539	64122	spontaneous-speech-led-64122.mp3	26280	6763	Bbalè chùw ní ŋá nzadha jì ya mà nì djì mí bbìy ó ro?	Mà chuw nì li nzádha tde nì fú nga ddí nì shú aa yò bba mà dé tuwtsò ka thì nzá nga klá nì ndèy aksident ddí nyánì aa bbalè ró zòw ddí tde nì ddrǒ mb ka dho chuw mí tuw ddí fú sâ nà à tdè nì klǒw	1			Lendu	train	5.555555555555555		True	0.14583333333333337	False			False
f1a9e65b853cca9c7a61a76ceeba58e2	64221	spontaneous-speech-led-64221.mp3	18216	6763	Bbalè chùw ní ŋá nzadha jì ya mà nì djì mí bbìy ó ro?	Bbalé rr nì grr̀ à léy nì tuw ónga ngú nì klǎkàklǎ	1			Lendu	train	2.140974967061924	transcription-length	False	0.04255319148936165	False	5.206838371290314	0.91203007518797	False
4690939abbaed200afffde0a457f0324	65270	spontaneous-speech-led-65270.mp3	17388	6763	Bbalè chùw ní ŋá nzadha jì ya mà nì djì mí bbìy ó ro?	Bbiydha ngú nì klǒw, mb chùwdha ngú nì klǒw ddiydhò cha ì nì rǎ ddiy dzz nì ndrǔ chuw nì mí lò tdè nì kpákpá ì dhò ràdha nà	1			Lendu	train	5.463538072233724		False	0.19166666666666665	False	3.77884190431213	0.2037593984962406	True
5ead05ed0317f78aa329e93b3f6c2b6c	65368	spontaneous-speech-led-65368.mp3	27108	6763	Bbalè chùw ní ŋá nzadha jì ya mà nì djì mí bbìy ó ro?	Ddiy ónga dzźdha mí lò wánì ngú nì klǒw ddudjú ddù tuwtsò dho tdè ngǎ cha ney chǒmà nà ka kow mî nyû tsò njúwdha nza óddù ngùdha ndanà bbakǎ dji mí sâ djú fúnì tǔwtǔw ní nga à léy màdhí nyû bíy nì sa nì ndèy ya dji nì kwo drǒ ro	1			Lendu	train	6.529437804338203		True	0.07964601769911506	False			False
da097b556a52dc7d273093cf8ce97abd	65540	spontaneous-speech-led-65540.mp3	21960	6763	Bbalè chùw ní ŋá nzadha jì ya mà nì djì mí bbìy ó ro?	Nzádha bbalè chuw nì dhǐ mí sâ ó ro màdhí bba ó ddì nì bbalè dhí nyû sǎ nì ndèy lèy bbalè dhí dza ddí kwo nì ndèy njǎddî klǎklǎ ní nga tuw ǒnì à nzá nì bbalè lèy drǒ à léy nì bbalè déy nì dhi nà ddí	1			Lendu	train	6.830601092896175		False	0.23076923076923073	False	4.213748897111768	0.4706766917293233	True
b60ffd663a6f4ea05bc69ef86c8ee3e8	65561	spontaneous-speech-led-65561.mp3	21708	6763	Bbalè chùw ní ŋá nzadha jì ya mà nì djì mí bbìy ó ro?	À léy nì dhiy njey nì ndèy nzǐ à léy nì lò wá nì tde nì klǒw à léy nì nyû ya ji nì kwo ddrǒ nyû ùwo nì nzǐ lǎní ji tdúw nì nyû nyû ùwo nì nzǐ	1			Lendu	train	4.744794545789571		False	0.3115942028985508	False	4.239626052289984	0.493984962406015	True
9effd7faf8601b37182a0098bf1d23b2	65794	spontaneous-speech-led-65794.mp3	19728	6763	Bbalè chùw ní ŋá nzadha jì ya mà nì djì mí bbìy ó ro?	Ji mí bbǐy ó tho kwó nì ddrǒ ji mí bbǐy ó tuw tsò ddí tde nì klǎkàklǎ bbalè dho ji mí bbǐy ó itsś tde nì ngǎ màdhò fúddiy léy nì zòw ka chuw nì ddrǒ	1			Lendu	train	5.727899432278994		False	0.226027397260274	False	4.326654007558393	0.5586466165413534	True
69460059366eafce16269260ed3e45b0	65805	spontaneous-speech-led-65805.mp3	8208	6763	Bbalè chùw ní ŋá nzadha jì ya mà nì djì mí bbìy ó ro?	Dji léy nì tuw déy nì klǎkàklǎ à sa nì màdhí nyû nza óddù ddí njàddí nga nà	1			Lendu	train	7.0662768031189085		True	0.08333333333333337	False			False
bb53c9cc38fe315d31ecd6251f4b4705	65828	spontaneous-speech-led-65828.mp3	22248	6763	Bbalè chùw ní ŋá nzadha jì ya mà nì djì mí bbìy ó ro?	Bbalè chuw nì nzádha tuw ó ì nì bbiy ro nga nì klǎ kà klǎ djí-ddà nì chǔw lò nì wá ngǎjìní  fúddiy dhò bbalè nì tǔwtǔw ní nga ó fúnì ley màdhí tuw ónga nì klǎ kà klǎ	1			Lendu	train	5.663430420711974		False	0.1728395061728395	False	4.158562969376856	0.43533834586466164	True
eea86ca8ea6b1af65157b06503a99e83	66257	spontaneous-speech-led-66257.mp3	20988	6763	Bbalè chùw ní ŋá nzadha jì ya mà nì djì mí bbìy ó ro?	Bbiydha tde nì klǒw ya mànì dji mí bbǐy ó ro nga ngú nì klǎkà klǎ mà njà aksident tde nì ney tuw ó ya dji nì kwó ro bbalè chuw nì nyû mí zòw ya dji nì kwó mí bǐy ó ro	1			Lendu	train	5.908137983609682		False	0.23926380368098155	False	4.329851706954514	0.5593984962406015	True
3d6b646c1cb9130eb226ee4110f7995d	66350	spontaneous-speech-led-66350.mp3	23148	6763	Bbalè chùw ní ŋá nzadha jì ya mà nì djì mí bbìy ó ro?	À léy nì ɦùw chey nì nyû nì ngǎ à léy nì sòdha ddí ngú nì klǒw nzòw ra nì sòmù ò kpéy à rà ley nzòw dhí dàdha ddí rà dey klǒw fú sâ nà	1			Lendu	train	4.276827371695179		False	0.1984732824427481	False	4.535686092565005	0.6789473684210526	False
c5df5911e2fe9c37bfe33b1deacd2a9c	63858	spontaneous-speech-led-63858.mp3	23076	6764	Uganda ó bbalè dhó silimu mí nyádha rr ŋǎchú?	Uganda ó bbalè dho silímù mí nyádha rr ŋǎchú? À jì cha ì nì silímù nà nì ndrǔ ddéy ì ndrǔ tsǐ nìa ì nì silímù nà ndèymí nzǐ fú ndrǔ ddǔ ngǎ ì nì silímù nà nì ndrǔ nà ndèymí fú ndrǔ pbǒ ì rónga ddǎwà thìydha nà	1			Lendu	train	6.9769457444964464		False	0.33009708737864074	False	3.6394398327442388	0.14586466165413534	True
4690939abbaed200afffde0a457f0324	64099	spontaneous-speech-led-64099.mp3	20268	6764	Uganda ó bbalè dhó silimu mí nyádha rr ŋǎchú?	À ka ndrǔ thǐ ì wá nì nga nà ì ddéydha nà à kà ndrǔ ddéy ìdhí djùw ó nga wá nì nga nà  à jì bbalè bbǎ bbǎlà njèydha dhǎní nì	1			Lendu	train	4.539175054272745		False	0.1900826446280992	False	4.636882048810362	0.7315789473684211	False
789f537bcdf7638af5c97b59bc69a60d	64214	spontaneous-speech-led-64214.mp3	24876	6764	Uganda ó bbalè dhó silimu mí nyádha rr ŋǎchú?	Silimu rŕdha jì chùwdha róddù à nì jǐ mà rř Ddrà mí lò rwo nì aa mà ddéy mà ddǎwà djò gbow nì nzǐ mà jǐ ndrř lò ddrǒ cha ney ndèy nǎ nì dhi ró ddù tho nì mî mà thó aa kóndòm ya ney cha mà ɦwíy nì mà sǎ rò	1			Lendu	train	6.230905290239588		False	0.13725490196078427	False	4.903432604504942	0.8383458646616542	False
830ccfbc3f4a54ceb8d849dbfe1b520f	64353	spontaneous-speech-led-64353.mp3	24480	6764	Uganda ó bbalè dhó silimu mí nyádha rr ŋǎchú?	À rà jì nzǐ mà déy dhì kǒw cha ì nì ngǎjìní ì dhà nà nì à rà jì ya mà nì dey mà kǎ dhì nzòw nà mà dey li- rónga pbòdha cha ka pbo nì ndanà li-rónga nì ddiy nà ddí à rà jì nzǐ mà déy dey swà  dhì nà nì bbalè nà  cha ì nì dhi nà nì bbalè nà	1			Lendu	train	7.066993464052287		False	0.3319148936170213	False	4.34301245210873	0.5699248120300752	True
da097b556a52dc7d273093cf8ce97abd	64372	spontaneous-speech-led-64372.mp3	16020	6764	Uganda ó bbalè dhó silimu mí nyádha rr ŋǎchú?	Uganda ó bbalè à kà fú ndrú ddéy ì dhí jùw ó nga ddey wá sǎró rwo nì mî fú ndrú nzǐ bbǎ kóndòm nà njí njèydha gbownì mî ka gwíy ndrǔ fú dhi mí lò ró chěy	1			Lendu	train	7.240948813982522		False	0.07333333333333336	False	4.950641274708557	0.8541353383458646	False
f1a9e65b853cca9c7a61a76ceeba58e2	65182	spontaneous-speech-led-65182.mp3	17676	6764	Uganda ó bbalè dhó silimu mí nyádha rr ŋǎchú?	Ndrǔ tsǐ ìní ddí ndanà ddiy áẁ ngǎ ndrǔ pbǒ ì rónga, ndrǔ njěy njí mùpírà nà	1			Lendu	train	3.451007015161801		False	0.05405405405405406	False	4.482601292228316	0.6481203007518797	False
21fb7f77ccb2d6989e98bcd4edf4c539	65228	spontaneous-speech-led-65228.mp3	25200	6764	Uganda ó bbalè dhó silimu mí nyádha rr ŋǎchú?	Ka dho rr ndanà ndanà ní lò nì ka gwíy simínari ní bbalè ndeyní ndrǔ pbǒ ì rónga lǎní  fú nga dzzdjú ka gwíy nzá ì chùw silímù nì bbalè ndeyní ndrǔ tsǐ ì rónga pbòdha lǎní fúddiy chú dho ley silímù mí klǒw à dho ngu luwtò	1			Lendu	train	6.865079365079366		True	0.22935779816513757	False			False
eea86ca8ea6b1af65157b06503a99e83	65321	spontaneous-speech-led-65321.mp3	21096	6764	Uganda ó bbalè dhó silimu mí nyádha rr ŋǎchú?	Uganda ó bbalè dho silímù nyádha rr ì ddéydha nà silímù ró ndaní ì tsǐ ì dhí jǔw jì ní ŋǎchú ddiy ndrǔ dho bbalè gwíy silímù mí ngǎjìní nga nà ndaní bbalè pbǒ ì rónga	1			Lendu	train	6.209708001516876		False	0.17791411042944782	False	3.537091000743226	0.10225563909774436	True
69460059366eafce16269260ed3e45b0	65737	spontaneous-speech-led-65737.mp3	14256	6764	Uganda ó bbalè dhó silimu mí nyádha rr ŋǎchú?	Bbǎlà njèydha kódòm nà li rónga pbódha bbǎlà róddù li rónga ddéydha wánì nga nà	1			Lendu	train	4.559483726150392		False	0.17105263157894735	False	4.0494181863258865	0.37969924812030076	True
3d6b646c1cb9130eb226ee4110f7995d	66066	spontaneous-speech-led-66066.mp3	17856	6764	Uganda ó bbalè dhó silimu mí nyádha rr ŋǎchú?	À kà ndrǔ dhǒ bbalè pbǒ ì rónga bbalè njěy bbǎlà kóndòm nà ndeynó nzánà dhi nyá Uganda ó ndaní Uganda ónga déy lǎní	1			Lendu	train	5.152329749103942		False	0.1160714285714286	False	4.360819627875117	0.5789473684210527	True
9effd7faf8601b37182a0098bf1d23b2	66419	spontaneous-speech-led-66419.mp3	18756	6764	Uganda ó bbalè dhó silimu mí nyádha rr ŋǎchú?	Uganda ó bbalè dho silímù mí nyádha rr ì nì ì rónga pbǒ condom nà  ro ì nì Mungu mí lò rř ro ì nì gàvméntè mí bbalè nì tdrǎ ní lò rř ro	0			Lendu	train	5.491576029004052		False	0.17910447761194026	False	4.580941743666067	0.706766917293233	False
5ead05ed0317f78aa329e93b3f6c2b6c	66632	spontaneous-speech-led-66632.mp3	18216	6764	Uganda ó bbalè dhó silimu mí nyádha rr ŋǎchú?	Ka bbǎ bbǎlà njèydha li thádha swà dhì nzòw nà bbalè wá ddéy ì ndrǔ tsǐ ì dhí déydha ní ŋǎchú ddiy bbalè bbǒ ì ró nga ì ní ddù ì kà òluw	1			Lendu	train	5.709266578831796		False	0.07518796992481203	False	4.474296083150515	0.6451127819548872	False
f595d0e1832ceab8c935264c25968409	66656	spontaneous-speech-led-66656.mp3	10296	6764	Uganda ó bbalè dhó silimu mí nyádha rr ŋǎchú?	À kà ndrǔ pbǒ ì li-nyútey tàdha róddù cha  nzá ndèy jì ndèy ní nì ndaní à pbǒ ndrǔ rónga fú dhi róddù	1			Lendu	train	7.575757575757576		True	0.12244897959183676	False			False
c5df5911e2fe9c37bfe33b1deacd2a9c	63846	spontaneous-speech-led-63846.mp3	21456	6765	Dròdró ní bbalè dà ní ŋǎchú ní nzàdha jì òluw nyìdhí bba ó?	Dròdró ní bbalè da ní ŋǎchú nì nzadha jì òluw nyìdhí bba ó? Dròdró ní bbalè da nì ǒma luw nì nzadha nì ddiy mí zòw li tsotso kwódha ndèymí nza bbìydha mí tǔwtǔw ní nga	1			Lendu	train	6.152125279642059		False	0.23780487804878048	False	3.56927640392998	0.11503759398496241	True
8acb58a60c926b87d6f906bec0e3c36d	63970	spontaneous-speech-led-63970.mp3	15048	6765	Dròdró ní bbalè dà ní ŋǎchú ní nzàdha jì òluw nyìdhí bba ó?	Dròdró ní bbalè da ní ŋǎchú ní nzadha jì òluw nyìdhí bba ó? Nyû chùwdha mí tuw tde nì klǒw ndrǔ dhò	1			Lendu	train	5.18341307814992		False	0.05208333333333337	False	3.2050962357314843	0.02556390977443609	True
21fb7f77ccb2d6989e98bcd4edf4c539	64183	spontaneous-speech-led-64183.mp3	22680	6765	Dròdró ní bbalè dà ní ŋǎchú ní nzàdha jì òluw nyìdhí bba ó?	Dròdró ní bbalè nì dǎ ndèy òluw nì lò nì cha nzòw ùbe dròdró ní bbalè dhí nzòw nì zòw ní ddíyà fú dròdró ní bbalè tsotso ì dho kwo nì ndrǔ nì ngǎ fúddiy lêy bbalè nì nzǐy drǒ ndrǔ dhò wánì tuw nì klǒw nyû mí tuw ddí nì klǒw ddǎwà chùwdha mí tuw ddí nì klǒw	1			Lendu	train	8.730158730158731		False	0.31225296442687744	False	3.286125488540996	0.031578947368421054	True
69460059366eafce16269260ed3e45b0	64471	spontaneous-speech-led-64471.mp3	6696	6765	Dròdró ní bbalè dà ní ŋǎchú ní nzàdha jì òluw nyìdhí bba ó?	Mbr mí zòw ò luw nyû mí zòw ò luw	1			Lendu	train	3.584229390681004		True	0.33333333333333337	False			False
eea86ca8ea6b1af65157b06503a99e83	64544	spontaneous-speech-led-64544.mp3	18828	6765	Dròdró ní bbalè dà ní ŋǎchú ní nzàdha jì òluw nyìdhí bba ó?	Ndrǔ nì dǎ nyû mí zòw òluw njàddí sâ nà bbalè má ì kwó ndrǔ tsotso ndrǔ mbàdha nà ddǎwà-dzà ddí nì ngǎ njàddí sâ nà bbalè má ì kwó ndrǔ tsotso ndrǔ dhí ddiy njèydha nà nì ngǎ	1			Lendu	train	7.22328446993839		False	0.3450292397660819	False	3.107732785376444	0.010526315789473684	True
789f537bcdf7638af5c97b59bc69a60d	64605	spontaneous-speech-led-64605.mp3	18900	6765	Dròdró ní bbalè dà ní ŋǎchú ní nzàdha jì òluw nyìdhí bba ó?	Dròdrró ní bbalè chuw nì zòw tde nì dda nì ngǎ kàlíy nì ngǎ nyû nì ngǎ ddǎwà chùwdha ddí tde nì klǒw ndrǔ dhò njàddí sâ djò fú lò chú à ji mà njǎ nga dròdró ní kpa-djá dè ddí	1			Lendu	train	7.089947089947089		False	0.13450292397660824	False	4.051266864942625	0.381203007518797	True
9effd7faf8601b37182a0098bf1d23b2	64992	spontaneous-speech-led-64992.mp3	18216	6765	Dròdró ní bbalè dà ní ŋǎchú ní nzàdha jì òluw nyìdhí bba ó?	Dròdró ní bbalè nì dǎ ndèy òluw nì lò mí tǔwtǔw ní nga nì nyù chùwdha nì klǒw mb chùwdha mí tuwtsò ddí nì klǒw à lêy ndrǔ nì dǎ tǔwtǔw ní lò òluw	1			Lendu	train	6.148440931049627		False	0.23943661971830987	False	3.126259519082053	0.015789473684210527	True
4690939abbaed200afffde0a457f0324	65098	spontaneous-speech-led-65098.mp3	16020	6765	Dròdró ní bbalè dà ní ŋǎchú ní nzàdha jì òluw nyìdhí bba ó?	Bbiydha ngú nì klǒw ndrǔ dho, mbr chùwdha mí tuw ddí nì klǒw ddawa djò ràdha ddí shi nì ndrǔ djòluw	1			Lendu	train	4.931335830212235		False	0.17708333333333337	False	3.610293940845898	0.13007518796992482	True
830ccfbc3f4a54ceb8d849dbfe1b520f	65123	spontaneous-speech-led-65123.mp3	20736	6765	Dròdró ní bbalè dà ní ŋǎchú ní nzàdha jì òluw nyìdhí bba ó?	Dròdró ní bbalè rà dà nì lò òluw nì à nì lò  ma cha njàddí nzòw  nyi chuw nzǐ à bì dey nzǐ lò rř cha ka bì dey tdrà ìdho nì fúnì chú ley nì njàddí sâ nà dròdró ní bbalè da nì dròdró ní lò òluw cha ìdhí dhìydha mí kàdír ó nì chú fú lò ley ndey fú dròdró ní bbalè da nì fù ní nì lò mà òluw	1			Lendu	train	10.368441358024691		False	0.3298245614035088	False	4.223603917470131	0.4789473684210526	True
3d6b646c1cb9130eb226ee4110f7995d	66038	spontaneous-speech-led-66038.mp3	22248	6765	Dròdró ní bbalè dà ní ŋǎchú ní nzàdha jì òluw nyìdhí bba ó?	Wánì lò cha bba ó nì cha mà mbǎ ndrǔ dè à ley ndrǔ rà nzadha chùw fú lò tùw ó bba ó lò tsò njúwdha dhò ndaní ndrǔ djówò ní bba ónga à déyò ní vi nà lǎní	1			Lendu	train	5.124056094929881		False	0.1476510067114094	False	4.24766063917918	0.5007518796992482	True
f595d0e1832ceab8c935264c25968409	66156	spontaneous-speech-led-66156.mp3	18648	6765	Dròdró ní bbalè dà ní ŋǎchú ní nzàdha jì òluw nyìdhí bba ó?	Nà ndrǔ dho bbiydha mí tuw ddí nì klǒw nyû mí tuw ddí nì klǒw ddawa chùwdha mí tuw ddí nì klǒw dda 'ùwdha mí tuw ddí nì klǒ à lêy ndrǔ dhí djiy nì kpákpá ní nga ó	1			Lendu	train	6.64950664950665		False	0.4276729559748428	False	3.6149962333833408	0.13458646616541353	True
b60ffd663a6f4ea05bc69ef86c8ee3e8	66231	spontaneous-speech-led-66231.mp3	22860	6765	Dròdró ní bbalè dà ní ŋǎchú ní nzàdha jì òluw nyìdhí bba ó?	Ddròddró ní bbalè nì dǎ ǒmà luw nì lò tde nì dhǐy njèydha tde nì ndrǔ dhò klǒw ya ndrǔ tiy mí sâ djò kàlí nì ngǎ bbiydha ndì ní nì nì ngǎ lirónga vukavu ní nì nì ngǎ lò wá nì tde nì ndrǔ dhò klǒw fú nì ddiy má ndrǔ nì dǎ ǒmà luw nì nì fu	1			Lendu	train	7.830271216097988		False	0.3504273504273504	False	3.945469284268956	0.31353383458646616	True
c5df5911e2fe9c37bfe33b1deacd2a9c	63819	spontaneous-speech-led-63819.mp3	19800	6766	Ddudhò à ní lǎní nyì gbú nyìdhí ru?	Ddudhò à ní lǎní nyì gbú nyìdhí rù? À jì mà gbú màdhí rù ndaní nzǐ ss kǎ mà ró, ndaní nzǐ mà dzz̀ ngǒw ngǎjìní bbalè kàó ndaní mà njǎ mà lǎní mà nì bbalè kàó ro	1			Lendu	train	6.212121212121212		False	0.24840764331210186	False	3.6847307425069564	0.162406015037594	True
8acb58a60c926b87d6f906bec0e3c36d	63957	spontaneous-speech-led-63957.mp3	16380	6766	Ddudhò à ní lǎní nyì gbú nyìdhí ru?	Ddu dhò à ní lǎní nyi gbú nyìdhí rǔ à léy nì ka nja nì li lǎnì bbalè kà ó	1			Lendu	train	3.296703296703297		False	0.02857142857142858	False	4.04738524311059	0.37819548872180453	True
4690939abbaed200afffde0a457f0324	64120	spontaneous-speech-led-64120.mp3	16308	6766	Ddudhò à ní lǎní nyì gbú nyìdhí ru?	Rù gbúdha léy nì ss ka nì nzǐ li ró à léy nì li dzz̀ ddí ngow nì lǎní à léy ka nja nyi lǎní li ní bbalè kà ó	1			Lendu	train	4.844248221731665		False	0.18095238095238098	False	4.75716727867057	0.7879699248120301	False
9effd7faf8601b37182a0098bf1d23b2	64126	spontaneous-speech-led-64126.mp3	17208	6766	Ddudhò à ní lǎní nyì gbú nyìdhí ru?	Ndaní mà njǎ mà lǎnà bbalè kàò ndaní nzǐ à léy ngéyngéy ní dhi lǒw mà	1			Lendu	train	3.1380753138075312		False	0.0757575757575758	False	3.3525192025475183	0.04285714285714286	True
69460059366eafce16269260ed3e45b0	64356	spontaneous-speech-led-64356.mp3	7776	6766	Ddudhò à ní lǎní nyì gbú nyìdhí ru?	Nzánà nyi chǔw dhi ndaní nyi rónga déy lǎní bbalè kàòluw	1			Lendu	train	5.915637860082304		True	0.037735849056603765	False			False
5ead05ed0317f78aa329e93b3f6c2b6c	64378	spontaneous-speech-led-64378.mp3	22140	6766	Ddudhò à ní lǎní nyì gbú nyìdhí ru?	Ndaní mà njǎ mà lǎní bbalè kàó ndaní mà rónga vukávu chǔw lǎní vi déydha dho ndaní mà déy lǎní lò dhòdha ní cha ney ì nì dhǐ nì nzòw dho	1			Lendu	train	4.787714543812105		False	0.18045112781954886	False	3.376768152925031	0.04887218045112782	True
830ccfbc3f4a54ceb8d849dbfe1b520f	64994	spontaneous-speech-led-64994.mp3	24876	6766	Ddudhò à ní lǎní nyì gbú nyìdhí ru?	Ndaní mà njǎ mà lǎní bbalè kà ó mà gbú nì màdhí ru ndaní  à déy ddí lǎní dzz nì ró ddù ddudjúddù ru má dzz̀ nì vi dey ngǒw nì à nja nì ndèy ngǎ lǎní bbalè nyú dda njàddí ke fú rù dho nì nyi nì ngòwtsá fuchú à kà mà gbú mà dhí rù gbúní ndeyní mà njǎ mà lǎ ní bbalè kà ó	1			Lendu	train	8.080077182826821		False	0.23773584905660372	False	4.179724039154876	0.4473684210526316	True
3d6b646c1cb9130eb226ee4110f7995d	65448	spontaneous-speech-led-65448.mp3	14256	6766	Ddudhò à ní lǎní nyì gbú nyìdhí ru?	Ndeyní nzánà à déy ò ní tèydha ní ma nì shǐ bbalè kà ó ro ndaní mà njǎ mà lǎní aa ndaní mà rónga ka dey ddí vukavu kwǎn tèydha ní ru à nyá nì dhi lìrò ddí	1			Lendu	train	8.207070707070708		False	0.13245033112582782	False	4.350947206488395	0.5744360902255639	True
f595d0e1832ceab8c935264c25968409	65546	spontaneous-speech-led-65546.mp3	17496	6766	Ddudhò à ní lǎní nyì gbú nyìdhí ru?	À léy nì rù déy nì ngbá à ddá nì ngǎjìní ngówngów rù óddù à léy nì ss ddí déy nì ngǎ rù ò njǎddǐ à dá nì rù nyú tey lǎní	1			Lendu	train	5.086877000457248		False	0.24786324786324787	False	5.433180094281474	0.9481203007518797	False
21fb7f77ccb2d6989e98bcd4edf4c539	65591	spontaneous-speech-led-65591.mp3	25920	6766	Ddudhò à ní lǎní nyì gbú nyìdhí ru?	Ndaní mà njǎ mà lǎní ngéy ní bbalè ní chú ndeyní Ddrà ródho nzǐ à sǎnde à kà ma gbú màdhí ru à déy lǎní wá nì ddu  ó ndeyní à gbǒ màzá rónga ngéyngéy ní dhi róddù	1			Lendu	train	4.78395061728395		True	0.1132075471698113	False			False
f1a9e65b853cca9c7a61a76ceeba58e2	66056	spontaneous-speech-led-66056.mp3	20376	6766	Ddudhò à ní lǎní nyì gbú nyìdhí ru?	Nyi déy lǎnà ya nyi shì nyi dyásì kǎ  ddí nyi ka njǎ ddí bbalè mí ngba ní nyi tho nyi ddí lǎnà nzǐ ka tdrǎ ddí ŋá ngòwtsá-dja shǐ ndey li kàó ddiy	1			Lendu	train	5.496662740478994		False	0.15384615384615385	False	5.362282123575455	0.9383458646616541	False
eea86ca8ea6b1af65157b06503a99e83	66381	spontaneous-speech-led-66381.mp3	19260	6766	Ddudhò à ní lǎní nyì gbú nyìdhí ru?	Ndaní nzǐ mà chǔw dhi ndaní mà déy lǎní ndaní mà dzz̀ nzǐ ngǒw ngǎjìní ndaní mà mà dzz̀ ngǒw lǎní ndaní mà njǎ mà lǎní bbalè nyú djú	1			Lendu	train	5.399792315680165		False	0.3798449612403101	False	3.486005164512234	0.07819548872180451	True
8acb58a60c926b87d6f906bec0e3c36d	63959	spontaneous-speech-led-63959.mp3	19800	6767	Ddudhò à ní jì mà tss̀ mà tsò ya mà nì hwǐ hwì rò ǐngí nděy ss rò?	Ddudhò à ní jǐ mà tsš mà tsò ya mà nì hwî hwǐ ro ǐngí nděy sš ro? Ndaní nzǐ ngǎjìní dhi nyá  bbalè kàó	1			Lendu	train	3.9898989898989896		False	0.04950495049504955	False	4.364902971560371	0.5834586466165413	True
eea86ca8ea6b1af65157b06503a99e83	64312	spontaneous-speech-led-64312.mp3	22500	6767	Ddudhò à ní jì mà tss̀ mà tsò ya mà nì hwǐ hwì rò ǐngí nděy ss rò?	Mà tss nì mà tsò ndaní nzǐ fú hwî ka ndeyli lòw njàddí njàddí ngéy ní li lòw ndaní nzǐ fú nděy à sś ndèy njàli ró ndaní fú bbalè nzǐ ká fú dhi  ndaní nzǐ mà nyá fú dhi ngéy ní bbalè dho	1			Lendu	train	6.311111111111111		False	0.3114754098360656	False	4.275969882897817	0.5240601503759399	True
4690939abbaed200afffde0a457f0324	64586	spontaneous-speech-led-64586.mp3	15300	6767	Ddudhò à ní jì mà tss̀ mà tsò ya mà nì hwǐ hwì rò ǐngí nděy ss rò?	À jì mà tsš mà tsò ndaní nzánà ngǎjìní ndèynì bbiy vi ò luw nì dhi  nzánà à lǒw njàddí ndrǔ cha ngǎ ì nì ndanà nì	1			Lendu	train	5.686274509803921		False	0.12612612612612617	False	3.737096402221732	0.1887218045112782	True
5ead05ed0317f78aa329e93b3f6c2b6c	64997	spontaneous-speech-led-64997.mp3	19368	6767	Ddudhò à ní jì mà tss̀ mà tsò ya mà nì hwǐ hwì rò ǐngí nděy ss rò?	À nì ddì nì tuwtsò mà làyi dò njèydha nà ngǎjìní dhi nyádha nà ndrǔ dho à nì tuwtsò cha ndèy dho ley mà pbǒ  màdhí lǎní déydha mà kàó nì	1			Lendu	train	5.421313506815365		False	0.16541353383458646	False	3.6106474603643934	0.13082706766917293	True
789f537bcdf7638af5c97b59bc69a60d	65451	spontaneous-speech-led-65451.mp3	27036	6767	Ddudhò à ní jì mà tss̀ mà tsò ya mà nì hwǐ hwì rò ǐngí nděy ss rò?	À nì jǐ mà ndèytsò mà nì ɦwí ɦwi ro ndèy ss̀dhànà mí lò teytsò nì i ddudjú ddù à nì dhi má à bbíy nì vi ò luw nà nì rwo nì mî  à nì ddiy má ka nyi ss̀ kà chèy njǎli rò à nja ndèy nzow ní nà nì gbow nì mî kà mba nì lò rr̀dha bbalè kà ò	1			Lendu	train	6.324900133155792		True	0.16450216450216448	False			False
da097b556a52dc7d273093cf8ce97abd	65530	spontaneous-speech-led-65530.mp3	17388	6767	Ddudhò à ní jì mà tss̀ mà tsò ya mà nì hwǐ hwì rò ǐngí nděy ss rò?	À nì lǎ ní à jì mà tsš mà tsò ya mà nì hwî hwǐ ro ddì nì  nzòw híy hwî kádha  cha ndeyli ma ndèy nì ngǎ hwi nì ró rwo nì mî ma déy ndanà ma rò ma ddǐddi ní	1			Lendu	train	6.498734759604324		False	0.10457516339869277	False	4.960889862509346	0.8586466165413534	False
21fb7f77ccb2d6989e98bcd4edf4c539	65827	spontaneous-speech-led-65827.mp3	20736	6767	Ddudhò à ní jì mà tss̀ mà tsò ya mà nì hwǐ hwì rò ǐngí nděy ss rò?	Ndeyní mà ó ngǎjìní dhi nzǐ à dǎ pbǔw rà shì ngéyní bbalè dè nzánà fú dhi ra nya ngéy ní bbalè ró nzánà ddíyà ss fú dhi sídha à rà ngu klǒw	1			Lendu	train	5.1601080246913575		False	0.15441176470588236	False	4.913811259902927	0.8443609022556391	False
3d6b646c1cb9130eb226ee4110f7995d	66125	spontaneous-speech-led-66125.mp3	17856	6767	Ddudhò à ní jì mà tss̀ mà tsò ya mà nì hwǐ hwì rò ǐngí nděy ss rò?	Ndeyní nzánà à chǔw ò ní vi ó dhi má ndèy nì dǎ dàní  bbalè rò nì mà bbǒ mà rónga nzanà fú dhi nyá ò ní màdhí bba ó	1			Lendu	train	4.760304659498208		False	0.0714285714285714	False	4.698803325309767	0.7616541353383459	False
b60ffd663a6f4ea05bc69ef86c8ee3e8	66219	spontaneous-speech-led-66219.mp3	14868	6767	Ddudhò à ní jì mà tss̀ mà tsò ya mà nì hwǐ hwì rò ǐngí nděy ss rò?	Ma nì jǐ ma tsǐ ma tsòw ya ma nì hwî hwǐ ro nzánà fú hwî rǎ dà ndeyli rò nzánà fú nděy mí dhi rá dà bbalè rò	1			Lendu	train	5.380683346785042		False	0.16190476190476188	False	4.9579424321386485	0.8578947368421053	False
830ccfbc3f4a54ceb8d849dbfe1b520f	66371	spontaneous-speech-led-66371.mp3	18036	6767	Ddudhò à ní jì mà tss̀ mà tsò ya mà nì hwǐ hwì rò ǐngí nděy ss rò?	Ndaní nzǐ mà ó ddiy rǎ ndì drǒ ndení nzǐ mà tsòró sa mà ngú déy pběy  swà à rà ngu jì mà dzǎ mà-tsò dzà ní fúnìchú à léy nì ndey nzǐ mà nì hwǐ nì hwî à rà rà ngéy ní li ò nzǐ ddíyà	1			Lendu	train	7.374140607673541		False	0.1807909604519774	False	5.409621502457106	0.9443609022556391	False
f595d0e1832ceab8c935264c25968409	66594	spontaneous-speech-led-66594.mp3	10476	6767	Ddudhò à ní jì mà tss̀ mà tsò ya mà nì hwǐ hwì rò ǐngí nděy ss rò?	À nì lǎní ma tsǐ mà tsò ndaní nzǐ mà bbú fú dhi màdyási dho cha ndèy nì chow-chow mà kà tò luw nì	1			Lendu	train	7.063764795723558		True	0.05319148936170215	False			False
f595d0e1832ceab8c935264c25968409	66594	spontaneous-speech-led-66594.mp3	10476	6767	Ddudhò à ní jì mà tss̀ mà tsò ya mà nì hwǐ hwì rò ǐngí nděy ss rò?	À nì lǎní mà tsš mà tsò ndaní nzǐ mà bbú fú dhi mà dyási dho cha ndèy nì chowchow mà kàtoluw nì	1			Lendu	train	7.063764795723558		True	0.08602150537634412	False			False
c5df5911e2fe9c37bfe33b1deacd2a9c	63774	spontaneous-speech-led-63774.mp3	22860	6768	Nzòw djá dhò ddu njèy ndaní, à kwó nzòw tsotso tsuwdha nà ngǎjìní nzòw dyási dhí njuwdha kàò?	Nzòw djá dho ddu njèy ndaní i kwó nzòw tsotso nà tsùwdha nà ngǎjìní nzòw dyási dhí njuwdha kà ó  À jì ka gwí ndrǔ lǎní lò nà ndèymí ka ngǔ ndrǔ chow ní li rò ka bbú ndrǔ dhò cha ndru nì jǐ nì ddiy ndèymí nzǐ ka bbǎ ndrǔ bbiy swà	1			Lendu	train	7.655293088363955		False	0.15555555555555556	False	4.2041760615531665	0.4616541353383459	True
8acb58a60c926b87d6f906bec0e3c36d	64001	spontaneous-speech-led-64001.mp3	16128	6768	Nzòw djá dhò ddu njèy ndaní, à kwó nzòw tsotso tsuwdha nà ngǎjìní nzòw dyási dhí njuwdha kàò?	Nzòw-djá dhó ddu njèy ndaní à kwo nzòw tsotso tsùwdha nà ngǎjìní ì dyási dhí njuwdha kàó? À jì ka gwíy fú nzòw Ddrà mí lò nà	1			Lendu	train	6.076388888888889		False	0.04132231404958675	False	3.478965754053396	0.07593984962406015	True
69460059366eafce16269260ed3e45b0	64401	spontaneous-speech-led-64401.mp3	17748	6768	Nzòw djá dhò ddu njèy ndaní, à kwó nzòw tsotso tsuwdha nà ngǎjìní nzòw dyási dhí njuwdha kàò?	Ndrǔ dho nzòw djòte mbà Ddrà dzà ò ndrǔ dho Ddrà mí lò tdrà ndrǔ dho ndrǔ dho lǎní ngèy tdrà lǎní lò ró ndrǔ dho ligwíydha mí lò tdrà ndrǔ dho	1			Lendu	train	6.254225828262339		False	0.41007194244604317	False	3.272863797324618	0.027819548872180452	True
789f537bcdf7638af5c97b59bc69a60d	64542	spontaneous-speech-led-64542.mp3	21168	6768	Nzòw djá dhò ddu njèy ndaní, à kwó nzòw tsotso tsuwdha nà ngǎjìní nzòw dyási dhí njuwdha kàò?	Ngba cha à jì nyi rŕ ngba dyasi ngǎjì ní nì ró ddù rà dha nà ngba à jì nyi mbǎ ngba nyi ko te nyi dhǒ dhò lò nò  ngba  à jì nyi dhǒ Ddrà lò ma cha ka dho à djùkpá nga thì chěy ní lò njèydha nà nì	1			Lendu	train	6.802721088435375		False	0.23834196891191706	False	5.346237958890666	0.9323308270676691	False
21fb7f77ccb2d6989e98bcd4edf4c539	64847	spontaneous-speech-led-64847.mp3	23040	6768	Nzòw djá dhò ddu njèy ndaní, à kwó nzòw tsotso tsuwdha nà ngǎjìní nzòw dyási dhí njuwdha kàò?	Ddì nì à kà fú nzòw ndrǔ déy sùkúl ó rwo nì mî à kà fú nzòw dhò ka léy vǐdìo rò ndrǔ shǐ dey njà à ndrǔ nyu ddà tsàdha dhò ndeyní nzǐ ndrǔ tsúw ì ngǎjìní ì dyasi ní nzòw kàò	1			Lendu	train	5.685763888888889		False	0.1705882352941176	False	4.525336923471305	0.6676691729323309	False
4690939abbaed200afffde0a457f0324	65110	spontaneous-speech-led-65110.mp3	14796	6768	Nzòw djá dhò ddu njèy ndaní, à kwó nzòw tsotso tsuwdha nà ngǎjìní nzòw dyási dhí njuwdha kàò?	Nzòw djá kà ì njúw nzòw tsò tdrr ddìnga ó ndèymí ndǔ těy lǎní lò cha nzǐ à dho ndrǔ mbà ngǎjìní ì dyási kà ò nì	1			Lendu	train	5.744795890781292		False	0.01851851851851849	False	4.546797552076632	0.6834586466165413	False
da097b556a52dc7d273093cf8ce97abd	65654	spontaneous-speech-led-65654.mp3	17496	6768	Nzòw djá dhò ddu njèy ndaní, à kwó nzòw tsotso tsuwdha nà ngǎjìní nzòw dyási dhí njuwdha kàò?	Nzòwdjá à kà ddì nì ddiy ndrǔ íy fúnzòw wá tsùwdha nà ngǎjìní li dyási kà ó tsùwdha nà nì ndrǔ gwíy fú nzòw lǎní lò nà ndrǔ dhǒ Ddrà mí tuw fú nzòw dhò ndrǔ dhò  somu mí tuw fú nzòw dhò	1			Lendu	train	8.116140832190215		False	0.29670329670329665	False	3.5273849689789096	0.09699248120300752	True
b60ffd663a6f4ea05bc69ef86c8ee3e8	65781	spontaneous-speech-led-65781.mp3	12240	6768	Nzòw djá dhò ddu njèy ndaní, à kwó nzòw tsotso tsuwdha nà ngǎjìní nzòw dyási dhí njuwdha kàò?	À kà ndrǔ gwíy nzòw lǎní lò nà ndrǔ bbú ddiy má ney mí zòw nì nzòw ró nì ndanà à dzúw nzòw djòkpa ngǎjìní lò ró ddù	1			Lendu	train	7.189542483660131		False	0.1517857142857143	False	3.4967067364130453	0.08571428571428572	True
bb53c9cc38fe315d31ecd6251f4b4705	66150	spontaneous-speech-led-66150.mp3	20376	6768	Nzòw djá dhò ddu njèy ndaní, à kwó nzòw tsotso tsuwdha nà ngǎjìní nzòw dyási dhí njuwdha kàò?	Zòw dja kà ndèy bbiy ndèy bbǐ nga ndèy wú zà ndèy ngá ddiy ndèy lwǒrú ndèy ngá ddiy ndaní à kwó ndèy tsotso ndèymí zòw ó ddù ndaní ndèy ká dey lǎní nga ó	1			Lendu	train	5.840204161758932		False	0.30666666666666664	False	4.14684200099709	0.4263157894736842	True
f1a9e65b853cca9c7a61a76ceeba58e2	66362	spontaneous-speech-led-66362.mp3	22968	6768	Nzòw djá dhò ddu njèy ndaní, à kwó nzòw tsotso tsuwdha nà ngǎjìní nzòw dyási dhí njuwdha kàò?	À léy nzow déy wánì sǎ nà bizè nzòw njěy dhǐy ì nì somu sǒ nì tsǔw somu ò ndaní nzǐ à mí ddeydha shǐ cha ndèy dyási nì njèy nì ngǎjì ní lò rò ngís djú ka njúw ndrǔ tsò ka kwó ndrǔ tsotso lǎ ní lò nà	1			Lendu	train	6.530825496342738		False	0.09230769230769231	False	4.43547791126175	0.6263157894736842	False
eea86ca8ea6b1af65157b06503a99e83	66476	spontaneous-speech-led-66476.mp3	18288	6768	Nzòw djá dhò ddu njèy ndaní, à kwó nzòw tsotso tsuwdha nà ngǎjìní nzòw dyási dhí njuwdha kàò?	À jì à dhǒ ngǎjìní nga tsùwdha nà ngǎjìní dyasi kàò mí lò nděy ngá nzòw dho à jì à dhǒ nděyngá nzòw dho Ddrà-dzà ndaní fú nzòw ká dey fú nzòw nì Ddrà chuw rř ddiy nà	1			Lendu	train	7.053805774278215		False	0.22699386503067487	False	3.739416581216669	0.19022556390977444	True
c5df5911e2fe9c37bfe33b1deacd2a9c	63805	spontaneous-speech-led-63805.mp3	23328	6769	Tsùwdha ngǎjìní njuwdha mí li dyási kàó nì mí dhó ŋá ngǎjìní lò mbà màdhí bba ó?	Tsùwdha ngǎjìní njuwdha mí mà dyási kàò dho ŋá ngǎjìní lò mbà màdhí bba ó. À dho gbu-djá mbà, à dho nga ngbùwdha mbà à dho dhúwdha mbà à dho tdiytdiy ní ngéyngéy ní lò jì mbà ngǎjìní nì	1			Lendu	train	6.301440329218107		False	0.2912087912087912	False	4.313965972481464	0.5518796992481203	True
8acb58a60c926b87d6f906bec0e3c36d	63896	spontaneous-speech-led-63896.mp3	16668	6769	Tsùwdha ngǎjìní njuwdha mí li dyási kàó nì mí dhó ŋá ngǎjìní lò mbà màdhí bba ó?	Tsùwdha ngǎjìní djuwdha mí li dyasi kàó nì mî dhó ŋá ngǎjìní lò mbà màdhí bba ò? À léy nì nzòw déy nì gbùw-djá ní màdhí bba ó	1			Lendu	train	5.87952963762899		False	0.16393442622950816	False	3.576239281382354	0.11804511278195488	True
789f537bcdf7638af5c97b59bc69a60d	64330	spontaneous-speech-led-64330.mp3	25416	6769	Tsùwdha ngǎjìní njuwdha mí li dyási kàó nì mí dhó ŋá ngǎjìní lò mbà màdhí bba ó?	Tsùwdha ngǎjìní dyasi dhí lò ò kà dho í lò mbà mà kǎ à dho bu hwìdha mbà kà dho lò drr̀ rútsò djú ddù má kà dho shì nzǐ nyì kà nà nì à nì shǐ à dho ddiy wánì sà sà ní cha ney ndèy nì nì nyì dhokpǎ cha ney ndèy dho nyì tsotso kwo ndanà nì fú nì	1			Lendu	train	7.160843563109852		True	0.22083333333333333	False			False
5ead05ed0317f78aa329e93b3f6c2b6c	64686	spontaneous-speech-led-64686.mp3	24156	6769	Tsùwdha ngǎjìní njuwdha mí li dyási kàó nì mí dhó ŋá ngǎjìní lò mbà màdhí bba ó?	À mba nì la bbalè kàò à léy bba ɦuwdjò ngú ngǎ nì ddiy ní à léy bbalè víy ìdhí djiy à léy cha ney bbalè tdè ndanà nì ddiy dhò ndèy sà vúní	1			Lendu	train	4.346746150024838		False	0.19999999999999996	False	4.385942411066205	0.5969924812030075	True
bb53c9cc38fe315d31ecd6251f4b4705	64742	spontaneous-speech-led-64742.mp3	22536	6769	Tsùwdha ngǎjìní njuwdha mí li dyási kàó nì mí dhó ŋá ngǎjìní lò mbà màdhí bba ó?	Tsuwdha ngǎjìní njuwdha mí dhi dya si kaò dyasi kàò mí mí dho  ŋǎ ngǎjìní lò mbà màdhí bba ò?	1			Lendu	train	3.2392616258430955		False	0.16666666666666663	False	4.36282327148141	0.5812030075187969	True
830ccfbc3f4a54ceb8d849dbfe1b520f	64947	spontaneous-speech-led-64947.mp3	26640	6769	Tsùwdha ngǎjìní njuwdha mí li dyási kàó nì mí dhó ŋá ngǎjìní lò mbà màdhí bba ó?	Njàddí sâ nà fú lò jì mà mba nì ngǎjìní lò mà kà ó ma cha  à dho la mà ddí mba mà kà ó ma cha à lêy mà njúw mà tsò cha à ì bbíy nì sò ní nì nzòw kà luw à rà la ddí mbà mà kà ó à rà ley fú nzòw rà cha ì nì ndèy vi dey ndèy njèy ngǎjì ní nga ó nì lò tsǔw mà kà ó fú nì chú nì ndèy	1			Lendu	train	7.394894894894895		True	0.29454545454545455	False			False
da097b556a52dc7d273093cf8ce97abd	65020	spontaneous-speech-led-65020.mp3	20520	6769	Tsùwdha ngǎjìní njuwdha mí li dyási kàó nì mí dhó ŋá ngǎjìní lò mbà màdhí bba ó?	Tsùw dha ngǎjí ní lidyási dhí njuwdha ò ddì nì à dho mba la mbà nyì dhí bba ó rwo nì mî à mba gbǔ nyi dhí bba ó tho nì mî à mba li rr̀dha ngǎ nì mí nyi dhí bba ò	1			Lendu	train	5.799220272904484		False	0.2721518987341772	False	4.991546604167699	0.8669172932330828	False
69460059366eafce16269260ed3e45b0	65666	spontaneous-speech-led-65666.mp3	17208	6769	Tsùwdha ngǎjìní njuwdha mí li dyási kàó nì mí dhó ŋá ngǎjìní lò mbà màdhí bba ó?	À dho màdhí ddiy sà à dho gbu mbà mà ró à dho la mbà mà ró à dho deydha lǎnà ní nì ddí sa mà róddù gu	1			Lendu	train	4.300325430032543		False	0.23469387755102045	False	4.947912922332074	0.8526315789473684	False
b60ffd663a6f4ea05bc69ef86c8ee3e8	65754	spontaneous-speech-led-65754.mp3	11448	6769	Tsùwdha ngǎjìní njuwdha mí li dyási kàó nì mí dhó ŋá ngǎjìní lò mbà màdhí bba ó?	À dho gbuw mbà à dho li-hwìdha mbà à dho ley mbà à dho ley bba ó lò lǎní dho tdè ngǎ	1			Lendu	train	5.50314465408805		False	0.308641975308642	False	4.740762360143688	0.7834586466165413	False
21fb7f77ccb2d6989e98bcd4edf4c539	65913	spontaneous-speech-led-65913.mp3	21708	6769	Tsùwdha ngǎjìní njuwdha mí li dyási kàó nì mí dhó ŋá ngǎjìní lò mbà màdhí bba ó?	À dho gbu bbà à dho li dròdha bba à dho li dhí njí mí klôw sà à dho lò bbàdha sà li kàó nì à dho li dhí lò tsìdha ngù luwtò	1			Lendu	train	4.1920029482218535		False	0.275	False	5.167723816212235	0.9030075187969925	False
f1a9e65b853cca9c7a61a76ceeba58e2	66005	spontaneous-speech-led-66005.mp3	22680	6769	Tsùwdha ngǎjìní njuwdha mí li dyási kàó nì mí dhó ŋá ngǎjìní lò mbà màdhí bba ó?	À nì bu hwǐ à nì bba dhá à nì lindò-dha  mbǎ bba ó déydha ddì nì nì ngǎ à nì léy bbalè nì ì ó nga piy njaddí bbalè nì rǎ ngéyníngà	1			Lendu	train	4.27689594356261		False	0.19685039370078738	False	5.1778009278555315	0.9060150375939849	False
3d6b646c1cb9130eb226ee4110f7995d	66102	spontaneous-speech-led-66102.mp3	54036	6769	Tsùwdha ngǎjìní njuwdha mí li dyási kàó nì mí dhó ŋá ngǎjìní lò mbà màdhí bba ó?	À rà màdhí bba sà la nà bbalè ɦwìdha à rà bbalè dha bba piy gu màdhí bbakà nga rà ndèy sà ddrǒ à rà ley lò tsìdha rà dey ngǎ	1			Lendu	train	1.7395810200607005	transcription-length	True	0.2148760330578512	False			False
8acb58a60c926b87d6f906bec0e3c36d	63929	spontaneous-speech-led-63929.mp3	16128	6770	Màdhò nzòw gwǐy ŋǎchú màdhí pbúw ó lò nà?	Mà dhó nzòw gwiy ŋǎchú màdhí pbʉw ó lò ró? Ma ngá kpawá màdhí nzòw dhò	1			Lendu	train	3.410218253968254		False	0.10447761194029848	False	4.123683532617057	0.41353383458646614	True
69460059366eafce16269260ed3e45b0	64154	spontaneous-speech-led-64154.mp3	20016	6770	Màdhò nzòw gwǐy ŋǎchú màdhí pbúw ó lò nà?	Ngèy tdràdha mí tuw njí njèydha nà nì mí tuw dyì mí tuw déydha wánì nga nà ya dhi njèy ndèy mí tuw njí njèydha li dhokpa nà nì mí tuw	1			Lendu	train	5.145883293365308		False	0.3615384615384616	False	3.978776355776408	0.3360902255639098	True
bb53c9cc38fe315d31ecd6251f4b4705	64187	spontaneous-speech-led-64187.mp3	21816	6770	Màdhò nzòw gwǐy ŋǎchú màdhí pbúw ó lò nà?	Mà dho mà dhí nzòw tsò njuw ddìngaó ka ndrǔ dho lò tey à lee mà ká ndrǔ mbà chěy ní tuw nà lǎní lò nà má mà nì ndanà ndrǔ gwiy nì	1			Lendu	train	4.446277961129447		False	0.10317460317460314	False	4.009314123976625	0.3586466165413534	True
3d6b646c1cb9130eb226ee4110f7995d	64536	spontaneous-speech-led-64536.mp3	16308	6770	Màdhò nzòw gwǐy ŋǎchú màdhí pbúw ó lò nà?	À jì mà gwíy mà dhí nzòw ngèy nà kpawá ó lò nà ndeyní ndrǔ ká dhǐ lǎní pbúw ó lò tsìdha nà	1			Lendu	train	4.169732646553839		False	0.05747126436781613	False	4.000968310642415	0.3526315789473684	True
789f537bcdf7638af5c97b59bc69a60d	65307	spontaneous-speech-led-65307.mp3	19296	6770	Màdhò nzòw gwǐy ŋǎchú màdhí pbúw ó lò nà?	Mà dho nzòw gwiy mà dhí bbúw ó lò nà ndrǔ ngùdha nà mà kà te chow lò tèydha nà kpawa ó ndèy dêy ndèy njěy nà nì  ndrǔ dho lò dhò dha nà chěy ní màdhí ndǔló na má ndrǔ tsǐ ǒnga ma ndrǔ dho dey  ì jùw ó ndana cha ney njitso lò tsì dha dhò nà nì	1			Lendu	train	9.380182421227198		False	0.2175732217573222	False	4.275574953342633	0.5233082706766917	True
4690939abbaed200afffde0a457f0324	65493	spontaneous-speech-led-65493.mp3	19260	6770	Màdhò nzòw gwǐy ŋǎchú màdhí pbúw ó lò nà?	À kà mà dhǒ nzòw dhò wá nì pbúw nì ndèymí lǎní nga nà ndèymí ngǎjìní nga nà à kà mà njúw nzòw tsò mà dhǒ ya ŋǎchú ka déy ddiy màdhí pbacha ó	1			Lendu	train	5.555555555555555		False	0.1970802919708029	False	3.6184482488243748	0.1368421052631579	True
f595d0e1832ceab8c935264c25968409	65637	spontaneous-speech-led-65637.mp3	19440	6770	Màdhò nzòw gwǐy ŋǎchú màdhí pbúw ó lò nà?	Mà dho nzòw gwiy màdhí pbúw ó lò nà ngèy tdràdha nà ndrǔ dhò  mà dho ndrǔ mbà dàrázà nga zòwdha dhò ndaní ndrǔ ntsǐ chěy ní lò màdhí pbúw ró	1			Lendu	train	5.606995884773662		False	0.1897810218978102	False	3.511541097509848	0.09097744360902256	True
830ccfbc3f4a54ceb8d849dbfe1b520f	65874	spontaneous-speech-led-65874.mp3	26496	6770	Màdhò nzòw gwǐy ŋǎchú màdhí pbúw ó lò nà?	Nzòw dho mà tey nì ngèy mà djú lò cha ì tdè dǎ ndrǔ ní nì lò ró nzòw dho mà dow nì ddǐngǎ mà ley nì nzòw tsǐ kpàwá ró lò cha ndèy dêy dǎ nì pbúw ó lò nì mà nì drǒ fǔníchú à nì lò má cha mà gwíy nì ndanà màdhí nzòw ìngá mà dè nì ngéyngéy ní lò má cha ma gwíy ndanà màdhí nzòw nì à nì nú cho ya ma mbà nzòw rǎ sò-dzà dàrázà ò	1			Lendu	train	9.095712560386472		True	0.30000000000000004	False			False
9effd7faf8601b37182a0098bf1d23b2	66033	spontaneous-speech-led-66033.mp3	19368	6770	Màdhò nzòw gwǐy ŋǎchú màdhí pbúw ó lò nà?	Mà dho nzòw gwiy mà dhí bbúw ó lò nà ya ngísdjú mà dòw kasstsò ró mà nì kass dho ro ndruní cha kpawa ó lò ka déy nì klo mà dhò ya zz mà mànì nyǔ ddròddró ní ndrǔ nà ro	1			Lendu	train	6.505576208178438		False	0.12195121951219512	False	5.2059794860857105	0.9112781954887218	False
21fb7f77ccb2d6989e98bcd4edf4c539	66198	spontaneous-speech-led-66198.mp3	28296	6770	Màdhò nzòw gwǐy ŋǎchú màdhí pbúw ó lò nà?	Mà dho nzòw gwiy ngèy tdràdha nà mà dho nzòw gwiy ddǐngǎ déydha nà mà dho nzòw gwiy rù thódha nà mà dho nzòw gwiy ngéyngéy ní lò jì nà màdhí thiy ó nì ndèyní fú nzòw fú ndrǔ tsǐ màdhí thiy ó lò	1			Lendu	train	5.301102629346905		True	0.4052631578947369	False			False
f1a9e65b853cca9c7a61a76ceeba58e2	66415	spontaneous-speech-led-66415.mp3	21456	6770	Màdhò nzòw gwǐy ŋǎchú màdhí pbúw ó lò nà?	Ndrǔ tsǐ màdhí bbúw ó lò ndrǔ tsǐ ka ní dhǐy njèy ddiy ddiy ddiy ddiy djì má ndèy nì fú pbúw ó nì nà ŋà ní ní ka déy ní ŋà ní ní bbúw ó fú nì jì lò má fú nzòw tsǐ nì fu	1			Lendu	train	5.732662192393736		False	0.3090909090909091	False	4.85839816970934	0.824812030075188	False
8acb58a60c926b87d6f906bec0e3c36d	63898	spontaneous-speech-led-63898.mp3	16920	6771	Ddudhò à ní lǎní nyi gbú nyì rónga wánì ddu ró?	Ddudhò ǎní lǎní nyi gbú nyi rónga wánì ddu ró? À léy nì nzǐ mà dzz̀ ngow nì bbalè kàó	1			Lendu	train	3.900709219858156		False	0.04878048780487809	False	3.4699787558660193	0.07142857142857142	True
f1a9e65b853cca9c7a61a76ceeba58e2	64317	spontaneous-speech-led-64317.mp3	20988	6771	Ddudhò à ní lǎní nyi gbú nyì rónga wánì ddu ró?	Mà njǎ mà lǎnà bbalè nyú tey djú nzǐ mà dzz̀ ngǒwò ní nzánà bbalè rà dey mà nyi nyídha ní	1			Lendu	train	3.28759291023442		False	0.09302325581395354	False	4.525610735557751	0.6691729323308271	False
da097b556a52dc7d273093cf8ce97abd	64948	spontaneous-speech-led-64948.mp3	21168	6771	Ddudhò à ní lǎní nyi gbú nyì rónga wánì ddu ró?	À nì lǎní wá nì ddu ró ma gbú ma rónga à  déy lǎní ndaní ma rónga à njǎ ndèy lǎní rwo nì mî ndaní ss nzǐ à kǎ ma ró gbow nì mî  ndaní ma dzz̀ à déy ngǎ	1			Lendu	train	5.196523053665911		False	0.2702702702702703	False	3.6986224871884934	0.16766917293233083	True
21fb7f77ccb2d6989e98bcd4edf4c539	65115	spontaneous-speech-led-65115.mp3	22608	6771	Ddudhò à ní lǎní nyi gbú nyì rónga wánì ddu ró?	À nì lǎní mà gbú màrónga wá nì ddu dho ndéyní màrónga à déy vukavu  ndèyní vi à bǐ mà lǎní ndeyní nzǐ ngeyngéy ní dhi djì à tsǔw mà ró cha nzz̀dha mba nì nì	1			Lendu	train	5.307855626326964		False	0.11764705882352944	False	4.367672081473598	0.5842105263157895	True
3d6b646c1cb9130eb226ee4110f7995d	65336	spontaneous-speech-led-65336.mp3	18756	6771	Ddudhò à ní lǎní nyi gbú nyì rónga wánì ddu ró?	Ndeyní à bbú màdho mà rónga déy vukávu bbǔssdjú ndeyní mà ká dhǐy njèy ndanà lǎní bbalè kǎ shìdha ndanà mà rónga chǔwò ní mà  mà dzz̀ ngǒwò ní mà rónga těy ndanà	1			Lendu	train	6.824482832160375		False	0.2215189873417721	False	3.6414270025080255	0.14736842105263157	True
b60ffd663a6f4ea05bc69ef86c8ee3e8	65519	spontaneous-speech-led-65519.mp3	15768	6771	Ddudhò à ní lǎní nyi gbú nyì rónga wánì ddu ró?	À nì lǎní ma gbú ma rónga wánì sâ djú ndanà nzánà dhi lǒw ma ndanà ma rónga déy vukávu dhǐy wánì njèydha mí lò dho	1			Lendu	train	5.6443429731100965		False	0.14414414414414412	False	3.8254415541390845	0.23458646616541354	True
eea86ca8ea6b1af65157b06503a99e83	65814	spontaneous-speech-led-65814.mp3	19080	6771	Ddudhò à ní lǎní nyi gbú nyì rónga wánì ddu ró?	Ndaní nzǐ ma chǔw dhi ndaní ma rónga déy vukávu ndaní ma njǎ ma lǎní wánì sâ ró nyò wánì nga nà ndanà ma dzz ká dey lǎní	1			Lendu	train	4.874213836477987		False	0.1709401709401709	False	3.7865302390575106	0.20827067669172933	True
5ead05ed0317f78aa329e93b3f6c2b6c	65949	spontaneous-speech-led-65949.mp3	18468	6771	Ddudhò à ní lǎní nyi gbú nyì rónga wánì ddu ró?	Ndaní ma rónga déy vukávu ndaní à dhǒ màtsá lǎní déydha bbalè kàó ndaní à léy ma déy lǎní lò dhodha ní bbalè nyúddà djú	1			Lendu	train	5.1440329218107		False	0.18103448275862066	False	3.3827325993347497	0.0518796992481203	True
9effd7faf8601b37182a0098bf1d23b2	66151	spontaneous-speech-led-66151.mp3	17316	6771	Ddudhò à ní lǎní nyi gbú nyì rónga wánì ddu ró?	À nì lǎní nyi gbú nyi rónga wánì ddu nà ndaní nzǐ nyi rónga ngǒw ndaní nyi rónga déy yò ní thí	1			Lendu	train	4.215754215754216		False	0.27472527472527475	False	3.7426440368258698	0.19172932330827067	True
830ccfbc3f4a54ceb8d849dbfe1b520f	66393	spontaneous-speech-led-66393.mp3	19260	6771	Ddudhò à ní lǎní nyi gbú nyì rónga wánì ddu ró?	Ndaní nzǐ nyi rónga déy ngǒw bbalè kà ó à nì ddí lǎ ní nyi rónga déy dúdú ya nyi vì de nyi ró nga gbǔ tí ro nyi ro nga rà dè dúdú nyi rà lǎ ní vi chùw nyi ró ya nyi vì de nzǐ nyi ró nga mà gbu fú nì rà ley ndèy nyi ró nga ra chà kù dey ngòw bbalè kà ò	1			Lendu	train	9.553478712357215		False	0.36693548387096775	False	4.17831052258177	0.44511278195488724	True
830ccfbc3f4a54ceb8d849dbfe1b520f	66393	spontaneous-speech-led-66393.mp3	19260	6771	Ddudhò à ní lǎní nyi gbú nyì rónga wánì ddu ró?	Ndaní nzǐ nyi rónga déy ngǒw bbalè kàó à nì ddí lǎní nyi rónga déy dhúdhú ya nyi bì dey nyi rónga gbu tí ro nyi rónga rà dey tú dhúdhú nyi rà lǎní vi chùw nyi ró ya nyi vì dey nzǐ nyi rónga ngbu fǔnì rà ley ndey nyi rónga rà caku  dey ngòw bbalè kǎ	1			Lendu	train	9.865005192107995		False	0.4	False	3.984575139250653	0.337593984962406	True
f595d0e1832ceab8c935264c25968409	66627	spontaneous-speech-led-66627.mp3	21636	6771	Ddudhò à ní lǎní nyi gbú nyì rónga wánì ddu ró?	À nì lǎní nyi gbú nyi rónga wánì ddu ó ndaní nyi njǎ nyi klǐy à nì lǎní nyi gbú nyi rónga wánì ddu ó ngǎjìní ngówngów ddádha dhò à nì lǎní nyi gbú nyi rónga wánì ddu dhò ndaní nyi zǎnga déy lǎní	1			Lendu	train	6.979108892586431		False	0.4921465968586387	True			False
8acb58a60c926b87d6f906bec0e3c36d	63969	spontaneous-speech-led-63969.mp3	14616	6772	Màdhò mà dyási do njèy ŋǎchú?	Ma dhó mà dyǎsi dò njèy ŋǎchú? À jì mà kwó ndrǔ tsotso	1			Lendu	train	2.873563218390805	transcription-length	False	0.019607843137254943	False	3.3166267230692803	0.03609022556390978	True
f1a9e65b853cca9c7a61a76ceeba58e2	64347	spontaneous-speech-led-64347.mp3	22896	6772	Màdhò mà dyási do njèy ŋǎchú?	Mà déy ddì nì ddiy ní mà njěy mà dò mà kàó ya ngǎajìní lò njèy ndèy mà kàó ro mà kwó zòw mà kàó mà bbá cha lò má ney dèy dà mà kàó nì ddíyàchú mà rà dey ddì nì ddiy ní	1			Lendu	train	5.415793151642208		False	0.25	False	4.605971952596471	0.7195488721804512	False
69460059366eafce16269260ed3e45b0	64464	spontaneous-speech-led-64464.mp3	13248	6772	Màdhò mà dyási do njèy ŋǎchú?	Déydha lǎnínà mà kàòluw lò rr̀dha nà mà kàòluw dhi njèy ndèy mí nganà déydha ddì nì nga òluw	1			Lendu	train	5.585748792270531		False	0.1797752808988764	False	3.6556865715468048	0.15263157894736842	True
789f537bcdf7638af5c97b59bc69a60d	64472	spontaneous-speech-led-64472.mp3	19188	6772	Màdhò mà dyási do njèy ŋǎchú?	Ma dyási dò njèydha à nì ǐchú à ji mà déy lǎní à ji mà njúw mà tsò wá nì sáwà nà à ji ney lò má ndèy nà nì nyì bbǎ nyì kà ó ddù gudjò ndaní aa nyì kǎnga à njúw ndèy jǐ ká dey ney nyì kà ò	1			Lendu	train	7.139879091098604		False	0.19565217391304346	False	4.656491451751167	0.7428571428571429	False
5ead05ed0317f78aa329e93b3f6c2b6c	64932	spontaneous-speech-led-64932.mp3	19800	6772	Màdhò mà dyási do njèy ŋǎchú?	Ngǎjìní lò bbàdha nà cha ney mà dyási njèy màdho nì mà dyási tsotso kwódha nà tǔwtǔw ní lò cha ndrǔ nì  ǒ nò nì ò luw nì nyǔ'wiy mí lò dhò dha nà mà dyási dhò	1			Lendu	train	6.111111111111111		False	0.2387096774193549	False	3.529035888197158	0.09849624060150376	True
21fb7f77ccb2d6989e98bcd4edf4c539	65364	spontaneous-speech-led-65364.mp3	24696	6772	Màdhò mà dyási do njèy ŋǎchú?	Ma dyási dò ma dho njèy lò bbàdha nà mà dyási dò màdho njey mà djówdha nà mà dyási dhò mà dyasi dò mà dho njèy nyǔ'wiy bbúdha nà mà kǎ ndeyní ngǎjìní lò à déy ngǎ mà kǎ	1			Lendu	train	5.264010366051182		False	0.34545454545454546	False	3.693628103951692	0.16691729323308271	True
21fb7f77ccb2d6989e98bcd4edf4c539	65364	spontaneous-speech-led-65364.mp3	24696	6772	Màdhò mà dyási do njèy ŋǎchú?	Mà dyási do mà dho njèy lò pbàdha nà  mày mà dyási do mà dho njèy mà djówdha nà mà dyási dho mà dyási do mà dho njèy nyǔ'wiy bbúdha nà mà kà ó ndèyní ngǎjìní lò à déy ngǎ mà kà ó	1			Lendu	train	5.466472303206997		False	0.4342857142857143	False	3.5065648635387654	0.0887218045112782	True
b60ffd663a6f4ea05bc69ef86c8ee3e8	65408	spontaneous-speech-led-65408.mp3	12456	6772	Màdhò mà dyási do njèy ŋǎchú?	Mà kwó ndrǔ kàríbù ya ndrǔ shì màdhí bba kàò ro, mà rř ndrǔ tsò ró lò ya ndrǔ zz̀ ddiy mà tsòró mà kwó ndrǔ tsotso ddiy mí zòw má ney ndèy nì ndrǔ ró nì nà	1			Lendu	train	9.553628773281952		False	0.2287581699346405	False	3.9064704258903222	0.29022556390977444	True
da097b556a52dc7d273093cf8ce97abd	66079	spontaneous-speech-led-66079.mp3	20808	6772	Màdhò mà dyási do njèy ŋǎchú?	À jì ma gwíy mà màdyási nà à jì mà déy lò bbàdha nà ndrǔ dho à jì mà íy ndrǔ ndaní fúndrú ddí tsǐ ngeyngéy nì lò jì ndèy nì shǐ nì à jì mà tdrǎ ndrǔ dho fúndrú jǐ Ddrà mí lò	1			Lendu	train	6.247597078046905		False	0.21176470588235297	False	4.06839439872491	0.39172932330827065	True
830ccfbc3f4a54ceb8d849dbfe1b520f	66333	spontaneous-speech-led-66333.mp3	18396	6772	Màdhò mà dyási do njèy ŋǎchú?	À jì mà léy Ddrà mí thíy tsǔw mà zz ò lǎní  ndení mà déy lò do nà ddí ney  ya ngǎ fú nì rà ley lò do ra dey ngǎ mà zz ò fú nì chú Mungu mí thíy à mba nì bbalè djòkpa cha nyi nyikà nyi dey lò dò nà ddí nyi zz ò	1			Lendu	train	8.208306153511632		False	0.2184466019417476	False	5.103503010308657	0.8894736842105263	False
f595d0e1832ceab8c935264c25968409	66408	spontaneous-speech-led-66408.mp3	14580	6772	Màdhò mà dyási do njèy ŋǎchú?	Ma dho ma dyási dò njèy ndrǔdhí ddiy ró nga bbòdha nà ndrǔ kwódha nà mà kà ó ndrǔ dho chěy ní lò dhò dha nà cha ndèy nì ndèy jǐ  mà dhí bba ó nì	1			Lendu	train	7.407407407407407		False	0.17021276595744683	False	3.0753228562675847	0.009022556390977444	True
3d6b646c1cb9130eb226ee4110f7995d	66467	spontaneous-speech-led-66467.mp3	15300	6772	Màdhò mà dyási do njèy ŋǎchú?	À jì mà rř ndrǔ nì tdrǎ nì lò mà njěy ndanà dhǐy ndeyní  mà ǔw à ká lù mà nì ndrǔ dò njěy ney	1			Lendu	train	4.509803921568627		False	0.15384615384615385	False	3.9365094828009055	0.3082706766917293	True
9effd7faf8601b37182a0098bf1d23b2	66512	spontaneous-speech-led-66512.mp3	16668	6772	Màdhò mà dyási do njèy ŋǎchú?	Mà dho mà dyási dò njèy ya mà njûw mà tsò mí nga òluw ddí à jì mà njěy mà nyási dò mà dho mà dyási dò njèy ngéyngéy ní lò òluw wá	1			Lendu	train	5.819534437245021		False	0.3015873015873016	False	3.4933908948820953	0.08270676691729323	True
c5df5911e2fe9c37bfe33b1deacd2a9c	63798	spontaneous-speech-led-63798.mp3	27288	6773	Ŋá nì ní ndèy lǎní tuw màdhò ndanà cha ndèy thíy nì zòw nà nì li tsotso kwo ndana nì?	Ŋá nì ní ndey lǎní tuw  màdho ndanà cha ndèy thíy nì zòw nà nì li tsotso kwo ndanà nì? À jì mà kwó ndeyli tsotso cha ndeyli ró ndèy nì zòw nà mà jǐ ndeyli mà njěy ndeyli dhò cha ndèymí zòw nì ndeyli njěy nì ddiy ndèymí nzǐ mà bba fúli à déy gbè ngǎjìní bbalè níchú	1			Lendu	train	7.512459689240692		True	0.31417624521072796	False			False
eea86ca8ea6b1af65157b06503a99e83	64284	spontaneous-speech-led-64284.mp3	24300	6773	Ŋá nì ní ndèy lǎní tuw màdhò ndanà cha ndèy thíy nì zòw nà nì li tsotso kwo ndana nì?	Ddrà mí lò tdradha nà fú ndeyli dho ndaní à djów à thíy jǐ dhòdha nà fú ndeyli ró ndaní à chǔw ndèy  níyà ka jì ndèy ndaní à thíy ó fú zòw à shǐ gu à thíy óddù bbiydha nà fú ndeyli nà ddǐ nga ó ndaní nzǐ à ddéy fú lò djú	1			Lendu	train	6.831275720164609		False	0.30414746543778803	False	4.143549431541396	0.424812030075188	True
4690939abbaed200afffde0a457f0324	64334	spontaneous-speech-led-64334.mp3	14976	6773	Ŋá nì ní ndèy lǎní tuw màdhò ndanà cha ndèy thíy nì zòw nà nì li tsotso kwo ndana nì?	À kà mà kí ndèy nì  zòw nà nì li thíy lǎní lò tdràdha nà ndèymí mà kwó à tsotso chěy ní lò dyòwdha nà cha ndèy shi nì li kàó nì	1			Lendu	train	6.343482905982905		False	0.17741935483870963	False	3.916178930904432	0.29473684210526313	True
830ccfbc3f4a54ceb8d849dbfe1b520f	64385	spontaneous-speech-led-64385.mp3	17820	6773	Ŋá nì ní ndèy lǎní tuw màdhò ndanà cha ndèy thíy nì zòw nà nì li tsotso kwo ndana nì?	À rà jì mà kwó à tsotso ddiy bbúdha nà à dho à rà ngu jì njàddî mà déy à mà léy à déy mà ró chow ndaní à ddí à chǔw nyǔ'wiy ma  cha mà vi dey njěy ndanà nì fǔchú mà rà à tsotso kwo lǎní ndanà màdhí bba ó	1			Lendu	train	8.473625140291807		False	0.16500000000000004	False	3.8709301524226216	0.2654135338345865	True
f1a9e65b853cca9c7a61a76ceeba58e2	65127	spontaneous-speech-led-65127.mp3	22608	6773	Ŋá nì ní ndèy lǎní tuw màdhò ndanà cha ndèy thíy nì zòw nà nì li tsotso kwo ndana nì?	Mà těy lò à nà mà djów à thíy mà bbú lǎní ddeydha à dhò cha nzǐ ndèy dho ngu zòw mbà à thíy rò nì ddíyàchú à ddí chǔw ndèy mà jì ŋà mà nì ì nà wá ddǐngǎ	1			Lendu	train	4.998230714791224		False	0.11409395973154357	False	5.450390786043259	0.9503759398496241	False
3d6b646c1cb9130eb226ee4110f7995d	65626	spontaneous-speech-led-65626.mp3	12816	6773	Ŋá nì ní ndèy lǎní tuw màdhò ndanà cha ndèy thíy nì zòw nà nì li tsotso kwo ndana nì?	À jì mà rǎ à dè mà djów à djùw bblò thiy nà Ddrà mî ndaní à thíy ó nga djǒw ndanà	1			Lendu	train	4.681647940074906		False	0.0641025641025641	False	4.993082712751353	0.8676691729323308	False
b60ffd663a6f4ea05bc69ef86c8ee3e8	65656	spontaneous-speech-led-65656.mp3	11736	6773	Ŋá nì ní ndèy lǎní tuw màdhò ndanà cha ndèy thíy nì zòw nà nì li tsotso kwo ndana nì?	Mà dhǒ Ddrà mí lò fúli dhò à ǔw Yesu mà kí à jùw Ddrà mí lò nà	1			Lendu	train	3.8343558282208585		False	0.15254237288135597	False	3.8931414817296988	0.281203007518797	True
da097b556a52dc7d273093cf8ce97abd	66331	spontaneous-speech-led-66331.mp3	23580	6773	Ŋá nì ní ndèy lǎní tuw màdhò ndanà cha ndèy thíy nì zòw nà nì li tsotso kwo ndana nì?	Lǎní tuw má mà dho cha ndèy nì ndèy thíy nà nì nzòw tsotso kwo nì ddì nì à jì mà bbú à dho lǎní lò rwo nì mî mà gwíy à bbǎ lò ddéydha gu tho nì mî mà chó à à rǎ ddǎwà djò mbu nì mî mà mbu à  mà zz à à déy mà ró	1			Lendu	train	6.40373197625106		False	0.19323671497584538	False	4.377213769448941	0.5917293233082707	True
5ead05ed0317f78aa329e93b3f6c2b6c	66483	spontaneous-speech-led-66483.mp3	18180	6773	Ŋá nì ní ndèy lǎní tuw màdhò ndanà cha ndèy thíy nì zòw nà nì li tsotso kwo ndana nì?	À jì mà dhǒ jǐ fúli dhò mà déy fúli nà ddǐngǎ mà kwo fúli tsotso ddiy bbúdha nà fúli dhò mà tdrǎ fúli dhò Ddrà mí ní nì lò ndaní à bbú fúli dhò shú ní thíy	1			Lendu	train	6.490649064906491		False	0.23684210526315785	False	3.7817539224970638	0.20526315789473684	True
9effd7faf8601b37182a0098bf1d23b2	66488	spontaneous-speech-led-66488.mp3	17856	6773	Ŋá nì ní ndèy lǎní tuw màdhò ndanà cha ndèy thíy nì zòw nà nì li tsotso kwo ndana nì?	Mà dho fú li gwiy Ddrà mí lò nà ndaní nzǐ fúli ddéy ngǎjìní chá lò mà dho fú li gwiy ngengéy ní lò nà ndaní nzǐ li thíy dhì lǒw fú li	1			Lendu	train	5.656362007168458		False	0.27692307692307694	False	3.7219438319552647	0.1774436090225564	True
c5df5911e2fe9c37bfe33b1deacd2a9c	63862	spontaneous-speech-led-63862.mp3	22320	6774	Màdhò cha ndèy shì mà làyì kàó nì lò si ŋǎchú ngǎ lò rr̀dha ní?	Mà dho cha ndèy shì mà làyi kàó nì lò si ŋǎchú ngǎ lò rr̀dha ní? à jì mà íy ndrǔ ddìnga ó mà tsǐy ya ddu mí lò shì ndrǔ kàó ddiy ndèymí mà kwó ndrǔ tsotso mà kí ndrǔ jùw ndèymí mà jǐ ndrǔ mà tdrǎ ndrǔ dhò lǎní lò cha ka dho dey ndanà nì	1			Lendu	train	8.019713261648745		False	0.2145922746781116	False	4.044934662591407	0.3774436090225564	True
8acb58a60c926b87d6f906bec0e3c36d	63903	spontaneous-speech-led-63903.mp3	10080	6774	Màdhò cha ndèy shì mà làyì kàó nì lò si ŋǎchú ngǎ lò rr̀dha ní?	Mà dhó cha ndèy shì mà lay kà ó nì lò si ŋǎchú ngǎ lò rr̀dha nǎ	1			Lendu	train	4.662698412698413		True	0.033333333333333326	False			False
eea86ca8ea6b1af65157b06503a99e83	64266	spontaneous-speech-led-64266.mp3	23760	6774	Màdhò cha ndèy shì mà làyì kàó nì lò si ŋǎchú ngǎ lò rr̀dha ní?	Lò tèydha ndrǔ dhò ddìnga ó Ddrà mí lò tdràdha ndr ǔdhò ndrǔ kǎnga gbádha nà ndeyní ndrǔ déy ddì nì bbalè ní jǐ nà ka léy ndrǔ ddìnga ó ka léy ndrǔ ddá ì zz ó lò	1			Lendu	train	5.218855218855219		False	0.25316455696202533	False	3.6186880601201117	0.13759398496240602	True
789f537bcdf7638af5c97b59bc69a60d	64383	spontaneous-speech-led-64383.mp3	25848	6774	Màdhò cha ndèy shì mà làyì kàó nì lò si ŋǎchú ngǎ lò rr̀dha ní?	Mà làyi kǎ ndèy shì ngǎjìní lò à nì jǐ màdhǒ ndrǔ dhò Ddrà mí lò rwo nì mî à nì jǐ mà njúw ndrú tsò mà sí lò ndrǔ kà ó nì cha gbè ney gbè bbakǎ ó bbalè dho si bbalè  rwo nì kà ó nì  ní chú gbow nì mî à nì jì mà dhǒ gavmente mí lò má cha kà nì mà dhí ddrǒngó nì lòtsò njúwdha nà nì ndaní mí lò ka ká dey lǎní ngǎ lò rr̀dha nà	1			Lendu	train	9.246363354998453		True	0.24922118380062308	False			False
4690939abbaed200afffde0a457f0324	64510	spontaneous-speech-led-64510.mp3	19008	6774	Màdhò cha ndèy shì mà làyì kàó nì lò si ŋǎchú ngǎ lò rr̀dha ní?	À kà mà njúw fú bbalè tsò ddìngaó ka tdrǎ cha ndèy shì fú kǎ nì lò djú lò ndaní ndrǔ ngú wá ddì nì ddiy ní ndèymí ka tdrǎ ndrǔ dhò  lò rrđha tde nì ngǎjìní ndèymí à sa nì bba	1			Lendu	train	6.944444444444445		False	0.16959064327485385	False	3.761522599662687	0.19774436090225564	True
da097b556a52dc7d273093cf8ce97abd	64629	spontaneous-speech-led-64629.mp3	17820	6774	Màdhò cha ndèy shì mà làyì kàó nì lò si ŋǎchú ngǎ lò rr̀dha ní?	À jì mà gwíy à lǎní lò nà à jì ma bbú à dho mbr ddí njàddí nì mà njěy à dò  nzǐ mà léy à tsǔwní swàní lidyási ka tsuw dhí ò	1			Lendu	train	5.05050505050505		False	0.09166666666666667	False	5.049259641022432	0.8774436090225564	False
69460059366eafce16269260ed3e45b0	64682	spontaneous-speech-led-64682.mp3	21888	6774	Màdhò cha ndèy shì mà làyì kàó nì lò si ŋǎchú ngǎ lò rr̀dha ní?	Mà dhó ndrǔ kàónga jì mà dho lǎní lò tdrà ndrǔ dhò mà dho Ddrà mí lò tdrà ndrǔ dhò mà dho déydha lǎní nà ka déy nì mí ndéydha  jì dhò ndrǔ dhò ddí	1			Lendu	train	5.071271929824561		False	0.36363636363636365	False	3.829239943199617	0.23609022556390977	True
f1a9e65b853cca9c7a61a76ceeba58e2	64733	spontaneous-speech-led-64733.mp3	21528	6774	Màdhò cha ndèy shì mà làyì kàó nì lò si ŋǎchú ngǎ lò rr̀dha ní?	Mà léy ndrǔ dǒw bbi mà tdra í lò kâ nzá í lò kâ nzá nzǐ nyi ndrŕ nyì ndanà nyì bba fú lò lò da nì li kà ó ney ka sí nì ney ngǎ à déy lò rr̀dha nà mà sí bbò ní lǎ í li-chuw nà jǐ nà mà kà ó	1			Lendu	train	6.317354143441101		False	0.15591397849462363	False	6.238287494901777	0.9924812030075187	False
5ead05ed0317f78aa329e93b3f6c2b6c	65069	spontaneous-speech-led-65069.mp3	26820	6774	Màdhò cha ndèy shì mà làyì kàó nì lò si ŋǎchú ngǎ lò rr̀dha ní?	À jì ka dǒw ndrǔ nà bbi ka gbá ndrǔ tsò ka chǔw ndrǔ kǎ lò dhey ka tdrǎ fú ndrǔ dhò Ddrà mí ní nì lò cha ndèy dho shú ní déydha bbu fú ndrǔ kàó nì ka ngǔw jǐ fú ndrǔ kǎ ka ley fú ndrǔ tsǐ nyǔ'wiy mí lò tey lǎní cha ka dho ndanà bba djùkpa ddà nì	1			Lendu	train	6.86055182699478		True	0.21900826446280997	False			False
830ccfbc3f4a54ceb8d849dbfe1b520f	65443	spontaneous-speech-led-65443.mp3	20628	6774	Màdhò cha ndèy shì mà làyì kàó nì lò si ŋǎchú ngǎ lò rr̀dha ní?	Ya mí lò nì chow mà dhó si mb nà nì mà dho mà dhotsò kwo ndaní mà sí fú lò gu lò má ndèy mba nì ngéyngéy ní lò má ndèy ngúnì shì ley màní nì lò fúnìchú à tde nì ngǎjìní lò à rà ngu jì cha mà làyi ró ndèy shì ní lò mà kwó à dhotsò nù cha mà nì ney nì ddiy nà	1			Lendu	train	9.210781462090363		False	0.23228346456692917	False	4.369108227394156	0.5864661654135338	True
b60ffd663a6f4ea05bc69ef86c8ee3e8	65580	spontaneous-speech-led-65580.mp3	9648	6774	Màdhò cha ndèy shì mà làyì kàó nì lò si ŋǎchú ngǎ lò rr̀dha ní?	À jì mà njúw ndrǔ tso mà njǎ lò má cha ndèy nì mà kàónga sǎ nì mà thǐ fúlò à déy ngǎ mà kàó mà ddá gudjò	1			Lendu	train	7.980928689883914		True	0.13861386138613863	False			False
3d6b646c1cb9130eb226ee4110f7995d	66173	spontaneous-speech-led-66173.mp3	18828	6774	Màdhò cha ndèy shì mà làyì kàó nì lò si ŋǎchú ngǎ lò rr̀dha ní?	À kà mà rǎ wò ní ndrǔ dè cha ndrǔ nì rǎ nzǐ ro mà mbǎ wò ní ndrǔ dè yadha gàméntè mí bbalè ndeyní ndrǔ ká fú lò mí klôw djow ndeyní à ngú rrdha lǎní ó	1			Lendu	train	6.001699596345868		False	0.20408163265306123	False	4.661143797553629	0.7481203007518797	False
9effd7faf8601b37182a0098bf1d23b2	66553	spontaneous-speech-led-66553.mp3	18756	6774	Màdhò cha ndèy shì mà làyì kàó nì lò si ŋǎchú ngǎ lò rr̀dha ní?	Mà dho cha ndèy shì mà làyi kàó nì li gwiy ngéyngéy ní lò nà nzǐ fú ndrǔ léy fú lò ndèy thíy  djò	1			Lendu	train	3.892087865216464		False	0.07446808510638303	False	3.608171868672547	0.12857142857142856	True
f595d0e1832ceab8c935264c25968409	66582	spontaneous-speech-led-66582.mp3	17928	6774	Màdhò cha ndèy shì mà làyì kàó nì lò si ŋǎchú ngǎ lò rr̀dha ní?	À kà mà tsǐ lò zz̀dha shúní mà chuw nà ndaní mà sí cha lò má ney ndèy shì mà kàó nì à kà mà déy rr̀dha nà ney mànì cha mà kàó lò si ro	1			Lendu	train	5.522088353413654		False	0.19083969465648853	False	4.434903305037928	0.6248120300751879	False
c5df5911e2fe9c37bfe33b1deacd2a9c	63877	spontaneous-speech-led-63877.mp3	22608	6775	Ì njèy nì njí ngǎ kà bbú mbu ìdhò nì ngów dhò njí nyà ŋǎchú màdhí bbà ó?	Ì njey nì njí ngǎ ka bbú ì dho mb nì ngúw dho nji nja ŋǎchú màdhí bba ó? Ya ndrǔ shì màddhí bba ndrǔ dho mà jì mà njěy njí ìnà fúddiy dho njí nya ìnì njí nàsh njí nànì ndrǔ dhò	1			Lendu	train	5.927105449398443		False	0.24855491329479773	False	5.073865344307999	0.8834586466165414	False
8acb58a60c926b87d6f906bec0e3c36d	63926	spontaneous-speech-led-63926.mp3	16956	6775	Ì njèy nì njí ngǎ kà bbú mbu ìdhò nì ngów dhò njí nyà ŋǎchú màdhí bbà ó?	Ì njey nì njí ngǎ ka bbú mb ì dho nì ngúw dho njí nya ŋǎchú màdhí bba ó? Ndrǔ gwíy bbalè njí njèydha mí tuw nà	1			Lendu	train	4.953998584571833		False	0.11214953271028039	False	4.0222638513340065	0.3661654135338346	True
789f537bcdf7638af5c97b59bc69a60d	64349	spontaneous-speech-led-64349.mp3	28116	6775	Ì njèy nì njí ngǎ kà bbú mbu ìdhò nì ngów dhò njí nyà ŋǎchú màdhí bbà ó?	Ndrǔ dho mà dho mbr mbà má kà dho ddiy ddiy ní ddiy njèy mà dho ndanà nì fú bbalè dho mà dho sǒko mba má cha ndanà mà dho màdhí ddiy ó nga dzz má cha mà dho kpa ddâ djow ó ddù nà nì ndrǔ dho mà dho nyǔ'wiy mbà ma cha mà dho ndanà lò tsì ney ndèy nì ndèy njèy rútsò jò nà nì	1			Lendu	train	7.326789016929862		True	0.37777777777777777	False			False
f1a9e65b853cca9c7a61a76ceeba58e2	64613	spontaneous-speech-led-64613.mp3	25560	6775	Ì njèy nì njí ngǎ kà bbú mbu ìdhò nì ngów dhò njí nyà ŋǎchú màdhí bbà ó?	Ndrǔ mbǎ nzòw sòmù ò ndrǔ mbǎ tdiytdiy ní  njí cha li dhokpa nà ka dho njèy nì à kwó bbalè tsotso bba kàluw nzá děy  lò jì má ndèy shì i ngákpá mà kàó nì ndrǔ mbǎ mà kàó à nì njí nya mà dhò	1			Lendu	train	5.555555555555555		True	0.13978494623655913	False			False
4690939abbaed200afffde0a457f0324	65009	spontaneous-speech-led-65009.mp3	11016	6775	Ì njèy nì njí ngǎ kà bbú mbu ìdhò nì ngów dhò njí nyà ŋǎchú màdhí bbà ó?	À jì ka chó ndrǔ dhí lò ddí ru nì gamentè dè ndaní ndrǔ njǎ ya ŋǎchú kadho ngwó ní bbalè tsotso kwo ddiy	1			Lendu	train	7.352941176470588		False	0.02970297029702973	False	4.168062044095943	0.43909774436090226	True
3d6b646c1cb9130eb226ee4110f7995d	65189	spontaneous-speech-led-65189.mp3	14580	6775	Ì njèy nì njí ngǎ kà bbú mbu ìdhò nì ngów dhò njí nyà ŋǎchú màdhí bbà ó?	À kà ndrǔ njúw bbalè tsò, ndrǔ dhǒwò ní njí ndaní mb ká nya bbakà òluw ndaní bbalè ka bba thì ndanà ìdhî	1			Lendu	train	5.6241426611796985		False	0.15841584158415845	False	4.133805255761694	0.4195488721804511	True
69460059366eafce16269260ed3e45b0	65480	spontaneous-speech-led-65480.mp3	21600	6775	Ì njèy nì njí ngǎ kà bbú mbu ìdhò nì ngów dhò njí nyà ŋǎchú màdhí bbà ó?	Ndrǔ ndíy nì bbalè kwó ì tsotso njí njèydha dhò mbr nà ndrǔ mba nì lǎní nyû tsi màdhí bba ó ndèymí ndrǔ léy bbalè nì déy ddìnga ó njí njèydha dhò	1			Lendu	train	5.277777777777778		False	0.18309859154929575	False	3.5008764291824463	0.08721804511278196	True
830ccfbc3f4a54ceb8d849dbfe1b520f	65630	spontaneous-speech-led-65630.mp3	20808	6775	Ì njèy nì njí ngǎ kà bbú mbu ìdhò nì ngów dhò njí nyà ŋǎchú màdhí bbà ó?	Dhǐy nyá nì cha ŋà ì sò nì bbalè dho ndrǔ rà dey dhǐ njèy ófìs mà òluw nyi chuw bbalè má nzá i  sò chú dhǐy nì klǒw ndrǔ dho à rà ngu jì bbalè má cha ŋà ì sò nì ney ndrǔ rà dhǐy chùw fú bbalè dè luw ya nzá ì sò nì bbalè nzǐ ndrǔ nì ddíy chǔw fú bbalè mà dè luw	1			Lendu	train	9.27527873894656		False	0.33463035019455256	False	4.270041824528173	0.5195488721804511	True
b60ffd663a6f4ea05bc69ef86c8ee3e8	65970	spontaneous-speech-led-65970.mp3	18396	6775	Ì njèy nì njí ngǎ kà bbú mbu ìdhò nì ngów dhò njí nyà ŋǎchú màdhí bbà ó?	Ndrǔ dho njí nya mà ró mb bbúdha nà aa nza bbìdha nà ndrr̀tsś dzz̀dha nà ddiy ó nga dzźdha nà fú nì ddiy ma ndrǔ dho nya màdho nì nì fu	1			Lendu	train	5.762122200478364		False	0.23134328358208955	False	4.019181976738084	0.36466165413533835	True
eea86ca8ea6b1af65157b06503a99e83	66047	spontaneous-speech-led-66047.mp3	18648	6775	Ì njèy nì njí ngǎ kà bbú mbu ìdhò nì ngów dhò njí nyà ŋǎchú màdhí bbà ó?	Ndrǔ dho bbalè dho li-gwíydha mí lǎnínga dhò ndaní bbalè ká ìdhí nzòw mbà sùkúl ò ndrǔ dho bbalè gwiy li-dhokpa nà ka njey nì njí ddiy jì nà	1			Lendu	train	6.006006006006007		False	0.13868613138686137	False	3.3120648350483792	0.03383458646616541	True
21fb7f77ccb2d6989e98bcd4edf4c539	66050	spontaneous-speech-led-66050.mp3	21636	6775	Ì njèy nì njí ngǎ kà bbú mbu ìdhò nì ngów dhò njí nyà ŋǎchú màdhí bbà ó?	Ndrǔ dho njí nya nyǔ'wiy bbúdha nà màdhò ndeyní mà chǔw nyǔ'wiy fú nyǔ'wiy nà chú mà ngú nji njèy cha mbr ndèydho bbu màdhó nì ndèyní mà ngú màdhí djiy ronga bbò ndanà màdhí nzòw nà	1			Lendu	train	6.701793307450545		False	0.2134831460674157	False	3.684757973627922	0.1631578947368421	True
da097b556a52dc7d273093cf8ce97abd	66128	spontaneous-speech-led-66128.mp3	24660	6775	Ì njèy nì njí ngǎ kà bbú mbu ìdhò nì ngów dhò njí nyà ŋǎchú màdhí bbà ó?	Ddì nì ní fú kpa dho njèy màdhí bba ó nì ya ì sò ní nzòw nì ney ndrǔ dho fú nzòw tduw ndaní fú nzòw ddí ká njí chùw ndrǔ guw ónga ní rwo nì mî à kà mà bbú màdhí djow màdhí dyòw ndrǔ dè mà ddiy wánì ó zòw má mà nì dǎ òluw nì	1			Lendu	train	6.73154906731549		False	0.20454545454545459	False	4.582985010102657	0.7105263157894737	False
5ead05ed0317f78aa329e93b3f6c2b6c	66242	spontaneous-speech-led-66242.mp3	17496	6775	Ì njèy nì njí ngǎ kà bbú mbu ìdhò nì ngów dhò njí nyà ŋǎchú màdhí bbà ó?	Ndrǔ dho ligwídha mí nga pù mà kà ó ma ndèydho màdhí bbalè nyúdda pù nì ndrǔ dho dhǐy nya yaddá nínì nzòw dho ndrǔdho màdho ddiy djì ddey mbà cha ngǎ ndèynì mà kàó nì màdho chùw	1			Lendu	train	8.001828989483311		False	0.1839080459770115	False	3.9936308947602717	0.34661654135338343	True
9effd7faf8601b37182a0098bf1d23b2	66441	spontaneous-speech-led-66441.mp3	17928	6775	Ì njèy nì njí ngǎ kà bbú mbu ìdhò nì ngów dhò njí nyà ŋǎchú màdhí bbà ó?	Ndrǔ dho mà dhò dròdró ní sǒkò mbà bbakàó ndrǔ nì mà dhò mb nya ndrǔ nì mà dhò dhǐy nya	1			Lendu	train	3.7371709058456046		False	0.26190476190476186	False	4.561783188936033	0.693984962406015	False
f595d0e1832ceab8c935264c25968409	66619	spontaneous-speech-led-66619.mp3	19548	6775	Ì njèy nì njí ngǎ kà bbú mbu ìdhò nì ngów dhò njí nyà ŋǎchú màdhí bbà ó?	Ndrǔ pú nì li-gwíydha yǎddá dho ndrǔ pu nì měya  pbòdha rónga ngéyngéy ní yǎddá dho ddí njǎddí ndrǔ gwiy nì yǎddá měya ronga pbòdha mí tuw ngéyngey ní	1			Lendu	train	6.18989154900757		False	0.2517006802721088	False	4.220512081698943	0.47443609022556393	True
c5df5911e2fe9c37bfe33b1deacd2a9c	63784	spontaneous-speech-led-63784.mp3	19476	6776	Ddudhò à ní lǎní mà rr̀ màdhí dròdró ní ndrǔ chùw?	Ddudhò à ní lǎní mà rř màdhí dròdró ní ndrǔ chuw? dròdró ní ndrǔ dhí lò gwíy nì mà ndèymí à bbú nì mà dho lǎní deydha jì cha mà kà mà déy ndanà mà dyásì nà nì fúddiy dhò à jì mà rř mà dyasi màdhí dròdró ní ndrǔ chuw	1			Lendu	train	8.574655986855618		False	0.31775700934579443	False	3.4541555053822157	0.06766917293233082	True
8acb58a60c926b87d6f906bec0e3c36d	63941	spontaneous-speech-led-63941.mp3	16020	6776	Ddudhò à ní lǎní mà rr̀ màdhí dròdró ní ndrǔ chùw?	Ddudhò à ní lǎní mà rř màdhí dròdró ní ndrǔ chuw? À léy nì ndrǔ tsi nì ka nì ì dò njěy ney	1			Lendu	train	4.307116104868914		False	0.06818181818181823	False	3.4769112711920926	0.07518796992481203	True
789f537bcdf7638af5c97b59bc69a60d	64563	spontaneous-speech-led-64563.mp3	24228	6776	Ddudhò à ní lǎní mà rr̀ màdhí dròdró ní ndrǔ chùw?	À nì lǎní mà rř màdhí ddròddró ní ndrǔ chuw ddudjúddù ndrǔ nì bbalè ma njitsó ì dhìy nì ndrǔ tsì nì lò màtsì nzá  à ji mà rř ddròddró ní bbalè mílò à nì aa djǎnyi nì tdrǎ nì lò kànì nzá nyitsì nì lò fúlò djú ddù lò ma ney ndèynì ndèy njěy nànì à nì jǐ nyi rř djǎnyi chuw	1			Lendu	train	8.66765725606736		False	0.274074074074074	False	4.498767280327869	0.6548872180451127	False
3d6b646c1cb9130eb226ee4110f7995d	64713	spontaneous-speech-led-64713.mp3	18108	6776	Ddudhò à ní lǎní mà rr̀ màdhí dròdró ní ndrǔ chùw?	À rà ley màdhí ddròddró ní ndrǔ chuw rr̀dha rà fúnà lo cha ney lò ma cha ndèy nì shǐ ngǎjìní nì  njúw ndèy màtsò mà dǒw ò ní bbi à ká ndèy ó lò dho màdho mà déy ndanà	1			Lendu	train	6.958250497017892		False	0.13496932515337423	False	4.239155295926605	0.4924812030075188	True
4690939abbaed200afffde0a457f0324	64754	spontaneous-speech-led-64754.mp3	11988	6776	Ddudhò à ní lǎní mà rr̀ màdhí dròdró ní ndrǔ chùw?	À nì lǎní ddiy dhò ndǔdhí ddrǒngónínga dà mà dhí djòluw ndrǔ bbú nì chěy ní lò cha ndèy léy nì mà dhí bba dho dhìy nì	1			Lendu	train	7.590924257590925		False	0.0964912280701754	False	3.644551902909656	0.14962406015037594	True
21fb7f77ccb2d6989e98bcd4edf4c539	64774	spontaneous-speech-led-64774.mp3	25776	6776	Ddudhò à ní lǎní mà rr̀ màdhí dròdró ní ndrǔ chùw?	Màdhí dròdró ní ndrǔ ndrǔ nì nyǔ'wiy nà ndrǔ tsì wánì lò cha mà nì dǎ ndèy òluw děy nzá mà tsì tdè nì fúddiy dhò ya mà rr̀ ndrǔ chuw mà rà chěy ní lò rr̀ ndrǔ dèddù cha ney mà dhó ndanà mà rónga pbò nì fúddiy rà ley mà rà dey lǎní	1			Lendu	train	6.828057107386717		True	0.21585903083700442	False			False
bb53c9cc38fe315d31ecd6251f4b4705	65005	spontaneous-speech-led-65005.mp3	17820	6776	Ddudhò à ní lǎní mà rr̀ màdhí dròdró ní ndrǔ chùw?	Ndaní ndrǔ gwíy mà lò wá nì cha dzakǎ ney ka njey nì ó ddù mà ká dey lǎní bbalè ní nzanà ngǎjìníní lò tsǔw mà kà ò	1			Lendu	train	4.882154882154882		False	0.05405405405405406	False	4.111534717261782	0.4052631578947368	True
b60ffd663a6f4ea05bc69ef86c8ee3e8	65734	spontaneous-speech-led-65734.mp3	11628	6776	Ddudhò à ní lǎní mà rr̀ màdhí dròdró ní ndrǔ chùw?	Fúddiy dhò màdhí ddròddró ní ndrǔ ndrǔ nì nyǔ'wiy mí lò nà ma à ss bba nì fúddiy dhò à kà mà rř ndrǔ chuw mà déy ndrǔ dò nà	1			Lendu	train	8.169934640522875		False	0.1652892561983471	False	3.8995772170895537	0.2849624060150376	True
69460059366eafce16269260ed3e45b0	65771	spontaneous-speech-led-65771.mp3	11088	6776	Ddudhò à ní lǎní mà rr̀ màdhí dròdró ní ndrǔ chùw?	Ndaní mà chǔw bbû ndaní ma tsǐ bbúw ó lò	1			Lendu	train	2.7958152958152955	transcription-length	False	0.08108108108108103	False	4.338714859889595	0.5669172932330827	True
5ead05ed0317f78aa329e93b3f6c2b6c	65969	spontaneous-speech-led-65969.mp3	22068	6776	Ddudhò à ní lǎní mà rr̀ màdhí dròdró ní ndrǔ chùw?	À léy nì ndrǔ dhí tǔwtǔw ní nga njanì ndèy bbalè nyú ddà djú à léy nì lò tsò njúwdha cha ney ndèy nì ndèy sǎ ddǐnga ónì à ngú nì lǎní à mba nì shú ní thíy bbalè kàó	1			Lendu	train	5.664310313576219		False	0.16770186335403725	False	3.3416737667604166	0.03984962406015038	True
eea86ca8ea6b1af65157b06503a99e83	66122	spontaneous-speech-led-66122.mp3	18900	6776	Ddudhò à ní lǎní mà rr̀ màdhí dròdró ní ndrǔ chùw?	Ddròddróní ndrǔ chuw rr̀dha à léy nì mà chuw nì bbû ya nyi chùw bbû ndrǔ dè nyi rà dey bbû nà wá nì nga nà à dho nì ní yà mà nì ndrǔ dò njèy ney	1			Lendu	train	5.7142857142857135		False	0.17730496453900713	False	4.190082947537	0.45263157894736844	True
830ccfbc3f4a54ceb8d849dbfe1b520f	66431	spontaneous-speech-led-66431.mp3	17640	6776	Ddudhò à ní lǎní mà rr̀ màdhí dròdró ní ndrǔ chùw?	Fú nì lêy ndey à kà mà rř ndrǔ chuw ddiydhò ndrǔ nì dròdró ní bbalè má cha ndrǔ dà mà nyúddǎ cho nà nì à léy à kà mà rř ndrǔ chuw fúnì chú rà ley ndey màdhí ddu rà ndèy drr cha bibiliya óddù ddí à tdrà ndèy fùní ní m`a rř dròdró ní bbalè chuw	1			Lendu	train	10.657596371882086		False	0.25619834710743805	False	4.149578709058678	0.4293233082706767	True
9effd7faf8601b37182a0098bf1d23b2	66519	spontaneous-speech-led-66519.mp3	16740	6776	Ddudhò à ní lǎní mà rr̀ màdhí dròdró ní ndrǔ chùw?	À jì mà rř màdhí dròdró ní ndrǔ chuw ddudhò ndrǔ nì bbalè má ì ddà tuwtsò njitsò djú nì ndrǔ nì nyǔ'wiy nà ì nì bbalè mà djòluw tǐ nì	1			Lendu	train	6.212664277180405		False	0.16030534351145043	False	3.6083120750730795	0.1293233082706767	True
f595d0e1832ceab8c935264c25968409	66649	spontaneous-speech-led-66649.mp3	16020	6776	Ddudhò à ní lǎní mà rr̀ màdhí dròdró ní ndrǔ chùw?	À bbú nì bû mà dho gbè yǎddá níchú à rŕ nì lò rr̀dha dròdró nì ndrǔ dèddù à léy nì nzǐ mà tsuw nì ngǎjìní lò njèydha ò màdhí djiy ó	1			Lendu	train	6.30461922596754		False	0.06976744186046513	False	4.342454279975731	0.5691729323308271	True
8acb58a60c926b87d6f906bec0e3c36d	63913	spontaneous-speech-led-63913.mp3	18720	6777	Mbwà mí lò tdràdha ndèyli dhò dhó lěy ndèyli mbr ndèy ŋǎchú ndèymí à dhó ndèyli thíy mí nga ddéydha pè ŋǎchú?	Mbwa mí lò tdràdha ndeyli dhò dho ley ndeyli mbr ndèy ŋáchú ndèymí à dhó ndeyli thíy mí nga ddéydha pèy ŋáchú? À dho ley ndeyli déy zòw nà drǒ ndèy thíy ò	1			Lendu	train	6.517094017094018		False	0.2582781456953642	False	4.336393556179218	0.5654135338345865	True
5ead05ed0317f78aa329e93b3f6c2b6c	64136	spontaneous-speech-led-64136.mp3	20916	6777	Mbwà mí lò tdràdha ndèyli dhò dhó lěy ndèyli mbr ndèy ŋǎchú ndèymí à dhó ndèyli thíy mí nga ddéydha pè ŋǎchú?	Ndeyli dho ndèy mb ngǎjìní ndèy thíy ò ya nyi nì lǎní lò tdrǎ fúddiy rà ley nzǐ ddíyà fú li rà nyìmí lò tduw lǎní lò ní à léy ndeyli dhíy nga ddéydha nyi ó lò wá lǎní nì djú gu	1			Lendu	train	6.454388984509467		False	0.16763005780346818	False	4.074924769131811	0.39323308270676693	True
da097b556a52dc7d273093cf8ce97abd	64234	spontaneous-speech-led-64234.mp3	11556	6777	Mbwà mí lò tdràdha ndèyli dhò dhó lěy ndèyli mbr ndèy ŋǎchú ndèymí à dhó ndèyli thíy mí nga ddéydha pè ŋǎchú?	Mbwa mí lò tdràdha ndeylí dhò ddì nì à léy ndeyli ngú thǒw-dja ní à a rwo nì mî à léy ndeylí ngú ley-dja ní	1			Lendu	train	7.182416060920733		False	0.20192307692307687	False	4.652211891354013	0.7398496240601504	False
21fb7f77ccb2d6989e98bcd4edf4c539	64300	spontaneous-speech-led-64300.mp3	23148	6777	Mbwà mí lò tdràdha ndèyli dhò dhó lěy ndèyli mbr ndèy ŋǎchú ndèymí à dhó ndèyli thíy mí nga ddéydha pè ŋǎchú?	Mbwa mí lò à léy nì bbalè thíy bbalè dhí precha djéy nì ru bbalè thíy ónga ddí sa nì ndèy bbalè fungá ndrò tsuw nì li kǎ à sí nì lǎnà ní déydha li kǎ nì fúddiy lêy ddíyà fúddiy léy nì ndeylí mí lò ka dho rr̀ ddíyà dòng nzǐ	1			Lendu	train	7.387247278382581		False	0.2374429223744292	False	4.737000145819018	0.7781954887218046	False
4690939abbaed200afffde0a457f0324	64478	spontaneous-speech-led-64478.mp3	12456	6777	Mbwà mí lò tdràdha ndèyli dhò dhó lěy ndèyli mbr ndèy ŋǎchú ndèymí à dhó ndèyli thíy mí nga ddéydha pè ŋǎchú?	À dho ley ndeyli mí deydha sa ndèy lǎní lò ró cha nyi kà nyi tdrǎ nì à ley ndeyli mí lò déy wá nyi thíy ò ngǎjìní	1			Lendu	train	6.904303147077714		False	0.17272727272727273	False	4.600725001360756	0.7165413533834587	False
bb53c9cc38fe315d31ecd6251f4b4705	64511	spontaneous-speech-led-64511.mp3	14148	6777	Mbwà mí lò tdràdha ndèyli dhò dhó lěy ndèyli mbr ndèy ŋǎchú ndèymí à dhó ndèyli thíy mí nga ddéydha pè ŋǎchú?	Mbwa mí lò tdràdha-dja léy bbalè ndo ì bbakǎ ndeyli mà píy ì ónga bbalè dhey ì bbalè hwi ì	1			Lendu	train	5.018377155781736		False	0.13793103448275867	False	4.285099609760733	0.5285714285714286	True
830ccfbc3f4a54ceb8d849dbfe1b520f	65057	spontaneous-speech-led-65057.mp3	21888	6777	Mbwà mí lò tdràdha ndèyli dhò dhó lěy ndèyli mbr ndèy ŋǎchú ndèymí à dhó ndèyli thíy mí nga ddéydha pè ŋǎchú?	Fú mbwa mí lò tdràdha à rà ley ndeyli thíy rà njàddí sâ nà presha mà ddí chùw fú mbwa mí lò tdràdha njàddí sâ nà à ley ndeyli dho nzǐ ddíyà nyǐ ngá lò jì ddíyàchú ddu djúddù nyi tey nì mbwa mí lò drǒ bbalè dho ddíyà à ley  ddiyà nzǐ ndeyli ji nyi nyǐngá lò jì ó chú wá ney ndèy nì nì	1			Lendu	train	9.914108187134502		False	0.32499999999999996	False	4.293457620140861	0.5360902255639097	True
eea86ca8ea6b1af65157b06503a99e83	65067	spontaneous-speech-led-65067.mp3	16956	6777	Mbwà mí lò tdràdha ndèyli dhò dhó lěy ndèyli mbr ndèy ŋǎchú ndèymí à dhó ndèyli thíy mí nga ddéydha pè ŋǎchú?	À dho ley ndeyli dho li thíy mí dhi chùw fú mbwa mí lò tdràdha nà njàddí sâ nà fú ndeyli dho dhì ddí fú lò kàòluw à thíy nì ndèy pěy ddiydhò	1			Lendu	train	6.369426751592357		False	0.15328467153284675	False	3.5682511311576746	0.11428571428571428	True
b60ffd663a6f4ea05bc69ef86c8ee3e8	65252	spontaneous-speech-led-65252.mp3	21888	6777	Mbwà mí lò tdràdha ndèyli dhò dhó lěy ndèyli mbr ndèy ŋǎchú ndèymí à dhó ndèyli thíy mí nga ddéydha pè ŋǎchú?	Mbwa mí lò tdràdha ndeyli dho à dho ley ndeyli thíy dho ndèy pèy rŕ pressure mí dhi nà ndeyli dho chèy gudjò ddí ndeylí dho dhì ddí à kà nzá mbwa mí lò mà tdrǎ ddìddì ní li dhò kpe	1			Lendu	train	6.44188596491228		False	0.2078651685393258	False	4.6329092777203496	0.7300751879699248	False
f1a9e65b853cca9c7a61a76ceeba58e2	65447	spontaneous-speech-led-65447.mp3	20628	6777	Mbwà mí lò tdràdha ndèyli dhò dhó lěy ndèyli mbr ndèy ŋǎchú ndèymí à dhó ndèyli thíy mí nga ddéydha pè ŋǎchú?	À rà thǒw bbu ndèyli ò ndeyli rà lò tèy swà nzá ndèy kâ nì à rà ddeydha bbu à dhò ndèy ka jì nzá ka ndrò ndèy á wò ndèy ka nì njǎ ngǎjìní	1			Lendu	train	4.993213108396354		False	0.20895522388059706	False	6.075252705202781	0.9887218045112782	False
789f537bcdf7638af5c97b59bc69a60d	65512	spontaneous-speech-led-65512.mp3	19908	6777	Mbwà mí lò tdràdha ndèyli dhò dhó lěy ndèyli mbr ndèy ŋǎchú ndèymí à dhó ndèyli thíy mí nga ddéydha pè ŋǎchú?	Mba ní lò tdràdha ndeyli dhò à sa ndeyli jùw mba ní lò tdràdha à léy ndeyli grr̀ low  ndèy nì mba ní lò tdràdha à léy ndeylí jùw pey ndèy má thíy dhì kà dho ndeylí lòw sáwà chú	1			Lendu	train	6.83142455294354		False	0.36994219653179194	False	5.0826429785425224	0.8857142857142857	False
9effd7faf8601b37182a0098bf1d23b2	65531	spontaneous-speech-led-65531.mp3	19080	6777	Mbwà mí lò tdràdha ndèyli dhò dhó lěy ndèyli mbr ndèy ŋǎchú ndèymí à dhó ndèyli thíy mí nga ddéydha pè ŋǎchú?	Mbwa mí lò tdradha ndeyli dhò à dho ley ndeyli dho rà ndèy dyà à dho ley ndeyli dho nzá ndèy kà ní lò njèy	1			Lendu	train	4.297693920335429		False	0.3203883495145631	False	4.041639257651516	0.37593984962406013	True
f595d0e1832ceab8c935264c25968409	65947	spontaneous-speech-led-65947.mp3	15588	6777	Mbwà mí lò tdràdha ndèyli dhò dhó lěy ndèyli mbr ndèy ŋǎchú ndèymí à dhó ndèyli thíy mí nga ddéydha pè ŋǎchú?	Mbwa mí lò tdràdha à léy ndeyli thíy déy zòw nà à léy fú ndeyli rr kow ndìy cha chěy ní lò róddù à tdè ddey ndèy njěy nì	1			Lendu	train	5.90197587888119		False	0.11111111111111116	False	4.2044031861747095	0.462406015037594	True
3d6b646c1cb9130eb226ee4110f7995d	66017	spontaneous-speech-led-66017.mp3	19656	6777	Mbwà mí lò tdràdha ndèyli dhò dhó lěy ndèyli mbr ndèy ŋǎchú ndèymí à dhó ndèyli thíy mí nga ddéydha pè ŋǎchú?	À dho ley ndeyli thíy dho ndèy pèy ngǎ ro ndeyli dho ndèy ónga ki nwǎŋú ddiy nì ngá à dho li tsotso kwo nì mbwa mí lò nà	1			Lendu	train	4.680504680504681		False	0.1709401709401709	False	3.907544500628263	0.29172932330827067	True
69460059366eafce16269260ed3e45b0	66119	spontaneous-speech-led-66119.mp3	11700	6777	Mbwà mí lò tdràdha ndèyli dhò dhó lěy ndèyli mbr ndèy ŋǎchú ndèymí à dhó ndèyli thíy mí nga ddéydha pè ŋǎchú?	À dho li ndòdha mbà à dho jǐ tsa ngu njàddí nga nà	1			Lendu	train	3.2478632478632474		False	0.04255319148936165	False	5.089117676169883	0.8879699248120301	False
21fb7f77ccb2d6989e98bcd4edf4c539	64240	spontaneous-speech-led-64240.mp3	14580	6778	Ddudhò ndèy li dhò jì ndèy bbǎ ndèy mí děydha mí bba ndèy rà dèy ddrǒngó ní bba ò?	Drǒngó ní bba ò ka ra nì dey ya nyi chùw mb nì ney nyi dhokpǎ mb kǎ nzá bbakǎ nga nà mb nà ka déy nì drǒngó ní ngà cha ney mùsùrúsà nì mí nga mí bba ó	1			Lendu	train	7.681755829903978		False	0.19047619047619047	False	4.553962014488283	0.687218045112782	False
f1a9e65b853cca9c7a61a76ceeba58e2	64508	spontaneous-speech-led-64508.mp3	24480	6778	Ddudhò ndèy li dhò jì ndèy bbǎ ndèy mí děydha mí bba ndèy rà dèy ddrǒngó ní bba ò?	Ndèy chǔw njí cha ndèy dho ndèy tsotso kwo děy ndèy nì djiy ní í dziylíy djú ro ndèy ká nděyngá nzòw tsotso kwo ndanà áẁ ndèy ká ndèymí dùdú ngéyngéy ní ddiy njèy fú tuw tsò fú tuwtsò òluw mí fràngà bàdha mî	1			Lendu	train	6.740196078431373		False	0.19999999999999996	False	4.301484994710855	0.5413533834586466	True
830ccfbc3f4a54ceb8d849dbfe1b520f	64529	spontaneous-speech-led-64529.mp3	19908	6778	Ddudhò ndèy li dhò jì ndèy bbǎ ndèy mí děydha mí bba ndèy rà dèy ddrǒngó ní bba ò?	Dziylíy mí zòw léy nì ndey ka ra nì dòw dròdró ní nga ó njàddí sâ ó rr̀dha ma ndèy nì ngǎ nyì kàó bba kǎ nì chú rà ley ndey nyi rà rà dey ddíyà ngéy ní nga ó nyi djùkpa chǔw vi ddíyà fulè fúnì chú léy nì ka rà nì dòw drǒngó ní ngòw ó	1			Lendu	train	8.840667068515168		False	0.21739130434782605	False	4.212696039878053	0.4699248120300752	True
789f537bcdf7638af5c97b59bc69a60d	65071	spontaneous-speech-led-65071.mp3	27000	6778	Ddudhò ndèy li dhò jì ndèy bbǎ ndèy mí děydha mí bba ndèy rà dèy ddrǒngó ní bba ò?	Ndeyli ji dho jì ndèy bbǎ bbakǎ nga ndèy rǎ ddrǒngó ní bba ò à í lò djúddù, ndeyli nì ddiy ónga dzźdha nà ro ndeyli nì ndèy drr ndèy rǎ gòna njitsò djò a a ndeyli rà bba kǎ nga bbà njàddí sâ djò nwǎŋú lò ka jì fú li nzá fú bba  kǎ rà fú bba kǎ nga bbà à rà rà ddrǒngó ní bba ò	1			Lendu	train	7.74074074074074		True	0.2992700729927007	False			False
5ead05ed0317f78aa329e93b3f6c2b6c	65168	spontaneous-speech-led-65168.mp3	26820	6778	Ddudhò ndèy li dhò jì ndèy bbǎ ndèy mí děydha mí bba ndèy rà dèy ddrǒngó ní bba ò?	Mí lò-tey nì nyi nì dey mí ngǎ zòw mí klôw nì drǒ nyi rà jì nyi rǎ rwo nì nyi rà jì nyi chùw dhǐy  cha ney ndèy dho ley nyimí njitsò djúnga déy lǎní nì mí nga njàddí nì nyi rà jì nyi chǔw ní nyǔ'wiy	1			Lendu	train	5.592841163310962		True	0.27179487179487183	False			False
4690939abbaed200afffde0a457f0324	65177	spontaneous-speech-led-65177.mp3	18216	6778	Ddudhò ndèy li dhò jì ndèy bbǎ ndèy mí děydha mí bba ndèy rà dèy ddrǒngó ní bba ò?	Ndaní ndèy rǎ dhǐy chuw ndaní ndèy rǎ lǎní deydha chuw ndèymí bba nà ndaní ndèy déy chow  ddǎwà dzà nà	1			Lendu	train	4.446640316205533		False	0.2727272727272727	False	4.195584765853774	0.456390977443609	True
eea86ca8ea6b1af65157b06503a99e83	65221	spontaneous-speech-led-65221.mp3	20736	6778	Ddudhò ndèy li dhò jì ndèy bbǎ ndèy mí děydha mí bba ndèy rà dèy ddrǒngó ní bba ò?	Ya dziylíy mí zòw nì ney ro ndeyli dho nděyngá bbàkà ó nga bba njàddí sânà ya zòw nì ney bbakà ò ndeyli dho rà mbr mèy njàddí sânà ya ndeyli mà nì ì rř nzǐ ì kà ó bbakà ó ndeyli dho rà nděyngá bbakà ó nga bbà	1			Lendu	train	7.764274691358024		False	0.3932038834951457	False	4.314037149393938	0.5526315789473685	True
bb53c9cc38fe315d31ecd6251f4b4705	65286	spontaneous-speech-led-65286.mp3	15660	6778	Ddudhò ndèy li dhò jì ndèy bbǎ ndèy mí děydha mí bba ndèy rà dèy ddrǒngó ní bba ò?	Ndeyli jì ndèy rǎ ndrǒngó ní bba ò ndaní ndèy rǎ mb chùw fulè à kwo ndèy tsotso lò wánì ó ndèy nì njěy nì à ká ngu nděy ngá bba pbò lǎní fú lò dho	1			Lendu	train	7.088122605363985		False	0.13286713286713292	False	4.6591404851758975	0.7466165413533835	False
b60ffd663a6f4ea05bc69ef86c8ee3e8	65586	spontaneous-speech-led-65586.mp3	12420	6778	Ddudhò ndèy li dhò jì ndèy bbǎ ndèy mí děydha mí bba ndèy rà dèy ddrǒngó ní bba ò?	À dho jì ndèy bbǎ ndèymí bba ddiydhò laní lò nì ngǎ ddiydhò fú bba ó ndèymí nzòw nì dhǐy dhìdha ní njàddí ddiy ka nì à jǐ nzǐ fú bba ó	1			Lendu	train	8.293075684380032		False	0.19083969465648853	False	4.626367634780675	0.7263157894736842	False
da097b556a52dc7d273093cf8ce97abd	66112	spontaneous-speech-led-66112.mp3	20196	6778	Ddudhò ndèy li dhò jì ndèy bbǎ ndèy mí děydha mí bba ndèy rà dèy ddrǒngó ní bba ò?	Ddì nì ddiy nì ma ndèyli dho ndèymí bbakà ó nga bbà ndèy rǎ dey ddrǒngóní bba ò nì ya lò nì ndèy nzá ro rwo nì mî ya dhǐy nì ngǎ gbow nì mî ya mbr chùwdha nì kpákpá	1			Lendu	train	6.189344424638541		False	0.16770186335403725	False	3.883363351029669	0.2729323308270677	True
69460059366eafce16269260ed3e45b0	66132	spontaneous-speech-led-66132.mp3	18216	6778	Ddudhò ndèy li dhò jì ndèy bbǎ ndèy mí děydha mí bba ndèy rà dèy ddrǒngó ní bba ò?	Njí mèydha dhò ndeyli dho bbà ǎngá bba ngúw mí zòw ddí dho ley ndeyli bbǎ cha ndèy déy nì mí nga ó à ká rà ngéy ní nga ò	1			Lendu	train	4.995608256477821		False	0.10256410256410253	False	4.539362886471019	0.681203007518797	False
9effd7faf8601b37182a0098bf1d23b2	66538	spontaneous-speech-led-66538.mp3	19836	6778	Ddudhò ndèy li dhò jì ndèy bbǎ ndèy mí děydha mí bba ndèy rà dèy ddrǒngó ní bba ò?	Ya ka ndrò nyi nyi nì nyi dho bba ka ó nga bbà ya nyi nì business njěy cha ndèy dho nyi tsotso kwo li nì nú wá nì nyi dho bba kǐnga ddà	1			Lendu	train	5.14216575922565		False	0.26515151515151514	False	5.2788595277522905	0.9240601503759398	False
f595d0e1832ceab8c935264c25968409	66624	spontaneous-speech-led-66624.mp3	16056	6778	Ddudhò ndèy li dhò jì ndèy bbǎ ndèy mí děydha mí bba ndèy rà dèy ddrǒngó ní bba ò?	Njàddí ndrǔ kow nì ì sà lò ro à rà ngu dròdró nì bba ò njàddí ndrǔ ra nì dàrázà mí tuw měy njàddí ndrǔ ra nì dùdú ní mb díydha mí tuw mèy dròdró ní bba ò	1			Lendu	train	7.224713502740408		False	0.2866666666666666	False	3.974430027971546	0.33383458646616543	True
c5df5911e2fe9c37bfe33b1deacd2a9c	63773	spontaneous-speech-led-63773.mp3	19008	6779	Nyi rá jì nyì déy ŋǎchú cho mbu nì dzzdjú?	Nyi rá jì nyi déy ŋǎchú cho mbu nì dzzdjú cho mbu nì dzzdjú à rà jì mà dzž pikipiki ma léy màtsá ngba sǒ pbǔw à shǐ senior za nì ò ndèymí ma sš màtsá dza cha ma dho dey ǒmá nì	1			Lendu	train	7.102272727272728		False	0.15517241379310343	False	4.084893650829297	0.39849624060150374	True
8acb58a60c926b87d6f906bec0e3c36d	63997	spontaneous-speech-led-63997.mp3	11520	6779	Nyi rá jì nyì déy ŋǎchú cho mbu nì dzzdjú?	Nyi rá jì nyi déy ŋǎchú cho mbu nì dzzdjú? Ma rà jì ma sš lǎní dza	1			Lendu	train	4.427083333333334		False	0.015625	False	4.358750816789762	0.5774436090225564	True
eea86ca8ea6b1af65157b06503a99e83	64645	spontaneous-speech-led-64645.mp3	18360	6779	Nyi rá jì nyì déy ŋǎchú cho mbu nì dzzdjú?	Cho mbu nì dzzdjú ma rà jì ma sš klǒw klǒw ní dza màdhínga bbakàó ma rà jì ma sí li dhokpa nà ka njey nì njí mí sòmò ma rà jì ma njǎ màtsángá nzòw djúnga fú ndrǔ rǎ sòmù ò lǎní	1			Lendu	train	7.352941176470589		False	0.16666666666666663	False	3.8899141357582363	0.2789473684210526	True
b60ffd663a6f4ea05bc69ef86c8ee3e8	64746	spontaneous-speech-led-64746.mp3	18540	6779	Nyi rá jì nyì déy ŋǎchú cho mbu nì dzzdjú?	Cho mbu nì dzzdjú mà ni jǐ ya ngǎ ro ma dzž pikipiki ká ngǎ ro madzž gǎrì ya ngǎ ro ma ka dza ss̀ bbàtì dzà à ká dey ney madhò fú nì ddiy ma nì jǐ cho mbu nì dzzdjú ma njě nì nì fu	1			Lendu	train	7.335490830636462		False	0.2849162011173184	False	4.447147518075426	0.631578947368421	False
789f537bcdf7638af5c97b59bc69a60d	64769	spontaneous-speech-led-64769.mp3	19548	6779	Nyi rá jì nyì déy ŋǎchú cho mbu nì dzzdjú?	Cho mbu nì dzzdjú à nì jǐ ma sš ngbá ní dza cho mbu nì dzzdjú à nì jǐ ma drr màtsá sòdha cho mbu nì dzzdjú à nì jǐ ma rǎ bbiy rútsò djú dziylíy ò ddí ma rǎ rútsò djò  ndèy  njǎ nà nì lò jì ddí ma njǎ ma djukpa nga ká chěy ní lò chùw	1			Lendu	train	8.8500102312257		False	0.33913043478260874	False	4.671321220915126	0.7518796992481203	False
4690939abbaed200afffde0a457f0324	64929	spontaneous-speech-led-64929.mp3	23616	6779	Nyi rá jì nyì déy ŋǎchú cho mbu nì dzzdjú?	Cho mbu nì dzzdjú à kà ma léy màtsá nzòw tsǔw rú nì sòmù dzà ò ndaní ndrǔ chǔw lǎní nyǔ'wiy ma sš lǎní dza ndèymi ma déy lǎní bbalè nà bbakàó	1			Lendu	train	4.70020325203252		False	0.07913669064748197	False	3.685684910101505	0.16390977443609023	True
830ccfbc3f4a54ceb8d849dbfe1b520f	65428	spontaneous-speech-led-65428.mp3	25416	6779	Nyi rá jì nyì déy ŋǎchú cho mbu nì dzzdjú?	Ya cho mbu nì dzzdjú ma rà jì ma déy sárŕ ní dza nà ma sš sárŕ ní dza ya ma ss̀ sárŕ ní dza ma chó màtsá nzòw ddí rǎ sukul ò ndrǔ rǎ nyǔ'wiy chùw ndaní ya ndrǔ chùw nyǔ'wiy lǎní ndrǔ ddí ka mà ma rr̀dja cha ma dey lò njěy nyǔ'wiy nà ndrǔ ddí drř ddíyà drr̀ ní nyǔ'wiy nà ddíyà njitsò djò	1			Lendu	train	8.892036512433112		True	0.3044982698961938	False			False
69460059366eafce16269260ed3e45b0	65753	spontaneous-speech-led-65753.mp3	14328	6779	Nyi rá jì nyì déy ŋǎchú cho mbu nì dzzdjú?	Ma dzz pìkìpíkì ma déy dza nà ma kwó màtsá ngá nzòw tsotso ndrǔ rǎ sòmù ò ma déy LC I	1			Lendu	train	4.536571747627024		False	0.07317073170731703	False	3.7309777382545595	0.18421052631578946	True
da097b556a52dc7d273093cf8ce97abd	65940	spontaneous-speech-led-65940.mp3	21060	6779	Nyi rá jì nyì déy ŋǎchú cho mbu nì dzzdjú?	Cho mbu nì dzzdjú à jì ma déy ddiy nà ma dzžwò ní gǎr, ma dzž wò ní pìkipíkì, ma sš wò ní dza àa fú ddiy dzzzdjú ma léy màtsá ngba à rǎ dàrázà àa ma njěy ma dzž àa měya ní ddiy à déy nèy bba kǎ	1			Lendu	train	7.0750237416904085		False	0.22164948453608246	False	4.266052984700413	0.5165413533834586	True
9effd7faf8601b37182a0098bf1d23b2	66094	spontaneous-speech-led-66094.mp3	18180	6779	Nyi rá jì nyì déy ŋǎchú cho mbu nì dzzdjú?	Cho mbu nì dzzdjú ma rà jì màtsá wánì lò jì li ndèy à bbíy  ddí lǎnà cho mbu nì dzzdjú ma rà jì ma léy màtsá ngba má  ndèy nì nǎsàri ónì à tsǔw primary ò	1			Lendu	train	6.325632563256326		False	0.22666666666666668	False	4.440540272105738	0.6285714285714286	False
bb53c9cc38fe315d31ecd6251f4b4705	66369	spontaneous-speech-led-66369.mp3	20916	6779	Nyi rá jì nyì déy ŋǎchú cho mbu nì dzzdjú?	Ma rà klǒw ní dza ss̀, ma rà mèddá tdòw ma rà nga bbì lèy ndaní à ká ma tsotso kwo cho mbu nì dzzdjú ndaní ma ká dey ddí njàddí bbalè níchú	1			Lendu	train	5.1157008988334285		False	0.1029411764705882	False	4.380154734596315	0.5932330827067669	True
5ead05ed0317f78aa329e93b3f6c2b6c	66598	spontaneous-speech-led-66598.mp3	17676	6779	Nyi rá jì nyì déy ŋǎchú cho mbu nì dzzdjú?	Cho mbu nì dzzdjú ma rà jì ma déy ney ddiy nà ma dzž mutukari ma sš dza ǐngí ma chǔw dziylíy	1			Lendu	train	4.12989364109527		False	0.06593406593406592	False	3.992759011196924	0.3443609022556391	True
c5df5911e2fe9c37bfe33b1deacd2a9c	63873	spontaneous-speech-led-63873.mp3	20160	6780	Ddudhò à ní lǎní mà bbǎ ley ní sukari mbrudha ndaní à kwó mà tsòtsò lǎní li rónga mí déydha dhò?	Ddudhò à ní lǎní mà bbǎ lèy ní sùkárì mbr̀dha ndaní à kwó mà tsotso lǎní li-rónga mí deydha dhǒ? Ley ní sùkárì mbrdha nyá nì dhi ndèymí fúnì mbanì tǔwtǔw ní nga li dhò	1			Lendu	train	6.597222222222222		False	0.14634146341463417	False	3.7224737204224754	0.17819548872180452	True
b60ffd663a6f4ea05bc69ef86c8ee3e8	64495	spontaneous-speech-led-64495.mp3	19296	6780	Ddudhò à ní lǎní mà bbǎ ley ní sukari mbrudha ndaní à kwó mà tsòtsò lǎní li rónga mí déydha dhò?	À nì lǎní ma dho mà bbǎ sukari mbrr̀dha ddùwddùw ní nì nzá nà à léy mà rǎ sukari mí dhi chùw nzá nà à léy lò wánì déy màdho klǒw  ma ronga vukavu ddí rà tdè ngǎ mà rà mà nza sukari mí dhi nà ddrǒ	1			Lendu	train	7.669983416252073		False	0.22395833333333337	False	4.564892302243247	0.6962406015037594	False
4690939abbaed200afffde0a457f0324	64650	spontaneous-speech-led-64650.mp3	11736	6780	Ddudhò à ní lǎní mà bbǎ ley ní sukari mbrudha ndaní à kwó mà tsòtsò lǎní li rónga mí déydha dhò?	Lèy ní shùkárì mbrdha nyá nì dhi mà zá ò cha ndèy sídha ddúw nì nga nì	1			Lendu	train	4.601226993865031		False	0.04477611940298509	False	5.146684304590784	0.9	False
789f537bcdf7638af5c97b59bc69a60d	64730	spontaneous-speech-led-64730.mp3	19980	6780	Ddudhò à ní lǎní mà bbǎ ley ní sukari mbrudha ndaní à kwó mà tsòtsò lǎní li rónga mí déydha dhò?	Sùkárì mbrdha lèy ní nì à nì ngǎ lǎní ddu djúddù sùkárì à nì dhi ya nyi mbr má kà dà lèy nì nyi rà chùw kà rà dhí tdiytdiy ní nya nyi rò ma mí dhi à rà nyi dhò ngǎjìní lò mbà njàddí itsś djú nyi rà nyi nza lèy	1			Lendu	train	7.957957957957958		False	0.2222222222222222	False	4.820875072495526	0.812781954887218	False
830ccfbc3f4a54ceb8d849dbfe1b520f	64778	spontaneous-speech-led-64778.mp3	22320	6780	Ddudhò à ní lǎní mà bbǎ ley ní sukari mbrudha ndaní à kwó mà tsòtsò lǎní li rónga mí déydha dhò?	Sùkárì mí dhi à tde nì ngǎjìní dhi ma cha à léy nì nza mà ní nì ddiy bbi nì ndèy ddíyà nzǐ njàddí sâ ró à léy ddíyà màdhí nzòw dhotsò kwódha ddí tde nì klǒw mà dho cha à kà tdè mà chó ndrǔ rǎ sò ò nì nzǐ mà rà ndrǔ cho sùkúl ò fúnìchú à rà ji mà déy sùkárì mbr nzǐ	1			Lendu	train	8.915770609318995		False	0.1954022988505747	False	4.00213414361289	0.35413533834586464	True
5ead05ed0317f78aa329e93b3f6c2b6c	65260	spontaneous-speech-led-65260.mp3	18396	6780	Ddudhò à ní lǎní mà bbǎ ley ní sukari mbrudha ndaní à kwó mà tsòtsò lǎní li rónga mí déydha dhò?	Ndaní mà pbǒ màdhí djiy ró nga deydha nà lǎní ndaní à bbú nì sâ màdho cha ney màdho ndanà màdhí nzòw tsotso kwo ndrǔdhí somu mí lò ó nì	1			Lendu	train	5.762122200478364		False	0.12878787878787878	False	3.1261327549876046	0.015037593984962405	True
bb53c9cc38fe315d31ecd6251f4b4705	65667	spontaneous-speech-led-65667.mp3	18216	6780	Ddudhò à ní lǎní mà bbǎ ley ní sukari mbrudha ndaní à kwó mà tsòtsò lǎní li rónga mí déydha dhò?	Nzǐ mà mbrǔ sùkárì ddrǒ mà lǒw ddǎwà nzánà sukari mí dhi à lǒw mà ndaní mà ká dey màrónga nà vukavu ní nì	1			Lendu	train	4.501537110232762		False	0.05882352941176472	False	4.679444288906704	0.7548872180451128	False
69460059366eafce16269260ed3e45b0	65854	spontaneous-speech-led-65854.mp3	9000	6780	Ddudhò à ní lǎní mà bbǎ ley ní sukari mbrudha ndaní à kwó mà tsòtsò lǎní li rónga mí déydha dhò?	Nzánà mà chǔw dhi ndaní mà rónga dey vukavu	1			Lendu	train	3.888888888888889		True	0.025000000000000022	False			False
f1a9e65b853cca9c7a61a76ceeba58e2	65954	spontaneous-speech-led-65954.mp3	14616	6780	Ddudhò à ní lǎní mà bbǎ ley ní sukari mbrudha ndaní à kwó mà tsòtsò lǎní li rónga mí déydha dhò?	Nzánà à bbúwò ní dhi mà dhò nzánà à rǎ dey mà ley nzadha ò cha màdhí ney mà dho dey lǎní ní sâ ó	1			Lendu	train	4.926108374384237		False	0.13978494623655913	False	4.863913602379518	0.8293233082706767	False
9effd7faf8601b37182a0098bf1d23b2	66321	spontaneous-speech-led-66321.mp3	17100	6780	Ddudhò à ní lǎní mà bbǎ ley ní sukari mbrudha ndaní à kwó mà tsòtsò lǎní li rónga mí déydha dhò?	Mà bbǎ lèy ní sukari mbr̀dha ndaní nzǐ à mbǎ ngéyngéy ní dhi bbalè ndèy nì ney í dziylíy djú nì màdhò	1			Lendu	train	4.678362573099415		False	0.05102040816326525	False	3.9608096526343646	0.324812030075188	True
eea86ca8ea6b1af65157b06503a99e83	66390	spontaneous-speech-led-66390.mp3	17496	6780	Ddudhò à ní lǎní mà bbǎ ley ní sukari mbrudha ndaní à kwó mà tsòtsò lǎní li rónga mí déydha dhò?	Ndaní nzǐ mà chǔw sukari dhì ndaró mà ká dey dziylíy djú vukavu nì mà rónga nà ndeyró nzǐ mà dhǐ dèy ddùwà ní děy màdhí nzòw nì ì gwíy ddiydho  ddiy nà	1			Lendu	train	6.7443987197073625		False	0.08783783783783783	False	4.6365513721818665	0.7308270676691729	False
3d6b646c1cb9130eb226ee4110f7995d	66398	spontaneous-speech-led-66398.mp3	16848	6780	Ddudhò à ní lǎní mà bbǎ ley ní sukari mbrudha ndaní à kwó mà tsòtsò lǎní li rónga mí déydha dhò?	Nzá nà mà chùw ò ní sukàri mí dhi ndèymí mà bbǒ mà ró nga fú dhi ró ddù nzá nà mà dhǐ ò ní fú dhi sukari mî nà	1			Lendu	train	4.807692307692308		False	0.19626168224299068	False	4.429249643456501	0.6210526315789474	False
f595d0e1832ceab8c935264c25968409	66465	spontaneous-speech-led-66465.mp3	13356	6780	Ddudhò à ní lǎní mà bbǎ ley ní sukari mbrudha ndaní à kwó mà tsòtsò lǎní li rónga mí déydha dhò?	Ndaní à léy nzǐ mà chǔw sukárì dhì ndaní à léy sukari mí level à déy lǎ ní kàdhírì ó mà za ò luw	1			Lendu	train	5.465708295896976		False	0.10752688172043012	False	4.362432823142351	0.5804511278195489	True
c5df5911e2fe9c37bfe33b1deacd2a9c	63793	spontaneous-speech-led-63793.mp3	23040	6781	Ya mà chùw mà nì ngǎ shú ní déydha nà màdhí bba ó ro, à jì mà njèy ddù?	Ya mà chùw mà nì ngǎ shú ní deydha nà màdhí bba ó ro à jǐ mà njěy ddu? À jì mà njúw bbalè tsò mà tdrǎ fú ndrǔ dhò fú ngǎjìní deydha jì má ka nì dey ndanà nì ndèymí mà gwíy bbalè lǎní deydha jì nà cha mà dho dey fú ndrǔ nà ddiy	1			Lendu	train	7.421875		False	0.2376681614349776	False	3.467699161335874	0.07067669172932331	True
8acb58a60c926b87d6f906bec0e3c36d	63964	spontaneous-speech-led-63964.mp3	19476	6781	Ya mà chùw mà nì ngǎ shú ní déydha nà màdhí bba ó ro, à jì mà njèy ddù?	Ya mà chùw mà nì ngǎ shú ní déydha nà màdhí bba ó ro à jì mà njěy ddu? à jì mà njúw bbalè tsò mà gwíy ndrǔ shú ní thíy rónga ndèy mbr nì lò nà	1			Lendu	train	5.442596015608955		False	0.13669064748201443	False	3.147007005148379	0.017293233082706767	True
4690939abbaed200afffde0a457f0324	64127	spontaneous-speech-led-64127.mp3	19980	6781	Ya mà chùw mà nì ngǎ shú ní déydha nà màdhí bba ó ro, à jì mà njèy ddù?	À kà ma mbǎ dròdró ní ndrǔ ndaní à thǐ mà kàó lò à jì mà mbǎ ss la-dzàdha-djá cha ney ì dho bba rónga pbò nì ndaní lò wánì déy lǎní shúní thíy ká dey ddí bbalè kàó	1			Lendu	train	6.256256256256256		False	0.0625	False	3.8994918754092964	0.28421052631578947	True
789f537bcdf7638af5c97b59bc69a60d	64244	spontaneous-speech-led-64244.mp3	22788	6781	Ya mà chùw mà nì ngǎ shú ní déydha nà màdhí bba ó ro, à jì mà njèy ddù?	Ya ma nì dey ngǎ shú ní déydha nà màdhí bba ó ro à jì ma njúw ma dròdró ní bbalè nà má ney cha ì tsì lò nà nì ka dhǒ ma dhò lò má cha ney ndèy nà nì rwo nì mî ya ma nì ngǎ shú shú ní thíy nà déydha nà màdhí bba ó ro ma njěy lǎní ma bbǎ fú bbakǎ nga ma rǎ ngéy ní bbalè kàò má cha ney ma dho lǎní nga shùw dha nà nì	1			Lendu	train	10.136914165350184		False	0.34083601286173637	False	3.711256321202247	0.17293233082706766	True
21fb7f77ccb2d6989e98bcd4edf4c539	64314	spontaneous-speech-led-64314.mp3	23760	6781	Ya mà chùw mà nì ngǎ shú ní déydha nà màdhí bba ó ro, à jì mà njèy ddù?	À jì mà njúw dji mà tsò ddǐngǎ mà těy lò ddǐngǎ njàddíli ddá nji ndèy thíy ó lò ndeyní mà tsǐ ŋá lò chú ná ndey shú nga dda mà kàóddù ndeyní mà sí fú lò mà kǎddù ndeyní mà ngú mà shú ní nga nà mà kǎ fú nga  dzzdjú mà ká ngu dey ddíyà lǎní	1			Lendu	train	7.575757575757575		False	0.25106382978723407	False	4.696518860965201	0.7601503759398496	False
830ccfbc3f4a54ceb8d849dbfe1b520f	64703	spontaneous-speech-led-64703.mp3	24120	6781	Ya mà chùw mà nì ngǎ shú ní déydha nà màdhí bba ó ro, à jì mà njèy ddù?	À rà jì mà chǔ bbalè má cha ì dho màdho gwiydha bbu lǎní nì fungá màdhí bba ó à rà ngu jì mà déy mà tsò njúwdha nà lǎní nì bbalè nà fúnì chú rà lèy ndey mà rà tsì mà déy ní ŋǎchú bbakǎ ó ddiy bbalè nà fúnìchú ànì lò má cha ka dêy mà gwiy ndanà nì à nì fú lò mà jì	1			Lendu	train	8.167495854063018		False	0.25384615384615383	False	3.9505472610841235	0.31954887218045114	True
f595d0e1832ceab8c935264c25968409	64938	spontaneous-speech-led-64938.mp3	16776	6781	Ya mà chùw mà nì ngǎ shú ní déydha nà màdhí bba ó ro, à jì mà njèy ddù?	Ya ngǎ shú ní deydha nì mà dhí bba ó ro à kà mà dey rr̀dha nà mà ddá ngǎjì ní bbalè gu mà kà ó ddù mà dey lǎní njuwdha nà mà kà ó	1			Lendu	train	5.662851692894612		False	0.24603174603174605	False	3.808111850271944	0.21954887218045113	True
da097b556a52dc7d273093cf8ce97abd	65442	spontaneous-speech-led-65442.mp3	24480	6781	Ya mà chùw mà nì ngǎ shú ní déydha nà màdhí bba ó ro, à jì mà njèy ddù?	Ya mà nì ngǎ chú ní déydha nà màdhí bba ó ddi nì ddiy má à jì ma njěy nì ma rǎ bbalè má ì nì nyǔ'wiy nà ma tsǐ ndrǔ dè luw nì lò cha déydha nà nì ka déy nì  bbakà ó nì   rwo nì mî  à jì ma déy ma dyási nà cha ì dho ma tsotso kwo ney wá nì lò ró nì	1			Lendu	train	7.230392156862745		False	0.22540983606557374	False	3.563544941132703	0.11052631578947368	True
eea86ca8ea6b1af65157b06503a99e83	65724	spontaneous-speech-led-65724.mp3	18108	6781	Ya mà chùw mà nì ngǎ shú ní déydha nà màdhí bba ó ro, à jì mà njèy ddù?	À jì ma bbǎ fú bba nga ndaní ma rǎ shú ní déydha chùw ngéy ní ngà à jì ma těy lò ngéy ní ma làyi nà ndaní ndrǔ kí ma jùw fú lò ró ndaní ma déy shú ní thíy nà	1			Lendu	train	6.406008394079964		False	0.24025974025974028	False	4.362877819654623	0.5819548872180451	True
b60ffd663a6f4ea05bc69ef86c8ee3e8	65853	spontaneous-speech-led-65853.mp3	17208	6781	Ya mà chùw mà nì ngǎ shú ní déydha nà màdhí bba ó ro, à jì mà njèy ddù?	À jì mà njúw mà tsò mà léy shúní déydha déy ney màdhí bba ó ngǎjìní lò mà ddá gudjò mà chǔw ddu nà ndey màdhí bba ónga sǎ	1			Lendu	train	5.404463040446303		False	0.15254237288135597	False	3.8680763051357094	0.2631578947368421	True
69460059366eafce16269260ed3e45b0	65984	spontaneous-speech-led-65984.mp3	14400	6781	Ya mà chùw mà nì ngǎ shú ní déydha nà màdhí bba ó ro, à jì mà njèy ddù?	Ma kwo Ddrà mí lò ndaní mà jì dho ndèy li mà gwíy màdhí nzòw ndaní mà dho tdè lǎní lò nà	1			Lendu	train	4.652777777777778		False	0.15294117647058825	False	3.7351614771701582	0.18796992481203006	True
3d6b646c1cb9130eb226ee4110f7995d	66450	spontaneous-speech-led-66450.mp3	21456	6781	Ya mà chùw mà nì ngǎ shú ní déydha nà màdhí bba ó ro, à jì mà njèy ddù?	À jì mà njúw mà tsòw mà dǒw bbiy mà léyò nì mà njǎ cha lò má ndèy nì ngǎjìní nì mà sǎ nyǔ ddà gu ndaní mà ngúwò ní jǐ ò à bbúwo nì mà dho shú ní vi màdhí bba ò	1			Lendu	train	5.453020134228188		False	0.13461538461538458	False	4.361475501068755	0.5796992481203007	True
9effd7faf8601b37182a0098bf1d23b2	66613	spontaneous-speech-led-66613.mp3	17748	6781	Ya mà chùw mà nì ngǎ shú ní déydha nà màdhí bba ó ro, à jì mà njèy ddù?	Ya mà chùw mà nì ngǎ shú ní déydha nà mà dhí bba ó ro à jì mà rǎ Ddrà má lò ddì ndaní à kwó mà tsotso mà dhí déydha nà	1			Lendu	train	4.901960784313725		False	0.14782608695652177	False	3.3966701111552813	0.05488721804511278	True
c5df5911e2fe9c37bfe33b1deacd2a9c	63826	spontaneous-speech-led-63826.mp3	15336	6782	Ddudhò à ní lǎní drǒ kà njěy njàddí ndrǔ do?	Ddudhò à ní lǎní ddrǒ ka njěy njàddí ndrǔ do? À léy nì bbalè déy nì jǐ nà ì kà ó ya kà nì ì dò njěy ro	1			Lendu	train	4.890453834115806		False	0.08080808080808077	False	4.026029659557562	0.3676691729323308	True
69460059366eafce16269260ed3e45b0	64369	spontaneous-speech-led-64369.mp3	10980	6782	Ddudhò à ní lǎní drǒ kà njěy njàddí ndrǔ do?	Ndaní njí rǎ zěyzěy ndaní njí rǎ lǎní ndaní ndrǔ ddí dho dò njèy madho	1			Lendu	train	5.100182149362477		True	0.23880597014925375	False			False
789f537bcdf7638af5c97b59bc69a60d	64798	spontaneous-speech-led-64798.mp3	25056	6782	Ddudhò à ní lǎní drǒ kà njěy njàddí ndrǔ do?	À nì lǎní ka njěy njàddí ndrǔ drò dò ndaní nyì déy dyasi ní. À nì lǎní nyi njěy njàddí li mí do ndaní ngǎjìní lò déy ngǎ nyì kàó. À nì lǎní nyi njěy njàddí li do kàrà nyì kà ndru ngù chowchow nà nì lò cha nyì rà ndanà nyì rr̀ nyì kàó nà nì	1			Lendu	train	7.303639846743295		False	0.364406779661017	False	4.253740112689023	0.5037593984962406	True
eea86ca8ea6b1af65157b06503a99e83	64838	spontaneous-speech-led-64838.mp3	17568	6782	Ddudhò à ní lǎní drǒ kà njěy njàddí ndrǔ do?	Ngéy ní ndrǔ dò njèydha ley nì mà déy nì jǐ nà à léy nì bbalè déy nì ddìnga ó ya njàddí lò mókú njèy ndèy ro nyì rà dey ddì nì bbalè ní ndaní fú lò nyì ssí gbè ddì nì bbalè ní	1			Lendu	train	7.513661202185792		False	0.2325581395348837	False	3.9541467398131753	0.32030075187969925	True
830ccfbc3f4a54ceb8d849dbfe1b520f	64858	spontaneous-speech-led-64858.mp3	24948	6782	Ddudhò à ní lǎní drǒ kà njěy njàddí ndrǔ do?	Ndaní ndrǔ ddí déy mà jì wá déy ddì fú nì chú dho mà jùw wá déy ddì fú nì chú dho mà nì ney Ddrà mí thíy nà mà ó fu nì léy nì ndèy ka tdra nì mà njúw màtsò ddìngaó ndaní mà dhí lò wá à dey bbiy cha ngeyngéy ní bbalè dhí lò vi dey bbiy ddiy jì nà fú nì chú ley ndey fú lò mà nì jǐ mà déy dey ddìngaó mà kà ó	1			Lendu	train	9.098925765592432		False	0.29372937293729373	False	4.259065202220709	0.5082706766917293	True
b60ffd663a6f4ea05bc69ef86c8ee3e8	65688	spontaneous-speech-led-65688.mp3	11016	6782	Ddudhò à ní lǎní drǒ kà njěy njàddí ndrǔ do?	Ddiydhò Ddrà ddí à njèy nyi dò à bbà nyi dhò nyi ddi kà nyi njěy njàddí ndrǔ dò	1			Lendu	train	5.537400145243282		False	0.14473684210526316	False	4.93716207753103	0.8511278195488722	False
f595d0e1832ceab8c935264c25968409	65979	spontaneous-speech-led-65979.mp3	18216	6782	Ddudhò à ní lǎní drǒ kà njěy njàddí ndrǔ do?	Njàddí ndrǔ dhò njèydha à léy ndrǔ thíy ddí déy nì ɦwî nà à léy ndrǔ chuw nì ì nì kwódha ní fú bba ó à mba nì li tsò njúwdha ddìnga ó nì bba kà ó	1			Lendu	train	5.98375054896794		False	0.16901408450704225	False	3.485841994742093	0.0774436090225564	True
21fb7f77ccb2d6989e98bcd4edf4c539	66184	spontaneous-speech-led-66184.mp3	21420	6782	Ddudhò à ní lǎní drǒ kà njěy njàddí ndrǔ do?	À nì lǎní ka njěy njàddí ndrǔ dhò ndeyní à bbú jǐ li kàó ndeyní à bbú lǎnà ní déydha ndeyní à bbú li djúnga njàdha ndeyní à bbú li rr̀dha li kàó	1			Lendu	train	5.22875816993464		False	0.35460992907801414	False	3.905304975738168	0.2887218045112782	True
da097b556a52dc7d273093cf8ce97abd	66348	spontaneous-speech-led-66348.mp3	16416	6782	Ddudhò à ní lǎní drǒ kà njěy njàddí ndrǔ do?	À nì lǎní ka njěy njàddí ndrǔ dò ndaní fú ndrǔ ddí tsǐ ì dò ka njey nì ney rwo nì mî fú ndrǔ déy lò nà ì thí ò níyà ì nì dròdró ní bbalè	1			Lendu	train	6.152534113060429		False	0.15037593984962405	False	3.7287950017309215	0.181203007518797	True
8acb58a60c926b87d6f906bec0e3c36d	63907	spontaneous-speech-led-63907.mp3	17028	6783	Li-djòkpa ddadha dja kâ ndèy rr nděy nì ndèy djúnga njǎ nì bbàlè chùw ddudhò?	Li-djùkpa ddàdha-dja kâ ndèy rr̂ ndèynì ndèy djúnga djǎ nì bbalè chuw ddudho? À bbú nì klôw bbalè wánì dhò njí njèydha mî ddìnga ó	1			Lendu	train	6.225041108762039		False	0.08661417322834641	False	3.91240178485077	0.293984962406015	True
69460059366eafce16269260ed3e45b0	64204	spontaneous-speech-led-64204.mp3	21780	6783	Li-djòkpa ddadha dja kâ ndèy rr nděy nì ndèy djúnga njǎ nì bbàlè chùw ddudhò?	Ndaní bbalè dho tdè jǐ nà ì kà ò luw ndaní njí rǎ lǎní ndaní njí rǎ zěyzěy ndaní bbalè wá dho tdè ngǎ pàká nà ì ró ndaní bbalè dho à tsotso kwo à mí njí tùw ò luw wá	1			Lendu	train	5.739210284664829		False	0.3395061728395061	False	3.923805149647292	0.2992481203007519	True
789f537bcdf7638af5c97b59bc69a60d	64665	spontaneous-speech-led-64665.mp3	20988	6783	Li-djòkpa ddadha dja kâ ndèy rr nděy nì ndèy djúnga njǎ nì bbàlè chùw ddudhò?	Ndèy nì bbalè djùkpa drr̀dha-dja nà nì li à ji à rř bbalè chuw mí lò à nì i ddu djúddù fúli nì njěy nì lò fúli nì njěy bbalè děy nì lò nà fúli nì lò chǔw bbalè dèddù ká fúli nì ndanà bbalè djùkpa drř ka ji fúli chǔw bbalè dhí lò ma cha bbalè nì ddey nà nì ka fúli njěy ndanà dhǐy	1			Lendu	train	10.291595197255576		False	0.3992805755395683	False	4.249347001388564	0.5030075187969925	True
bb53c9cc38fe315d31ecd6251f4b4705	64802	spontaneous-speech-led-64802.mp3	13680	6783	Li-djòkpa ddadha dja kâ ndèy rr nděy nì ndèy djúnga njǎ nì bbàlè chùw ddudhò?	Fúndrú kà ì déy rr̀dha nà ì kà ó ndaní ì déy lǎní ì dhí bba ó à ká ì dhí bba ró nga bbò lǎní	1			Lendu	train	4.89766081871345		False	0.2134831460674157	False	3.8380705431343958	0.24285714285714285	True
f1a9e65b853cca9c7a61a76ceeba58e2	64852	spontaneous-speech-led-64852.mp3	21960	6783	Li-djòkpa ddadha dja kâ ndèy rr nděy nì ndèy djúnga njǎ nì bbàlè chùw ddudhò?	À mbǎ cha ndrǔ nì tdra ní lò ru cha à kà à mbǎ mí ngâ ndaní chú fúddiy ka ká mbà à kwó fú bbalè tsotso ndrǔ těy ddì nì lò ndrǔ déy ddì nì ddiy ní cha wá ì nì njěy nì ddiy ó	1			Lendu	train	5.783242258652095		False	0.20710059171597628	False	4.503341576099151	0.6578947368421053	False
5ead05ed0317f78aa329e93b3f6c2b6c	65144	spontaneous-speech-led-65144.mp3	23148	6783	Li-djòkpa ddadha dja kâ ndèy rr nděy nì ndèy djúnga njǎ nì bbàlè chùw ddudhò?	Ndaní à ngǔ jǐ ndrǔ kàó bbalè nà ddì ndaní à léy ní lò shùwdha  cha ney ndèy nì tsùw ngǎjì ní bbalè kà ó nì nzǐ bbalè déy do nà lò ngù dha nà lidjùkpa ddadha dja dhò ndaní à léy bbalè gbá ì ddì nì ddiy ní nga dhìydha ó	1			Lendu	train	7.171245895973734		False	0.20465116279069773	False	3.8037701526120764	0.21729323308270676	True
da097b556a52dc7d273093cf8ce97abd	65145	spontaneous-speech-led-65145.mp3	23256	6783	Li-djòkpa ddadha dja kâ ndèy rr nděy nì ndèy djúnga njǎ nì bbàlè chùw ddudhò?	Ndèy nì lidjòkpa ddàdha dja nì ndèyli à kà à rř bbalè chuw ndaní bbalè ddí ká à rr̀ rwo nì mî ndaní bbalè ddí ka à tsotso kwo dhǐy ró gbow nì mî ndaní bbalè ddí ka ndr bbu à dho ddí fú bbàkà ó ma ney à vì dey djǒnga njànì	1			Lendu	train	7.309941520467836		False	0.2191780821917808	False	4.210551744645437	0.46766917293233085	True
4690939abbaed200afffde0a457f0324	65282	spontaneous-speech-led-65282.mp3	9720	6783	Li-djòkpa ddadha dja kâ ndèy rr nděy nì ndèy djúnga njǎ nì bbàlè chùw ddudhò?	Ddiydhò fú li nì ddì li cha ndèynì bbalè djòkpa ddǎnì à jì ney fúli rř bbalè chuw	0			Lendu	train	6.687242798353909		True	0.06329113924050633	False			False
b60ffd663a6f4ea05bc69ef86c8ee3e8	65981	spontaneous-speech-led-65981.mp3	16200	6783	Li-djòkpa ddadha dja kâ ndèy rr nděy nì ndèy djúnga njǎ nì bbàlè chùw ddudhò?	À jì à rř fú bbalè chuw ddiydhò fú bbalè chú vû fúli ndey dhǐy djú fú ndrǔ lêy ndey fúli fúddiy dhò à kà fúli rř fú ndrǔ chuw nzǐ fúli děy ndèymí lò ó ddǐ-ddi ní	1			Lendu	train	7.777777777777778		False	0.24375000000000002	False	4.331685664891034	0.5616541353383459	True
3d6b646c1cb9130eb226ee4110f7995d	66392	spontaneous-speech-led-66392.mp3	18576	6783	Li-djòkpa ddadha dja kâ ndèy rr nděy nì ndèy djúnga njǎ nì bbàlè chùw ddudhò?	À kà à rř ndèy nì ì djúnga ndèy nì ì djúnga njǎ nì bbalè chuw ddí ndeyní ndrǔ njěyò ní dhǐy ddǐnga ó ndanà lò ká dey lǎní màdhí bba  ó	1			Lendu	train	5.544788975021533		False	0.1515151515151515	False	3.835249660276612	0.24210526315789474	True
eea86ca8ea6b1af65157b06503a99e83	66471	spontaneous-speech-led-66471.mp3	18540	6783	Li-djòkpa ddadha dja kâ ndèy rr nděy nì ndèy djúnga njǎ nì bbàlè chùw ddudhò?	Ndaní njí ka dey vukávu à dho ya à nì bbalè nděyngá bbalè chuw rř ney nyì rà chùw njí rà dey vukávu à rà njí njèy ndèy ró 'wíy nì nà nyi rà chùw bbalè rà ì chùw ì ka jì ní	1			Lendu	train	7.011866235167206		False	0.2248520710059172	False	4.152305857350557	0.43157894736842106	True
9effd7faf8601b37182a0098bf1d23b2	66543	spontaneous-speech-led-66543.mp3	16416	6783	Li-djòkpa ddadha dja kâ ndèy rr nděy nì ndèy djúnga njǎ nì bbàlè chùw ddudhò?	Fú bbalè vû ndey fúli ì djùkpa ddàdha dhò fú bbalè nì lò chǔw ngéyngéy ní nì fúli dè fú ndrǔ nì ì nà fú dhǐy njěy nì	1			Lendu	train	5.421539961013645		False	0.11504424778761058	False	3.9917498084613277	0.34210526315789475	True
c5df5911e2fe9c37bfe33b1deacd2a9c	63880	spontaneous-speech-led-63880.mp3	26100	6784	Ŋá bba ó tsúw tsi jì ní ndèy Uganda ó cha ndèy mí ddǔw ddǔw ní nga nì lǎní ndèymí à nì lǎní li rónga thìdhò cha ndèy dà sukari mí djòluw?	Ŋá bba ó tsúw-tsi jì ní ndey Uganda ó cha ndèy nì ddǔwddǔw ní nga nà lǎní ndèymí à nì lǎní li rónga dhìdha dhò cha ndèy da sùkárì mí djòluw? tsúw-tsi má lǎnà ní nì nì mǎngù fèné, à nànásì, něflè fúnì mà dè nì	1			Lendu	train	6.245210727969348		True	0.1707317073170732	False			False
8acb58a60c926b87d6f906bec0e3c36d	63974	spontaneous-speech-led-63974.mp3	22968	6784	Ŋá bba ó tsúw tsi jì ní ndèy Uganda ó cha ndèy mí ddǔw ddǔw ní nga nì lǎní ndèymí à nì lǎní li rónga thìdhò cha ndèy dà sukari mí djòluw?	Ŋá bba ó tsúw-tsi jì ní ndey Uganda ó cha ndèy mí ddǔwddúw nga nì lǎní ndèymí à nì lǎní li rónga thìdha dhò cha ndèy da sùkárì mí djò luw. Paypay, nànásì ndèymí shǔlú	1			Lendu	train	5.747126436781609		False	0.1595092024539877	False	4.144903430857842	0.4255639097744361	True
830ccfbc3f4a54ceb8d849dbfe1b520f	64295	spontaneous-speech-led-64295.mp3	24120	6784	Ŋá bba ó tsúw tsi jì ní ndèy Uganda ó cha ndèy mí ddǔw ddǔw ní nga nì lǎní ndèymí à nì lǎní li rónga thìdhò cha ndèy dà sukari mí djòluw?	Ya fú ndeyli vide lò chú ma cha ka vi dey dhǒ ndèydhò tsúwdzà ó nì rř à rà ley fú ndèyli rà ddu si fú nděyngá sukari dhì nà  lǎní ya à vìdey njèy nzǐ cha ka vi dey dhǒ nì lò nà chú fú dhi rà ra nda nà nú dhúdhú	1			Lendu	train	6.550580431177446		False	0.1826923076923077	False	5.525203078339371	0.9586466165413534	False
69460059366eafce16269260ed3e45b0	64342	spontaneous-speech-led-64342.mp3	6408	6784	Ŋá bba ó tsúw tsi jì ní ndèy Uganda ó cha ndèy mí ddǔw ddǔw ní nga nì lǎní ndèymí à nì lǎní li rónga thìdhò cha ndèy dà sukari mí djòluw?	Mǎngò tsi nànásì vùgá tsi	1			Lendu	train	3.2771535580524342		True	0.045454545454545414	False			False
b60ffd663a6f4ea05bc69ef86c8ee3e8	64413	spontaneous-speech-led-64413.mp3	15840	6784	Ŋá bba ó tsúw tsi jì ní ndèy Uganda ó cha ndèy mí ddǔw ddǔw ní nga nì lǎní ndèymí à nì lǎní li rónga thìdhò cha ndèy dà sukari mí djòluw?	À nì nanásì tde nì ndey ddǔwddǔw njà ddí nì tǔnda ddí à tde nì ddǔddǔw njà ddí nì tho kow ddì ní chú à tde nì dǔw	1			Lendu	train	5.429292929292929		False	0.3090909090909091	False	6.339196653428156	0.9947368421052631	False
eea86ca8ea6b1af65157b06503a99e83	64431	spontaneous-speech-led-64431.mp3	20808	6784	Ŋá bba ó tsúw tsi jì ní ndèy Uganda ó cha ndèy mí ddǔw ddǔw ní nga nì lǎní ndèymí à nì lǎní li rónga thìdhò cha ndèy dà sukari mí djòluw?	Mà nì fěné nà mà nì tǔwndà nà mà nì mǎngù nà mà nì ngéyngéy ní tsúw jì nà mà nì tòkì nà ddí mí ddǔwddǔw ní nga nì lǎní à thi nì bbalè rónga ddí	1			Lendu	train	5.190311418685122		False	0.23571428571428577	False	4.785801360228464	0.8015037593984963	False
4690939abbaed200afffde0a457f0324	64490	spontaneous-speech-led-64490.mp3	13428	6784	Ŋá bba ó tsúw tsi jì ní ndèy Uganda ó cha ndèy mí ddǔw ddǔw ní nga nì lǎní ndèymí à nì lǎní li rónga thìdhò cha ndèy dà sukari mí djòluw?	Ànànásì, túwnda. paypay ndèymí làliy	1			Lendu	train	2.383080131069407	transcription-length	False	0.0	False	5.200261798092672	0.9097744360902256	False
f1a9e65b853cca9c7a61a76ceeba58e2	64653	spontaneous-speech-led-64653.mp3	24840	6784	Ŋá bba ó tsúw tsi jì ní ndèy Uganda ó cha ndèy mí ddǔw ddǔw ní nga nì lǎní ndèymí à nì lǎní li rónga thìdhò cha ndèy dà sukari mí djòluw?	À nì tǔwndà, à nì něflè, à nì mǎngà, à nì fèné, à nì ndǐmù ndèymí mùchùngúwà nà	1			Lendu	train	2.49597423510467	transcription-length	False	0.19736842105263153	False	5.862631872310343	0.9796992481203007	False
789f537bcdf7638af5c97b59bc69a60d	64681	spontaneous-speech-led-64681.mp3	21096	6784	Ŋá bba ó tsúw tsi jì ní ndèy Uganda ó cha ndèy mí ddǔw ddǔw ní nga nì lǎní ndèymí à nì lǎní li rónga thìdhò cha ndèy dà sukari mí djòluw?	Tsúw tsi lǎní nì Uganda ó nì má ka dho lirónga bbò lirónga mí lo dho nì à nì àvògá, mangú aa jǎkà aa tdhùw aaa	1			Lendu	train	4.0291998483124765		False	0.12149532710280375	False	5.50373757067035	0.9571428571428572	False
21fb7f77ccb2d6989e98bcd4edf4c539	64987	spontaneous-speech-led-64987.mp3	23796	6784	Ŋá bba ó tsúw tsi jì ní ndèy Uganda ó cha ndèy mí ddǔw ddǔw ní nga nì lǎní ndèymí à nì lǎní li rónga thìdhò cha ndèy dà sukari mí djòluw?	Ddì nì à nì ànànásì, ndèymí kow fúnì nì lǎnà ní tsúw tsi njàddí nì ddàmddám fúddiy nì lǎní li rónga dhò	1			Lendu	train	3.4459573037485294		False	0.08999999999999997	False	4.637118386455789	0.7323308270676692	False
f595d0e1832ceab8c935264c25968409	65861	spontaneous-speech-led-65861.mp3	15120	6784	Ŋá bba ó tsúw tsi jì ní ndèy Uganda ó cha ndèy mí ddǔw ddǔw ní nga nì lǎní ndèymí à nì lǎní li rónga thìdhò cha ndèy dà sukari mí djòluw?	Tsúw-tsi ndèy nì lǎní li rónga pbòdha dho nì Mangu paypay nanasi ndimu ndèymí ngéyngéy ní nì nà	1			Lendu	train	5.158730158730158		False	0.07608695652173914	False	3.9828308718434244	0.3368421052631579	True
da097b556a52dc7d273093cf8ce97abd	66302	spontaneous-speech-led-66302.mp3	19116	6784	Ŋá bba ó tsúw tsi jì ní ndèy Uganda ó cha ndèy mí ddǔw ddǔw ní nga nì lǎní ndèymí à nì lǎní li rónga thìdhò cha ndèy dà sukari mí djòluw?	Lǎní ddǔddǔw ní nga nì Uganda ó ndèy chuw ndèy nì ndèymí ddǔwddǔw ní nga ndèydha sukarì nì ddìnì mango rwo nì mí nì mùshùngúwa gbow nì mí nì něflè nà shòga	1			Lendu	train	6.486712701401967		False	0.22368421052631582	False	4.815617428196547	0.8105263157894737	False
9effd7faf8601b37182a0098bf1d23b2	66336	spontaneous-speech-led-66336.mp3	20448	6784	Ŋá bba ó tsúw tsi jì ní ndèy Uganda ó cha ndèy mí ddǔw ddǔw ní nga nì lǎní ndèymí à nì lǎní li rónga thìdhò cha ndèy dà sukari mí djòluw?	Lǎ ní tsúw tsi jì Uganda ó ndéymí sukari ddà lǎní nì nì ànànási fèné ndèymí ngengéy ní tsuw tsi jì	1			Lendu	train	3.814553990610329		False	0.10526315789473684	False	5.43078675434373	0.9473684210526315	False
5ead05ed0317f78aa329e93b3f6c2b6c	66540	spontaneous-speech-led-66540.mp3	23616	6784	Ŋá bba ó tsúw tsi jì ní ndèy Uganda ó cha ndèy mí ddǔw ddǔw ní nga nì lǎní ndèymí à nì lǎní li rónga thìdhò cha ndèy dà sukari mí djòluw?	Fú tsúw-tsi nì vùgá, ànànásì nì fungá, fèné nì fungá, něfle nì fungá fú nì ddǔwddúw ní tsúw-tsi ma ney mà nì ndanà nì	1			Lendu	train	3.980352303523036		False	0.22807017543859653	False	4.890168534019348	0.8360902255639098	False
c5df5911e2fe9c37bfe33b1deacd2a9c	63821	spontaneous-speech-led-63821.mp3	19116	6785	Ddudhò à ní lǎní nyi déy lò-tsìdha nà ngèy ngéy ní pbúw ró?	Ddudhò à ní lǎní nyi déy lò tsìdha nà ngéyngéy ní pbúw ró? Fúnì rà nyi dhò lò-tsìdha bbu cha ngéy ní pbúw nì njěy nì ndèymí à rà nyi gwiy nyìmí déydha jì ó ndèymí nyi rà dey dyasi nà ngéy ní pbúw óddù ddí	1			Lendu	train	8.317639673571877		False	0.26865671641791045	False	3.8635708279559253	0.26165413533834586	True
da097b556a52dc7d273093cf8ce97abd	64520	spontaneous-speech-led-64520.mp3	19440	6785	Ddudhò à ní lǎní nyi déy lò-tsìdha nà ngèy ngéy ní pbúw ró?	À nì lǎní nyi tsi cha ndrǔ tdè dey mí déydha jì à kèndú à nì ngu lǎní cha nyi tsi ndrǔ nyu nì ya ŋá nyû jì ddiy à kèndú nyi tsi à nì lǎní nyi tsi ndrǔ tho nì ì ŋǎchú ddiy	1			Lendu	train	6.532921810699588		False	0.3293413173652695	False	5.114375686999998	0.8932330827067669	False
4690939abbaed200afffde0a457f0324	64552	spontaneous-speech-led-64552.mp3	18216	6785	Ddudhò à ní lǎní nyi déy lò-tsìdha nà ngèy ngéy ní pbúw ró?	À nì lǎní à léy nyi tsǐ nyìdhí pbúw ó lò ya ŋà à gbà ndèy njàddí pbúw ó ndruní pbúw ó lò nà ndèymí à léy nyi tsi ya ŋǎchú ndrǔ dhí déydha jì nì ddiy	1			Lendu	train	6.148440931049627		False	0.23448275862068968	False	3.5133889898883868	0.09398496240601503	True
f1a9e65b853cca9c7a61a76ceeba58e2	64633	spontaneous-speech-led-64633.mp3	22896	6785	Ddudhò à ní lǎní nyi déy lò-tsìdha nà ngèy ngéy ní pbúw ró?	À rà ley mà rà tdiytdiy ní pbúw djì tsì ndrǔ déy ní ŋǎníní mà rà ndrǔ ró lò tsì à rà jǐ mbà mà kà ó ndrǔ nà à rà  li rr̀dha mbà mà kà ó tdiytdiy ní pbúw nà	1			Lendu	train	4.979035639412998		False	0.3092105263157895	False	4.522994834232527	0.6669172932330827	False
5ead05ed0317f78aa329e93b3f6c2b6c	64870	spontaneous-speech-led-64870.mp3	24516	6785	Ddudhò à ní lǎní nyi déy lò-tsìdha nà ngèy ngéy ní pbúw ró?	Ndaní mà chǔw nyǔ'wíy cha ney ndrǔ nì ndanà ìdhí pbúw djùkpa ddǎ nì mí lò à ngú mà tsotso kwo ddí ndaní à lêyní mà kǎ jǐ à déy ney ndaní à léy màtsò gbádha ngéy ní pbúw nà à déy ddì nì ddiy ní mí lò à ngú dhú dhú ní nì ddiy ní mà dho	1			Lendu	train	7.178985152553434		False	0.26086956521739135	False	3.823700644985598	0.23308270676691728	True
789f537bcdf7638af5c97b59bc69a60d	65184	spontaneous-speech-led-65184.mp3	19656	6785	Ddudhò à ní lǎní nyi déy lò-tsìdha nà ngèy ngéy ní pbúw ró?	Lò tsìdha dhò ngéy nì dziylíy ó nì ddí lòtsìdha dhò ney bbúw nì njěy rútsò djòluw nà ní lò mî ddí lòtsì dha dhò ndaní nyi ddí nyi déy nyǔ'wiy nà fule ndèy nì ndèy njěy nà nì lò ró ddò	1			Lendu	train	7.224257224257225		False	0.27222222222222225	False	4.232572575536542	0.48721804511278194	True
830ccfbc3f4a54ceb8d849dbfe1b520f	65508	spontaneous-speech-led-65508.mp3	27468	6785	Ddudhò à ní lǎní nyi déy lò-tsìdha nà ngèy ngéy ní pbúw ró?	Fúnì rà ley fúnì rà ley nyi rà fú pbúw ró ngèy tsì nyi rà tsì lǎní drǒ ŋangá ddù fú pbúw shǐ fú pbúw tdě ŋá lò-tsò těy nyi rà fú lò tsì lǎní drǒ fú pbúw ró fúnì à léy nì ka tsi nì gbè mà ndrǔdjá mà shì mí nga óddù à léy nì mà déy nì ddǐngǎ gòw nà fúnìchú à nì bbalè má à kà ka tsǐ ì ró lò nì	1			Lendu	train	7.863695937090433		True	0.2881944444444444	False			False
eea86ca8ea6b1af65157b06503a99e83	66199	spontaneous-speech-led-66199.mp3	20016	6785	Ddudhò à ní lǎní nyi déy lò-tsìdha nà ngèy ngéy ní pbúw ró?	Ndaní mà tsǐ ndrǔ njey nì ì dhí ddiy jì ndaní mà njěy mà dhî ddí fǔchú ngéy ní nì ndaní mà tsǐ ndrǔ déy nì déydha jì ya màdhí nì ngǎ fǔchú ro ndaní mà shǐ njèy gbe fú ndrú ní chú gbè	1			Lendu	train	6.944444444444444		False	0.26256983240223464	False	4.185282812281387	0.45037593984962404	True
69460059366eafce16269260ed3e45b0	66234	spontaneous-speech-led-66234.mp3	18576	6785	Ddudhò à ní lǎní nyi déy lò-tsìdha nà ngèy ngéy ní pbúw ró?	Ndaní ma dho tsì ya fu ndrú njey nì njí jì ndaní ma dho tsì fúndru dhí déydha jì	1			Lendu	train	3.337639965546942		False	0.16883116883116878	False	5.503023571969579	0.956390977443609	False
9effd7faf8601b37182a0098bf1d23b2	66461	spontaneous-speech-led-66461.mp3	17928	6785	Ddudhò à ní lǎní nyi déy lò-tsìdha nà ngèy ngéy ní pbúw ró?	À ra ley nyi ra ddí ngéy ní dziylíy ó nì lò tsì ngǎ ndèynì nyìdhí bba ó nì à ra ley nyi ra nzá děy nyi njà ndrǔ ní nì lò ddí njà wá nì nyì mí déydha	1			Lendu	train	6.135653726015171		False	0.22758620689655173	False	4.556428896936359	0.6894736842105263	False
f595d0e1832ceab8c935264c25968409	66565	spontaneous-speech-led-66565.mp3	18396	6785	Ddudhò à ní lǎní nyi déy lò-tsìdha nà ngèy ngéy ní pbúw ró?	À ra ley nyi rà lò tdey tsì cha ndèynì ngǎ nyìdhí pbúw ó nì à rà ley nyì nyú tey rà ndèy pù chěy ní lò njèy dha ró ddí mí pbúw ó à rà ley bbíy ní bbalè ddí ra jì ì tsǐ ddu ní ndey ndèy njěy nyìdhí bba ó	1			Lendu	train	8.153946510110893		False	0.2211055276381909	False	4.293077659074252	0.5353383458646617	True
c5df5911e2fe9c37bfe33b1deacd2a9c	63848	spontaneous-speech-led-63848.mp3	19836	6786	Li ró juw ónga njàdha wánì nga nà nì mí lǎní nga ní ddù?	Li ró jǔw ónga njàdha wánì nga nà mí lǎní nga ní ddu? Fú nì léy nì mà tsi nì ya mà nì ŋǎchú nì dhi nà ddiy ndèymí à léy nì mà déy nì nyǔ'wiy nà cha mà nì nyǔ nyò màdhí déydha jì ó	1			Lendu	train	6.755394232708206		False	0.20454545454545459	False	4.003033677126618	0.3556390977443609	True
4690939abbaed200afffde0a457f0324	64132	spontaneous-speech-led-64132.mp3	21168	6786	Li ró juw ónga njàdha wánì nga nà nì mí lǎní nga ní ddù?	À léy nyi tsi ya ŋǎchú nyi zǎ nga nì ddiy à léy nyìmí déydha nyi níddù bbakàó nyi chuw nyi thí ní li ní wánì bbalè kàó à léy nyi déy klǒw ní thíy nà nyìmí djiy ó wá	1			Lendu	train	5.905139833711263		False	0.20496894409937894	False	4.519353202914695	0.6646616541353384	False
da097b556a52dc7d273093cf8ce97abd	64139	spontaneous-speech-led-64139.mp3	16560	6786	Li ró juw ónga njàdha wánì nga nà nì mí lǎní nga ní ddù?	Ddì à léy nyi tsi ngéyngéy ní jǔw ró dho rwo nì mî à léy nyi tsi nyi ró lò wánì ddu dhò gbow nì mî à léy nyi tsi cha dhi má ndèy nì ney nyìmí jǔw ó nì wánì sâ ró	1			Lendu	train	7.185990338164252		False	0.28481012658227844	False	4.277521561403274	0.524812030075188	True
f595d0e1832ceab8c935264c25968409	64307	spontaneous-speech-led-64307.mp3	17748	6786	Li ró juw ónga njàdha wánì nga nà nì mí lǎní nga ní ddù?	À léy nì mà tsi nì ngéyngéy ní dhi jì cha ndèy nì mà mà zaò ní nì à léy nì màtsi nì mà za ó nga ní ŋǎní ddiy ndèymí à léy nì mà rónga déy nì lǎní wánì nga nà	1			Lendu	train	6.5359477124183005		False	0.3311688311688312	False	3.5893776183615187	0.12330827067669173	True
3d6b646c1cb9130eb226ee4110f7995d	64732	spontaneous-speech-led-64732.mp3	10836	6786	Li ró juw ónga njàdha wánì nga nà nì mí lǎní nga ní ddù?	Ndaní mà tsǐ ó ní mà zánga ngéyngéy ní dhi ró ddù à ká ley mà déy ò ní lǎní	1			Lendu	train	5.167958656330749		True	0.09722222222222221	False			False
830ccfbc3f4a54ceb8d849dbfe1b520f	65330	spontaneous-speech-led-65330.mp3	17928	6786	Li ró juw ónga njàdha wánì nga nà nì mí lǎní nga ní ddù?	À léy nì li rónga déy nì vukávu ddudjú ddù wá nì sâ dho nyi vi dey nyi rónga thǐ à léy nì li rónga ddí déy nì dhúdhú wá nì sâ dho mm ya nyi rónga nzá nyi gbû chú nyi rónga rà dey swàní	1			Lendu	train	7.753235162873716		False	0.3425414364640884	False	3.9942651164131835	0.3481203007518797	True
b60ffd663a6f4ea05bc69ef86c8ee3e8	65439	spontaneous-speech-led-65439.mp3	18540	6786	Li ró juw ónga njàdha wánì nga nà nì mí lǎní nga ní ddù?	Li ró jǔw ó nga njàdha wá nì sâ djú à léy nyi tsi nyi ná dhi nǎ ingi nyi ró dhi na ngǎ à rà ley nyi tsǐ cha nyi rónga nì vukavu ddiy  ddí à rà ley nyi rà tsì	1			Lendu	train	6.202804746494067		False	0.2272727272727273	False	4.867453743947077	0.8315789473684211	False
bb53c9cc38fe315d31ecd6251f4b4705	65990	spontaneous-speech-led-65990.mp3	12888	6786	Li ró juw ónga njàdha wánì nga nà nì mí lǎní nga ní ddù?	Nzánà mà chǔw dhi mà déy lǎní mà njǎ mà ró djǔw ó nga  sáwà wá nzánà dhi dǎ mà rò	1			Lendu	train	4.655493482309125		False	0.1282051282051282	False	5.011341350715528	0.8714285714285714	False
21fb7f77ccb2d6989e98bcd4edf4c539	66076	spontaneous-speech-led-66076.mp3	23040	6786	Li ró juw ónga njàdha wánì nga nà nì mí lǎní nga ní ddù?	Li ró jùw ó nga njàdha wá nì sâ nà à léy nì nzǐ dhi tsúw nì liró cha ndèydho li dhí klôw si sí ní nì ka déy nì ddawà chǔw chowchow fú ddiy léy nì bbalè tdè nì klǒw wá nì sâ nà ya ney ddiy nì dhi nì jǔw ò	1			Lendu	train	6.553819444444445		False	0.16500000000000004	False	4.497000454597591	0.6541353383458647	False
9effd7faf8601b37182a0098bf1d23b2	66193	spontaneous-speech-led-66193.mp3	16488	6786	Li ró juw ónga njàdha wánì nga nà nì mí lǎní nga ní ddù?	Li ró jǔw ónga njàdha wánì nga nà nì mí lǎní nga nì à nì ley mà déy ngéy ní fu ndèy nì bbiy nì ndèy nì bbiy nì fú dhi kpà nyi nì chǔw nzǐ	1			Lendu	train	6.186317321688501		False	0.20895522388059706	False	4.241922560162395	0.49548872180451126	True
f1a9e65b853cca9c7a61a76ceeba58e2	66266	spontaneous-speech-led-66266.mp3	21600	6786	Li ró juw ónga njàdha wánì nga nà nì mí lǎní nga ní ddù?	Ndeyní ka tsǐ ndèyní nyi tsǐ nyi ní dhi nà ddí á wù ngǎ ya nyi nì ndanà ro à jǐ nyi njěy ddu ya nyi nì ngǎ ndanà ro à jǐ nyi déy ŋǎní ní nyi bbǒ nyi ró nga ŋàní ní mí lǎní nga nì fu	1			Lendu	train	6.203703703703703		False	0.3146067415730337	False	4.421713561413893	0.6165413533834586	False
c5df5911e2fe9c37bfe33b1deacd2a9c	63802	spontaneous-speech-led-63802.mp3	16236	6787	Ddudhò à ní lǎní mà njèy njí ddìngaó màdhí bba ó?	Ddudhò à ní lǎní mà njěy njí ddìngaó màdhí bba ó? Njí njèydha ddìnga ó nì léy nì màdhí bba dhiy nì	1			Lendu	train	4.742547425474254		False	0.1473684210526316	False	3.502823753116124	0.08796992481203007	True
8acb58a60c926b87d6f906bec0e3c36d	63916	spontaneous-speech-led-63916.mp3	15768	6787	Ddudhò à ní lǎní mà njèy njí ddìngaó màdhí bba ó?	Ddudhò à ní lǎní mà njěy nji ddìnga ó màdhí bba ó? À léy nì màdhí bba dhiy nì	1			Lendu	train	3.741755454084221		False	0.1216216216216216	False	3.2692100499079815	0.02706766917293233	True
69460059366eafce16269260ed3e45b0	64101	spontaneous-speech-led-64101.mp3	23868	6787	Ddudhò à ní lǎní mà njèy njí ddìngaó màdhí bba ó?	Ddudhò à ní lǎní mà njěy njí ddǐngǎ ó màdhí bba ó? à léy nì ngǎ ì nì nyû nà nì bbalè déy nì nyû nà à léy nì màdhí nzòw déy nì jǐ nà ì kàó à léy nì mà ddí déy nì jǐ nà mà kàó à dho nì mà nì pbúw ó bbalè ndeyní à nyá nì nyû bba òluw	1			Lendu	train	7.038712921065861		False	0.33920704845814975	False	3.626495991517501	0.14135338345864662	True
b60ffd663a6f4ea05bc69ef86c8ee3e8	64143	spontaneous-speech-led-64143.mp3	18900	6787	Ddudhò à ní lǎní mà njèy njí ddìngaó màdhí bba ó?	A rà lèy dhǐy rà ndèy njèy dhǐy rà bbiy nyi dho zěyzěy dhǐy rà wèy ddí nyi dhò ya děy nyi nì njěy nyi ddǐddì ní ro dhǐy ra wèy nyidhò nzǐ dhǐy rà bbiy ddí nzǐ nyidho zěyzěy	1			Lendu	train	7.037037037037036		False	0.3905325443786982	False	5.196299800554581	0.9090225563909774	False
f595d0e1832ceab8c935264c25968409	64343	spontaneous-speech-led-64343.mp3	20088	6787	Ddudhò à ní lǎní mà njèy njí ddìngaó màdhí bba ó?	Njí njèydha ddìnga ó nì à léy nì nzǐ ka rr nì nzà njí njèydha ddìnga ó nì à mba nì li tsò gbádha njí njèydha ddìnga ó nì à léy nì ka njey nì lèy ní ddiy drá ní sâ ó	1			Lendu	train	6.123058542413381		False	0.40372670807453415	False	4.1122091894145445	0.40601503759398494	True
da097b556a52dc7d273093cf8ce97abd	64853	spontaneous-speech-led-64853.mp3	16956	6787	Ddudhò à ní lǎní mà njèy njí ddìngaó màdhí bba ó?	À nì lǎní mà njěy njí màdhí bbakǎó ddíngǎ ndaní à léy dhǐy déy mà dho kéykéy rwo nì mî à ngú nì dhǐy ngúnì njey nì ndèy pìyò pìyò	1			Lendu	train	5.897617362585516		False	0.09523809523809523	False	3.9575700848530677	0.3218045112781955	True
789f537bcdf7638af5c97b59bc69a60d	65060	spontaneous-speech-led-65060.mp3	24948	6787	Ddudhò à ní lǎní mà njèy njí ddìngaó màdhí bba ó?	Njí njèydha ddìnga màdhí bba ó aa à léy nì mà njey nì dhǐy nyú ddà nì wěy njí njèydha ddìnga ó màdhí lò bba ó à léy nì mà njúw nì lò tsò mà gbá nì lòtsò cha mà nì njèy nì ddiy mî mà njěy ddìngǎ ndaní kà ká ndèy ndrr màdho lèy	1			Lendu	train	6.854256854256854		False	0.2927927927927928	False	4.159608794530855	0.43609022556390975	True
3d6b646c1cb9130eb226ee4110f7995d	65309	spontaneous-speech-led-65309.mp3	17928	6787	Ddudhò à ní lǎní mà njèy njí ddìngaó màdhí bba ó?	Ndeyní mà dhǐy ò ní màdhí bba lòtsì dha nà madhí nzòw ká sò ru ndeyní ndrǔ ká ngu  màdho ngéyní dhǐy kíydda ndrr bba mí lò dho màdhí bba kà dhìy ndanà ddìnga ó	1			Lendu	train	6.916555109326193		False	0.16666666666666663	False	4.41435740614908	0.6105263157894737	False
9effd7faf8601b37182a0098bf1d23b2	65338	spontaneous-speech-led-65338.mp3	18468	6787	Ddudhò à ní lǎní mà njèy njí ddìngaó màdhí bba ó?	À nì lǎní mà njěy njí mà dhí bba ó ddìnga ó ndaní màdhí bba rǎ njitsò djò ndaní ngéy ngéy ní lò jì ddí shǐ màdhí bba ó	1			Lendu	train	4.8732943469785575		False	0.23478260869565215	False	3.336685729437513	0.038345864661654135	True
f1a9e65b853cca9c7a61a76ceeba58e2	65373	spontaneous-speech-led-65373.mp3	23220	6787	Ddudhò à ní lǎní mà njèy njí ddìngaó màdhí bba ó?	Ma lǒw mà dhokpa ddǐ mà sš màdhí bba ddǐngǎ mà ngbí màdhí bba ddǐngǎ mà njěy tdiytdiy nì ddiy cha ndèy dho ney lǎní nga mbà màdhí bba ó nì cha ndèy dho màdhí nzòw tsotso kwo bbǔsùdjú nga dhò cha ngǎ mà rà tè mí sâ nà nì	1			Lendu	train	7.3643410852713185		False	0.27188940092165903	False	3.5352030514254404	0.10150375939849623	True
830ccfbc3f4a54ceb8d849dbfe1b520f	65398	spontaneous-speech-led-65398.mp3	15876	6787	Ddudhò à ní lǎní mà njèy njí ddìngaó màdhí bba ó?	Njí njèydha ddǐnga léy nì ka chuw nì lǎní déydha bbalè kàó nì ndeyní dhǐy tsò ddí gbá ndèy ddìnga ó ndèy ní dhǐy má ka nì dey njěy nì à ddí wěy ò ní fú nì chú léy nì ndey à jì mà dey dhǐy njèy ddinga ó bbakà ó	1			Lendu	train	10.0151171579743		False	0.22330097087378642	False	4.178959781832278	0.44661654135338347	True
5ead05ed0317f78aa329e93b3f6c2b6c	65402	spontaneous-speech-led-65402.mp3	20916	6787	Ddudhò à ní lǎní mà njèy njí ddìngaó màdhí bba ó?	À nì lǎní lò dhòdha màdhí nzòw dho cha ndèy dho jì nì à nì tuwtsò ddì nì má mà dho ndanà nzòw gwiy ndrǔ tsǐ dhǐy djú lò cha ney ka déy nì ddiy jì à nì ddì nì tuwtsò má ndèy dho bba dhìy à dho ley màdho dey lèy ní mb nà nì	1			Lendu	train	7.936507936507937		False	0.2339449541284404	False	3.9401848168224665	0.3097744360902256	True
eea86ca8ea6b1af65157b06503a99e83	65933	spontaneous-speech-led-65933.mp3	20916	6787	Ddudhò à ní lǎní mà njèy njí ddìngaó màdhí bba ó?	Mà nì  njí njěy  ddǐngǎ ro màdhí bba kàó nga rà dhìy ma rà dey lǎní ddiy nà à kwó mà tsotso màdhí déydha ró  ya mànì njí njěy ddǐngǎ ro màdhí nzòw rà ligwíydha chùw ndrǔ rà dey nyǔ'wiy nà	1			Lendu	train	6.884681583476764		False	0.2119565217391305	False	3.4092744529632886	0.059398496240601506	True
c5df5911e2fe9c37bfe33b1deacd2a9c	63879	spontaneous-speech-led-63879.mp3	20376	6788	À jì mà njèy ddu ya mà njà ndèyli nì tsúwba ní li rónga tdǒw ro?	À jǐ mà njěy ddu ya mà njà ndeyli nì tsúwba ní li rónga tdǒ ro? A jì mà gǔw ndeyli nzǐ fúli tdǒ tsúwba ní li rónga ddiydhò fúnì nya nì thǒw fùní nì bbalè ò ndèymí ndrǔ nyá nì ley fùní nì lò nà	1			Lendu	train	7.21436984687868		False	0.21164021164021163	False	4.594680999681956	0.7142857142857143	False
8acb58a60c926b87d6f906bec0e3c36d	63967	spontaneous-speech-led-63967.mp3	16956	6788	À jì mà njèy ddu ya mà njà ndèyli nì tsúwba ní li rónga tdǒw ro?	À jì mà njěy ddu ya mà nja ndeyli nì tsúwbà ní li ró nga tdǒ ro? À jì mà tdǔ fúli nyú tey	1			Lendu	train	3.892427459306441		False	0.10465116279069764	False	3.974879395172357	0.33533834586466166	True
9effd7faf8601b37182a0098bf1d23b2	64338	spontaneous-speech-led-64338.mp3	16236	6788	À jì mà njèy ddu ya mà njà ndèyli nì tsúwba ní li rónga tdǒw ro?	À jì mà gǔ ndèyli fú lò ró ddù gu	1			Lendu	train	1.4781966001478195	transcription-length	False	0.0	False	4.25795445441263	0.5075187969924813	True
4690939abbaed200afffde0a457f0324	64719	spontaneous-speech-led-64719.mp3	11376	6788	À jì mà njèy ddu ya mà njà ndèyli nì tsúwba ní li rónga tdǒw ro?	À jì mà dǒw fú ndeyli gu ddiydhò à kwô nzá fúddiy rǎ ndèy dhò à nì Ddrà dyà nì ddiy nì ndèy	1			Lendu	train	6.065400843881857		False	0.13636363636363635	False	4.63855380827356	0.7330827067669173	False
789f537bcdf7638af5c97b59bc69a60d	65113	spontaneous-speech-led-65113.mp3	19368	6788	À jì mà njèy ddu ya mà njà ndèyli nì tsúwba ní li rónga tdǒw ro?	Ndèy nì tsúwba rónga tdǒ nǎnì li dhò à jì à jì mà dhǒ í lò fú nì ngǎ fú li chùw ndèy  jì nì ddiy nyi dhǒ ndeyli dhò Dra mí lò má ndèy nì tsúwbà ró nga ddo nà nì, nyi dhǒ ndeyli dho lò fù ní ní nì kà njey nì bbalè kà dho ndeyli njèy ddí	1			Lendu	train	9.03552251135894		False	0.2629310344827587	False	4.42548345151008	0.6180451127819548	False
b60ffd663a6f4ea05bc69ef86c8ee3e8	65162	spontaneous-speech-led-65162.mp3	26928	6788	À jì mà njèy ddu ya mà njà ndèyli nì tsúwba ní li rónga tdǒw ro?	À jì mà gǔ fú li gudjò ya mà njà fúli nì tsuwba ní bbalè rónga tdǒ ro ddiydho fú tsúwba ní li ddí tdè lǎní li à nì nú dziliy djú lò chú lî fuli ndey njaddí ddiy ko Ddrà dya tdè fuli fǔchú à kà nzá fuli ngú dey fúli tsò gbù gbùdha ní ngu dey fú li ronga tdǒ fú nì ngǎjìní lò nì ndey à kà mà gǔ	1			Lendu	train	8.207070707070708		True	0.2145328719723183	False			False
69460059366eafce16269260ed3e45b0	65297	spontaneous-speech-led-65297.mp3	20736	6788	À jì mà njèy ddu ya mà njà ndèyli nì tsúwba ní li rónga tdǒw ro?	À jì ka gwíy fúli lǎní déydha ka déy nì ndanà à jì ka dhěy fúli bbalè nyú dhú ka ddǔ fúli nyú ddà lǎní lò nà njàddí nga nà ro à jì ka pěy fúli theytsò tsúw nà	1			Lendu	train	5.787037037037037		False	0.21935483870967742	False	4.193119908594912	0.45413533834586467	True
3d6b646c1cb9130eb226ee4110f7995d	65557	spontaneous-speech-led-65557.mp3	12096	6788	À jì mà njèy ddu ya mà njà ndèyli nì tsúwba ní li rónga tdǒw ro?	À jì mà gǔwò ní ndeyli nzánà ndeylí nyáwo ní ngéy ní ddeydha fú tsúwba ò	1			Lendu	train	4.712301587301587		False	0.08695652173913049	False	5.132067451883176	0.8977443609022556	False
bb53c9cc38fe315d31ecd6251f4b4705	65818	spontaneous-speech-led-65818.mp3	19116	6788	À jì mà njèy ddu ya mà njà ndèyli nì tsúwba ní li rónga tdǒw ro?	À ji mà léy fú ndrǔ déy ddìkàddì  dyási nà ndaní nzánà fuli ká dey zòw nà dyasi kàó sòmù ó fúli ddí sǒ dyasi sǒmù níchú	1			Lendu	train	4.812722326846621		False	0.0431034482758621	False	4.370295108985151	0.587218045112782	True
f1a9e65b853cca9c7a61a76ceeba58e2	66074	spontaneous-speech-led-66074.mp3	22788	6788	À jì mà njèy ddu ya mà njà ndèyli nì tsúwba ní li rónga tdǒw ro?	Mà íy à mà gǔ à dhò nzǐ à ndrŕ ndèy fú lò jì kíyddà nà à kà ka dhǒ à dhò à tsǐ fu fú ndeyli nì fùní ní ddiy à nì ngǎ ndeyli íy íydha ní ndey ró Ddrà chú lêy ndey à déy fùní ní	1			Lendu	train	5.660874144286466		False	0.161849710982659	False	5.514865842323771	0.9578947368421052	False
21fb7f77ccb2d6989e98bcd4edf4c539	66210	spontaneous-speech-led-66210.mp3	22716	6788	À jì mà njèy ddu ya mà njà ndèyli nì tsúwba ní li rónga tdǒw ro?	À ka mà nyá do ndèyli ò mà dhǒ ya nyi tey fǔchú ní lò tsúwba ní nì li dho nyi ra fú tsuwba jì gòw ndeyní mà gǔ fúli luwtey nzǐ  fúli ddǒ tsuwba rónga	1			Lendu	train	4.974467335798556		False	0.1095890410958904	False	5.428192990149611	0.9466165413533835	False
da097b556a52dc7d273093cf8ce97abd	66265	spontaneous-speech-led-66265.mp3	18468	6788	À jì mà njèy ddu ya mà njà ndèyli nì tsúwba ní li rónga tdǒw ro?	Ya ndeyli nì tsúwba ní li ronga tdǒ à jì mà gǔ fú ndeyli gu  à bbǎ fú lò gu ndèymí à jì mà íy à ma gwíy à déydha nà  tsúwba ní nì li nà	1			Lendu	train	5.306476066709985		False	0.19696969696969702	False	4.794244354586285	0.8030075187969925	False
eea86ca8ea6b1af65157b06503a99e83	66304	spontaneous-speech-led-66304.mp3	23220	6788	À jì mà njèy ddu ya mà njà ndèyli nì tsúwba ní li rónga tdǒw ro?	À jì ma dhǒ fúli dhò fúli nì njěy nì lì nì ngǎ lǎní lò à jì ma dhǒ fúli dho fúli nì ddìkàddì fú ndeyli nà à jì ma dhǒ fúli dho à tdě fú ndeyli tdè fúli tdè ndey fúli nì rǎ gbù gbè fú ndeyli níchú gbè	1			Lendu	train	6.459948320413437		False	0.41326530612244894	False	4.196774254100555	0.45789473684210524	True
f595d0e1832ceab8c935264c25968409	66655	spontaneous-speech-led-66655.mp3	14148	6788	À jì mà njèy ddu ya mà njà ndèyli nì tsúwba ní li rónga tdǒw ro?	À kà mà gǔ fú li fú lò tdràdha ró ddù à kà mà dhǒ fú li dho nzǐ fú li déy nn ndǒ nà fú ndèy nì tsúwba nì ndèyli ró	1			Lendu	train	5.866553576477241		False	0.1711711711711712	False	3.7498378106358747	0.19398496240601504	True
f595d0e1832ceab8c935264c25968409	66655	spontaneous-speech-led-66655.mp3	14148	6788	À jì mà njèy ddu ya mà njà ndèyli nì tsúwba ní li rónga tdǒw ro?	À kà mà gǔ fúli fú lò tdràdha róddù à kà mà dhǒ fúli dho nzǐ fúli déy ndô nà fú ndèynì tsúwba nì ndeyli ró	1			Lendu	train	5.7251908396946565		False	0.11650485436893199	False	3.6618081079058826	0.1556390977443609	True
c5df5911e2fe9c37bfe33b1deacd2a9c	63831	spontaneous-speech-led-63831.mp3	19476	6789	Ddǐnì mí lò li bbalè dhí ru thódha jì rónga ŋǎchú Uganda ó?	Ddǐnì mí lò líy bbalè dhí rù dhódha jì rónga ŋǎchú Uganda ó? Ddǐnì mí lò li bbalè dhí rù thódha jì ndrǔ tho nì rù cha ndèy dho madha bbu Ddrà dho nì ngǎ li swádha mǐ	1			Lendu	train	6.572191415074965		False	0.2222222222222222	False	4.590666067335925	0.7120300751879699	False
8acb58a60c926b87d6f906bec0e3c36d	64012	spontaneous-speech-led-64012.mp3	14760	6789	Ddǐnì mí lò li bbalè dhí ru thódha jì rónga ŋǎchú Uganda ó?	Ddǐnì mí lò lí bbalè dhí rù thódha jì rónga ŋǎchú Uganda ó? À lêy bbalè nì lǎní rù tho ì ró	1			Lendu	train	4.742547425474255		False	0.10227272727272729	False	3.6439159765956046	0.14887218045112782	True
b60ffd663a6f4ea05bc69ef86c8ee3e8	64433	spontaneous-speech-led-64433.mp3	19116	6789	Ddǐnì mí lò li bbalè dhí ru thódha jì rónga ŋǎchú Uganda ó?	Ddǐnì mí lò à lî njàddí  bbalè dhí li thódha ró nga à nì lǎ ní ndrǔ nì rù tho bbǔw ì kotò bbi njàddí ndrǔ à nì ru tho nzǐ lǎní ndrǔ vi dey rù tho ngǎjìní sǔw	1			Lendu	train	6.172839506172839		False	0.17532467532467533	False	4.260563500800503	0.5097744360902255	True
da097b556a52dc7d273093cf8ce97abd	64435	spontaneous-speech-led-64435.mp3	17460	6789	Ddǐnì mí lò li bbalè dhí ru thódha jì rónga ŋǎchú Uganda ó?	À léy bbalè ngû nyídjá ní rwo nì mî à lêy bbalè tsì Ddrà mí lò gbow nì mî à léy bbalè ngú lǎní bbàlè ní ì rr lò nì ì bbǒ ì rónga ddí	1			Lendu	train	5.61282932416953		False	0.2093023255813954	False	4.187947083658697	0.4518796992481203	True
789f537bcdf7638af5c97b59bc69a60d	64483	spontaneous-speech-led-64483.mp3	26388	6789	Ddǐnì mí lò li bbalè dhí ru thódha jì rónga ŋǎchú Uganda ó?	Ddǐnì mí lò à lî rù mí lò rónga ddǐnì mí lò dho nì màdho rù dhiy à ji à déy ndìy nyi kotò má nzǐ nyi dyǒtey dho ndèy njà ndanà nì ddǐnì mí lò à léy nì cha nyi njà ngǎjìnì ndèy nà ddiy à nì tdíykrr ní rù fú rù kà rà ndèy njà ngǎjìní bbalè nyúddà djú nyi rà bbà kà rà dey ngǎ nyi rà ndìy ní rù tho	1			Lendu	train	8.412914961346067		True	0.3013698630136986	False			False
4690939abbaed200afffde0a457f0324	64889	spontaneous-speech-led-64889.mp3	15768	6789	Ddǐnì mí lò li bbalè dhí ru thódha jì rónga ŋǎchú Uganda ó?	Njàddí dǐnì gù drá ndèy dhiy nà nì rù ka thó ddiy ndèymí ngǎjìní ka déy torózi nà ddiy	1			Lendu	train	4.312531709791983		False	0.08433734939759041	False	4.807608001130616	0.806015037593985	False
eea86ca8ea6b1af65157b06503a99e83	65271	spontaneous-speech-led-65271.mp3	18216	6789	Ddǐnì mí lò li bbalè dhí ru thódha jì rónga ŋǎchú Uganda ó?	Ddǐnì mí lò lêy bbalè tsì ngǎjìní ru thódha mí ngǎjìní nga à lêy bbalè nì ì thó lǎní  ddǐnì mí lò lêy bbalè nì ì thó gbè Ddrà mí yǎdha ùw níchú	1			Lendu	train	6.038647342995168		False	0.3285714285714286	False	3.9476911618669233	0.3172932330827068	True
21fb7f77ccb2d6989e98bcd4edf4c539	65446	spontaneous-speech-led-65446.mp3	22680	6789	Ddǐnì mí lò li bbalè dhí ru thódha jì rónga ŋǎchú Uganda ó?	Ddǐnì mí lò à ley bbalè nì ndey dhíy nà ndíy nì rù tho mí rù ddí nja nì ndèy lǎní à ngu nì bbalè  ddí tǔw  mí bbalè ddí ngú nì ì njà ddíyà Mungu ró ji nà dǐchú cha nga ndíydha tdrà ddiy níchú	1			Lendu	train	6.349206349206349		False	0.1542553191489362	False	5.2224545810736	0.9157894736842105	False
3d6b646c1cb9130eb226ee4110f7995d	65563	spontaneous-speech-led-65563.mp3	12060	6789	Ddǐnì mí lò li bbalè dhí ru thódha jì rónga ŋǎchú Uganda ó?	À lêy shúnínga nì ney Uganda ó à ngù jǐ à lêy wánì bbalè nì ì chǔw vukávu Ddrà mí lò rr̀dha nà	1			Lendu	train	5.970149253731343		False	0.03296703296703296	False	3.8347605298078773	0.24135338345864663	True
69460059366eafce16269260ed3e45b0	66001	spontaneous-speech-led-66001.mp3	12816	6789	Ddǐnì mí lò li bbalè dhí ru thódha jì rónga ŋǎchú Uganda ó?	À léy dhì ní ndrǔ bba trozi thó dha à lêy bbalè nì ru tho lǎní ní nì	1			Lendu	train	3.9794007490636703		False	0.06153846153846154	False	4.239355358738357	0.4932330827067669	True
f595d0e1832ceab8c935264c25968409	66501	spontaneous-speech-led-66501.mp3	20916	6789	Ddǐnì mí lò li bbalè dhí ru thódha jì rónga ŋǎchú Uganda ó?	Njàddí ddǐnì ùw nzá ddùddú ní rù kpìdha mí lò Uganda njàddí ddǐnì ó à jǐ ka kpǐ ndèy dhiy nà ndìy ní ru njàddí ddǐnì ó nyi ra rà nzǐ nzá nyi tss̀  nyi djúnga wá lǎní ní	1			Lendu	train	6.167527251864601		False	0.18181818181818177	False	5.758221356077001	0.9774436090225563	False
5ead05ed0317f78aa329e93b3f6c2b6c	66581	spontaneous-speech-led-66581.mp3	18468	6789	Ddǐnì mí lò li bbalè dhí ru thódha jì rónga ŋǎchú Uganda ó?	À lêy bbalè bbà ngǎjìní rù thódha cha ndèy swá li bbalè kǎ nì gu à lêy bbalè dhí déydha jì ngû lǎní li thódha jì nà	1			Lendu	train	4.819146632012129		False	0.2053571428571429	False	4.013690252620447	0.36165413533834584	True
c5df5911e2fe9c37bfe33b1deacd2a9c	63890	spontaneous-speech-led-63890.mp3	18216	6790	À jì nyì njèy ddu ya nyì dyási dhò ngǎjìní ndèy jì ro?	À jǐ nyi njěy ddu ya nyi dyási dhò ngǎjìní ndèy jì ro? À jì nyi kwó ndeyli tsotso lǎní lò nà ndèymí nzǐ nyi drǒ fúli nyi léy fúli déy nyi làyi níchú ndaní nzánà nyì kǎnga sǎ ndèy fúli nà	1			Lendu	train	7.960035133948176		False	0.1693989071038251	False	4.096794304940269	0.40225563909774437	True
8acb58a60c926b87d6f906bec0e3c36d	63938	spontaneous-speech-led-63938.mp3	16200	6790	À jì nyì njèy ddu ya nyì dyási dhò ngǎjìní ndèy jì ro?	À ji nyi njěy ddu ya nyi dyási dho ngǎjìní ndèy jì ro à jì ma dho à dhò jǐ à jì ma bbǎ à dhò ddíyàchú	1			Lendu	train	4.62962962962963		False	0.16326530612244894	False	3.8824933971130333	0.2721804511278195	True
bb53c9cc38fe315d31ecd6251f4b4705	64089	spontaneous-speech-led-64089.mp3	15876	6790	À jì nyì njèy ddu ya nyì dyási dhò ngǎjìní ndèy jì ro?	À jì nyi njúw nyì tsò ddǐngǎ fú li djú ka těy lò nda fúli bbǎ fú ndèy jì à le fúli mà nà nyì ká dey jǐ nà nyì déy jǐ nà nyì kàó ndaní lò déy ngǎ nyì kàó	1			Lendu	train	7.0546737213403885		False	0.2214765100671141	False	5.114580832272085	0.893984962406015	False
789f537bcdf7638af5c97b59bc69a60d	64281	spontaneous-speech-led-64281.mp3	22536	6790	À jì nyì njèy ddu ya nyì dyási dhò ngǎjìní ndèy jì ro?	Ya nyi dyási njèy ngǎjìní lò à nì jǐ nyi dhǒ fúli dhò lò fúli bbǎ fú ngǎjìní lò rwonì mî à ji nyi dhǒ fúli dhò Ddrà lò ndaní à ngǔ fúli jùw ò shú shú ní nga ya nyi dyási nì sǔw fú lò nà ndèy drr à ji nyi bbǎ fúli gudjò fúli rǎ ndèymí ngǎjìní nga nà njitsò	0			Lendu	train	8.608448704295348		False	0.34523809523809523	False	3.8412420826522755	0.24586466165413534	True
4690939abbaed200afffde0a457f0324	64380	spontaneous-speech-led-64380.mp3	14508	6790	À jì nyì njèy ddu ya nyì dyási dhò ngǎjìní ndèy jì ro?	À kà nyi dǒw fuli fú ndèy jì ngǎjìní nì ró à jì nyi dhǒ fúli dhò ŋǎchú à kà ka déy bbalè nà ddiy	1			Lendu	train	4.962779156327543		False	0.07526881720430112	False	4.388089831951067	0.6	True
f1a9e65b853cca9c7a61a76ceeba58e2	64594	spontaneous-speech-led-64594.mp3	23868	6790	À jì nyì njèy ddu ya nyì dyási dhò ngǎjìní ndèy jì ro?	Dho à dhò à njèy ní fú lò nì nzá ndèy kâ ní lò à nì ngǎjìní lò à nì lò má ndèydho li rr̀dja sà nì ddíyachú nzǐ fú li ndrŕ ndèy fúlò kíyddà nà kèndrú fú li bbǎ à déy fùbù	1			Lendu	train	5.362828892240657		False	0.18562874251497008	False	4.695915602915206	0.7586466165413533	False
3d6b646c1cb9130eb226ee4110f7995d	64773	spontaneous-speech-led-64773.mp3	18036	6790	À jì nyì njèy ddu ya nyì dyási dhò ngǎjìní ndèy jì ro?	À jì tdè ma bbǎ à dho fú lò ɦéy à njèy nì à ddâ ndèy jì ngǎjìní nì ro ya ngǎ ro ma íy wòní ngéyní li nyo Ddrà dzà ó li à jì à dè mà rǎ ndaní mà bbǎ wòní fúlò à déy  wòní ngádha ní mà kàó à nà	1			Lendu	train	7.651363938789088		False	0.14893617021276595	False	5.054524420814335	0.8796992481203008	False
830ccfbc3f4a54ceb8d849dbfe1b520f	64872	spontaneous-speech-led-64872.mp3	22896	6790	À jì nyì njèy ddu ya nyì dyási dhò ngǎjìní ndèy jì ro?	À rà jì nyi bbǎ à dho ddudjú ddù à tsì nzá ndèy njèy ní lò nyiró fú nì chú à rà dho nyi vì dhe bbiy ney Ddrà mí lò na nyi thíy ó cha nyi dho ndanà lò bbǎ nyi dyási dhò nì fú nì dho nì nyi nì bbalè ma cha nyi nyi nì Ddra nyú dda nì  bbalè nì ndey fú nì à dho nyi jì nì lǎní	1			Lendu	train	8.735150244584206		False	0.28624535315985133	False	4.617922357597719	0.7225563909774436	False
da097b556a52dc7d273093cf8ce97abd	64959	spontaneous-speech-led-64959.mp3	23328	6790	À jì nyì njèy ddu ya nyì dyási dhò ngǎjìní ndèy jì ro?	Ya ma dyási dhò ngǎjiní ndèy jì ma dhò ddì nì ddiy nì à jì ma nyǐ à rwo nì mî mà gwíy à lò nà à bbǎ ngǎjìní lò gu gbow nì mî à jì ma tdúw à à déy ddì nì ddiy ní cha ka bba lò ney li kǎ nì	1			Lendu	train	5.787037037037037		False	0.20108695652173914	False	4.4241005948030345	0.6172932330827068	False
5ead05ed0317f78aa329e93b3f6c2b6c	65860	spontaneous-speech-led-65860.mp3	18036	6790	À jì nyì njèy ddu ya nyì dyási dhò ngǎjìní ndèy jì ro?	Nyi njěy fúli dò lò bbàdha nà fúli dhò nzǐ nyi ngǔ ngǎjìní lò dzzdjò cha ndèy dho ley thǒw tsǔw fúli ò nì	1			Lendu	train	4.546462630294966		False	0.0980392156862745	False	4.508998871982153	0.6601503759398496	False
21fb7f77ccb2d6989e98bcd4edf4c539	66252	spontaneous-speech-led-66252.mp3	21708	6790	À jì nyì njèy ddu ya nyì dyási dhò ngǎjìní ndèy jì ro?	À kà mà bbǎ fú ndrú dho mà djów mà rónga mà měy jǐ sǔw mà vǐy fú lò mà ró mà rr gbè nzá mà rr ní lò ní chú ndèynì à ngǔ jǐ mà kà ò lǎnà ní déydha nà	1			Lendu	train	4.929058411645476		False	0.15172413793103445	False	5.130891807023386	0.8969924812030076	False
9effd7faf8601b37182a0098bf1d23b2	66352	spontaneous-speech-led-66352.mp3	17388	6790	À jì nyì njèy ddu ya nyì dyási dhò ngǎjìní ndèy jì ro?	Ya nyi dyási dhò ngǎjìní ndèy jì ro à jì nyi gwíy fúli chěy ní lò nà fúli bbǎ fǔchú nì lò jì ngǎjìní	1			Lendu	train	4.428341384863123		False	0.14432989690721654	False	3.8137703014036752	0.22255639097744362	True
c5df5911e2fe9c37bfe33b1deacd2a9c	63866	spontaneous-speech-led-63866.mp3	17856	6791	Màdhò cha ì nì ddiy mí zòw nà nì bbalè tsotso kwo ŋǎchú màdhí bba ó?	Màdhó  cha ì nì ddiy mí zòw nà nì ndrǔ tsotso kwo ŋǎchú màdhí bba ó mà  gwíy ndrǔ ddiy chùwdha mí nyǔ'wiy nà	1			Lendu	train	4.648297491039426		False	0.07619047619047614	False	2.8831603340060603	0.002255639097744361	True
8acb58a60c926b87d6f906bec0e3c36d	63921	spontaneous-speech-led-63921.mp3	16056	6791	Màdhò cha ì nì ddiy mí zòw nà nì bbalè tsotso kwo ŋǎchú màdhí bba ó?	Ma dho cha ì nì ddiy mí zòw nà nì bbalè tsotso kwo ŋǎchú màdhí bba ó? Mà gwíy ndrǔ ddiy chùwdha mí tuw nà	1			Lendu	train	5.044843049327354		False	0.06862745098039214	False	2.853589435020137	0.0015037593984962407	True
f1a9e65b853cca9c7a61a76ceeba58e2	64331	spontaneous-speech-led-64331.mp3	23508	6791	Màdhò cha ì nì ddiy mí zòw nà nì bbalè tsotso kwo ŋǎchú màdhí bba ó?	Mà kwó ndrǔ tsotso lò dhòdha nà cha ndrǔ vi dhi chùw mí tuwtsò nà mà těy lò ndrǔ dho ddíyà chú ndrǔ ddí ka dey ddiy nà njàddí bbalè níchú gbè mà déy ndrǔ nà ddì nì ddiy nì	1			Lendu	train	5.615109749872384		False	0.1607142857142857	False	3.593254786683788	0.12406015037593984	True
830ccfbc3f4a54ceb8d849dbfe1b520f	65167	spontaneous-speech-led-65167.mp3	23796	6791	Màdhò cha ì nì ddiy mí zòw nà nì bbalè tsotso kwo ŋǎchú màdhí bba ó?	À rà jì mà léy ndrǔ ddí chǔ tuw má cha ì dho ndanà ddiy chùw  ney nì dho à rà ngu shì njàddí sâ ró mà bbú  ddiy ndrǔ dhò ddí ndaní ndrǔ ddí déy mà níchú gbè bba kàó fungá ya ndeyli nì ngǎ ddiy nà fú nì rà ley ndeylí rà dey ddiy kwo sâ chú wá nyì dè à rà jì mà chǔ tuw mà cha mà léy fú bbalè déy ddiy nà ddí wá	1			Lendu	train	9.623466128761136		False	0.28104575163398693	False	4.206452242371182	0.4639097744360902	True
69460059366eafce16269260ed3e45b0	65339	spontaneous-speech-led-65339.mp3	22320	6791	Màdhò cha ì nì ddiy mí zòw nà nì bbalè tsotso kwo ŋǎchú màdhí bba ó?	Mà dho ndrǔ tsotso kwo ddiy bbúdha nà mà dho nyǔ'wiy bbu cha ka chuw nì ddiy ndanà mà dho ndrǔ tsò njuw ddǐngǎ ó màdhí déydha ó mà dho mà gwiy ddi nì nga nà mà wá	1			Lendu	train	5.600358422939068		False	0.2515723270440252	False	3.361104317402715	0.04586466165413534	True
21fb7f77ccb2d6989e98bcd4edf4c539	65386	spontaneous-speech-led-65386.mp3	26568	6791	Màdhò cha ì nì ddiy mí zòw nà nì bbalè tsotso kwo ŋǎchú màdhí bba ó?	Ma dho fú ndrú gwiy ndana ní lò nì fú ndrú tsǐ njí njèydha cha ndèydho mbr bbu cha ney fú ndru dho ndanà ì dhí nzòw cho skul ò nì fú nga dzzdjú fú ndrú dho  lǎnà ní nyi ì dhí nzòw dho ndèyní nzòw ddí dhǐy lǎnà ní li jì nà	1			Lendu	train	6.323396567299006		True	0.2844036697247706	False			False
f595d0e1832ceab8c935264c25968409	65660	spontaneous-speech-led-65660.mp3	16380	6791	Màdhò cha ì nì ddiy mí zòw nà nì bbalè tsotso kwo ŋǎchú màdhí bba ó?	Mà bbú cha ddiy má mí zòw nì ndrǔ njěy nì ndrǔ dho mà dho ndrǔ dho ngéyngéy ní tuw cha ndrǔ vi dey ndanà màdhí bba ó nì	1			Lendu	train	5.555555555555556		False	0.18965517241379315	False	3.1214295910626904	0.014285714285714285	True
4690939abbaed200afffde0a457f0324	65694	spontaneous-speech-led-65694.mp3	16236	6791	Màdhò cha ì nì ddiy mí zòw nà nì bbalè tsotso kwo ŋǎchú màdhí bba ó?	À kà mà bbú lǎní ddeydha ndrǔ dhò cha ndèy dho ley ndrǔ shǐ fú ngǎjìní tuw óddù ndèymí mà bbú ndrǔ dhò mb cha ndrǔ dho dey ndanà lǎní nděymí ndrǔ nyu nga ddí lǎní ì dhí bba ó	1			Lendu	train	8.314855875831485		False	0.2514619883040936	False	3.492857875061817	0.08195488721804511	True
b60ffd663a6f4ea05bc69ef86c8ee3e8	66246	spontaneous-speech-led-66246.mp3	17460	6791	Màdhò cha ì nì ddiy mí zòw nà nì bbalè tsotso kwo ŋǎchú màdhí bba ó?	Ya ndrǔ shì ma dè ndrǔ nì ddiy iy ro à kà ma bbú fú ddiy má mí zòw nì ndrǔ ró nì ndrǔ dhò fú nì rà dhò ní yà ma kwô ndrǔ tsotso ddiy mí zòw má ndèynì ndrǔ ró nì nà	1			Lendu	train	6.872852233676976		False	0.30000000000000004	False	4.32417023571854	0.5578947368421052	True
eea86ca8ea6b1af65157b06503a99e83	66325	spontaneous-speech-led-66325.mp3	19656	6791	Màdhò cha ì nì ddiy mí zòw nà nì bbalè tsotso kwo ŋǎchú màdhí bba ó?	Ddey bbúdha nà ndrǔdho cha ney mà nì ndanà nì nà ndrǔ dho lò dhòdha cha ndrǔ dho ddiy chùw ndanà nì à ji mà dhǒ ndrǔ dho ndrǔ dho ddiy chùw mí tuw	1			Lendu	train	5.748880748880749		False	0.3776223776223776	False	3.3488140532364974	0.042105263157894736	True
bb53c9cc38fe315d31ecd6251f4b4705	66338	spontaneous-speech-led-66338.mp3	17820	6791	Màdhò cha ì nì ddiy mí zòw nà nì bbalè tsotso kwo ŋǎchú màdhí bba ó?	Mà dho fú ndrú dho màdhí ddiy bbu màdhí nyû bbu  màdhí mbr bbu à ká fú ndrú tsotso kwo ndaní fu ndrú ró zòw à ká dey ngǎ fú ndrú ka dey lǎní nga ó	1			Lendu	train	6.172839506172839		False	0.23776223776223782	False	3.9689255531811987	0.32857142857142857	True
5ead05ed0317f78aa329e93b3f6c2b6c	66596	spontaneous-speech-led-66596.mp3	21096	6791	Màdhò cha ì nì ddiy mí zòw nà nì bbalè tsotso kwo ŋǎchú màdhí bba ó?	Mà dho ddiy bbu fúndrǔ dho mà dho jǐ dhò fúndrǔ dho mà dho fúndrǔ tsotso kwo chěy ní nga ddéydha nà nzánà fúndrǔ njǎ nyi gbè mà gù ì mà kàó ddiy níchú	1			Lendu	train	5.546075085324232		False	0.2517006802721088	False	3.5003219121807767	0.08646616541353383	True
8acb58a60c926b87d6f906bec0e3c36d	63996	spontaneous-speech-led-63996.mp3	16380	6792	Màdhò njèy ddìngaó nì shú ní kà déy ndanà nì lò ní ddu màdhí bba ó?	Mà dho njèy ddìngaó nì shú ní  ka déy ndanà nì lò ní ddu mà dhí bba ó? À jì mà gwíy bbalè déy lò bbàdha nà ì kà ó	1			Lendu	train	5.067155067155068		False	0.07272727272727275	False	3.399948528547569	0.05639097744360902	True
da097b556a52dc7d273093cf8ce97abd	64150	spontaneous-speech-led-64150.mp3	18936	6792	Màdhò njèy ddìngaó nì shú ní kà déy ndanà nì lò ní ddu màdhí bba ó?	Mà déy Ddrà mí lò nà mà thíy ò mà dey lò bbàdha djá mà bbú ddiy cha bbalè ma ì nì ddiy rr̀ nà mà kwó ndrǔ tsotso aa mà bba ndrǔdhò wá nì ngengéy nì lò	1			Lendu	train	5.967469370511195		False	0.12244897959183676	False	4.0506096021101365	0.3804511278195489	True
4690939abbaed200afffde0a457f0324	64428	spontaneous-speech-led-64428.mp3	18288	6792	Màdhò njèy ddìngaó nì shú ní kà déy ndanà nì lò ní ddu màdhí bba ó?	Li tsò njúwdha ngǎjìní lò ró cha ndèy shì li kà ó nì  lǎní lò tdràdha bbalè kà ó cha ndèy mba shú ní thiy nì chǒw ní déydha	1			Lendu	train	5.139982502187227		False	0.15000000000000002	False	4.128506447238114	0.41654135338345866	True
789f537bcdf7638af5c97b59bc69a60d	64749	spontaneous-speech-led-64749.mp3	23508	6792	Màdhò njèy ddìngaó nì shú ní kà déy ndanà nì lò ní ddu màdhí bba ó?	Déydha lǎní lò ó màdhí bba óddù nà nì mà rř Ddrà lò kà rà mà jùw ki mà rà dey lǎní bbalè ní rwo nì mî à ji mà rř gàvméntè ó bbalè chuw à dho ley màdhí bba ó lò à déy lǎní gbow nì mî à ji mà rř lò cha ì dà mà djòluw nì bbalè děddù	1			Lendu	train	7.316658158924621		False	0.27510917030567683	False	3.519811592407939	0.09548872180451128	True
bb53c9cc38fe315d31ecd6251f4b4705	65174	spontaneous-speech-led-65174.mp3	18108	6792	Màdhò njèy ddìngaó nì shú ní kà déy ndanà nì lò ní ddu màdhí bba ó?	Mà dho mà tsò njuw ddǐnga mà dho lò ddey mà dho mà dhí nzòw gwiy lǎní lò nà fúnì nwǎŋú ddǐnga mà njey nì lò mà dho màdhí nzow dho lǎní lò dhò ndaní nzòw ddí ka dey lǎní	1			Lendu	train	7.123923127899271		False	0.32121212121212117	False	3.4141393118781367	0.062406015037593986	True
21fb7f77ccb2d6989e98bcd4edf4c539	65281	spontaneous-speech-led-65281.mp3	22248	6792	Màdhò njèy ddìngaó nì shú ní kà déy ndanà nì lò ní ddu màdhí bba ó?	Mà dho Ddrà mí lò mí klôw ndrr à déy ru mà dho Ddrà mí lò mí nyǔ'wiy mí ngéyngéy ní bbalè kwo ndeyní ndrǔ rǎ mà tsosto kwo Ddrà mí lò nà ndeyní à bbú shú ní nga màdhí bba ò ndeyní màdhí bba à chǔw lǎnà ní déydha	1			Lendu	train	7.281553398058252		False	0.2932692307692307	False	3.7522039095531254	0.19473684210526315	True
9effd7faf8601b37182a0098bf1d23b2	65593	spontaneous-speech-led-65593.mp3	16740	6792	Màdhò njèy ddìngaó nì shú ní kà déy ndanà nì lò ní ddu màdhí bba ó?	Ma dho njèy ddìnga ó nì shú ní li thíy mí lò nì  Ddrà tdradha mí lò ley gùdha mí lò ngengéy nî dza kà ò luw nzǐ à njěy ndèy	1			Lendu	train	5.495818399044205		False	0.10833333333333328	False	4.015224248031681	0.362406015037594	True
9effd7faf8601b37182a0098bf1d23b2	65593	spontaneous-speech-led-65593.mp3	16740	6792	Màdhò njèy ddìngaó nì shú ní kà déy ndanà nì lò ní ddu màdhí bba ó?	Mà dho njèy ddǐnga ó shú ní li thíy dhò nì lò nì Ddrà tdràdha mí lò ley gùdha mí lò ngéyngéy ní dza kaluw nì nzǐ à njěy ndèy	1			Lendu	train	5.675029868578255		False	0.11570247933884292	False	4.073215145618941	0.3924812030075188	True
eea86ca8ea6b1af65157b06503a99e83	65749	spontaneous-speech-led-65749.mp3	16848	6792	Màdhò njèy ddìngaó nì shú ní kà déy ndanà nì lò ní ddu màdhí bba ó?	Jǐ dhò dha ddǐ nga ó déydha ddǐnga ó fú nì dho shú ní déy dha bbu ney mà kà ó ddìngà ó	1			Lendu	train	3.798670465337133		False	0.1325301204819277	False	4.904770169025234	0.8398496240601504	False
69460059366eafce16269260ed3e45b0	65882	spontaneous-speech-led-65882.mp3	6120	6792	Màdhò njèy ddìngaó nì shú ní kà déy ndanà nì lò ní ddu màdhí bba ó?	Li ddì dhi njèy ndèy ro	1			Lendu	train	2.941176470588235	transcription-length	True	0.0	False			False
b60ffd663a6f4ea05bc69ef86c8ee3e8	65998	spontaneous-speech-led-65998.mp3	18936	6792	Màdhò njèy ddìngaó nì shú ní kà déy ndanà nì lò ní ddu màdhí bba ó?	À jì mà déy mà kà ò jǐ nà à jì mà déy mà kà ó mà tsò njúwdha nà à ji mà déy mà kà ó lò ngǎjì ní nì ǒnga dey njǎ à déy ngǎ mà kà ò fú ddiy rà ley mà rà dey shú ní thíy nà mà kà ò	1			Lendu	train	6.54837346852556		False	0.3160919540229885	False	4.093780111027427	0.40075187969924814	True
3d6b646c1cb9130eb226ee4110f7995d	66520	spontaneous-speech-led-66520.mp3	17748	6792	Màdhò njèy ddìngaó nì shú ní kà déy ndanà nì lò ní ddu màdhí bba ó?	À jì mà njúw mà tsò mà bbǐ ò ní nga mà chǔw ndanà mbr ndèyní mà chǔwò ní shú ní nga mà dhí bba ó mà dhí bba dhǐ ndanà	1			Lendu	train	4.901960784313725		False	0.26315789473684215	False	3.77966312036907	0.20451127819548873	True
c5df5911e2fe9c37bfe33b1deacd2a9c	63867	spontaneous-speech-led-63867.mp3	22860	6793	Ddudhò à ní lǎní mà déy do nà cha ndèy ɦuwdjò nì tuw nì màdhí ddiy lidha nà?	Ddudhò à ní lǎní mà déy do nà cha ndèy ɦuwdjò nì tǔw nì màdhí ddiy lìdha ró? Fúddiy rà ley mà rà màdhí fúddiy rónga pbò ndèymí nzǐ à rà ndèy sà kéykéy ddiydhò njàddí ndrǔ zz nì ì làyi mí ddiy ì ó lò nà	1			Lendu	train	6.7804024496937885		False	0.14646464646464652	False	3.8587710514193785	0.2593984962406015	True
8acb58a60c926b87d6f906bec0e3c36d	63923	spontaneous-speech-led-63923.mp3	16056	6793	Ddudhò à ní lǎní mà déy do nà cha ndèy ɦuwdjò nì tuw nì màdhí ddiy lidha nà?	Ddudhò à ní lǎní mà déy do nà cha ndèy ɦuwdjò nì tǔw ní mà dhí ddiy lídha nǎ à ley nì ka bbò nì ddiy rónga	1			Lendu	train	4.982561036372696		False	0.11650485436893199	False	3.818715289325168	0.22781954887218045	True
5ead05ed0317f78aa329e93b3f6c2b6c	64097	spontaneous-speech-led-64097.mp3	16776	6793	Ddudhò à ní lǎní mà déy do nà cha ndèy ɦuwdjò nì tuw nì màdhí ddiy lidha nà?	Nzánà à bbǎ  mà déy ní zòw nà nzá nà à rà ley màdhí nzòw djú skul fiz bbúdha rà ngu klǒw nzánà à rà ley mà ró gbǔ rà dey bbwiy bbalè kà ó	1			Lendu	train	6.080114449213162		False	0.16417910447761197	False	3.6361981252482463	0.1443609022556391	True
69460059366eafce16269260ed3e45b0	64497	spontaneous-speech-led-64497.mp3	11916	6793	Ddudhò à ní lǎní mà déy do nà cha ndèy ɦuwdjò nì tuw nì màdhí ddiy lidha nà?	Ndaní mà pbǒ màdhí lǎní ddiy-tsi rónga ndaní mà déy věy ní ddiy nà	1			Lendu	train	4.447801275595838		False	0.1428571428571429	False	3.5126185042635782	0.09323308270676692	True
3d6b646c1cb9130eb226ee4110f7995d	64574	spontaneous-speech-led-64574.mp3	16668	6793	Ddudhò à ní lǎní mà déy do nà cha ndèy ɦuwdjò nì tuw nì màdhí ddiy lidha nà?	À léy nì ka déy nì ddiy nà à léy nì ka pbo nì ddiy rónga à léy nì cha lò má ndey vi li tsotso kwo luwtò nì fúddiy rà kwo ndey	1			Lendu	train	5.579553635709144		False	0.2622950819672131	False	3.966544501714029	0.3263157894736842	True
21fb7f77ccb2d6989e98bcd4edf4c539	64579	spontaneous-speech-led-64579.mp3	25740	6793	Ddudhò à ní lǎní mà déy do nà cha ndèy ɦuwdjò nì tuw nì màdhí ddiy lidha nà?	Ndèy ɦuwdjò nì tǔw ní ddiy  mà dho li màdhí ngǎ ndèy ɦuwdjò nì tǔw ní ddiy nà ndéyní à dhǒ mà nì dhǐy ndeyní à dhǒ mà ddí nì ney mà dyási níchú ndeyní mà ddí mb ma lǎní ndeyní mà ddí déy shú nì mà thíy ónga nà	1			Lendu	train	6.177156177156177		True	0.31553398058252424	False			False
789f537bcdf7638af5c97b59bc69a60d	64628	spontaneous-speech-led-64628.mp3	20556	6793	Ddudhò à ní lǎní mà déy do nà cha ndèy ɦuwdjò nì tuw nì màdhí ddiy lidha nà?	Nzǐ mà sǎ ddiy má cha ney ndey ɦuwdjò nì tǔw màdhí nà nì fú lò rà mà mbà zòw ò àà ddiy cha ney nyi dhotsò chùw nà nì à ji nzǐ nyi lí rǒnga nyi drŕ drŕ ní djò nò ndaní kà ká nyi dhò ney cha nyi nì jǐ nà nì lò njèy	1			Lendu	train	7.734967892586106		False	0.21327014218009477	False	5.174960641498336	0.9052631578947369	False
b60ffd663a6f4ea05bc69ef86c8ee3e8	64662	spontaneous-speech-led-64662.mp3	23940	6793	Ddudhò à ní lǎní mà déy do nà cha ndèy ɦuwdjò nì tuw nì màdhí ddiy lidha nà?	Fúddiy rà mà tsotso kwo mà ró lò má ndèy shì nì dho zěy fúddiy rà ley màdhí nzòw rà sòmù fúddiy rà ley mà rà drr̀tsś dzz̀ fúddiy rà ley mà rà meyá nà dey fúddiy rà ley mà rà dròdró ní dza ss̀ fúddiy dhò màdhí fúddiy ɦuwdjò nì tǔw màdhò mí nga nì fu	1			Lendu	train	8.061821219715956		False	0.34959349593495936	False	3.878544547177806	0.26842105263157895	True
da097b556a52dc7d273093cf8ce97abd	65290	spontaneous-speech-led-65290.mp3	16488	6793	Ddudhò à ní lǎní mà déy do nà cha ndèy ɦuwdjò nì tuw nì màdhí ddiy lidha nà?	Ndèy ɦuwdjò nà tǔwtǔw ní ddiy à kwó nì li tsotso cha mí sâ kâ nyi dho nyi njěy ndanà nji nyi ká ndanà njí njèy mí sâ ó déy	1			Lendu	train	5.640465793304221		False	0.11764705882352944	False	4.318110559365412	0.556390977443609	True
eea86ca8ea6b1af65157b06503a99e83	65355	spontaneous-speech-led-65355.mp3	21960	6793	Ddudhò à ní lǎní mà déy do nà cha ndèy ɦuwdjò nì tuw nì màdhí ddiy lidha nà?	À jì mà déy do nà mí lò tey nì nzánà à bbǎ mà zòw nà ddiy gbè dziylíy mà níchú ya mà lîy ǒnga nzá mà ddêy ní à dho zòw mbà mà dho màdhí nzòw dho ddí	1			Lendu	train	5.009107468123862		False	0.12413793103448278	False	4.718868609024148	0.7676691729323308	False
e75023469f03884aa6b979a6eeb811c2	65382	spontaneous-speech-led-65382.mp3	18288	6793	Ddudhò à ní lǎní mà déy do nà cha ndèy ɦuwdjò nì tuw nì màdhí ddiy lidha nà?	Laní ddiy nì lǎní ddiy lǎní ddiy nzǐ nyi dho ngu ngù swà ní ddiy ní ya lǎní ddiy nì ney màdhí bba ó ro à ji mà njěy fúddiy dò bbǔsùdjú fúddiy rà ngu mà tsotso kwo nzá mà njèy fúddiy dò ro bbǔsùdjú à rà ngu ngu mà dho swǎ ní	1			Lendu	train	9.350393700787402		False	0.34545454545454546	False	3.839623699624193	0.24436090225563908	True
4690939abbaed200afffde0a457f0324	65434	spontaneous-speech-led-65434.mp3	19116	6793	Ddudhò à ní lǎní mà déy do nà cha ndèy ɦuwdjò nì tuw nì màdhí ddiy lidha nà?	Ndèy ɦuwdjò nà tǔw nì ddiy léy nyi chuw lǎní mb à léy nyi nja nyi lǎní ddiy ní bbalè kàó ndèymí nyi déy ndèy nì ddiy nà nì li ní	1			Lendu	train	5.126595522075748		False	0.23199999999999998	False	3.9246253425500033	0.3007518796992481	True
f595d0e1832ceab8c935264c25968409	65437	spontaneous-speech-led-65437.mp3	13320	6793	Ddudhò à ní lǎní mà déy do nà cha ndèy ɦuwdjò nì tuw nì màdhí ddiy lidha nà?	À nì lǎní mà déy do nà màdhí ddiy ndèy ɦuwdjò nì tuwtǔw nî nà ndaní à kwó màtsotso njitso djò à  lǎní sâ ó	1			Lendu	train	6.081081081081081		False	0.06796116504854366	False	4.0314895654755905	0.37218045112781956	True
830ccfbc3f4a54ceb8d849dbfe1b520f	65705	spontaneous-speech-led-65705.mp3	19188	6793	Ddudhò à ní lǎní mà déy do nà cha ndèy ɦuwdjò nì tuw nì màdhí ddiy lidha nà?	Fú nì chú rà ley nyi nì vi dey njěy nì ddiy ɦuwdjò rà dey tǔw nǔ nyi vi dey lò chú wá nì rř ma cha à jì tdè nyi njèy nì à rà ngu jì nyi chú nyi bbú nyi thíy lǎní ní nì fú ndeyli dho	1			Lendu	train	6.983531373775277		False	0.1899441340782123	False	4.484991821714872	0.649624060150376	False
bb53c9cc38fe315d31ecd6251f4b4705	65872	spontaneous-speech-led-65872.mp3	19368	6793	Ddudhò à ní lǎní mà déy do nà cha ndèy ɦuwdjò nì tuw nì màdhí ddiy lidha nà?	À ji mà ngú fú li kotò ndaní fú li kwó mà tsotso kum fú li nì ney ddiy nà cha à kà à kwó ndanà mà tsotso nì màká dey lǎní fúlò dho fú ddiy dhò mà nì ngu fúli kotò	1			Lendu	train	6.247418422139611		False	0.24528301886792447	False	3.933195294450163	0.30526315789473685	True
f1a9e65b853cca9c7a61a76ceeba58e2	65921	spontaneous-speech-led-65921.mp3	20988	6793	Ddudhò à ní lǎní mà déy do nà cha ndèy ɦuwdjò nì tuw nì màdhí ddiy lidha nà?	Nzǐ mà sǎ sàdha ní à rà mà tsotso kwo bbǔwss̀djú lò má ndèy rà shì mà ró nì nà à rà màdhí nzòw tsotso kwo děy lò má ndèy shì mà njìò nì nà à rà mà rr̀dja thì njàddí itsś djúnga dhò ya nzá mà sà sàdha ní mà pbò rǒnga	1			Lendu	train	7.813988946064418		False	0.2582159624413145	False	4.658565861533467	0.7443609022556391	False
9effd7faf8601b37182a0098bf1d23b2	66612	spontaneous-speech-led-66612.mp3	16596	6793	Ddudhò à ní lǎní mà déy do nà cha ndèy ɦuwdjò nì tuw nì màdhí ddiy lidha nà?	À jì nzǐ mà sǎ fú ddiy ngǎ nì lò tey ó à jì mà njǎ fú ddiy kwô mà tsotso màdhí klǒw ní lò ó ngǎ swà swà ní fú nì	1			Lendu	train	4.8806941431670285		False	0.15596330275229353	False	4.848952367569206	0.8233082706766918	False
c5df5911e2fe9c37bfe33b1deacd2a9c	63874	spontaneous-speech-led-63874.mp3	22320	6794	Ddudhò à ní jì kâ gwîy dùdú ní nzòw cha ì nì màdhí bba ó nì silimu mí lò nà?	Ddudhò à ní jǐ ka gwíy dùdú ní nzòw cha ì nì màdhí bba ónì silímù mí lò na? Fúnì rà ndrǔ tsotso kwo ndaní nzǐ ndrǔ chǔw silímù ndaní ndrǔ pbǒ ì rónga lǎní ndaní ndrǔ tsǐ silímù ya ka chùw ya ddu à kà ka njěy ddiy	1			Lendu	train	7.347670250896058		False	0.19138755980861244	False	3.109979205146414	0.011278195488721804	True
f595d0e1832ceab8c935264c25968409	64091	spontaneous-speech-led-64091.mp3	19440	6794	Ddudhò à ní jì kâ gwîy dùdú ní nzòw cha ì nì màdhí bba ó nì silimu mí lò nà?	Ndaní ndrǔ pbǒ ì rónga fú dhi róddù ndaní nzǐ ndrǔ ngú dey dha ngǎjìní lò njèydha dho cha ndèy dho ley ndrǔ chǔw fú dhi nì ì dhí dji ó	1			Lendu	train	5.349794238683128		False	0.14503816793893132	False	3.0752013007632324	0.008270676691729323	True
b60ffd663a6f4ea05bc69ef86c8ee3e8	64255	spontaneous-speech-led-64255.mp3	32868	6794	Ddudhò à ní jì kâ gwîy dùdú ní nzòw cha ì nì màdhí bba ó nì silimu mí lò nà?	À léy nzánà nzòw rǎ silimu mí dhi chùw à léy nzánà nzòw chǔw dhi dhǎ dzilíy djú bbǎlà njèydha ó à léy nzòw rónga ka dey vokavu dhǐy wá nì dho	1			Lendu	train	3.3467202141900936		True	0.1811594202898551	False			False
830ccfbc3f4a54ceb8d849dbfe1b520f	64610	spontaneous-speech-led-64610.mp3	12420	6794	Ddudhò à ní jì kâ gwîy dùdú ní nzòw cha ì nì màdhí bba ó nì silimu mí lò nà?	Ndaní nzǐ ndrǔ déy bbiy kúw nà tsǔwtsùw dǐskò mà òluw ndaní nzǐ ndrǔ tsǐ li kòwdha swàní ní nì lò	1			Lendu	train	6.199677938808374		False	0.13829787234042556	False	4.640795973962527	0.7345864661654136	False
69460059366eafce16269260ed3e45b0	64614	spontaneous-speech-led-64614.mp3	11016	6794	Ddudhò à ní jì kâ gwîy dùdú ní nzòw cha ì nì màdhí bba ó nì silimu mí lò nà?	Ndaní ndrǔ tsǐ silimu nì ngǎjí ní dhi ndaní ndrǔ bbǒ ì silimu ró ddù	1			Lendu	train	4.901960784313726		False	0.18461538461538463	False	3.496324229662547	0.0849624060150376	True
21fb7f77ccb2d6989e98bcd4edf4c539	64702	spontaneous-speech-led-64702.mp3	26568	6794	Ddudhò à ní jì kâ gwîy dùdú ní nzòw cha ì nì màdhí bba ó nì silimu mí lò nà?	À kà ka gwíy fú nzòw ndeyní fú nzòw dhí djiy rónga à bbǒ ndèy lǎní ndèy ndrǔ tsǐ cha ney ndèy dho ì dhí djiy sà ní dhi ka chuw nì ndana ní tuw ndèyni ndrǔ bbǒ ì ró nga fú tuw ró ddú ndeyní nzǐ ndru chǔw silimu mí dhi	1			Lendu	train	6.2104787714543805		True	0.21126760563380287	False			False
5ead05ed0317f78aa329e93b3f6c2b6c	64916	spontaneous-speech-led-64916.mp3	21996	6794	Ddudhò à ní jì kâ gwîy dùdú ní nzòw cha ì nì màdhí bba ó nì silimu mí lò nà?	Ndaní ndrǔ tsǐ ì rónga bbòdha mí lò ndaní ndrǔ tsǐ li ddéydha mí lǎ ní nga cha kadho ndana njitsò djú lò njà nì nzánà à léy ní ndrǔ dhí jiy à rǎ ò ní ddow tuwtsò	1			Lendu	train	5.63738861611202		False	0.18354430379746833	False	3.661297421608212	0.1548872180451128	True
4690939abbaed200afffde0a457f0324	65215	spontaneous-speech-led-65215.mp3	14040	6794	Ddudhò à ní jì kâ gwîy dùdú ní nzòw cha ì nì màdhí bba ó nì silimu mí lò nà?	Ndaní ndrǔ tsǐ silímù hwi nì bbalè silímù tde nì ddì nì dhi cha à léy nyi pbá nì ndèymí nyìmí klôw ngú ngǎ	1			Lendu	train	5.911680911680912		False	0.08737864077669899	False	3.7998547862502674	0.21428571428571427	True
3d6b646c1cb9130eb226ee4110f7995d	65501	spontaneous-speech-led-65501.mp3	12888	6794	Ddudhò à ní jì kâ gwîy dùdú ní nzòw cha ì nì màdhí bba ó nì silimu mí lò nà?	Ndaní nzánà ndrǔ dhǐ děy ì dhí cho nì gbè ddiydho aa ndrǔ pbǒ ì rónga fú dhi róddù kwan fú dhi nì ngǎjìní dhi	1			Lendu	train	6.59528243327126		False	0.09433962264150941	False	4.178584281822889	0.44586466165413535	True
eea86ca8ea6b1af65157b06503a99e83	65791	spontaneous-speech-led-65791.mp3	16956	6794	Ddudhò à ní jì kâ gwîy dùdú ní nzòw cha ì nì màdhí bba ó nì silimu mí lò nà?	Ndaní ndrǔ tsǐ silímù mí ngǎjìní nga ndaní ndrǔ ká ì rónga pbò ndaní nzǐ ndrǔ chǔ fú silímù mí dhi ndaní ndrǔ ka dey nyǔ'wiy nà silímù ndèy dho nya nì ddiy ró	1			Lendu	train	7.372021703231894		False	0.2645161290322581	False	3.117662009230902	0.012781954887218045	True
9effd7faf8601b37182a0098bf1d23b2	65806	spontaneous-speech-led-65806.mp3	16848	6794	Ddudhò à ní jì kâ gwîy dùdú ní nzòw cha ì nì màdhí bba ó nì silimu mí lò nà?	À nì jǐ ka gwíy dùdú ní nzòw sìlímù mí lò nà ndaní nzǐ ndrǔ chǔw fú sìlímù mí dhi màdhí bba ó à nyá ndèy drǒ ddiy	1			Lendu	train	5.104463437796771		False	0.09090909090909094	False	3.3850544407152903	0.05263157894736842	True
bb53c9cc38fe315d31ecd6251f4b4705	65839	spontaneous-speech-led-65839.mp3	17856	6794	Ddudhò à ní jì kâ gwîy dùdú ní nzòw cha ì nì màdhí bba ó nì silimu mí lò nà?	À ji fú ndrǔ ka gwíy nzǐ fú ndrǔ chǔw silímù fú ndrǔ pbǒ ì rónga lǎní nzánà fú ndrǔ chǔw silímù silímù nì ngǎjìní dhi nì ndey ddudho mànì fú ndrǔ gwiy silímù mí lò nà	1			Lendu	train	7.280465949820788		False	0.29447852760736193	False	3.120240648883662	0.013533834586466165	True
da097b556a52dc7d273093cf8ce97abd	65870	spontaneous-speech-led-65870.mp3	13140	6794	Ddudhò à ní jì kâ gwîy dùdú ní nzòw cha ì nì màdhí bba ó nì silimu mí lò nà?	À nì lǎní mà gwíy dùdú ní nzòw màdhí bbaó nì silímù mí lò nà ndaní ndrǐ tsǐ ndrǔ déy tsìdha ní silímù dhì nì tdey nì ndaní ndrǔ pbǒ ì rónga	1			Lendu	train	8.21917808219178		False	0.1470588235294118	False	3.4099937710267896	0.06090225563909774	True
f1a9e65b853cca9c7a61a76ceeba58e2	66249	spontaneous-speech-led-66249.mp3	22068	6794	Ddudhò à ní jì kâ gwîy dùdú ní nzòw cha ì nì màdhí bba ó nì silimu mí lò nà?	Nzá nà ndrǔ tá ì swǎ nzá nà ndrǔ rá fu dhi chùw ndrǔ bbǒ ì ró nga ndrǔ rř ní nga cha ka nì tdrǎ ì dhò nì lò djú ddù ndanà ndrǔ dhí ddu ká ndèy ndrr	1			Lendu	train	4.984593075947072		False	0.16551724137931034	False	4.430491757081468	0.6218045112781955	False
c5df5911e2fe9c37bfe33b1deacd2a9c	63878	spontaneous-speech-led-63878.mp3	25056	6795	Li do njèydha kà dhò gwîy ŋǎchú děy ì nì dhǐy dhǐydha ní nì nzòw dhò Uganda ó nì Skul ó ndèymí bbà ó?	Li dò njèydha ka dhó gwiy ŋǎchú děy ì nì dhǐy dhìdha ní nì nzòw dhò Uganda ó nì sùkúl ó ndèymí bba ó? À jì fú nzòw tsò ka njúw tdrŕ ddǐngǎ ka tdrǎ ndrǔ dhò lò li dò njèydha mî ndèymí ndrǔ njǎ dròdró ní bbalè wá gbè ì djá níchú ndaní ndrǔ njěy ndrǔ dò	1			Lendu	train	7.742656449553001		False	0.18145161290322576	False	3.773764483159745	0.20225563909774436	True
8acb58a60c926b87d6f906bec0e3c36d	63961	spontaneous-speech-led-63961.mp3	19980	6795	Li do njèydha kà dhò gwîy ŋǎchú děy ì nì dhǐy dhǐydha ní nì nzòw dhò Uganda ó nì Skul ó ndèymí bbà ó?	Li dò njèydha ka dho gwiy ŋǎchú děy ì nì dhǐy dhìydha ní nì nzòw dhò Uganda ó nì sùkúl ó ndèymí bba ó? À jì ka gwíy ndrǔ li dò njèydha mí lǎní nga ró	1			Lendu	train	5.7057057057057055		False	0.11643835616438358	False	3.661818545050506	0.15639097744360902	True
4690939abbaed200afffde0a457f0324	64473	spontaneous-speech-led-64473.mp3	15840	6795	Li do njèydha kà dhò gwîy ŋǎchú děy ì nì dhǐy dhǐydha ní nì nzòw dhò Uganda ó nì Skul ó ndèymí bbà ó?	À jì ka njúw ndrǔ tsò ka těy ndrǔ dhò ya ŋǎchú kà  ka déy ddiy sùkúl ó ndèymí bba kàó ddí ndaní ndrǔ dhǐy chěy ní nzòw ní lǎní lò nà ì kàó	1			Lendu	train	6.565656565656566		False	0.11851851851851847	False	3.576515504368175	0.11879699248120301	True
eea86ca8ea6b1af65157b06503a99e83	64582	spontaneous-speech-led-64582.mp3	19440	6795	Li do njèydha kà dhò gwîy ŋǎchú děy ì nì dhǐy dhǐydha ní nì nzòw dhò Uganda ó nì Skul ó ndèymí bbà ó?	Màdho fú nzòw gwiy màdhí njeydha nà ndaní ndrǔ njǎ mà dè mà nì njěy nì ddiy jì ndaní ndrǔ chǔw nyǔ'wiy fungá Màdho fú nzòw gwiy lò tdràdha nà ndrǔ dho ndaní ndrǔ chǔw do njèydha	1			Lendu	train	7.253086419753086		False	0.3045977011494253	False	3.2817556594500745	0.03007518796992481	True
789f537bcdf7638af5c97b59bc69a60d	65277	spontaneous-speech-led-65277.mp3	23688	6795	Li do njèydha kà dhò gwîy ŋǎchú děy ì nì dhǐy dhǐydha ní nì nzòw dhò Uganda ó nì Skul ó ndèymí bbà ó?	Li dò njèydha ka dho gwiy skul ó nzòw dho ǐ chúchú; À jǐ ka dhǒ Ddra lò ndrǔ dhò cha ney ndanà ndrǔ dho lò tsì bbalè nyìdha mî nà nì à ji ka dhǒ gavmente mí lò ndrǔ dhò cha ka dho ndrǔ djùkpa kprà  ka dho dho njèy ney cha ddròddró ní bbalè dhî nà nì	1			Lendu	train	8.020938872002702		False	0.27235772357723576	False	4.121730862063901	0.4105263157894737	True
3d6b646c1cb9130eb226ee4110f7995d	65295	spontaneous-speech-led-65295.mp3	16560	6795	Li do njèydha kà dhò gwîy ŋǎchú děy ì nì dhǐy dhǐydha ní nì nzòw dhò Uganda ó nì Skul ó ndèymí bbà ó?	À jì mà dhǒ màdhí nzòw dho í nì dròdró ní ndrǔ nì ndey mà njey à dò ndrǔ dò ndeyní ndrǔ déyò ní do njèydha nà wánì bbalè dho	1			Lendu	train	5.736714975845411		False	0.14876033057851235	False	3.6213010723113617	0.13909774436090225	True
b60ffd663a6f4ea05bc69ef86c8ee3e8	65644	spontaneous-speech-led-65644.mp3	15336	6795	Li do njèydha kà dhò gwîy ŋǎchú děy ì nì dhǐy dhǐydha ní nì nzòw dhò Uganda ó nì Skul ó ndèymí bbà ó?	À kà mà dhǒ li dò njèydha dùdú ní ddù děy ndrǔ nì dhǐydhìy ní ro màdhí bba ó njàddî mà mbǎ ndrǔ sòmù ò ka rǎ ndrǔ gwiyli dò njèydha mí lò nà skul ò	1			Lendu	train	7.303077725612937		False	0.13888888888888884	False	3.882154753353202	0.2714285714285714	True
9effd7faf8601b37182a0098bf1d23b2	65708	spontaneous-speech-led-65708.mp3	17388	6795	Li do njèydha kà dhò gwîy ŋǎchú děy ì nì dhǐy dhǐydha ní nì nzòw dhò Uganda ó nì Skul ó ndèymí bbà ó?	Ddrà gwíydha mí lò nà sùkúl òluw yò bba kàòluw ndèymí dròdró cha ì dà nyì djòluw nì nà nyì rr fú bbalè chuw	1			Lendu	train	4.830917874396135		False	0.09615384615384615	False	4.009602351357737	0.3593984962406015	True
f1a9e65b853cca9c7a61a76ceeba58e2	66040	spontaneous-speech-led-66040.mp3	22536	6795	Li do njèydha kà dhò gwîy ŋǎchú děy ì nì dhǐy dhǐydha ní nì nzòw dhò Uganda ó nì Skul ó ndèymí bbà ó?	À tsǐ déydha nà  dyasi nà lǎnà nà ngǎ ley ní, ngǎ lò rr̀dha ní nyì mbǎ à somu ò à tsǐ ka dhó somu sò ŋǎ ní bbùw ka déy ndanà cha ka shǐ ndana changá kpa ddíyachú à rà ley à rà lǎní lò tsì li gwídha mí lò ró	1			Lendu	train	6.83351082712105		False	0.16748768472906406	False	5.565250629340741	0.9639097744360903	False
5ead05ed0317f78aa329e93b3f6c2b6c	66121	spontaneous-speech-led-66121.mp3	19476	6795	Li do njèydha kà dhò gwîy ŋǎchú děy ì nì dhǐy dhǐydha ní nì nzòw dhò Uganda ó nì Skul ó ndèymí bbà ó?	À jì ka léy nzòw tsǐ lò bbàdha ì kàó, à jì ka gwíy nzòw kplíy Ddrà mí lò tsìdha nà, à jì ka léy nzòw tsǐ ní lò zòw kwódha ì kàó ya ì sà njàddí ndrǔ dho ro	1			Lendu	train	5.9047032244814135		False	0.2715231788079471	False	4.569334811880635	0.6984962406015037	False
da097b556a52dc7d273093cf8ce97abd	66206	spontaneous-speech-led-66206.mp3	22716	6795	Li do njèydha kà dhò gwîy ŋǎchú děy ì nì dhǐy dhǐydha ní nì nzòw dhò Uganda ó nì Skul ó ndèymí bbà ó?	Li dò njèydha gwíydha à jì ka gwíy nzòw nà skul ò luw ka léy nzòw má ì so ŋà ní nì fúndrú déy fú lò chú gwiy rwo nì mî ka déy nzòw tsò chú njuw wá skul ò luw ka dhǒ ndrǔ dho	1			Lendu	train	5.678816693079767		False	0.20588235294117652	False	4.233127882619493	0.48796992481203005	True
21fb7f77ccb2d6989e98bcd4edf4c539	66241	spontaneous-speech-led-66241.mp3	20628	6795	Li do njèydha kà dhò gwîy ŋǎchú děy ì nì dhǐy dhǐydha ní nì nzòw dhò Uganda ó nì Skul ó ndèymí bbà ó?	Li dò njèydha à tde nì bbakǎ li jì  li dhí déydha bbakǎnì, li dhí lò tèydha jì bbakǎ nì li dhí lò tèydha bbakǎ nì fú lò nà nfú nzòw ra nì pbǔw sùkúl ò fú nzòw ddí ji nì li-dò njèydha	1			Lendu	train	6.7384138064766335		False	0.35195530726256985	False	4.398368749869926	0.6037593984962406	False
830ccfbc3f4a54ceb8d849dbfe1b520f	66261	spontaneous-speech-led-66261.mp3	23328	6795	Li do njèydha kà dhò gwîy ŋǎchú děy ì nì dhǐy dhǐydha ní nì nzòw dhò Uganda ó nì Skul ó ndèymí bbà ó?	Ka rà fú nzòw gwiy nà ndrǔ kà ndrǔ li ì jùw ndaní ndrǔw tsǐ skul ní ddu tdrǎ skul ngbo nì nzòw ŋàní ní skul léy ní ka chuw ní ŋà ní ní nyǔ'wiy djì à rà ngu jì fú nzòw ka ddów ò ní ndrǔ ngú ì dyasi dè ddìnga ó ndaní ndrǔ déy nyǔ'wiy nà lǎní nì ma cha ì dho Uganda tsotso kwo nì	1			Lendu	train	8.959190672153635		False	0.2344322344322345	False	4.374481082272801	0.5887218045112782	True
f595d0e1832ceab8c935264c25968409	66387	spontaneous-speech-led-66387.mp3	16776	6795	Li do njèydha kà dhò gwîy ŋǎchú děy ì nì dhǐy dhǐydha ní nì nzòw dhò Uganda ó nì Skul ó ndèymí bbà ó?	À ka ka dhǒ Ddrà mí lò ndrǔ dho à kà ka dhǒ ndrǔ dho gavmente mí lò ngengéy nì cik nà cha ndèy vi ley ndrǔ vi chěy nì lò dyòw nì	1			Lendu	train	5.722460658082976		False	0.19999999999999996	False	4.148909874266144	0.42857142857142855	True
8acb58a60c926b87d6f906bec0e3c36d	63930	spontaneous-speech-led-63930.mp3	16200	6796	Màdhó ddù njèy ndaní mà rŕ ngǎjìní li-rónga nì ngǒw ddiy?	Mà dhó ddu njèy ndaní mà rŕ ngǎjìní li rónga nì ngǒw ddiy? À jì mà gbú mà rónga lǎní dda nà	1			Lendu	train	4.382716049382716		False	0.0786516853932584	False	3.7721600753213176	0.20075187969924813	True
f595d0e1832ceab8c935264c25968409	64110	spontaneous-speech-led-64110.mp3	19008	6796	Màdhó ddù njèy ndaní mà rŕ ngǎjìní li-rónga nì ngǒw ddiy?	Mà mà ú dda wá nì nga nà mà ú màdhí rù wá nì nga nà à déy ngbá mà krŕ mà djòkpa déy lǎní mà krŕ mà dhotsòrú ndèymí mà kotsòrú nà à déy lǎní	1			Lendu	train	5.576599326599327		False	0.34782608695652173	False	4.918220205777294	0.8466165413533835	False
da097b556a52dc7d273093cf8ce97abd	64393	spontaneous-speech-led-64393.mp3	17388	6796	Màdhó ddù njèy ndaní mà rŕ ngǎjìní li-rónga nì ngǒw ddiy?	À jì ma gbú mà ró nga wá nì sǎ dho lǎní dda  nà sabúnì nà rwo nì mî à jì mà gbú mà dhí ru lǎ ní wá nì sâ ró gbow nì mî mà thǐ mà dhí dzá-nga ndaní à déy ddí lǎní nzánà mà ra dhi chùw	1			Lendu	train	7.591442374051069		False	0.17877094972067042	False	3.8093746246341325	0.22105263157894736	True
eea86ca8ea6b1af65157b06503a99e83	64420	spontaneous-speech-led-64420.mp3	18036	6796	Màdhó ddù njèy ndaní mà rŕ ngǎjìní li-rónga nì ngǒw ddiy?	Mà dho ngǎjìní mà rónga nì ngǒw ddiy jì li dda gbúdha nà wá nì nga nà mà dhí ru gbúdha nà wá nì nga nà màdhí ru dzàdhanà ddí ndaní mà njǎ mà lǎní	1			Lendu	train	6.154357950765136		False	0.2816901408450704	False	3.8438737293331733	0.24736842105263157	True
69460059366eafce16269260ed3e45b0	64867	spontaneous-speech-led-64867.mp3	12096	6796	Màdhó ddù njèy ndaní mà rŕ ngǎjìní li-rónga nì ngǒw ddiy?	Ma dho màtsá ru gbu sàbúnì nà ma dho ma rónga gbu sàbúnì nà njàddí nga nà ma dho chì ddí vìy ma rò	1			Lendu	train	6.200396825396825		False	0.3052631578947368	False	4.52116125518983	0.6661654135338346	False
5ead05ed0317f78aa329e93b3f6c2b6c	65494	spontaneous-speech-led-65494.mp3	19728	6796	Màdhó ddù njèy ndaní mà rŕ ngǎjìní li-rónga nì ngǒw ddiy?	À jì mà tdrř mà kuw mà gbú mà rónga wánì sâ nà dda nà à déy lǎní mà gbú màdhí rù à dě ní ngbá ndaní à tdówò ní mà rónga ngòwdha tsò	1			Lendu	train	5.018248175182482		False	0.17829457364341084	False	4.67250844088577	0.7526315789473684	False
9effd7faf8601b37182a0098bf1d23b2	66133	spontaneous-speech-led-66133.mp3	17496	6796	Màdhó ddù njèy ndaní mà rŕ ngǎjìní li-rónga nì ngǒw ddiy?	À jì mà ú mà ró ru déy lǎnà wá nì sáwà dhò  à jì mà gbú mà rónga ddí déy ò ní lǎnà wá nì ddu dhò	1			Lendu	train	3.886602652034751		False	0.22580645161290325	False	3.9459145428080316	0.3142857142857143	True
f1a9e65b853cca9c7a61a76ceeba58e2	66214	spontaneous-speech-led-66214.mp3	22896	6796	Màdhó ddù njèy ndaní mà rŕ ngǎjìní li-rónga nì ngǒw ddiy?	Mà ú dda sàbúnì nà mà ú mà ró rù mà vǐy chì mà ró ddu kodjò ró mà déy dda ú tdení à bbú lǎní vi màdhò tdení mà chǔw lǎní vi	1			Lendu	train	3.974493361285814		False	0.17500000000000004	False	5.433770418951546	0.9488721804511279	False
c5df5911e2fe9c37bfe33b1deacd2a9c	63868	spontaneous-speech-led-63868.mp3	17856	6797	Ddudhò à ní jǐ ma léy mbrdha ní dda lî à dèy lǎní?	Ddudho à ní jǐ mà léy mbrdha ní dda liy à déy lǎní fú nì rà mà tsotso kwo mà rà nzǐ dhi chùw à rà ley mà nì mbr nì dda à rà dey ngbá	1			Lendu	train	5.432347670250896		False	0.11627906976744184	False	4.349366276003112	0.5721804511278196	True
8acb58a60c926b87d6f906bec0e3c36d	63933	spontaneous-speech-led-63933.mp3	16380	6797	Ddudhò à ní jǐ ma léy mbrdha ní dda lî à dèy lǎní?	Ddudhò à ní jǐ ma léy mbrdha ní dda liy à déy lǎní? À nì ndaní nzǐ ngǎjìní dhi nyá	1			Lendu	train	3.8461538461538463		False	0.025316455696202556	False	3.897999955079187	0.28270676691729324	True
4690939abbaed200afffde0a457f0324	64172	spontaneous-speech-led-64172.mp3	21636	6797	Ddudhò à ní jǐ ma léy mbrdha ní dda lî à dèy lǎní?	Nzánà kǎkà nyá mà zz̀ ò, nzánà ngǎjìní nga rǎ tsuw dda ò cha ndèy sa dda nì nzánà màdhí déydha ddí sǎ ndèy	1			Lendu	train	3.836198927713071		False	0.10679611650485432	False	4.526915717657072	0.6714285714285714	False
da097b556a52dc7d273093cf8ce97abd	64310	spontaneous-speech-led-64310.mp3	14400	6797	Ddudhò à ní jǐ ma léy mbrdha ní dda lî à dèy lǎní?	Mbr̀dha ní dda à jì mà léy à déy lǎní ddì nì ndaní nzǐ à nyá màdho dhi rwo nì mî ndaní ǒ nó kǎkà à dhǐ ò ní	1			Lendu	train	5.486111111111111		False	0.07692307692307687	False	4.255847647685037	0.5052631578947369	True
69460059366eafce16269260ed3e45b0	64835	spontaneous-speech-led-64835.mp3	11088	6797	Ddudhò à ní jǐ ma léy mbrdha ní dda lî à dèy lǎní?	Sodis mí tuw léy nì dda déy nì lǎní ndèymí ma dzz nì dda nga dzz̀dha mí nga ò	1			Lendu	train	5.32106782106782		False	0.17567567567567566	False	4.330851403859313	0.5601503759398496	True
789f537bcdf7638af5c97b59bc69a60d	64933	spontaneous-speech-led-64933.mp3	23040	6797	Ddudhò à ní jǐ ma léy mbrdha ní dda lî à dèy lǎní?	Màdhí dda rr̀dja mbdha ní nì à ji à déy ngbá mí lò nì ì, dda ò nzǐ dda ngòw djú nì pběy nzánà à ká ngu dhi tsuw màdho dda bbùw mà cha ney mà nì dda mb ǒmá ddù nì kà mà ddá nzow ǒmá ddù à déy ngǎ ndaní dhi ní ddiy má kà dho mà chùw dda óddu nì kà déy ngǎ	1			Lendu	train	8.159722222222223		False	0.20799999999999996	False	5.7318978217831384	0.975187969924812	False
830ccfbc3f4a54ceb8d849dbfe1b520f	65109	spontaneous-speech-led-65109.mp3	19476	6797	Ddudhò à ní jǐ ma léy mbrdha ní dda lî à dèy lǎní?	Ndaní ddiy ma cha mà vi dey nyǔ nì mà vi dey dda mbr djò tey nì à déy ddí lǎní nì ddiy ddudjú ddu lǎní ddiy à léy nì djùw bbíy nì lǎní djùw chuw nì cha ndèyngá lǎní position ma cha à kà  ndèy bbíy ǒ nó nì à léy nì djùw chuw nì fú nì mà	1			Lendu	train	9.036763195728076		False	0.3405172413793104	False	4.228741043416155	0.4842105263157895	True
21fb7f77ccb2d6989e98bcd4edf4c539	65748	spontaneous-speech-led-65748.mp3	22320	6797	Ddudhò à ní jǐ ma léy mbrdha ní dda lî à dèy lǎní?	Mbrdha ní dda à kà à déy lǎní ndeyní nzǐ mà chǔw  ngéyngéy ní dhi jì dda òluw ka chuw nì nì nděymí ngéyngéy ní kǎkà jì mà nà cha dda ó ka chuw nì nì fúddiy nì jǐ dda à déy lǎní	1			Lendu	train	5.958781362007168		False	0.2774566473988439	False	4.298399889960864	0.5398496240601504	True
3d6b646c1cb9130eb226ee4110f7995d	66430	spontaneous-speech-led-66430.mp3	21996	6797	Ddudhò à ní jǐ ma léy mbrdha ní dda lî à dèy lǎní?	Nzá nà mà chǔw ò ní kǎka mí dhi mà ddròddró ní ndrǔ ró ddùddú ní nzòw ndèymí bbalè wá ma fu ì nì fú bba ó nì à ji dda ka thǐ ò ní fú dda liya  nga dey ò ní lǎní wánì sǎ nà	1			Lendu	train	5.682851427532278		False	0.0892857142857143	False	4.713289334058761	0.7654135338345864	False
eea86ca8ea6b1af65157b06503a99e83	66484	spontaneous-speech-led-66484.mp3	17820	6797	Ddudhò à ní jǐ ma léy mbrdha ní dda lî à dèy lǎní?	À nì jǐ ma ley mbrdha ní dda dey lǎní ndaní mà ká nzǐ dhi chùw dda ró ddù à ká mà ka dey vukavu ní mà ró nga nà ndaní fú dda ma mà nì mbr nì à thǐ mà ró djǔw ó nga ddí nzǐ mà chǔw dhi	1			Lendu	train	7.519640852974186		False	0.21111111111111114	False	4.574390071921778	0.7030075187969925	False
9effd7faf8601b37182a0098bf1d23b2	66630	spontaneous-speech-led-66630.mp3	16236	6797	Ddudhò à ní jǐ ma léy mbrdha ní dda lî à dèy lǎní?	Mbr̀dha ní dda liy mà léy à déy lǎnà ndaní nzá mm hhú shǐ mà dè ndaní nzá dda nyúddà sǎndè sàní wánì sǎnà	1			Lendu	train	5.05050505050505		False	0.11764705882352944	False	5.477210690390615	0.955639097744361	False
f595d0e1832ceab8c935264c25968409	66658	spontaneous-speech-led-66658.mp3	11340	6797	Ddudhò à ní jǐ ma léy mbrdha ní dda lî à dèy lǎní?	Mà dho mbdha ní dda li à déy lǎní ndaní à rŕ dhi cha ka chuw nì mbdha ní dda óddù ndèy  nyútey nì swǎní	1			Lendu	train	6.966490299823633		False	0.1188118811881188	False	4.530133514597934	0.675187969924812	False
c5df5911e2fe9c37bfe33b1deacd2a9c	63828	spontaneous-speech-led-63828.mp3	23508	6798	Mediya ó lò à sǎ ków ŋǎchú í ddu ó?	Midiyà ó lò à sǎ ków ŋǎchú í ddu ó? Midiya ó lò ley ków njàddí ndrǔ dhí dhâ ddiydhò bbalè déy nì ìgi chǒ ngu ków  njàddí ndrǔ déy nì ngǎjìní njeydha njǎ à tv ó	1			Lendu	train	5.189722647609325		False	0.16025641025641024	False	4.513435833904328	0.6616541353383458	False
8acb58a60c926b87d6f906bec0e3c36d	63948	spontaneous-speech-led-63948.mp3	15840	6798	Mediya ó lò à sǎ ków ŋǎchú í ddu ó?	Mědìya ó lò à sǎ ków ŋǎchú í ddu ó à lêy bbíy ní dhì nì ì gi chǒ ngéy ní kpa nà	1			Lendu	train	3.5984848484848486		False	0.02631578947368418	False	5.1050660683374325	0.8909774436090225	False
830ccfbc3f4a54ceb8d849dbfe1b520f	64158	spontaneous-speech-led-64158.mp3	25128	6798	Mediya ó lò à sǎ ków ŋǎchú í ddu ó?	À lêy dhì nzòw nì ngǎjìní rù kpǐy à lêy ínga nì nzòw ndrǔ bìdey ngǎjìní dyì mà bǐ à lěy ndrǔ bì dey filim má ndèy nì ngǎjìní nì njǎ à sà nzòw njanja nì cho ó à lêy nzòw djùkpa nì bbiy  ngǎjìní	1			Lendu	train	5.8500477554918815		True	0.28042328042328046	False			False
f1a9e65b853cca9c7a61a76ceeba58e2	64198	spontaneous-speech-led-64198.mp3	18900	6798	Mediya ó lò à sǎ ków ŋǎchú í ddu ó?	À ngù bbalè tsarr bbalè nì ì kǒw nzá ì tsì ì nà ní bbalè dhò à nì ków sǎ drǒ ndrǔ nì trozì tho nzá ì kà ì thó mí sâ nà	1			Lendu	train	4.55026455026455		False	0.15652173913043477	False	5.243468396937209	0.9195488721804511	False
eea86ca8ea6b1af65157b06503a99e83	64486	spontaneous-speech-led-64486.mp3	20988	6798	Mediya ó lò à sǎ ków ŋǎchú í ddu ó?	Míddiya lêy dhì nì swà ní rù tho ma nzá à kâ  dhì nà nì fú ddiy lêy ków nì dhá Mídìya lêy dhì nì dyì swàní  njǎ à lêy dhì nì wá í ddu djú disco bbǐy fúddiy nì ków sǎ	1			Lendu	train	5.812845435486945		False	0.2222222222222222	False	5.622146012375697	0.9676691729323308	False
789f537bcdf7638af5c97b59bc69a60d	65006	spontaneous-speech-led-65006.mp3	19620	6798	Mediya ó lò à sǎ ków ŋǎchú í ddu ó?	Mǐdìyà ó lò à sà ków  lò í cho nà nyi rà chùw lò vi òluw nà nì bbalè wánì nì mí lò rř ndrǔ ní nì cho ró ków tdè ka íy li 'wí ka ra dhiy mí lò ka rà si chíy chìy ní rútsò djú bbalè mà ndèy rà rr̀ nà nì ngǎ à rà tdè nú dzá nì bbalè	1			Lendu	train	8.511722731906218		False	0.17180616740088106	False	5.938292259375374	0.9834586466165414	False
3d6b646c1cb9130eb226ee4110f7995d	65073	spontaneous-speech-led-65073.mp3	20520	6798	Mediya ó lò à sǎ ków ŋǎchú í ddu ó?	À sà ków dzá ì nì dhì dhî ddí ndèymî ndrǔ vi dey cha filim mà njǎ tik tok gìndé mà nà cha kàriokì mà bbìdha ró simu ó à vi dey ndèy njèy ddiy à sà bba	1			Lendu	train	5.50682261208577		False	0.10204081632653061	False	5.547645507197366	0.9624060150375939	False
b60ffd663a6f4ea05bc69ef86c8ee3e8	65137	spontaneous-speech-led-65137.mp3	24120	6798	Mediya ó lò à sǎ ków ŋǎchú í ddu ó?	À lêy nzòw nì sòmu sǒmu nzǐ à lêy nzòw nì bbǎlà njǎ vidio òluw fúddiy nì ley nzòw nì bbǎlà njey dhǎ nzòw nì kǒw děyddù à lêy dhì ní ndrǔ sǎ gbow nì ró ka nì chǔw děy ndrǔnì nì vidio njǎ fule dza rónga bbòdha nì ngǎ fúnì ddiy má ma njà nì fu	1			Lendu	train	7.628524046434494		False	0.240506329113924	False	4.556174492996323	0.6887218045112782	False
e75023469f03884aa6b979a6eeb811c2	65409	spontaneous-speech-led-65409.mp3	16200	6798	Mediya ó lò à sǎ ków ŋǎchú í ddu ó?	Tà lâ la nì ney fú lò chú lêy chěy ní lò nì ngǎ medíya, medíya ó lò í nì ó lò ró lò tdràdha à nì klǒw ddu dhò lònì tsàkà fú lò ó	1			Lendu	train	5.802469135802469		False	0.15200000000000002	False	5.166166694641897	0.9022556390977443	False
4690939abbaed200afffde0a457f0324	65713	spontaneous-speech-led-65713.mp3	15300	6798	Mediya ó lò à sǎ ków ŋǎchú í ddu ó?	À lêy njanja bbalè dhí ków rónga lîy ndèy njàddí nga nà nyi nì chǔ kpa ní ndrǔ nì ì zž ì kàó, dhì ní ndrǔ ddí nì ì zž ì kàó, à lêy dhì ní ndrǔ djùkpa ddí ngû klǒw njàddí nga nà	1			Lendu	train	8.823529411764705		False	0.3085714285714286	False	3.990535099779608	0.3398496240601504	True
da097b556a52dc7d273093cf8ce97abd	66031	spontaneous-speech-led-66031.mp3	22176	6798	Mediya ó lò à sǎ ków ŋǎchú í ddu ó?	Midìyà ó lò à sà ków ndu ndrr̀ nà ǐchú ddì nì mî í cho mí ɦìytss ní li ndeylí ngà dzá nì à nì ngu lò tdrǎ ndeyli nà rútsò djú nì rwo nì mî dhì nzòw ní nzòw í cho ndrǔ nì ngu lò tdrǎ ì dyási dhí kpání nà	1			Lendu	train	6.809163059163058		False	0.18090452261306533	False	4.655514093847088	0.7421052631578947	False
f595d0e1832ceab8c935264c25968409	66346	spontaneous-speech-led-66346.mp3	16308	6798	Mediya ó lò à sǎ ków ŋǎchú í ddu ó?	À ley dhi ní ndrú djòkpa ngû klǒw ì kpá dho dzakà cha ney lò má ì nì njǎ mídìya ò luw nì nà à léy dhì nzòw ní nzòw ddí tsâ ì djá ró chěy ní lò rr̀dha nà	1			Lendu	train	6.929114545008585		False	0.0738255033557047	False	4.928357188230344	0.849624060150376	False
9effd7faf8601b37182a0098bf1d23b2	66509	spontaneous-speech-led-66509.mp3	16776	6798	Mediya ó lò à sǎ ków ŋǎchú í ddu ó?	Midiya ó lò à sà lò màdhí bba ó ków mî bbalè nì lò rř radio djòluw bbalè nì lò njǎ intanet òluw ddiy lêy à sà ków	1			Lendu	train	5.185979971387697		False	0.18018018018018023	False	4.525821165002614	0.6699248120300751	False
c5df5911e2fe9c37bfe33b1deacd2a9c	63853	spontaneous-speech-led-63853.mp3	24840	6799	Uganda ó ddàwa dzà ó ndrǔ nì dǎ ndèy ò luw nì tuw tuw ní nga ní ddù?	Uganda ó ddǎwà-dzà ó ndrǔ nì dǎ ndèy òluw nì tǔwtǔw ní nga ní ddu? Ddǎwà-dzà ó ndrǔ nì dǎ ndèy ò luw nì tǔwtǔw ní nga nì bbalè nì kǐ drǒ ddǎwà-dzà ó njàddí nga nà ddǎwà nì ngu ngǎ njàddí nga nà nyi rà chùw fú bbalè nì sêy ì dhí njí ró	1			Lendu	train	7.246376811594203		False	0.37229437229437234	False	3.3746485401216977	0.0481203007518797	True
8acb58a60c926b87d6f906bec0e3c36d	63912	spontaneous-speech-led-63912.mp3	16668	6799	Uganda ó ddàwa dzà ó ndrǔ nì dǎ ndèy ò luw nì tuw tuw ní nga ní ddù?	Uganda ó ddǎwà-dzà ó ndrǔ nì dǎ ndèy òluw nì tǔwtǔw ní nga ní ddu? Ndrǔ hwo kâ nzá	1			Lendu	train	3.8396928245740334		False	0.03797468354430378	False	3.530920577019414	0.09924812030075188	True
f1a9e65b853cca9c7a61a76ceeba58e2	64272	spontaneous-speech-led-64272.mp3	22716	6799	Uganda ó ddàwa dzà ó ndrǔ nì dǎ ndèy ò luw nì tuw tuw ní nga ní ddù?	Dhi mí klôw nì drǒ ru bbalè nì lèy ì nì dhi nà nì transport mí tuwtsò cha bbalè dho shì ndanà ddǎwà djò nì njàddí nì klǒw	1			Lendu	train	4.138052474027117		False	0.09322033898305082	False	4.159805305316814	0.4368421052631579	True
eea86ca8ea6b1af65157b06503a99e83	64389	spontaneous-speech-led-64389.mp3	16416	6799	Uganda ó ddàwa dzà ó ndrǔ nì dǎ ndèy ò luw nì tuw tuw ní nga ní ddù?	Uganda ó ddawà dzà ní ddrá bbalè má ì gwîy ì fú njí ro nì nì ddrǒ mí ddawa dzǎ-nga nì ngǎjì ní	1			Lendu	train	4.385964912280702		False	0.07692307692307687	False	5.006111462107899	0.869172932330827	False
5ead05ed0317f78aa329e93b3f6c2b6c	64634	spontaneous-speech-led-64634.mp3	19908	6799	Uganda ó ddàwa dzà ó ndrǔ nì dǎ ndèy ò luw nì tuw tuw ní nga ní ddù?	Dhǐdjá nì ì chǔw ngǎ ddǎwà dza òluw bbalè hó ma cha ì kà ì lǒw ddǎwà nì nì bbíy ddǎwà cha à kà ka bbú bbalè dho nì hó kâ nzá	1			Lendu	train	4.671488848704039		False	0.15702479338842978	False	5.17107312667476	0.9037593984962407	False
9effd7faf8601b37182a0098bf1d23b2	64800	spontaneous-speech-led-64800.mp3	19656	6799	Uganda ó ddàwa dzà ó ndrǔ nì dǎ ndèy ò luw nì tuw tuw ní nga ní ddù?	Ddǎwà djú nì bbalè nì dǎ ndèy òluw nì tǔwtǔw ní nga nì dhi jì nì ngéyngéy bbalè nì tsǔw drǒ ddǎwa djò ddiy	1			Lendu	train	4.222629222629223		False	0.13592233009708743	False	3.9487221249134974	0.318796992481203	True
da097b556a52dc7d273093cf8ce97abd	64970	spontaneous-speech-led-64970.mp3	21600	6799	Uganda ó ddàwa dzà ó ndrǔ nì dǎ ndèy ò luw nì tuw tuw ní nga ní ddù?	Uganda ó tǔwtǔw ní ddǎwà-dzà nì dǎ ndèy òluw nì lò nì ddì nì nyi chuw dhǐy-dja má ì nì dhǐ njěy ddǎwà-dzà ó nì ndrǔ chú nì ngu ddǎwà tdǔw rwo nì mî nzǐ ndrǔ krr̀dha dyi opereshion ní ni à ngu ddíyà drǒ	1			Lendu	train	7.268518518518518		False	0.16161616161616166	False	4.41557411498818	0.6112781954887218	False
bb53c9cc38fe315d31ecd6251f4b4705	65078	spontaneous-speech-led-65078.mp3	16020	6799	Uganda ó ddàwa dzà ó ndrǔ nì dǎ ndèy ò luw nì tuw tuw ní nga ní ddù?	Uganda ó ddǎwà-dzà ó bbalè dhi nà nì drǒ à lè ì nì ddǎwà bbu nì ndrǔ nì drá fúddiy dho lò nì tǔwtǔw ddǎwà-dzà ó	1			Lendu	train	5.368289637952559		False	0.17592592592592593	False	3.8493001969588865	0.25338345864661654	True
830ccfbc3f4a54ceb8d849dbfe1b520f	65605	spontaneous-speech-led-65605.mp3	25200	6799	Uganda ó ddàwa dzà ó ndrǔ nì dǎ ndèy ò luw nì tuw tuw ní nga ní ddù?	Ndrǔ nì dǎ zòw mí ddǎwà òluw ddí nyi chuw ddǎwà hwo nì swêy ddǎwà-dzà ó njàddí nyi chuw ddí ndrǔ hwó ddí dhǐy-djá ndrǔ hwó nì swêy ddǎwà-dzà ó njǎddǐ nyi chuw fú bbalè bì dey dǎ ǒmá nì lò nì nyi chuw bbalè má cha ì shì ìdhí dhi jì ngéy nì rútsó ddù ndrǔ nì tsǔw fú dhi jì nà ddí fú ddǎwà-dzà fúnìchú à ngu nì l`o tǔwtǔw ndrǔ dho ddí	1			Lendu	train	10.23809523809524		True	0.33738601823708203	False			False
21fb7f77ccb2d6989e98bcd4edf4c539	65784	spontaneous-speech-led-65784.mp3	24480	6799	Uganda ó ddàwa dzà ó ndrǔ nì dǎ ndèy ò luw nì tuw tuw ní nga ní ddù?	Uganda ddǎwà-dzà ó Gavmete à njèy lǎní à bbû ddǎwà vúní nga mî bbalè dhò fú ddǎwà chú njàddí nga òluw ka ngúnì chùw nzǐ njàddí nga ó ka rà nyi cho ngéy ní ngǎ fúnì tǔwtǔw ní lò bbalè bì dey dà ndèy òluw ddǎwà dzà ò luw nì	0			Lendu	train	7.026143790849673		False	0.16972477064220182	False	4.224180591383159	0.48045112781954885	True
69460059366eafce16269260ed3e45b0	66136	spontaneous-speech-led-66136.mp3	15120	6799	Uganda ó ddàwa dzà ó ndrǔ nì dǎ ndèy ò luw nì tuw tuw ní nga ní ddù?	Njí djá hó nì ddrá nyû mí zòw ddí nì ney ndrǔ ró mbr mí zòw ddí njà ddí nganà	1			Lendu	train	3.835978835978836		False	0.18918918918918914	False	4.564404547789809	0.6954887218045113	False
3d6b646c1cb9130eb226ee4110f7995d	66507	spontaneous-speech-led-66507.mp3	14328	6799	Uganda ó ddàwa dzà ó ndrǔ nì dǎ ndèy ò luw nì tuw tuw ní nga ní ddù?	Bbalè vi dey shǐ kpéy bbalè nì lò rř nzǐ cha ka nì ndrǔ nì tdrà ndrǔ rǎ ndanà ì ró nga chuw ndanà dhi nì tsúw chùw ndanà nì	1			Lendu	train	6.63037409268565		False	0.14876033057851235	False	3.8518590942725406	0.2548872180451128	True
c5df5911e2fe9c37bfe33b1deacd2a9c	63799	spontaneous-speech-led-63799.mp3	23256	6800	À jì mà njèy ddu ndaní mà thì màdhí li ró gbúdha mí nga lǎní ǐngí soroni lǎní?	À jǐ mà njěy ddu ndaní ma thǐy màdhí li rónga gbúdha mí nga lǎní ǐngí sòrónì lǎní? À jì mà sš dza mà léy djùkpa déy ney ndèymí mà klǎ ǒnga déy ngbá ndaní fú nga déy lǎní mà rónga gbúdha dhò ndèymí mà tsotso kwodha dhò sòrónì mí nga nà	1			Lendu	train	7.911936704506364		False	0.2629310344827587	False	3.7931742420158736	0.21203007518796993	True
f595d0e1832ceab8c935264c25968409	64159	spontaneous-speech-led-64159.mp3	20448	6800	À jì mà njèy ddu ndaní mà thì màdhí li ró gbúdha mí nga lǎní ǐngí soroni lǎní?	Mà pwo màdhí soronì rónga à déy ngbá mà pwo màdhí li ró údha mí nga à déy ngbá mà kla màdhí sòrónì ónga ddí à déy lǎní ndèymí dda dzà ma nà wá	1			Lendu	train	5.330594679186229		False	0.2517985611510791	False	4.715155700407949	0.7669172932330827	False
21fb7f77ccb2d6989e98bcd4edf4c539	64166	spontaneous-speech-led-64166.mp3	16668	6800	À jì mà njèy ddu ndaní mà thì màdhí li ró gbúdha mí nga lǎní ǐngí soroni lǎní?	Njàddí fúddiy mà nì li rónga nà ka njey nì ddiy ma bbú mà rónga fúddiy njèydha dhò ndaní ma thǐ à déy lǎní ndaní à kwo mà tsotso à njǎ ndèy ddí lǎní	1			Lendu	train	6.899448044156467		False	0.1586206896551724	False	3.3162106992436082	0.03458646616541353	True
b60ffd663a6f4ea05bc69ef86c8ee3e8	64543	spontaneous-speech-led-64543.mp3	16740	6800	À jì mà njèy ddu ndaní mà thì màdhí li ró gbúdha mí nga lǎní ǐngí soroni lǎní?	À jì mà sš soroni à déy ney màdhí bba ó mà thǐ ǒmá nga wá nì  déy lǎní à jì mà sš sàkáti ddí à dey ney màdhí bba ó mà thǐ ǒmà nga wá à déy ney lǎní màdhí bba ó nga nà ddí wá lǎní	1			Lendu	train	7.885304659498207		False	0.4067796610169492	False	3.8842602070574666	0.27518796992481204	True
f1a9e65b853cca9c7a61a76ceeba58e2	64886	spontaneous-speech-led-64886.mp3	22500	6800	À jì mà njèy ddu ndaní mà thì màdhí li ró gbúdha mí nga lǎní ǐngí soroni lǎní?	Ya dji nì kwó ro ya mà rà ǒmà nzǐ dji pǔ ní mà mà léy li dhokpa údha mí dda déy fúngá tsòró mà klǎ ǒnga mà thǐy rǒnga déy lǎnà nzǐ à déy ngǎjìní	1			Lendu	train	4.844444444444444		False	0.12765957446808507	False	5.05557693974432	0.8804511278195488	False
bb53c9cc38fe315d31ecd6251f4b4705	64936	spontaneous-speech-led-64936.mp3	19368	6800	À jì mà njèy ddu ndaní mà thì màdhí li ró gbúdha mí nga lǎní ǐngí soroni lǎní?	Mà sš ddadzà mà sš ddadzà mà sš	1			Lendu	train	1.3940520446096654	transcription-length	False	0.5161290322580645	True			False
4690939abbaed200afffde0a457f0324	64943	spontaneous-speech-led-64943.mp3	12528	6800	À jì mà njèy ddu ndaní mà thì màdhí li ró gbúdha mí nga lǎní ǐngí soroni lǎní?	À jì mà mbǎ dda sorónì tsòw ró ndèymí sabunì na dda dzà ó nga à jì à déy lǎní li ró nga gbú dha mî	1			Lendu	train	5.826947637292465		False	0.08421052631578951	False	5.098349181046374	0.8887218045112782	False
69460059366eafce16269260ed3e45b0	65140	spontaneous-speech-led-65140.mp3	17928	6800	À jì mà njèy ddu ndaní mà thì màdhí li ró gbúdha mí nga lǎní ǐngí soroni lǎní?	À jì mà sš sòrónì lǎní à jì mà gbú ǒnga déy lǎní à jì mà klǎ ǒnga lǎní à jì mà thí rǒnga ddí déy lǎní	1			Lendu	train	4.239178937974119		False	0.38383838383838387	False	3.7135721671924173	0.17443609022556392	True
3d6b646c1cb9130eb226ee4110f7995d	65438	spontaneous-speech-led-65438.mp3	24048	6800	À jì mà njèy ddu ndaní mà thì màdhí li ró gbúdha mí nga lǎní ǐngí soroni lǎní?	À jì mà thǐ bbakà ó nga déy ò ní lǎní mà klǎ fú lironga gbúdha mí dza ndèymí cha soronì nà funga kpa mà léy ò ní lidhotso gbúdha mí dda déy ò ní ney ndèymí ndeymí sàvó  nà	0			Lendu	train	5.447438456420492		False	0.1964285714285714	False	4.642411104698027	0.7360902255639098	False
830ccfbc3f4a54ceb8d849dbfe1b520f	65779	spontaneous-speech-led-65779.mp3	21960	6800	À jì mà njèy ddu ndaní mà thì màdhí li ró gbúdha mí nga lǎní ǐngí soroni lǎní?	À rà jì mà bbǐy màdhí sòrónì déy ney ndaní mà déy lǎní ddiy má cha gàvméntè ji nì ka déy ndanà bbakǎ nì nà à rà jì mà bbǐy sòrónì ddí déy ney màdhí bba ó cha mà ɦéy nì ndanà bǒngú nì mí ngiy déy ney màdhí ɦôw cha mà tdíy mí nga ddí déy ney	1			Lendu	train	8.287795992714026		False	0.34745762711864403	False	4.29248075468334	0.5345864661654135	True
5ead05ed0317f78aa329e93b3f6c2b6c	66572	spontaneous-speech-led-66572.mp3	18900	6800	À jì mà njèy ddu ndaní mà thì màdhí li ró gbúdha mí nga lǎní ǐngí soroni lǎní?	À jì mà klǎ ónga à déy ngbá mà tsǔw ǒnga mà thǐy à déy lǎní ndaní à lêy ní màdhí déydha à déyò ní lǎní	1			Lendu	train	4.0740740740740735		False	0.16161616161616166	False	3.71412149146264	0.17518796992481203	True
9effd7faf8601b37182a0098bf1d23b2	66608	spontaneous-speech-led-66608.mp3	6696	6800	À jì mà njèy ddu ndaní mà thì màdhí li ró gbúdha mí nga lǎní ǐngí soroni lǎní?	À jǐ sakatì ó mà léy àaa mú gaaaǎ	1			Lendu	train	3.733572281959379		True	0.0	False			False
c5df5911e2fe9c37bfe33b1deacd2a9c	63806	spontaneous-speech-led-63806.mp3	25128	6801	Ddrà nzz̀dha dhó mà tso tso kwo ŋachú cha kà dhò ndanà shú ní thiy ndèymí li-thíy kídha nà cha mà nì dǎ klôw ní nzadha mí sà nà?	Ddra nzz̀dha dhó mà tsotso kwo ŋǎchú cha ka dho ndanà shú ní thíy ndèymí  li thíy kídha nà cha mà mì dǎ klǒw ní nzadha mí sâ nà ro à dho mà dho shú ní thiy bbu à dho mà dho jǐ bbu à dho mà thiy ki ndaní mà déy bbalè nà ddǐ nga ó lǎní	1			Lendu	train	6.964342566061764		True	0.24782608695652175	False			False
8acb58a60c926b87d6f906bec0e3c36d	64002	spontaneous-speech-led-64002.mp3	22356	6801	Ddrà nzz̀dha dhó mà tso tso kwo ŋachú cha kà dhò ndanà shú ní thiy ndèymí li-thíy kídha nà cha mà nì dǎ klôw ní nzadha mí sà nà?	Ddrà nzz̀dha dhó mà tsotso kwo ŋǎchú cha ka dho ndanà shú ní thíy ndèymí li thíy kìdha nà cha mà nì dǎ klǒw ní nzadha mí sâ nà? À dho ley mà dho dey lò bbàdha nà mà kàó	1			Lendu	train	5.770263016639828		False	0.12727272727272732	False	3.4880599053813657	0.08045112781954887	True
789f537bcdf7638af5c97b59bc69a60d	64458	spontaneous-speech-led-64458.mp3	23508	6801	Ddrà nzz̀dha dhó mà tso tso kwo ŋachú cha kà dhò ndanà shú ní thiy ndèymí li-thíy kídha nà cha mà nì dǎ klôw ní nzadha mí sà nà?	Ddrà nzz̀dha à dho mà tsotso kwo aa í lò ó kà rà ley nyi djùw ó nga rà ngu shú kàrà nyi jùw ki cha lò ma cha ney ndèy tdè nyi thiy pěy ddrǒ nà nì nyi rà chùw ddíya Ddrà lò kà rà nyi djùw ò chěy nì nga ngù cha ney má nyi dho dey ndanà lǎní nyidho lò bba ma cha ndèy vi de tsùw dè nyi rò ngǎjìní nǎ nì	1			Lendu	train	9.52867109069253		False	0.22972972972972971	False	4.669107500599134	0.7511278195488722	False
21fb7f77ccb2d6989e98bcd4edf4c539	64740	spontaneous-speech-led-64740.mp3	31356	6801	Ddrà nzz̀dha dhó mà tso tso kwo ŋachú cha kà dhò ndanà shú ní thiy ndèymí li-thíy kídha nà cha mà nì dǎ klôw ní nzadha mí sà nà?	Ddrà mí lò à djów nì mà thíy mí nga tde nì mà nì Ddrà nô ní bbalè Ddrà nì klôw nà mà djú Ddrà dho mà rónga jì Ddrà dho ley mà dhǐ ya mà dhì ro mà rónga rà dhì ndey mà dhí djiy rà ma sǔw nga ndíydha tdrà mà ŋà ì ùw ní bbalè ndrǔ rà dhì nzǐ	1			Lendu	train	5.644852659778032		True	0.3148936170212766	False			False
da097b556a52dc7d273093cf8ce97abd	64747	spontaneous-speech-led-64747.mp3	15588	6801	Ddrà nzz̀dha dhó mà tso tso kwo ŋachú cha kà dhò ndanà shú ní thiy ndèymí li-thíy kídha nà cha mà nì dǎ klôw ní nzadha mí sà nà?	Ddrà nzzdha dho mà tsotso kwo ya nyi nì ddǎ klǒw ní lò ó gbè ya rr nì nyi nza ya nyi nì tdrǎ ya nyi nzz Ddrà nyi chuw fú rr à nì nyi bbǎ gu	1			Lendu	train	6.607646907877855		False	0.23529411764705888	False	4.897852956558175	0.837593984962406	False
f1a9e65b853cca9c7a61a76ceeba58e2	65253	spontaneous-speech-led-65253.mp3	21168	6801	Ddrà nzz̀dha dhó mà tso tso kwo ŋachú cha kà dhò ndanà shú ní thiy ndèymí li-thíy kídha nà cha mà nì dǎ klôw ní nzadha mí sà nà?	Mà thíy djow tdiytdiy ní lò nà cha mà thíy nì ndèy nza mí nga ó ddù à nì màdhò klôw bbu  à nì màdhò lò-tsìdha bbu cha ney mànì dǎ ndèy ò luw tdiytdiy ní sâ nà nì	1			Lendu	train	5.763416477702192		False	0.2215189873417721	False	4.246385120542337	0.5	True
b60ffd663a6f4ea05bc69ef86c8ee3e8	65392	spontaneous-speech-led-65392.mp3	21420	6801	Ddrà nzz̀dha dhó mà tso tso kwo ŋachú cha kà dhò ndanà shú ní thiy ndèymí li-thíy kídha nà cha mà nì dǎ klôw ní nzadha mí sà nà?	Ya mà tsì Ddrà, Ddrà dho mà tsotso kwo ddìchú à dho ley mà dǎ fú klǒklǒ ní nzadha ò luw ma màdho ùw ddí dichú ní ya Ddrà kwo mà tsotso fú nì nwaŋú nyi dà fú klǒw ní lò òluw má ndèy tdè nyi nza nì	1			Lendu	train	6.909430438842203		False	0.19791666666666663	False	5.2276409848033	0.9172932330827067	False
69460059366eafce16269260ed3e45b0	65418	spontaneous-speech-led-65418.mp3	22356	6801	Ddrà nzz̀dha dhó mà tso tso kwo ŋachú cha kà dhò ndanà shú ní thiy ndèymí li-thíy kídha nà cha mà nì dǎ klôw ní nzadha mí sà nà?	À dho shú ní thíy mbà mà kàòluw, à dho lǎ ní lò mbà màkàòluw cha mà dho dey ndanà nì à dho deydha lǎní nì ddí mbà mà kàòluw mà dho tdè ddí ddìnga ó njàddí nga nà mà dho nyû nyù ddìngaó à mà kàòluw	1			Lendu	train	6.709608158883521		False	0.3160621761658031	False	3.960317616706903	0.3240601503759398	True
9effd7faf8601b37182a0098bf1d23b2	65966	spontaneous-speech-led-65966.mp3	17028	6801	Ddrà nzz̀dha dhó mà tso tso kwo ŋachú cha kà dhò ndanà shú ní thiy ndèymí li-thíy kídha nà cha mà nì dǎ klôw ní nzadha mí sà nà?	Ddrà nzz̀dha kwó nì mà tsotso à ngu nì mà dhí nzz̀dha dzzdjò nzá mà ddéyní sânà à léy nì  ma má nì Ddrà fù lò ò luw	1			Lendu	train	5.1092318534179		False	0.1428571428571429	False	4.263532147900742	0.5157894736842106	True
f595d0e1832ceab8c935264c25968409	66052	spontaneous-speech-led-66052.mp3	17928	6801	Ddrà nzz̀dha dhó mà tso tso kwo ŋachú cha kà dhò ndanà shú ní thiy ndèymí li-thíy kídha nà cha mà nì dǎ klôw ní nzadha mí sà nà?	Ddrà nzz̀dha djów nì mà jùw màdhí nzadha mí sâ ó Ddrà dzz̀dha léy nì mà nja nì Ddrà mí klôw mà dho cha mà nì dǎ klǒw ní lò ó mí nga nà	1			Lendu	train	5.633645693886658		False	0.17557251908396942	False	3.9238876614956357	0.3	True
3d6b646c1cb9130eb226ee4110f7995d	66248	spontaneous-speech-led-66248.mp3	19620	6801	Ddrà nzz̀dha dhó mà tso tso kwo ŋachú cha kà dhò ndanà shú ní thiy ndèymí li-thíy kídha nà cha mà nì dǎ klôw ní nzadha mí sà nà?	À jì kà kí mà thíy mà léy mà thíy fú Ddrà mí lò ró ndeyní à bbú ò ní shú ní vi mà thíy ò pbǔw mà kà ò luw ndeyní màdhí bba ó nga déy ò ní shú ní vi nà	1			Lendu	train	5.504587155963303		False	0.2517006802721088	False	4.417165092393764	0.6127819548872181	False
830ccfbc3f4a54ceb8d849dbfe1b520f	66295	spontaneous-speech-led-66295.mp3	21996	6801	Ddrà nzz̀dha dhó mà tso tso kwo ŋachú cha kà dhò ndanà shú ní thiy ndèymí li-thíy kídha nà cha mà nì dǎ klôw ní nzadha mí sà nà?	Ddrà-dzà rà mà jùw shu à rà ley màdhí cha mà nì ddey tǔwtǔw  ní nì lò mà rà ngu fú lò ngù ddíyà bbò ní lò ní nzǐ ddí mà rà ngu tdey fú lò djú ddu djúddù Ddrà mí lò má cha mà vì dey rř nì à vì dey mà jùw shǔwò nì à nì ley ddíyà cha kà ndèy pěy ndèy thíy nzǐ ddíyà à nì ngu pěy fùní ní	1			Lendu	train	9.547190398254228		False	0.3167259786476868	False	4.872871954338836	0.8323308270676691	False
eea86ca8ea6b1af65157b06503a99e83	66449	spontaneous-speech-led-66449.mp3	18576	6801	Ddrà nzz̀dha dhó mà tso tso kwo ŋachú cha kà dhò ndanà shú ní thiy ndèymí li-thíy kídha nà cha mà nì dǎ klôw ní nzadha mí sà nà?	Ddrà nzz̀dha dho mà dùw shù cha mà nì dǎ ǒ nó nì nzádha dho Ddrà nzz̀dha dho shú ní thíy bbu màdho ndaní nzadha mà bbǎ gu	1			Lendu	train	5.060292850990526		False	0.22033898305084743	False	4.270010240125262	0.518796992481203	True
5ead05ed0317f78aa329e93b3f6c2b6c	66457	spontaneous-speech-led-66457.mp3	19440	6801	Ddrà nzz̀dha dhó mà tso tso kwo ŋachú cha kà dhò ndanà shú ní thiy ndèymí li-thíy kídha nà cha mà nì dǎ klôw ní nzadha mí sà nà?	À dho ley ngǎjìní lò à déy ní ngǎ mà kǎ à dho ley màdho dey jǐ nà à dho ley màdho lò bbà mà làyi dho ngǎjìní lò mí sâ ó	1			Lendu	train	4.526748971193415		False	0.31896551724137934	False	3.5774499419375965	0.11954887218045113	True
c5df5911e2fe9c37bfe33b1deacd2a9c	63860	spontaneous-speech-led-63860.mp3	24228	6802	Màdhò ddu njèy ndaní ìdhí cho nì dròdró nì bbalè mbr ì ney gbè ì do kà nì njèy nì bbalè níchú màdhí bba ó?	Ma dhó ddu njèy ndaní ì dhí cho nì dròdró nì bbalè mbǔ ì nì gbè ì dò ka nì njěy nì bbalè níchú màdhí bba ó? À jì mà kwo ndrǔ tsotso cha ndrǔ nì dǎ òmà luw nì zòw ó ndèymí mà bbú fú ndrǔ dhò cha ndèymí zòw nì ndrǔ njěy nì ddiy njǎddǐ kě à jì mà jǐ ndrǔ	1			Lendu	train	7.800891530460624		False	0.217741935483871	False	3.5402947338352257	0.10451127819548872	True
8acb58a60c926b87d6f906bec0e3c36d	63956	spontaneous-speech-led-63956.mp3	17820	6802	Màdhò ddu njèy ndaní ìdhí cho nì dròdró nì bbalè mbr ì ney gbè ì do kà nì njèy nì bbalè níchú màdhí bba ó?	Mà dhó ddu njèy ndaní ì dhí cho nì dròdró ní bbalè mbr ì ney gbè ì dò ka nì njěy  nì bbalè níchú màdhí bba ó?  mà bbú ndrǔ dhò nyû	1			Lendu	train	5.4433221099887765		False	0.07874015748031493	False	3.7733680784677714	0.20150375939849624	True
b60ffd663a6f4ea05bc69ef86c8ee3e8	64273	spontaneous-speech-led-64273.mp3	23076	6802	Màdhò ddu njèy ndaní ìdhí cho nì dròdró nì bbalè mbr ì ney gbè ì do kà nì njèy nì bbalè níchú màdhí bba ó?	À jì mà njěy ndrǔ dò ddiydhò ndrǔ nì ddròddró ní bbalè à jì mà rr ndrǔ chuw cha ndrǔ tdra nì lò mà léy mí lò dhǐy ò ya ndrǔ cho mà mà rǎ cha ndrǔ chó mà mí ddiy njèy	1			Lendu	train	5.373548275264344		False	0.2407407407407407	False	4.221645982101079	0.4766917293233083	True
789f537bcdf7638af5c97b59bc69a60d	64294	spontaneous-speech-led-64294.mp3	22140	6802	Màdhò ddu njèy ndaní ìdhí cho nì dròdró nì bbalè mbr ì ney gbè ì do kà nì njèy nì bbalè níchú màdhí bba ó?	Dròdró ní bbalè à njǎ ì gbè ney cha ì djì nì bbalè ní à ji mà njěy í ddiy ndrǔ dhò ma 'wǐy ndrǔ dho dda mà mbǎ ndrǔ ddǎwà ò mà njěy cha ndrǔ nì tdrǎ nì lò kàlíy tsò mà zž ndrǔ dho ney cha ndrǔ nì jǐ nì ddiy nyû ma bbú cha djǔwdjǔw ní nì má cha à dho ndrǔ rónga thì nà nì wánì sawà ró mà njanga ndrǔ dè	1			Lendu	train	10.25293586269196		False	0.2775919732441472	False	4.558170733947282	0.6902255639097744	False
830ccfbc3f4a54ceb8d849dbfe1b520f	64325	spontaneous-speech-led-64325.mp3	20916	6802	Màdhò ddu njèy ndaní ìdhí cho nì dròdró nì bbalè mbr ì ney gbè ì do kà nì njèy nì bbalè níchú màdhí bba ó?	À rà jì mà bbú ndrǔ dho ddiy mà kwó ndrǔ tsotso cha ndèy dho ney ndèy chùw  nì ddiy nà ndrǔ déy nyǔ à rà ngu jǐ mà léy ndrǔ déy nyǔ'wiy nà ddu djúddù ya ndrǔ vì dey ngu ddíyà luwtò ndrǔ dhí lò ngú nì ddíyà ngéy màdhí lò nà	1			Lendu	train	8.07993880283037		False	0.26940639269406397	False	3.709744253803626	0.17218045112781954	True
f1a9e65b853cca9c7a61a76ceeba58e2	65050	spontaneous-speech-led-65050.mp3	18756	6802	Màdhò ddu njèy ndaní ìdhí cho nì dròdró nì bbalè mbr ì ney gbè ì do kà nì njèy nì bbalè níchú màdhí bba ó?	Ma shǐ ndrǔ de ma dhíy cha lò má cha nzá ma tsì nì djú lò ndrǔ tsò ró ndrǔ kwo ma tsotso cha mà tsá ddeydha nì dhá mí nga ó ddù ma dhǒ jǐ ndrǔ ró	1			Lendu	train	5.758157389635317		False	0.176056338028169	False	4.831357251293625	0.8165413533834587	False
4690939abbaed200afffde0a457f0324	65120	spontaneous-speech-led-65120.mp3	10368	6802	Màdhò ddu njèy ndaní ìdhí cho nì dròdró nì bbalè mbr ì ney gbè ì do kà nì njèy nì bbalè níchú màdhí bba ó?	À kà mà njěy ndrǔ dhò cha à kâ ndrǔ nà nì ddiy mà bbú ndrǔ dhò ndrǔ kwô nì ddiy	1			Lendu	train	5.690586419753086		True	0.25	False			False
21fb7f77ccb2d6989e98bcd4edf4c539	65181	spontaneous-speech-led-65181.mp3	21888	6802	Màdhò ddu njèy ndaní ìdhí cho nì dròdró nì bbalè mbr ì ney gbè ì do kà nì njèy nì bbalè níchú màdhí bba ó?	À kà mà jǐ ndrǔ à kà mà bbǒ ndrǔ dhí yǎdha rónga à kà mà njěy cha ndrǔ nì jǐ mà njěy ní lò ndeyní ndrǔ njǎ ì nì ddròddró ní bbàle ddìchú mà kà ó ddiy ní	1			Lendu	train	5.208333333333333		False	0.2214765100671141	False	4.176252830265212	0.44285714285714284	True
da097b556a52dc7d273093cf8ce97abd	65782	spontaneous-speech-led-65782.mp3	18036	6802	Màdhò ddu njèy ndaní ìdhí cho nì dròdró nì bbalè mbr ì ney gbè ì do kà nì njèy nì bbalè níchú màdhí bba ó?	À jì mà kwó ndrǔ tsotso dhǐy nà à jì mà rř ndrǔ chuw à jì mà déy ndrǔ nà à jì mà rǎ ndrǔ dè wánì sâ ró ndaní ndrǔ gwíy mà tdiytdiy ní lò nà	1			Lendu	train	5.766245287203371		False	0.25547445255474455	False	3.4880473808792725	0.07969924812030076	True
69460059366eafce16269260ed3e45b0	65811	spontaneous-speech-led-65811.mp3	7956	6802	Màdhò ddu njèy ndaní ìdhí cho nì dròdró nì bbalè mbr ì ney gbè ì do kà nì njèy nì bbalè níchú màdhí bba ó?	Mà dho ndrǔ tsotso kwo nyû nà mà dho kàlí ddi gùw ndrǔ dhò	1			Lendu	train	5.656108597285067		True	0.10909090909090913	False			False
9effd7faf8601b37182a0098bf1d23b2	65903	spontaneous-speech-led-65903.mp3	18288	6802	Màdhò ddu njèy ndaní ìdhí cho nì dròdró nì bbalè mbr ì ney gbè ì do kà nì njèy nì bbalè níchú màdhí bba ó?	À jì mà njěy ndrǔ dò ngéyngéy ní lò ò luw  à jì mà kwó ndrǔ tsotso ndaní ndrǔ njǎ dichú mà nì njey nì lò nì lǎní	1			Lendu	train	4.593175853018373		False	0.15596330275229353	False	3.1662652669218185	0.019548872180451128	True
3d6b646c1cb9130eb226ee4110f7995d	66526	spontaneous-speech-led-66526.mp3	17820	6802	Màdhò ddu njèy ndaní ìdhí cho nì dròdró nì bbalè mbr ì ney gbè ì do kà nì njèy nì bbalè níchú màdhí bba ó?	À kà mà rř ndrǔ chuw mà njúw màtsò ddǐngǎ mà njěy njí cha ndrǔ nì bbu màdho nì màdhí bba ó	1			Lendu	train	3.928170594837261		False	0.125	False	3.4099249771579014	0.06015037593984962	True
c5df5911e2fe9c37bfe33b1deacd2a9c	63815	spontaneous-speech-led-63815.mp3	16740	6803	Ngòw dhì sǎ tdè nga zòwdha ŋǎchú nyì dhí bba ó?	Ngòw dhì sǎ tdè nga zòwdha ŋǎchú nyìdhí bba ó? À lêy bíy ní nzòw ró nga zòwdha 'wiy thà ndèymí bíy ní dhì nzòw ní nzòw tdùw ì zz̀	1			Lendu	train	5.973715651135005		False	0.19841269841269837	False	4.021157128657455	0.36541353383458647	True
8acb58a60c926b87d6f906bec0e3c36d	63906	spontaneous-speech-led-63906.mp3	18108	6803	Ngòw dhì sǎ tdè nga zòwdha ŋǎchú nyì dhí bba ó?	Ngòw dhì sǎ tdè nga zòwdha ŋǎchú nyìdhí bba ó? à lêy bíy ní nzòw bbà nga sòdha à lêy dhì nzòw ní nzòw zz̀ ì zz̀ děy ddùwà ní	1			Lendu	train	5.246299977910316		False	0.1652892561983471	False	4.207408650070649	0.46466165413533833	True
4690939abbaed200afffde0a457f0324	64368	spontaneous-speech-led-64368.mp3	17100	6803	Ngòw dhì sǎ tdè nga zòwdha ŋǎchú nyì dhí bba ó?	À lêy nzòw ngû luwtò cha ì kà ì rǎ njitsò djò nì à lêy mbr chùwdha ngû klǒw cha ka dho ndanà nzòw djòte ngù sòmù ò nì	1			Lendu	train	5.204678362573099		False	0.0964912280701754	False	4.15149561045267	0.43082706766917295	True
830ccfbc3f4a54ceb8d849dbfe1b520f	64442	spontaneous-speech-led-64442.mp3	17676	6803	Ngòw dhì sǎ tdè nga zòwdha ŋǎchú nyì dhí bba ó?	À lêy bbalè nì dhǐ děy ì dhí cho kâ nzá ní njàddí à lêy nzòw vi dey ngéyngéy ní lò chùw ddíyà  děy nzá ì dhí cho kâ ní fu chú à lêy ngòw dhi sà mà dhí nga ddíyà fù níní nú	1			Lendu	train	7.18488345779588		False	0.2142857142857143	False	4.619776820976024	0.7233082706766917	False
789f537bcdf7638af5c97b59bc69a60d	64507	spontaneous-speech-led-64507.mp3	24840	6803	Ngòw dhì sǎ tdè nga zòwdha ŋǎchú nyì dhí bba ó?	Ngòw dhì à sà tdè sòdha lò nzòw tdè ngǎ ràdha nà sòmù ò rwo nì mî ngòw dhì kà sà tdè à lò nzòw ngûw tdè bbakǎluw ddíyà gbu ní gbow ní mí tdè ngòw dhì à sà sòdha lò bíy dà lèy nyi rà chùw ddíyà nzòw tdè ngǎ nyǔ'wiy nà ngúdha vé ì dzzdjò sòdha ò nà nì	1			Lendu	train	7.608695652173913		False	0.29268292682926833	False	5.292686612816208	0.9263157894736842	False
21fb7f77ccb2d6989e98bcd4edf4c539	65002	spontaneous-speech-led-65002.mp3	22428	6803	Ngòw dhì sǎ tdè nga zòwdha ŋǎchú nyì dhí bba ó?	Ngòw dhi sa nga zòwdha mí lò tey tdè ngòwdhi  gù nzǐ ka njúw li ddì-nga-ó ya nyì njúw nyì ddì-nga ó dhi nì nyì lòw wá fú ddiy sà nga zòw-dha mà dhí bba ó ngéyngéy nì tuw nà tsàkà	1			Lendu	train	6.108435883716783		False	0.15428571428571425	False	5.661241996619879	0.9714285714285714	False
3d6b646c1cb9130eb226ee4110f7995d	65090	spontaneous-speech-led-65090.mp3	20196	6803	Ngòw dhì sǎ tdè nga zòwdha ŋǎchú nyì dhí bba ó?	À lêy sòmù ó nzòw bbà sòmù à lêy dhì nzòw ní nzòw cha kà ì ndrŕ ì sòmù nà nì à zz̀ ì zz̀ děyddù ní à sà màdhí bba sǒkò tdè ngǎ nga dzźdha mî à lêy tdè lò wánì ngû tdè klǒw	1			Lendu	train	6.387403446226975		False	0.1470588235294118	False	4.727564756667105	0.7759398496240602	False
f1a9e65b853cca9c7a61a76ceeba58e2	65725	spontaneous-speech-led-65725.mp3	20160	6803	Ngòw dhì sǎ tdè nga zòwdha ŋǎchú nyì dhí bba ó?	Nzòw nì bbíy tdrǎ nzòw déy cha ddǐnga ddiy  ngǎ nzòw njey ní ddiy ngǎ nzòw tdè ddí nga rř nzǐ cha ka rǎ nza ò nzòw nì bbiy tdrǎ nzòw nì nga rř nzǐ à sà nzòw dhí somu cha nzòw dho sò ndanà mí sâ	1			Lendu	train	7.341269841269841		False	0.328125	False	4.721568508192064	0.7706766917293233	False
69460059366eafce16269260ed3e45b0	65783	spontaneous-speech-led-65783.mp3	10620	6803	Ngòw dhì sǎ tdè nga zòwdha ŋǎchú nyì dhí bba ó?	À lêy njàddí nzòw chùw ì zz̀ njàddí nzòw bbà sǒmù chǐykà ó	1			Lendu	train	4.331450094161959		True	0.18181818181818177	False			False
eea86ca8ea6b1af65157b06503a99e83	66496	spontaneous-speech-led-66496.mp3	17928	6803	Ngòw dhì sǎ tdè nga zòwdha ŋǎchú nyì dhí bba ó?	Ngòw dhì lêy skul tsò ka tà ka tà skul tsò mí sâ nà nzòw ngû bbakà ó mà njà màdhí dhì nzòw ní nzòw sà ì ndrǔ chùw ì zz̀ má à lêy nzòw ngû nzá skul ò ddíyà chú	1			Lendu	train	6.581883087907184		False	0.20645161290322578	False	4.59446728892029	0.7135338345864661	False
5ead05ed0317f78aa329e93b3f6c2b6c	66556	spontaneous-speech-led-66556.mp3	21636	6803	Ngòw dhì sǎ tdè nga zòwdha ŋǎchú nyì dhí bba ó?	À lêy cha ney nzòw má cha ney ì kà ì rǎ njitsò djò nga zòwdha nà nì ndrǔ ngû wá luwtò à sà li dhokpa ó ddiy ma cha ney kà ka ndrŕ li ndanà nì nzòw dho sùkúl fǐz bbúdha nà nì mí klôw ngû luwtò	1			Lendu	train	6.701793307450545		False	0.19047619047619047	False	3.940922854458446	0.3112781954887218	True
9effd7faf8601b37182a0098bf1d23b2	66634	spontaneous-speech-led-66634.mp3	19080	6803	Ngòw dhì sǎ tdè nga zòwdha ŋǎchú nyì dhí bba ó?	Ngòw dhì sà nga sòdha à lêy nzǐ nzòw dêy rǎ sòmù ò à lêy dhì nzòw ní nzòw chùw ì zz̀ bbakà òluw à sà bbalè dhí lò wá	1			Lendu	train	4.559748427672956		False	0.1327433628318584	False	4.45062125120428	0.6330827067669172	False
f595d0e1832ceab8c935264c25968409	66659	spontaneous-speech-led-66659.mp3	11340	6803	Ngòw dhì sǎ tdè nga zòwdha ŋǎchú nyì dhí bba ó?	À lêy tdè bbíy ní dhrǎrá dzà tsò ka ì bbiydha tdè klǒw mbr díydha dho nzòw djú frǎngà bbúdha mî	1			Lendu	train	6.613756613756614		False	0.05434782608695654	False	4.835600351772728	0.818796992481203	False
8acb58a60c926b87d6f906bec0e3c36d	63988	spontaneous-speech-led-63988.mp3	16776	6804	Tsuwdha ngǎjìní njuwdha li dyási mí ó dhó ngba mí somu sa ŋǎchú?	Tsuwdha ngǎjìní njuwdha li dyási mí  kàò dho ngba mí sǒmù sà ŋǎchú? À léy nì nzòw bba nì sǒmù	1			Lendu	train	4.351454458750596		False	0.07777777777777772	False	4.311563032822058	0.5503759398496241	True
4690939abbaed200afffde0a457f0324	64288	spontaneous-speech-led-64288.mp3	18468	6804	Tsuwdha ngǎjìní njuwdha li dyási mí ó dhó ngba mí somu sa ŋǎchú?	À léy nì nzòw rr nì nzǐy ì djá chuw ya ndrǔ nì sòmù mí lò tdrǎ ro à léy nì nzòw dhí dàdha tdè nì ngǎ lǎní klǎsì-dzà ó à sa nì ndrǔdhí nga ddéydha	1			Lendu	train	5.956248646307126		False	0.147887323943662	False	4.639152078934945	0.7338345864661654	False
f1a9e65b853cca9c7a61a76ceeba58e2	64550	spontaneous-speech-led-64550.mp3	23328	6804	Tsuwdha ngǎjìní njuwdha li dyási mí ó dhó ngba mí somu sa ŋǎchú?	À rà ley ngba mí nyǔ'tdyuw rà ngu luwtò à rà ley ngba rà sòmù bbà à rà ley ngba rà dey bbiy swà cha à kà à njěy ddiy mí sâ nà à rà rà ngéy ní ngòw ò áw ngéy ní dziylíy ò	0			Lendu	train	5.358367626886146		False	0.25903614457831325	False	4.261948075667302	0.5105263157894737	True
da097b556a52dc7d273093cf8ce97abd	64602	spontaneous-speech-led-64602.mp3	18828	6804	Tsuwdha ngǎjìní njuwdha li dyási mí ó dhó ngba mí somu sa ŋǎchú?	Ddì nì à léy nì nzòw djùkpa ngú nì klǒwklǒw ì djá dhò rwo nì mî à léy nì nzòw tsi nì nzǐ  sòmù nì lǎní ddiy gbow nì mî à léy nì ndrǔ nja nì í dziylíy djú lò nì lǎní ì dho	1			Lendu	train	6.692160611854685		False	0.25149700598802394	False	3.53337342780532	0.10075187969924812	True
b60ffd663a6f4ea05bc69ef86c8ee3e8	64812	spontaneous-speech-led-64812.mp3	17028	6804	Tsuwdha ngǎjìní njuwdha li dyási mí ó dhó ngba mí somu sa ŋǎchú?	À dho ngba mí somu sà à dho ley ngba dho sòmu nzǐ à dho ley ngba dho somu bbà à dho ley ngba njòkpanga dho tdè ngǎjìní à dho ley ngba dho ndèymí gôwdjá rr̀ nzǐ	1			Lendu	train	7.223396758280479		False	0.41025641025641024	False	4.4994664526119506	0.6571428571428571	False
e75023469f03884aa6b979a6eeb811c2	65517	spontaneous-speech-led-65517.mp3	17820	6804	Tsuwdha ngǎjìní njuwdha li dyási mí ó dhó ngba mí somu sa ŋǎchú?	À ji nu nyi ngba mí djǎnì ngba mí yǎnì nyì nì njǎ swà ni lò fú ngba ro à ji nzǐ nyi ǔw ǔdha ní fú lò à déy swà ní à ji nyì dhǒ fú ngba dho lò nì ǐchú ǐchú ǐchú swàní nga nì inga ro nzǐ fúli tsǔw fule a jì nyi lòw fú ngba	1			Lendu	train	9.09090909090909		False	0.2764976958525346	False	5.707679384295708	0.9744360902255639	False
830ccfbc3f4a54ceb8d849dbfe1b520f	65726	spontaneous-speech-led-65726.mp3	21888	6804	Tsuwdha ngǎjìní njuwdha li dyási mí ó dhó ngba mí somu sa ŋǎchú?	Fú ngba rà ndèyngá fú ddeydha ddí ley wá fú bbalè dhí nì ó fú nì chú rà ley fú ngba mí somù rà ndèy sà fúngba rà nzǐ ndèy ndrr ddíyà somù nà ddu djú ddu à tsùw cha ì nì ngǎjìní ì jì nà nì bbalè dhí group kǎ  fú nì chú ley nì ndey fú nzòw dhí somu sa nì ndèy gu	1			Lendu	train	8.908991228070175		False	0.27626459143968873	False	4.291534977971212	0.5338345864661654	True
21fb7f77ccb2d6989e98bcd4edf4c539	66159	spontaneous-speech-led-66159.mp3	24696	6804	Tsuwdha ngǎjìní njuwdha li dyási mí ó dhó ngba mí somu sa ŋǎchú?	Ngba djòkpá nga dho ndèy sà dzuw mí lò nà, nzá ndèy kâ ní lò nà ngba mí lò tsìdha dho ngu luwthò fú ddiy dhò à kà ka dho zž fú ngba bbò ya nzá à kâ rò ka ddúw fú ngba ka mbǎ ndǐ ní skul ò fú ngba rá dey fulè fú skul ò	1			Lendu	train	6.559766763848396		False	0.22790697674418603	False	4.911738313507205	0.843609022556391	False
3d6b646c1cb9130eb226ee4110f7995d	66279	spontaneous-speech-led-66279.mp3	18540	6804	Tsuwdha ngǎjìní njuwdha li dyási mí ó dhó ngba mí somu sa ŋǎchú?	À dho ley ngba dho sòmù bbǎ à rà ngu tsùw njaddǐ gbu ò ddí à rà àmí dhìydha lǎní nì sà à rà ley ddíyà àmí lò tsìdha rà dey ngǎ	1			Lendu	train	5.124056094929881		False	0.14634146341463417	False	4.858725954518485	0.825563909774436	False
eea86ca8ea6b1af65157b06503a99e83	66499	spontaneous-speech-led-66499.mp3	18900	6804	Tsuwdha ngǎjìní njuwdha li dyási mí ó dhó ngba mí somu sa ŋǎchú?	Ya fú ngba tsùw nzǐ ì nì sǒmu nì mí nzòw kǎ nyi rà chù fú ngba rà sòmù bbà nyi rà dey tdrà nyi chô ngba nì sùkúl dzà nwǎŋú ngba dà  à rà ngéy ní ngà à rà ley fú ngba rà sùkúl dzà bbà	1			Lendu	train	7.142857142857142		False	0.2737430167597765	False	4.846833166730648	0.8218045112781955	False
9effd7faf8601b37182a0098bf1d23b2	66567	spontaneous-speech-led-66567.mp3	17460	6804	Tsuwdha ngǎjìní njuwdha li dyási mí ó dhó ngba mí somu sa ŋǎchú?	Ka vi ngba ddìy skul ó ddù  ngǎjìní lidjù kpa djú jàpónjí nì tdrǎ nì lò fú ngba nì rř nzǐ skul ó à vi ley ka vi ngba ddìy skul ó ddù	1			Lendu	train	5.72737686139748		False	0.25384615384615383	False	4.453097737450807	0.6345864661654136	False
5ead05ed0317f78aa329e93b3f6c2b6c	66585	spontaneous-speech-led-66585.mp3	21816	6804	Tsuwdha ngǎjìní njuwdha li dyási mí ó dhó ngba mí somu sa ŋǎchú?	À dho ley à tdè sǐngba ní ngba rà ndèy zz̀ chùw àmí sǒmù rà ndèy sà ya à tdè kpatss̀-ní-ngba à rà ngu gbu-dja ní à dho ley ngba mí njitsò djú nga dho tdow à dho ley fú ngba 'wíy thǎ li ró	1			Lendu	train	6.554822148881555		False	0.2282608695652174	False	5.071525078017782	0.8827067669172932	False
f595d0e1832ceab8c935264c25968409	66635	spontaneous-speech-led-66635.mp3	18720	6804	Tsuwdha ngǎjìní njuwdha li dyási mí ó dhó ngba mí somu sa ŋǎchú?	Tsùwdha ngǎjìní njuwdha ò à léy ngba tsá djanì chuw rr̀dha ró tsùwdha ngǎjìní njuwdha ò à léy ngba djòkpa ngú klǒw djǎnì ró à léy ngba dyi ndèy bbakà ó ddù	1			Lendu	train	6.623931623931624		False	0.3157894736842105	False	4.128777431657861	0.41729323308270677	True
c5df5911e2fe9c37bfe33b1deacd2a9c	63801	spontaneous-speech-led-63801.mp3	16560	6805	Tsúw ngbódha Uganda ó nì à lí màdhí rakpa ó viy rónga ŋǎchú?	Tsúw ngbódha Uganda ó nì à lí màdhí Uganda ó vi rónga ŋǎchú à lêy itss kánì ddrǒ màdhí Uganda ó	1			Lendu	train	4.528985507246377		False	0.21739130434782605	False	4.375014692882205	0.5894736842105263	True
8acb58a60c926b87d6f906bec0e3c36d	63978	spontaneous-speech-led-63978.mp3	15516	6805	Tsúw ngbódha Uganda ó nì à lí màdhí rakpa ó viy rónga ŋǎchú?	Tsúw gbódha Uganda ó à líy màdhí rakpa ó vi rónga ŋǎchú? À lêy itsś ká nì drǒ	1			Lendu	train	3.931425625161124		False	0.013333333333333308	False	3.838973397594955	0.24360902255639097	True
69460059366eafce16269260ed3e45b0	65256	spontaneous-speech-led-65256.mp3	7488	6805	Tsúw ngbódha Uganda ó nì à lí màdhí rakpa ó viy rónga ŋǎchú?	À lêy ji nì ngǎ màdhí bba à léy ìtsś nì kǎ ddrǒ	1			Lendu	train	4.807692307692308		True	0.022222222222222254	False			False
f1a9e65b853cca9c7a61a76ceeba58e2	65354	spontaneous-speech-led-65354.mp3	24336	6805	Tsúw ngbódha Uganda ó nì à lí màdhí rakpa ó viy rónga ŋǎchú?	À lîy vi rónga dji nì kwo nzǐ cha rǔ nà dji kwó nì mí sǎnà dji nì ngǎ gbè nyi nzz ka nì cho dyì ó níchú dji nì kwo mà dhò sěy ní sâ dhò tǐ ní nì itsś nì ka ndey à lêy à lî vi rónga màdhí bba ó	1			Lendu	train	5.793885601577909		False	0.1947368421052632	False	6.029813053607454	0.987218045112782	False
b60ffd663a6f4ea05bc69ef86c8ee3e8	65460	spontaneous-speech-led-65460.mp3	21708	6805	Tsúw ngbódha Uganda ó nì à lí màdhí rakpa ó viy rónga ŋǎchú?	Tsúw ngbòdha Uganda ó nì à lî màdhí rakpa ó vi rónga à lêy itsś nì ka drǒ dji nì kwo nzǐ wánì sâ djú mà dho lò nì ngu klǒw	1			Lendu	train	4.284134881149806		False	0.050000000000000044	False	4.4047413508500926	0.6052631578947368	False
789f537bcdf7638af5c97b59bc69a60d	65479	spontaneous-speech-led-65479.mp3	22788	6805	Tsúw ngbódha Uganda ó nì à lí màdhí rakpa ó viy rónga ŋǎchú?	Tsúw ngbódha màdhí bba ó kà sà lò ǐchúchú à lêy vi rakpa nyúddà kà jì ndèy rú ji kwódha à nì  klǒw màdhí lò dho súw ngbódha màdhí bba ó kà sà nì lò nì i à léy cha kàlíy ma cha mà dho chùw kà màdho ndanà nga rr̀ nà nì kà nì ngǎ	1			Lendu	train	7.460066701772863		False	0.2511210762331838	False	4.6232566236849175	0.7255639097744361	False
789f537bcdf7638af5c97b59bc69a60d	65479	spontaneous-speech-led-65479.mp3	22788	6805	Tsúw ngbódha Uganda ó nì à lí màdhí rakpa ó viy rónga ŋǎchú?	Tsúw ngbódha màdhí bba ó kà sà lò ǐchú chú à lêy ví rakpa nyúddà ka djiy ndèy rú dji kwódha à nì klǒw màdho lò dho Tsúw ngbódha màdhí bba ó à sà nì lò nì ì à lêy cha kàlí  má cha mà dho chùw mà ka mà dho nga rì ndanà nì kà nì ngǎ	1			Lendu	train	7.503949447077409		False	0.2743362831858407	False	4.674170239957873	0.7541353383458647	False
4690939abbaed200afffde0a457f0324	65574	spontaneous-speech-led-65574.mp3	15300	6805	Tsúw ngbódha Uganda ó nì à lí màdhí rakpa ó viy rónga ŋǎchú?	Tsúw ngbòdha léy nì dzilíy djúnga ma nì vey cha luwtey à ngú ley lǎní dziliy rà kow nì gu dji kwô mí sâ nà	1			Lendu	train	5.359477124183006		False	0.04854368932038833	False	5.252158614680003	0.9210526315789473	False
eea86ca8ea6b1af65157b06503a99e83	65595	spontaneous-speech-led-65595.mp3	21780	6805	Tsúw ngbódha Uganda ó nì à lí màdhí rakpa ó viy rónga ŋǎchú?	Tsúw gbódha lêy itsś nì ka drǒ màdhí bba ó tsúw gbódha lêy dji nì ngǎ màdhí nyû djú à lêy nyû nì dhǐ bbalè dho tsúw gbódha lêy màdhí nyû nì 'wò nzǐ lǎní	1			Lendu	train	5.463728191000918		False	0.31999999999999995	False	3.99202077049576	0.343609022556391	True
9effd7faf8601b37182a0098bf1d23b2	65620	spontaneous-speech-led-65620.mp3	17640	6805	Tsúw ngbódha Uganda ó nì à lí màdhí rakpa ó viy rónga ŋǎchú?	Tsúw ngbódha Uganda ó nì à lî ma dhí vi rónga à lêy ji nì ngǎ mà dhò nyù chú à lêy itss nì kà ddrǒ	1			Lendu	train	4.138321995464852		False	0.0736842105263158	False	4.725096594217183	0.7744360902255639	False
830ccfbc3f4a54ceb8d849dbfe1b520f	65756	spontaneous-speech-led-65756.mp3	23796	6805	Tsúw ngbódha Uganda ó nì à lí màdhí rakpa ó viy rónga ŋǎchú?	Tsúw nbgò dha mba nì ji mí zòw mà dho i ngá Uganda tsúw ya ka nì ngbǒ ddrǒ fú tsúw ngbò dha rà ngu ley ddíya nzǐ ji rà dey kwo cha ji tdè kwo tsúw tdè ney mí sǎ ró à rà ngu ddiya fú ji ngù luwtò nzǐ ji rà dey kwo ddrǒ i ngá mà dè Uganda ddíya fú lò nì ndey ji ngǔ luwtò	1			Lendu	train	8.446797781139688		False	0.2857142857142857	False	6.105200076824959	0.9902255639097745	False
21fb7f77ccb2d6989e98bcd4edf4c539	65869	spontaneous-speech-led-65869.mp3	21960	6805	Tsúw ngbódha Uganda ó nì à lí màdhí rakpa ó viy rónga ŋǎchú?	Tsúw ngbódha à sí nì dji mí klow mà dho fú ddiy léy nì nyù ddí 'wò nì ddí yà lǎ ní nzǐ wá nì lò ddí tde nì ddíya ngǎjìní à nyá nì ngéyngéy ní dhi jì ddí bbalè kà ó	1			Lendu	train	5.555555555555555		False	0.13124999999999998	False	4.177927976765314	0.4443609022556391	True
f595d0e1832ceab8c935264c25968409	66003	spontaneous-speech-led-66003.mp3	17820	6805	Tsúw ngbódha Uganda ó nì à lí màdhí rakpa ó viy rónga ŋǎchú?	Tsúw gbódha Uganda ó nì à lêy itsś mí klôw ní rí màdhí bba ó à lêy dji mí klôw ngûw ngǎ dziylíy nì ndèy sǎ ddiy mí klôw ní rǎ ru	1			Lendu	train	5.499438832772166		False	0.19047619047619047	False	3.9906799528824037	0.3406015037593985	True
5ead05ed0317f78aa329e93b3f6c2b6c	66212	spontaneous-speech-led-66212.mp3	20808	6805	Tsúw ngbódha Uganda ó nì à lí màdhí rakpa ó viy rónga ŋǎchú?	A lêy itsś mí klôw nì rí à nì bbalè dhí ddiy sǎ à lêy dji nì ngǎ cha ndèy dho mà tsotso kwo má ndèy léy màdhí ddiy à déy ndanà lǎní nì	1			Lendu	train	4.901960784313726		False	0.09848484848484851	False	3.686848707628699	0.16466165413533834	True
3d6b646c1cb9130eb226ee4110f7995d	66470	spontaneous-speech-led-66470.mp3	11556	6805	Tsúw ngbódha Uganda ó nì à lí màdhí rakpa ó viy rónga ŋǎchú?	À pîy mà dho dji à nyá nì ɦùw, à lêy nga bbìydha tde nì klǒw nyû chùwdha dhò	1			Lendu	train	5.019037729318103		False	0.0273972602739726	False	4.450751655198799	0.6338345864661654	False
c5df5911e2fe9c37bfe33b1deacd2a9c	63785	spontaneous-speech-led-63785.mp3	22608	6806	Ngòw dhì mí dhi à sa tdè dùdú ní mbu chuwdha mí tuw ŋǎchú?	Ngòw dhì mí dhi à sǎ tdè dùdú ní mb chùwdha mí tuw ŋǎchú? à lêy bbalè dêy bbiy nzǐ bbalè dêy ddiy ónga li nzǐ mb chùwdha tdè klǒw bbalè dho fúddiy sà bbalè dhí mb chùwdha mí tuw wá	1			Lendu	train	6.192498230714791		False	0.30508474576271183	False	3.6660595506715437	0.15714285714285714	True
8acb58a60c926b87d6f906bec0e3c36d	63925	spontaneous-speech-led-63925.mp3	15840	6806	Ngòw dhì mí dhi à sa tdè dùdú ní mbu chuwdha mí tuw ŋǎchú?	Ngòw dhì mí dhi à sǎ tdè dùdú ní mb chùwdha mí tuw ŋǎchú? À lêy màdhí ddiy dêy ndèy dzz nzǐ	1			Lendu	train	4.41919191919192		False	0.011363636363636354	False	3.7925878555250905	0.21052631578947367	True
f595d0e1832ceab8c935264c25968409	64086	spontaneous-speech-led-64086.mp3	20520	6806	Ngòw dhì mí dhi à sa tdè dùdú ní mbu chuwdha mí tuw ŋǎchú?	À lêy bbíydha tdè klǒw bbalè dho, à lêy dùdú ní ddúkà tsò pùdha tdè klǒw, à lêy bbalè dhí déydha tdè nyí nà mb mèydha mí tuw nà wánì nga nà	1			Lendu	train	5.2631578947368425		False	0.24264705882352944	False	3.7922965269578546	0.20977443609022556	True
da097b556a52dc7d273093cf8ce97abd	64096	spontaneous-speech-led-64096.mp3	12816	6806	Ngòw dhì mí dhi à sa tdè dùdú ní mbu chuwdha mí tuw ŋǎchú?	Ngòw dhì dhò sǒkò tdèy nga bbiydha tdèy nga à bbalè má ì dzź ddiy lèy nì tdè ngǎ à njǎddǐ frangà ddí tdèy nga	1			Lendu	train	6.710362047440698		False	0.14018691588785048	False	6.188289769319051	0.9909774436090225	False
21fb7f77ccb2d6989e98bcd4edf4c539	64146	spontaneous-speech-led-64146.mp3	27360	6806	Ngòw dhì mí dhi à sa tdè dùdú ní mbu chuwdha mí tuw ŋǎchú?	Ddì nì à sà tdè lò tey ddéydha rwo nì mî ddǐngǎ bbiydha cha mùtùkár nà nì à sǎ à lêy mùsùrúsà ddí tdè ndèy njěy ddíyà nzǐ ddudjú ddù à gù tdè nzǐ ka bbíy li kǎ fú ddiy à sà tdè tsàkà ní ngéyngéy ní lò fú ddiy lêy bbǎ fú sâ nà bba dho dhìy ddí ddíyà nzǐ	1			Lendu	train	7.017543859649123		True	0.19277108433734935	False			False
789f537bcdf7638af5c97b59bc69a60d	64407	spontaneous-speech-led-64407.mp3	26460	6806	Ngòw dhì mí dhi à sa tdè dùdú ní mbu chuwdha mí tuw ŋǎchú?	À lêy tdè mb ónga dzźdha kà ngû klǒw à à lêy tdè wánì ddiy tsò dhâ dhǎ má kà dho ndèy njuw nzǐ ngow-dhi lêy tdè bbalè wánì tdè cheydha ní ma nyi dho bbiy mí nga ddí tdè ngǎ ngòw-dhì lêy tdè wánì ddiy kà ngûw tdè mà dho gbè mà nì rǎ dhì tú dziylíy djúddù ingá ddù ddiy níchú	1			Lendu	train	8.01209372637944		True	0.22140221402214022	False			False
830ccfbc3f4a54ceb8d849dbfe1b520f	64980	spontaneous-speech-led-64980.mp3	25128	6806	Ngòw dhì mí dhi à sa tdè dùdú ní mbu chuwdha mí tuw ŋǎchú?	Ngòw dhì lêy ddíyà mà vì dey shì nzǐ cho má kà  mà shǐ tdè nì ò nzǐ mà vì dey ngu shì mà nì dhǐy děy ddùwà ní fúnì chú ngǎjìní nga ngòw dhì mbà màdho  nì í ngòw djú nì à nì nú fu mà nì njǎddǐ à lêy ddíyà mà ró nga vì dey ndèy njǎ gbè dzǐy mà vì dey nga nyù lǎní nì bbalè níchú fúnì ngǎjì ní lò ngòw dhì mbà mà dho	1			Lendu	train	9.272524673670803		True	0.30645161290322576	False			False
4690939abbaed200afffde0a457f0324	65452	spontaneous-speech-led-65452.mp3	15588	6806	Ngòw dhì mí dhi à sa tdè dùdú ní mbu chuwdha mí tuw ŋǎchú?	À tà mb chuwdha mí tuw ddiydhò bbiydha tdè ngǎ cha ka ra ndana sǒkò mà ò luw nyi dzź nyì mí ddiy ó nga cha ney nyi dho ndanà mbr chùw nì	1			Lendu	train	6.735950731331793		False	0.09701492537313428	False	4.249073494822252	0.5022556390977444	True
b60ffd663a6f4ea05bc69ef86c8ee3e8	65714	spontaneous-speech-led-65714.mp3	10620	6806	Ngòw dhì mí dhi à sa tdè dùdú ní mbu chuwdha mí tuw ŋǎchú?	À lêy tdè sǒkò tdè màdho ngǎ bbiydha ddí tdè màdho ngǎ fú ddiy sà màdho wá nì tuw	1			Lendu	train	5.932203389830508		True	0.23076923076923073	False			False
f1a9e65b853cca9c7a61a76ceeba58e2	65968	spontaneous-speech-led-65968.mp3	20160	6806	Ngòw dhì mí dhi à sa tdè dùdú ní mbu chuwdha mí tuw ŋǎchú?	À lêy ddiy tdè ndèy dzź nzǐ bbalè ddí tdè bbiy nzǐ mb chùwdha mí lò tdè klǒw  ka dho ddiy ó nga dzz ŋà ní ní à ngù lò wá nì ngû màdho tǔw	1			Lendu	train	5.109126984126984		False	0.09629629629629632	False	4.180630547618407	0.4481203007518797	True
f1a9e65b853cca9c7a61a76ceeba58e2	65968	spontaneous-speech-led-65968.mp3	20160	6806	Ngòw dhì mí dhi à sa tdè dùdú ní mbu chuwdha mí tuw ŋǎchú?	À lêy ddiy tdè ndèy dzz nzǐ bbalè ddí tdè bbiy nzǐ mb chùwdha mí lò tdè klǒw ka dhó ddiy ónga dzz ŋàní ní à ngù lò wánì ngû màdho tǔw	1			Lendu	train	5.059523809523809		False	0.09230769230769231	False	4.350119020320386	0.5729323308270676	True
bb53c9cc38fe315d31ecd6251f4b4705	66129	spontaneous-speech-led-66129.mp3	18000	6806	Ngòw dhì mí dhi à sa tdè dùdú ní mbu chuwdha mí tuw ŋǎchú?	À thà mà dhí tuw à lêy bbiydha ngû ngǎ ddawa dzà ngû ngǎ à lêy mà nì dey ddǐnga ngrú mà dhí dzítsò djú sǒkò nì ngǎ yěngà dzà nì ngǎ	1			Lendu	train	5.555555555555555		False	0.21875	False	5.133795533719338	0.8984962406015038	False
69460059366eafce16269260ed3e45b0	66189	spontaneous-speech-led-66189.mp3	9396	6806	Ngòw dhì mí dhi à sa tdè dùdú ní mbu chuwdha mí tuw ŋǎchú?	À lêy nga dzz̀dha mí nga tdè ngǎ ndèymí à lêy bbalè tdè bbiy nzǐ	1			Lendu	train	5.321413367390378		True	0.09836065573770492	False			False
5ead05ed0317f78aa329e93b3f6c2b6c	66342	spontaneous-speech-led-66342.mp3	17496	6806	Ngòw dhì mí dhi à sa tdè dùdú ní mbu chuwdha mí tuw ŋǎchú?	Ka bbû tdè sáwà tdrá cha ney bbalè njěy ndanà ddiy nì à lêy bbalè sà lèy ní mb à lêy cha ney kà bbalè ndrŕ ì njitsò ddiy tuwtsò ó ka lêy tdè nì tdrŕ ka tdrŕ ní nga bbiydha tdè ngǎ	1			Lendu	train	8.001828989483311		False	0.24022346368715086	False	4.726693140057667	0.775187969924812	False
3d6b646c1cb9130eb226ee4110f7995d	66459	spontaneous-speech-led-66459.mp3	17136	6806	Ngòw dhì mí dhi à sa tdè dùdú ní mbu chuwdha mí tuw ŋǎchú?	À lêy mbr chùw dha tdè klǒ soko tdè ngǎ à léy lò ngû kpákpá klǒw à rr sòdha tsò ddí màdho	1			Lendu	train	3.968253968253968		False	0.05813953488372092	False	5.081346793942146	0.8849624060150376	False
9effd7faf8601b37182a0098bf1d23b2	66601	spontaneous-speech-led-66601.mp3	19116	6806	Ngòw dhì mí dhi à sa tdè dùdú ní mbu chuwdha mí tuw ŋǎchú?	À lêy bbiydha tdè klǒw mà dhò mà dho ndanà mb mí tuwtsò chùw nì à lêy wánì ddu kodjò ró mà nì dǒw trr ddì nì nga fúddiy lêy tdè ngòw dhì mí dhi lêy tdè lò tdè klǒw	1			Lendu	train	6.486712701401967		False	0.16249999999999998	False	4.282756556994253	0.5270676691729324	True
