client_id	audio_id	audio_file	duration_ms	prompt_id	prompt	transcription	votes	age	gender	language	split	char_per_sec	quality_tags	duration_filtered	char_4gram_rep	rep_filtered	ppl_score	ppl_pct	quality_keep
209aab5184d892f83f2f6491b90f4867	15394	spontaneous-speech-pne-15394.mp3	22464	1580	Barak seritak inouk yah tong tv koluk tan kah?	[cough] Owk selitak ineh, konak peh toq neh. Jiak peh dak yeng koluk ngan koluk, mauk pongah naneuk uleuk tong selitak kok toq ineh, konak uleuk maneuk? Aman peh uleuk juk bet eh lah, eh pongah pelapah ineh, pongah telajon ineh. 	1			Western Penan	train	8.368945868945868		True	0.26106194690265483	False			False
6daf5823a635cbefd29a368980768870	15517	spontaneous-speech-pne-15517.mp3	16164	1580	Barak seritak inouk yah tong tv koluk tan kah?	Dan neh akouk seritak Lee Min Ho koluk tan kik. Seritak neh ngan Yoona, ngan [um] Bom, ngan Jisoo. Koluk akouk nat seritak nah ineh. Eh koluk- Yah akouk kukik ineh, seritak koluk tan kik. Ineh seritak koluk tan kik. 	1			Western Penan	train	10.88839396189062		False	0.3661971830985915	False	3.943635322153068	0.3603715170278638	True
15813ed995d0a8f107309df7f9afa0d0	15522	spontaneous-speech-pne-15522.mp3	15480	1580	Barak seritak inouk yah tong tv koluk tan kah?	Yeng pun seritak yah tong tv koluek tan kik leng akuek yeng akuek koluk menat sat pebareng yeng ineh monak eh jian maok yah sat seritak tong tv yeng pun akuek koluk nat 	1	thirties	female_feminine	Western Penan	train	8.785529715762273		False	0.30722891566265065	False	3.685737676179709	0.1956656346749226	True
38d1cf1c53c7826866b3ae7a6495b32f	15765	spontaneous-speech-pne-15765.mp3	20988	1580	Barak seritak inouk yah tong tv koluk tan kah?	Talan-talan seritak yah koluk tan amik, tapik langit paling- langit iteuk yah jian, yah koluk amik menat, seritak tong tivi tolouk, yah rongah, yah seritak yah jian jin awang daleh supaya amik mojam eh lak iteuk. 	1	twenties	male_masculine	Western Penan	train	8.433390508862207		False	0.24761904761904763	False	3.9867289722657806	0.3993808049535604	True
d010ca153b96a5ebfd09ba6a2e3e0cf4	15994	spontaneous-speech-pne-15994.mp3	16380	1580	Barak seritak inouk yah tong tv koluk tan kah?	Seritak pinek lah. Seritak Ultramen, seritak Power Rangers, Seritak Naruto, seritak pinek nan seritak neh.	1	teens	male_masculine	Western Penan	train	5.616605616605617		False	0.33009708737864074	False	4.694463702035093	0.7826625386996904	False
46b095ac5602bd3bfdf0cc670842c77c	16139	spontaneous-speech-pne-16139.mp3	16668	1580	Barak seritak inouk yah tong tv koluk tan kah?	Koluk nat piak, koluk sat seritak kelunan pepatai,ineh tuwerk koluk tan amik, seritak seritak 	1			Western Penan	train	4.799616030717543		False	0.19780219780219777	False	3.5589829218246893	0.1238390092879257	True
209c440297f7fce6c5e4fba0e913f9b8	16266	spontaneous-speech-pne-16266.mp3	11520	1580	Barak seritak inouk yah tong tv koluk tan kah?	Seritak tong tv yah koluk tan amik, ukuk amik nat tue. Emah-emah tue seritak amik koluk nat.	1			Western Penan	train	6.597222222222222		True	0.1910112359550562	False			False
75e882dda7e6942bcfa81c65ba9893a3	16541	spontaneous-speech-pne-16541.mp3	13968	1580	Barak seritak inouk yah tong tv koluk tan kah?	[um] Seritak tong tv koluk tan kik sau mah, mah seritak Spanyol, mah seritak Indo, mah seritak ireh Pelipin. Pinek koluk tan kek sau mah.	1			Western Penan	train	8.08991981672394		False	0.31343283582089554	False	4.807060029247948	0.8315789473684211	False
06e91360c689ccdb3c48e8c51aac7b8c	17591	spontaneous-speech-pne-17591.mp3	17028	1580	Barak seritak inouk yah tong tv koluk tan kah?	Konak tog seritak katun, seritak ireh lobuk lobuk yah bi belakon ineh, pinek pinek seritak yah eh jian jian tong tv koluk tan amik.	1	teens	female_feminine	Western Penan	train	6.342494714587739		False	0.203125	False	4.00367336533467	0.4136222910216718	True
660efcc153b8f1b83f0e7b7293a6739d	17631	spontaneous-speech-pne-17631.mp3	17028	1580	Barak seritak inouk yah tong tv koluk tan kah?	Seritak yah tong tv koluk tan kik, seritak ungap, seritak kutun, seritak ireh pepatai, tai pitah tangoh, ireh mukun ngejalak. Ineh koluk tan kek tong tv.	1	teens	female_feminine	Western Penan	train	7.517030772844727		False	0.2466666666666667	False	3.917631749593705	0.339938080495356	True
59015be0ab1203af375a4af4b86c43d5	17835	spontaneous-speech-pne-17835.mp3	22428	1580	Barak seritak inouk yah tong tv koluk tan kah?	Akouk peh yeng mojam barak seritak inouk inouk tapik seritak Jacky Chan,seritak inouk keh..seritak lucu Tom N Jerry,ineh bi koluk kik,seritak lucu lucu tuwerk..yeng akouk koluk nat seritak yah lalek horor,yah lalek pekodai,lalek ngesat ulouk avik yah pepatai yeng akouk lalek koluk, yah lucu lucu tuwerk, yah pekalak tuwerk koluk kik nat..	1			Western Penan	train	12.841091492776886		True	0.3839285714285714	False			False
d03d164e3a037c9462bb3b7801263813	17945	spontaneous-speech-pne-17945.mp3	12348	1580	Barak seritak inouk yah tong tv koluk tan kah?	Pineh seritak, pinek arak, pinek ade lobuk, ade kelunan yah koluk tan ulouk tong tv, yah koluk tan ulouk tong pon.	1	twenties	female_feminine	Western Penan	train	7.612568837058633		False	0.3063063063063063	False	3.7498835021580073	0.23281733746130032	True
a2632e7d8bbc0b5567334fd6bb68604f	17984	spontaneous-speech-pne-17984.mp3	16236	1580	Barak seritak inouk yah tong tv koluk tan kah?	Owk, pun neh seritak yah keluan koluk tan ulouk. Ulouk koluk mojam cara kelunan daleh jah, daleh jah. Supaya ulouk mojam seritak ireh dekuk ulouk yeng pedanik. Yah kuk ulouk koluk manouk tv setiap morem tan ulouk. Keh.	1	fifties	male_masculine	Western Penan	train	11.148066026114806		False	0.2790697674418605	False	3.4776296064793986	0.08173374613003095	True
3a783f2ba60782823bab13f00d15057a	18080	spontaneous-speech-pne-18080.mp3	16596	1580	Barak seritak inouk yah tong tv koluk tan kah?	Akouk koluk nat serita ireh drama korea, dalem seritak ineh, ineh yah manaouk akouk pun konep kek- konep kek meriyet lah menat yah eh seritak seritak korea, seritak orang putih. Koluk akouk.	1			Western Penan	train	9.58062183658713		False	0.2727272727272727	False	4.068337832822519	0.45572755417956656	True
15813ed995d0a8f107309df7f9afa0d0	15179	spontaneous-speech-pne-15179.mp3	12348	1587	Sik kelunan tong tv yah nipet kuk?	Yeng pun kelunan nipet kik tong tv,du'kuk neh yeng pun yah jian neh, yeng pun yah kesat neh tan kik ..akouk, yeng akouk mojam mipet..	1	thirties	female_feminine	Western Penan	train	8.82734045999352		False	0.22307692307692306	False	2.939820016112921	0.0018575851393188853	True
6daf5823a635cbefd29a368980768870	15396	spontaneous-speech-pne-15396.mp3	15588	1587	Sik kelunan tong tv yah nipet kuk?	Kan V, V ninat kik V, koluk tan kik, nipet kik V. Jungkook, Jimin ineh tue ninat kik. Akouk yeng akouk pun koluk nat ireh ar- ireh lobuk idun. Ireh korea koluk kik. 	1			Western Penan	train	8.468052347959969		False	0.191358024691358	False	4.7502900087699675	0.8074303405572756	False
916c4bf55dda885cb785b8e0342f30cb	15703	spontaneous-speech-pne-15703.mp3	16200	1587	Sik kelunan tong tv yah nipet kuk?	Yeng koluk nat [um] seritak [um] Siti Nurhaliza, [um] P-Ramlee ngan [um] penyanyi penyanyi Saleem erei. 	1	fourties	male_masculine	Western Penan	train	5.432098765432099		False	0.15841584158415845	False	5.7702307259294265	0.9752321981424149	False
d010ca153b96a5ebfd09ba6a2e3e0cf4	15937	spontaneous-speech-pne-15937.mp3	15912	1587	Sik kelunan tong tv yah nipet kuk?	Kelunan yah tong tv nipet kik, yeng pun kelunan yah nipet kik kecuali ireh tong pon tue eh nipet kik dai itouk ineh lah.	1	teens	male_masculine	Western Penan	train	6.096028154851684		False	0.24786324786324787	False	3.8013021213129674	0.2582043343653251	True
209c440297f7fce6c5e4fba0e913f9b8	15980	spontaneous-speech-pne-15980.mp3	8856	1587	Sik kelunan tong tv yah nipet kuk?	Kirak-kirak lah akuek yeng mojam akuek yeng tipan nat tv 	1			Western Penan	train	5.30713640469738		True	0.18518518518518523	False			False
46b095ac5602bd3bfdf0cc670842c77c	16209	spontaneous-speech-pne-16209.mp3	15768	1587	Sik kelunan tong tv yah nipet kuk?	 Pinek kelunan nipert tong tv ,tong ade'r,yeng jah duah nipert kik tong ,tong ade'r..pinek..tusah akeuk barak..pinek alek.	1			Western Penan	train	6.659056316590563		False	0.2100840336134454	False	4.743659289555259	0.8030959752321981	False
38d1cf1c53c7826866b3ae7a6495b32f	16278	spontaneous-speech-pne-16278.mp3	17640	1587	Sik kelunan tong tv yah nipet kuk?	Semua kelunan yah tong tv ineh mipet kik. Yan dukuk kik minat, duduk kik kolouk. Dukuk kik mipet. Abuh akouk yeng mipet kelunan yah tong tv ineh, akouk yeng menat. Akouk yeng koluk. Apabila kik menat kelunan tong tv ineh, akouk mipet yah nen ineh. Akouk kolouk nat. Ineh, akouk mipet yah ineh, yan dukuk kik mauk. 	1	twenties	male_masculine	Western Penan	train	14.569160997732428		False	0.48553054662379425	True			False
75e882dda7e6942bcfa81c65ba9893a3	16568	spontaneous-speech-pne-16568.mp3	15876	1587	Sik kelunan tong tv yah nipet kuk?	[um] kelunan yah tong tv yah nipet kik,yan neh..koluk tan kik,yan neh Jefri Nichol,ireh lakeik ineh..dan ireh rodu dak,yan neh,Chelsea Olivia..	1			Western Penan	train	7.747543461829176		False	0.15000000000000002	False	3.333372718494583	0.03343653250773994	True
660efcc153b8f1b83f0e7b7293a6739d	17302	spontaneous-speech-pne-17302.mp3	16308	1587	Sik kelunan tong tv yah nipet kuk?	Seritak yah koluk tan kik tong tv   seritak a Bruno koluk akuk nat seritak ineh dukuk neh jiat nat eh jiak peh tosok neh jiak peh semua neh yah tenosek yah lak sineh	1	teens	female_feminine	Western Penan	train	8.032867304390484		False	0.2592592592592593	False	4.66218502717777	0.7758513931888545	False
06e91360c689ccdb3c48e8c51aac7b8c	17365	spontaneous-speech-pne-17365.mp3	18000	1587	Sik kelunan tong tv yah nipet kuk?	Pinek ireh rodu yah eh jiak,jiak nat..yah koluk,koluk tan kik..yah bi nipet kik..tong pon.Yah mauk koluk tan kik,ineh tuwerk..	1	teens	female_feminine	Western Penan	train	6.0		False	0.1707317073170732	False	3.550121099614377	0.11702786377708978	True
15c3189343ecfed295e773c9a86db318	17398	spontaneous-speech-pne-17398.mp3	16380	1587	Sik kelunan tong tv yah nipet kuk?	Yeng pun kelunan yah nipet kik tong tv,semua neh akouk koluk menat..koluk menat seritak menat ade'..yeng pun yah koluk nipet,koluk tan kik..semuah neh akouk koluk menat ade' neh keh..	1	twenties	female_feminine	Western Penan	train	9.462759462759465		False	0.3388888888888889	False	3.40273418712241	0.05696594427244582	True
d03d164e3a037c9462bb3b7801263813	17707	spontaneous-speech-pne-17707.mp3	24300	1587	Sik kelunan tong tv yah nipet kuk?	Pinek lobuk tong tv koluk tan ulouk. Shah Rukh Kek, [unclear], Rani kek, Pretty, [um] artis yah jiak nat : Kajol, [um] Hritik Roshan, ireh jiak nat. Ireh jian batung, ireh lakeik, ireh rodu neh.	1	twenties	female_feminine	Western Penan	train	6.584362139917696		True	0.1361256544502618	False			False
59015be0ab1203af375a4af4b86c43d5	17869	spontaneous-speech-pne-17869.mp3	15948	1587	Sik kelunan tong tv yah nipet kuk?	Kelunan tong tv yah nipet kik dan bagik lagu, akouk koluk nat ireh Dato' Siti [unclear] Kelunan yah nipet kik ineh, konak erei Jackie Chan, koluk akouk nat dekuk neh lucu.	1			Western Penan	train	8.841234010534237		False	0.18452380952380953	False	3.7843441628937264	0.2476780185758514	True
a2632e7d8bbc0b5567334fd6bb68604f	17894	spontaneous-speech-pne-17894.mp3	16560	1587	Sik kelunan tong tv yah nipet kuk?	Yeng pun eh nipet kik. Bareng eh anag kik, bareng eh rodu kek. Nak akouk peh juk mipet ader lobuk, bareng akouk- akouk kek juk mipet yah bareng yah mipet akouk. Kehz Ader lobuk tatan nah kek ineh yeng eh ader neh ayuk menyuk akouk mipet yah, kaler lobuk.	1	fifties	male_masculine	Western Penan	train	12.43961352657005		False	0.350597609561753	False	4.653458450600649	0.7721362229102167	False
3a783f2ba60782823bab13f00d15057a	18320	spontaneous-speech-pne-18320.mp3	17388	1587	Sik kelunan tong tv yah nipet kuk?	Koluk tan kik tong tv, akouk koluk nat sharukan. Sharukan iteuk ineh, jiak nat lakeik ineh. Bawai-bawai eh. Mojam eh manouk seritak ne. Mojam eh belakon seritak ne. Keh. Kolouk akouk ngan sharukan. Ineh lakeij yah koluk tan kik. 	1			Western Penan	train	10.927076144467447		False	0.27876106194690264	False	4.978858844617215	0.8743034055727554	False
209aab5184d892f83f2f6491b90f4867	15225	spontaneous-speech-pne-15225.mp3	22572	1588	Suket inouk yah lalek koluk keninik kuk?	Inuek yah lalek koluek keninek kik yeng ngeninek seritak yeng ngeninek tosok dalem ineh neh yeng ineh koluk keninek kik bareng piak adek keh ineh yeng piak lan piak pong keninek kik ineh keh yeng Inuek koluk oluek ngeninek ineh koluk kik 	1			Western Penan	train	8.683324472798157		True	0.48085106382978726	False			False
916c4bf55dda885cb785b8e0342f30cb	15348	spontaneous-speech-pne-15348.mp3	20268	1588	Suket inouk yah lalek koluk keninik kuk?	Akouk koluk nat suket P. Ramlee ngan suket ireh [um] maen maen stareng pedang erei ngan ireh [um] kuntau.	1	fourties	male_masculine	Western Penan	train	4.292480757844879		False	0.17647058823529416	False	5.076772869524656	0.891640866873065	False
6daf5823a635cbefd29a368980768870	15415	spontaneous-speech-pne-15415.mp3	15732	1588	Suket inouk yah lalek koluk keninik kuk?	Akouk koluk suket [um] Somang, koluk suket [um], pinek lah suket koluk kik. Yeng akouk mojam barak. Kan topun kik kelunan suket, ineh kuk kik koluk ninik suket.	1			Western Penan	train	8.454106280193237		False	0.2738853503184714	False	3.8528208898895584	0.29040247678018577	True
15813ed995d0a8f107309df7f9afa0d0	15506	spontaneous-speech-pne-15506.mp3	16200	1588	Suket inouk yah lalek koluk keninik kuk?	Dan suket ireh sau, yeng akouk ingat eh la. Suket eh pengawu itouk yeng eh pun. Yeng somah ulouk ngeninik suket yah koluk keninik ulouk la, suket sau pongah yeng eh pun. Yeng pun ukun topun ulouk seritak ineh la lah.	1	thirties	female_feminine	Western Penan	train	10.864197530864198		False	0.2582159624413145	False	4.184744321888683	0.5356037151702786	True
d010ca153b96a5ebfd09ba6a2e3e0cf4	15821	spontaneous-speech-pne-15821.mp3	16704	1588	Suket inouk yah lalek koluk keninik kuk?	Suket ireh mukun sau avik ireh pengawu itouk, suket paling koluk kik anah ireh ukun sau. Kuk neh lobih jiak tosog suket rah.	1	teens	male_masculine	Western Penan	train	6.10632183908046		False	0.14049586776859502	False	3.956273084161159	0.3721362229102167	True
46b095ac5602bd3bfdf0cc670842c77c	16200	spontaneous-speech-pne-16200.mp3	16236	1588	Suket inouk yah lalek koluk keninik kuk?	Koluk ngeninik suket pekayau, suket pepatai, suket daleh, suket sau. Suket tatah sau, suket sau.	1			Western Penan	train	5.05050505050505		False	0.32258064516129037	False	5.373547049637315	0.9467492260061919	False
209c440297f7fce6c5e4fba0e913f9b8	16260	spontaneous-speech-pne-16260.mp3	15588	1588	Suket inouk yah lalek koluk keninik kuk?	Suket yah lalek nouk tamen tinen kik, koluk kik sau ; suket Ali Basah, suket Bang- Bang Kan. 	1			Western Penan	train	4.811393379522709		False	0.09999999999999998	False	5.723294039166859	0.9739938080495356	False
75e882dda7e6942bcfa81c65ba9893a3	16318	spontaneous-speech-pne-16318.mp3	13932	1588	Suket inouk yah lalek koluk keninik kuk?	Dan kik larui anag,tamen keik larui lalek lalek koluk suket ngan amik padik..yan neh suket Tamen Ra,suket Tamen Saning, ineh..	1			Western Penan	train	7.680160780935974		False	0.21138211382113825	False	4.8409680266003505	0.8421052631578947	False
38d1cf1c53c7826866b3ae7a6495b32f	16374	spontaneous-speech-pne-16374.mp3	16020	1588	Suket inouk yah lalek koluk keninik kuk?	Suket yah lalek koluk keninik kik dan kik anag,yeng pun suket boken..tamen ra,tamen nove,tamen saning,penakoh,lakeik bilun..ineh yah lalek senuket ireh ukun ireh topun kik yah pogeng keninik kik..	1	twenties	male_masculine	Western Penan	train	10.549313358302122		False	0.20725388601036265	False	4.852857099147101	0.8470588235294118	False
15c3189343ecfed295e773c9a86db318	17416	spontaneous-speech-pne-17416.mp3	14760	1588	Suket inouk yah lalek koluk keninik kuk?	Yah koluk kik dalem adui kik, adui laker, manouk beg , manouk borat, manouk bukui, manouk pokah. Manouk semuah adui laker lah. Ineh yah koluk kik dalem urip kik.	1	twenties	female_feminine	Western Penan	train	9.010840108401084		False	0.33544303797468356	False	3.4100293341179193	0.06068111455108359	True
660efcc153b8f1b83f0e7b7293a6739d	17501	spontaneous-speech-pne-17501.mp3	16056	1588	Suket inouk yah lalek koluk keninik kuk?	Suket yah koluk ninik kik, sukat amik sau...suket ukun topun amik dalem daleh amik dalem tanak amik sau. Ineh koluk keninik kik. Aaavik pengawu iteuk. Avik de ineh pe akeuk koluk ngeninik eh. 	1	teens	female_feminine	Western Penan	train	9.902840059790732		False	0.25396825396825395	False	3.6309148136520943	0.1585139318885449	True
06e91360c689ccdb3c48e8c51aac7b8c	17574	spontaneous-speech-pne-17574.mp3	18432	1588	Suket inouk yah lalek koluk keninik kuk?	Pun suket amik sau, ireh ukun amik sau bi tosog pinek pinek nan nan suket amik sau yah eh koluk koluk keninik kik. Pinek, jah akouk yeng mojam barak inouk bi suket ineh. 	1	teens	female_feminine	Western Penan	train	7.432725694444444		False	0.22754491017964074	False	4.007047598997087	0.41609907120743034	True
06e91360c689ccdb3c48e8c51aac7b8c	17574	spontaneous-speech-pne-17574.mp3	18432	1588	Suket inouk yah lalek koluk keninik kuk?	Pun suket amik sau, ireh ukun topun amik sau bi tosoq pinek-pinek, nan-nan suket amik sau, yah eh pe- koluk ninik kik pinek jah akeuk yeng mojam barak ineuk bi suket ineh.	1	teens	female_feminine	Western Penan	train	7.59548611111111		False	0.1964285714285714	False	4.378386342289549	0.6458204334365325	False
59015be0ab1203af375a4af4b86c43d5	17816	spontaneous-speech-pne-17816.mp3	17532	1588	Suket inouk yah lalek koluk keninik kuk?	Suket yah koluk keninik kik, suket Somang. Suket [um], owk suket Somang ineh. Kuk neh, ineh peh suket lucu bagik akouk, yan pekalak bagik akouk. Kuk neh, ineh dekuk kik koluk. 	1			Western Penan	train	8.270590919461556		False	0.2947976878612717	False	4.142666699875052	0.5058823529411764	True
d03d164e3a037c9462bb3b7801263813	17914	spontaneous-speech-pne-17914.mp3	18612	1588	Suket inouk yah lalek koluk keninik kuk?	Pinek pinek suket, pinek pinek tosog, pinek pinek seritak ireh sau sau yah koluk ngan ulouk, yah koluk keninik ulouk. Yah koluk [ah] ulouk ireh manouk monak ulouk, supaya ulouk peroti, ulouk mojam seritak ireh sau.	1	twenties	female_feminine	Western Penan	train	9.617451106812808		False	0.3838862559241706	False	3.3409003108379105	0.03777089783281734	True
a2632e7d8bbc0b5567334fd6bb68604f	18067	spontaneous-speech-pne-18067.mp3	15660	1588	Suket inouk yah lalek koluk keninik kuk?	Suket belawan ineh ateg koluk amik, suket jelivan ineh ateg jian ngan..jin asen amik ponan..pinek suket yah jian ngan ulouk, suket yah lobik koluk ulouk ngeninik, keh..	1	fifties	male_masculine	Western Penan	train	9.067688378033203		False	0.2666666666666667	False	4.275029705851421	0.5925696594427244	True
3a783f2ba60782823bab13f00d15057a	18136	spontaneous-speech-pne-18136.mp3	17388	1588	Suket inouk yah lalek koluk keninik kuk?	Suket koluk kik, akouk koluk lakeik bilun. Lakeik bilun iteuk, mojam, piten lakeik bilun iteuk. Eh ngelaken lakeik bayah eh menakat lakeik bayah. 	1			Western Penan	train	7.073844030365769		False	0.3356643356643356	False	5.304267692377118	0.9318885448916409	False
15813ed995d0a8f107309df7f9afa0d0	15343	spontaneous-speech-pne-15343.mp3	11520	1553	Inouk eh kebosau kuk tong joh pengayuk tong pon itouk?	Pinek yah yeng kojam kek dalem pengayuk tong pon iteuk. Yeng akouk mojam manouk, yeng akouk mojam monyek. 	1	thirties	female_feminine	Western Penan	train	7.638888888888889		True	0.18446601941747576	False			False
916c4bf55dda885cb785b8e0342f30cb	15412	spontaneous-speech-pne-15412.mp3	17496	1553	Inouk eh kebosau kuk tong joh pengayuk tong pon itouk?	Akouk modai ireh anag nat [um] yah sat, tong pon ineh. Konak [um] pun yah sat sat ngan yah yeng koluk amik anag amik nat.	1	fourties	male_masculine	Western Penan	train	5.544124371284865		False	0.1694915254237288	False	3.8687346642464853	0.2996904024767802	True
6daf5823a635cbefd29a368980768870	15536	spontaneous-speech-pne-15536.mp3	15948	1553	Inouk eh kebosau kuk tong joh pengayuk tong pon itouk?	Owk..bosau du'kuk neh mutup eh erei mah..du'kuk neh erei, yeng sukat lawen erei jilap kepolak,jilap pelaleik ineh maneuk eh.. ayuk kik yeng ayuk pon tong karen.	1			Western Penan	train	8.465011286681715		False	0.16560509554140124	False	4.994538439964792	0.8786377708978328	False
209c440297f7fce6c5e4fba0e913f9b8	15839	spontaneous-speech-pne-15839.mp3	8136	1553	Inouk eh kebosau kuk tong joh pengayuk tong pon itouk?	Akouk bosau dei eh tasak, dei eh sat. Yeng akouk sukat poteg.	1			Western Penan	train	6.145526057030481		True	0.12068965517241381	False			False
d010ca153b96a5ebfd09ba6a2e3e0cf4	15888	spontaneous-speech-pne-15888.mp3	16128	1553	Inouk eh kebosau kuk tong joh pengayuk tong pon itouk?	Amik posot, dei- amik- amik jaga piak kelunan amik jin juk. Barak ireh sat, barak ireh yeng jiak kek, inouk semu- 	1	teens	male_masculine	Western Penan	train	5.766369047619048		False	0.16216216216216217	False	4.224388311076513	0.5572755417956656	True
46b095ac5602bd3bfdf0cc670842c77c	15943	spontaneous-speech-pne-15943.mp3	16308	1553	Inouk eh kebosau kuk tong joh pengayuk tong pon itouk?	Bosau ayuk pon, yeng mojam ayuk. Tajak amik Ponan, Ponan Dayah, yeng amik mojam ayuk pon.	1			Western Penan	train	4.537650233014472		False	0.2790697674418605	False	4.273228074636642	0.5907120743034056	True
38d1cf1c53c7826866b3ae7a6495b32f	16370	spontaneous-speech-pne-16370.mp3	16560	1553	Inouk eh kebosau kuk tong joh pengayuk tong pon itouk?	Yah kebosau kik lah kalau neh larui tong cas neh,akouk bosau,akouk yeng pakey lah..yah kebosau kik lah,inouk..amai minak eh tong berk,tong sak,tong yah mole tode',mole bilak..	1	twenties	male_masculine	Western Penan	train	9.057971014492754		False	0.2093023255813954	False	4.685293542995995	0.7795665634674923	False
75e882dda7e6942bcfa81c65ba9893a3	16493	spontaneous-speech-pne-16493.mp3	14148	1553	Inouk eh kebosau kuk tong joh pengayuk tong pon itouk?	Konak piak kik,niik nek,pon itouk bosau m'dey ireh anag menat yak sat, yah yeng sukat tan ireh,yah yeng jian monak ireh	1			Western Penan	train	6.997455470737914		False	0.10344827586206895	False	4.119509100588343	0.4891640866873065	True
15c3189343ecfed295e773c9a86db318	17531	spontaneous-speech-pne-17531.mp3	14400	1553	Inouk eh kebosau kuk tong joh pengayuk tong pon itouk?	Dan- dan pon ineh tasak, yeng sukat ayuk pon yeng sukat pani yeng sukat wasap ngan sik sik, bakeh bakeh, padik padik kalau- dan pon ineh tasak. Keh ineh.	1	twenties	female_feminine	Western Penan	train	8.680555555555555		False	0.31333333333333335	False	4.59162567040269	0.7486068111455109	False
06e91360c689ccdb3c48e8c51aac7b8c	17547	spontaneous-speech-pne-17547.mp3	17280	1553	Inouk eh kebosau kuk tong joh pengayuk tong pon itouk?	Pun yah kebosau tong ayuk pon iteuk de pun ineuk yah sebarang-barang dalem. Sik kelunan yah eh sat-sat, bi mengopon maneuk uleuk kelunan sebarang mengate.	1	teens	female_feminine	Western Penan	train	7.523148148148148		False	0.1920529801324503	False	4.348787767520747	0.6340557275541796	False
660efcc153b8f1b83f0e7b7293a6739d	17627	spontaneous-speech-pne-17627.mp3	15840	1553	Inouk eh kebosau kuk tong joh pengayuk tong pon itouk?	Manouk tong pon, kebosau kik, dekuk ranag eh lalek lalek joh tot jin morem avik saput, jin saput avik morem. Tot manouk ngan pon, yeng pun roti. Ineh kebosau kik dei ireh mamak, dei ireh pun manouk, dei ireh sakit, dei ireh podam.	1	teens	female_feminine	Western Penan	train	11.868686868686869		False	0.2819383259911894	False	5.181879479497062	0.9151702786377709	False
a2632e7d8bbc0b5567334fd6bb68604f	17940	spontaneous-speech-pne-17940.mp3	16200	1553	Inouk eh kebosau kuk tong joh pengayuk tong pon itouk?	Owk. Yeng pun boken, akeuk bosau medey pani sebarang, de miak sebarang ngan kelunan. Akeuk bosau medey pon iteuk shot, medey pebareng mutup gak ngan kuk kalau lobih jin chara pakey.	1	fifties	male_masculine	Western Penan	train	9.320987654320987		False	0.1853932584269663	False	5.18101078306691	0.9139318885448916	False
59015be0ab1203af375a4af4b86c43d5	17985	spontaneous-speech-pne-17985.mp3	17892	1553	Inouk eh kebosau kuk tong joh pengayuk tong pon itouk?	Kebosau kik ayuk pon itouk ineh,jin sosial media itouk..pukuk neh pinek han yah berlaku,han yah terjadi jin pon itouk ngan ireh lobuk..pun ireh ngelakern rigit la,inouk kerk..menokau kerk..pinek pinek masem jin pon itouk kodai kik..	1			Western Penan	train	11.066398390342052		False	0.23144104803493448	False	5.076156096014326	0.8910216718266254	False
d03d164e3a037c9462bb3b7801263813	17988	spontaneous-speech-pne-17988.mp3	27576	1553	Inouk eh kebosau kuk tong joh pengayuk tong pon itouk?	Bosau anaq uleuk medey ireh pun tai gak tong main, tong kesat adui ireh tong pon, tong [um] ineuk kek, laptop ireh, tong ipad ireh. Dey ireh [um] tai gak tong masalah, tai gak tong [um] penusah gara adui ireh ayuk pon.	1	twenties	female_feminine	Western Penan	train	6.418624891209747		True	0.32558139534883723	False			False
3a783f2ba60782823bab13f00d15057a	18192	spontaneous-speech-pne-18192.mp3	17208	1553	Inouk eh kebosau kuk tong joh pengayuk tong pon itouk?	Bosau akouk, bosau... De akouk yeng manouk adui, manouk keroja dak. Tei akouk pake pon ineh dak, yeng akouk pun terosen kik manouk keroja kik, manouk adui kik tong lamin. Ineh kodai kik ngan pon kik iteuk, de eh mutup jah. 	1			Western Penan	train	10.576476057647604		False	0.26363636363636367	False	4.620541813953631	0.7585139318885449	False
15813ed995d0a8f107309df7f9afa0d0	15595	spontaneous-speech-pne-15595.mp3	14760	1504	Barak penganouk kuk pekosag penguman koluk kinan kuk?	Barang pekosag koluk kinan kik ; munin, deg. Dan neh nobah, ineh koluk kinan kik. Jiak kuman ireh ineh, ineh mi dan pekosag.	1	thirties	female_feminine	Western Penan	train	6.910569105691057		False	0.2148760330578512	False	5.331356827099152	0.934984520123839	False
6daf5823a635cbefd29a368980768870	15633	spontaneous-speech-pne-15633.mp3	16164	1504	Barak penganouk kuk pekosag penguman koluk kinan kuk?	Senagah kik eh, nanouk kik maang ineh penguman koluk kik. Konak tog- menotong kek konak daon tangoh, pakouk kek, erei punyeng padau kek. Keh akouk manouk. Akouk yeng akouk koluk penguman basak, koluk penguman maang-	1			Western Penan	train	11.197723335807968		False	0.25943396226415094	False	4.723373742002383	0.7938080495356037	False
38d1cf1c53c7826866b3ae7a6495b32f	15823	spontaneous-speech-pne-15823.mp3	18540	1504	Barak penganouk kuk pekosag penguman koluk kinan kuk?	Dan bagik akouk, akouk lalek koluk kuman bah. Bah ineh koluk kinan kik. Akouk monak usen, monak biseng neh monen. dan neh bekorang, dan neh mabui erei, tenodog kik, nonak kik tong porog. Keh, juk juk jin lang porog dei eh ponyouk. Keh, ineh penganouk kik. 	1	twenties	male_masculine	Western Penan	train	11.326860841423947		False	0.2134387351778656	False	4.495226872001791	0.7065015479876161	False
d010ca153b96a5ebfd09ba6a2e3e0cf4	15918	spontaneous-speech-pne-15918.mp3	15948	1504	Barak penganouk kuk pekosag penguman koluk kinan kuk?	penguman koluk kinan kik ineh,ayuk sos,ayuk kicap..ayuk kari..ayuk usen biseng..ayuk gula,ayuk kanen,ayuk benyuk abin dek..	1	teens	male_masculine	Western Penan	train	6.834712816654125		False	0.21666666666666667	False	5.668935886306536	0.9678018575851394	False
46b095ac5602bd3bfdf0cc670842c77c	16066	spontaneous-speech-pne-16066.mp3	21456	1504	Barak penganouk kuk pekosag penguman koluk kinan kuk?	Penguman kolouk kinan, bareng pun boken, yeng aneh uvut, yeng uveik, yeng ane betolu, yeng amik tei ngejalak, yeng amik tei tanak, tei [unclear]. Ineh penguman  nalek amik jin tei tong tanak, ineh penguman kolouk.	1			Western Penan	train	8.296047725577926		False	0.319047619047619	False	4.524625746024351	0.7176470588235294	False
46b095ac5602bd3bfdf0cc670842c77c	16066	spontaneous-speech-pne-16066.mp3	21456	1504	Barak penganouk kuk pekosag penguman koluk kinan kuk?	Penguman koluk kinan bareng eh pun boken, yan neh uvut, yah onyog uveik, yan neh betolu. Yah amik tai ngejalak, yah amik tai tong tanak, tai mengasouk. Ineh penguman nale amik jin tanak, ineh penguman koluk.	1			Western Penan	train	8.016405667412378		False	0.26960784313725494	False	4.254920757545769	0.5820433436532507	True
209c440297f7fce6c5e4fba0e913f9b8	16181	spontaneous-speech-pne-16181.mp3	16200	1504	Barak penganouk kuk pekosag penguman koluk kinan kuk?	Akouk pekosag penguman ayuk porog. Mosong porog, mobah sebarang mabui, kaan inouk keh, nobah kik.	1			Western Penan	train	5.123456790123457		False	0.07446808510638303	False	5.683163170061789	0.9696594427244583	False
75e882dda7e6942bcfa81c65ba9893a3	16424	spontaneous-speech-pne-16424.mp3	18900	1504	Barak penganouk kuk pekosag penguman koluk kinan kuk?	[unclear] [um] Tari'ik neh akouk monak nyag tong kuren, monak gulak, monak bawang, awu ineh akouk maseg daon uveik ineh. Ngeligai-ngeligai monak be'ek neh sig kek, monak, monak nyag neh sig kek kelak. Mosag~	1			Western Penan	train	9.206349206349206		False	0.27941176470588236	False	5.187671777365493	0.9170278637770898	False
660efcc153b8f1b83f0e7b7293a6739d	17376	spontaneous-speech-pne-17376.mp3	16416	1504	Barak penganouk kuk pekosag penguman koluk kinan kuk?	Dan amik pun semawa, dan amik pun nyaq taki, neuk amik tong semawa, dan amik yeng pun, neuk amik tong poroq mosong poroq, pitah kayeuk amik ayuk amik mosong poroq. Ayuk amik maneuk penguman.	1	teens	female_feminine	Western Penan	train	9.56384015594542		False	0.42245989304812837	False	5.105094155323595	0.8959752321981425	False
15c3189343ecfed295e773c9a86db318	17549	spontaneous-speech-pne-17549.mp3	16200	1504	Barak penganouk kuk pekosag penguman koluk kinan kuk?	Pongah akouk manouk penguman kik..manouk penguman,manouk tangoh,manouk kanen..pinek pinek penguman..pongah mosak,amik kuman.Pongah kuman,mukuk,monyun..	1	twenties	female_feminine	Western Penan	train	8.580246913580247		False	0.32432432432432434	False	4.061327137938295	0.4501547987616099	True
06e91360c689ccdb3c48e8c51aac7b8c	17611	spontaneous-speech-pne-17611.mp3	16452	1504	Barak penganouk kuk pekosag penguman koluk kinan kuk?	Akouk dan kik juk kuman, inouk yah penguman yah eh jiak tong akouk, dan kik yeng koluk monak ireh, yeng pun akouk monak ireh. Jadi pekosak akouk dalem neh.	1	teens	female_feminine	Western Penan	train	7.719426209579382		False	0.22368421052631582	False	3.129808247994107	0.006811145510835914	True
d03d164e3a037c9462bb3b7801263813	17769	spontaneous-speech-pne-17769.mp3	14544	1504	Barak penganouk kuk pekosag penguman koluk kinan kuk?	Takan uleuk pekosyak unan penguman, mauk eh yeng, eh yeng. Ineuk dukuk uleuk pekosyak unan neh. Abu peh eh keh, eh yeng pun ne, eh yeng shukup, eh yeng avik ineh. Keh ineh. 	1	twenties	female_feminine	Western Penan	train	9.625962596259626		False	0.3058823529411765	False	4.961849576736638	0.8705882352941177	False
59015be0ab1203af375a4af4b86c43d5	17803	spontaneous-speech-pne-17803.mp3	16236	1504	Barak penganouk kuk pekosag penguman koluk kinan kuk?	Akouk koluk kuman eh dan penguman ineh nobah, dan deg akouk juk koluk kuman pan deg dan senagah koluk kik kuman. Dan eh sugi koluk kik kuman nobah. Dan bagik akouk.	1			Western Penan	train	8.253264350825326		False	0.3788819875776398	False	4.705061656477169	0.788235294117647	False
a2632e7d8bbc0b5567334fd6bb68604f	18172	spontaneous-speech-pne-18172.mp3	16236	1504	Barak penganouk kuk pekosag penguman koluk kinan kuk?	dei pun cara uleuk maneuk yah koluk uleuk kuman gureng ke jian,seniai keh piak uleuk ponan nobah ineh yah jian dan mabui  dan payau ineh yah jian kuman dalem kinan uleuk keh ineh koluk uleuk kuman	1	fifties	male_masculine	Western Penan	train	9.854644000985465		False	0.3212435233160622	False	5.03668607852686	0.8835913312693499	False
3a783f2ba60782823bab13f00d15057a	18327	spontaneous-speech-pne-18327.mp3	16812	1504	Barak penganouk kuk pekosag penguman koluk kinan kuk?	penganouk kik pekosak penguman yan neh konak akouk mobah, konak akouk matok,konak akouk menyagah,keh akouk erei..pekosak penguman keik pekosak erei..berajak keik,keh ineh eh ineh 	1			Western Penan	train	9.21960504401618		False	0.36931818181818177	False	4.0894305799502435	0.4693498452012384	True
6daf5823a635cbefd29a368980768870	15448	spontaneous-speech-pne-15448.mp3	15552	1564	Konak kah panag, sukup rigit ngan berajak kah?	Owk..sukup sukup lah..monak jiak konep ngan tuhan..du'kuk neh monak amik berajak,avik neh monak wat ayuk ireh tinen tamen kik keroja jengarun itouk..jin siran siran pongah..bersyukur..	1			Western Penan	train	10.2880658436214		False	0.11602209944751385	False	4.486564313332577	0.7021671826625387	False
916c4bf55dda885cb785b8e0342f30cb	15451	spontaneous-speech-pne-15451.mp3	14148	1564	Konak kah panag, sukup rigit ngan berajak kah?	amik juk barak,juk barak sukup peh,peh yeng sukup,abin amik pinek dalem jah luvang lamin..pongah ineh, pogeng yeng sukup bagik amik,ineh tuwerk	1	fourties	male_masculine	Western Penan	train	8.693808312128922		False	0.17142857142857137	False	4.341561601800053	0.6297213622291021	False
15813ed995d0a8f107309df7f9afa0d0	15465	spontaneous-speech-pne-15465.mp3	14040	1564	Konak kah panag, sukup rigit ngan berajak kah?	Amik panag, dalem urip amik, pongah sukup berajak amik ; pongah sukup rigit amik. Pukuk amik dalem adui, pukuk amik padui. Yeng amik mukuk tong lamin.	1	thirties	female_feminine	Western Penan	train	8.903133903133902		False	0.26530612244897955	False	3.7547259119607808	0.23653250773993809	True
209aab5184d892f83f2f6491b90f4867	15552	spontaneous-speech-pne-15552.mp3	17352	1564	Konak kah panag, sukup rigit ngan berajak kah?	Amai peh jak. Rigit inouk eh sukup, berajak inouk eh sukup, siah monak. Dan neh Sarawak Energy eh usit itouk, somah ate berajak nak neh kunah avik langit piak itouk, [unclear] sukup ngerongah kek.	1			Western Penan	train	9.393729829414475		False	0.1917098445595855	False	5.282761865031188	0.9294117647058824	False
46b095ac5602bd3bfdf0cc670842c77c	15974	spontaneous-speech-pne-15974.mp3	18540	1564	Konak kah panag, sukup rigit ngan berajak kah?	Dan amik pinek,bik sukup..ngan amik, ayuk amik alek penguman,ayuk amik alek kinan amik...amik panag dan amik pinek, bik yeng eh sukup,bik yeng eh jau	1			Western Penan	train	6.7961165048543695		False	0.34931506849315064	False	4.384884533096387	0.6501547987616099	False
d010ca153b96a5ebfd09ba6a2e3e0cf4	16216	spontaneous-speech-pne-16216.mp3	15804	1564	Konak kah panag, sukup rigit ngan berajak kah?	Eh bulan ituek tek ineh sukup ayuk amik tong rigit tong berajak amik deh ituek keh abu amik yeng sukup dak pukuk amik  pinek lak tong lamin keh	1	teens	male_masculine	Western Penan	train	7.276638825613769		False	0.19999999999999996	False	4.89303163308096	0.8544891640866873	False
209c440297f7fce6c5e4fba0e913f9b8	16217	spontaneous-speech-pne-16217.mp3	10116	1564	Konak kah panag, sukup rigit ngan berajak kah?	Dan bagik akouk, pogeng yeng pun, pogeng yeng sukup, bagik amik panag.	1			Western Penan	train	5.8323448003163305		True	0.25373134328358204	False			False
38d1cf1c53c7826866b3ae7a6495b32f	16294	spontaneous-speech-pne-16294.mp3	16560	1564	Konak kah panag, sukup rigit ngan berajak kah?	Sukup. Yah dekuk amik murip, dekuk amik sukup. Tapik yeng pun lobih lah, topet ayuk amik murip, ayuk amik memolek. [um] penguman amik nah, konak tog ber, usen, biseng, nyag. Yah barang ateg ayuk amik murip lah, barang penguman lan.	1	twenties	male_masculine	Western Penan	train	11.594202898550726		False	0.3026315789473685	False	4.213623510017631	0.5498452012383901	True
75e882dda7e6942bcfa81c65ba9893a3	16510	spontaneous-speech-pne-16510.mp3	20664	1564	Konak kah panag, sukup rigit ngan berajak kah?	Yeng peh akouk sukat barak eh sukup, yeng pe- yeng peh akouk sukat barak eh yeng sukup. Dekuk neh [um] amik, berajak amik rigit amik nonak Tuan. Yeng peh kurang, yeng peh lobih.	1			Western Penan	train	7.017034456058846		False	0.3275862068965517	False	3.7796640092668583	0.2452012383900929	True
06e91360c689ccdb3c48e8c51aac7b8c	17645	spontaneous-speech-pne-17645.mp3	18108	1564	Konak kah panag, sukup rigit ngan berajak kah?	Dalem itouk, sukup tue neh rigit ngan berajak amik. Yeng pun pengurang neh, yeng pun inouk inouk manouk eh. Jiak sukup tue, yeng pun yah yeng- yeng pun pengurang neh. 	1	teens	female_feminine	Western Penan	train	7.565716810249613		False	0.30487804878048785	False	3.6263230157940205	0.15665634674922602	True
660efcc153b8f1b83f0e7b7293a6739d	17653	spontaneous-speech-pne-17653.mp3	16056	1564	Konak kah panag, sukup rigit ngan berajak kah?	Amik panak, sebayang tuek amik dalem peguman amik, dalem berajak. Peponak sik jau pek, amik kuman. Dan kurang pek, dan yeng pun pek, yeng pun pe amik panouk, yeng pun pe amik ayuk manouk-	1	teens	female_feminine	Western Penan	train	9.59142999501744		False	0.29891304347826086	False	4.449817064716517	0.6780185758513931	False
d03d164e3a037c9462bb3b7801263813	17828	spontaneous-speech-pne-17828.mp3	16524	1564	Konak kah panag, sukup rigit ngan berajak kah?	[unclear] sukup neh penguman ulouk, berajak ulouk. sukup, yeng eh sukup, yeng eh avik yeng jau, yeng. Keh neh urip ulouk. Tusah ulouk, sonang ulouk, yeng han neh. Urip ulouk kek.	1	twenties	female_feminine	Western Penan	train	8.956669087388041		False	0.3028571428571428	False	3.9596109091425093	0.37585139318885447	True
59015be0ab1203af375a4af4b86c43d5	17846	spontaneous-speech-pne-17846.mp3	22212	1564	Konak kah panag, sukup rigit ngan berajak kah?	Bagik akouk ngan amik panag, dan kik ngan tinen tamen kik, akouk rasa rigit ineh yeng sukup [unclear]. Dan amtolouk panag itouk petiken, akouk ngan lakeik ngan anag kik petiken, bik ineh sukup. Ineh peh sukup lomah- tolouk atu dalem jah migu baruk sukup. Dalem lauk, dalem arak sat itouk, arak lauk itouk.	1			Western Penan	train	11.39023951017468		True	0.30132450331125826	False			False
a2632e7d8bbc0b5567334fd6bb68604f	17863	spontaneous-speech-pne-17863.mp3	16380	1564	Konak kah panag, sukup rigit ngan berajak kah?	Yah manouk akouk maeng konep, yan neh inek, yan neh amek, yan neh topun kik. Ireh inen neh ngemaeng konep kik, dalem urip kik itouk. Niah peh akouk itouk juk anag sat. Larui ireh pani ngan kek, larui ireh barak ngan kek.	1	fifties	male_masculine	Western Penan	train	10.927960927960928		False	0.2764976958525346	False	3.747274490702253	0.23034055727554179	True
3a783f2ba60782823bab13f00d15057a	18300	spontaneous-speech-pne-18300.mp3	16380	1564	Konak kah panag, sukup rigit ngan berajak kah?	Sukup, sukup rigit [um] sukup petulat rigit yah eh gaji rigit yah nonak ireh sukup ayuk kuman ayuk [um] irei ayuk melakau ayuk kelatek ayuk oluek kuman keh	1			Western Penan	train	7.814407814407815		False	0.2828947368421053	False	5.337425508328525	0.9380804953560371	False
916c4bf55dda885cb785b8e0342f30cb	15177	spontaneous-speech-pne-15177.mp3	12780	1519	Konak penganouk kah tai tong sepiten, mapun piak lekoton?	Amik tai petobang ngan do- lekoton, amik tai barak ah sakit amik, mutouk penyakit- inouk penyakit tong dalem batung amik.	1	fourties	male_masculine	Western Penan	train	7.981220657276995		False	0.1694915254237288	False	4.881107955559457	0.8520123839009288	False
15813ed995d0a8f107309df7f9afa0d0	15406	spontaneous-speech-pne-15406.mp3	17100	1519	Konak penganouk kah tai tong sepiten, mapun piak lekoton?	Amik melakau gem amik tai tong sepiten. Amik, mukuk tong ume' amik mongak lekoton. Pun jajik neh, pun langit neh tuai, mukuk sineh amik mongak lekoton.	1	thirties	female_feminine	Western Penan	train	7.368421052631579		False	0.22972972972972971	False	4.97027243951839	0.8736842105263158	False
209aab5184d892f83f2f6491b90f4867	15530	spontaneous-speech-pne-15530.mp3	28332	1519	Konak penganouk kah tai tong sepiten, mapun piak lekoton?	Kelunan yah baat, tajak mapun piak lekoton. Pun yah sakit, tajak nah kenoseg, tan. Ineh dalem piak lekoton. Pun amik eh maok sakit maok mamak, yeng- mah pun pakey piak lekoton. Yeng sajak kek amik tai rauk pubat ngate. Keh.	1			Western Penan	train	6.494423266977269		True	0.23636363636363633	False			False
6daf5823a635cbefd29a368980768870	15568	spontaneous-speech-pne-15568.mp3	16344	1519	Konak penganouk kah tai tong sepiten, mapun piak lekoton?	Owk, yeng pani ulouk ngan ireh. Pani konak ulouk tai lak ume ubat, dan tai lak erei sepiten ineh. Yeng pani ngan ireh lekoton, mutouk ireh dan ulouk yeng mojam. Konak manouk itouk, konak manouk ineh. Yeng keh.	1			Western Penan	train	10.523739598629463		False	0.31553398058252424	False	3.7304365658171554	0.22105263157894736	True
38d1cf1c53c7826866b3ae7a6495b32f	15711	spontaneous-speech-pne-15711.mp3	17568	1519	Konak penganouk kah tai tong sepiten, mapun piak lekoton?	Amik tei la apabila ireh tobai amik, [unclear] kelunan boken apabila pun ireh tobai amik, amik tei lah. Samaada pun ireh alek atau yeng pun. Amik tei. Ineh tuek. Amik tei melakau gem ke, ayuk kerita ke, amik tei mouk yah tong piak rah. 	1	twenties	male_masculine	Western Penan	train	10.92896174863388		False	0.2918454935622318	False	4.76435952748259	0.8123839009287925	False
d010ca153b96a5ebfd09ba6a2e3e0cf4	15828	spontaneous-speech-pne-15828.mp3	15948	1519	Konak penganouk kah tai tong sepiten, mapun piak lekoton?	Nanouk amik tong umek ubat, mestik amik pitah rigit monen. Ayuk amik sukat tei lak umek ubat itei. Keh. 	1	teens	male_masculine	Western Penan	train	5.329821921244043		False	0.15841584158415845	False	5.1087700999197345	0.896594427244582	False
46b095ac5602bd3bfdf0cc670842c77c	16013	spontaneous-speech-pne-16013.mp3	18396	1519	Konak penganouk kah tai tong sepiten, mapun piak lekoton?	dan pun ayuk dan pun ayuk ami'ek tai anah ami'ek sau  ayuk arok ami'ek tai mapun sepiten  amai tai lak umek pubat	1			Western Penan	train	4.892367906066536		False	0.2909090909090909	False	6.72244188832528	0.9925696594427245	False
209c440297f7fce6c5e4fba0e913f9b8	16241	spontaneous-speech-pne-16241.mp3	10548	1519	Konak penganouk kah tai tong sepiten, mapun piak lekoton?	Dan pun ireh jin klinik tuai pitah amik, ineh peh amik sukat tai tong sepiten.	1			Western Penan	train	6.067500948047023		True	0.040000000000000036	False			False
75e882dda7e6942bcfa81c65ba9893a3	16531	spontaneous-speech-pne-16531.mp3	12204	1519	Konak penganouk kah tai tong sepiten, mapun piak lekoton?	Konak penganouk amik tai tong sepiten,ayuk kerita,ayuk prebet,sata kelunan..min amik tai tong sepiten, tai mapun lekoton..keh..	1			Western Penan	train	9.177318911832186		False	0.2016129032258065	False	4.784120125949369	0.8204334365325078	False
06e91360c689ccdb3c48e8c51aac7b8c	17240	spontaneous-speech-pne-17240.mp3	19836	1519	Konak penganouk kah tai tong sepiten, mapun piak lekoton?	Amik tai mapun lekoton,tai pubat ireh anag amik,tai mani ubat ngan ireh lekoton..monak ireh anag amik.	1	teens	female_feminine	Western Penan	train	4.385964912280701		False	0.2727272727272727	False	4.374345207387757	0.6452012383900929	False
660efcc153b8f1b83f0e7b7293a6739d	17475	spontaneous-speech-pne-17475.mp3	16236	1519	Konak penganouk kah tai tong sepiten, mapun piak lekoton?	Tai bau ireh, mani tolong ngan ireh. Dan amik pun rigit dak, kebayan amik ireh, Ayuk ireh min amik tai sitei. Dan yeng keh, tobai misi amik. Tai ale amik tong lamin amik.	1	teens	female_feminine	Western Penan	train	8.499630450849963		False	0.21556886227544914	False	4.74069555015717	0.8012383900928792	False
d03d164e3a037c9462bb3b7801263813	17847	spontaneous-speech-pne-17847.mp3	14256	1519	Konak penganouk kah tai tong sepiten, mapun piak lekoton?	Ulouk tai min sakit ulouk,min amak ulouk,min pengesat ulouk..tai mapun lobuk,tong umerk ubat..tong [um] lekoton. 	1	twenties	female_feminine	Western Penan	train	6.874298540965207		False	0.1636363636363637	False	4.588868721968405	0.746749226006192	False
59015be0ab1203af375a4af4b86c43d5	17949	spontaneous-speech-pne-17949.mp3	16560	1519	Konak penganouk kah tai tong sepiten, mapun piak lekoton?	Penganouk mapun ireh tong sepitan, tai mapun piak lekoton,inouk adui yang mani kerita..yeng sata kerita lobukk..dan yeng kerita ireh lekoton ineh sedirik,ayuk kik tai avik ,tai mapun ireh tong piak,tong tobai ireh ineh..	1			Western Penan	train	11.35265700483092		False	0.24884792626728114	False	4.60069699892056	0.7510835913312693	False
a2632e7d8bbc0b5567334fd6bb68604f	18145	spontaneous-speech-pne-18145.mp3	15480	1519	Konak penganouk kah tai tong sepiten, mapun piak lekoton?	Owk..pun penganouk ulouk tai, dan ireh tobai,dan ireh min ulouk, sajak ulouk mauk piak rah,ireh min ulouk pubat,ulouk bojek,sajak ulouk mauk piak rah, mauk masa rah,sineh langit mulik, sineh ulouk mulik, sineh langit musit,sineh ulouk musit	1	fifties	male_masculine	Western Penan	train	13.242894056847543		False	0.44303797468354433	False	4.030607705373163	0.4321981424148607	True
3a783f2ba60782823bab13f00d15057a	18231	spontaneous-speech-pne-18231.mp3	17280	1519	Konak penganouk kah tai tong sepiten, mapun piak lekoton?	Tai lak sepiten ineh konak jajik,konak piak ireh lekoton,yeng keh uleuk tai lak sepiten.Sepiten ineh,uleuk tai lak sepiten ineh yeng ayuk kerita,dan yeng ayuk kerita ,yeng ireh diri'k keh min uleuk,matet uleuk tai lak inak uleuk,ayuk uleuk juk tai...	1			Western Penan	train	12.268518518518515		False	0.41295546558704455	False	4.798373288717975	0.8284829721362229	False
15813ed995d0a8f107309df7f9afa0d0	15248	spontaneous-speech-pne-15248.mp3	19476	1525	Konak sekulah tong daleh kah, pun ireh koluk petonak piak bengosak boken?	Pun ireh petonak piak ireh bengosak boken tong..daleh kik,piak melayu pun, piak ivan pun,piak.. tuern pun..piak kinak pun..	1	thirties	female_feminine	Western Penan	train	5.442596015608955		False	0.18333333333333335	False	4.823774218391618	0.8383900928792569	False
209aab5184d892f83f2f6491b90f4867	15524	spontaneous-speech-pne-15524.mp3	27504	1525	Konak sekulah tong daleh kah, pun ireh koluk petonak piak bengosak boken?	Ye pun...akeuk ngeninik, akeuk nat ireh. Sekulah tong daleh amik iteuk mah pun amik petonak, eh masem-masem piak boken. Sumak piak basa ineh kek piak petonak amik, berajan amik. Ireh ngeninik jin amik neh piak. Nak ireh jau sekulah [unclear] pavik ireh anaq. Jah piak basa ineh piak tuen, jah ineh. Ye pun eh berajan piak boken. 	1			Western Penan	train	9.889470622454915		True	0.31288343558282206	False			False
6daf5823a635cbefd29a368980768870	15581	spontaneous-speech-pne-15581.mp3	16128	1525	Konak sekulah tong daleh kah, pun ireh koluk petonak piak bengosak boken?	Pun. Pun ireh petonak tapik [um] ireh anag yah eh pengawu itouk konak tog meloku ireh juk [um] petonak eh, konak yeng ireh peroti. Ireh itei sumak memateng eh monak ireh, yeng ireh peroti. Karna ireh meloku dekuk ireh meloku.	1			Western Penan	train	11.532738095238097		False	0.3288288288288288	False	4.3014618469941315	0.6074303405572755	False
209c440297f7fce6c5e4fba0e913f9b8	15928	spontaneous-speech-pne-15928.mp3	9180	1525	Konak sekulah tong daleh kah, pun ireh koluk petonak piak bengosak boken?	Pun, semuah neh ireh tonak..	1			Western Penan	train	2.6143790849673203	transcription-length	True	0.0	False			False
d010ca153b96a5ebfd09ba6a2e3e0cf4	15932	spontaneous-speech-pne-15932.mp3	17172	1525	Konak sekulah tong daleh kah, pun ireh koluk petonak piak bengosak boken?	amik sajak dan masa ireh kelunan amik badeng,konyah,kayan keh,ivan,juk petonak piak amik,koluk amik petonak piak amik ngan ireh abin ireh koluk ngan amik	1	teens	male_masculine	Western Penan	train	7.628697880270207		False	0.29333333333333333	False	4.032895281334262	0.4346749226006192	True
d010ca153b96a5ebfd09ba6a2e3e0cf4	15932	spontaneous-speech-pne-15932.mp3	17172	1525	Konak sekulah tong daleh kah, pun ireh koluk petonak piak bengosak boken?	Amik sajak dan masa ireh kelunan amik badeng, konyah, kayan kek, ivan juk petonak piak amik ; Koluk amik petonak piak amik ngan ireh. Abin ireh koluk ngan amik.	1	teens	male_masculine	Western Penan	train	7.686932215234102		False	0.26751592356687903	False	4.082672938844188	0.46563467492260063	True
38d1cf1c53c7826866b3ae7a6495b32f	15939	spontaneous-speech-pne-15939.mp3	20268	1525	Konak sekulah tong daleh kah, pun ireh koluk petonak piak bengosak boken?	Pun memang pinek ireh yanh koluk konak piak pegosak boken piak emah-emah peh kunah dalem pegosak amik ponan sajak koluk amik tonak piak pegosak boken dan amik petobang dan pojah ngan rah jial ayuk amik pani ngan rah dukuk pinek yeng mojam piak amik sukun amik mojam piak ireh ayuk pani ngan rah. 	1	twenties	male_masculine	Western Penan	train	11.989342806394315		False	0.3720136518771331	False	4.3263407082293375	0.6191950464396285	False
46b095ac5602bd3bfdf0cc670842c77c	16231	spontaneous-speech-pne-16231.mp3	20808	1525	Konak sekulah tong daleh kah, pun ireh koluk petonak piak bengosak boken?	[noise] Sajak pun, jian sekulah...ayuk ireh tonak, ayuk ireh barak dukuk amik jiak mojam, dukuk amik jiak mojam menat.	1			Western Penan	train	4.805843906189927		False	0.23478260869565215	False	3.402698057843525	0.056346749226006194	True
75e882dda7e6942bcfa81c65ba9893a3	16402	spontaneous-speech-pne-16402.mp3	15336	1525	Konak sekulah tong daleh kah, pun ireh koluk petonak piak bengosak boken?	Pun. Konak sekulah tong daleh- konak sekulah tong inak kik, amik petonak- amik petonak ayuk piak Bahasa Melayu, amik petonak ayuk piak- piak Bahasa Iban, Bahasa Inggeris. Keh.	1			Western Penan	train	9.650495565988525		False	0.38372093023255816	False	4.560339183179025	0.7343653250773994	False
06e91360c689ccdb3c48e8c51aac7b8c	17220	spontaneous-speech-pne-17220.mp3	18036	1525	Konak sekulah tong daleh kah, pun ireh koluk petonak piak bengosak boken?	Dan akouk kirak, yeng akouk mojam. Tapik pun lah ireh koluk petonak piak boken ngan amik ponan	1	teens	female_feminine	Western Penan	train	4.324683965402528		False	0.06593406593406592	False	3.4955149291881673	0.08668730650154799	True
06e91360c689ccdb3c48e8c51aac7b8c	17220	spontaneous-speech-pne-17220.mp3	18036	1525	Konak sekulah tong daleh kah, pun ireh koluk petonak piak bengosak boken?	Dan akouk kirak, yeng akouk mojam. Tapik pun lah ireh koluk petonak piak boken ngan amik Ponan.	1	teens	female_feminine	Western Penan	train	4.380128631625637		False	0.05434782608695654	False	3.3912346240958815	0.05325077399380805	True
660efcc153b8f1b83f0e7b7293a6739d	17509	spontaneous-speech-pne-17509.mp3	16776	1525	Konak sekulah tong daleh kah, pun ireh koluk petonak piak bengosak boken?	Pun ireh petonak piak boken dalem sekulah amik. Pinek yah tenonak ireh tong sekulah amik, tong daleh amik. Piak lobuk, piak ivan, piak oraputih. Semuah neh ayuk amik petonak, yeng pun yah yeng amik petonak. 	1	teens	female_feminine	Western Penan	train	10.252742012398665		False	0.2892156862745098	False	3.3878843074300864	0.051393188854489166	True
a2632e7d8bbc0b5567334fd6bb68604f	17837	spontaneous-speech-pne-17837.mp3	16308	1525	Konak sekulah tong daleh kah, pun ireh koluk petonak piak bengosak boken?	Owk pun,pun ireh koluk petonak piak,alek ireh mojam piak pinek..bengosak bengosak piak,ineh jiak ayuk ulouk petobang..yeng jah piak melayu, yeng jah piak orang putih..pinek piak ayuk ulouk petobang ngan bengosak ulouk..	1	fifties	male_masculine	Western Penan	train	11.589403973509931		False	0.34259259259259256	False	3.767279828526486	0.24210526315789474	True
59015be0ab1203af375a4af4b86c43d5	17840	spontaneous-speech-pne-17840.mp3	17460	1525	Konak sekulah tong daleh kah, pun ireh koluk petonak piak bengosak boken?	Dan bengosak [um] sekulah tong daleh amik ineh koluk petonak bengosak. Abu bengosak ivan, bengosak badeng, bengosak ereh tolouk kek sineh. Jah piak Ponan, yeng pun ireh koluk petonak ngan amik itouk. Nolit ireh, koleg ireh. Dan piak ivan, piak badeng bik koluk ireh.	1			Western Penan	train	12.77205040091638		False	0.31939163498098855	False	4.166471497315144	0.5201238390092879	True
d03d164e3a037c9462bb3b7801263813	17896	spontaneous-speech-pne-17896.mp3	19800	1525	Konak sekulah tong daleh kah, pun ireh koluk petonak piak bengosak boken?	Pun ireh koluk petonak piak ulouk, bengosak ulouk, piak ulouk, ani ulouk. Tapi Pun peh ireh yah yeng koluk ngeninik, yeng koluk petonak bengosak ulouk itouk. Kepinek ireh, pengokat ireh koluk ireh berajan, koluk ireh petonak.	1	twenties	female_feminine	Western Penan	train	9.595959595959595		False	0.4054054054054054	False	3.5733094473544873	0.13188854489164087	True
4ec459422dba26b5a75bdf06815cae81	18076	spontaneous-speech-pne-18076.mp3	16416	1525	Konak sekulah tong daleh kah, pun ireh koluk petonak piak bengosak boken?	Tong daleh amik, tong sekulah amik, pun ireh koluk petonak ngan amik. Jah duah use sineh. Ireh bengosak ireh badeng, ireh ivan kek, ireh inouk tai pojah tai sekulah ngan amik sineh.	1			Western Penan	train	9.137426900584796		False	0.2247191011235955	False	3.6662175378965327	0.1801857585139319	True
3a783f2ba60782823bab13f00d15057a	18304	spontaneous-speech-pne-18304.mp3	11700	1525	Konak sekulah tong daleh kah, pun ireh koluk petonak piak bengosak boken?	pun,piak lobuk konak piak konyah, konak piak [um] konak piak..	1			Western Penan	train	4.52991452991453		True	0.35593220338983056	False			False
15813ed995d0a8f107309df7f9afa0d0	15184	spontaneous-speech-pne-15184.mp3	14760	1584	Tosog konak kok tai tong wayang	Pun keluan tai tong wayang ineh pineh kelunan ayuk ireh tai nat wayang ineh pun rodu pun anak pun lakeik yeng ireh sukat maout	1	thirties	female_feminine	Western Penan	train	6.978319783197832		False	0.2032520325203252	False	3.9196041164959965	0.34365325077399383	True
916c4bf55dda885cb785b8e0342f30cb	15330	spontaneous-speech-pne-15330.mp3	12060	1584	Tosog konak kok tai tong wayang	Yeng akouk sukat tosog konak-konak avin akouk yeng tai tong [um] wayang ineh. 	1	fourties	male_masculine	Western Penan	train	5.389718076285241		False	0.09333333333333338	False	3.7343706502038314	0.2241486068111455	True
6daf5823a635cbefd29a368980768870	15487	spontaneous-speech-pne-15487.mp3	16128	1584	Tosog konak kok tai tong wayang	Owk, konak akouk tai tong wayang. Yeng nat seritak, nat ader, nat ah tong tv konak ulouk tai tong tv erei kek ulouk tai tong wayang ineh. Keh akouk dan kik tai. Kuman popcorn peh akouk dak. Kuman sep be'ek peh akouk dak. Keh akouk dan kik tai.	1			Western Penan	train	12.15277777777778		False	0.41666666666666663	False	3.9611858570991365	0.3764705882352941	True
209aab5184d892f83f2f6491b90f4867	15628	spontaneous-speech-pne-15628.mp3	22212	1584	Tosog konak kok tai tong wayang	Tosog ineh nanouk rah, kenedit rah, kenaban rah. Ireh anag pengawu itouk, mojam manouk seritak, mojam manouk tosog, mojam manouk gaya. Ineh neh. Yeng peh keh, keh. Yeng peh jadi neh ketitei, jadi neh nouk ireh. Keh tosog touk tai sineh.	1			Western Penan	train	8.824059067170898		True	0.32618025751072965	False			False
38d1cf1c53c7826866b3ae7a6495b32f	15993	spontaneous-speech-pne-15993.mp3	16560	1584	Tosog konak kok tai tong wayang	Sebab tosog konak akouk tai tong wayang..barang itouk ,akouk yeng mojam..sebab kik yeng peronah tai tong wayang..akouk menat wayang, pun..yah peronah tai tong wayang, yeng pun..yeng akouk mojam tosog eh..	1	twenties	male_masculine	Western Penan	train	10.567632850241546		False	0.3830845771144279	False	3.424570831685252	0.06377708978328174	True
d010ca153b96a5ebfd09ba6a2e3e0cf4	16143	spontaneous-speech-pne-16143.mp3	17424	1584	Tosog konak kok tai tong wayang	Jiak sineh,pinek ireh kelunan sineh,ireh ngelakau,ireh menat tong wayang ineh,avik ireh..pun dageng..	1	teens	male_masculine	Western Penan	train	5.1652892561983474		False	0.1428571428571429	False	3.7429242780537177	0.2284829721362229	True
75e882dda7e6942bcfa81c65ba9893a3	16301	spontaneous-speech-pne-16301.mp3	17604	1584	Tosog konak kok tai tong wayang	Pongah akouk tai tong wayang sau mah, tari'ik kik tai sineh, ngan ireh padik kik, ngan ireh vik kik. Bareng konak teranak neh, jiak dekuk ulouk sukat menat tv jau. Sukat menat ader jau.	1			Western Penan	train	8.634401272438083		False	0.17582417582417587	False	4.073749567083043	0.45944272445820433	True
46b095ac5602bd3bfdf0cc670842c77c	16338	spontaneous-speech-pne-16338.mp3	15588	1584	Tosog konak kok tai tong wayang	Yeng akouk mojam tosog akouk tai tong ader. Yeng akouk kalek tai tong ader, tai tong [sniff] ader, tai tong lang. Yeng kalek tai.	1			Western Penan	train	6.8001026430587626		False	0.45238095238095233	False	3.520771267806893	0.10030959752321982	True
209c440297f7fce6c5e4fba0e913f9b8	16477	spontaneous-speech-pne-16477.mp3	13428	1584	Tosog konak kok tai tong wayang	Dan kek tai tong wayang, kalau kek menat tue [unclear] kalau kek maseg tong wayang, yeng pun.	1			Western Penan	train	5.73428656538576		False	0.24444444444444446	False	3.910396059185491	0.3331269349845201	True
15c3189343ecfed295e773c9a86db318	17253	spontaneous-speech-pne-17253.mp3	17316	1584	Tosog konak kok tai tong wayang	Em.. Ireh mutuek konak cara konak pojat ngan pejuan konak tok bukui konak tok beg, itang, pokah avik borat avik pinek-pinek yah kejuan amik	1	twenties	female_feminine	Western Penan	train	6.699006699006699		False	0.18382352941176472	False	5.472855984348495	0.9572755417956657	False
660efcc153b8f1b83f0e7b7293a6739d	17572	spontaneous-speech-pne-17572.mp3	15948	1584	Tosog konak kok tai tong wayang	Tosog kik tai tong wayang, dan neh tue akouk nat, yeng akouk maseg tong wayang. Nat tue, dan larui sekulah sau. Koluk akouk nat ader ader nouk ireh tong wayang. Tosog tong wayang, koluk akouk nat.	1	teens	female_feminine	Western Penan	train	10.095309756709304		False	0.34196891191709844	False	3.97445161060419	0.39009287925696595	True
06e91360c689ccdb3c48e8c51aac7b8c	17625	spontaneous-speech-pne-17625.mp3	18396	1584	Tosog konak kok tai tong wayang	Dan neh akouk,tai tong wayang,pinek lah kelunan yah bi tai nat nat inouk yah tong wayang ineh,keh yah eh koluk kik tai nat wayang..	1	teens	female_feminine	Western Penan	train	5.870841487279844		False	0.203125	False	3.817333086271614	0.2656346749226006	True
d03d164e3a037c9462bb3b7801263813	17634	spontaneous-speech-pne-17634.mp3	22176	1584	Tosog konak kok tai tong wayang	Tai tong wayang neh,tai menat ade,tai menat seritak,tai menat gaban,ireh..nanouk ireh tong wayang ineh..inouk kerk ade ade ireh...pepatai kerk,ireh sebukut kerk..eh tan ulouk sineh..ineh eh tong, tan ulouk tong wayang.	1	twenties	female_feminine	Western Penan	train	8.522727272727272		True	0.3441860465116279	False			False
59015be0ab1203af375a4af4b86c43d5	17813	spontaneous-speech-pne-17813.mp3	15984	1584	Tosog konak kok tai tong wayang	Akouk peh yeng kale mojam, kuk akouk yeng kale tai nat wayang. Bagik akouk sedirik, kalau akouk nat tong tv, musit tong pon, ader tv, ader pon. Dan wayang ineh, yeng akouk lalek koluk nat, konak nat tv.	1			Western Penan	train	10.322822822822824		False	0.2562814070351759	False	4.188896107282862	0.5386996904024768	True
a2632e7d8bbc0b5567334fd6bb68604f	17889	spontaneous-speech-pne-17889.mp3	16308	1584	Tosog konak kok tai tong wayang	Owk, bareng peh pun tosog neh konak. Maok pun ader ulouk musit dalem yah wayang, yeng ader ulouk. Yeng ulouk menat yah, ataupun konak jalan konak tateg neh yeng ulouk nat yah. Konak menat, yeng ulouk nat yah maok dalem wayang, dalem tv. Pun tan ulouk?	1	fifties	male_masculine	Western Penan	train	12.631837135148391		False	0.3467741935483871	False	3.966077992273667	0.3814241486068111	True
3a783f2ba60782823bab13f00d15057a	18277	spontaneous-speech-pne-18277.mp3	16776	1584	Tosog konak kok tai tong wayang	[noise] Aduh, akeuk tai lak wayang neh dan duah ribu pian sau. Erei dalem tatah ineh amik nin sigu, keh. Tai nat seritak, seritak konak seritak ireh pepatai, ireh...ireh kesat atai ireh. 	1			Western Penan	train	9.239389604196472		False	0.11956521739130432	False	5.1356873724932965	0.903405572755418	False
209aab5184d892f83f2f6491b90f4867	15574	spontaneous-speech-pne-15574.mp3	18000	1555	Barak ngan kik, tariik kuk alek pon mah	Inouk juk narak ngan kok..barak inouk..niah barak,inouk nonak kok  ..rigit,inouk nonak kok..penguman..nonak kok barang..yeng sumak piak ujun ngate barak ngan kok neh,keh..	1			Western Penan	train	8.277777777777779		False	0.2857142857142857	False	4.454925377489442	0.6829721362229102	False
6daf5823a635cbefd29a368980768870	15637	spontaneous-speech-pne-15637.mp3	15660	1555	Barak ngan kik, tariik kuk alek pon mah	Tari'ik kik pun pon jin duman 2023, akouk ale pon ayuk rigit kik sedirik, rigit keroja kik. Yeng akouk mani rigit ngan tinen tamen kik ayuk kik ale pon. Rigit kik sedirik.	1			Western Penan	train	8.939974457215836		False	0.27380952380952384	False	4.156717902448017	0.5114551083591331	True
15813ed995d0a8f107309df7f9afa0d0	15657	spontaneous-speech-pne-15657.mp3	17136	1555	Barak ngan kik, tariik kuk alek pon mah	tarik kik alek pon,dalem duman duah ribu pian,jin ineh tarik keik pun pon,da ineh,ineh pon kik pun..tarik pon musit,dalem duah ribu pian ineh.	1	thirties	female_feminine	Western Penan	train	7.002801120448179		False	0.3309352517985612	False	5.221470849686574	0.9207430340557275	False
209c440297f7fce6c5e4fba0e913f9b8	16156	spontaneous-speech-pne-16156.mp3	14400	1555	Barak ngan kik, tariik kuk alek pon mah	Tariik kik alek pon,yeng akouk mojam langit..kure'rk eh..penolek da inen,keh..	1			Western Penan	train	4.791666666666667		False	0.026666666666666616	False	4.049242717711406	0.443343653250774	True
d010ca153b96a5ebfd09ba6a2e3e0cf4	16236	spontaneous-speech-pne-16236.mp3	16812	1555	Barak ngan kik, tariik kuk alek pon mah	Ineh ireh vi'ik kik pun ngaran neh,Jadu ngaran neh.Ineh pu'kuk kik mojam alek pon... abin ta'rik kik alek pon ineh,jin kop.	1	teens	male_masculine	Western Penan	train	6.126576255055912		False	0.19999999999999996	False	4.627119470444026	0.7622291021671826	False
38d1cf1c53c7826866b3ae7a6495b32f	16257	spontaneous-speech-pne-16257.mp3	16200	1555	Barak ngan kik, tariik kuk alek pon mah	Tariik kik alek pon sau,vivo..yah ineh tariik kik alek..marung eh,vivo ineh logah neh logah nem atu..ineh yah tariik kik alek pon sau..langit piak itouk lah,tasag eh lah..	1	twenties	male_masculine	Western Penan	train	8.950617283950617		False	0.31547619047619047	False	4.462442237533592	0.6885448916408669	False
38d1cf1c53c7826866b3ae7a6495b32f	16257	spontaneous-speech-pne-16257.mp3	16200	1555	Barak ngan kik, tariik kuk alek pon mah	Tari'ik kik ale' pon sau, vivo. Yah ineh tari'ik kik ale'. Marung eh, vivo ineh. Logah neh, logah nem atu. Ineh yah tari'ik kik ale' pon sau. Langit piak itouk lah, tasak eh lah. 	1	twenties	male_masculine	Western Penan	train	8.950617283950617		False	0.2670454545454546	False	4.5811722244501825	0.7442724458204334	False
75e882dda7e6942bcfa81c65ba9893a3	16411	spontaneous-speech-pne-16411.mp3	16956	1555	Barak ngan kik, tariik kuk alek pon mah	Tari'ik kik pun pon sau mah dan kik pon- pom 2. Tinen kek memolek pon monak akouk tong langit tenonu kik. Inouk- ineh jah masa masa yah keriyet kik dai ineh.	1			Western Penan	train	7.489974050483605		False	0.09740259740259738	False	4.096900042666395	0.47492260061919506	True
46b095ac5602bd3bfdf0cc670842c77c	16414	spontaneous-speech-pne-16414.mp3	15660	1555	Barak ngan kik, tariik kuk alek pon mah	Tarik alek barang ineh, alek pon,ireh bakeh keik,ireh kelunan keik,pu'kuk keik mojam,ineh tariik kik alek..ineh tariik kik ayuk pon.. 	1			Western Penan	train	7.343550446998723		False	0.2595419847328244	False	3.63834610298175	0.1628482972136223	True
15c3189343ecfed295e773c9a86db318	17278	spontaneous-speech-pne-17278.mp3	17280	1555	Barak ngan kik, tariik kuk alek pon mah	Tarik alek pon tinen tamen kik alek pon tusah amik panak yeng pun pon dukuk amik panak yeng pun rigit dukuk rigit amik yeng sukup ayuk alek pon ayuk alek berajak peh pun neh 	1	twenties	female_feminine	Western Penan	train	8.101851851851851		False	0.3742690058479532	False	3.917432858902778	0.33869969040247677	True
660efcc153b8f1b83f0e7b7293a6739d	17494	spontaneous-speech-pne-17494.mp3	16020	1555	Barak ngan kik, tariik kuk alek pon mah	tarik kik alek pon, duman sau.. tai tarik amik pasu tarik kik alek pon nalek tamen kik, au ineh alek pon kelak eh dalem itouk,kirak duah tulouk duman yah pongah lah..	1	teens	female_feminine	Western Penan	train	8.489388264669163		False	0.22085889570552142	False	4.915799314978879	0.860061919504644	False
06e91360c689ccdb3c48e8c51aac7b8c	17539	spontaneous-speech-pne-17539.mp3	19152	1555	Barak ngan kik, tariik kuk alek pon mah	Tariek kik alek pon , akouk meriyet,du'kuk pun pon kik , nalek tamen kik..jin sau, akouk bi juk menyuk ireh alek.. tai ireh alek,meriyet akouk..	1	teens	female_feminine	Western Penan	train	6.265664160401002		False	0.21985815602836878	False	4.48396627889898	0.6996904024767802	False
d03d164e3a037c9462bb3b7801263813	17705	spontaneous-speech-pne-17705.mp3	18720	1555	Barak ngan kik, tariik kuk alek pon mah	Pun ulouk tarik alek pon,jian konep ulouk ,jian,meriyet ulouk,koluk ulouk,du'kuk ulouk pun pon,du'kuk ulouk pun barang..[um] du'kuk ulouk sukat alek,du'kuk ulouk sukat molek eh..ineh pengejian konep ulouk	1	twenties	female_feminine	Western Penan	train	9.508547008547009		False	0.3980099502487562	False	3.392508839359446	0.05448916408668731	True
59015be0ab1203af375a4af4b86c43d5	17904	spontaneous-speech-pne-17904.mp3	15300	1555	Barak ngan kik, tariik kuk alek pon mah	Akouk peh yeng mojam tarik kik juk alek pon...owk...du'kuk menat ireh bakeh kik pongah pun pon bi bin neh..ngan kik koluk menat ade' yah nanouk ireh..yah du'kuk kik koluk alek pon..menyuk tamen kik molek pon monak akouk sau..	1			Western Penan	train	12.287581699346404		False	0.23423423423423428	False	3.9212590020001277	0.3448916408668731	True
a2632e7d8bbc0b5567334fd6bb68604f	17944	spontaneous-speech-pne-17944.mp3	16020	1555	Barak ngan kik, tariik kuk alek pon mah	Owk, tari'ik yah tari'ik erei yeng pun. Dekuk neh pongah lobik. Maok avik dua tolouk duman, mojam tasak. Yeng pun minak eh la. Yah ayuk kik itouk, pon pengawu. Yah ayuk itam itouk. Keh.	1	fifties	male_masculine	Western Penan	train	9.488139825218475		False	0.13186813186813184	False	4.7358494220297995	0.7975232198142415	False
3a783f2ba60782823bab13f00d15057a	18177	spontaneous-speech-pne-18177.mp3	17712	1555	Barak ngan kik, tariik kuk alek pon mah	Akeuk ta'rik kik tai alek pon neh de'kuk kik,ireh sigu menyurk akeuk molek pon.Ineh neh ta'rik kik molek pon tong dalem,dalem atah ineh,dalem erei..atah kik bi pom lomah,ineh akeuk pun pon.	1			Western Penan	train	8.976964769647697		False	0.25806451612903225	False	4.601614395599883	0.7517027863777089	False
6daf5823a635cbefd29a368980768870	15300	spontaneous-speech-pne-15300.mp3	16488	1538	Konak konep kah dan kah melakau juk ayuk kah tai menyalau? Inouk pukuk?	Owk, konep amik sat, sogei. Pun kek yak koleg tan amik ineh avik neh konak konak peh piak ireh manouk amik, ineh bi koleg amik. Yah amik tai menyalau kuk amik- avik amik lak bandar peh lak- lak mah peh, lak tuan peh amik tai. Amik- Sukon konep amik jiak. 	1			Western Penan	train	12.433284813197478		False	0.2579365079365079	False	4.906316147226488	0.8569659442724458	False
916c4bf55dda885cb785b8e0342f30cb	15358	spontaneous-speech-pne-15358.mp3	17496	1538	Konak konep kah dan kah melakau juk ayuk kah tai menyalau? Inouk pukuk?	Amik juk tai melakau,ngan jiak konep amik..piken anag anag amik ngan menyenang kimet amik,tai [um..] tong baleh ngan ireh..	1	fourties	male_masculine	Western Penan	train	6.001371742112483		False	0.125	False	5.326772016880003	0.9337461300309597	False
15813ed995d0a8f107309df7f9afa0d0	15561	spontaneous-speech-pne-15561.mp3	14328	1538	Konak konep kah dan kah melakau juk ayuk kah tai menyalau? Inouk pukuk?	Jiak ulouk tai menyalau. Yeng peh ulouk lalek jiak tong peng kelunan, tong kelunan lalek pinek. Jiak pun ate ulouk menyalau, pun ate ulouk petiken. Ineh jian.	1	thirties	female_feminine	Western Penan	train	9.212730318257956		False	0.3032258064516129	False	3.9276609760954515	0.3498452012383901	True
d010ca153b96a5ebfd09ba6a2e3e0cf4	15854	spontaneous-speech-pne-15854.mp3	17136	1538	Konak konep kah dan kah melakau juk ayuk kah tai menyalau? Inouk pukuk?	Amik tai melakau lak tuan, melakau lak tanak atau pe tai keletek-keletek, musit lak lasan, ayuk amik menyalau langit, jem ayuk amik pogen.	1	teens	male_masculine	Western Penan	train	6.76937441643324		False	0.23703703703703705	False	5.411140643247693	0.9498452012383901	False
46b095ac5602bd3bfdf0cc670842c77c	15948	spontaneous-speech-pne-15948.mp3	16848	1538	Konak konep kah dan kah melakau juk ayuk kah tai menyalau? Inouk pukuk?	Amik tai melakau tai menyalau tai pitah urip, pitah penguman, pitah [cough] ayuk kinan. Keh amik tai melakau.	1			Western Penan	train	5.460588793922128		False	0.2735849056603774	False	3.6128902179573594	0.1523219814241486	True
209c440297f7fce6c5e4fba0e913f9b8	15969	spontaneous-speech-pne-15969.mp3	18900	1538	Konak konep kah dan kah melakau juk ayuk kah tai menyalau? Inouk pukuk?	Koluk amik dan amik melakau juk, dan amik juk jin kelunan amik ; amik melakau, amik menat menat inouk yah tan amik. Ineh ayuk amik menyalau ukuk amik.	1			Western Penan	train	6.507936507936507		False	0.3537414965986394	False	3.408095873200662	0.05820433436532508	True
38d1cf1c53c7826866b3ae7a6495b32f	16309	spontaneous-speech-pne-16309.mp3	16740	1538	Konak konep kah dan kah melakau juk ayuk kah tai menyalau? Inouk pukuk?	Yeng pun pukuk lah..bengosak yah ayuk menyalau itouk neh,kerna akouk yeng pun adui boken..ulouk tai melakau lah,menyalau..yeng pun pukuk neh..ulouk botik lah,tai menyalau..ulouk melakau sineh,melakau sitey lah..ineh ulouk tai menyalau ulouk lah ineh..	1	twenties	male_masculine	Western Penan	train	13.082437275985662		False	0.39919354838709675	False	3.585266611069708	0.1386996904024768	True
75e882dda7e6942bcfa81c65ba9893a3	16419	spontaneous-speech-pne-16419.mp3	17172	1538	Konak konep kah dan kah melakau juk ayuk kah tai menyalau? Inouk pukuk?	Konep kek dan kik tai menyalau, dekuk kek lalek-lalek tusah konep kek memiken adui kek, memiken berajan kek, tong sekulah kek. Dan inen neh jian ayuk kik tai menyalau.	1			Western Penan	train	8.094572559981366		False	0.23170731707317072	False	4.51719693814349	0.7139318885448916	False
660efcc153b8f1b83f0e7b7293a6739d	17306	spontaneous-speech-pne-17306.mp3	16200	1538	Konak konep kah dan kah melakau juk ayuk kah tai menyalau? Inouk pukuk?	Konep amik, [um] sebayang, barak ngan Tuan. Tuan nat amik, dalem lakau amik, dalem adui amik. Ineh tue yah peniken amik, yah kenonep amik dalem lakau amik.	1	teens	female_feminine	Western Penan	train	7.962962962962964		False	0.29605263157894735	False	4.022967032099264	0.4278637770897833	True
15c3189343ecfed295e773c9a86db318	17514	spontaneous-speech-pne-17514.mp3	16056	1538	Konak konep kah dan kah melakau juk ayuk kah tai menyalau? Inouk pukuk?	Pinek amik tai dukuk juk tai nat daleh menat inak lobuk yah koluek tak amik konak inak yah solap inak yah mareng inak yah pegau ineh yah koluek tan amik 	1	twenties	female_feminine	Western Penan	train	7.660687593423019		False	0.29333333333333333	False	4.4714179026504715	0.6934984520123839	False
06e91360c689ccdb3c48e8c51aac7b8c	17665	spontaneous-speech-pne-17665.mp3	18396	1538	Konak konep kah dan kah melakau juk ayuk kah tai menyalau? Inouk pukuk?	Konep amik dan melakau juk ayuk tai menyalau, amik sajak amik koluk tai melakau, tai nat nat inouk yah tan amik. Ineh ayuk tai melakau, tai menyalau konep amik yah eh itouk ineh.	1	teens	female_feminine	Western Penan	train	7.936507936507936		False	0.36	False	3.5454363572360585	0.11578947368421053	True
d03d164e3a037c9462bb3b7801263813	17780	spontaneous-speech-pne-17780.mp3	25488	1538	Konak konep kah dan kah melakau juk ayuk kah tai menyalau? Inouk pukuk?	yah ulouk mukuk,menyalau konep ulouk m'dey ulouk manouk anag ulouk,m'dey manouk padik ulouk,m'dey ulouk manouk sabai ulouk,kivan ulouk,lakeik ulouk..Jiak ulouk menyalau..mukuk,bet konep ulouk,bet piken ulouk yah sat..m'dey ulouk jadi panouk..m'dey ulouk jadi kesat..m'dey ulouk jadi pepatai..jiak ulouk mukuk,mukuk..menyalau menyalau petikern kerk.. 	1	twenties	female_feminine	Western Penan	train	12.123352165725048		True	0.49855907780979825	False			False
59015be0ab1203af375a4af4b86c43d5	18015	spontaneous-speech-pne-18015.mp3	16164	1538	Konak konep kah dan kah melakau juk ayuk kah tai menyalau? Inouk pukuk?	[unclear] melakau, ayuk tai- kah tai menyalau. Akouk dan kik tai melakau, tai menyalau ineh, pukuk kek meloku. Dan kek meloku mukuk tong lamin, dan kik meloku pun adui tong lamin, akouk kolap jin lamin, kolap jin ineh. Pekuk kik meloku. 	1			Western Penan	train	12.125711457560008		False	0.37606837606837606	False	4.068068022740407	0.4538699690402477	True
a2632e7d8bbc0b5567334fd6bb68604f	18126	spontaneous-speech-pne-18126.mp3	16236	1538	Konak konep kah dan kah melakau juk ayuk kah tai menyalau? Inouk pukuk?	Owk..ayuk ulouk tai melakau juk,ineh ayuk ulouk tai ngelingu juk , ineh..ayuk ulouk tai pitah penguman..pitah urip,yeng keh pong ulouk tai ngelingu..ulouk tai melakau mengate' yeng pun roti ..ulouk tai tanpa bukti, ulouk tai pitah urip, pitah penguman.. 	1	fifties	male_masculine	Western Penan	train	13.303769401330376		False	0.42629482071713143	False	3.9186024926073206	0.34241486068111454	True
3a783f2ba60782823bab13f00d15057a	18319	spontaneous-speech-pne-18319.mp3	18288	1538	Konak konep kah dan kah melakau juk ayuk kah tai menyalau? Inouk pukuk?	Koluk akouk melakau menyalau ineh,du'kuk tai menyalau ineh,mobet..erei.. piken sat..mobet piken yah pebareng..yah eh bi..bi..bi..mangerk..bi sat konep..	1			Western Penan	train	7.436570428696413		False	0.17449664429530198	False	4.7528525263666515	0.8086687306501548	False
209aab5184d892f83f2f6491b90f4867	15492	spontaneous-speech-pne-15492.mp3	31824	1534	Tong joh inouk yah lalek baat ngan man tong kah dalem adui ngan berajan kah?	Pinek nan. [unclear] adui berajan. Konak tog urip amik Ponan, berajan palouk, berajan mengasouk, berajan ale laker. Memang maan, memang baat. Tai pavik ulouk mongen, tai pavik ulouk pakey barang ayuk ulouk berajan ineh. Man, yeng eh piak ujun mengater. Jin sin ngan batung.	1			Western Penan	train	7.227249874308697		True	0.2148148148148148	False			False
15813ed995d0a8f107309df7f9afa0d0	15519	spontaneous-speech-pne-15519.mp3	14328	1534	Tong joh inouk yah lalek baat ngan man tong kah dalem adui ngan berajan kah?	Dalem adui berajan yah bat dalem amik..manouk ujian,manouk keroja yah senuk sigu ineh,pinek yah nanouk..	1	thirties	female_feminine	Western Penan	train	6.281407035175879		False	0.12871287128712872	False	4.174238474976317	0.5263157894736842	True
6daf5823a635cbefd29a368980768870	15554	spontaneous-speech-pne-15554.mp3	15984	1534	Tong joh inouk yah lalek baat ngan man tong kah dalem adui ngan berajan kah?	Bagik akuek manouk akuek adui yah paling bat bagik akuek monak akuek yan neh upstairs, spm pitiry ineh tuek	1			Western Penan	train	5.568068068068068		False	0.1923076923076923	False	4.289084177405568	0.6018575851393189	False
916c4bf55dda885cb785b8e0342f30cb	15693	spontaneous-speech-pne-15693.mp3	19008	1534	Tong joh inouk yah lalek baat ngan man tong kah dalem adui ngan berajan kah?	Yah lalek man tong adui, [unclear] yah baat tong adui yah akouk juk manouk, minyag yeng sukat ayuk kek- yeng akouk sukat ale' minyag. Ineh peh ayuk kik yeng sukat tai melakau.	1	fourties	male_masculine	Western Penan	train	7.575757575757576		False	0.2441860465116279	False	3.6471275049383713	0.16780185758513932	True
d010ca153b96a5ebfd09ba6a2e3e0cf4	15788	spontaneous-speech-pne-15788.mp3	16596	1534	Tong joh inouk yah lalek baat ngan man tong kah dalem adui ngan berajan kah?	Masa amik yeng pun berk,yeng pun usen biseng,gulak..keh amik petaget alek berk sigeg langit.. dan masa yeng pun berk..keh amik itouk..	1	teens	male_masculine	Western Penan	train	6.869125090383225		False	0.2442748091603053	False	4.233384237381211	0.5653250773993808	True
209c440297f7fce6c5e4fba0e913f9b8	15892	spontaneous-speech-pne-15892.mp3	11556	1534	Tong joh inouk yah lalek baat ngan man tong kah dalem adui ngan berajan kah?	tong yah ineh,akouk yeng mojam..akouk yeng pun sekulah..keh,sumak kik menat eh keh tuwerk..	1			Western Penan	train	6.836275527864312		True	0.09090909090909094	False			False
38d1cf1c53c7826866b3ae7a6495b32f	16426	spontaneous-speech-pne-16426.mp3	17136	1534	Tong joh inouk yah lalek baat ngan man tong kah dalem adui ngan berajan kah?	Yeng pun lah yah man..dan neh konak towk sekulah..yah man,pinek yah man lah..konak kelunan yeng sekulah,akouk itouk yeng akouk merasa eh man tong akouk,bagik neh akouk itouk,yah pani itouk,yeng akouk sekulah..yeng akouk mojam yah mah eh man..yah sekulah ineh langit piak itouk,anag kik..mojam yah man yah murah..	1	twenties	male_masculine	Western Penan	train	15.522875816993464		False	0.3948220064724919	False	3.5046195014039623	0.09040247678018576	True
46b095ac5602bd3bfdf0cc670842c77c	16449	spontaneous-speech-pne-16449.mp3	19836	1534	Tong joh inouk yah lalek baat ngan man tong kah dalem adui ngan berajan kah?	Tong urip amik, tong tingan, tong risak, sniff ineh yah ayuk amik jam inouk ineh. Lalek bat, ineh neh bat bagik bat bagik amik, ayuk amik pitah penguman.	1			Western Penan	train	6.352087114337567		False	0.24	False	4.2739330622041445	0.5913312693498453	True
75e882dda7e6942bcfa81c65ba9893a3	16535	spontaneous-speech-pne-16535.mp3	18144	1534	Tong joh inouk yah lalek baat ngan man tong kah dalem adui ngan berajan kah?	Yah lalek man, dalem kek sekulah, dalem adui. dalem berajan kik ; yan neh dan kik yeng pun rigit. Dekuk kek menusah, dekuk keh memiken eh konak. Konak-konak kotai urip kek dak, dan neh yeng pun.	1			Western Penan	train	8.763227513227513		False	0.2094240837696335	False	3.9351190545990815	0.35294117647058826	True
06e91360c689ccdb3c48e8c51aac7b8c	17230	spontaneous-speech-pne-17230.mp3	18684	1534	Tong joh inouk yah lalek baat ngan man tong kah dalem adui ngan berajan kah?	Yeng pun yah man,mole tuwerk..yeng pun eh bat,jiak..sonang tuwerk alek..yeng pun eh man manouk, dalem adui itouk..	1	teens	female_feminine	Western Penan	train	5.245129522586169		False	0.21621621621621623	False	4.014993970123863	0.42043343653250775	True
15c3189343ecfed295e773c9a86db318	17478	spontaneous-speech-pne-17478.mp3	16488	1534	Tong joh inouk yah lalek baat ngan man tong kah dalem adui ngan berajan kah?	Adui yah lalek..adui yah lalek bat bagik amik, yah konak towk manouk lake,konak towk manouk malat,konak towk manouk borat,manouk veik ..bagik amik kelunan dalem yah pengawu itouk..	1	twenties	female_feminine	Western Penan	train	9.340126152353228		False	0.3220338983050848	False	3.3524941766638174	0.042105263157894736	True
660efcc153b8f1b83f0e7b7293a6739d	17550	spontaneous-speech-pne-17550.mp3	15876	1534	Tong joh inouk yah lalek baat ngan man tong kah dalem adui ngan berajan kah?	yah [unclear] dalem adui, dalem yah nouk amik. konak tog akouk dan ireh menyuk akouk mobik, yah akouk lalek muat mobik. Man rasa tong akouk mobik barang yak bat bat. 	1	teens	female_feminine	Western Penan	train	8.566389518770471		False	0.2024539877300614	False	4.356030729459708	0.6371517027863777	False
59015be0ab1203af375a4af4b86c43d5	17918	spontaneous-speech-pne-17918.mp3	16596	1534	Tong joh inouk yah lalek baat ngan man tong kah dalem adui ngan berajan kah?	Yah lalek man, lalek bat bagik akouk dalem berajan kik ineh,dukuk kik..aten kik sakit,ulun kik mage,juk pogen,akouk juk mukuk,juk monyun..juk leg peguak,leg padui..leg tenotik..	1			Western Penan	train	9.279344420342252		False	0.14367816091954022	False	5.102000400437904	0.8941176470588236	False
d03d164e3a037c9462bb3b7801263813	17939	spontaneous-speech-pne-17939.mp3	22680	1534	Tong joh inouk yah lalek baat ngan man tong kah dalem adui ngan berajan kah?	Pineh yah adui bad, yah adui ulouk yah tusah. Pinek pe adui ulouk yah sonang, pinek pe adui ulouk yah mole. Dalem berajan ulouk, dalem petonak ulouk. Yeng pun pe yah bad, yeng pun pe yah tusah. Semua ne jian. Semua ne ngam. 	1	twenties	female_feminine	Western Penan	train	7.980599647266314		True	0.3846153846153846	False			False
a2632e7d8bbc0b5567334fd6bb68604f	18167	spontaneous-speech-pne-18167.mp3	16308	1534	Tong joh inouk yah lalek baat ngan man tong kah dalem adui ngan berajan kah?	Pun adui man yah du'kuk ulouk pepin,yah du'kuk ulouk pebarak..pun yah man,pun yah tusah,yeng jian ..yeng jiak nanouk notik, yeng jiak piken ulouk..yah du'kuk ulouk pebarak..sat manouk.. dan mauk sat,yeng eh jiak..keh	1	fifties	male_masculine	Western Penan	train	11.34412558253618		False	0.352112676056338	False	3.6766315917507035	0.1913312693498452	True
3a783f2ba60782823bab13f00d15057a	18204	spontaneous-speech-pne-18204.mp3	19944	1534	Tong joh inouk yah lalek baat ngan man tong kah dalem adui ngan berajan kah?	Konak akuek ituek kan konak akuek menat ireh manyam akuek menat ireh manuek adui ineh manyam manuek borat ineh bi borat ineh bi ineuk-inuek yah manyam ineh, akuek peh pun koluk kek pun peh kek larui tusah juk manuek tusah juk sulung	1			Western Penan	train	9.576815082230246		False	0.4061135371179039	False	4.686016196369935	0.7801857585139319	False
916c4bf55dda885cb785b8e0342f30cb	15181	spontaneous-speech-pne-15181.mp3	10260	1546	Konak konep kuk pojah dalem lete’erk ngan petiken?	Akuek lebih senang piken dan akuek kojah, akuek juk yeng biasa ngan ireh kelunan pinek	1	fourties	male_masculine	Western Penan	train	7.017543859649123		True	0.07228915662650603	False			False
15813ed995d0a8f107309df7f9afa0d0	15266	spontaneous-speech-pne-15266.mp3	13536	1546	Konak konep kuk pojah dalem lete’erk ngan petiken?	Yeng pun konep kik koluk pojah,kle'terk ngan..petikern..yeng ineh jian..sat ineh..yeng ineh jiak manouk ulouk,yeng ineh jian dalem urip ulouk..	1	thirties	female_feminine	Western Penan	train	9.234633569739954		False	0.2142857142857143	False	3.2914693261156236	0.025386996904024767	True
209aab5184d892f83f2f6491b90f4867	15385	spontaneous-speech-pne-15385.mp3	16020	1546	Konak konep kuk pojah dalem lete’erk ngan petiken?	Jiak peh ulouk manouk adui petikern daripada ulouk pojah ngan ireh..yeng pun masem, yeng pun pamuk, yeng pun...gaya ulouk..mah peh deng sukat dalem adui, dalem keroja ulouk..ineh pengejiak neh ulouk manouk adui petikern..	1			Western Penan	train	11.797752808988765		False	0.3027522935779816	False	3.8897816561842644	0.3176470588235294	True
6daf5823a635cbefd29a368980768870	15654	spontaneous-speech-pne-15654.mp3	16128	1546	Konak konep kuk pojah dalem lete’erk ngan petiken?	Konep kik kle'terk petikern,konak yeng pun [um] jiak rasa..petaget sat,pukuk neh akouk sedirik kle'terk..dan pun bakeh kik kle'terk ngan kik,tajak lah akouk koluk..meriyet lah akouk..jiak konep kik..	1			Western Penan	train	10.726686507936508		False	0.21938775510204078	False	3.4948837945434588	0.08606811145510836	True
209c440297f7fce6c5e4fba0e913f9b8	16006	spontaneous-speech-pne-16006.mp3	13788	1546	Konak konep kuk pojah dalem lete’erk ngan petiken?	Dan neh beh neh akouk..konak dan petikern,konak dan ulouk kle'terk erei kerk dan petikern..ineh yah koluk kik..	1			Western Penan	train	6.890049318247751		False	0.2129629629629629	False	3.833360114067521	0.27678018575851393	True
d010ca153b96a5ebfd09ba6a2e3e0cf4	16187	spontaneous-speech-pne-16187.mp3	16452	1546	Konak konep kuk pojah dalem lete’erk ngan petiken?	Ukuk kik, sajak kik koluk mukuk sedirik. yeng koluk pojah ngan ireh bakeh kik, pukuk neh petiken inen neh koluk kik jin kik anag.	1	teens	male_masculine	Western Penan	train	6.442985655239484		False	0.19841269841269837	False	3.699587860289285	0.20371517027863778	True
38d1cf1c53c7826866b3ae7a6495b32f	16239	spontaneous-speech-pne-16239.mp3	17136	1546	Konak konep kuk pojah dalem lete’erk ngan petiken?	Yah tong konep kik lah,keh lah apabila uleuk kle'terk, dan uleuk petiken..konak ineh lah...kle'terk lah sebab de'kuk neh ngaran neh ineh ngaran le'terk....ulouk kle'terk lah...kle'terk kle'terk kle'terk..yan neh..ineh tuwerk lah kojam kik.	1	twenties	male_masculine	Western Penan	train	12.138188608776844		False	0.364406779661017	False	3.465569892632271	0.07430340557275542	True
46b095ac5602bd3bfdf0cc670842c77c	16456	spontaneous-speech-pne-16456.mp3	12816	1546	Konak konep kuk pojah dalem lete’erk ngan petiken?	[sniff] koluk bi mukuk pojah, koluk bi peh ulouk mukuk ngan rah. [sniff] [unclear] petiken, selesa bi kek, jiak bi. 	1			Western Penan	train	7.49063670411985		False	0.15929203539823011	False	4.0565057374761935	0.44891640866873067	True
75e882dda7e6942bcfa81c65ba9893a3	16584	spontaneous-speech-pne-16584.mp3	13032	1546	Konak konep kuk pojah dalem lete’erk ngan petiken?	Dalem lete'erk, dan neh petiken, yeng eh jiak kelete'erk. Dan ulouk pojah, ineh peh lobih jian. Keh.	1			Western Penan	train	6.445672191528545		False	0.1030927835051546	False	3.334901088976138	0.03529411764705882	True
660efcc153b8f1b83f0e7b7293a6739d	17606	spontaneous-speech-pne-17606.mp3	15948	1546	Konak konep kuk pojah dalem lete’erk ngan petiken?	[unclear] bareng akouk lalek koluk kelete'erk petiken, jadi akeuk sat rasa kik. Dan pun ireh bakeh kik, ireh kelunan kik, ireh aong, ireh padik, ireh vik kik ngan kik, koluk akeuk kelete'erk. 	1	teens	female_feminine	Western Penan	train	10.032605969400551		False	0.25396825396825395	False	3.593404995386331	0.1411764705882353	True
06e91360c689ccdb3c48e8c51aac7b8c	17628	spontaneous-speech-pne-17628.mp3	16956	1546	Konak konep kuk pojah dalem lete’erk ngan petiken?	Konep kik jian jian tuwerk, yeng pun yah sat sat, yeng pun kojah kojah. koluk tuwerk pojah pojah,kle'terk ngan ireh bakeh,yeng pun yah sat sat. 	1	teens	female_feminine	Western Penan	train	7.018164661476764		False	0.2978723404255319	False	3.527883861760021	0.10464396284829722	True
d03d164e3a037c9462bb3b7801263813	17659	spontaneous-speech-pne-17659.mp3	18504	1546	Konak konep kuk pojah dalem lete’erk ngan petiken?	Jiak lah konep ulouk pojah, ulouk keleterk petiken daripada ulouk maot, daripada ulouk pinek piak, pinek ani ulouk, pinek masem ulouk. Jiak neh ulouk keleterk petiken, keleterk jah jah.	1	twenties	female_feminine	Western Penan	train	8.48465196714224		False	0.3846153846153846	False	4.32232257016644	0.6160990712074303	False
59015be0ab1203af375a4af4b86c43d5	17873	spontaneous-speech-pne-17873.mp3	15840	1546	Konak konep kuk pojah dalem lete’erk ngan petiken?	Mauwk akeuk pojah ngan ireh dalam le'terk,dalem tikern, dan pun ireh boken neh yeng akeuk koluk.. dan ireh petikern,dan amik petikern,amik kle'terk..dan ireh sat le'terk,yeng akeuk koluk.	1			Western Penan	train	10.164141414141412		False	0.32065217391304346	False	3.827538399479684	0.2712074303405573	True
a2632e7d8bbc0b5567334fd6bb68604f	17948	spontaneous-speech-pne-17948.mp3	16308	1546	Konak konep kuk pojah dalem lete’erk ngan petiken?	Owk. jiak bih keh ulouk mukuk petiken, sajak ulouk petiken. tapi masa ulouk kle'terk, koluk peh ulouk kle'terk. yah petiken itouk, penting neh, m'dey ulouk kaso, m'dey ulouk inouk. semua adui ulouk yeng jadi. bavah ulouk kle'terk. Ineh kesat kle'terk.	1	fifties	male_masculine	Western Penan	train	12.999754721609026		False	0.31854838709677424	False	3.839171756268095	0.2804953560371517	True
3a783f2ba60782823bab13f00d15057a	18331	spontaneous-speech-pne-18331.mp3	18216	1546	Konak konep kuk pojah dalem lete’erk ngan petiken?	Akouk koluk petiken,akouk petiken neh,dukuk kik..yeng akouk pinek piak,pinek tosog ineh bi..dan akouk pojah ngan kelunan,pinek piak,pinek tosog..ineh koleg kik..akouk koluk petiken ayuk kik ngeninik lagu,koluk petiken ayuk basak bup,koluk petiken ayuk,menyurat..ineh bi adui kik dan kik petiken..	1			Western Penan	train	14.21826965305226		False	0.40614334470989766	False	3.7225467506113503	0.21795665634674924	True
15813ed995d0a8f107309df7f9afa0d0	15204	spontaneous-speech-pne-15204.mp3	14040	1561	Dalem kirak kuk, konak AI ineh sukat pakey dalem pengurip ulouk siget langit?	Pun tatuk neh,yah ayuk ulouk dalem siget langit,yah pakey ulouk dalem siget langit,bareng ulouk mojam..sagam,kojah..langit jah dak,kojah..yeng ulouk mojam..	1	thirties	female_feminine	Western Penan	train	9.829059829059828		False	0.33333333333333337	False	3.475387824201096	0.0804953560371517	True
209aab5184d892f83f2f6491b90f4867	15277	spontaneous-speech-pne-15277.mp3	18072	1561	Dalem kirak kuk, konak AI ineh sukat pakey dalem pengurip ulouk siget langit?	Siah barak eh keh. Amai peh yeng keh, jiak eh keh. Inouk piak, inouk ketuk nah ineh, ketuk konep ulouk dalem nah neh, ketuk piken ulouk dalem nah ineh. Yeng larui kek ulouk juk pitah eh, yeng larui kek ulouk juk menabah eh. Keh.	1			Western Penan	train	10.236830455953962		False	0.36888888888888893	False	4.871221325611876	0.8501547987616099	False
6daf5823a635cbefd29a368980768870	15631	spontaneous-speech-pne-15631.mp3	15660	1561	Dalem kirak kuk, konak AI ineh sukat pakey dalem pengurip ulouk siget langit?	Owk, hal urip oluek siget langit dak tah yah jiak yeng yah eh oluek sebayang keh oluek [aa] pitah tuhan dalem urip oluek dalem keluarga uleuk yeh keh eh jiak. 	1			Western Penan	train	8.237547892720306		False	0.22435897435897434	False	5.087604367642776	0.8934984520123839	False
38d1cf1c53c7826866b3ae7a6495b32f	15707	spontaneous-speech-pne-15707.mp3	17928	1561	Dalem kirak kuk, konak AI ineh sukat pakey dalem pengurip ulouk siget langit?	Urip jian ngan anaq, ngan rodu, hal yah koluk kik yah [um] murip tong lamin yah jian, murip ngan rodu ngan anaq yah jian, yeng pun [um] sat, yeng pun maneuk ineuk-ineuk. Ineh yah koluk kik dalem urip kik. 	1	twenties	male_masculine	Western Penan	train	9.25925925925926		False	0.32178217821782173	False	3.5350583322516895	0.10773993808049535	True
916c4bf55dda885cb785b8e0342f30cb	15745	spontaneous-speech-pne-15745.mp3	11340	1561	Dalem kirak kuk, konak AI ineh sukat pakey dalem pengurip ulouk siget langit?	Akouk yeng mojam [um] AI ineh. Inouk roti AI ineh. Ineh tue.	1	fourties	male_masculine	Western Penan	train	4.320987654320987		True	0.17543859649122806	False			False
209c440297f7fce6c5e4fba0e913f9b8	16061	spontaneous-speech-pne-16061.mp3	11016	1561	Dalem kirak kuk, konak AI ineh sukat pakey dalem pengurip ulouk siget langit?	Akouk pe yeng mojam hal yah konak eh kukuk. Yeng pe akouk mojam barak, dan kik yeng menat eh. 	1			Western Penan	train	6.808278867102397		True	0.13186813186813184	False			False
d010ca153b96a5ebfd09ba6a2e3e0cf4	16079	spontaneous-speech-pne-16079.mp3	16956	1561	Dalem kirak kuk, konak AI ineh sukat pakey dalem pengurip ulouk siget langit?	Urouk ulouk siget langit, ineh ulouk ale tangoh, ulouk tai tong tanak, pitah uveik, pitah pakouk. 	1	teens	male_masculine	Western Penan	train	4.836046237320123		False	0.16842105263157892	False	4.0623065351691325	0.45139318885448915	True
46b095ac5602bd3bfdf0cc670842c77c	16235	spontaneous-speech-pne-16235.mp3	15588	1561	Dalem kirak kuk, konak AI ineh sukat pakey dalem pengurip ulouk siget langit?	Sajak inen neh urip, sajak inen neh ayuk jian tong ulouk kelunan, tong daleh [unclear] [unclear] sineh dak. 	1			Western Penan	train	5.773672055427252		False	0.21904761904761905	False	3.0986013523894465	0.004953560371517028	True
75e882dda7e6942bcfa81c65ba9893a3	16303	spontaneous-speech-pne-16303.mp3	14256	1561	Dalem kirak kuk, konak AI ineh sukat pakey dalem pengurip ulouk siget langit?	Pun pengejian Ai ineh tong akouk,dalem berajan keik,ayuk kik manouk adui kik,ayuk kik manouk assignment, kik yah nonak guru..ngan keik,	1			Western Penan	train	8.13692480359147		False	0.18939393939393945	False	4.371349640834753	0.6439628482972136	False
06e91360c689ccdb3c48e8c51aac7b8c	17309	spontaneous-speech-pne-17309.mp3	18576	1561	Dalem kirak kuk, konak AI ineh sukat pakey dalem pengurip ulouk siget langit?	Yah yeng kojam kik ineh..semua piak piak ineh bi..yeng akouk mojam yah bengosak konak ineh..akouk manouk manouk piak keh tuerk..	1	teens	female_feminine	Western Penan	train	5.867786391042205		False	0.264	False	3.2221181822767897	0.01671826625386997	True
660efcc153b8f1b83f0e7b7293a6739d	17362	spontaneous-speech-pne-17362.mp3	16308	1561	Dalem kirak kuk, konak AI ineh sukat pakey dalem pengurip ulouk siget langit?	Kuk neh keh, ulouk kelunan tek, pinek yah piak, yah ani, yah adet, dalem urip ulouk. Ulouk [um] mauk ineh, amai mauk yah jah peh jin ineh. 	1	teens	female_feminine	Western Penan	train	6.867794947265146		False	0.15441176470588236	False	4.1644236852804895	0.5176470588235295	True
15c3189343ecfed295e773c9a86db318	17406	spontaneous-speech-pne-17406.mp3	15840	1561	Dalem kirak kuk, konak AI ineh sukat pakey dalem pengurip ulouk siget langit?	Dalam pengurip ulouk,tai memitik,tai pitah tangoh,tai pitah uvut,tai pitah segolah, pitah simut,ineh yah urip amik ponan..	1	twenties	female_feminine	Western Penan	train	6.755050505050505		False	0.22689075630252098	False	4.395151649856302	0.6551083591331269	False
59015be0ab1203af375a4af4b86c43d5	17882	spontaneous-speech-pne-17882.mp3	16920	1561	Dalem kirak kuk, konak AI ineh sukat pakey dalem pengurip ulouk siget langit?	Owk akouk peh yeng mojam. Sukat pakey sukat ayuk eh, dalem siget langit. Kuk akouk itouk murip malem, murip nik. Akouk peh yeng mojam. Akouk peh pasti eh. Sukat ayuk ke yeng siget langit.	1			Western Penan	train	9.101654846335697		False	0.34782608695652173	False	3.695844849170776	0.20123839009287925	True
59015be0ab1203af375a4af4b86c43d5	17882	spontaneous-speech-pne-17882.mp3	16920	1561	Dalem kirak kuk, konak AI ineh sukat pakey dalem pengurip ulouk siget langit?	owk..akouk peh yeng mojam,sukat pakey sukat ayuk eh,dalem siget langit,kuk akouk itouk murip nik murip malem,akouk peh yeng mojam,akouk peh yeng pasti eh,sukat ayuk ka siget langit 	1			Western Penan	train	9.101654846335697		False	0.3651685393258427	False	3.60516811462592	0.1479876160990712	True
d03d164e3a037c9462bb3b7801263813	17996	spontaneous-speech-pne-17996.mp3	16668	1561	Dalem kirak kuk, konak AI ineh sukat pakey dalem pengurip ulouk siget langit?	Yah nutouk kuk nik erei keh ineh, Yah nutouk kuk nik erei keh ineh, Yah nutouk kuk nik erei keh ineh. Somah neh kouk yeng ninik piak kik barak, inouk salak eh narak kek neh. Salak eh tenosog kek neh, ngelakat kek. [unclear] Erei kek neh, Erei kek neh.	1	twenties	female_feminine	Western Penan	train	12.179025677945765		False	0.43145161290322576	False	4.851197815624709	0.8458204334365325	False
a2632e7d8bbc0b5567334fd6bb68604f	18115	spontaneous-speech-pne-18115.mp3	15408	1561	Dalem kirak kuk, konak AI ineh sukat pakey dalem pengurip ulouk siget langit?	Owk..bagik nah sukat jian pakey ulouk,pun akouk barak yah sukat ayuk.yah sat,yeng ulouk pakey,sat..narak kik peh ineh ngan semua ulouk yah sat,keh.	1	fifties	male_masculine	Western Penan	train	8.177570093457945		False	0.19444444444444442	False	3.879147436269652	0.30959752321981426	True
3a783f2ba60782823bab13f00d15057a	18326	spontaneous-speech-pne-18326.mp3	21132	1561	Dalem kirak kuk, konak AI ineh sukat pakey dalem pengurip ulouk siget langit?	Jiak ai iteuk. Ai iteuk eh pengou-ngou eh tenobang eh kojam ulouk. Pun eh sau, yeng pun ulouk pake ai. Ai iteuk kojam kik eh, ai jiak eh monak ulouk pongojam, monak ulouk pengingat eh. 	1			Western Penan	train	7.09823963657013		False	0.2637362637362637	False	4.7402622560997685	0.8006191950464396	False
15813ed995d0a8f107309df7f9afa0d0	15318	spontaneous-speech-pne-15318.mp3	10548	1551	Konak tateg sekidak ireh danag ngan ireh mukun ayuk pon?	sat seritak yeng jian. malui ireh nanouk, pude urip ireh nanouk, yeng toneng urip ireh nanouk.	1	thirties	female_feminine	Western Penan	train	7.489571482745544		True	0.31868131868131866	False			False
6daf5823a635cbefd29a368980768870	15644	spontaneous-speech-pne-15644.mp3	15624	1551	Konak tateg sekidak ireh danag ngan ireh mukun ayuk pon?	Yeng pun sekidak neh, kuak ineh ireh ayuk pon. Kuak ineh ireh mojem mojem pon. Mukuk tong awa ireh dak, mukuk tong dapon ireh dak ayuk ireh manouk pon, ayuk ireh nat ader, nat seritak eh juk tan ireh, juk penitah rah.	1			Western Penan	train	11.264720942140295		False	0.29439252336448596	False	4.460805490539104	0.686687306501548	False
209aab5184d892f83f2f6491b90f4867	15676	spontaneous-speech-pne-15676.mp3	18072	1551	Konak tateg sekidak ireh danag ngan ireh mukun ayuk pon?	Eh mait! Yeng pun ireh mukun ayuk pon. Ucit.  Ayuk nah juk mani pon ayuh nah juk koluk alek pon. Yeng pun udang uleuk mukun ayuk pon. Eh mait!	1			Western Penan	train	6.252766710934042		False	0.29496402877697847	False	5.116493920604631	0.9003095975232198	False
d010ca153b96a5ebfd09ba6a2e3e0cf4	16131	spontaneous-speech-pne-16131.mp3	16236	1551	Konak tateg sekidak ireh danag ngan ireh mukun ayuk pon?	Ireh danak ineh, sajak mojam ireh danak- ireh anak ayuk pon. Tapik ireh mukun iteuk, ireh mojam pukuk tenonak amik danak yah mojam ayuk pon iteuk. 	1	teens	male_masculine	Western Penan	train	7.452574525745257		False	0.29861111111111116	False	3.9826488060698115	0.39690402476780184	True
46b095ac5602bd3bfdf0cc670842c77c	16320	spontaneous-speech-pne-16320.mp3	18756	1551	Konak tateg sekidak ireh danag ngan ireh mukun ayuk pon?	Yeng pun sekidak, amik samak ayuk barang lobuk, amik pesamak ayuk barang daleh bai. Yeng pun sekidak. Sama ke amik mojam ke ayuk. Dan ne amik tenonak rah. Amik mojam. 	1			Western Penan	train	7.304329281296652		False	0.30487804878048785	False	3.898528853670348	0.32445820433436534	True
38d1cf1c53c7826866b3ae7a6495b32f	16399	spontaneous-speech-pne-16399.mp3	16920	1551	Konak tateg sekidak ireh danag ngan ireh mukun ayuk pon?	Sekidak neh sajak kurang yah mukun ineh. Dekuk neh yeng mojam. Pun yah danag itouk ineh dekuk neh mauk danag langit itouk neh, yah mojam nat hurup, yah mojam nat numon. Ineh sekidak neh, memang kurang kek lah yah mukun. 	1	twenties	male_masculine	Western Penan	train	10.638297872340424		False	0.3179723502304147	False	4.7851416724145865	0.8210526315789474	False
209c440297f7fce6c5e4fba0e913f9b8	16435	spontaneous-speech-pne-16435.mp3	14076	1551	Konak tateg sekidak ireh danag ngan ireh mukun ayuk pon?	Sekidak neh, ireh danag ngan ireh mukun yeng samak. Yeng ireh pekuak. Ireh danag mojam sig kek jin ireh mukun.	1			Western Penan	train	6.46490480250071		False	0.22429906542056077	False	4.51270108646223	0.7114551083591332	False
75e882dda7e6942bcfa81c65ba9893a3	16565	spontaneous-speech-pne-16565.mp3	16596	1551	Konak tateg sekidak ireh danag ngan ireh mukun ayuk pon?	Sekidak ireh danag ngan ireh mukun tong inak amik, yan neh ireh mukun dai ineh manouk lake, manouk malat. Pun ireh danag tong inak amik, yan neh ireh tai keroja yan neh ireh tai sekulah. Ineh sekidak amik.	1			Western Penan	train	10.122921185827911		False	0.400990099009901	False	3.5932240491274334	0.14055727554179567	True
06e91360c689ccdb3c48e8c51aac7b8c	17300	spontaneous-speech-pne-17300.mp3	19512	1551	Konak tateg sekidak ireh danag ngan ireh mukun ayuk pon?	Ireh mukun, kojah nat ireh ayuk pon. Ireh danag, jiak penganouk ireh ayuk pon. Yeng pun eh kojah kojah. Tapik, samak ineh tue. Yeng pun yah kojah.	1	teens	female_feminine	Western Penan	train	6.150061500615006		False	0.26573426573426573	False	3.5734054925721943	0.1325077399380805	True
660efcc153b8f1b83f0e7b7293a6739d	17604	spontaneous-speech-pne-17604.mp3	16488	1551	Konak tateg sekidak ireh danag ngan ireh mukun ayuk pon?	Ireh mukun toneng ayuk pon ayuk ireh pani ayuk ireh mutuek kelunan ireh yah melakau juk ireg danag yeng pun roti ayuk nat pon pun ayuk ireh nat yah pebareng yah adeg yah adui yeng pun roti yeng pun gune tuak tan ireh 	1	teens	female_feminine	Western Penan	train	10.553129548762737		False	0.35046728971962615	False	4.740098834375709	0.8	False
d03d164e3a037c9462bb3b7801263813	17747	spontaneous-speech-pne-17747.mp3	21276	1551	Konak tateg sekidak ireh danag ngan ireh mukun ayuk pon?	Samak samak ineh keh ireh danag,ireh mukun..yeng pun beja ireh,mukun kerk ineh,anag kerk ineh..yeng pun aliew ireh,samak koluk koluk ayuk bi bi ,sama koluk pakey bi bi neh,yeng pun ireh rak,yeng pun ireh alah,ireh bawai..samak samak ineh.	1	twenties	female_feminine	Western Penan	train	9.494265839443504		False	0.37446808510638296	False	3.8798793117468167	0.31021671826625385	True
59015be0ab1203af375a4af4b86c43d5	18034	spontaneous-speech-pne-18034.mp3	16092	1551	Konak tateg sekidak ireh danag ngan ireh mukun ayuk pon?	Yeng pun sekidak nat, yeng pun [unclear] nat. Ineh ineh kek nat ireh ayuk pon. Yeng pun udey. [unclear] Ineh yeng pun kojah, yeng pun sekidak neh. 	1			Western Penan	train	7.457121551081284		False	0.3472222222222222	False	3.1068624290530003	0.005572755417956657	True
a2632e7d8bbc0b5567334fd6bb68604f	18160	spontaneous-speech-pne-18160.mp3	15408	1551	Konak tateg sekidak ireh danag ngan ireh mukun ayuk pon?	[cough] samak ineh ke ireh ayuk. konak ireh danaq keh ireh mukun. ireh mukun pe lobih koluk, menawai, colap ayuk. Ireh danaq makin ireh danaq koluk pe ireh ayuk. Pinek-pinek adui ayuk ireh anaq ayuk pon. Keh adui reh.	1	fifties	male_masculine	Western Penan	train	11.617341640706128		False	0.31775700934579443	False	4.3347569899509475	0.6222910216718266	False
3a783f2ba60782823bab13f00d15057a	18292	spontaneous-speech-pne-18292.mp3	18360	1551	Konak tateg sekidak ireh danag ngan ireh mukun ayuk pon?	Sekidak neh, ireh anaq iteuk lebih pakey pon, lebih pakey erei- owk pon. ayuk juk alek gaban maten langit. Ayuk juk alek itei iteuk. 	1			Western Penan	train	5.93681917211329		False	0.1923076923076923	False	5.184721404828414	0.9164086687306502	False
916c4bf55dda885cb785b8e0342f30cb	15253	spontaneous-speech-pne-15253.mp3	20448	1486	Tosog tuvu kah yah pongah nalek ngan keluno kah?	Tuvu amik yang pongah,amik alek sawit,ngan tuvu situn,tuvu daon uviek, daon uviek ngan [um] tangoh beroterk.	1	fourties	male_masculine	Western Penan	train	4.548122065727699		False	0.1428571428571429	False	5.3325891651772395	0.9356037151702786	False
6daf5823a635cbefd29a368980768870	15428	spontaneous-speech-pne-15428.mp3	15444	1486	Tosog tuvu kah yah pongah nalek ngan keluno kah?	Owk tuvu kik yah pongah nalek kik yan neh jolai,ketinun,situn..yah eh lak ngeluno ineh,yeng kalek pun amik ngeluno da itouk ate,abu amik ngeluno dak,duman pengawu etey amik ngeluno. keh.	1			Western Penan	train	10.23051023051023		False	0.20218579234972678	False	5.3553733784648445	0.9417956656346749	False
209aab5184d892f83f2f6491b90f4867	15429	spontaneous-speech-pne-15429.mp3	18324	1486	Tosog tuvu kah yah pongah nalek ngan keluno kah?	Pun tosog, neh yeng ulouk pesangun..yeng ulouk petuwat..adui ulouk,keroja ulouk,ngan ireh kelunan..ineh sangun,ineh tosog..ngan yeng pun tosog yah boken,ineh tuerk.	1			Western Penan	train	7.913119406243178		False	0.25465838509316774	False	4.008189815844954	0.4179566563467492	True
15813ed995d0a8f107309df7f9afa0d0	15457	spontaneous-speech-pne-15457.mp3	16740	1486	Tosog tuvu kah yah pongah nalek ngan keluno kah?	pinek parai amik,pinek tuvu amik,yah tenuvu amik,pongah nalek amik neh jarun itouk,pongah kinan amik neh jarun itouk,parai amik pongah keluno amik,pongah tenopa amik,pongah kenijin amik	1	thirties	female_feminine	Western Penan	train	9.617682198327358		False	0.4505494505494505	False	4.7273952195695985	0.7944272445820434	False
d010ca153b96a5ebfd09ba6a2e3e0cf4	15833	spontaneous-speech-pne-15833.mp3	16704	1486	Tosog tuvu kah yah pongah nalek ngan keluno kah?	amik jiak konep pu'kuk amik sukat petobang ngan ireh kelunan amik,ireh viik amik,ireh bakeh amik,keh ineh. Yeng jiak.	1	teens	male_masculine	Western Penan	train	5.986590038314176		False	0.1842105263157895	False	3.2077156389745545	0.015479876160990712	True
46b095ac5602bd3bfdf0cc670842c77c	15922	spontaneous-speech-pne-15922.mp3	15840	1486	Tosog tuvu kah yah pongah nalek ngan keluno kah?	Tuvu pongah nalek. Pineh tuvu. Tuvu tong tanak, [noise] tuvu tong tuan, neh tuvu nalek ngan kelunan...amik.	1			Western Penan	train	5.744949494949495		False	0.1923076923076923	False	4.751592247302123	0.8080495356037152	False
209c440297f7fce6c5e4fba0e913f9b8	16167	spontaneous-speech-pne-16167.mp3	15300	1486	Tosog tuvu kah yah pongah nalek ngan keluno kah?	Tuvu yah sukat murip tong daleh amik ; parai, abek, ketinun. Nan-nan tangoh.	1			Western Penan	train	4.183006535947713		False	0.0	False	5.443042454823306	0.9547987616099072	False
38d1cf1c53c7826866b3ae7a6495b32f	16407	spontaneous-speech-pne-16407.mp3	16416	1486	Tosog tuvu kah yah pongah nalek ngan keluno kah?	Tosog lah dan neh nale', dan neh keluno, ulouk barak ulouk tai ngeluno lah, urouk barak ulouk ale'. Tosog tuvuk ulouk tai, ineh lah ulouk barak. [unclear] tosog jah peh, kalau ulouk yeng tosog tuvuk ulouk tai neh, ulouk usit.	1	twenties	male_masculine	Western Penan	train	11.330409356725148		False	0.3873873873873874	False	4.006996314306334	0.4154798761609907	True
75e882dda7e6942bcfa81c65ba9893a3	16589	spontaneous-speech-pne-16589.mp3	19584	1486	Tosog tuvu kah yah pongah nalek ngan keluno kah?	tuvu yah pongah nalek ngan kelunan amik,dalem lumak amik,yan neh...balak,yan neh..urouk usan,yan neh ketinun,yan neh daon uveik,yan neh situn,yan neh..pakewk. 	1			Western Penan	train	7.097630718954249		False	0.2564102564102564	False	4.352907064412078	0.6352941176470588	False
06e91360c689ccdb3c48e8c51aac7b8c	17421	spontaneous-speech-pne-17421.mp3	20988	1486	Tosog tuvu kah yah pongah nalek ngan keluno kah?	Jiak tai ngeluno, tai menuvu, tai- pongah ngeluno ineh, keleterk. Pun yah ayuk ayuk amik keleterk. [unclear] yah eh pongah musit. 	1	teens	female_feminine	Western Penan	train	5.193443872689156		False	0.22047244094488194	False	3.8740994269916254	0.3046439628482972	True
660efcc153b8f1b83f0e7b7293a6739d	17428	spontaneous-speech-pne-17428.mp3	16200	1486	Tosog tuvu kah yah pongah nalek ngan keluno kah?	Tuvu amik yah pongah nale', yah pongah keluno amik yan neh tangoh. Yan neh tangoh uveik laker. Keh loh kek dan [um] amik menuvu parai. Ineh tue yah pongah keluno amik, pongah nale', pongah kinan amik.	1	teens	female_feminine	Western Penan	train	10.185185185185183		False	0.36548223350253806	False	4.590574361678315	0.7479876160990712	False
a2632e7d8bbc0b5567334fd6bb68604f	17745	spontaneous-speech-pne-17745.mp3	15228	1486	Tosog tuvu kah yah pongah nalek ngan keluno kah?	Owk..mani map yah ineh peh akouk yeng mojam ngaran neh touk..barak,akouk barak sebarang dak..dey salak..yah piak kik itouk,yeng akouk peroti yah itouk..piak itam padik..itam panak ponan itouk..keh	1	fifties	male_masculine	Western Penan	train	11.163645915418964		False	0.1917098445595855	False	4.169475297855481	0.5219814241486068	True
d03d164e3a037c9462bb3b7801263813	18001	spontaneous-speech-pne-18001.mp3	24192	1486	Tosog tuvu kah yah pongah nalek ngan keluno kah?	Parai kek[unclear] uvek eh barang oluek buek sigup baja an peguman oleuk eh kejuan oluek bawang sorai ngeluno barang yah pogah nalek oluek yah eh ngeluno oleuk yah tinepun oluek 	1	twenties	female_feminine	Western Penan	train	6.117724867724868		True	0.24	False			False
59015be0ab1203af375a4af4b86c43d5	18022	spontaneous-speech-pne-18022.mp3	19944	1486	Tosog tuvu kah yah pongah nalek ngan keluno kah?	Konak akuek ituek tuvu yah pongah nanuek kik ineh konak tok sobe tagoh yah pogah nanuek kik ineh brotek pogah nanuek kik ineh tan neh sulak pogah nanuek kik ituek ngan neh ngeluno paling jiak bagik akuek dukuk neh monak akuek kuman	1			Western Penan	train	9.526674689129564		False	0.38596491228070173	False	4.499937384816405	0.708359133126935	False
3a783f2ba60782823bab13f00d15057a	18272	spontaneous-speech-pne-18272.mp3	20520	1486	Tosog tuvu kah yah pongah nalek ngan keluno kah?	Tuvu yah pongah, yah alek keluno iteuk yah neh parai. Parai ineh yeng pe eh lobik menimah ayuk ne erei mosaq, ayuk ne jau. Pun pe dalem iteuk ineh ne, amik pe maneuk ketinun, amik pe maneuk jolai, ineh bi eh sukat nalek amik. 	1			Western Penan	train	8.869395711500974		False	0.21076233183856508	False	5.429113910659586	0.9529411764705882	False
6daf5823a635cbefd29a368980768870	15401	spontaneous-speech-pne-15401.mp3	15444	1485	Inouk kek jakak langit tong daleh kah?	Owk, konak eh jakak neh yeng konak erei alai tumu. Yeng pun kojah neh, yeng pun tipan eh kojah, konak nat eh. Pekuak ineh kek menat eh. 	1			Western Penan	train	7.057757057757057		False	0.23308270676691734	False	4.39569515067218	0.6563467492260062	False
15813ed995d0a8f107309df7f9afa0d0	15576	spontaneous-speech-pne-15576.mp3	16956	1485	Inouk kek jakak langit tong daleh kah?	Jakak langit yah jian tong daleh amik, langit tagak. Ineh jian. Yeng peh jiak lalek terk pogeng, yeng peh jiak lalek tagak pogeng. Yeng peh ineh jian. Dan tagak, sukat ayuk tai pitah betolu.	1	thirties	female_feminine	Western Penan	train	9.25925925925926		False	0.31016042780748665	False	3.777289810584136	0.24396284829721362	True
916c4bf55dda885cb785b8e0342f30cb	15673	spontaneous-speech-pne-15673.mp3	18720	1485	Inouk kek jakak langit tong daleh kah?	Modai dey langit beliyem,langit terk..langit morem,langit [um] pun baleik gau..ineh kebosau amik	1	fourties	male_masculine	Western Penan	train	4.5405982905982905		False	0.16129032258064513	False	4.844840582460454	0.8427244582043344	False
d010ca153b96a5ebfd09ba6a2e3e0cf4	15803	spontaneous-speech-pne-15803.mp3	16344	1485	Inouk kek jakak langit tong daleh kah?	Yeng pun jakak eh nanouk ngan amik,amik sumak manouk sedirik..keh..amik mojam mojam manouk adui amik sedirik..keh	1	teens	male_masculine	Western Penan	train	5.996084189916789		False	0.28181818181818186	False	3.1352796057409975	0.0086687306501548	True
46b095ac5602bd3bfdf0cc670842c77c	15906	spontaneous-speech-pne-15906.mp3	16200	1485	Inouk kek jakak langit tong daleh kah?	Yeng pun inouk jakak neh tong daleh. Jian, tagak, maang. Amik peh sukat pitah urip, pitah penguman amik. 	1			Western Penan	train	5.37037037037037		False	0.039215686274509776	False	3.9814197358046597	0.39504643962848296	True
38d1cf1c53c7826866b3ae7a6495b32f	15933	spontaneous-speech-pne-15933.mp3	16308	1485	Inouk kek jakak langit tong daleh kah?	Dai itouk pinek, avik kure use. Ribu pongah yah jakak langit. Dekuk neh ngaran jakak langit itouk dan neh piak amik lah, yah pongah matai. Ineh yah jakak langit.	1	twenties	male_masculine	Western Penan	train	8.155506499877362		False	0.259493670886076	False	4.4558038656259376	0.6842105263157895	False
209c440297f7fce6c5e4fba0e913f9b8	16256	spontaneous-speech-pne-16256.mp3	13968	1485	Inouk kek jakak langit tong daleh kah?	Yah itouk,akouk yeng mojam..inouk eh jakak langit,yeng akouk mojam jajak langit tenonu ka,jakak langit ramey..yeng akouk mojam..	1			Western Penan	train	8.018327605956472		False	0.31999999999999995	False	3.7906870555668686	0.2513931888544892	True
75e882dda7e6942bcfa81c65ba9893a3	16593	spontaneous-speech-pne-16593.mp3	15444	1485	Inouk kek jakak langit tong daleh kah?	pun kerk teranak neh,konak jakak neh,pun eh terk,pun eh mang,pun eh piti,pun eh basak,pun eh tagak,keh	1			Western Penan	train	5.633255633255633		False	0.29292929292929293	False	5.53158304353948	0.9622291021671827	False
06e91360c689ccdb3c48e8c51aac7b8c	17197	spontaneous-speech-pne-17197.mp3	17676	1485	Inouk kek jakak langit tong daleh kah?	Jiak langit ngan amik ngan inak ngan amik peh jiak lak daleh amik pun gonin jiak mukuk tong inak daleh amik 	1	teens	female_feminine	Western Penan	train	4.921928038017651		False	0.34285714285714286	False	3.8892088284944424	0.3170278637770898	True
660efcc153b8f1b83f0e7b7293a6739d	17640	spontaneous-speech-pne-17640.mp3	15876	1485	Inouk kek jakak langit tong daleh kah?	Langit tong daleh amik, jiak. Jiak. Pun peh ater neh sat, pun tagak, nonep. Ineh tue jakak langit daleh amik.	1	teens	female_feminine	Western Penan	train	5.668934240362812		False	0.14150943396226412	False	4.050396900748544	0.44458204334365325	True
59015be0ab1203af375a4af4b86c43d5	17720	spontaneous-speech-pne-17720.mp3	15228	1485	Inouk kek jakak langit tong daleh kah?	Tong daleh amik yeng pun kejian langit. Masa amik maneuk lumak pe yeng pun jadi-jadi ineuk-ineuk. Lumak pogeng pata pogeng yeng jadi neuk langit iteuk, yeng pun jakak neh, yeng pun jian neh.	1			Western Penan	train	10.375623850801157		False	0.31016042780748665	False	3.975701281774798	0.3907120743034056	True
d03d164e3a037c9462bb3b7801263813	17871	spontaneous-speech-pne-17871.mp3	17820	1485	Inouk kek jakak langit tong daleh kah?	Yeng konak langit ngan ulouk. Langit ulouk lak itouk terk, sat, baleng, liwen. Pogeng terk, pogeng liwen. Pogeng morem langit nouk langit sat, nouk langit terk, nouk langit liwen.	1	twenties	female_feminine	Western Penan	train	8.473625140291807		False	0.4204545454545454	False	4.29683816120584	0.6037151702786377	False
d03d164e3a037c9462bb3b7801263813	17871	spontaneous-speech-pne-17871.mp3	17820	1485	Inouk kek jakak langit tong daleh kah?	yeng konak langit ngan ulouk touk,langit ulouk lak itouk,terk,sat,baleng,liwen,pogeng terk pogeng liwen,pogeng morem langit nouk langit sat nouk langit terk,nouk langit liwen,	1	twenties	female_feminine	Western Penan	train	8.641975308641975		False	0.39534883720930236	False	4.284789670191998	0.5993808049535604	True
a2632e7d8bbc0b5567334fd6bb68604f	18011	spontaneous-speech-pne-18011.mp3	15840	1485	Inouk kek jakak langit tong daleh kah?	[cough] Owk jian keh. Yeng pun konak kesat seritak lak boken. Tong daleh amik, lalek terk. Kalik itouk yeng jiak, yeng sukat padui, yeng sukat manouk lumak, yeng sukat manouk adui, sukat sukat menuvu. Ineh daleh amik, sat.	1	fifties	male_masculine	Western Penan	train	11.679292929292927		False	0.2648401826484018	False	3.3510347372556994	0.04148606811145511	True
3a783f2ba60782823bab13f00d15057a	18316	spontaneous-speech-pne-18316.mp3	16596	1485	Inouk kek jakak langit tong daleh kah?	Jakak langit neh,pun eh terk dak..pun eh,pun eh terk,pun eh tagak..keh,ineh eh..duwah duwah eh tong,tateg neh tong inak,tong ayuk amik.. keh..	1			Western Penan	train	7.35116895637503		False	0.25899280575539574	False	4.544493281365751	0.7287925696594427	False
6daf5823a635cbefd29a368980768870	15258	spontaneous-speech-pne-15258.mp3	15876	1593	Konak ireh jau tonak ireh danag tong bengosak kah?	Owk, nebare- nebare amik. Buak amik manouk keh keh, buak amik tai kitei tai kitouk dan ireh rodu. Dan ireh lakeik peh keh. Buak lalek pojah, dei pun masalah amik gak bi bi. Keh ireh buak amik melakau.	1			Western Penan	train	10.267069790879315		False	0.23350253807106602	False	4.453002006615519	0.6811145510835913	False
916c4bf55dda885cb785b8e0342f30cb	15525	spontaneous-speech-pne-15525.mp3	21276	1593	Konak ireh jau tonak ireh danag tong bengosak kah?	Ireh petonak amik manouk [um] malat, ireh petonak amik manouk [um] keloput, ireh ma- [um] petonak amik manouk [um] polah, ngan ireh tonak amik manouk [um] belanyat. 	1	fourties	male_masculine	Western Penan	train	6.486181613085167		False	0.5	True			False
15813ed995d0a8f107309df7f9afa0d0	15583	spontaneous-speech-pne-15583.mp3	14760	1593	Konak ireh jau tonak ireh danag tong bengosak kah?	Ireh jau, pun ireh tonak ireh danaq tong daleh amik, jian. Yah mauk jian, jian. Yah sat, sat. Jiak ireh jau, pun ireh tonak ireh danaq tong daleh amik, tong inak amik. 	1	thirties	female_feminine	Western Penan	train	9.214092140921409		False	0.4606060606060606	False	3.333478013699324	0.034055727554179564	True
209c440297f7fce6c5e4fba0e913f9b8	16098	spontaneous-speech-pne-16098.mp3	16416	1593	Konak ireh jau tonak ireh danag tong bengosak kah?	Yah tenonak rah, berajan pekirak urip, pekirak adui, pekirak peguman, dei ulouk melauk. Ineh tenonak rah.	1			Western Penan	train	5.482456140350877		False	0.22549019607843135	False	4.438743160663703	0.6743034055727554	False
d010ca153b96a5ebfd09ba6a2e3e0cf4	16101	spontaneous-speech-pne-16101.mp3	16884	1593	Konak ireh jau tonak ireh danag tong bengosak kah?	Ireh barak, ireh kelunan tong [um] ineuk, bengosak semua bengosak amik ponan, sajak narak ireh sebelum amik tai melakau juk.	1	teens	male_masculine	Western Penan	train	6.218905472636815		False	0.12396694214876036	False	4.105186162814154	0.4792569659442725	True
38d1cf1c53c7826866b3ae7a6495b32f	16297	spontaneous-speech-pne-16297.mp3	16236	1593	Konak ireh jau tonak ireh danag tong bengosak kah?	Eh tonak, tonak memuket, tonak purip anaq, tonak purip rodu, amai meloku, tonak memuket, tonak ngejalak, tonak memitiq, tonak alek uvut, tonak paleuk, tonak menimeq, tonak melakau, ineh. 	1	twenties	male_masculine	Western Penan	train	9.793052475979303		False	0.42934782608695654	False	5.004570457925959	0.8792569659442725	False
46b095ac5602bd3bfdf0cc670842c77c	16387	spontaneous-speech-pne-16387.mp3	16488	1593	Konak ireh jau tonak ireh danag tong bengosak kah?	Ireh tonak ireh padui ireh tonak ireh manuek adui dey ireh yeng mojam padui dei ireh yeng mojam manuek adui manuek yah sukat rah 	1			Western Penan	train	6.368267831149927		False	0.4444444444444444	False	3.506856446238417	0.0934984520123839	True
75e882dda7e6942bcfa81c65ba9893a3	16467	spontaneous-speech-pne-16467.mp3	15012	1593	Konak ireh jau tonak ireh danag tong bengosak kah?	Ireh jau tonak ireh danak tong pengosak amik, yan ne ireh tonak ireh monouk arok, yan ne ireh tonak ireh manouk polah, yan ne ireh tonak ireh manouk lake, tonak ireh manouk lumak. Keh. 	1			Western Penan	train	10.058619770849988		False	0.478021978021978	True			False
15c3189343ecfed295e773c9a86db318	17266	spontaneous-speech-pne-17266.mp3	16740	1593	Konak ireh jau tonak ireh danag tong bengosak kah?	[um] tonak manyam beg,manyam kueh,[um] avik peh ireh lakeik,tonak manouk malat ineh..manouk selapang..[um]	1	twenties	female_feminine	Western Penan	train	5.615292712066905		False	0.1747572815533981	False	4.743775974341353	0.8037151702786378	False
06e91360c689ccdb3c48e8c51aac7b8c	17282	spontaneous-speech-pne-17282.mp3	21456	1593	Konak ireh jau tonak ireh danag tong bengosak kah?	Ireh jau tonak amik danag tong bengosak amik itouk supaya amik mauk tebare, mauk piak ireh yah jau jin amik. 	1	teens	female_feminine	Western Penan	train	4.148023862788963		False	0.16981132075471694	False	3.844374852232435	0.2854489164086687	True
660efcc153b8f1b83f0e7b7293a6739d	17526	spontaneous-speech-pne-17526.mp3	16056	1593	Konak ireh jau tonak ireh danag tong bengosak kah?	Ineh tonak dalem memuket, ngejalak, memitig, tai tiwet, tai tong tanak, memolah, ayuk arog, ayuk setiding. Inek tonak ireh ukun amik ngan ireh danag-ireh danag tong ume' amik, tong daleh amik.	1	teens	female_feminine	Western Penan	train	10.089686098654708		False	0.21693121693121697	False	4.202063459156728	0.5461300309597523	True
d03d164e3a037c9462bb3b7801263813	17977	spontaneous-speech-pne-17977.mp3	22932	1593	Konak ireh jau tonak ireh danag tong bengosak kah?	ireh tonak gaya ireh,tonak adet ireh,tonak [um] gaya gaya urip ireh,keh gaya ireh mukun sau,keh gaya ireh anag sau..keh penonak tinen tamen ireh ngan bengosak urip ulouk lak itouk	1	twenties	female_feminine	Western Penan	train	6.584685156113727		True	0.2954545454545454	False			False
59015be0ab1203af375a4af4b86c43d5	17979	spontaneous-speech-pne-17979.mp3	15912	1593	Konak ireh jau tonak ireh danag tong bengosak kah?	tenonak ireh,tebarek ireh,nanouk ireh,tenobai ireh,tai monyun ka,nanouk jin toki ka,nanouk ireh..inouk yah pengesat inouk yah nateng ineh,narak ireh inouk tenuju tong piak anouk ireh,piak ireh manouk,piak ireh nebarek	1			Western Penan	train	11.940673705379588		False	0.3691588785046729	False	4.678371171522068	0.778328173374613	False
a2632e7d8bbc0b5567334fd6bb68604f	17994	spontaneous-speech-pne-17994.mp3	16596	1593	Konak ireh jau tonak ireh danag tong bengosak kah?	Owk, tenonak ireh, nin ireh tong tanak, ale eh mojam padui, ale eh mojam manouk nangah, ale mojam palouk, ale mojam mengasouk, ale mojam menimeg. Ineh sukat murip, ineh sukat min anag min rodu neh murip.	1	fifties	male_masculine	Western Penan	train	10.122921185827911		False	0.31999999999999995	False	4.667123357331826	0.7770897832817337	False
3a783f2ba60782823bab13f00d15057a	18298	spontaneous-speech-pne-18298.mp3	17532	1593	Konak ireh jau tonak ireh danag tong bengosak kah?	Owk konak,adui, konak ineh..yeng konak adui ulouk berajan sekulah ineh..konak ireh pani ngan amik,ayuk ireh pani neh,yeng piak ulouk ponan itouk ayuk ireh pani..ayuk ireh nebarek,ayuk ireh barak ngan amik niah eh puh eh nalek .	1			Western Penan	train	10.951403148528405		False	0.3169642857142857	False	3.5127491862621554	0.09597523219814241	True
6daf5823a635cbefd29a368980768870	15224	spontaneous-speech-pne-15224.mp3	15660	1579	Sik kelunan tong tv koluk tan kah?	Akouk koluk nat Lisa, Jennie, Jisoo, [unclear] Angga Yunanda, Verrell Bramasta. Ineh lah ireh kelunan koluk tan kik tong tv, eh tan kik mah.	1			Western Penan	train	7.471264367816092		False	0.08759124087591241	False	4.358781016259939	0.638390092879257	False
15813ed995d0a8f107309df7f9afa0d0	15460	spontaneous-speech-pne-15460.mp3	11376	1579	Sik kelunan tong tv koluk tan kah?	yeng pun kelunan koluk tan tong tv,yeng akouk koluk menat ireh,sat bi neh menat ireh,yeng pun ireh jian,lek akouk menat ireh tong tv 	1	thirties	female_feminine	Western Penan	train	9.669479606188467		True	0.3384615384615385	False			False
209aab5184d892f83f2f6491b90f4867	15508	spontaneous-speech-pne-15508.mp3	22032	1579	Sik kelunan tong tv koluk tan kah?	Kelunan eh tong tv koluk tan amik ; ireh neh penyanyi ineh, ireh manouk lagu [unclear] Ireh ineh koluk tan. Pun bi kek yah konak tog seritak seritak jah keluak, koluk peh nat ineh, koluk peh bukak yah ineh. Keh.	1			Western Penan	train	7.806826434277415		True	0.22115384615384615	False			False
d010ca153b96a5ebfd09ba6a2e3e0cf4	16110	spontaneous-speech-pne-16110.mp3	16668	1579	Sik kelunan tong tv koluk tan kah?	[unclear] keh neh piak tog ireh bi show show tong tv, eh ineh eh koluk tan kik tong tv	1	teens	male_masculine	Western Penan	train	4.079673626109911		False	0.1325301204819277	False	3.5446979440459176	0.11455108359133127	True
46b095ac5602bd3bfdf0cc670842c77c	16280	spontaneous-speech-pne-16280.mp3	14076	1579	Sik kelunan tong tv koluk tan kah?	Pinek kelunan tong tv tong ader tan amik. Yeng amik mojam barak, pinek ireh koluk amik nat. Pinek ireh koluk amik menat tong ader.	1			Western Penan	train	7.6015913611821535		False	0.2992125984251969	False	3.5256826969297186	0.1021671826625387	True
209c440297f7fce6c5e4fba0e913f9b8	16353	spontaneous-speech-pne-16353.mp3	9108	1579	Sik kelunan tong tv koluk tan kah?	kelunan tong tv yah koluk tan amik,semuah yah koluk tan amik..ineh amik tan tv	1			Western Penan	train	7.136583223539745		True	0.29333333333333333	False			False
75e882dda7e6942bcfa81c65ba9893a3	16406	spontaneous-speech-pne-16406.mp3	15876	1579	Sik kelunan tong tv koluk tan kah?	Kelunan tong tv yah koluk tan kik, yan neh Angelina Jolie, yan neh Brad Pitt. Dan neh artis Idun dak, yah neh Jefri Nichol, yan neh [um] Chelsea Olivia.	1			Western Penan	train	7.81053162005543		False	0.1610738255033557	False	4.496579365338772	0.7071207430340557	False
38d1cf1c53c7826866b3ae7a6495b32f	16420	spontaneous-speech-pne-16420.mp3	17100	1579	Sik kelunan tong tv koluk tan kah?	Sik sik pun tong tv ineh,memang amik itouk koluk nat..Jiak nat..yah de'kuk ulouk nat..kalau ulouk yeng koluk nat,yeng ulouk nat..dan pun kelunan yah yeng koluk tan ulouk tong tv ineh,yeng ulouk nat tv ineh.Teranak ulouk nat,ulouk koluk nat kelunan ineh, yeng mojam sik sik ngaran 	1	twenties	male_masculine	Western Penan	train	13.74269005847953		False	0.4223826714801444	False	3.4853641529335104	0.08359133126934984	True
15c3189343ecfed295e773c9a86db318	17364	spontaneous-speech-pne-17364.mp3	15048	1579	Sik kelunan tong tv koluk tan kah?	Yah- yah koluk tan amik, cotohlah amik koluk menat Ponan. amik koluk menat lobuk yah pun gaya urip mareng, gaya urip pengawu.	1	twenties	female_feminine	Western Penan	train	6.911217437533227		False	0.25409836065573765	False	4.5496282756470965	0.730030959752322	False
06e91360c689ccdb3c48e8c51aac7b8c	17595	spontaneous-speech-pne-17595.mp3	18612	1579	Sik kelunan tong tv koluk tan kah?	Kelunan konak tog ireh lobuk yah eh jiak jiak nat. Yah eh konak tog ireh lakeik, ireh rodu yah jiak nat, ineh bi yah koluk amik. Yah eh lalek lalek koluk tan lah.	1	teens	female_feminine	Western Penan	train	6.984741027294218		False	0.3207547169811321	False	3.359738775676623	0.04396284829721362	True
660efcc153b8f1b83f0e7b7293a6739d	17671	spontaneous-speech-pne-17671.mp3	15876	1579	Sik kelunan tong tv koluk tan kah?	Akuek koluk nat rome akuek koluk nat bruno, pinek ireh koluk tan neh ayuk neh yeng jiak tan amik tong tv semua ireh tong tv koluk tan amik ineh tuek 	1	teens	female_feminine	Western Penan	train	7.495590828924162		False	0.32191780821917804	False	3.5822901085479644	0.1368421052631579	True
d03d164e3a037c9462bb3b7801263813	17883	spontaneous-speech-pne-17883.mp3	17244	1579	Sik kelunan tong tv koluk tan kah?	Shah Rukh, Buhi, Pretty, Enjely, Rani, Pretty, Sulaiman, Govinda, Katrina keh eh..ineh ngaran..	1	twenties	female_feminine	Western Penan	train	4.813268383205753		False	0.08695652173913049	False	6.974550345445642	0.9944272445820433	False
a2632e7d8bbc0b5567334fd6bb68604f	17902	spontaneous-speech-pne-17902.mp3	16416	1579	Sik kelunan tong tv koluk tan kah?	Dan akeuk, yeng pun yah koluk tan kik, dan neh tv tamen tinen kik..bengosak kik, asen kik,puk kik, ineh akouk koluk nat..teranak ade lobuk, yeng akouk koluk nat..bareng akouk mojam roti,inouk ade nanouk rah ineh..keh.	1	fifties	male_masculine	Western Penan	train	11.14766081871345		False	0.2570093457943925	False	3.806857440025794	0.2606811145510836	True
59015be0ab1203af375a4af4b86c43d5	17913	spontaneous-speech-pne-17913.mp3	21168	1579	Sik kelunan tong tv koluk tan kah?	Dan ireh,yeng akouk mojam sik koluk tan ireh,sik koluk ireh menat..dan akouk sedirik,akouk koluk nat ireh rodu rodu yah jiak menat,ngan pengitang,ngan pakaian ngan batung neh ineh..walaupun akouk rodu,akouk yeng koluk lalek nat ireh lakeik,akouk nat ireh rodu yah jian pengitang	1			Western Penan	train	11.243386243386244		False	0.3745454545454545	False	3.7522165388464535	0.23405572755417955	True
3a783f2ba60782823bab13f00d15057a	18330	spontaneous-speech-pne-18330.mp3	16668	1579	Sik kelunan tong tv koluk tan kah?	Ineh Shah Rukh Khan neh,koluk tan kik tong tv,du'kuk Shah Rukh Khan itouk ineh,jiak..ireh,erei..malak ulouk nat,meriyet ulouk nat, du'kuk neh bawai,du'kuk neh muat du'kuk jiak du'kuk neh megang du'kuk neh jiak lah..Jiak Shah Rukh Khan	1			Western Penan	train	11.999040076793856		False	0.35064935064935066	False	4.094645642682531	0.4724458204334365	True
209aab5184d892f83f2f6491b90f4867	15195	spontaneous-speech-pne-15195.mp3	18432	1590	Sik kelunan yah lakin ngan jau rongah tong daleh kah?	[ah] Inen neh kelunan lalek mauk, lalek nyelit [unclear]. kelunan jau tai tong adui, tong keroja ; yan neh ineh. Tapik ineh eh, yah lalek min piak yah lalek min adet ineh ineh. Keh ineh.	1			Western Penan	train	8.246527777777777		False	0.27322404371584696	False	4.249611751703822	0.5752321981424149	True
6daf5823a635cbefd29a368980768870	15307	spontaneous-speech-pne-15307.mp3	15804	1590	Sik kelunan yah lakin ngan jau rongah tong daleh kah?	Yeng pun yah pun rongah jau, rongah erei ineh ngan amik. Rongah lakin, rongau jau ; yeng pun. Kuak ineh, kuak [um] pekuak rak. Yeng pun amik pun yah bawai, yeng pun amik pun eh lobih. Kuak ineh.	1			Western Penan	train	9.934193874968363		False	0.32984293193717273	False	4.424852464505354	0.6705882352941176	False
15813ed995d0a8f107309df7f9afa0d0	15331	spontaneous-speech-pne-15331.mp3	13788	1590	Sik kelunan yah lakin ngan jau rongah tong daleh kah?	Kelunan yah lakin,yah jau rongah tong daleh,jah lakeik kik..lakeik kik dalem adui,lakeik kik dalem lakau,lakeik kik dalem menimerk,lakeik kik dalem tong tanak..	1	thirties	female_feminine	Western Penan	train	10.081230055120397		False	0.3885350318471338	False	4.0064684934111545	0.4148606811145511	True
916c4bf55dda885cb785b8e0342f30cb	15442	spontaneous-speech-pne-15442.mp3	18936	1590	Sik kelunan yah lakin ngan jau rongah tong daleh kah?	Kelunan lakin ngan jau rongah tong daleh amik yah bawai sekulah ngan bawai pengojam nah avik peh pangkat nah tai avik penghulu ngan ketua ume'.	1	fourties	male_masculine	Western Penan	train	6.284326151246304		False	0.1428571428571429	False	5.142755557326935	0.9058823529411765	False
d010ca153b96a5ebfd09ba6a2e3e0cf4	16012	spontaneous-speech-pne-16012.mp3	16092	1590	Sik kelunan yah lakin ngan jau rongah tong daleh kah?	Rongah ireh...ireh lakin kurah ineh..yah neh ireh alek mabui,alek ujau yah kinan konak towk payau,mabui, larak..ineh..	1	teens	male_masculine	Western Penan	train	6.400695998011435		False	0.13913043478260867	False	5.073905404097745	0.8904024767801858	False
209c440297f7fce6c5e4fba0e913f9b8	16244	spontaneous-speech-pne-16244.mp3	12636	1590	Sik kelunan yah lakin ngan jau rongah tong daleh kah?	Yah bagik akouk, akouk mojam lah, pon sajak pon. [Unclear] yah atek lan ne. 	1			Western Penan	train	4.906616017727129		False	0.0547945205479452	False	3.875354649455215	0.3065015479876161	True
46b095ac5602bd3bfdf0cc670842c77c	16250	spontaneous-speech-pne-16250.mp3	15588	1590	Sik kelunan yah lakin ngan jau rongah tong daleh kah?	Sumak kelunan maren, sumak kelunan jau tue neh yah lakin ney yah tong daleh amik. Yeng pun kelunan boken.	1			Western Penan	train	5.581216320246343		False	0.17647058823529416	False	3.9127936505425542	0.334984520123839	True
38d1cf1c53c7826866b3ae7a6495b32f	16314	spontaneous-speech-pne-16314.mp3	16020	1590	Sik kelunan yah lakin ngan jau rongah tong daleh kah?	Pinek [unclear] ireh lakin tong daleh amik itouk ; lakeik Ngau, [um] Tului,[um] pinek lah lakeik Sigum. Pinek pinek lah lobih neh ngaran ireh sau yah sumak keningat kik ineh ireh lakin tong daleh kik itouk.	1	twenties	male_masculine	Western Penan	train	10.674157303370787		False	0.270935960591133	False	4.2373679376759705	0.5684210526315789	True
75e882dda7e6942bcfa81c65ba9893a3	16596	spontaneous-speech-pne-16596.mp3	18468	1590	Sik kelunan yah lakin ngan jau rongah tong daleh kah?	kelunan yah lakin,yah jau rongah neh tong daleh amik,yan neh tamen kik sedirik..du'kuk lalek mojam pani,du'kuk neh lalek piten pani,du'kuk lalek mojam maton kelunan tong daleh amik.	1			Western Penan	train	8.392895819796404		False	0.3089887640449438	False	3.5423204384452527	0.11331269349845201	True
660efcc153b8f1b83f0e7b7293a6739d	17207	spontaneous-speech-pne-17207.mp3	16488	1590	Sik kelunan yah lakin ngan jau rongah tong daleh kah?	Latek sagak, petarek, mengase, ireh ngetarui ireh pesinuy ineh koluk tan kik	1	teens	female_feminine	Western Penan	train	3.942261038330908		False	0.0547945205479452	False	5.147161463417811	0.9071207430340558	False
06e91360c689ccdb3c48e8c51aac7b8c	17335	spontaneous-speech-pne-17335.mp3	17640	1590	Sik kelunan yah lakin ngan jau rongah tong daleh kah?	Dalem kirak kik, yeng akouk mojam inouk bi yah eh ineh, yah eh lakin, yah jau rongah tong daleh amik. 	1	teens	female_feminine	Western Penan	train	4.648526077097506		False	0.09090909090909094	False	3.632086753522808	0.15913312693498452	True
a2632e7d8bbc0b5567334fd6bb68604f	17872	spontaneous-speech-pne-17872.mp3	16416	1590	Sik kelunan yah lakin ngan jau rongah tong daleh kah?	Owk tatah kelunan sau yah lakin, sukup piak ireh barak lakin..dalem urip ulouk langit itouk, semua yah lakin,sukat alek payau alek mabui,semua eh juk koluk lakin,sukat alek urip..monak keluarga monak anag..	1	fifties	male_masculine	Western Penan	train	10.721247563352826		False	0.2068965517241379	False	4.620426145252748	0.7578947368421053	False
d03d164e3a037c9462bb3b7801263813	17933	spontaneous-speech-pne-17933.mp3	24300	1590	Sik kelunan yah lakin ngan jau rongah tong daleh kah?	Ye pun kelunan yah eh makang, ye pun kelunan yah muat tong daleh tong inak amik. Samak-samak uleuk kelunan yeng pun uleuk yah mok- muat, yah eh lakin, yah eh jau selain neh tuak kapong uleuk selain neh pengojau uleuk tong umek uleuk tong daleh uleuk.	1	twenties	female_feminine	Western Penan	train	8.436213991769547		True	0.368421052631579	False			False
59015be0ab1203af375a4af4b86c43d5	17976	spontaneous-speech-pne-17976.mp3	14976	1590	Sik kelunan yah lakin ngan jau rongah tong daleh kah?	kelunan yah lakin ngan jau rongah tong daleh amik,eh tong urip kik itouk ineh,jah mukun topun keik,Lakeik Kuit yah eh peronah menyapik tong daleh daleh.	1			Western Penan	train	8.547008547008547		False	0.13422818791946312	False	4.1338302899395325	0.49597523219814244	True
3a783f2ba60782823bab13f00d15057a	18229	spontaneous-speech-pne-18229.mp3	16848	1590	Sik kelunan yah lakin ngan jau rongah tong daleh kah?	pun.. ireh mukun,muat,megang,mesigah ireh,ayuk gang ayuk wat ireh neh dan konak ireh topun ulouk sau,yeng tajak mesigah ireh,muat ireh,megang ireh..bareng ireh konak da itouk ineh	1			Western Penan	train	9.199905033238368		False	0.2670454545454546	False	4.913947447285947	0.8594427244582044	False
15813ed995d0a8f107309df7f9afa0d0	15182	spontaneous-speech-pne-15182.mp3	11736	1562	Konak penganouk kuk maseg kredit tong pon kuk?	Yeng monyerk numon yah pongah nanouk ireh tong pon ineh. Ineh eh nonyerk ulouk, nojem ulouk. Keh.	1	thirties	female_feminine	Western Penan	train	6.901840490797546		True	0.08510638297872342	False			False
6daf5823a635cbefd29a368980768870	15370	spontaneous-speech-pne-15370.mp3	15480	1562	Konak penganouk kuk maseg kredit tong pon kuk?	Yeng pun konak penganuk konak oluek manuek oleuk masek kredit konak tong pon oleuk eh ituek ineh yeng pun konak penganuk atek konak oleuk ineh keh ineh	1			Western Penan	train	8.074935400516795		False	0.3783783783783784	False	4.533294265028451	0.7201238390092879	False
209aab5184d892f83f2f6491b90f4867	15687	spontaneous-speech-pne-15687.mp3	20016	1562	Konak penganouk kuk maseg kredit tong pon kuk?	Bukak wasap ineh, monyerk numon.  Numon kredit ineh. Pongah monyerk numon, ineh ulouk call [unclear] maseg neh kredit ineh. sukat ulouk pakey, sukat ulouk ayuk.	1			Western Penan	train	6.744604316546762		False	0.26751592356687903	False	4.585920145383239	0.7455108359133127	False
38d1cf1c53c7826866b3ae7a6495b32f	15769	spontaneous-speech-pne-15769.mp3	18000	1562	Konak penganouk kuk maseg kredit tong pon kuk?	Ineh biasa, kalau neh digi butang jah duah tolouk pongah..pongah nouk kik, masek kredit tong pon..yah kojam kik..ineh cara neh kojam kik..yeng pun boken jin ineh ..	1	twenties	male_masculine	Western Penan	train	7.666666666666667		False	0.1428571428571429	False	4.2571875372091075	0.5839009287925696	True
d010ca153b96a5ebfd09ba6a2e3e0cf4	16092	spontaneous-speech-pne-16092.mp3	15948	1562	Konak penganouk kuk maseg kredit tong pon kuk?	biasa tuwerk akouk masek dalem neh,bitang jah duwah tolouk,bitang..tau ineh,masek numon kredit ineh..pongah nasek numon neh,pagar kobi neh.Tawu ineh kok hantar eh..ineh.	1	teens	male_masculine	Western Penan	train	9.28016052169551		False	0.1686746987951807	False	6.11978405745509	0.9839009287925696	False
46b095ac5602bd3bfdf0cc670842c77c	16324	spontaneous-speech-pne-16324.mp3	18576	1562	Konak penganouk kuk maseg kredit tong pon kuk?	Petonak ngan lobuk, petonak ngan bakeh ineh ayuk masek numon ineh tong pon, keh amik adet, keh gaya amik petonak amik monen ineh dukuk amik mojam	1			Western Penan	train	6.459948320413437		False	0.27464788732394363	False	4.269032055025737	0.5888544891640867	True
209c440297f7fce6c5e4fba0e913f9b8	16368	spontaneous-speech-pne-16368.mp3	12780	1562	Konak penganouk kuk maseg kredit tong pon kuk?	Akouk maseg kredit tong pon kik, senokai kik mauk numon yah narak rah. Kurek numon neh, akouk mauk ineh.	1			Western Penan	train	6.729264475743348		False	0.13861386138613863	False	4.786274809390539	0.8222910216718267	False
75e882dda7e6942bcfa81c65ba9893a3	16380	spontaneous-speech-pne-16380.mp3	15012	1562	Konak penganouk kuk maseg kredit tong pon kuk?	Yah..bareng konak teranak neh..dan kik larui pun bank online,yeng manouk jin bank online ineh akouk..keh..dan kik juk jin line,yeng manouk..yeng memolek akouk..	1			Western Penan	train	9.25925925925926		False	0.30573248407643316	False	4.214019763387652	0.551702786377709	True
660efcc153b8f1b83f0e7b7293a6739d	17238	spontaneous-speech-pne-17238.mp3	16200	1562	Konak penganouk kuk maseg kredit tong pon kuk?	maseg keredit ineh, dan kik mojam ; bik nengayet akouk manouk. Atau peh dan kik yeng mojam, dan kik yeng sukat manouk, ireh bakeh kik suk kik manouk, ireh padik kik, ireh kelunan kik.	1	teens	female_feminine	Western Penan	train	9.25925925925926		False	0.30000000000000004	False	3.759043355779227	0.2390092879256966	True
15c3189343ecfed295e773c9a86db318	17585	spontaneous-speech-pne-17585.mp3	16056	1562	Konak penganouk kuk maseg kredit tong pon kuk?	Akuek manuek sebarang yeng akuek mojam ineuk-inuek dukuk akuek yeng perotei ineh akuek juk manuek ayuk utek ayuk piken kik sendirik akuek yeng mojam ineuk manuek kabah ngatei yeng akuek mojam ineuk eh nanouk eh sineh. 	1	twenties	female_feminine	Western Penan	train	11.33532635774788		False	0.38139534883720927	False	4.6990537349942105	0.7845201238390093	False
06e91360c689ccdb3c48e8c51aac7b8c	17681	spontaneous-speech-pne-17681.mp3	17496	1562	Konak penganouk kuk maseg kredit tong pon kuk?	Masek kredit tong pon, masek tuwerk..yeng pun inouk inouk,sumak masek kredit tuwerk..yeng pun masek inouk inouk la,nasek ulouk, mojem yah pon erei ayuk masek kredit..	1	teens	female_feminine	Western Penan	train	8.116140832190215		False	0.38650306748466257	False	4.2405256237849525	0.5702786377708978	True
a2632e7d8bbc0b5567334fd6bb68604f	17721	spontaneous-speech-pne-17721.mp3	16236	1562	Konak penganouk kuk maseg kredit tong pon kuk?	owk..akouk peh yeng mojam,pun peh akouk mongen pon,mutouk ngan ireh anag keik,mutouk ireh padik keik,akouk peh yeng berapa mojam ngan akouk peh yeng pun sekulah,akouk peh yeng pun pon,yah ayuk kik,ji neh akouk yeng berapa mojam	1	fifties	male_masculine	Western Penan	train	11.825572801182556		False	0.4107142857142857	False	3.343932952880336	0.038390092879256967	True
d03d164e3a037c9462bb3b7801263813	17825	spontaneous-speech-pne-17825.mp3	17856	1562	Konak penganouk kuk maseg kredit tong pon kuk?	Yeng oluek mojam maksud eh pake gaya lobuk puk lobuk manouk tan oluek ineh nauk oleuk ineh tan oluek ineh tergayak oluek yeng konak pegojam oluek manouk eh, masek eh	1	twenties	female_feminine	Western Penan	train	7.616487455197132		False	0.2901234567901234	False	6.522551843695193	0.9888544891640867	False
59015be0ab1203af375a4af4b86c43d5	17964	spontaneous-speech-pne-17964.mp3	15768	1562	Konak penganouk kuk maseg kredit tong pon kuk?	Penganeuk kik maseg kredit tong pon kik ineh,kebukak kik pon kik ineh,penurip kik  pon kik ineh,naseg kik pin ayuk maseg kredit ineh,ineh akeuk maseg lumon kredit.Keh adui kik paseg kredit tong pon.	1			Western Penan	train	10.527650938609842		False	0.4307692307692308	False	4.572969240856843	0.7417956656346749	False
3a783f2ba60782823bab13f00d15057a	18271	spontaneous-speech-pne-18271.mp3	17316	1562	Konak penganouk kuk maseg kredit tong pon kuk?	Penganouk kik masek kredit ineh ..konak ulouk memolek kredit dan tong..inouk ngaran neh..tong kodey..ineh ulouk mobet erei..tulan ineh ayuk ulouk.. atep ineh..ineh ulouk pepasek eh kelak eh tumu tumu	1			Western Penan	train	9.875259875259877		False	0.23469387755102045	False	4.234757309749414	0.5659442724458205	True
6daf5823a635cbefd29a368980768870	15243	spontaneous-speech-pne-15243.mp3	15516	1524	Konak pokat tinen tamen ngan guruk tong joh nebare ireh anag sekulah?	Owk, konak. Yeng tebare ireh loh kek amik awu ineh. Buak amik manouk gaya sat, adet sat, piak sat, mematai kelunan, manouk kelunan. Ineh bi buak ireh ngan amik dei mojam ireh pongah mojam ireh guruk ineh nebare amik.	1			Western Penan	train	11.472028873420983		False	0.22535211267605637	False	4.401348517084481	0.6619195046439629	False
916c4bf55dda885cb785b8e0342f30cb	15388	spontaneous-speech-pne-15388.mp3	18468	1524	Konak pokat tinen tamen ngan guruk tong joh nebare ireh anag sekulah?	Tamen tinen menyuk guruk, [unclear] guruk, [um] monak [um] penguat ngan ireh anaq sekulah ayuk ireh lan lan maneuk ngan sekulah ineh avik pe ireh sukat tai bawai, awu. 	1	fourties	male_masculine	Western Penan	train	7.52653238033355		False	0.17575757575757578	False	4.174199029948105	0.5256965944272446	True
15813ed995d0a8f107309df7f9afa0d0	15503	spontaneous-speech-pne-15503.mp3	20808	1524	Konak pokat tinen tamen ngan guruk tong joh nebare ireh anag sekulah?	Petipun,mopeng tinen tamen,mopeng anak.. ayuk nebarek ,ayuk maneuk piak .Ineh tebarek jian dalem sekulah..mopeng tinen tamen ,guru ineh ayuk maneuk piak ngan tinen tamen ineh. 	1	thirties	female_feminine	Western Penan	train	7.25682429834679		False	0.3179190751445087	False	4.253833287155897	0.578328173374613	True
209aab5184d892f83f2f6491b90f4867	15679	spontaneous-speech-pne-15679.mp3	17316	1524	Konak pokat tinen tamen ngan guruk tong joh nebare ireh anag sekulah?	[unclear] rajin sekulah, amai mobet sekulah, amai mobet berajan. Yeng keh. Tinen tamen avik ireh guruk, pokat, barak. Keh	1			Western Penan	train	5.948255948255949		False	0.15254237288135597	False	4.076720694718155	0.46068111455108357	True
38d1cf1c53c7826866b3ae7a6495b32f	15730	spontaneous-speech-pne-15730.mp3	16776	1524	Konak pokat tinen tamen ngan guruk tong joh nebare ireh anag sekulah?	Menyuk lah,menyuk tai sekulah,nebarek,menyuk tai sekulah,menyuk amai yeng tai sekulah sebab..sekulah itouk urip ulouk, [um] dalem pengurip ulouk,yah paling ayuk ulouk murip adalah sekulah..	1	twenties	male_masculine	Western Penan	train	9.89508822126848		False	0.3548387096774194	False	3.9543939568588127	0.37089783281733746	True
d010ca153b96a5ebfd09ba6a2e3e0cf4	15807	spontaneous-speech-pne-15807.mp3	17208	1524	Konak pokat tinen tamen ngan guruk tong joh nebare ireh anag sekulah?	Ireh buak amik meloku sekulah buak ponteng ireh menyuek amik sekulah ayuk amik mojam	1	teens	male_masculine	Western Penan	train	4.125987912598791		False	0.24691358024691357	False	4.279780671453483	0.5969040247678019	True
209c440297f7fce6c5e4fba0e913f9b8	16268	spontaneous-speech-pne-16268.mp3	11880	1524	Konak pokat tinen tamen ngan guruk tong joh nebare ireh anag sekulah?	Pokat tinen tamen ngan guruk, samak konep, samak piken. Menyuk anag muat menyuk anag pogeng tai rauk sekulah.	1			Western Penan	train	7.744107744107744		True	0.12264150943396224	False			False
46b095ac5602bd3bfdf0cc670842c77c	16299	spontaneous-speech-pne-16299.mp3	16236	1524	Konak pokat tinen tamen ngan guruk tong joh nebare ireh anag sekulah?	[sniff] Amik pokat, amik petobai, amik petavik, amik popeng. Ayuk amik jiak pani, ayuk amik jiak pebarak. Ineh pokat amik.	1			Western Penan	train	6.343927075634393		False	0.31092436974789917	False	3.6193044035250233	0.15479876160990713	True
75e882dda7e6942bcfa81c65ba9893a3	16601	spontaneous-speech-pne-16601.mp3	14616	1524	Konak pokat tinen tamen ngan guruk tong joh nebare ireh anag sekulah?	Pokat tinen tamen ngan guruk dalem nebale- [um] nebare anag sekulah yan neh menyuk ireh berajan, yah neh petojin ireh, yan neh ngemuat konep ireh dalem berajan ireh.	1			Western Penan	train	9.441707717569786		False	0.1728395061728395	False	4.201942259150769	0.5455108359133127	True
15c3189343ecfed295e773c9a86db318	17237	spontaneous-speech-pne-17237.mp3	17136	1524	Konak pokat tinen tamen ngan guruk tong joh nebare ireh anag sekulah?	Keh, tinen tamen kik bi koluk menat anag yah pun sekulah,yah koluk sekulah,avik yah pongah lobo sekulah..ineh, avik yah pongah bi pom lomah..	1	twenties	female_feminine	Western Penan	train	6.944444444444445		False	0.2536231884057971	False	4.046155477384378	0.44024767801857584	True
06e91360c689ccdb3c48e8c51aac7b8c	17477	spontaneous-speech-pne-17477.mp3	21348	1524	Konak pokat tinen tamen ngan guruk tong joh nebare ireh anag sekulah?	Pun ireh tinen, avik tamen amik sau..sekulah ate ineh,pun.. erei..sigu barak ngan ireh ka,inouk tebarek,inouk yah narak ireh ngan tinen tamen amik.. 	1	teens	female_feminine	Western Penan	train	5.949035038411092		False	0.18493150684931503	False	3.9824402979443847	0.39628482972136225	True
660efcc153b8f1b83f0e7b7293a6739d	17516	spontaneous-speech-pne-17516.mp3	15948	1524	Konak pokat tinen tamen ngan guruk tong joh nebare ireh anag sekulah?	Menangen pun konep yah bawai, menangen juk mauk yah itei, juk mauk yah itouk. Juk koluk keh, juk koluk mojam, juk koluk muat memiken dalem sekulah. 	1	teens	female_feminine	Western Penan	train	7.64986205166792		False	0.2827586206896552	False	4.651442454540059	0.7715170278637771	False
660efcc153b8f1b83f0e7b7293a6739d	17516	spontaneous-speech-pne-17516.mp3	15948	1524	Konak pokat tinen tamen ngan guruk tong joh nebare ireh anag sekulah?	Menangen pun konep yah bawai,menangen juk mauk yah etey..juk mauk yah itouk..juk koluk keh,juk koluk mojam,juk koluk muat piken dalem sekulah.	1	teens	female_feminine	Western Penan	train	7.64986205166792		False	0.27338129496402874	False	4.52007843273272	0.7157894736842105	False
d03d164e3a037c9462bb3b7801263813	17688	spontaneous-speech-pne-17688.mp3	22428	1524	Konak pokat tinen tamen ngan guruk tong joh nebare ireh anag sekulah?	Pokat guruk, tinen tamen, jah pokat ireh pokat supaya ireh mengajan anag jian jian, supaya ireh nebare anag jian jian. dalem sekulah ireh, dalem berajan ireh supaya ireh mojam, supaya ireh peroti dalem sekulah ireh, dalem berajan ireh. Ineh pokat guruk.	1	twenties	female_feminine	Western Penan	train	9.497057249866238		True	0.45999999999999996	False			False
a2632e7d8bbc0b5567334fd6bb68604f	17841	spontaneous-speech-pne-17841.mp3	16668	1524	Konak pokat tinen tamen ngan guruk tong joh nebare ireh anag sekulah?	Owk pun tinen tamen juk pokat ngan guruk ataupun tinen tamen juk monak anag  sekulah alek anag mojam tinen tamen peh pun juk miepi nyekulah anag supaya ireh berjaya samak ngan anag boken 	1	fifties	male_masculine	Western Penan	train	9.1792656587473		False	0.28260869565217395	False	5.078125018309952	0.8922600619195047	False
59015be0ab1203af375a4af4b86c43d5	17958	spontaneous-speech-pne-17958.mp3	17028	1524	Konak pokat tinen tamen ngan guruk tong joh nebare ireh anag sekulah?	Pokat ireh, menyuk memorah menyuk mukum dan pun anag ireh pun ayam ireh yah sat pani. Yah sat tebare. Ineh pokat tinen tamen ngan ireh sigu.	1			Western Penan	train	6.7535823349776845		False	0.18248175182481752	False	5.693793038559531	0.9721362229102167	False
3a783f2ba60782823bab13f00d15057a	18159	spontaneous-speech-pne-18159.mp3	18756	1524	Konak pokat tinen tamen ngan guruk tong joh nebare ireh anag sekulah?	Jah tuerk [um] piak tinen tamen, guru itouk..ireh juk koluk..manouk,inouk ngaran neh..ireh juk koluk sekulah lan lan,sekulah pah kobi..amai,amai sekalik ngelopan sebayang..	1			Western Penan	train	8.050757091064193		False	0.14201183431952658	False	4.6938609677019265	0.7820433436532508	False
3a783f2ba60782823bab13f00d15057a	18159	spontaneous-speech-pne-18159.mp3	18756	1524	Konak pokat tinen tamen ngan guruk tong joh nebare ireh anag sekulah?	Jah tue piak [um] tinen, tamen, guruk itouk, ireh juk koluk manouk inouk ngaran neh- ireh juk koluk sekulah lan lan, sekulah pah kobi. Amai sekalik ngelopan sebayang.	1			Western Penan	train	7.410961825549157		False	0.1595092024539877	False	4.96860733104644	0.8724458204334365	False
15813ed995d0a8f107309df7f9afa0d0	15172	spontaneous-speech-pne-15172.mp3	11448	1511	Inouk yah nanouk kuk ayuk batung kuk paget mageh?	Akuek tai tong kobun tai manuek tangoh tai manuek lumak ayuk jagak setan jagak batung setang sat magih	1			Western Penan	train	7.424877707896575		True	0.23232323232323238	False			False
6daf5823a635cbefd29a368980768870	15424	spontaneous-speech-pne-15424.mp3	15660	1511	Inouk yah nanouk kuk ayuk batung kuk paget mageh?	Konak ulouk tumu,kalau ulouk tumu erei, yeng pun konak konak penganewk kik manouk batung kik pu'kuk neh paget mageh,paget jiak..konak ulouk tai mengase dawai dawai,konak ireh lobuk erei..konak ineh tuwerk amik manouk batung amik..	1			Western Penan	train	12.579821200510857		False	0.27312775330396477	False	3.686437932387318	0.19690402476780186	True
209c440297f7fce6c5e4fba0e913f9b8	15872	spontaneous-speech-pne-15872.mp3	16848	1511	Inouk yah nanouk kuk ayuk batung kuk paget mageh?	Yah nanouk kik, ayuk wat kik. Yah mah eh sukat nanouk kik padui. Emah tue yah dalem sukat akouk manouk.	1			Western Penan	train	4.985754985754986		False	0.18000000000000005	False	3.9188831318429065	0.3430340557275542	True
46b095ac5602bd3bfdf0cc670842c77c	16034	spontaneous-speech-pne-16034.mp3	23940	1511	Inouk yah nanouk kuk ayuk batung kuk paget mageh?	Ayuk paget mageh ayuk paget jiak batung, pogeng padui pogeng musit saner, pogeng tai melakau tong tanak. Dekuk gaya, dekuk ayuk, dekuk jiak batung.	1			Western Penan	train	5.179615705931496		True	0.26388888888888884	False			False
38d1cf1c53c7826866b3ae7a6495b32f	16041	spontaneous-speech-pne-16041.mp3	19296	1511	Inouk yah nanouk kuk ayuk batung kuk paget mageh?	Yeng pun boken, kuman. Keh. Amai melauk, kuman lah. Amai lalek pogen amai lalek mukuk, mesotik tai padui mesotik tai keroja. Amai peh lalek pelapah belamak. Ineh lah gaya untuk jagak.	1	twenties	male_masculine	Western Penan	train	7.929104477611941		False	0.22777777777777775	False	5.354026287606522	0.939938080495356	False
d010ca153b96a5ebfd09ba6a2e3e0cf4	16115	spontaneous-speech-pne-16115.mp3	16452	1511	Inouk yah nanouk kuk ayuk batung kuk paget mageh?	Yah nouk kik ayuk kik suk rah, akouk motik kayouk ngan rah,mauk ireh tai menyayat,tai memitik,tai ngejalak peh..	1	teens	male_masculine	Western Penan	train	5.774373936299537		False	0.11926605504587151	False	4.64419885750819	0.7678018575851393	False
75e882dda7e6942bcfa81c65ba9893a3	16547	spontaneous-speech-pne-16547.mp3	15660	1511	Inouk yah nanouk kuk ayuk batung kuk paget mageh?	Ineuk yah naneuk kek ayuk batung kek paget mageh, akeuk mengase, pepusit sane, akeuk melakau, akeuk tai tong lumak. Ayuk kek pusit sane keh, ayuk kik maneuk batung kek paget mageh.	1			Western Penan	train	9.57854406130268		False	0.34463276836158196	False	5.12962521112743	0.9015479876160991	False
06e91360c689ccdb3c48e8c51aac7b8c	17394	spontaneous-speech-pne-17394.mp3	16668	1511	Inouk yah nanouk kuk ayuk batung kuk paget mageh?	Yah ineh... Yeng akouk mojam,konak piak barak yah ineh..ayuk batung kik taget mageh..Yeng akouk mojam..	1	teens	female_feminine	Western Penan	train	5.339572834173266		False	0.20999999999999996	False	3.318853828281197	0.030959752321981424	True
15c3189343ecfed295e773c9a86db318	17522	spontaneous-speech-pne-17522.mp3	15480	1511	Inouk yah nanouk kuk ayuk batung kuk paget mageh?	Yah nanouk kik ayuk batung kik maguk, tai ale laker dayah Tegulang, dayah Sepakouk. Ayuk batung kek maguk. Mulik jin ineh, muik laker, moseg laker. Ineh yah nanouk kik.	1	twenties	female_feminine	Western Penan	train	9.04392764857881		False	0.22424242424242424	False	5.731930151007574	0.9746130030959752	False
660efcc153b8f1b83f0e7b7293a6739d	17530	spontaneous-speech-pne-17530.mp3	16056	1511	Inouk yah nanouk kuk ayuk batung kuk paget mageh?	Yeng pun yah nanouk kik, [um] ulouk sedirik kerk manouk ulouk muat,manouk ulouk mesigah,manouk konep ulouk mesigah,yeng meloku..yeng..kirak pogen tuerk..	1	teens	female_feminine	Western Penan	train	8.345789735924265		False	0.26	False	3.6468789894038243	0.16718266253869968	True
d03d164e3a037c9462bb3b7801263813	17650	spontaneous-speech-pne-17650.mp3	29808	1511	Inouk yah nanouk kuk ayuk batung kuk paget mageh?	Keroja kek, padui, peguak-peguak, mah joging, mengase, [um] padui tong tanak, melakau, menimeg, mengasouk, tai memitig, tai tong tanak. Keh adui ulouk ayuk ulouk manouk batung ulouk paget jian, paget sihat.	1	twenties	female_feminine	Western Penan	train	5.904455179817499		True	0.2216748768472906	False			False
59015be0ab1203af375a4af4b86c43d5	17938	spontaneous-speech-pne-17938.mp3	12600	1511	Inouk yah nanouk kuk ayuk batung kuk paget mageh?	Bagik akouk ayuk batung kik paget mageh, batung kik- batung kik yah keh keh ineh. Dalem urip maok [unclear]	1			Western Penan	train	7.063492063492063		False	0.1923076923076923	False	3.8921899235963786	0.3195046439628483	True
3a783f2ba60782823bab13f00d15057a	18236	spontaneous-speech-pne-18236.mp3	19476	1511	Inouk yah nanouk kuk ayuk batung kuk paget mageh?	Ow..ayuk keik monak akouk mageh,motit bat..keroja tong lamin,manouk adui mopa,manouk adui mop,manouk adui erei..manouk adui mopuk,manouk adui muwik..na ineh ayuk ulouk paget mageh..	1			Western Penan	train	8.163894023413432		False	0.297752808988764	False	4.213756703988289	0.5504643962848297	True
a2632e7d8bbc0b5567334fd6bb68604f	18237	spontaneous-speech-pne-18237.mp3	15840	1511	Inouk yah nanouk kuk ayuk batung kuk paget mageh?	Yeng pun nanouk kik ayuk kik paget mageh. Akouk kuman ubat, akouk mukuk tong lamin, akouk meloku. Ineh manouk akouk paget mageh. Dan kek belamak, maguk akouk. Yeng eh pun inouk adui kek, akouk mukuk tong lamin. Ineh manouk akouk mageh, ineh manouk akouk larui. Keh.	1	fifties	male_masculine	Western Penan	train	13.88888888888889		False	0.39312977099236646	False	3.806540923792858	0.26006191950464397	True
15813ed995d0a8f107309df7f9afa0d0	15273	spontaneous-speech-pne-15273.mp3	13320	1484	Konak nat aap tong daleh kah?	Aap tong daleh amik ; puti'ik, kapan, petavun kayouk, petavun tanak nanouk aap.	1	thirties	female_feminine	Western Penan	train	5.03003003003003		False	0.09210526315789469	False	5.685147342224971	0.9702786377708978	False
209aab5184d892f83f2f6491b90f4867	15367	spontaneous-speech-pne-15367.mp3	17604	1484	Konak nat aap tong daleh kah?	[um] Aap tong daleh amik iteuk ineh, pun eh putik, pun eh padeng. Mauk eh padeng ineh, tuai putik eh lah peluk tek neh. Keh aap tong daleh amik teuk ineh.	1			Western Penan	train	7.043853669620541		False	0.3178807947019867	False	4.410396147341327	0.6643962848297214	False
6daf5823a635cbefd29a368980768870	15436	spontaneous-speech-pne-15436.mp3	15732	1484	Konak nat aap tong daleh kah?	Owk..putik ap tong daleh amik, pekuwak ineh kerk ap ulouk..akouk yeng mojam eh lak bai etey..anah amik itouk ineh,putik eh..putik, posan posan peh eh. Aap lak amik itouk. dan romer neh,poleng.	1			Western Penan	train	10.297482837528603		False	0.1957671957671958	False	5.371546705265674	0.9455108359133126	False
38d1cf1c53c7826866b3ae7a6495b32f	15774	spontaneous-speech-pne-15774.mp3	19260	1484	Konak nat aap tong daleh kah?	Menat aap tong daleh kik putik. Yeng pun eh marung, yeng pun eh baler. Yah kojam kik dalem urip kik, kelobik kik murip ngan tinen ngan tamen kik, aap saput putik. yeng pun eh padeng yeng pun eh marung yeng pun eh baler.	1	twenties	male_masculine	Western Penan	train	9.190031152647974		False	0.35185185185185186	False	4.021132523442435	0.4260061919504644	True
d010ca153b96a5ebfd09ba6a2e3e0cf4	15869	spontaneous-speech-pne-15869.mp3	15696	1484	Konak nat aap tong daleh kah?	Konak nat aap baleng erei nat eh. Padeng, yeng pun yah putik- putik lak daleh amik sitei, tong Murum itei.	1	teens	male_masculine	Western Penan	train	5.542813455657493		False	0.06796116504854366	False	5.415699296506068	0.9510835913312693	False
209c440297f7fce6c5e4fba0e913f9b8	16171	spontaneous-speech-pne-16171.mp3	14868	1484	Konak nat aap tong daleh kah?	Konak menat aap tong daleh rah ineh keh aap tong daleh amik. Putik, padeng. 	1			Western Penan	train	4.170029593758407		False	0.1917808219178082	False	3.843640608859291	0.2848297213622291	True
46b095ac5602bd3bfdf0cc670842c77c	16468	spontaneous-speech-pne-16468.mp3	9756	1484	Konak nat aap tong daleh kah?	Yeng pun konak nat aap tong daleh, app jian aap malai tan. Yeng pun konak menat eh.	1			Western Penan	train	6.867568675686757		True	0.1875	False			False
75e882dda7e6942bcfa81c65ba9893a3	16557	spontaneous-speech-pne-16557.mp3	11952	1484	Konak nat aap tong daleh kah?	Bareng konak menat ap' tong daleh amik,yeng konak nat ap' kerk  ap'..putik,marung,konak nat ap' ineh keh eh..	1			Western Penan	train	7.697456492637215		True	0.2264150943396226	False			False
660efcc153b8f1b83f0e7b7293a6739d	17257	spontaneous-speech-pne-17257.mp3	15948	1484	Konak nat aap tong daleh kah?	Ap ngan amik yeng pun konak nat eh, samak ineh. Samak putik. Dan neh padeng dak padeng eh...tapik yah paling jau, putik eh. Ineh tuek ap tong daleh amik.	1	teens	female_feminine	Western Penan	train	7.837973413594181		False	0.14	False	4.03395337433793	0.43529411764705883	True
15c3189343ecfed295e773c9a86db318	17325	spontaneous-speech-pne-17325.mp3	13896	1484	Konak nat aap tong daleh kah?	Pun eh ba- owk, pun eh putik, pun eh padeng, pun eh juk baler kek menat eh. Keh menat.	1	twenties	female_feminine	Western Penan	train	4.89349453080023		False	0.24096385542168675	False	4.961340621197319	0.8699690402476781	False
06e91360c689ccdb3c48e8c51aac7b8c	17487	spontaneous-speech-pne-17487.mp3	18396	1484	Konak nat aap tong daleh kah?	Aap tong daleh amik, jiak nat. Jiak eh tan ulouk, jin bawai. Dan saput, nat aap, jiak, gonin. Eh tong inak amik itouk.	1	teens	female_feminine	Western Penan	train	5.218525766470972		False	0.10434782608695647	False	4.3986251913126315	0.6582043343653251	False
d03d164e3a037c9462bb3b7801263813	17947	spontaneous-speech-pne-17947.mp3	14760	1484	Konak nat aap tong daleh kah?	Ap tong daleh amik marung, putik, semua ne samak-samak ineh. Padeng, pun bale...eh langit tong daleh uleuk tong inak uleuk lak iteuk.	1	twenties	female_feminine	Western Penan	train	7.588075880758808		False	0.16923076923076918	False	4.554095115365741	0.7318885448916409	False
59015be0ab1203af375a4af4b86c43d5	17973	spontaneous-speech-pne-17973.mp3	15480	1484	Konak nat aap tong daleh kah?	Aap tong daleh amik itouk warna neh putik, dan neh juk terk ineh neh eh padeng. Juk mapouk-mapouk sineh nat dan neh juk terk. Mauk eh terk pong, morem pong lah ; padeng.	1			Western Penan	train	8.850129198966409		False	0.2349397590361446	False	5.355330802271521	0.9411764705882353	False
a2632e7d8bbc0b5567334fd6bb68604f	18250	spontaneous-speech-pne-18250.mp3	15948	1484	Konak nat aap tong daleh kah?	Owk, pogeng aap tong daleh amik kelibun. Pogeng petutup, pogeng. Nouk daleh sat, yeng poleng tan. Yah manouk nonep, yah manouk terk, yah manouk kaan yeng pun dalem daleh. Nouk aap ineh. 	1	fifties	male_masculine	Western Penan	train	9.656383245548032		False	0.26775956284153	False	4.46229606069312	0.6879256965944273	False
3a783f2ba60782823bab13f00d15057a	18290	spontaneous-speech-pne-18290.mp3	16272	1484	Konak nat aap tong daleh kah?	[noise] Aap tong langit amik pun yah putik, pun yah [uh] pun yah padeng. Keh. Maok eh padeng ineh, juk te'erk. Maok eh putik ineh juk-	1			Western Penan	train	6.698623402163224		False	0.25190839694656486	False	4.432324545311998	0.6736842105263158	False
15813ed995d0a8f107309df7f9afa0d0	15190	spontaneous-speech-pne-15190.mp3	11088	1556	Pun kok kalek deriba inouk-inouk kerita ngan muto?	Yeng akouk kalek mojam deriba kerita, dan neh muto mojam akouk deriba, mojam akouk min.	1	thirties	female_feminine	Western Penan	train	6.583694083694083		True	0.26190476190476186	False			False
6daf5823a635cbefd29a368980768870	15627	spontaneous-speech-pne-15627.mp3	15660	1556	Pun kok kalek deriba inouk-inouk kerita ngan muto?	Kerita ineh yeng kalek akouk min kerita. Dan muto pongah akouk min muto, tong kik mukuk ngan ireh kelunan kik buik sineh. Pongah nin kik muto, kerita ineh yeng kalek akouk min. Jam jam siran akouk min eh dak, yah kerita ineh.	1			Western Penan	train	11.749680715197956		False	0.3558558558558559	False	4.56583622729504	0.7386996904024767	False
916c4bf55dda885cb785b8e0342f30cb	15729	spontaneous-speech-pne-15729.mp3	18396	1556	Pun kok kalek deriba inouk-inouk kerita ngan muto?	Kerita ngan muto, pongah akouk [um] pongah drive la- pongah deriba, ngan kerita..ngan muto.	1	fourties	male_masculine	Western Penan	train	4.240052185257665		False	0.25	False	5.148250673308559	0.908359133126935	False
46b095ac5602bd3bfdf0cc670842c77c	16083	spontaneous-speech-pne-16083.mp3	20880	1556	Pun kok kalek deriba inouk-inouk kerita ngan muto?	yeng kalek deriba inouk inouk,kerita,yeng..luri,yeng..[um] min subon,yeng..min lipan,yeng.. sumak akouk mojam deriba ,sumak akouk min muto,min setiding tuwerk..	1			Western Penan	train	6.848659003831418		False	0.2420382165605095	False	4.895932735123538	0.8557275541795666	False
209c440297f7fce6c5e4fba0e913f9b8	16091	spontaneous-speech-pne-16091.mp3	12996	1556	Pun kok kalek deriba inouk-inouk kerita ngan muto?	Pun kek akouk deriba, tong daleh amik tue. Yeng eh lak daleh lo- ireh boken.	1			Western Penan	train	4.770698676515851		False	0.06849315068493156	False	3.719276686683328	0.21609907120743035	True
d010ca153b96a5ebfd09ba6a2e3e0cf4	16232	spontaneous-speech-pne-16232.mp3	15876	1556	Pun kok kalek deriba inouk-inouk kerita ngan muto?	Yah muto ineh pogah mojam akuek deriba dukuk oluek beriba eh kerita ineh baruk-baruk juk belajan pun akuek min Jah kalik mah yeng eh pinek liwet	1	teens	male_masculine	Western Penan	train	7.495590828924162		False	0.12056737588652477	False	5.524995770169738	0.961609907120743	False
75e882dda7e6942bcfa81c65ba9893a3	16392	spontaneous-speech-pne-16392.mp3	18072	1556	Pun kok kalek deriba inouk-inouk kerita ngan muto?	Mah pun kale' kek deriba inouk kerita ngan muto dekuk kek modai. Dekuk kek [um] bosau. Akouk- pun peh konep kik juk berajan, tapik yeng peh mas- yeng peh pun ayuk kek berajan.	1			Western Penan	train	7.912793271359009		False	0.19767441860465118	False	4.476806122201078	0.6959752321981424	False
38d1cf1c53c7826866b3ae7a6495b32f	16403	spontaneous-speech-pne-16403.mp3	15948	1556	Pun kok kalek deriba inouk-inouk kerita ngan muto?	Pun, akouk itouk muto, kerita. Pongah akouk deriba. Pah avik akouk tuai itouk ineh, kerita nin kik tuai itouk, Proton Saga baler erei. Ineh nin kik tuai. Keriba kik tuai jin buik ineh avik itouk.	1	twenties	male_masculine	Western Penan	train	10.095309756709304		False	0.32291666666666663	False	5.055190403712124	0.8879256965944272	False
06e91360c689ccdb3c48e8c51aac7b8c	17447	spontaneous-speech-pne-17447.mp3	18432	1556	Pun kok kalek deriba inouk-inouk kerita ngan muto?	Yeng kalek akouk deriba inouk inouk, makin inouk eh kerita avik muto. Avik dai itouk akouk yeng mojam min kerita abin muto.	1	teens	female_feminine	Western Penan	train	5.533854166666666		False	0.20833333333333337	False	4.446212143151812	0.676780185758514	False
660efcc153b8f1b83f0e7b7293a6739d	17622	spontaneous-speech-pne-17622.mp3	16020	1556	Pun kok kalek deriba inouk-inouk kerita ngan muto?	Pun akouk deriba sau dan kik anag sau. Dai ineh lah yeng akouk lalek mojam manouk. Modai ngan sajak yeng pun konep kirak manouk ngan kerita- deriba kerita, deriba muto.	1	teens	female_feminine	Western Penan	train	8.67665418227216		False	0.18787878787878787	False	4.125065338604938	0.49102167182662537	True
660efcc153b8f1b83f0e7b7293a6739d	17622	spontaneous-speech-pne-17622.mp3	16020	1556	Pun kok kalek deriba inouk-inouk kerita ngan muto?	Pun akouk deriba,sau...dan kik anag,sau..da ineh lah,yeng akouk lalek mojam manouk..modai ngan sajak yeng pun konep kirak manouk kerita, deriba kerita,deriba muto..	1	teens	female_feminine	Western Penan	train	8.926342072409488		False	0.17391304347826086	False	4.139483105409994	0.5003095975232198	True
d03d164e3a037c9462bb3b7801263813	17744	spontaneous-speech-pne-17744.mp3	15624	1556	Pun kok kalek deriba inouk-inouk kerita ngan muto?	Yeng pun ulouk kalek mongen barang konak ineh,mongen muto, mongen kerita ineh..yeng ulouk mojam beriba..arep arep ulouk mojam,pun ireh tonak ulouk sagam langit jah dak	1	twenties	female_feminine	Western Penan	train	9.152585765488991		False	0.21341463414634143	False	4.024375033597209	0.42910216718266253	True
a2632e7d8bbc0b5567334fd6bb68604f	17898	spontaneous-speech-pne-17898.mp3	16488	1556	Pun kok kalek deriba inouk-inouk kerita ngan muto?	Owk,pun..dan neh mauk puh nalek ulouk ,abuh ulouk yeng deriba..yeng pun nalek ulouk..niah pun,muto,pun ulouk deriba..kerita,pun ulouk deriba..abuh peh ulouk alek yeng du'kuk ulouk deriba..keh barang ineh..yeng eh ulouk..	1	fifties	male_masculine	Western Penan	train	11.644832605531295		False	0.3870967741935484	False	3.953763399073383	0.3696594427244582	True
59015be0ab1203af375a4af4b86c43d5	17954	spontaneous-speech-pne-17954.mp3	15696	1556	Pun kok kalek deriba inouk-inouk kerita ngan muto?	Akeuk beriba muto tapik yeng lalek mojam beriba pong. Yeng pe dan kik beriba jah muto yeng peh akeuk mojam beriba eh abin kerita muto ineh pe yeng akeuk lalek mojam beriba. Bi kubak akeuk ayuk. 	1			Western Penan	train	10.066258919469927		False	0.3507853403141361	False	5.196807489010763	0.9182662538699691	False
3a783f2ba60782823bab13f00d15057a	18165	spontaneous-speech-pne-18165.mp3	18144	1556	Pun kok kalek deriba inouk-inouk kerita ngan muto?	Pun. Duah duah akouk pongah ngeriba, muto pongah ngeriba, [um] kerita pun pongah ngeriba. Duah duah ineh sukat akouk ngeriba. Ineh la yeng pun ayuk ulouk min. Keh. Yeng pun ayuk ulouk erei- dekuk yeng pun muto, yeng pun kerita.	1			Western Penan	train	10.361552028218696		False	0.3883928571428571	False	4.007679672903461	0.4173374613003096	True
15813ed995d0a8f107309df7f9afa0d0	15315	spontaneous-speech-pne-15315.mp3	16236	1533	Surat inouk yah nin kah malakau tai tong jah-jah daleh, tong jah inak?	Surat nin amik tai tong jah daleh tai tong jah daleh jah tikey amik ineh gune amik ayuk amik tai melakau ayuk amik tai tong jah daleh ayuk tong jah daleh	2	thirties	female_feminine	Western Penan	train	7.575757575757575		False	0.4933333333333333	True			False
6daf5823a635cbefd29a368980768870	15353	spontaneous-speech-pne-15353.mp3	15660	1533	Surat inouk yah nin kah malakau tai tong jah-jah daleh, tong jah inak?	Surat, narak tinen, narak temen amik ngan amik. Nin amik, sukat manouk amik ah jiak sukat manouk amik pun konep amik muat dalem adui, dalem keroja yah juk nanouk amik ineh.	2			Western Penan	train	9.067688378033203		False	0.2781065088757396	False	4.059855075990795	0.44953560371517026	True
209aab5184d892f83f2f6491b90f4867	15669	spontaneous-speech-pne-15669.mp3	17244	1533	Surat inouk yah nin kah malakau tai tong jah-jah daleh, tong jah inak?	Surat ineh adalah surat tebare Tuhan, yah ineh nin kik tai tong daleh jah, daleh jah. Surat katog Tuhan ineh. Keh.	2			Western Penan	train	5.451171421943864		False	0.18018018018018023	False	5.360233628280794	0.9436532507739938	False
38d1cf1c53c7826866b3ae7a6495b32f	15848	spontaneous-speech-pne-15848.mp3	21168	1533	Surat inouk yah nin kah malakau tai tong jah-jah daleh, tong jah inak?	Surat itouk ulouk yeng mojam yah nin ulouk melakau. Langit piak itouk yah jian nin ulouk melakau tai komah komah, konak piak lobuk ; ic. Tiki ngaran nouk amik Ponan. Ineh yah nin amik melakau somah somah. 	2	twenties	male_masculine	Western Penan	train	7.936507936507937		False	0.27722772277227725	False	3.833408649191519	0.2773993808049536	True
d010ca153b96a5ebfd09ba6a2e3e0cf4	16097	spontaneous-speech-pne-16097.mp3	16344	1533	Surat inouk yah nin kah malakau tai tong jah-jah daleh, tong jah inak?	Surat eh nin amik, yah konak tog sijil, yah uban ayuk amik keroja, ayuk amik padui, ayuk amik tai lak daleh.	2	teens	male_masculine	Western Penan	train	5.384238864415075		False	0.20952380952380956	False	4.225582184051005	0.5578947368421052	True
46b095ac5602bd3bfdf0cc670842c77c	16129	spontaneous-speech-pne-16129.mp3	1800	1533	Surat inouk yah nin kah malakau tai tong jah-jah daleh, tong jah inak?	[no voice]	1			Western Penan	train	5.0	short-audio	True	0.0	False			False
209c440297f7fce6c5e4fba0e913f9b8	16462	spontaneous-speech-pne-16462.mp3	15768	1533	Surat inouk yah nin kah malakau tai tong jah-jah daleh, tong jah inak?	Surat inouk, sotoh kalau jah kelunan jau, kauk kirak lah kalau jah kelunan jau, yah min surat jin koluk, jin jah konep rayat bi-bi.	1			Western Penan	train	6.849315068493151		False	0.25	False	5.553170312385879	0.9634674922600619	False
75e882dda7e6942bcfa81c65ba9893a3	16603	spontaneous-speech-pne-16603.mp3	15552	1533	Surat inouk yah nin kah malakau tai tong jah-jah daleh, tong jah inak?	Pun surat yah nin amik melakau,yan neh ic,yan neh surat beranak,yan neh lesen,yan neh...inouk inouk yah..yah nin amik..tong daleh..tong jah jah daleh..	1			Western Penan	train	8.359053497942387		False	0.31081081081081086	False	4.089683836018483	0.469969040247678	True
15c3189343ecfed295e773c9a86db318	17360	spontaneous-speech-pne-17360.mp3	16020	1533	Surat inouk yah nin kah malakau tai tong jah-jah daleh, tong jah inak?	Dan neh konak akouk, yeng pun surat nin kik. Dekuk kik yeng mojam menyurat, dekuk kik yeng mojam basak, dekuk kik yeng pun sekulah. Somah somah peh akouk tai, yeng pun surat nik kek dekuk kek kelunan butak urup. Yeng mojam inouk inouk.	1	twenties	female_feminine	Western Penan	train	12.047440699126092		False	0.35344827586206895	False	3.4727820870846116	0.07863777089783282	True
660efcc153b8f1b83f0e7b7293a6739d	17642	spontaneous-speech-pne-17642.mp3	15948	1533	Surat inouk yah nin kah malakau tai tong jah-jah daleh, tong jah inak?	Surat nin amik tong daleh tong inak, surat amik mani berajak, mani rigit ayuk amik ale kuman, ale daven, ale inouk inouk yah tong lamin amik.	1	teens	female_feminine	Western Penan	train	7.2736393278154		False	0.23913043478260865	False	4.661079447530391	0.7739938080495357	False
06e91360c689ccdb3c48e8c51aac7b8c	17673	spontaneous-speech-pne-17673.mp3	17028	1533	Surat inouk yah nin kah malakau tai tong jah-jah daleh, tong jah inak?	Kalau konak tok akuek yeng pun yah min akuek tai melakau tong daleh-daleh yah situek bii cumak mukuk-mukuk tong lamin tuek yeng pun inuek adui 	1	teens	female_feminine	Western Penan	train	6.929762743716233		False	0.19999999999999996	False	4.426139898893262	0.6718266253869969	False
a2632e7d8bbc0b5567334fd6bb68604f	17704	spontaneous-speech-pne-17704.mp3	21240	1533	Surat inouk yah nin kah malakau tai tong jah-jah daleh, tong jah inak?	Yeng pun surat boken, surat yah keterangan ulouk ngan jaga-jaga ulouk supaya ulouk tetap dalem jian dalem lakau ulouk. Jian dalem kotai ulouk, [unclear] ngan kelunan. Ineh tue jaga.	1	fifties	male_masculine	Western Penan	train	7.203389830508474		False	0.2134831460674157	False	4.2840205268144125	0.5987616099071208	True
d03d164e3a037c9462bb3b7801263813	17711	spontaneous-speech-pne-17711.mp3	22932	1533	Surat inouk yah nin kah malakau tai tong jah-jah daleh, tong jah inak?	Surat lobuk,surat tuhan neh mestik nin ulouk melakau..mestik narak ulouk ngan kat daleh ulouk,kat umerk ulouk..supaya ulouk mengenal,supaya ulouk mojam,tebarek tuhan ineh..surat yah penting..ineh surat eh paling [um] penting dalem urip ulouk..	1	twenties	female_feminine	Western Penan	train	9.244723530437817		True	0.2583333333333333	False			False
59015be0ab1203af375a4af4b86c43d5	17891	spontaneous-speech-pne-17891.mp3	16740	1533	Surat inouk yah nin kah malakau tai tong jah-jah daleh, tong jah inak?	Yeng pun surat inouk inouk yah nin kik dan kik tai melakau dan kik tai komah komah. Akouk peh yeng mojam, yeng pun surat inouk inouk surat, surat perolu nin kik jin touk. jah tiki dan kik tai komah, eh tiki kik ineh nin kik, tanaget tong dupet tong beg kik.	1			Western Penan	train	12.36559139784946		False	0.3700787401574803	False	4.735333337590331	0.7962848297213623	False
3a783f2ba60782823bab13f00d15057a	18308	spontaneous-speech-pne-18308.mp3	17244	1533	Surat inouk yah nin kah malakau tai tong jah-jah daleh, tong jah inak?	[um]katewk.. katewk be',katewk penguman,katewk rigit..katewk inouk inouk ngan kelunan ireh,kelunan ireh,a'ung ireh,vik ulouk.. yah eh juk jin ulouk..yeng keh penganewk ulouk ayuk ulouk  juk jiak konep,juk jiak piken..	1			Western Penan	train	10.960334029227557		False	0.2990654205607477	False	4.605735551667023	0.7535603715170278	False
916c4bf55dda885cb785b8e0342f30cb	15314	spontaneous-speech-pne-15314.mp3	16848	1482	Tosog lakau kok tai lak banget ngan be’ek?	amik tai lak banget,tai mobah,mobah betolu,mobah uteng,mobah mabui,mobah [um] dek.	1	fourties	male_masculine	Western Penan	train	4.332858499525167		False	0.189873417721519	False	5.464261907490201	0.9560371517027864	False
15813ed995d0a8f107309df7f9afa0d0	15447	spontaneous-speech-pne-15447.mp3	17568	1482	Tosog lakau kok tai lak banget ngan be’ek?	Lakau tong banget yeng eh pekuak tong be'ek. Kojah rasa ulouk- kojah rasa ulouk tong dalem banget, kojah rasa ulouk tong be'ek pong. Yeng eh samak.	2	thirties	female_feminine	Western Penan	train	6.944444444444444		False	0.3680555555555556	False	5.1616113672057775	0.9108359133126935	False
6daf5823a635cbefd29a368980768870	15647	spontaneous-speech-pne-15647.mp3	16920	1482	Tosog lakau kok tai lak banget ngan be’ek?	Owk akouk yeng kale' akouk tai lak banget. Dan neh be'ek pongah akouk tai. Be'ek ineh, akouk tai lak be'ek erei jiak rasa kik kuk neh Konak tog ulouk tai poteg piken konep ulouk sat ineh. Moruk, kuman tong tanak. Jiak.	2			Western Penan	train	10.520094562647753		False	0.19999999999999996	False	4.319802648575846	0.6142414860681115	False
d010ca153b96a5ebfd09ba6a2e3e0cf4	15814	spontaneous-speech-pne-15814.mp3	16596	1482	Tosog lakau kok tai lak banget ngan be’ek?	Lakau kik tai lak bek yan ne akeuk moruk, akeuk kelete'erk ngan ireh kelunan kik avik pe dan amik mosep kek ineuk pekaleng ke ayuk napun.	2	teens	male_masculine	Western Penan	train	6.7486141238852735		False	0.07462686567164178	False	4.648534574045123	0.7696594427244582	False
209c440297f7fce6c5e4fba0e913f9b8	16142	spontaneous-speech-pne-16142.mp3	13536	1482	Tosog lakau kok tai lak banget ngan be’ek?	yeng pun tosog kik ta..i lak banget,lak mah mah,yeng pun akouk melakau ke kitey	1			Western Penan	train	4.875886524822695		False	0.10526315789473684	False	5.3644226772782115	0.9442724458204335	False
46b095ac5602bd3bfdf0cc670842c77c	16170	spontaneous-speech-pne-16170.mp3	17028	1482	Tosog lakau kok tai lak banget ngan be’ek?	Tai lak berk,tai la banget,tai ngejalak,tai memukert,tai pitah betolu,ineh tosoh ineh  seritak tai lak berk,tai lak banget..	1			Western Penan	train	6.283767911674889		False	0.2892561983471075	False	4.816345586079344	0.8359133126934984	False
38d1cf1c53c7826866b3ae7a6495b32f	16330	spontaneous-speech-pne-16330.mp3	15876	1482	Tosog lakau kok tai lak banget ngan be’ek?	Kuk kik yeng pernah tai melakau tubang konak ak- juk tosoq. Yeng akeuk mojam tosoq. Dan pun kelunan yah pernah tai melakau tong bek, tong banget mungkin mojam tosoq. Akeuk ya iteuk ineh yeng akeuk [unclear] melakau, yeng akeuk mojam tosoq.	1	twenties	male_masculine	Western Penan	train	12.53464348702444		False	0.3305084745762712	False	4.115433860785822	0.48606811145510836	True
75e882dda7e6942bcfa81c65ba9893a3	16484	spontaneous-speech-pne-16484.mp3	20484	1482	Tosog lakau kok tai lak banget ngan be’ek?	Makau kik tai lak banget ngan bek. Dan kik tai tong banget, akeuk tai ngan ireh bakeh kek, dukuk kik mukuk tong daleh bai. Dan kik tai tong bek, malai neh akeuk tai ngan ireh padik kik ngan ireh tinen-tamen kek ayuk amik panaq tai mobah deq.	1			Western Penan	train	9.519625073227884		False	0.32773109243697474	False	4.328988610148949	0.6204334365325077	False
06e91360c689ccdb3c48e8c51aac7b8c	17369	spontaneous-speech-pne-17369.mp3	16596	1482	Tosog lakau kok tai lak banget ngan be’ek?	Yeng akouk mojam dekuk kik yeng makang tai moruk tong be'ek sedirik. Jadi yeng akouk mojam barak eh konak ngan kah.	1	teens	female_feminine	Western Penan	train	5.724270908652687		False	0.1428571428571429	False	3.7977230038200838	0.25572755417956655	True
15c3189343ecfed295e773c9a86db318	17444	spontaneous-speech-pne-17444.mp3	16596	1482	Tosog lakau kok tai lak banget ngan be’ek?	Akouk yeng pun pernah tai lak banget. Be'ek amik sau, be'ek jau be'ek Danuk. Ineh ayuk amik pekarog, ayuk amik melakau tai lak mah, tai lak tanak, tai ale' bue'. Yah ineh tue ayuk amik. Yeng peronah tai lak banget amik.	1	twenties	female_feminine	Western Penan	train	10.785731501566644		False	0.2870370370370371	False	4.382068155837443	0.6476780185758514	False
660efcc153b8f1b83f0e7b7293a6739d	17594	spontaneous-speech-pne-17594.mp3	16200	1482	Tosog lakau kok tai lak banget ngan be’ek?	Yeng pun lalek melakau lak be'ek, lak banget. Dekuk pun akouk melakau lak banget, jah kalik sau. Yeng akouk lalek koluk tai, dekuk kik modai. Tapik ireh ukun, ireh topun, ireh languk kik sau, pun ireh tai tong banget. 	1	teens	female_feminine	Western Penan	train	11.049382716049385		False	0.2930232558139535	False	4.373879026092103	0.6445820433436532	False
d03d164e3a037c9462bb3b7801263813	17693	spontaneous-speech-pne-17693.mp3	21852	1482	Tosog lakau kok tai lak banget ngan be’ek?	Ulouk yeng mojam tosog lakau ulouk tai sineh ate,kerna ulouk yeng peronah,tai pe dik ngan neh,pun peh ulouk tai pe dik..tong berk ineh..tapik yeng eh lakau ulouk tong batang berk etey..tong dirin berk lakau ulouk,yeng tong batang berk..	1	twenties	female_feminine	Western Penan	train	9.10671792055647		True	0.351931330472103	False			False
59015be0ab1203af375a4af4b86c43d5	18012	spontaneous-speech-pne-18012.mp3	11268	1482	Tosog lakau kok tai lak banget ngan be’ek?	Yeng pun uban kik tai lak banget..tai lak berk..adui kik tai la berk tegulang ..ineh sumak akouk tai moruk, tai kle'terk..tai kelanyat tuwerk..yeng pun inouk inouk adui..	1			Western Penan	train	12.779552715654953		True	0.23952095808383234	False			False
a2632e7d8bbc0b5567334fd6bb68604f	18085	spontaneous-speech-pne-18085.mp3	15948	1482	Tosog lakau kok tai lak banget ngan be’ek?	Owk, inouk tenosog. Akouk tai pogen, mulik mengate. Yeng pun inouk nale'ek. Juk tai pitah laker yeng pun, juk tai melakau jah kek bangat nale'ek. Porep kinan kek tong tanak, yeng pun mulik avik anag, avik-	1	fifties	male_masculine	Western Penan	train	10.659643842488084		False	0.21287128712871284	False	4.7551954488059565	0.8092879256965945	False
3a783f2ba60782823bab13f00d15057a	18323	spontaneous-speech-pne-18323.mp3	19440	1482	Tosog lakau kok tai lak banget ngan be’ek?	[um] Tai lak banget, jian tai banget ineh. Koluk akouk tai lak banget, ayuk kek jian nat maten langit tai kedivak. Keh ayuk kik koluk tai lak banget. Ngah ineh, akouk tai lak be'ek itouk. Akouk koluk tai lak be'ek ineh ayuk kek mobet piken sat.	1			Western Penan	train	10.236625514403292		False	0.3817427385892116	False	4.457510049119875	0.6854489164086688	False
6daf5823a635cbefd29a368980768870	15194	spontaneous-speech-pne-15194.mp3	15768	1490	Inouk kek tebare kok ngan bakeh kok yah juk, yah menawai lamin?	Jiak amai menawai. Mulik loh loh kok dak. Yeng kure' kelobik ineh. Kure' tu- kure' langit tue la ayuk kuk mulik lak inak, ayuk kuk mulik lak ukuk kuk dak. Jiak amai menawai tinen tamen, amai menawai padik, amai menawai tuken, tadin keh.	1			Western Penan	train	12.30339928970066		False	0.33476394849785407	False	5.333298947231711	0.9362229102167182	False
6daf5823a635cbefd29a368980768870	15194	spontaneous-speech-pne-15194.mp3	15768	1490	Inouk kek tebare kok ngan bakeh kok yah juk, yah menawai lamin?	Jiak,amai menawai..mulik loh loh kok dak..yeng kure'rk kelobik..kure'rk..kure'rk langit tuerk la ayuk kok mulik lak inak kok,mulik lak ukuk kuk dak..jiak amai menawai tinan tamen,amai menawai padik,menawai tuken tadin,keh..	1			Western Penan	train	12.366818873668189		False	0.2954545454545454	False	5.2076930348908	0.9188854489164087	False
15813ed995d0a8f107309df7f9afa0d0	15454	spontaneous-speech-pne-15454.mp3	13068	1490	Inouk kek tebare kok ngan bakeh kok yah juk, yah menawai lamin?	Tebare kik ngan, amai lalek bet lamin, amai lalek yeng mulik. Tuai tuai kok mulik menat lamin, menat daleh. Keh piak tebare kek ngan ireh bakeh kek.	1	thirties	female_feminine	Western Penan	train	9.33578206305479		False	0.22758620689655173	False	4.611275698900159	0.7547987616099071	False
d010ca153b96a5ebfd09ba6a2e3e0cf4	15819	spontaneous-speech-pne-15819.mp3	15768	1490	Inouk kek tebare kok ngan bakeh kok yah juk, yah menawai lamin?	Akouk buwak eh menawai,buwak eh mujen dan neh tai juk..keroja la..yeng iboh berusah menawai ireh bakeh, ireh kelunan,tinen tamen kok..	1	teens	male_masculine	Western Penan	train	7.293252156265854		False	0.12213740458015265	False	4.771032918768538	0.8136222910216718	False
209c440297f7fce6c5e4fba0e913f9b8	15999	spontaneous-speech-pne-15999.mp3	14148	1490	Inouk kek tebare kok ngan bakeh kok yah juk, yah menawai lamin?	Akouk nebare, barak jian ngan nah. Amai menawai, amai mujen lak lamin. Manouk neh kok adui kok, keroja kok.	1			Western Penan	train	6.290641786824993		False	0.07692307692307687	False	5.134108836728212	0.9021671826625387	False
46b095ac5602bd3bfdf0cc670842c77c	16176	spontaneous-speech-pne-16176.mp3	17640	1490	Inouk kek tebare kok ngan bakeh kok yah juk, yah menawai lamin?	Buak menawai lamin,amai menawai lamin dey sat rongah, dey sat piak, dey sat ayuk, dey sat ukuk,ineh tebarek ngan bakeh	1			Western Penan	train	5.612244897959184		False	0.27826086956521734	False	5.184111110474986	0.9157894736842105	False
38d1cf1c53c7826866b3ae7a6495b32f	16417	spontaneous-speech-pne-16417.mp3	16056	1490	Inouk kek tebare kok ngan bakeh kok yah juk, yah menawai lamin?	Keh piak kik nebare ; Amai kok menawai. Dan kok juk, dan kok tong adui, dan kok tong keroja iboh menawai lamin. Dekuk lamin ineh yeng pun inouk inouk dalem. Nak kauk peh mukuk dalem neh, dan neh usan mengate, dan neh yeng pun adui, yeng pun keroja, yeng pun roti. Keh tebare kik ngan.	1	twenties	male_masculine	Western Penan	train	14.3248629795715		False	0.32028469750889677	False	4.370953487671586	0.643343653250774	False
75e882dda7e6942bcfa81c65ba9893a3	16582	spontaneous-speech-pne-16582.mp3	14364	1490	Inouk kek tebare kok ngan bakeh kok yah juk, yah menawai lamin?	Ouk akouk nebarek ngan neh. Amai bosau, amai menawai. Manouk ne adui kok, pekobi ne adui kok. Pun ke ayuk ulouk mulik sagam langit jah. 	1			Western Penan	train	7.727652464494569		False	0.10526315789473684	False	4.622173933437033	0.7603715170278638	False
660efcc153b8f1b83f0e7b7293a6739d	17520	spontaneous-speech-pne-17520.mp3	16020	1490	Inouk kek tebare kok ngan bakeh kok yah juk, yah menawai lamin?	Tebarek kik ngan neh, sebayang tuek. Ineui yah adui ineuk yah keroja nouk nah nah, nouk kuk sitei. Dal3m adui ayuk kuk tei inwh, jiak komah ke au, yeng pun loh ayuk kuk mulik sagam laingit jah. 	1	teens	female_feminine	Western Penan	train	9.800249687890137		False	0.12041884816753923	False	5.47924064451575	0.9578947368421052	False
06e91360c689ccdb3c48e8c51aac7b8c	17559	spontaneous-speech-pne-17559.mp3	18252	1490	Inouk kek tebare kok ngan bakeh kok yah juk, yah menawai lamin?	tebarek ngan ireh bakeh,buwak amai  menawai,amai tusah,amai menawai lamin,komah kotai ,mulik loh keh dak,yeng pun inouk tenawai ulouk ngan lamin	1	teens	female_feminine	Western Penan	train	6.793776024545256		False	0.15602836879432624	False	4.484233010413498	0.7003095975232199	False
15c3189343ecfed295e773c9a86db318	17568	spontaneous-speech-pne-17568.mp3	15696	1490	Inouk kek tebare kok ngan bakeh kok yah juk, yah menawai lamin?	Yah tebare kek ngan bakeh, ngan kelunan kek ; manouk adui jian, manouk adui toneng, manouk adui lan, manouk urip yah jian, yah mareng. Ineh yah tebare kek ngan bakeh, ngan kelunan, ngan padik kek.	1	twenties	female_feminine	Western Penan	train	10.321100917431194		False	0.44041450777202074	False	4.162049631031812	0.5164086687306502	True
d03d164e3a037c9462bb3b7801263813	17755	spontaneous-speech-pne-17755.mp3	30132	1490	Inouk kek tebare kok ngan bakeh kok yah juk, yah menawai lamin?	Ulouk menawai,ulouk mengangerk eh..ulouk nyekapah eh,ulouk petabik ngan neh..du'kuk neh kirak juk,du'kuk neh kirak yeng lawu petobang ngan ulouk..lawu petavik ngan ulouk..jadi inen neh adui ulouk ngan bakeh ulouk,ngan kelunan ulouk supaya ulouk jian hubungan ulouk..jian pebakeh ulouk..	1	twenties	female_feminine	Western Penan	train	8.26363998407009		True	0.3639575971731449	False			False
59015be0ab1203af375a4af4b86c43d5	17915	spontaneous-speech-pne-17915.mp3	13104	1490	Inouk kek tebare kok ngan bakeh kok yah juk, yah menawai lamin?	Akouk buak eh mange', [unclear] eh, mongen eh, nyekapah eh, buak eh mange', pakawu eh mange'. Dei eh menawai, amai menawai lamin, amai menawai tinam tamam ; dei podam.	1			Western Penan	train	10.607448107448109		False	0.2682926829268293	False	6.2677981078309	0.9863777089783282	False
a2632e7d8bbc0b5567334fd6bb68604f	17974	spontaneous-speech-pne-17974.mp3	16596	1490	Inouk kek tebare kok ngan bakeh kok yah juk, yah menawai lamin?	Owk..pun tebarek ngan... m'dey yeng sukat padui,dey yeng sukat melakau,dey yeng sukat pitah urip neh,amai menawai lamin,tai musit,tai melakau,ineh ulouk alek penguman,ineh ulouk alek urip..keh piak kik ngan neh ayuk neh pitah	1	fifties	male_masculine	Western Penan	train	11.689563750301277		False	0.2927927927927928	False	3.8314125825433942	0.2755417956656347	True
3a783f2ba60782823bab13f00d15057a	18218	spontaneous-speech-pne-18218.mp3	18396	1490	Inouk kek tebare kok ngan bakeh kok yah juk, yah menawai lamin?	Urm..jah tuerk tebarek kik,amai menawai lamin,yeng lamin menawai kauk,keh..nak kauk menawai,yeng pun inouk inouk nalek kok manouk,yeng pun inouk erey..sukat nouk kok..yeng pukuk kok,tai keroja..pun peh juk anag sen,pun peh juk anag rigit kok dan kok keroja,tai padui..	1			Western Penan	train	12.557077625570775		False	0.28301886792452835	False	4.570432442200105	0.739938080495356	False
15813ed995d0a8f107309df7f9afa0d0	15255	spontaneous-speech-pne-15255.mp3	13176	1505	Konak penganouk kuk menat/petidah penguman yah jian monak batung kuk?	Yeng pun akouk mojam petidah penguman dalem batung kik. Mah penguman yah sukat kinan kik, yah jian akouk kuman. Yeng akouk mojam petidah yah mah sat, yah mah jian.	1	thirties	female_feminine	Western Penan	train	10.245901639344265		False	0.32499999999999996	False	3.5539654586077027	0.12074303405572756	True
6daf5823a635cbefd29a368980768870	15390	spontaneous-speech-pne-15390.mp3	17784	1505	Konak penganouk kuk menat/petidah penguman yah jian monak batung kuk?	Pongah akouk barak niik nek, yeng akouk milik..yeng pun akouk petidah tapik totap akouk jaga akouk,kebersihan kebersihan kik,konak towk pakaian kik kah, konak towk kulit kik kah..konak nat eh koluk kik,sin kik, batung kik..	1			Western Penan	train	10.683760683760685		False	0.24545454545454548	False	5.428675928439387	0.9523219814241486	False
209aab5184d892f83f2f6491b90f4867	15672	spontaneous-speech-pne-15672.mp3	18540	1505	Konak penganouk kuk menat/petidah penguman yah jian monak batung kuk?	konak ayuk kik manouk batung kik jiak,ayuk manouk batung kik jau,manouk buri kik jau,ineh ayuk kik petidah penguman..jau buri kik,jau batung kik,jau nyik kik,keh.	1			Western Penan	train	7.49730312837109		False	0.4025157232704403	False	4.622787898579899	0.7609907120743034	False
d010ca153b96a5ebfd09ba6a2e3e0cf4	16043	spontaneous-speech-pne-16043.mp3	16704	1505	Konak penganouk kuk menat/petidah penguman yah jian monak batung kuk?	penguman yah konak towk penguman yah biasa ineh tuwerk akouk,Yeng pun akouk petidah eh menimah.keh akouk,yeng akouk konak ireh.	1	teens	male_masculine	Western Penan	train	6.525383141762452		False	0.217741935483871	False	3.2705335869339067	0.02414860681114551	True
209c440297f7fce6c5e4fba0e913f9b8	16233	spontaneous-speech-pne-16233.mp3	14328	1505	Konak penganouk kuk menat/petidah penguman yah jian monak batung kuk?	Dan neh bagik akouk,somah penguman yah tenidah kik..bareng pun penguman yah jian,yah toneng,bagik akouk..kuman yah pekuak tuwerk	1			Western Penan	train	7.816862088218872		False	0.23199999999999998	False	3.842812060760418	0.2835913312693498	True
38d1cf1c53c7826866b3ae7a6495b32f	16285	spontaneous-speech-pne-16285.mp3	16776	1505	Konak penganouk kuk menat/petidah penguman yah jian monak batung kuk?	Kuman lah penguman yah jiak, amai kuman lasun, amai kuman yah potah, amai kuman yah sat, amai kuman barang moram. Kuman lah jaik, kuman kanen, kuman nawu, kuman ah tangoh, kuman kaanc kuman betolu. Ineh lah penguman yah jiak. Amai kuman tanak, amai kuman urouk sebarang.	1	twenties	male_masculine	Western Penan	train	13.412017167381974		False	0.45318352059925093	False	5.287420474386439	0.9306501547987616	False
46b095ac5602bd3bfdf0cc670842c77c	16453	spontaneous-speech-pne-16453.mp3	11880	1505	Konak penganouk kuk menat/petidah penguman yah jian monak batung kuk?	Ulouk muik, ulouk mosup. Ineh tidah ireh nat penguman ayuk- yah jiak ayuk batung. Yeng sukat sogit.	1			Western Penan	train	6.986531986531986		True	0.05208333333333337	False			False
75e882dda7e6942bcfa81c65ba9893a3	16525	spontaneous-speech-pne-16525.mp3	18864	1505	Konak penganouk kuk menat/petidah penguman yah jian monak batung kuk?	Konak penganouk kik menat penguman yah jian monak batung kik..yan neh yeng lalek monyak,yan neh yeng lalek mi,yan neh yeng lalek pateng,du'kuk dan neh pateng,eh pinek usen..usen pun yeng jiak monak batung,monak bowk..	1			Western Penan	train	9.807039864291772		False	0.3271028037383178	False	4.472972297590836	0.6947368421052632	False
06e91360c689ccdb3c48e8c51aac7b8c	17269	spontaneous-speech-pne-17269.mp3	19512	1505	Konak penganouk kuk menat/petidah penguman yah jian monak batung kuk?	kuman,barang barang penguman yah jiak,ayuk..metidah,ayuk barang barang yah jiak..inouk kerk yah ayuk manouk batung kik jian.. 	1	teens	female_feminine	Western Penan	train	5.637556375563755		False	0.2764227642276422	False	3.8288707253465746	0.27306501547987616	True
15c3189343ecfed295e773c9a86db318	17345	spontaneous-speech-pne-17345.mp3	15048	1505	Konak penganouk kuk menat/petidah penguman yah jian monak batung kuk?	Akouk..yeng koluk..penguman sat,penguman sogit,akouk koluk penguman yah jian, penguman yah berosi yah kinan kik..yeng akouk koluk yah sogit, yah sat..	1	twenties	female_feminine	Western Penan	train	8.70547581073897		False	0.37414965986394555	False	3.618491616616163	0.15417956656346749	True
660efcc153b8f1b83f0e7b7293a6739d	17660	spontaneous-speech-pne-17660.mp3	16056	1505	Konak penganouk kuk menat/petidah penguman yah jian monak batung kuk?	Penguman yah jiak, kuman mauk jem, kuman yah jian, yah yeng lalek pateng, yah yeng lalek jau nyag. Ineh manouk ulouk jian nat batung.	1	teens	female_feminine	Western Penan	train	6.851021425012456		False	0.2615384615384615	False	4.382108727218196	0.648297213622291	False
a2632e7d8bbc0b5567334fd6bb68604f	17870	spontaneous-speech-pne-17870.mp3	16920	1505	Konak penganouk kuk menat/petidah penguman yah jian monak batung kuk?	[cough] Owk, pun yah manouk ulouk jian, manouk ulouk melomeg. Penguman yah buleh jiak manouk ulouk, yan neh ulouk kuman mi kuman jian kuman usen biseng. Kalau ulouk kuman potah, yeng eh jian. Kalau ulouk kuman sat, yeng eh jian. Ulouk kuman mi, jian.	1	fifties	male_masculine	Western Penan	train	12.234042553191488		False	0.4008097165991903	False	4.044126124225166	0.43962848297213625	True
d03d164e3a037c9462bb3b7801263813	17900	spontaneous-speech-pne-17900.mp3	23544	1505	Konak penganouk kuk menat/petidah penguman yah jian monak batung kuk?	Mojam ulouk pitah penguman, pitah urip yah kirak ulouk monak kejian, monak kemaeng, monak wat bagik eh batung ulouk, bagik eh use ulouk. [sniff] Supaya ulouk [um] sukat jian, supaya ulouk sukat [un] sihat setiap langit, setiap jem.	1	twenties	female_feminine	Western Penan	train	8.239891267414203		True	0.2543859649122807	False			False
59015be0ab1203af375a4af4b86c43d5	18030	spontaneous-speech-pne-18030.mp3	11412	1505	Konak penganouk kuk menat/petidah penguman yah jian monak batung kuk?	Yeng penganouk kik menat, petidah penguman yah jian tong batung kik. Kat semuah penguman yah dalem jumen, dalem daen kik, dan kik melauk ineh, kinan kik tue. Naseg kik tue. 	1			Western Penan	train	12.530669470732562		True	0.22941176470588232	False			False
3a783f2ba60782823bab13f00d15057a	18269	spontaneous-speech-pne-18269.mp3	17928	1505	Konak penganouk kuk menat/petidah penguman yah jian monak batung kuk?	Petidah eh, ayuk ulouk menat eh [um] ulouk muik eh ; ulouk mobet yah sat, mobet yah sogit ineh. [um] Dan ulouk larui ulouk yeng kalek mobung eh tong kayouk [um] mobung eh tong semawa, tong kayouk tong porog. Keh. 	1			Western Penan	train	9.64970995091477		False	0.319047619047619	False	4.447854873471401	0.6773993808049535	False
6daf5823a635cbefd29a368980768870	15214	spontaneous-speech-pne-15214.mp3	15984	1543	Inouk lete’erk ranag sig tong bengosak kah?	Owk yeng pun konak kesik neh,konak kojau neh..konak anah ulouk malai malai erei..yeng peh ulouk barak eh sik, yeng peh ulouk barak eh jau..yeng peh ulouk barak eh..erei..konak konak peh kenat eh,keh..	1			Western Penan	train	10.573073073073074		False	0.42131979695431476	False	3.8916072123029157	0.31826625386996904	True
15813ed995d0a8f107309df7f9afa0d0	15346	spontaneous-speech-pne-15346.mp3	12780	1543	Inouk lete’erk ranag sig tong bengosak kah?	Leterk ranag sig tong bengosak amik ; mengase, moruk, pelangui. Ineh leterk ireh anag bengosak amik ; kelonyat, papauk.	1	thirties	female_feminine	Western Penan	train	7.902973395931141		False	0.1724137931034483	False	4.808725906158035	0.8328173374613003	False
209c440297f7fce6c5e4fba0e913f9b8	15919	spontaneous-speech-pne-15919.mp3	11088	1543	Inouk lete’erk ranag sig tong bengosak kah?	Le'terk ireh anag tong daleh amik,pekalai sagak,jah..pekalai pani..	1			Western Penan	train	5.411255411255411		True	0.09375	False			False
d010ca153b96a5ebfd09ba6a2e3e0cf4	16033	spontaneous-speech-pne-16033.mp3	16452	1543	Inouk lete’erk ranag sig tong bengosak kah?	le'terk pepauk,ireh pepatai peh pun,ireh pagem avik ireh sebukut,ireh mauk dek, ireh sat pani	1	teens	male_masculine	Western Penan	train	4.862630683199611		False	0.1777777777777778	False	5.234397519432409	0.923219814241486	False
38d1cf1c53c7826866b3ae7a6495b32f	16272	spontaneous-speech-pne-16272.mp3	16308	1543	Inouk lete’erk ranag sig tong bengosak kah?	Leterk lah tai keleterk tong topin, tong tajah, tai tun, tai moruk, tai [unclear], tong tanak. Leterk lah, manouk gaban malat, manouk gaban penat, manouk gaban lamin. Keh amik sau. [unclear] [um] Tai nyerodong tong tanak. Keh.	1	twenties	male_masculine	Western Penan	train	11.650723571253373		False	0.34977578475336324	False	4.2856644464009	0.6006191950464397	False
46b095ac5602bd3bfdf0cc670842c77c	16277	spontaneous-speech-pne-16277.mp3	11520	1543	Inouk lete’erk ranag sig tong bengosak kah?	Ye pun letoreq anaq chiq, [unclear], ye pun letoreq rah tong bengosak amik, ye pun. 	1			Western Penan	train	5.989583333333334		True	0.19753086419753085	False			False
75e882dda7e6942bcfa81c65ba9893a3	16496	spontaneous-speech-pne-16496.mp3	14292	1543	Inouk lete’erk ranag sig tong bengosak kah?	Lete'erk ireh anaq tong bengosak kik yan neh ireh tai memolah, yan ne ireh tai molik paken, yan ne ireh tai pekaroq, yan ne ireh tai [um] maneuk lumak.	1			Western Penan	train	8.606213266162888		False	0.30405405405405406	False	4.0014710012087775	0.40928792569659445	True
06e91360c689ccdb3c48e8c51aac7b8c	17252	spontaneous-speech-pne-17252.mp3	16920	1543	Inouk lete’erk ranag sig tong bengosak kah?	Lete'erk ireh anag sig bengosak amik, yan neh konak maen ungap, maen inouk inouk yah permainan anah ireh anag.	1	teens	female_feminine	Western Penan	train	5.437352245862884		False	0.14018691588785048	False	4.199947335156106	0.544891640866873	True
660efcc153b8f1b83f0e7b7293a6739d	17333	spontaneous-speech-pne-17333.mp3	16560	1543	Inouk lete’erk ranag sig tong bengosak kah?	Letek ireh, tei main se silei, letek ireh, tei keletek ayuk gaban selapang, keletek ayuk malat, keletek ayuk gaban ujek, letek ayuk gaban arok. Keletek ayuk gaban keloput. Ineh tuek letek ireh anak. 	1	teens	female_feminine	Western Penan	train	10.024154589371982		False	0.4336734693877551	False	5.284000958245776	0.930030959752322	False
15c3189343ecfed295e773c9a86db318	17450	spontaneous-speech-pne-17450.mp3	15156	1543	Inouk lete’erk ranag sig tong bengosak kah?	Yeng pun le'terk,te'terk amik manouk tangoh,manouk pakewk,manouk kanen..menyagah uviek..menyagah balak,ineh tuwerk le'terk amik dalem daleh amik.	1	twenties	female_feminine	Western Penan	train	8.577461071522828		False	0.2535211267605634	False	3.9469623417759743	0.36408668730650157	True
d03d164e3a037c9462bb3b7801263813	17879	spontaneous-speech-pne-17879.mp3	13932	1543	Inouk lete’erk ranag sig tong bengosak kah?	Moruk main keletek [um] masem-masem leterk ireh, pinek leterk-leterk ireh anag bengosak ulouk itouk.	1	twenties	female_feminine	Western Penan	train	6.2446167097329885		False	0.15463917525773196	False	4.001083945598076	0.4086687306501548	True
a2632e7d8bbc0b5567334fd6bb68604f	17990	spontaneous-speech-pne-17990.mp3	16200	1543	Inouk lete’erk ranag sig tong bengosak kah?	owk pinek le'terk. berajan moput, berajan manouk viouwk, berajan memuket, ngejalak. Ineh adui, ineh ireh mojam. Dan sajak ireh mukuk tong umerk, keh adui. Ineh ulouk mojam adui tinen, adui tamen ulouk jin sau. 	1	fifties	male_masculine	Western Penan	train	10.864197530864198		False	0.20772946859903385	False	4.00714141437085	0.41671826625387	True
59015be0ab1203af375a4af4b86c43d5	18020	spontaneous-speech-pne-18020.mp3	9036	1543	Inouk lete’erk ranag sig tong bengosak kah?	Yeng pun lete'erk ireh anag sig tong bengosak amik. Lete'erk ireh neh maen bon, lete'erk ineh neh manouk yak sat sat sineh, dalem inouk inouk kek.	1			Western Penan	train	13.3908809207614		True	0.2517482517482518	False			False
3a783f2ba60782823bab13f00d15057a	18138	spontaneous-speech-pne-18138.mp3	18216	1543	Inouk lete’erk ranag sig tong bengosak kah?	Koluk manouk sabung, koluk tun jin- jin batouk, jin laran, koluk [um] pepauk. Koluk main ungap. Koluk [um] inouk la? Koluk mengase. Koluk main bon. Ineh bi adui ireh. Lete'erk ireh. 	1			Western Penan	train	8.28941589811155		False	0.26256983240223464	False	4.392976920158349	0.6538699690402476	False
6daf5823a635cbefd29a368980768870	15217	spontaneous-speech-pne-15217.mp3	16272	1526	Konak ulouk manouk ranag sekulah kejian tatah rah?	Owk, yeng eh konak manouk. Buak ireh pepatai, buak ireh panouk, buak ireh pikai, buak ireh [um] puyah bakeh ireh, buak ireh manouk bakeh ireh, dan bakeh ireh yeng puyah ireh. Avik ulouk nebare ireh bi bi neh. Keh ulouk ngan ireh anag sekulah.	1			Western Penan	train	12.229596853490657		False	0.36820083682008364	False	3.7404269781774095	0.22662538699690402	True
15813ed995d0a8f107309df7f9afa0d0	15544	spontaneous-speech-pne-15544.mp3	17028	1526	Konak ulouk manouk ranag sekulah kejian tatah rah?	Ulouk petangen ireh dalem sekulah, ulouk tonak ireh dalem sekulah. Mengajan, tonak eh, menat gaya kelunan, menat penganouk kelunan, yah pongah sukat, yah pongah ale, yah pongah mojam. 	1	thirties	female_feminine	Western Penan	train	9.16138125440451		False	0.3149171270718232	False	4.016785389434444	0.421671826625387	True
d010ca153b96a5ebfd09ba6a2e3e0cf4	16146	spontaneous-speech-pne-16146.mp3	15912	1526	Konak ulouk manouk ranag sekulah kejian tatah rah?	Ireh jiak uteg, sajak mojam ireh tatan ireh sendirik. [unclear] tebare ulouk ngan ireh. Keh. Dey ireh mojam ireh sedirik-	1	teens	male_masculine	Western Penan	train	6.41025641025641		False	0.211864406779661	False	4.068152817762812	0.4544891640866873	True
46b095ac5602bd3bfdf0cc670842c77c	16163	spontaneous-speech-pne-16163.mp3	18936	1526	Konak ulouk manouk ranag sekulah kejian tatah rah?	Menyuk ireh mageh, menyuk ireh mesigah, menyuk ireh muat, tatah rah sup- ayuk ireh jiak- ayuk ireh kejian tatah rah tong sekulah.	1			Western Penan	train	5.70342205323194		False	0.3571428571428571	False	4.564469408965388	0.7380804953560371	False
38d1cf1c53c7826866b3ae7a6495b32f	16284	spontaneous-speech-pne-16284.mp3	18180	1526	Konak ulouk manouk ranag sekulah kejian tatah rah?	Ulouk nebare ireh, ulouk mengajan ireh, ulouk tonak ireh. Dekuk neh jiak eh tatah rah. Pani dawai, amai lalek sat, amai lalek kasen piak ngan rah, dawai pani ngan rah. Keh yah ale pengejian neh tatah rah.	1	twenties	male_masculine	Western Penan	train	9.24092409240924		False	0.2587064676616916	False	4.455826882718379	0.6848297213622291	False
209c440297f7fce6c5e4fba0e913f9b8	16290	spontaneous-speech-pne-16290.mp3	10620	1526	Konak ulouk manouk ranag sekulah kejian tatah rah?	Yah nanouk tebare monak ngan anag kik sendirik ; amai pikai, amai kelonyat, amai panouk.	1			Western Penan	train	6.967984934086628		True	0.11764705882352944	False			False
75e882dda7e6942bcfa81c65ba9893a3	16539	spontaneous-speech-pne-16539.mp3	20736	1526	Konak ulouk manouk ranag sekulah kejian tatah rah?	yah..konak ulouk maneuwk eh..ulouk...jin lamin ulouk pongah nebarek ireh anag ulouk..amai sat ngan kelunan,amai manouk kelunan..amai mematai kelunan..Jin lamin ulouk pongah sukat nebarek eh.. baruwk eh sukat min gaya ineh  tong sekulah..	1			Western Penan	train	9.886188271604938		False	0.30341880341880345	False	3.9711252190980018	0.38575851393188854	True
06e91360c689ccdb3c48e8c51aac7b8c	17276	spontaneous-speech-pne-17276.mp3	17964	1526	Konak ulouk manouk ranag sekulah kejian tatah rah?	Oluek megajan ireh anag ayuk ireh mojam sekulah ayuk ireh juk koluk manuek cita-cita ireh au ituek dak 	1	teens	female_feminine	Western Penan	train	4.731685593409041		False	0.18000000000000005	False	4.75893573553998	0.8111455108359134	False
15c3189343ecfed295e773c9a86db318	17411	spontaneous-speech-pne-17411.mp3	16776	1526	Konak ulouk manouk ranag sekulah kejian tatah rah?	Ulouk manouk anag,manouk piak ngan neh,supaya neh koluk tai sekulah,supaya nej sukat sekulah,supaya neh pun konep neh sekulah..avik sekulah neh bi..avik pom lomah,dan neh bi	1	twenties	female_feminine	Western Penan	train	8.881735813066285		False	0.32352941176470584	False	3.673779340973297	0.1869969040247678	True
660efcc153b8f1b83f0e7b7293a6739d	17657	spontaneous-speech-pne-17657.mp3	15228	1526	Konak ulouk manouk ranag sekulah kejian tatah rah?	Ireh dirik piken uleuk. Tonak ireh, nebarek ireh dalem adui ireh, dalem yah neuk ireh. Dawai-dawai sukat ireh alek, sukat ireh ninik, sukat ireh mauk piak uleuk ineh.	1	teens	female_feminine	Western Penan	train	9.127922248489623		False	0.28220858895705525	False	4.230654057238558	0.5647058823529412	True
d03d164e3a037c9462bb3b7801263813	17959	spontaneous-speech-pne-17959.mp3	16128	1526	Konak ulouk manouk ranag sekulah kejian tatah rah?	Jin lete'erk ireh, jin jah ireh, jin pebakeh ireh. Ineh min ireh jian, ineh min ireh [um] ketoneng, dei ireh panouk, dei ireh pepatai, dei ireh sebukut. Ineh pengejian neh.	1	twenties	female_feminine	Western Penan	train	8.86656746031746		False	0.29585798816568043	False	4.519733170955781	0.7151702786377709	False
59015be0ab1203af375a4af4b86c43d5	18028	spontaneous-speech-pne-18028.mp3	15516	1526	Konak ulouk manouk ranag sekulah kejian tatah rah?	[unclear] kejian ireh atan rah kek, amai ulouk menyuk ireh pepatai, amai ulouk menyuk ireh panouk. Amai barak eh jah sat, barak eh jah jian. Dei ireh sat konep, ineh manouk ireh bi panouk. Dekuk neh kirak juk pelawen, dekuk neh kirak juk panouk ireh. Yah dukuk ireh bi kelonyat.	1			Western Penan	train	14.758958494457334		False	0.3490909090909091	False	4.335813213912482	0.6235294117647059	False
a2632e7d8bbc0b5567334fd6bb68604f	18221	spontaneous-speech-pne-18221.mp3	16236	1526	Konak ulouk manouk ranag sekulah kejian tatah rah?	owk...yeng eh jiak menimah,ireh pepauk pepauk,konak peh anag jah,konak peh anag jah,ireh tegayak tegayak keh,yeng ulouk monak dak,tusah peh..nolit rah peh ulouk,keh du'kuk ulouk monak ,yeng eh tatah rah,yeng ireh tai juk,keh adui ineh	1	fifties	male_masculine	Western Penan	train	12.379896526237989		False	0.33766233766233766	False	4.6203083781187555	0.756656346749226	False
3a783f2ba60782823bab13f00d15057a	18305	spontaneous-speech-pne-18305.mp3	16812	1526	Konak ulouk manouk ranag sekulah kejian tatah rah?	Pun..konak piak [um] melayu, konak piak orang putih,konak piak [um] inouk ngaran neh..ireh ivan..ineh bi bengosak yah berajan tong sekulah..ireh anag da itouk..	1			Western Penan	train	8.208422555317629		False	0.16560509554140124	False	3.7968959278016063	0.25510835913312696	True
6daf5823a635cbefd29a368980768870	15357	spontaneous-speech-pne-15357.mp3	16164	1530	Konak penganouk kah pitah kelunan miper kah tong nan-nan penusah kah?	Yeng pun konak peganuk yeng pun tolong oluek owk berterima kasih ngan jian konep ngan ireh keh bi keh ireh tusah ireh terima kasih oluek oluek terima kasih. 	2			Western Penan	train	7.980697847067557		False	0.31818181818181823	False	5.577629108263686	0.9659442724458205	False
15813ed995d0a8f107309df7f9afa0d0	15476	spontaneous-speech-pne-15476.mp3	19296	1530	Konak penganouk kah pitah kelunan miper kah tong nan-nan penusah kah?	Tai mapun peritah amik, ngetiner barak ngan YB amik. Ayuk amik barak penusah amik, ayuk amik barak tusah amik. Mapun YB amik, mapun peritah amik. Miper amik.	2	thirties	female_feminine	Western Penan	train	6.788971807628524		False	0.4285714285714286	False	4.409427312224066	0.6637770897832818	False
d010ca153b96a5ebfd09ba6a2e3e0cf4	15812	spontaneous-speech-pne-15812.mp3	16380	1530	Konak penganouk kah pitah kelunan miper kah tong nan-nan penusah kah?	Dan masa amik susah, amik dan pun pon ayuk pon ; pun toki, ayuk toki. Pinek nan neh. Avik amik pebarak jin batang ume' amik.	2	teens	male_masculine	Western Penan	train	6.1050061050061055		False	0.14049586776859502	False	4.89076369810412	0.853250773993808	False
38d1cf1c53c7826866b3ae7a6495b32f	16018	spontaneous-speech-pne-16018.mp3	19008	1530	Konak penganouk kah pitah kelunan miper kah tong nan-nan penusah kah?	Barak lah ngan rah apabila ulouk pun penusah, pun inouk yah tusah ulouk..barak lah ngan bakeh ulouk ,pedongah lah ngan rah..barak ulouk pun penusah,pata ulouk sitouk,yah sitey.. barak lah ngan nah,keh..tai ulouk ji itouk mapun yah sitey,bikak ngaran neh..keh gaya amik tong penusah.	2	twenties	male_masculine	Western Penan	train	12.626262626262626		False	0.3476702508960573	False	4.228093043257085	0.5628482972136223	True
46b095ac5602bd3bfdf0cc670842c77c	16293	spontaneous-speech-pne-16293.mp3	18288	1530	Konak penganouk kah pitah kelunan miper kah tong nan-nan penusah kah?	Yeng pun konak ayuk amik petobai [noise], tajak amik pet- popeng, amik petipun [noise], ineh min amik ayuk amik mipe, ayuk amik min kelunan tong penusah.	2			Western Penan	train	6.99912510936133		False	0.31333333333333335	False	3.536946728358761	0.10835913312693499	True
209c440297f7fce6c5e4fba0e913f9b8	16466	spontaneous-speech-pne-16466.mp3	9540	1530	Konak penganouk kah pitah kelunan miper kah tong nan-nan penusah kah?	Penganouk amik pitah, amik sumak barak ngan pengojau amik. 	2			Western Penan	train	5.241090146750524		True	0.1071428571428571	False			False
75e882dda7e6942bcfa81c65ba9893a3	16508	spontaneous-speech-pne-16508.mp3	12888	1530	Konak penganouk kah pitah kelunan miper kah tong nan-nan penusah kah?	Dan neh akouk,akouk mengopon ireh kelunan kik,akouk mengopon ireh tinen tamen keik barak penusah keik,mani etolouk mipe akouk dalem penusah kik..	2			Western Penan	train	9.698944754810675		False	0.2676056338028169	False	3.7643790037092373	0.24148606811145512	True
06e91360c689ccdb3c48e8c51aac7b8c	17249	spontaneous-speech-pne-17249.mp3	19476	1530	Konak penganouk kah pitah kelunan miper kah tong nan-nan penusah kah?	Pinek ireh kelunan tong umek   amik jah kampung tobai ireh tai mipei amik tong penusah tong yah pinek-pinek penusah amik tobai ireh tai mipei amik 	2	teens	female_feminine	Western Penan	train	6.161429451632779		False	0.35416666666666663	False	4.363192430808059	0.6408668730650154	False
660efcc153b8f1b83f0e7b7293a6739d	17263	spontaneous-speech-pne-17263.mp3	16848	1530	Konak penganouk kah pitah kelunan miper kah tong nan-nan penusah kah?	Yah keninah ineh, kelunan amik sedirik, tinen tamen amik, vik amik, padik amik. Ineh tue sukat [um] miper amik dalem inouk adui, inouk penusah, inouk yah juk nouk amik yeng senavik yeng tai nouk amik sedirik tapi amik mani-	1	teens	female_feminine	Western Penan	train	10.980531813865149		False	0.25	False	3.9553334717903352	0.3715170278637771	True
d03d164e3a037c9462bb3b7801263813	17684	spontaneous-speech-pne-17684.mp3	24912	1530	Konak penganouk kah pitah kelunan miper kah tong nan-nan penusah kah?	Pebarak amik,pekopon amik supaya amik mojam,supaya amik [um] ngeninik bi bi,ayuk amik jiak petobai,ayuk amik jiak pebarak eh..ineh pu'kuk ayuk amik jadi...[Um] Pepipe dalem penusah amik	1	twenties	female_feminine	Western Penan	train	6.422607578676943		True	0.2692307692307693	False			False
59015be0ab1203af375a4af4b86c43d5	17773	spontaneous-speech-pne-17773.mp3	17928	1530	Konak penganouk kah pitah kelunan miper kah tong nan-nan penusah kah?	Akeuk dan kik pun penusah, dan pun ineuk-ineuk, akeuk pon, akeuk menoki keh, akeuk tobai, akeuk barak ngan ireh somah-somah peh ireh pun akeuk [um] pebarak ngan amik tong umek ineh monen baru akeuk pon, baru akeuk menoki ireh somah-somah pe ireh yah akeuk perolu. 	1			Western Penan	train	12.21552878179384		False	0.3639846743295019	False	4.539963224061952	0.7244582043343654	False
a2632e7d8bbc0b5567334fd6bb68604f	17805	spontaneous-speech-pne-17805.mp3	16416	1530	Konak penganouk kah pitah kelunan miper kah tong nan-nan penusah kah?	Auk, ulouk menat lah setiap penusah memang ulouk pun petobai, baruk kelunan yah mojam. Sik sik pun, kalau ulouk yeng barak, yeng peh kelunan mojam miper ulouk. Dalem adui inouk pun, pinek tusah ulouk yeng kelunan mojam tuai avik ulouk kalau ulouk yeng pitah.	2	fifties	male_masculine	Western Penan	train	13.096978557504872		False	0.3019607843137255	False	3.886421294225081	0.3151702786377709	True
3a783f2ba60782823bab13f00d15057a	18154	spontaneous-speech-pne-18154.mp3	20412	1530	Konak penganouk kah pitah kelunan miper kah tong nan-nan penusah kah?	Konak akouk kan, akouk barak lah. Niah akouk pun kesat kik, niah akouk pun [uh] yeng sukat kek, pun akouk barak ngan kelunan, pun akouk [um] bikak ngan kelunan. Ayuk ireh sukat- [um] ireh sukat tolong. Keh.	1			Western Penan	train	8.32843425436018		False	0.3448275862068966	False	3.6276383626590856	0.15727554179566564	True
209aab5184d892f83f2f6491b90f4867	15247	spontaneous-speech-pne-15247.mp3	27288	1506	Konak kah posot ayuk menyalau piken?	Ulouk posot ayuk menyalau piken neh,melakau sineh,melakau sitey ulouk..tai..tai lak gunung,tai lak tuan, keh ulouk menyalau piken,tai melakau..menotong dan pun muto,tey pekarok,inen neh ayuk ulouk mevalau piken..eh keh ineh	1			Western Penan	train	7.145998240985048		True	0.30000000000000004	False			False
15813ed995d0a8f107309df7f9afa0d0	15264	spontaneous-speech-pne-15264.mp3	11160	1506	Konak kah posot ayuk menyalau piken?	Tei lak tanak akouk, tei lak bek akouk. Ayuk menyalau kik piken kik, ayuk kik menyalau konep kik. Ineh ayuk kik menyalau. 	1	thirties	female_feminine	Western Penan	train	8.960573476702509		True	0.31092436974789917	False			False
6daf5823a635cbefd29a368980768870	15584	spontaneous-speech-pne-15584.mp3	15804	1506	Konak kah posot ayuk menyalau piken?	Owk, yeng pun konak ulouk posot. Posot [unclear] pogen kek, mederk kek, ngeninik lagu kek, dan neh jiak, yeng baca yeng nat firman Tuhan. Yeng eh bagik akouk jiak eh keh. 	1			Western Penan	train	8.85851683118198		False	0.11904761904761907	False	3.9181147616081917	0.34179566563467495	True
916c4bf55dda885cb785b8e0342f30cb	15592	spontaneous-speech-pne-15592.mp3	16956	1506	Konak kah posot ayuk menyalau piken?	akouk tai tong lumak,akouk tai menyalau konep,menyalau piken kik,supaya jian..ngan jiak konep,piken supaya yeng tai tusah konep..	1	fourties	male_masculine	Western Penan	train	6.664307619721632		False	0.24603174603174605	False	4.066193229652627	0.45325077399380803	True
38d1cf1c53c7826866b3ae7a6495b32f	15759	spontaneous-speech-pne-15759.mp3	21348	1506	Konak kah posot ayuk menyalau piken?	Adui amik Ponan, kalau amik posot, menyalau piken amik, mengovot. Pongah ineh, pesinui. Dalem piak amik Ponan, inouk- pesinui ineh lah. Posot, inouk kek nanouk amik, payeg. Ineh salau amik dan amik posot.	1	twenties	male_masculine	Western Penan	train	8.056960839422898		False	0.2935323383084577	False	4.2774659091286145	0.5938080495356037	True
d010ca153b96a5ebfd09ba6a2e3e0cf4	16138	spontaneous-speech-pne-16138.mp3	15768	1506	Konak kah posot ayuk menyalau piken?	Amik sep kola,mengase..mukuk pogen,atau peh..menat ireh tong awa..	1	teens	male_masculine	Western Penan	train	3.741755454084221		False	0.0	False	5.7189630252541805	0.973374613003096	False
209c440297f7fce6c5e4fba0e913f9b8	16175	spontaneous-speech-pne-16175.mp3	15156	1506	Konak kah posot ayuk menyalau piken?	posot ayuk menyalau piken,mukuk petiken,mukuk lak jah ayuk nevalau piken ulouk	1			Western Penan	train	4.486671945104249		False	0.24	False	4.510986779059962	0.7102167182662539	False
46b095ac5602bd3bfdf0cc670842c77c	16423	spontaneous-speech-pne-16423.mp3	19188	1506	Konak kah posot ayuk menyalau piken?	Posot ayuk amik,jiak..ayuk amik,mukuk..yeng amik menyalau dey amik belamak,dey amik podam,dey amik yeng wat,yah ayuk amik posot	1			Western Penan	train	5.784865540963103		False	0.30645161290322576	False	4.131420743371821	0.49226006191950467	True
75e882dda7e6942bcfa81c65ba9893a3	16576	spontaneous-speech-pne-16576.mp3	15408	1506	Konak kah posot ayuk menyalau piken?	Akouk posot ayuk keik menyalau piken,akouk mosep kik,akouk ngeninik lagu,akouk melakau..tatah kik kerk..tai somah somah..ayuk kik menyalau piken 	1			Western Penan	train	8.242471443406023		False	0.2605633802816901	False	3.9442239941751835	0.36160990712074303	True
660efcc153b8f1b83f0e7b7293a6739d	17199	spontaneous-speech-pne-17199.mp3	19980	1506	Konak kah posot ayuk menyalau piken?	Dan kirak pun piken, pun yah peniken ulouk,sukat ulouk mukuk,piken eh..avik eh tai nalek ulouk manouk tai peniken ulouk	1	teens	female_feminine	Western Penan	train	5.055055055055055		False	0.24137931034482762	False	4.793398029987447	0.826625386996904	False
06e91360c689ccdb3c48e8c51aac7b8c	17449	spontaneous-speech-pne-17449.mp3	18324	1506	Konak kah posot ayuk menyalau piken?	Amik posot tong inak yah gonin-gonin ayuk menyalou piken-piken yah sebarang-barang mukuk poset tong inak-inak yah jian 	1	teens	female_feminine	Western Penan	train	5.566470203012442		False	0.2155172413793104	False	5.221533027080623	0.9213622291021671	False
d03d164e3a037c9462bb3b7801263813	17736	spontaneous-speech-pne-17736.mp3	21672	1506	Konak kah posot ayuk menyalau piken?	Mengale lagu, mengale ngelinik lagu. Mengale [um] tosok, mengale seritak ngan bakeh, ngan kelunan, ngan padik. Yah eh pun petobang ulouk. Sineh ulouk pani, sineh ulouk miyak, sineh ulouk tei menyalau-menyalau piken ulouk. 	1	twenties	female_feminine	Western Penan	train	8.720930232558139		True	0.2648401826484018	False			False
59015be0ab1203af375a4af4b86c43d5	18038	spontaneous-speech-pne-18038.mp3	12708	1506	Konak kah posot ayuk menyalau piken?	Akouk posot ; monyun akouk, pogen akouk, nak inouk peh nanouk kek. [unclear] owk kek, akouk posot. 	1			Western Penan	train	6.452628265659427		False	0.22916666666666663	False	4.113835049152336	0.4854489164086687	True
4ec459422dba26b5a75bdf06815cae81	18069	spontaneous-speech-pne-18069.mp3	17244	1506	Konak kah posot ayuk menyalau piken?	Akouk posot ayuk menyalau piken kik, ngan mukuk dan menyalau piken kik dan keik sat rasa,keh..pogen jah ineh tuwerk adui kik..	1			Western Penan	train	6.1470656460218045		False	0.1707317073170732	False	4.0794172445813395	0.46377708978328175	True
3a783f2ba60782823bab13f00d15057a	18098	spontaneous-speech-pne-18098.mp3	16056	1506	Konak kah posot ayuk menyalau piken?	owk...posot neh ayuk menyalau piken..niah menyalau piken,ayuk ulouk manouk adui,manouk keroja pinek..tusah ineh bi..au ineh tai ulouk,menyalau,tai ulouk posot,jadi ineh sukat menyalau piken ulouk..keh	1			Western Penan	train	11.023916292974588		False	0.29949238578680204	False	3.714071658802773	0.21362229102167182	True
a2632e7d8bbc0b5567334fd6bb68604f	18188	spontaneous-speech-pne-18188.mp3	15336	1506	Konak kah posot ayuk menyalau piken?	Owk..yah mojam pesinui,pesinui..yah mojam mengovot,mengovot..keh ayuk menyalau piken neh..mojam menyapik,menyapik..keh ayuk neh mukuk belawai ayuk neh mukuk langit..keh ulouk menyalau piken..ineh jian..	1	fifties	male_masculine	Western Penan	train	11.802295252999478		False	0.371859296482412	False	3.915149295562701	0.33746130030959753	True
6daf5823a635cbefd29a368980768870	15232	spontaneous-speech-pne-15232.mp3	15660	1535	Dan kuk pun jalan nin tai petonak, inouk yah juk koluk kuk ireh tonak?	Tonak akouk dalem sekulah,tonak akouk dalem [um] sagak,tonak akouk dalem adet,tonak akouk dalem piak. semua semua,koluk tuwerk akouk,yeng akouk lerk. Konak konak peh nin ireh ngan kik,akouk yeng milik.. 	1			Western Penan	train	11.11111111111111		False	0.33499999999999996	False	3.3461168492017093	0.039628482972136225	True
15813ed995d0a8f107309df7f9afa0d0	15241	spontaneous-speech-pne-15241.mp3	15048	1535	Dan kuk pun jalan nin tai petonak, inouk yah juk koluk kuk ireh tonak?	Dan keik pun jalan,ireh juk tonak akouk..dan pun avah keik,akouk juk..ireh tonak akouk dalem manouk kueh,dalem manouk tangoh,ineh koluk kik ireh tonak akouk..	1	thirties	female_feminine	Western Penan	train	9.037745879851142		False	0.3096774193548387	False	3.539543416375754	0.1108359133126935	True
46b095ac5602bd3bfdf0cc670842c77c	15871	spontaneous-speech-pne-15871.mp3	19260	1535	Dan kuk pun jalan nin tai petonak, inouk yah juk koluk kuk ireh tonak?	akuek juk koluk ireh tonak akuek murip tonal akuek manuek pengurip ngan jian tong daleh tonak ayuk tonak inak ayuk murip 	1			Western Penan	train	5.192107995846313		False	0.30508474576271183	False	4.158829867060144	0.5145510835913313	True
d010ca153b96a5ebfd09ba6a2e3e0cf4	16052	spontaneous-speech-pne-16052.mp3	16488	1535	Dan kuk pun jalan nin tai petonak, inouk yah juk koluk kuk ireh tonak?	Yan neh konak ulouk manouk itouk ineh, koluk akouk ireh- dan ireh tonak akouk abin ireh barak barak ngan kik, miper akouk.	1	teens	male_masculine	Western Penan	train	6.125667151868026		False	0.2184873949579832	False	3.4768459914342005	0.08111455108359134	True
209c440297f7fce6c5e4fba0e913f9b8	16121	spontaneous-speech-pne-16121.mp3	11988	1535	Dan kuk pun jalan nin tai petonak, inouk yah juk koluk kuk ireh tonak?	Semua akuek koluk tong ineuk-inuek nah semua akuek koluk dak pun ireh tonak 	1			Western Penan	train	5.255255255255255		False	0.2191780821917808	False	4.253903530061669	0.5789473684210527	True
38d1cf1c53c7826866b3ae7a6495b32f	16234	spontaneous-speech-pne-16234.mp3	18576	1535	Dan kuk pun jalan nin tai petonak, inouk yah juk koluk kuk ireh tonak?	Tong daleh amik pun kejiak nat masa amik manuek lumak yeng jadi-jadi nok ineuk lumak pogeng patak yeng pun jakat neh yeng pun jian neh 	1	twenties	male_masculine	Western Penan	train	5.921619293712316		False	0.21212121212121215	False	4.3384328703475985	0.6272445820433437	False
75e882dda7e6942bcfa81c65ba9893a3	16522	spontaneous-speech-pne-16522.mp3	16200	1535	Dan kuk pun jalan nin tai petonak, inouk yah juk koluk kuk ireh tonak?	Dan kik- dan kik pun jalan ayuk kik tai petonak, akouk juk koluk ireh tonak akouk konak- konak manouk tuvu, ayuk menuvu kat semuah tuvu yah sukat kinan ulouk kelunan.	1			Western Penan	train	8.456790123456791		False	0.17791411042944782	False	3.647471198537123	0.16842105263157894	True
660efcc153b8f1b83f0e7b7293a6739d	17366	spontaneous-speech-pne-17366.mp3	16380	1535	Dan kuk pun jalan nin tai petonak, inouk yah juk koluk kuk ireh tonak?	akouk koluk ireh tonak akouk dalem semuah yah pun tong konep kik,akouk koluk pesavik,akouk koluk akouk avik dalem adui,dalem inouk yah nouk amik,yah koluk kik	1	teens	female_feminine	Western Penan	train	8.180708180708182		False	0.3419354838709677	False	3.1321980422659865	0.007430340557275541	True
06e91360c689ccdb3c48e8c51aac7b8c	17551	spontaneous-speech-pne-17551.mp3	19044	1535	Dan kuk pun jalan nin tai petonak, inouk yah juk koluk kuk ireh tonak?	pinek yah eh juk koluk koluk ayuk kik petonak tapik yeng akouk mojam barak..inouk yah eh juk ayuk kik petonak tapik koluk akouk petonak inouk yah eh pun	1	teens	female_feminine	Western Penan	train	6.563747111951271		False	0.4563758389261745	False	3.2803852262701554	0.02476780185758514	True
15c3189343ecfed295e773c9a86db318	17581	spontaneous-speech-pne-17581.mp3	16380	1535	Dan kuk pun jalan nin tai petonak, inouk yah juk koluk kuk ireh tonak?	Yah koluk juk ireh tonak akouk, tonak dalem kat semuah adui. Semuah adey amik rodu. Konak tog borat, konak tog beg. Ineh yah koluk berajan, yah koluk petonak kek, dekuk neh akouk yeng mojam.	1	twenties	female_feminine	Western Penan	train	9.584859584859585		False	0.20855614973262027	False	3.4591608265993474	0.07120743034055728	True
d03d164e3a037c9462bb3b7801263813	17715	spontaneous-speech-pne-17715.mp3	22320	1535	Dan kuk pun jalan nin tai petonak, inouk yah juk koluk kuk ireh tonak?	Tonak akouk berajan, tonak akouk beriba, tonak akouk [uh] manouk kueh kek, manouk [um] be'ek kek, konak cara-cara, gaya ireh manouk. 	1	twenties	female_feminine	Western Penan	train	5.017921146953405		True	0.3076923076923077	False			False
59015be0ab1203af375a4af4b86c43d5	17946	spontaneous-speech-pne-17946.mp3	17388	1535	Dan kuk pun jalan nin tai petonak, inouk yah juk koluk kuk ireh tonak?	Akouk..dan pun jalan,dan pun sukat ayuk kik tai petonak akouk,dan pun ireh tonak akouk,akouk koluk petonak dalem adui kik manouk laker, dalem adui kik,dalem piak kik itouk..tonak piak kik m'dey akouk lalek manouk piak sat..	1			Western Penan	train	10.869565217391305		False	0.3727272727272727	False	3.37850831129449	0.04829721362229102	True
a2632e7d8bbc0b5567334fd6bb68604f	18057	spontaneous-speech-pne-18057.mp3	15408	1535	Dan kuk pun jalan nin tai petonak, inouk yah juk koluk kuk ireh tonak?	Owk, mah nat jalan lah dan neh pun. Ayuk- Jian peh siran- sineh ate, juk koluk juk koluk lawu, ale' akouk koluk mojam. Inouk peh yah juk dalem konep kik, ineh akouk juk koluk awu. Keh dalem konep kik.	1	fifties	male_masculine	Western Penan	train	10.514018691588785		False	0.25888324873096447	False	4.158802390498757	0.5139318885448917	True
3a783f2ba60782823bab13f00d15057a	18182	spontaneous-speech-pne-18182.mp3	18864	1535	Dan kuk pun jalan nin tai petonak, inouk yah juk koluk kuk ireh tonak?	Niah akouk itouk [um] niah akouk itouk jin sau kan, juk koluk akouk petonak manyam. Manyam itouk [um] jan nan- jah nan adui jah nan keroja ulouk Ponan. Inouk kek dekuk ulouk juk [um] mobet eh, inouk kek dekuk ulouk juk bet eh.	1			Western Penan	train	9.754028837998304		False	0.34080717488789236	False	4.455436656567485	0.6835913312693499	False
209aab5184d892f83f2f6491b90f4867	15201	spontaneous-speech-pne-15201.mp3	18720	1545	Kok barak adui yah nanouk kuk ngan pongahnanouk kuk?	Konak kok barak adui yah eh nanouk kok ineh pongah. Inouk kat kelunan eh mojam eh keh ineh. Adui nanouk kuk ineh. Eh pongah nanouk, pongah bi keroja kuk ineh. Yeng eh pun, kat kelunan mojam.	1			Western Penan	train	8.27991452991453		False	0.320855614973262	False	4.342671549016237	0.6303405572755418	False
916c4bf55dda885cb785b8e0342f30cb	15261	spontaneous-speech-pne-15261.mp3	18828	1545	Kok barak adui yah nanouk kuk ngan pongahnanouk kuk?	Amik pongah [um] manouk lumak. Manouk lumak sawit ngan amik kerja sendirik- sedirik ngan manouk adui menuvu.	1	fourties	male_masculine	Western Penan	train	4.886339494370088		False	0.18095238095238098	False	4.139988981093357	0.5009287925696595	True
6daf5823a635cbefd29a368980768870	15293	spontaneous-speech-pne-15293.mp3	16596	1545	Kok barak adui yah nanouk kuk ngan pongahnanouk kuk?	Mopuk pongah, muwik pigan pongah, [unclear] siruk pongah, poteq lamin pongah, mopa lamin pongah, arei menyapu lamin pongah, ineuk la? Kuman pongah, masaq pongah, maneuk penguman pongah. 	1			Western Penan	train	9.58062183658713		False	0.40437158469945356	False	5.5001564365651845	0.9597523219814241	False
15813ed995d0a8f107309df7f9afa0d0	15516	spontaneous-speech-pne-15516.mp3	20196	1545	Kok barak adui yah nanouk kuk ngan pongahnanouk kuk?	Adui yah pongah nanouk kik, adui dalem tuvu, dalem tangoh, dalem [unclear] kik. Ineh adui ya pingah nanouk kik. Adui yah yeng kalek nanouk, yeng akouk mojam. Yeng eh pun. Jah sumak kojam kik, manouk tuvu, manouk tangoh. Inek kojam kik manouk. 	1	thirties	female_feminine	Western Penan	train	9.952465834818776		False	0.3416666666666667	False	3.553784548248664	0.1195046439628483	True
d010ca153b96a5ebfd09ba6a2e3e0cf4	15777	spontaneous-speech-pne-15777.mp3	16920	1545	Kok barak adui yah nanouk kuk ngan pongahnanouk kuk?	Yeng kalek pun adui yah sukat, yah pongah nanouk kik. dey itouk kan umon kik sig ngan neh kek larui yeng sukat padui.	1	teens	male_masculine	Western Penan	train	5.614657210401891		False	0.0964912280701754	False	3.980757220905577	0.39442724458204337	True
46b095ac5602bd3bfdf0cc670842c77c	15838	spontaneous-speech-pne-15838.mp3	15768	1545	Kok barak adui yah nanouk kuk ngan pongahnanouk kuk?	[sniff] Owk, yeng pun adui yah pongah pinek. Adui sumak manouk lumak, manouk tuvu, manouk [unclear] Ineh adui, yeng pun adui boken. Keh.	1			Western Penan	train	7.229832572298325		False	0.21804511278195493	False	3.165713169590716	0.011145510835913313	True
38d1cf1c53c7826866b3ae7a6495b32f	16223	spontaneous-speech-pne-16223.mp3	16668	1545	Kok barak adui yah nanouk kuk ngan pongahnanouk kuk?	Yah adui nanouk kik ngan pongah nanouk kik, yeng pun yah kojam kik. Adui nanouk kik konak tog akouk menimeg, akouk memuket, akouk melakau, akouk pitah urip. Ineh yah adui yah nanouk kik. Yeng piak kik barak adui yah nouk kik. 	1	twenties	male_masculine	Western Penan	train	11.099112071034318		False	0.36322869955156956	False	3.430684203893459	0.06439628482972136	True
209c440297f7fce6c5e4fba0e913f9b8	16396	spontaneous-speech-pne-16396.mp3	15588	1545	Kok barak adui yah nanouk kuk ngan pongahnanouk kuk?	Dalem itouk, adui yah pongah nouk kik, akouk sumak mauk ireh tuwerk. padui somah somah, akouk mauk ireh tuwerk. yeng akouk mojam seritak	1			Western Penan	train	7.313317936874518		False	0.2556390977443609	False	3.2981389625071453	0.026006191950464396	True
75e882dda7e6942bcfa81c65ba9893a3	16514	spontaneous-speech-pne-16514.mp3	18648	1545	Kok barak adui yah nanouk kuk ngan pongahnanouk kuk?	Adui yah pongah nanuek kik yan neh akuek pongah sekulah yan neh akuek pongah bi berajan kek[unclear] tong sekulah dan ineh lah akuek lak university akuek berajan ayuk petotek urip 	1			Western Penan	train	8.043758043758045		False	0.27118644067796616	False	4.254180968582532	0.5808049535603715	True
15c3189343ecfed295e773c9a86db318	17272	spontaneous-speech-pne-17272.mp3	16200	1545	Kok barak adui yah nanouk kuk ngan pongahnanouk kuk?	Akouk koluk manouk bem, koluk manouk pokah, koluk manouk [unclear] lake. Pongah alek lake. Koluk manouk lake. Pongah ineh manouk bek, manouk pokah. 	1	twenties	female_feminine	Western Penan	train	7.71604938271605		False	0.45517241379310347	False	3.5643752927227417	0.1281733746130031	True
660efcc153b8f1b83f0e7b7293a6739d	17338	spontaneous-speech-pne-17338.mp3	15840	1545	Kok barak adui yah nanouk kuk ngan pongahnanouk kuk?	Adui yah nouk kik, mopuk, mopa, muwik pigan, ngejokuk daven. ineh tuek adui nouk kik. manouk peguman monak anag, monak lakeik kik. dukuk neh ineh adui kik, ineh tuek adui kik	1	teens	female_feminine	Western Penan	train	9.090909090909092		False	0.2807017543859649	False	4.311878830534779	0.6111455108359133	False
06e91360c689ccdb3c48e8c51aac7b8c	17555	spontaneous-speech-pne-17555.mp3	16704	1545	Kok barak adui yah nanouk kuk ngan pongahnanouk kuk?	Pinek adui yah nanouk kik pongah. Yah eh pun pongah nanouk kik, pinek yah inouk kek, barang barang inouk kah yah pongah nanouk kik pongah.	1	teens	female_feminine	Western Penan	train	6.82471264367816		False	0.41481481481481486	False	3.56404522929587	0.12755417956656348	True
d03d164e3a037c9462bb3b7801263813	17723	spontaneous-speech-pne-17723.mp3	21204	1545	Kok barak adui yah nanouk kuk ngan pongahnanouk kuk?	Adui ulouk nanouk ulouk pinek, inouk ulouk mopa, ulouk mopuk, ulouk muwik, manouk penguman,  jagak anak ulouk, jagak padik ulouk, jagak kelunan, jagak tinen tamen ulouk. ineh yah adui ulouk, penting eh nanouk ulouk. 	1	twenties	female_feminine	Western Penan	train	8.536125259385022		False	0.3802816901408451	False	3.9500679571027786	0.36656346749226004	True
59015be0ab1203af375a4af4b86c43d5	18040	spontaneous-speech-pne-18040.mp3	13932	1545	Kok barak adui yah nanouk kuk ngan pongahnanouk kuk?	Adui yah yeng kalek pongah nanouk kek ineh, adui kek dalem konep kek, adui manouk laker, juk manouk inouk inouk. Ineh adui yah juk nanouk kik. Yah inen neh [unclear]	1			Western Penan	train	9.761699684180304		False	0.25308641975308643	False	3.310245508691674	0.027244582043343655	True
a2632e7d8bbc0b5567334fd6bb68604f	18112	spontaneous-speech-pne-18112.mp3	15480	1545	Kok barak adui yah nanouk kuk ngan pongahnanouk kuk?	Owk pun adui yah nanouk kik, pun keroja yah nanouk kik, patut nanouk kik, sukat narak, sukat tenosog kik. pun peh yeng, yah yeng nanouk, yeng akouk koluk barak. yah nanouk kik, koluk akouk barak. dukuk anag kik mojam, dukuk ayam kik mojam.	1	fifties	male_masculine	Western Penan	train	12.72609819121447		False	0.4067796610169492	False	3.586120553545057	0.1393188854489164	True
3a783f2ba60782823bab13f00d15057a	18325	spontaneous-speech-pne-18325.mp3	17424	1545	Kok barak adui yah nanouk kuk ngan pongahnanouk kuk?	Adui nouk kik da itouk,yeng pun inouk adui kik...mukuk ngate..Tapik pun peh akouk manouk adui kik konak manouk kueh, manouk penguman, manouk adui yah tong lamin,akouk mopa lamin,poterk lamin,petome lamin..ineh bi adui kik,ineh bi keroja kik..keh..	1			Western Penan	train	12.16712580348944		False	0.2909836065573771	False	3.949083959192151	0.3653250773993808	True
15813ed995d0a8f107309df7f9afa0d0	15533	spontaneous-speech-pne-15533.mp3	19656	1475	Tulan urouk inouk tipan lalek tan kuk siget langit?	Urouk yah lalek tipan kek siget langit, onyog uveik. Dekuk ineh yah lalek kinan, dekuk ineh yah lalek dalem urip amik. Yah pakey amik menyiget langit, onyog uveik.	1	thirties	female_feminine	Western Penan	train	6.919006919006919		False	0.3125	False	3.7911769517073317	0.2520123839009288	True
6daf5823a635cbefd29a368980768870	15598	spontaneous-speech-pne-15598.mp3	16128	1475	Tulan urouk inouk tipan lalek tan kuk siget langit?	Auk, urouk pogeng tan kik ineh urouk beladak, urouk bunga, urouk sit, urouk parai, urouk- urouk usan, ubat urouk. Ineh tan kik.	1			Western Penan	train	6.572420634920634		False	0.3145161290322581	False	5.2077723064360315	0.9195046439628483	False
209aab5184d892f83f2f6491b90f4867	15664	spontaneous-speech-pne-15664.mp3	16524	1475	Tulan urouk inouk tipan lalek tan kuk siget langit?	akouk menat itouk kerana kik juk berajan,kerana kik juk katap, adui ineh,keroja ineh yah nouk neh ineh..ineh pu'kuk ayuk  kik lalek tai tapan,tai menat eh siget langit. akouk juk katap adui ineh,keh.	1			Western Penan	train	10.106511740498668		False	0.2602040816326531	False	4.554180652769502	0.7325077399380805	False
d010ca153b96a5ebfd09ba6a2e3e0cf4	15963	spontaneous-speech-pne-15963.mp3	16956	1475	Tulan urouk inouk tipan lalek tan kuk siget langit?	Urouk beladak, urouk sobey ; tuvu yah pogeng tan kek menyiget saput. Yan neh abin siget langit yan neh beladak ineh lah. Ineh tue tan kek saput.	1	teens	male_masculine	Western Penan	train	6.959188487850908		False	0.17730496453900713	False	4.533369479202777	0.7207430340557276	False
209c440297f7fce6c5e4fba0e913f9b8	16084	spontaneous-speech-pne-16084.mp3	15696	1475	Tulan urouk inouk tipan lalek tan kuk siget langit?	Yah urouk tipan lalek tan kik siget langit,tong lakau amik,urouk..bunga monyek..bunga malu..	1			Western Penan	train	5.160550458715597		False	0.101123595505618	False	5.556176134357234	0.9647058823529412	False
75e882dda7e6942bcfa81c65ba9893a3	16307	spontaneous-speech-pne-16307.mp3	16920	1475	Tulan urouk inouk tipan lalek tan kuk siget langit?	Pun tulan urouk yah tipan lalek tan amik siget langit,siget langit,yan neh dauviek,yan neh situn,yan neh pakouk,yan neh kusai..yah lalek pogeng kinan amik..yah malai kinan amik lah..	1			Western Penan	train	9.219858156028367		False	0.2793296089385475	False	4.111919717955558	0.4842105263157895	True
38d1cf1c53c7826866b3ae7a6495b32f	16337	spontaneous-speech-pne-16337.mp3	15336	1475	Tulan urouk inouk tipan lalek tan kuk siget langit?	Beladak. Somah somah akouk tai beladak. Musit, beladak. Rauk, beladak. Kekomah-komah tai, beladak beladak. Ineh yah pogeng tan kik, beladak. Somah somah kok tai, beladak. tong tuvu tenuvu ulouk, beladak loh kek musit.	1	twenties	male_masculine	Western Penan	train	12.063119457485657		False	0.4018691588785047	False	4.8025085117459225	0.8297213622291022	False
46b095ac5602bd3bfdf0cc670842c77c	16410	spontaneous-speech-pne-16410.mp3	16596	1475	Tulan urouk inouk tipan lalek tan kuk siget langit?	Akouk menat uvut, menat segolah, menat jalan, menat be'ek, menat talang. Ineh tan- pogeng tan kek tong inak- taget siget langit.	1			Western Penan	train	6.507592190889371		False	0.18400000000000005	False	4.385809934154199	0.6507739938080496	False
06e91360c689ccdb3c48e8c51aac7b8c	17492	spontaneous-speech-pne-17492.mp3	16632	1475	Tulan urouk inouk tipan lalek tan kuk siget langit?	Beladak, tong inak amik, ureuk-ureuk yah musit-musit tong lasan. Jiak ureuk-ureuk ineh.	1	teens	female_feminine	Western Penan	train	4.569504569504569		False	0.20238095238095233	False	4.954558900898099	0.8687306501547988	False
660efcc153b8f1b83f0e7b7293a6739d	17637	spontaneous-speech-pne-17637.mp3	15876	1475	Tulan urouk inouk tipan lalek tan kuk siget langit?	Yah tan kik siget langit,kerita,muto,tai menat ireh melakau..ineh tuwerk tan kik siget langit,yeng pun yah boken jin ineh..	1	teens	female_feminine	Western Penan	train	6.676744771982867		False	0.16666666666666663	False	3.1789371205422716	0.013003095975232198	True
d03d164e3a037c9462bb3b7801263813	17703	spontaneous-speech-pne-17703.mp3	22824	1475	Tulan urouk inouk tipan lalek tan kuk siget langit?	Pinek urouk. Urouk, urouk bung kek, urouk [um] beladak kek, [um] situn, inouk [um] urouk sit, urouk yung, eh tan ulouk pogeng-pogeng. 	1	twenties	female_feminine	Western Penan	train	4.907115317209954		True	0.2748091603053435	False			False
59015be0ab1203af375a4af4b86c43d5	17864	spontaneous-speech-pne-17864.mp3	16596	1475	Tulan urouk inouk tipan lalek tan kuk siget langit?	Yah lalek tan kik, ah pogeng tan kik neh ; bue' libu yah tong lamin kik Ineh tong dapon kik neh. Ineh urouk yah tipan tan kik, tulan yah tipan tan kik dalem urip kik itouk siget langit.	1			Western Penan	train	8.917811520848398		False	0.2802197802197802	False	4.072329422275234	0.45758513931888545	True
a2632e7d8bbc0b5567334fd6bb68604f	18142	spontaneous-speech-pne-18142.mp3	16308	1475	Tulan urouk inouk tipan lalek tan kuk siget langit?	owk..yeng akouk mojam urouk inouk yah tan kik,sebarang mauk posek maten kik,yeng tan kik..daon urouk inouk urouk inouk ,poleng bin neh tan kik jin daon balak,jin daon tap,daon avung,daon belotik,tan kik siget langit,keh	1	fifties	male_masculine	Western Penan	train	11.466764778023055		False	0.2685185185185185	False	4.830446005672667	0.8402476780185758	False
3a783f2ba60782823bab13f00d15057a	18148	spontaneous-speech-pne-18148.mp3	16848	1475	Tulan urouk inouk tipan lalek tan kuk siget langit?	Urouk yah tenobang kik ineh [um] urouk bung. Urouk bung ineh pongah tan kik tong inouk ngaran neh tong lumak, pogeng tan kik sau. Ineh lah urouk yah akouk nat, pongah ineh pun kejiak neh ngan ulouk. 	1			Western Penan	train	9.615384615384617		False	0.26530612244897955	False	3.8470650785730163	0.2873065015479876	True
6daf5823a635cbefd29a368980768870	15339	spontaneous-speech-pne-15339.mp3	15696	1583	Inouk lete’erk ireh anag tong daleh kah?	Umk..pekuwak niik erey nek..yeng pun konak konak..pekuwak eh narak kiik erey nek..yeng pun yah konak konak penganouk,gaya..erei..konak nat eh..pekuwak ineh,pekuwak eh narak kik niik..	1			Western Penan	train	10.19367991845056		False	0.4	False	4.644468116580623	0.7684210526315789	False
15813ed995d0a8f107309df7f9afa0d0	15352	spontaneous-speech-pne-15352.mp3	10836	1583	Inouk lete’erk ireh anag tong daleh kah?	Leterk ireh anag tong daleh amik ; mengase, pepauk, tun, odog.	1	thirties	female_feminine	Western Penan	train	4.798818752307124		True	0.016949152542372836	False			False
916c4bf55dda885cb785b8e0342f30cb	15518	spontaneous-speech-pne-15518.mp3	18216	1583	Inouk lete’erk ireh anag tong daleh kah?	ireh manouk [um] le'terk ungap polim,ireh manouk mengase,tai peporang le'terk arok, ngan pekolim tong lamin.	1	fourties	male_masculine	Western Penan	train	5.160298638559508		False	0.16190476190476188	False	4.9094378573949955	0.8582043343653251	False
38d1cf1c53c7826866b3ae7a6495b32f	15894	spontaneous-speech-pne-15894.mp3	20700	1583	Inouk lete’erk ireh anag tong daleh kah?	Pinek masem le'terk lah,tun jin bawai konak amik sau..tun jin uve,tun jin tanak,pongah ineh tai menanem tong tuan..tai ngedotek,pinek masem lah..manouk gaban malat,ireh manouk gaban penart,ayuk ireh tai tai kle'terk..memitang,memokot..	1	twenties	male_masculine	Western Penan	train	9.951690821256038		False	0.19396551724137934	False	5.045419688428926	0.886687306501548	False
d010ca153b96a5ebfd09ba6a2e3e0cf4	16016	spontaneous-speech-pne-16016.mp3	16200	1583	Inouk lete’erk ireh anag tong daleh kah?	Keteik moruk pepauk kek ineuk kek pojuk main ugam main bon ireh pagem ireh 	1	teens	male_masculine	Western Penan	train	3.765432098765432		False	0.13888888888888884	False	7.4463752773120095	0.9969040247678018	False
46b095ac5602bd3bfdf0cc670842c77c	16214	spontaneous-speech-pne-16214.mp3	15588	1583	Inouk lete’erk ireh anag tong daleh kah?	Ateq ireh tong daleh amik, ateq ireh, ireh anaq jian, anaq sukat [unclear] pinek naneuk, [unclear].	1			Western Penan	train	5.388760585065435		False	0.19791666666666663	False	3.59883212685497	0.14613003095975233	True
75e882dda7e6942bcfa81c65ba9893a3	16346	spontaneous-speech-pne-16346.mp3	15084	1583	Inouk lete’erk ireh anag tong daleh kah?	Lete'erk amik yan ne tei memolah, yan ne tei pitah paken, tei moli paken, yan ne tei pelangui. Ineh lete'erk amik dan amik anak sau. Yeng konak ireh anak langit iteuk. 	1			Western Penan	train	9.082471492972688		False	0.2787878787878788	False	4.412403428379003	0.6650154798761609	False
209c440297f7fce6c5e4fba0e913f9b8	16450	spontaneous-speech-pne-16450.mp3	15336	1583	Inouk lete’erk ireh anag tong daleh kah?	Le'terk ireh anag tong daleh amik, ineh..kelanyat,pekalak,ireh pebakeh.. atau pun..ireh sagak..	1			Western Penan	train	5.542514345331247		False	0.06521739130434778	False	3.863675923435459	0.2959752321981424	True
660efcc153b8f1b83f0e7b7293a6739d	17284	spontaneous-speech-pne-17284.mp3	16020	1583	Inouk lete’erk ireh anag tong daleh kah?	le'terk ireh anag tong daleh amik,kle'terk ..main bon,kle'terk tong berk,tai pelangui tai memuket,tai ngejalak,tai mauk topun ireh,tai tong tanak ineh bi adui ireh anag,le'terk ireh anag tong lamin amik	1	teens	female_feminine	Western Penan	train	10.861423220973784		False	0.3015075376884422	False	3.5434699533174734	0.11393188854489164	True
15c3189343ecfed295e773c9a86db318	17542	spontaneous-speech-pne-17542.mp3	16668	1583	Inouk lete’erk ireh anag tong daleh kah?	Le'terk ireh anag tong daleh amik,tai alek tangoh,tai alek pakouk,mulik jin ineh,manouk kanen,manouk tangoh,pongah ineh kuman..pongah ineh tai mopuk,tosog tosog ,ineh le'terk amik tong daleh	1	twenties	female_feminine	Western Penan	train	9.9592032637389		False	0.2727272727272727	False	3.579319988958773	0.13560371517027864	True
06e91360c689ccdb3c48e8c51aac7b8c	17578	spontaneous-speech-pne-17578.mp3	16812	1583	Inouk lete’erk ireh anag tong daleh kah?	Le'terk ireh anag bi kle'terk main bon,mengase,tai kle'terk rak lamin,kle'terk tong tanak,tai main main ngan ireh sineh..tai pate le'terk ngan ireh sineh..	1	teens	female_feminine	Western Penan	train	7.970497263859148		False	0.32894736842105265	False	3.9715623510492755	0.38699690402476783	True
d03d164e3a037c9462bb3b7801263813	17710	spontaneous-speech-pne-17710.mp3	16272	1583	Inouk lete’erk ireh anag tong daleh kah?	Pinek le,'terk main bon,main takraw,main bola tampar, [um] pinek pinek le'terk le'terk ireh..pepauwk..mengase..mainungap..adui ireh anag tong umerk itam	1	twenties	female_feminine	Western Penan	train	8.296460176991149		False	0.20134228187919467	False	4.381647798064224	0.6470588235294118	False
a2632e7d8bbc0b5567334fd6bb68604f	17765	spontaneous-speech-pne-17765.mp3	16236	1583	Inouk lete’erk ireh anag tong daleh kah?	Pun le'terk ireh..pinek le'terk ireh anag yah patut ayuk ireh kle'terk... tong lasan,tong padang,kle'terk moruk,ireh poterk,ireh petayuk,ireh alek  masa..tai tong topin..sineh le'terk anag..	1	fifties	male_masculine	Western Penan	train	10.285784676028578		False	0.27807486631016043	False	4.452613249071214	0.6804953560371517	False
59015be0ab1203af375a4af4b86c43d5	18007	spontaneous-speech-pne-18007.mp3	13896	1583	Inouk lete’erk ireh anag tong daleh kah?	Leterk ireh lakau ireh anag tong daleh kik ineh, leterk ireh jah ireh mengase, ireh main bon, [um] ireh ayuk basika, ireh tai moruk. Ineh leterk ineh anag tong daleh kik.	1			Western Penan	train	10.074841681059295		False	0.33532934131736525	False	3.6297614636223483	0.15789473684210525	True
3a783f2ba60782823bab13f00d15057a	18123	spontaneous-speech-pne-18123.mp3	17784	1583	Inouk lete’erk ireh anag tong daleh kah?	[um] leterk sagak, leterk menyapik, leterk ireh koluk lagu, koluk manouk [um] mengitang, koluk sagak [um] sagak lah. Koluk yah manouk adui yah jian. 	1			Western Penan	train	7.028789923526766		False	0.31506849315068497	False	3.5614226051361193	0.12445820433436533	True
15813ed995d0a8f107309df7f9afa0d0	15239	spontaneous-speech-pne-15239.mp3	12708	1544	Dan pun avah jah langit ayuk kok petonak ngan adui pengawu, konak adui ineh? Inouk pukuk kok koluk?	Adui inouk yah ayuk juk- ayuk kik juk petonak? Dan akouk yeng pun avah, dan kek yeng pun jalan, ayuk kek petonak. Manouk adui monak kok.	1	thirties	female_feminine	Western Penan	train	8.734655335221907		False	0.23308270676691734	False	3.9435385827599143	0.35975232198142415	True
6daf5823a635cbefd29a368980768870	15467	spontaneous-speech-pne-15467.mp3	17172	1544	Dan pun avah jah langit ayuk kok petonak ngan adui pengawu, konak adui ineh? Inouk pukuk kok koluk?	Adui juk koluk tonak kik yan neh sagak, motit sapik, motit gitar, lagu, pinek adui juk koluk tenonak. akouk juk koluk menyuk ireh tonak akouk, ayuk kik jiak mojam, jiak manouk jah persembahan monak ireh.	1			Western Penan	train	9.841602608898206		False	0.25	False	3.9250215577363976	0.3473684210526316	True
209aab5184d892f83f2f6491b90f4867	15615	spontaneous-speech-pne-15615.mp3	27684	1544	Dan pun avah jah langit ayuk kok petonak ngan adui pengawu, konak adui ineh? Inouk pukuk kok koluk?	Ineh piak petonak adui ineh, pun. Keh piak uleuk dalem petonak adui. Pun jah langit ayuk kuk petonak adui, adui ineuk yah kenonak ineh, yah konak toq mosak, yah konak toq munat. Ineh adui bagik uleuk Ponan. Ngah ineh, mengaseuk, menimeq ineh adui uleuk Ponan. Keh. 	1			Western Penan	train	7.910706545296922		True	0.36641221374045807	False			False
38d1cf1c53c7826866b3ae7a6495b32f	15810	spontaneous-speech-pne-15810.mp3	17388	1544	Dan pun avah jah langit ayuk kok petonak ngan adui pengawu, konak adui ineh? Inouk pukuk kok koluk?	Yah itouk akouk kurang tong- tong nah itouk. Yeng akouk mojam jawab itouk, jadi akouk mani map lah yeng akouk mojam konak akouk jawab piak itouk. Keh.	1	twenties	male_masculine	Western Penan	train	7.131354957441913		False	0.3197278911564626	False	3.782723752388483	0.24705882352941178	True
d010ca153b96a5ebfd09ba6a2e3e0cf4	16039	spontaneous-speech-pne-16039.mp3	16740	1544	Dan pun avah jah langit ayuk kok petonak ngan adui pengawu, konak adui ineh? Inouk pukuk kok koluk?	Akuek petonak dukuk kik mojam yah duduk kik tonak ngan ireh. Abin akuek alek pengalaman yah lobih Jin eh tarik 	1	teens	male_masculine	Western Penan	train	5.436081242532855		False	0.12037037037037035	False	4.787264478025711	0.8229102167182663	False
209c440297f7fce6c5e4fba0e913f9b8	16128	spontaneous-speech-pne-16128.mp3	14688	1544	Dan pun avah jah langit ayuk kok petonak ngan adui pengawu, konak adui ineh? Inouk pukuk kok koluk?	Keh, yeng eh jin pengoluk. Dan pun ireh min, dan pun ireh tonak, dan pun ireh tobai ; akouk tai tue. Keh.	1			Western Penan	train	5.718954248366013		False	0.22549019607843135	False	3.884141268046984	0.3126934984520124	True
46b095ac5602bd3bfdf0cc670842c77c	16133	spontaneous-speech-pne-16133.mp3	28548	1544	Dan pun avah jah langit ayuk kok petonak ngan adui pengawu, konak adui ineh? Inouk pukuk kok koluk?	Dan pun avah jah langit ayuk kok petonak ngan adui pengau, konak adui ineh dan neh ayuk kik koluk de'kuk neh pekurip, de'kuk neh ayuk kik murip. pukuk ayuk kik pun ayuk kik makan ayuk kik nat anag.	1			Western Penan	train	5.604595768530195		True	0.30927835051546393	False			False
75e882dda7e6942bcfa81c65ba9893a3	16310	spontaneous-speech-pne-16310.mp3	20088	1544	Dan pun avah jah langit ayuk kok petonak ngan adui pengawu, konak adui ineh? Inouk pukuk kok koluk?	Dan pun jah langit ayuk kik petonak ngan adui pengau, yan ne akouk juk berajan juk jadi guruk. Dukuk tinen tamen kik lalek arap akouk jadi guruk. Nak pe akouk lawen piak rah, nak pe akouk [um] yeng ngelinik piak rah. Keh	1			Western Penan	train	8.91079251294305		False	0.2073732718894009	False	4.559640345038517	0.7337461300309598	False
15c3189343ecfed295e773c9a86db318	17427	spontaneous-speech-pne-17427.mp3	17100	1544	Dan pun avah jah langit ayuk kok petonak ngan adui pengawu, konak adui ineh? Inouk pukuk kok koluk?	Akouk koluk kat adui ineh, akouk berajan koluk petonak, ngan tinen, ngan topun kik, ngan pengojau kik. akouk koluk petonak semua kat adui ineh. Supaya kek mojam pah avik awu itouk.	1	twenties	female_feminine	Western Penan	train	8.771929824561402		False	0.25988700564971756	False	3.9999603121386094	0.40804953560371515	True
06e91360c689ccdb3c48e8c51aac7b8c	17468	spontaneous-speech-pne-17468.mp3	15516	1544	Dan pun avah jah langit ayuk kok petonak ngan adui pengawu, konak adui ineh? Inouk pukuk kok koluk?	Koluk petonak, koluk barak ngan ereh ayuk ireh jiak mojam. inouk yah eh kojam ulouk ,ayuk ulouk  jiak barak ngan ireh yah yeng mojam.	1	teens	female_feminine	Western Penan	train	7.025006444960042		False	0.25384615384615383	False	3.2309161439330363	0.017956656346749224	True
660efcc153b8f1b83f0e7b7293a6739d	17675	spontaneous-speech-pne-17675.mp3	16200	1544	Dan pun avah jah langit ayuk kok petonak ngan adui pengawu, konak adui ineh? Inouk pukuk kok koluk?	Dan pun langit ayuk petonak; petonak sagak, petonak manouk beg, manouk bokui, konak manyam. Dekuk ineh tue adui amik rodu. Dekuk yeng pun rodu yah yeng sukat manouk keh, jadi ulouk berajan.	1	teens	female_feminine	Western Penan	train	9.753086419753089		False	0.22580645161290325	False	3.692737665926383	0.19938080495356036	True
59015be0ab1203af375a4af4b86c43d5	17734	spontaneous-speech-pne-17734.mp3	21204	1544	Dan pun avah jah langit ayuk kok petonak ngan adui pengawu, konak adui ineh? Inouk pukuk kok koluk?	Owk, akouk dan pun avah kik siran siran, akouk juk manouk dalem adui laker kik. Adui laker yah koluk kik. Adui ineh, sat lah manouk eh tapik ineh adalah dalem konep kik, yah juk koluk kik. Dan pun Jadi neh nanouk kek. Akouk koluk lah- akouk koluk ngan adui ineh dekuk neh sukat menghasilkan rigit, sukat menolong keluarga kik.	1			Western Penan	train	12.639124693454065		False	0.32198142414860687	False	4.137259092537101	0.4978328173374613	True
a2632e7d8bbc0b5567334fd6bb68604f	17777	spontaneous-speech-pne-17777.mp3	16416	1544	Dan pun avah jah langit ayuk kok petonak ngan adui pengawu, konak adui ineh? Inouk pukuk kok koluk?	Owk, menat masa sajak koluk akouk juk petonak jah adui. Kerna pinek adui yah dalem konep yah pai. yeng avik dalem konep kik. yah du'kuk kik pitah masa ayuk kik petonak jah adui ngan yah mauk mojam manouk adui jin akouk	1	fifties	male_masculine	Western Penan	train	10.84307992202729		False	0.2558139534883721	False	4.0146639971226	0.4198142414860681	True
d03d164e3a037c9462bb3b7801263813	18005	spontaneous-speech-pne-18005.mp3	23652	1544	Dan pun avah jah langit ayuk kok petonak ngan adui pengawu, konak adui ineh? Inouk pukuk kok koluk?	Pinek adui ulouk sagak, ulouk menari, ulouk joget, ulouk menyapik, ulouk maen geta, ulouk lagu, ulouk poso. semua adui ineh koluk ulouk. Ulouk koluk eh pukuk adui ulouk bi neh dukuk neh keroja ulouk bi neh. yak koluk ulouk bi neh dalem bengosak ulouk dalem lobuk ulouk.	1	twenties	female_feminine	Western Penan	train	9.428378149839336		True	0.3984962406015038	False			False
3a783f2ba60782823bab13f00d15057a	18245	spontaneous-speech-pne-18245.mp3	16488	1544	Dan pun avah jah langit ayuk kok petonak ngan adui pengawu, konak adui ineh? Inouk pukuk kok koluk?	Niah akouk pun masa, juk berajan akouk manyam. jiak ma- konak jiak ulouk manyam itouk, pu'kuk neh yeng koluk nobet ulouk eh jin bengosak ulouk, jin asen ulouk. yah du'kuk manyam itouk jiak. keh.	1			Western Penan	train	9.764677341096556		False	0.2670157068062827	False	4.331774718351027	0.621671826625387	False
6daf5823a635cbefd29a368980768870	15238	spontaneous-speech-pne-15238.mp3	15660	1527	Konak konep kah ngan ranag sig yah alek ujian?	Jah konep ngan ireh du'kuk ireh makang konep ireh tai manouk ujian,ujian sekulah ka,ujian inouk inouk keh nanouk ireh...bersyukur la du'kuk ireh makang min batung ireh tai manouk ujian..	1			Western Penan	train	10.08939974457216		False	0.3715846994535519	False	4.709682979309508	0.7894736842105263	False
15813ed995d0a8f107309df7f9afa0d0	15430	spontaneous-speech-pne-15430.mp3	18036	1527	Konak konep kah ngan ranag sig yah alek ujian?	Konep amik bosau, konep amik pun monak wat ireh menyuk ireh tangen dalem sekulah ireh avik peh ireh tong ujian ineh. juk buak ireh modai, amai modai dalem ujian.	1	thirties	female_feminine	Western Penan	train	7.374140607673541		False	0.21518987341772156	False	3.7388875639622077	0.22538699690402478	True
209aab5184d892f83f2f6491b90f4867	15540	spontaneous-speech-pne-15540.mp3	20880	1527	Konak konep kah ngan ranag sig yah alek ujian?	yeng pun konak amik manouk,yeng juk lawen,yeng juk besoal ngan nah,yeng keh penganouk amik manouk ngan neh,yeng eh pun konak ,pongah ulouk manouk ineh, inouk yeng ulouk sebukut,yeng ulouk pepatai,keh	1			Western Penan	train	8.14176245210728		False	0.34693877551020413	False	3.561758546828007	0.12507739938080495	True
38d1cf1c53c7826866b3ae7a6495b32f	15734	spontaneous-speech-pne-15734.mp3	16560	1527	Konak konep kah ngan ranag sig yah alek ujian?	Yeng pun konep boken,pabila neh jian,amik mipet,amik metonak..amik jian konep..tinen tamen pun jian konep menat neh,jian..keh lah bagik amik ponan,yeng pun boken jin ineh.	1	twenties	male_masculine	Western Penan	train	8.93719806763285		False	0.2142857142857143	False	4.192993951011343	0.5411764705882353	True
916c4bf55dda885cb785b8e0342f30cb	15757	spontaneous-speech-pne-15757.mp3	13896	1527	Konak konep kah ngan ranag sig yah alek ujian?	amik koluk ireh sukat,manouk [um] adui ujian ineh ngan sukat bawai dalem ujian ineh.	1	fourties	male_masculine	Western Penan	train	5.109383995394357		False	0.13580246913580252	False	3.7446981476041676	0.22972136222910217	True
d010ca153b96a5ebfd09ba6a2e3e0cf4	15785	spontaneous-speech-pne-15785.mp3	16488	1527	Konak konep kah ngan ranag sig yah alek ujian?	Amik sukong padik amik semoga lebih ngejib sekulah ayuk masa depan au. 	1	teens	male_masculine	Western Penan	train	3.5783600194080543		False	0.02941176470588236	False	6.545136852935906	0.990092879256966	False
46b095ac5602bd3bfdf0cc670842c77c	16311	spontaneous-speech-pne-16311.mp3	15660	1527	Konak konep kah ngan ranag sig yah alek ujian?	sukon ireh sukat,sukon ireh mojam,jiak konep..tong ireh alek ujian,tong ireh alek menyurat, alek basak ineh,jian konep amik	1			Western Penan	train	6.832694763729246		False	0.2583333333333333	False	4.594025156038512	0.7492260061919505	False
209c440297f7fce6c5e4fba0e913f9b8	16494	spontaneous-speech-pne-16494.mp3	12636	1527	Konak konep kah ngan ranag sig yah alek ujian?	Konep amik,ngan use batung amik,amik monak jah wat,jah uteg,jah pengojam,ineh	1			Western Penan	train	5.38144982589427		False	0.09459459459459463	False	5.064793681682287	0.8891640866873065	False
75e882dda7e6942bcfa81c65ba9893a3	16604	spontaneous-speech-pne-16604.mp3	11340	1527	Konak konep kah ngan ranag sig yah alek ujian?	Ineh neh jian ayuk- ayuk ngemuat konep ireh berajan, ayuk petojin ireh berajan. Keh.	1			Western Penan	train	6.261022927689594		True	0.19753086419753085	False			False
06e91360c689ccdb3c48e8c51aac7b8c	17517	spontaneous-speech-pne-17517.mp3	19548	1527	Konak konep kah ngan ranag sig yah alek ujian?	Konep amik ngan ireh anag sik, dan ireh alek inouk kerk ujian..amik bosau,medey ireh yeng mojam, medey ireh yeng pun sap sap inouk yah nanouk ireh sineh..	1	teens	female_feminine	Western Penan	train	6.547984448536934		False	0.23178807947019864	False	3.951357115190039	0.3684210526315789	True
660efcc153b8f1b83f0e7b7293a6739d	17596	spontaneous-speech-pne-17596.mp3	16488	1527	Konak konep kah ngan ranag sig yah alek ujian?	Konep amik masik,konep amik konak monak erei semangat dalem konep neh supaya neh muat supaya neh koluk maneuk adui neh ngan sebayang.Ineh tue konep amik.	1	teens	female_feminine	Western Penan	train	7.823871906841339		False	0.24	False	4.403365577597175	0.6631578947368421	False
d03d164e3a037c9462bb3b7801263813	17868	spontaneous-speech-pne-17868.mp3	22140	1527	Konak konep kah ngan ranag sig yah alek ujian?	konep uleuk,konep uleuk masik,konep uleuk kira'k memiken eh yeng peroti.Pongah ineh konep uleuk ineh konep uleuk arep eh lulus,arep eh mojam dalem sekulah nah,dalem ujian nah,dalem berajan nah ineh,ineh konep uleuk ineh piken uleuk ngan anak uleuk.	1	twenties	female_feminine	Western Penan	train	9.57542908762421		True	0.3877551020408163	False			False
59015be0ab1203af375a4af4b86c43d5	17923	spontaneous-speech-pne-17923.mp3	23976	1527	Konak konep kah ngan ranag sig yah alek ujian?	Konep kik ngan ireh anag sik yah alek ujian,akewk nyebayang konak towk padik ,konak towk anag kik.. akewk nyebayang  mani tuan buka jalan,mani tuan monak pengojam ,monak kejian ngan ireh ayuk ireh padui lah..ayuk ireh tong uteg ireh,ayuk ireh mojam tong kat semua soalan..	1			Western Penan	train	9.50950950950951		True	0.275092936802974	False			False
a2632e7d8bbc0b5567334fd6bb68604f	17932	spontaneous-speech-pne-17932.mp3	16380	1527	Konak konep kah ngan ranag sig yah alek ujian?	Ooo...pun ke yak sukat alek, tan uleuk, konep uleuk juk koluk alek bi ne reh, juk koluk uleuk lulus bi ne reh dalem berajan dalem ujian ireh tapi dan ne gagal apa boleh buat konak uleuk maneuk, keh ineh. 	1	fifties	male_masculine	Western Penan	train	10.073260073260071		False	0.19402985074626866	False	5.134149091514897	0.9027863777089783	False
3a783f2ba60782823bab13f00d15057a	18125	spontaneous-speech-pne-18125.mp3	17100	1527	Konak konep kah ngan ranag sig yah alek ujian?	[Um] pun neh konep kek modai, modai dei eh yeng sukat erei manouk ujian ineh jian, yeng sukat- [um]yeng sukat eh ingat, eh mojam. Keh. Modai akouk modai.	1			Western Penan	train	7.368421052631579		False	0.20666666666666667	False	4.287178546504427	0.6012383900928793	False
916c4bf55dda885cb785b8e0342f30cb	15425	spontaneous-speech-pne-15425.mp3	19980	1589	Pun bengosak kah sagak ngan motit sapik?	Adui sagak ineh tuek sajak nah malai manuek ayuk amik moteik sapek ineh sajat amik Jin sau sajak amik manuek [aa] manuek sagak ngan sapik 	1	fourties	male_masculine	Western Penan	train	5.655655655655655		False	0.28888888888888886	False	4.928113408620066	0.8613003095975232	False
916c4bf55dda885cb785b8e0342f30cb	15425	spontaneous-speech-pne-15425.mp3	19980	1589	Pun bengosak kah sagak ngan motit sapik?	Adui sagak itouk tajak [um] malai ayuk amik ngan motit sapik ineh tajak jin [um] sau. Tajak amik manouk ineh sagak ineh ngan motit sapik.	1	fourties	male_masculine	Western Penan	train	5.655655655655655		False	0.30597014925373134	False	3.7953492066106556	0.2544891640866873	True
15813ed995d0a8f107309df7f9afa0d0	15566	spontaneous-speech-pne-15566.mp3	15048	1589	Pun bengosak kah sagak ngan motit sapik?	Pun bengosak amik sagak, motit sapik peh pun. Ireh kelunan kek, pinek ireh mojam sagak, avik akouk itouk mojam akouk sagak. Ireh tamen kek, kelunan kek, mojam ireh motit sapik.	1	thirties	female_feminine	Western Penan	train	9.768740031897927		False	0.33526011560693647	False	3.466008432658645	0.07492260061919505	True
6daf5823a635cbefd29a368980768870	15618	spontaneous-speech-pne-15618.mp3	16128	1589	Pun bengosak kah sagak ngan motit sapik?	Pun..pinek amik sagak,akouk bi keh, sagak akouk..amik tong ume' amik sitey..pinek amik sagak..pun peh ireh motit sape', pun peh amik yah mauk sagak itouk,sagak amik..ireh motit sape', manouk dauwk sape' ireh..amik itouk tai sagak,botik sagak..	1			Western Penan	train	12.958829365079366		False	0.3666666666666667	False	3.704809145604389	0.2086687306501548	True
d010ca153b96a5ebfd09ba6a2e3e0cf4	15799	spontaneous-speech-pne-15799.mp3	16488	1589	Pun bengosak kah sagak ngan motit sapik?	pun topun kik mojam menyapik,abin mojam sagak,tong umerk amik ineh..avik akouk	1	teens	male_masculine	Western Penan	train	4.124211547792334		False	0.06666666666666665	False	3.674382685133527	0.18885448916408668	True
46b095ac5602bd3bfdf0cc670842c77c	15912	spontaneous-speech-pne-15912.mp3	16596	1589	Pun bengosak kah sagak ngan motit sapik?	Ate amik sau pun sagak ayuk sapik. Ineh adet- ineh adet amik Ponan, sagak ayuk sapik.	1			Western Penan	train	4.217883827428296		False	0.29268292682926833	False	5.3369052845411185	0.9374613003095975	False
38d1cf1c53c7826866b3ae7a6495b32f	16035	spontaneous-speech-pne-16035.mp3	16128	1589	Pun bengosak kah sagak ngan motit sapik?	Ineh sajak adet amik ineh, adet asen amik jin sau. Sajak pun ineh ngan amik. Pun sagak, pun menyapik. Ineh sajak adet asen amik jin mukun topun amik sau.	1	twenties	male_masculine	Western Penan	train	7.750496031746032		False	0.3533333333333334	False	4.463736918738278	0.6897832817337461	False
209c440297f7fce6c5e4fba0e913f9b8	16161	spontaneous-speech-pne-16161.mp3	13320	1589	Pun bengosak kah sagak ngan motit sapik?	pun bengosak kik itouk,pun sagak,pun motit sapik,tinen kik itouk sedirik,tinen kik itouk sagak	1			Western Penan	train	6.156156156156156		False	0.34065934065934067	False	3.7046366986009494	0.20804953560371517	True
75e882dda7e6942bcfa81c65ba9893a3	16362	spontaneous-speech-pne-16362.mp3	19152	1589	Pun bengosak kah sagak ngan motit sapik?	Owk..adui sajak adui malai le'terk amik neh sagak ngan motit sape.[um]tong akeuk..ireh anak,ireh anak pengawu,ireh anak danag dan ineh  lah [um] jian neh ireh pekalai sagak ngan motit sape	1			Western Penan	train	8.302005012531328		False	0.2432432432432432	False	4.267775151344075	0.5876160990712074	True
06e91360c689ccdb3c48e8c51aac7b8c	17380	spontaneous-speech-pne-17380.mp3	21744	1589	Pun bengosak kah sagak ngan motit sapik?	Pun pegosak amik iteuk pun moteik sapek pun ireh yah sagak  pun ireh rodu sagak ireh lakeik manuek dauk sapek pun ireh lakeik sagak ineh pun bi-bi neh dalem pegosak amik	1	teens	female_feminine	Western Penan	train	6.346578366445916		True	0.35542168674698793	False			False
15c3189343ecfed295e773c9a86db318	17510	spontaneous-speech-pne-17510.mp3	13788	1589	Pun bengosak kah sagak ngan motit sapik?	Owk.. pun..pun ireh motit sape', pun ireh sagak,ireh topun amik ireh mukun mukun,avik ireh danag danag.. yah pun sagak, yah pun motit sape'.	1	twenties	female_feminine	Western Penan	train	8.558166521612996		False	0.34306569343065696	False	3.7118175223596346	0.21114551083591332	True
660efcc153b8f1b83f0e7b7293a6739d	17533	spontaneous-speech-pne-17533.mp3	16236	1589	Pun bengosak kah sagak ngan motit sapik?	Pun bengosak amik sagak,amik ponan,pun amik sagak..motit sapik peh amik pun,pun bi bi neh nouk amik dalem bengosak amik, yeng pun yah yeng nouk amik..ineh peh amik mojam sagak,ineh peh mojam motit sapik	1	teens	female_feminine	Western Penan	train	10.470559251047057		False	0.3869346733668342	False	3.4493336757170385	0.06563467492260062	True
d03d164e3a037c9462bb3b7801263813	17764	spontaneous-speech-pne-17764.mp3	22968	1589	Pun bengosak kah sagak ngan motit sapik?	Oh, pun pinek pegosak itam manouk adui ineh semua neh pun tong inak item yah ayuk item ineh, mojam min ireh mukun ireh rodu ireh lakeik ireh anag mojam ireh manouk adui ineh mojam ireh manouk gaya ineh	1	twenties	female_feminine	Western Penan	train	7.140369209334726		True	0.3232323232323232	False			False
59015be0ab1203af375a4af4b86c43d5	17798	spontaneous-speech-pne-17798.mp3	20160	1589	Pun bengosak kah sagak ngan motit sapik?	Tong mengosak kik, tong daleh kik, tong inak kik jin asen kik, pun amik larui sagak, pun amik larui motit sapik avik da iteuk. [um] pun pe kelunan yah motit sapik, yeng peh pinak la. Kelunan sagak pe, generasi ne berkurang. Tapik pun amik sagak pun motit sapik.	1			Western Penan	train	10.615079365079366		False	0.3023255813953488	False	4.5744198210717775	0.7430340557275542	False
a2632e7d8bbc0b5567334fd6bb68604f	17957	spontaneous-speech-pne-17957.mp3	16200	1589	Pun bengosak kah sagak ngan motit sapik?	Owk, pun bengosak amik. Inen neh adui amik tong ume', tong daleh amik. Sik sakai, sik kelunan m, sik yah jin juk, ineh adui amik mosak- [ah] motit sapik, sagak, keleterk, tot, menagah ngan kelunan yah tuai jin juk.	1	fifties	male_masculine	Western Penan	train	10.864197530864198		False	0.18957345971563977	False	4.021411564018229	0.426625386996904	True
3a783f2ba60782823bab13f00d15057a	18074	spontaneous-speech-pne-18074.mp3	15768	1589	Pun bengosak kah sagak ngan motit sapik?	Pun, pun. Ireh vik kik itouk la, ireh tinen tamen kik. Keh. Pun ireh sukat motit sapik, pun ireh sukat sagak dalem piak dauk sapik ineh. Tajak pun. Keh.	1			Western Penan	train	7.864028411973617		False	0.21476510067114096	False	3.8303505798957427	0.27492260061919505	True
6daf5823a635cbefd29a368980768870	15228	spontaneous-speech-pne-15228.mp3	15588	1481	Pun kauk mojam ngaran-ngaran kenyuai?	Owk. Bleleg tuwerk kojam kik,yeng akeuk mojam pinek pinek ngaran neh. jah blelek ineh tuwerk kojam kik. bleleg,yah eh bleleg blasung ineh jah kojam kik. Bleleg rawah blasung.	1			Western Penan	train	9.430331023864513		False	0.3450292397660819	False	4.302216912705907	0.6080495356037152	False
209aab5184d892f83f2f6491b90f4867	15287	spontaneous-speech-pne-15287.mp3	25776	1481	Pun kauk mojam ngaran-ngaran kenyuai?	Mah pun ulouk mojam ngaran ngaran kenyuai pinek pamuk kek. Jah kek kojam, kenyuai Tamen Juwen. Jah ineh kojam. Yah kenyuai pinek pinek ineh, yeng pun ulouk mojam ngaran. Maok neh kenyuai, yeng kenyuai neh ngaran neh. Nak peh keh, pun peh jah, kenyuai Lakeik Dapong ngaran neh ;  yah jau erei. Keh.	2			Western Penan	train	9.46617008069522		True	0.37755102040816324	False			False
15813ed995d0a8f107309df7f9afa0d0	15612	spontaneous-speech-pne-15612.mp3	11880	1481	Pun kauk mojam ngaran-ngaran kenyuai?	Yeng akouk mojam ngaran kenyuai. Mah peronah akouk pun ngeninik ngaran kenyuai. Yeng pun ukun topun kek barak pun ngaran kenyuai.	2	thirties	female_feminine	Western Penan	train	9.175084175084177		True	0.33333333333333337	False			False
d010ca153b96a5ebfd09ba6a2e3e0cf4	15891	spontaneous-speech-pne-15891.mp3	15948	1481	Pun kauk mojam ngaran-ngaran kenyuai?	[um] Yeng amik mojam ngaran kenyuai ineh. Ineh bleleg. Keh amik ayuk piak kenyuai ineh. Kalau be'ek, yeng akouk mojam. Keh.	2	teens	male_masculine	Western Penan	train	6.458490092801605		False	0.19166666666666665	False	3.5050857067528916	0.09102167182662539	True
38d1cf1c53c7826866b3ae7a6495b32f	15971	spontaneous-speech-pne-15971.mp3	16236	1481	Pun kauk mojam ngaran-ngaran kenyuai?	Yah itouk akouk yeng mojam. Jah kojam kik, kenyuai tue kojam kik dalem langit bawai itei. Yeng peh akouk mojam [um] ineh ngaran nah ineh, ineh ngaran nah ineh. Itouk ngaran nah itouk, itouk ngaran nah itouk. Ineh ngaran kenyuai kojam kik, jah kenyuai lah yah kojam kik ngaran.	1	twenties	male_masculine	Western Penan	train	14.042867701404289		False	0.43956043956043955	False	3.639286384851876	0.16408668730650156	True
46b095ac5602bd3bfdf0cc670842c77c	16102	spontaneous-speech-pne-16102.mp3	15516	1481	Pun kauk mojam ngaran-ngaran kenyuai?	Ngaran kenyuai kenyuai yah nanouk  [unclear] yan neh melang, yan neh ilep. Ineh ngaran kenyuai kenyuai -[unclear] kutun tanak. 	2			Western Penan	train	6.896107244135086		False	0.3145161290322581	False	3.77893917680319	0.24458204334365324	True
209c440297f7fce6c5e4fba0e913f9b8	16391	spontaneous-speech-pne-16391.mp3	13536	1481	Pun kauk mojam ngaran-ngaran kenyuai?	Pun jah kenyuai yah kojam kik, yah kenyuai jau. Ineh ngaran neh lakeik danag monyert.	2			Western Penan	train	5.245271867612293		False	0.14634146341463417	False	3.8859522545491547	0.31455108359133127	True
75e882dda7e6942bcfa81c65ba9893a3	16505	spontaneous-speech-pne-16505.mp3	12564	1481	Pun kauk mojam ngaran-ngaran kenyuai?	Jah kojam kik, ngaran neh kenyuai mengate. Maok dan ngaran neh pinek-pinek nan neh, yeng akouk mojam. Bik ireh mukun, mojam peh ireh.	2			Western Penan	train	8.83476599808978		False	0.16923076923076918	False	3.8246083569036555	0.2693498452012384	True
660efcc153b8f1b83f0e7b7293a6739d	17223	spontaneous-speech-pne-17223.mp3	16416	1481	Pun kauk mojam ngaran-ngaran kenyuai?	Dalem piak amik yeng pun ngaran neh pinek-pinek. Jah neh tuek ngaran neh nateng amik. Kenyuwai ineh tuek piak amik, yeng pun ngaran neh boken. Beleleq peh sukat bi peh eh nateng uleuk keh.	2	teens	female_feminine	Western Penan	train	9.442007797270955		False	0.3027027027027027	False	4.003176298336257	0.4117647058823529	True
06e91360c689ccdb3c48e8c51aac7b8c	17495	spontaneous-speech-pne-17495.mp3	18864	1481	Pun kauk mojam ngaran-ngaran kenyuai?	Jah-jah keyuai akuek yeng mojam ngaran pinke nan-nan keyuai yeng akuek mojai inuek bi ngaran tong eh lak langit ituek	2	teens	female_feminine	Western Penan	train	5.195080576759966		False	0.17543859649122806	False	5.934377300110173	0.9814241486068112	False
15c3189343ecfed295e773c9a86db318	17545	spontaneous-speech-pne-17545.mp3	15660	1481	Pun kauk mojam ngaran-ngaran kenyuai?	yeng akouk mojam ngaran kenyuai..dan neh ukun topun amik sau,bik mojam ireh..yeng akouk mojam ngaran kenyuai..inouk bi ngaran kenyuai yah nanouk ukun topun amik sau..	2	twenties	female_feminine	Western Penan	train	9.067688378033203		False	0.41104294478527603	False	3.650275058271793	0.1696594427244582	True
d03d164e3a037c9462bb3b7801263813	17880	spontaneous-speech-pne-17880.mp3	14724	1481	Pun kauk mojam ngaran-ngaran kenyuai?	Yeng ulouk peronah mojam ngaran-ngaran kenyuai, ngarang bleleg, ngaran inouk-inouk. Yeng akou- ulouk peronah mojam ngaran neh. Yeng peronah ulouk ninik lobuk mateng ngaran neh monak ulouk.	2	twenties	female_feminine	Western Penan	train	11.00244498777506		False	0.3783783783783784	False	4.068159153940809	0.4551083591331269	True
59015be0ab1203af375a4af4b86c43d5	17967	spontaneous-speech-pne-17967.mp3	18468	1481	Pun kauk mojam ngaran-ngaran kenyuai?	yeng pun ngaran kenyuai kojam kik pinek  du'kuk jah kerk nan kenyuai yah kojam kik..ngaran kenyuai kenyuai yah pinek,yeng akouk mojam dalem urip kik itouk,  jin ukun topun kik,kenyuai kat kenyuai yah dalem narak nah,jah ineh keh ngaran neh,jah kenyuai	2			Western Penan	train	11.371020142949968		False	0.3548387096774194	False	3.9363966000583086	0.3541795665634675	True
a2632e7d8bbc0b5567334fd6bb68604f	18072	spontaneous-speech-pne-18072.mp3	16056	1481	Pun kauk mojam ngaran-ngaran kenyuai?	Owk, pun akouk ngeninik piak ireh jau barak pun kenyuai jau, kenyuai lakeik monyert, kenyuai lakeik dapau pun, kenyuai tamen juwen, madeng ireh panag keh piak ulouk Ponan barak. Yeng mojam eh mah yah, keh piak ireh jau barak. 	2	fifties	male_masculine	Western Penan	train	11.646736422521176		False	0.3004484304932735	False	4.5117771761937355	0.7108359133126935	False
a2632e7d8bbc0b5567334fd6bb68604f	18072	spontaneous-speech-pne-18072.mp3	16056	1481	Pun kauk mojam ngaran-ngaran kenyuai?	Owk pun akouk ngeninik piak ireh jau barak pun kenyuwai jau,kenyuwai lakeik monyut,kenyuwai lakeik dapau pun,kenyuwai tamen juweng madeng, ireh panag,keh piak ulouk panak barak..yeng ulouk mojam yah mah yah,keh piak ireh jau barak..	2	fifties	male_masculine	Western Penan	train	12.39412057797708		False	0.32751091703056767	False	4.4457100199916235	0.6761609907120743	False
4ec459422dba26b5a75bdf06815cae81	18092	spontaneous-speech-pne-18092.mp3	14976	1481	Pun kauk mojam ngaran-ngaran kenyuai?	Ngaran ngaran kenyuwai yah tan,yah..ineh ngaran kenyuwai bagik akouk..yeng pun,jah kerk ngaran beluwk semua kenyuwai yah tong langit,jah kenyuwai ineh ngaran neh,jin ukun topun kik,yeng pun ngaran neh boken..	2			Western Penan	train	12.019230769230768		False	0.3463414634146341	False	4.143858495196158	0.5065015479876162	True
3a783f2ba60782823bab13f00d15057a	18273	spontaneous-speech-pne-18273.mp3	16416	1481	Pun kauk mojam ngaran-ngaran kenyuai?	Yeng akouk mojam ngaran kenyuai. [laugh] Yeng akouk mojam ngaran kenyuai dalem bengosak kik itouk. Nak pun bengosak jah peh, yeng pun ngaran neh sineh. Ineh akouk yeng- yeng mojam ngaran neh nouk ulouk Ponan itouk.	2			Western Penan	train	10.90399610136452		False	0.3507109004739336	False	3.4857733358221816	0.08421052631578947	True
916c4bf55dda885cb785b8e0342f30cb	15178	spontaneous-speech-pne-15178.mp3	13068	1539	Yah mah koluk kok, mukuk tong lamin ngan musit jin lamin? Inouk pukuk?	Amik juk tai [um] luan lamin, amik juk tai keroja, tai pitah urip, yeng- [um] tai pitah berajak. 	1	fourties	male_masculine	Western Penan	train	6.045301499846954		False	0.23404255319148937	False	3.740695985360622	0.22724458204334366	True
6daf5823a635cbefd29a368980768870	15199	spontaneous-speech-pne-15199.mp3	15804	1539	Yah mah koluk kok, mukuk tong lamin ngan musit jin lamin? Inouk pukuk?	Koluek kik mukuk tong lamin ineh dukuk kik padui pun yah nanuek kik ineh pun eh nanuek kik tong lamin ineh pogah ineh musit Jin lamin peh pun keleteik kik pun rame kik keh 	1			Western Penan	train	8.731966590736523		False	0.36094674556213013	False	4.346927942544755	0.6321981424148607	False
15813ed995d0a8f107309df7f9afa0d0	15550	spontaneous-speech-pne-15550.mp3	18936	1539	Yah mah koluk kok, mukuk tong lamin ngan musit jin lamin? Inouk pukuk?	Yeng inouk nanouk kek musit jin lamin. Yah koluk kik mukuk tong lamin. Ulouk pun lamin, jian ayuk ulouk pogen, jian ayuk ulouk mukuk, jian ayuk ulouk pesingau. Ulouk pukeh musit jin lamin, somah ulouk tai?	1	thirties	female_feminine	Western Penan	train	8.977608787494718		False	0.39603960396039606	False	3.988665568596802	0.40123839009287926	True
38d1cf1c53c7826866b3ae7a6495b32f	15857	spontaneous-speech-pne-15857.mp3	20340	1539	Yah mah koluk kok, mukuk tong lamin ngan musit jin lamin? Inouk pukuk?	Jah itouk, akouk kurang utuk kik jawab lah, piak itouk. Sebab neh konak itouk. Yah mah kauk koluk kok mukuk itouk, yeng akouk mojam jawab itouk. Mani map, piak itouk ineh yeng kojam kik tong bengosak kik, daleh kik.	1	twenties	male_masculine	Western Penan	train	8.702064896755163		False	0.26415094339622647	False	4.111557662291958	0.48297213622291024	True
46b095ac5602bd3bfdf0cc670842c77c	15878	spontaneous-speech-pne-15878.mp3	20016	1539	Yah mah koluk kok, mukuk tong lamin ngan musit jin lamin? Inouk pukuk?	Musit jin lamik ayuk tai pitah urip,ayuk pitah penguman,ayuk makan ayuk petuboh kelunan tinen tamen,anag, padik	1			Western Penan	train	4.796163069544364		False	0.12037037037037035	False	3.9974315780864353	0.4055727554179567	True
209c440297f7fce6c5e4fba0e913f9b8	16017	spontaneous-speech-pne-16017.mp3	14256	1539	Yah mah koluk kok, mukuk tong lamin ngan musit jin lamin? Inouk pukuk?	Yah koluk kek mukuk tong lamin, anag kek rodu kek, avik peh penguman, avik peh daven. Yah boken, akouk yeng koluk.	1			Western Penan	train	6.593714927048261		False	0.15315315315315314	False	3.667636341833196	0.18142414860681114	True
d010ca153b96a5ebfd09ba6a2e3e0cf4	16150	spontaneous-speech-pne-16150.mp3	16776	1539	Yah mah koluk kok, mukuk tong lamin ngan musit jin lamin? Inouk pukuk?	Dan kek, dan tot gen kek sajak mukuk tong lamin. Dan saput sajak mukuk tong lamin, beluak langit pogen. Masa kik musit dak, abu akouk tai main ngan ireh anag.	1	teens	male_masculine	Western Penan	train	7.689556509298999		False	0.16129032258064513	False	4.796289469631488	0.8278637770897833	False
75e882dda7e6942bcfa81c65ba9893a3	16486	spontaneous-speech-pne-16486.mp3	18288	1539	Yah mah koluk kok, mukuk tong lamin ngan musit jin lamin? Inouk pukuk?	Yeng kek pun sukat akouk barak, yah mak koluk kik. Dan akouk mukuk tong lamin, ayuk kik posot ayuk kik pogen, ayuk kik mederk. [sniff] Dan kik musit, akouk tai musit kuman, akouk musit berajan, akouk tai musit tong kelas. Ineh adui kik.	1			Western Penan	train	10.608048993875766		False	0.32188841201716734	False	3.6885640000736912	0.19814241486068113	True
15c3189343ecfed295e773c9a86db318	17458	spontaneous-speech-pne-17458.mp3	16560	1539	Yah mah koluk kok, mukuk tong lamin ngan musit jin lamin? Inouk pukuk?	Akouk koluk musit pitah adui pitah keroja. Dan neh pun adui, dan neh pun keroja. Yeng akouk koluk mukuk tong lamin. Dan kik mukuk tong lamin, inouk urip kik dan kik mukuk tong lamin. Mestik akouk koluk musit, pitah keroja pitah adui. 	1	twenties	female_feminine	Western Penan	train	11.594202898550726		False	0.4675324675324676	False	3.5203800401082668	0.09969040247678018	True
660efcc153b8f1b83f0e7b7293a6739d	17567	spontaneous-speech-pne-17567.mp3	15876	1539	Yah mah koluk kok, mukuk tong lamin ngan musit jin lamin? Inouk pukuk?	Koluk kik,duah duah neh..musit jin lamin pitah tangoh,mukuk tong lamin,manouk penguman..mopa,muwik pigan,manouk kanen,manouk tangoh,ineh urip amik rodu..	1	teens	female_feminine	Western Penan	train	8.629377676996725		False	0.16000000000000003	False	4.217586177890403	0.5547987616099072	True
06e91360c689ccdb3c48e8c51aac7b8c	17655	spontaneous-speech-pne-17655.mp3	17640	1539	Yah mah koluk kok, mukuk tong lamin ngan musit jin lamin? Inouk pukuk?	Dan neh akouk, le- lobih koluk mukuk tong lamin, yeng lalek koluk musit ngan sajak yeng lalek koluk musit. Sajak koluk mukuk tong lamin tue, yeng koluk tai komah komah.	1	teens	female_feminine	Western Penan	train	7.879818594104308		False	0.38787878787878793	False	3.462283787952942	0.07244582043343653	True
59015be0ab1203af375a4af4b86c43d5	17757	spontaneous-speech-pne-17757.mp3	17208	1539	Yah mah koluk kok, mukuk tong lamin ngan musit jin lamin? Inouk pukuk?	Akuek kadang koluk mukuk tong lamin dukuk neh avah padui yeng amik koluk mukuk tong lamin yeng koluk musit-musit abuh akuek koluek musit ineh masa adui kik yah akuek rasa adui kik tong lamin bi pogah selesai pogah siap ineh akuek koluek musit abuh akuek pun adui tong lamin	1			Western Penan	train	13.07531380753138		False	0.4666666666666667	False	4.81527135433784	0.8352941176470589	False
59015be0ab1203af375a4af4b86c43d5	17757	spontaneous-speech-pne-17757.mp3	17208	1539	Yah mah koluk kok, mukuk tong lamin ngan musit jin lamin? Inouk pukuk?	Akouk kadang koluk mukuk tong lamin..dan pun avah pun adui..ineh akouk koluk mukuk tong lamin lah..yeng koluk musit musit. Abu akouk koluk musit neh,masa adui kik yah..akouk rasa.. adui kik tong lamin ineh adalah bi, pongah selesai,pongah siap.m.ineh akouk koluk musit du'kuk akouk peh pun adui tong lamin..	1			Western Penan	train	15.10925151092515		False	0.42105263157894735	False	4.1541599163172025	0.5102167182662539	True
d03d164e3a037c9462bb3b7801263813	17859	spontaneous-speech-pne-17859.mp3	25704	1539	Yah mah koluk kok, mukuk tong lamin ngan musit jin lamin? Inouk pukuk?	Koluk ulouk mukuk tong lamin dekuk lamin ulouk. Koluk ulouk musit jin lamin, ulouk padui ulouk keroja. Ulouk berusah urip ulouk, ulouk berusah penguman ulouk. Ineh pukuk ulouk musit. Ineh kek pukuk ulouk mukuk tong lamin, dekuk ulouk pun lamin. Koluk ulouk musit, ayuk ulouk pitah adui pitah keroja.	1	twenties	female_feminine	Western Penan	train	9.765017117958294		True	0.5067567567567568	False			False
a2632e7d8bbc0b5567334fd6bb68604f	17922	spontaneous-speech-pne-17922.mp3	16380	1539	Yah mah koluk kok, mukuk tong lamin ngan musit jin lamin? Inouk pukuk?	Owk, koluk akouk musit jin lamin. Kalau kek mukuk, matai ulouk melauk. Ulouk musit ineh, ineh ulouk bosu. Ulouk pitah penguman, ulouk pitah- min puket min jalak. Ineh ulouk bosu. Tai pitah urip.	1	fifties	male_masculine	Western Penan	train	9.89010989010989		False	0.26178010471204194	False	4.253123359357916	0.5777089783281734	True
3a783f2ba60782823bab13f00d15057a	18083	spontaneous-speech-pne-18083.mp3	18108	1539	Yah mah koluk kok, mukuk tong lamin ngan musit jin lamin? Inouk pukuk?	Dan akouk kan, akouk lobih koluk mukuk tong lamin jin musit. Dekuk neh inouk? Akouk mukuk tong lamin, akouk sukat manouk adui kik, manouk keroja kik, manouk inouk-inouk yah koluk kik lah. Awu ineh, erei kalau akouk musit dak, pinek-pinek piak. Ineh koleg kik.	1			Western Penan	train	11.928429423459244		False	0.29296875	False	3.660748628315575	0.17585139318885448	True
6daf5823a635cbefd29a368980768870	15332	spontaneous-speech-pne-15332.mp3	16092	1496	Inouk yah koluk kuk ngan bakeh, pemotew avik peh bakeh jian kok?	Koluk kik ngan ireh ineh yeng barak piak kik tosok ngan ireh yeng barak kik pani ngan ireh piak ani amik atah amik ineh tuek koluk kik jin ireh bakeh kik yah eh koluk kik keh	1			Western Penan	train	8.637832463335819		False	0.38596491228070173	False	3.7135188761231057	0.2130030959752322	True
916c4bf55dda885cb785b8e0342f30cb	15373	spontaneous-speech-pne-15373.mp3	15588	1496	Inouk yah koluk kuk ngan bakeh, pemotew avik peh bakeh jian kok?	Amik keluk murip jiak ngan avik anaq-anaq, amik avik ayam amik pun ngan [um] anaq apun-	1	fourties	male_masculine	Western Penan	train	4.618937644341801		False	0.1785714285714286	False	4.991204902362459	0.8773993808049536	False
15813ed995d0a8f107309df7f9afa0d0	15489	spontaneous-speech-pne-15489.mp3	11448	1496	Inouk yah koluk kuk ngan bakeh, pemotew avik peh bakeh jian kok?	Akouk pebakeh lobik yeng jian. Dan ireh tinen tamen ulouk pongah mojam, jian ulouk potew, jian ulouk pojah. 	1	thirties	female_feminine	Western Penan	train	7.861635220125786		True	0.21904761904761905	False			False
209c440297f7fce6c5e4fba0e913f9b8	15804	spontaneous-speech-pne-15804.mp3	7776	1496	Inouk yah koluk kuk ngan bakeh, pemotew avik peh bakeh jian kok?	Yah koluk kik, pojah, keleterk, pebakeh ngan jian.	1			Western Penan	train	5.529835390946502		True	0.021276595744680882	False			False
38d1cf1c53c7826866b3ae7a6495b32f	15880	spontaneous-speech-pne-15880.mp3	18216	1496	Inouk yah koluk kuk ngan bakeh, pemotew avik peh bakeh jian kok?	Jiak adet, mojam ngeliwah, samak manouk adui, samak manouk keroja. Amai panouk, amai kesat. Inouk yah adui patut ayuk ulouk sukat [um] petolong, sukat ayuk ulouk semuyun, manouk ineh. 	1	twenties	male_masculine	Western Penan	train	8.509003074220464		False	0.2320441988950276	False	3.9411318311380543	0.3572755417956656	True
d010ca153b96a5ebfd09ba6a2e3e0cf4	16182	spontaneous-speech-pne-16182.mp3	16164	1496	Inouk yah koluk kuk ngan bakeh, pemotew avik peh bakeh jian kok?	Koluk kik, amik pebakeh jiak,yeng kesat,yeng panouk,avik yeng pagem..yeng pepatai	1	teens	male_masculine	Western Penan	train	4.4543429844098		False	0.1282051282051282	False	4.141048008475017	0.5040247678018576	True
46b095ac5602bd3bfdf0cc670842c77c	16315	spontaneous-speech-pne-16315.mp3	15516	1496	Inouk yah koluk kuk ngan bakeh, pemotew avik peh bakeh jian kok?	Amik koluk tobang, amik koluk pojah. Ineh pengejian amik pebakeh, potew, amik pebakeh. Ineh ayuk amik seritak, amik tosog, amik pebarak.	1			Western Penan	train	7.476153647847383		False	0.32330827067669177	False	3.6322296185830125	0.15975232198142414	True
75e882dda7e6942bcfa81c65ba9893a3	16385	spontaneous-speech-pne-16385.mp3	17856	1496	Inouk yah koluk kuk ngan bakeh, pemotew avik peh bakeh jian kok?	Yah koluk- yah koluk kik ngan ireh bakeh kik, tong inak kik sekulah itei, dekuk ireh lalek koluk [um] miper akouk, lalek paten ngan kik, lalek koluk menolong akouk dalem adui kek dalem penusah kek jarun itouk.	1			Western Penan	train	9.688620071684587		False	0.24271844660194175	False	3.7290430342174066	0.21981424148606812	True
660efcc153b8f1b83f0e7b7293a6739d	17234	spontaneous-speech-pne-17234.mp3	16596	1496	Inouk yah koluk kuk ngan bakeh, pemotew avik peh bakeh jian kok?	Akouk koluk pemotew amuh potew pah avik awu..potew pah avik amuh mukun..potew pah avik amuh matai..Jah ineh tuwerk yah sukat pekotat amuh,jah matai tuwerk yeng pun yah eh boken jin ineh..	1	teens	female_feminine	Western Penan	train	9.460110870089178		False	0.2934782608695652	False	4.582404365794491	0.7448916408668731	False
06e91360c689ccdb3c48e8c51aac7b8c	17410	spontaneous-speech-pne-17410.mp3	18756	1496	Inouk yah koluk kuk ngan bakeh, pemotew avik peh bakeh jian kok?	Yah koluk kik ngan ireh bakeh, ireh koluk kelete'erk, koluk pojah ngan amik. Ineh yah koluk kik. Dan ngan pemotew avik peh bakeh, jian eh.	1	teens	female_feminine	Western Penan	train	6.078055022392834		False	0.2666666666666667	False	3.35327246566757	0.04272445820433437	True
59015be0ab1203af375a4af4b86c43d5	17717	spontaneous-speech-pne-17717.mp3	16056	1496	Inouk yah koluk kuk ngan bakeh, pemotew avik peh bakeh jian kok?	Yah koluk kik ngan bakeh kik, masa pebakeh nah peh jiak adet neh, jiak gaya, jiak baluk, jiak layan neh. Avik toh potew peh, larui jian loh kek.	1			Western Penan	train	7.286995515695067		False	0.13475177304964536	False	5.772677588481618	0.9758513931888545	False
a2632e7d8bbc0b5567334fd6bb68604f	17809	spontaneous-speech-pne-17809.mp3	16056	1496	Inouk yah koluk kuk ngan bakeh, pemotew avik peh bakeh jian kok?	Samak ngan bakeh rodu kik, bakeh temoteu pun, adet ngan sentiasa adet ya boleh pake ulouk tatah pemoteu. Semaki lagik ulouk ngan bakeh ulouk yah jian, sajak ulouk pejian. 	1	fifties	male_masculine	Western Penan	train	8.844045839561534		False	0.22023809523809523	False	6.13529648526618	0.9845201238390093	False
d03d164e3a037c9462bb3b7801263813	17862	spontaneous-speech-pne-17862.mp3	29916	1496	Inouk yah koluk kuk ngan bakeh, pemotew avik peh bakeh jian kok?	Pinek koluk ulouk jin lakeik jin rodu ulouk. Adet ulouk, gaya ulouk tan lakeik ulouk, tan rodu ulouk. Ineh pukuk ayuk ulouk koluk, ineh pukuk ayuk ulouk [um] jian. Bakeh ulouk peh pun neh, padik ulouk peh pun neh, yah maok koluk ngan ulouk, maok [um] ngam ngan ulouk, tajak kek jadi bakeh. Apalagik eh lakeik ulouk, rodu ulouk.	1	twenties	female_feminine	Western Penan	train	8.991843829388955		True	0.4444444444444444	False			False
3a783f2ba60782823bab13f00d15057a	18284	spontaneous-speech-pne-18284.mp3	17532	1496	Inouk yah koluk kuk ngan bakeh, pemotew avik peh bakeh jian kok?	Koluk bih amik yeng amik nyelupoh kelunan yeng amik   ngesat kelunan inuek-inuek peh urip inuek-inuek kotai neh ineh urip nah bareng urip kik jiak peh akuek sagam langit jah yeng keh bi ke akuek yeng sagam langit jah yeng manuk bi ke akuek	1			Western Penan	train	11.122518822724162		False	0.36016949152542377	False	4.964851570218915	0.871826625386997	False
6daf5823a635cbefd29a368980768870	15471	spontaneous-speech-pne-15471.mp3	15660	1489	Inouk kek tebare kok ngan bakeh kok yah lalek bosau?	Nebarek buak eh bosau buak eh papau buak eh modai. Yeng ineuk roti kok modai, ye ineuk roti kok papau. Yeng keh piak kek nebarek eh. Bakeh kek eh modai ineh. Keh ke yah dan kik modai, tebarek nah bi ke akeuk. 	1			Western Penan	train	10.664112388250318		False	0.3398058252427184	False	5.854690208932227	0.9770897832817338	False
15813ed995d0a8f107309df7f9afa0d0	15485	spontaneous-speech-pne-15485.mp3	14328	1489	Inouk kek tebare kok ngan bakeh kok yah lalek bosau?	Amai kok bosau lalek,m'dey kok mamak..m'dey kok sat..yeng jiak ukuk..m'dey kok matai..	1	thirties	female_feminine	Western Penan	train	5.234505862646566		False	0.2530120481927711	False	5.670447539261385	0.968421052631579	False
916c4bf55dda885cb785b8e0342f30cb	15488	spontaneous-speech-pne-15488.mp3	13608	1489	Inouk kek tebare kok ngan bakeh kok yah lalek bosau?	Akouk barak ngan nah, supaya amai lah lalek bosau ngan [unclear]. [um] tuhan menolong menat ulouk. Monak [um] urip monak ulouk. 	1	fourties	male_masculine	Western Penan	train	7.86302175191064		False	0.11199999999999999	False	3.914743936395946	0.3368421052631579	True
d010ca153b96a5ebfd09ba6a2e3e0cf4	15950	spontaneous-speech-pne-15950.mp3	16380	1489	Inouk kek tebare kok ngan bakeh kok yah lalek bosau?	Amai lalek bosau,kah kelunan amik tong juk ineh,keroja la...fokus tong keroja,amai lalek menawai ireh kelunan kah lak daleh itouk 	1	teens	male_masculine	Western Penan	train	6.776556776556777		False	0.16535433070866146	False	4.241165374925042	0.5708978328173374	True
38d1cf1c53c7826866b3ae7a6495b32f	15955	spontaneous-speech-pne-15955.mp3	18360	1489	Inouk kek tebare kok ngan bakeh kok yah lalek bosau?	Ngejian konep nah, monak konep monak piken ngan nah, monak tebare ngan nah. Kalau nah bosau, akouk buak yah bosau. Amai lah bosau, amai keh keh. Jian, keh piak kik. Supaya nah sukat mukuk, sukat [um] yeng bosau la. Keh.	1	twenties	male_masculine	Western Penan	train	9.803921568627452		False	0.23611111111111116	False	4.735688067413108	0.7969040247678019	False
209c440297f7fce6c5e4fba0e913f9b8	16252	spontaneous-speech-pne-16252.mp3	15300	1489	Inouk kek tebare kok ngan bakeh kok yah lalek bosau?	Tebare kik, akouk monak wat, akouk monak konep, akouk monak akang ngan neh. Awe' pun eh sukat pekuak ngan rah.	1			Western Penan	train	5.947712418300653		False	0.23364485981308414	False	4.078122633828755	0.4631578947368421	True
46b095ac5602bd3bfdf0cc670842c77c	16335	spontaneous-speech-pne-16335.mp3	15840	1489	Inouk kek tebare kok ngan bakeh kok yah lalek bosau?	Nebare buak, dei lalek bosau. Inouk bosau. Keh. Yeng pun ulouk bosan lalek neh. dei ulouk mamak, dei ulouk sat. Yeng ulouk bosau. Keh piak nebare.	1			Western Penan	train	7.638888888888889		False	0.3776223776223776	False	4.164949190585025	0.518266253869969	True
75e882dda7e6942bcfa81c65ba9893a3	16578	spontaneous-speech-pne-16578.mp3	16236	1489	Inouk kek tebare kok ngan bakeh kok yah lalek bosau?	Akeuk nebarek eh amai lalek bosau, dukuk yeng ineuk pe jah kebosau uleuk dan, dan pun Tuan uleuk yah menat uleuk, yah mayak uleuk, yah mipe uleuk dalem penusah uleuk.	1			Western Penan	train	8.438038925843804		False	0.21472392638036808	False	4.515676788252476	0.713312693498452	False
660efcc153b8f1b83f0e7b7293a6739d	17582	spontaneous-speech-pne-17582.mp3	16668	1489	Inouk kek tebare kok ngan bakeh kok yah lalek bosau?	Tebare' kik,buwak eh lalek bosau..buwak eh  lalek pinek...piken neh,konep neh,sebayang..tuwerk , mani tuan monak jalan,monak[um] yah nouk uleuk	1	teens	female_feminine	Western Penan	train	7.49940004799616		False	0.09999999999999998	False	4.994170665522865	0.8780185758513932	False
06e91360c689ccdb3c48e8c51aac7b8c	17683	spontaneous-speech-pne-17683.mp3	16056	1489	Inouk kek tebare kok ngan bakeh kok yah lalek bosau?	Nebarek bakeh,amai bosau,amai eh lalek pekirak ireh,buak amai lalek bosau,keh.Ineh tebarek ngan bakeh keik.	1	teens	female_feminine	Western Penan	train	5.854509217737917		False	0.20192307692307687	False	4.354204153862941	0.6365325077399381	False
d03d164e3a037c9462bb3b7801263813	17797	spontaneous-speech-pne-17797.mp3	15804	1489	Inouk kek tebare kok ngan bakeh kok yah lalek bosau?	Nebare amai lalek tusah, amai lalek bosau, amai lalek [um] modai dalem inouk adui, dalem inouk nanouk, dalem inouk keroja. Eh tan kok, eh tobang kok. Keh piak ulouk.	1	twenties	female_feminine	Western Penan	train	8.668691470513794		False	0.2592592592592593	False	3.9670691950041084	0.38204334365325077	True
59015be0ab1203af375a4af4b86c43d5	17857	spontaneous-speech-pne-17857.mp3	18540	1489	Inouk kek tebare kok ngan bakeh kok yah lalek bosau?	Akouk nebarek yah buak eh bosau, amai lalek bosau,amai lalek papau,amai lalek menawai,amai lalek bawah..dalem kat arak,dalem kat piak..amai kok lalek modai yeng jah kauk eh sitouk,yeng jah kauk kelunan,kat uluok itouk bi neh kelunan..dan kok matai,konak amik jah keluwak..	1			Western Penan	train	12.56742179072276		False	0.29368029739776946	False	4.53866269069078	0.7238390092879257	False
a2632e7d8bbc0b5567334fd6bb68604f	18164	spontaneous-speech-pne-18164.mp3	16128	1489	Inouk kek tebare kok ngan bakeh kok yah lalek bosau?	Owk...tebarek kik ngan neh,amai lalek bosau,inouk kodai ulouk pamuk kerk dan ireh yeng manouk ulouk dan ireh yeng pepatai,dan ulouk yeng sebukut,dan ulouk yeng pepiteng..inouk pamuk ulouk modai..keh,yeng ulouk bosau m'dey ireh molit ulouk,keh piak nebarek bakeh,keh..	1	fifties	male_masculine	Western Penan	train	14.322916666666666		False	0.31818181818181823	False	4.116597972684682	0.4873065015479876	True
3a783f2ba60782823bab13f00d15057a	18265	spontaneous-speech-pne-18265.mp3	16596	1489	Inouk kek tebare kok ngan bakeh kok yah lalek bosau?	Amai bosau,pun tuan ngan ulouk..amai bosau ..inouk inouk adui,inouk keroja, amai bosau..ulouk, ulouk monak eh ngan tuan, ulouk barak eh ngan tuan..niah kok pun konep bosau pun konep modai, keh...	1			Western Penan	train	10.00241021932996		False	0.31770833333333337	False	3.979188296666258	0.3938080495356037	True
916c4bf55dda885cb785b8e0342f30cb	15456	spontaneous-speech-pne-15456.mp3	18540	1576	Inouk pukuk bengosak ulouk tai tong daleh ireh?	Ayuk bengosak ulouk tai tong daleh kelunan..abin ireh tai ,pun peh ireh tai keroja,pun peh ireh tai [um] belajar,tai sekulah,ngan tai padui...	1	fourties	male_masculine	Western Penan	train	6.526429341963323		False	0.19424460431654678	False	3.913663239906941	0.33622291021671824	True
6daf5823a635cbefd29a368980768870	15481	spontaneous-speech-pne-15481.mp3	16668	1576	Inouk pukuk bengosak ulouk tai tong daleh ireh?	Owk. Uleuk juk tai pitah urip, uleuk juk tai pitah rigit, juk tai pepurip ireh kelunan uleuk, ireh padik uleuk. Yeng keh? Dan uleuk tai tong daleh ireh. Uleuk tai pitah jat nasib ki ineh ayuk uleuk monak.	1			Western Penan	train	10.019198464122873		False	0.3233830845771144	False	3.7392551891857146	0.2260061919504644	True
15813ed995d0a8f107309df7f9afa0d0	15571	spontaneous-speech-pne-15571.mp3	16236	1576	Inouk pukuk bengosak ulouk tai tong daleh ireh?	bengosak ulouk tai tong daleh ireh,ireh tai pitah urip,ireh pongah sukat,ireh pongah mojam,pongah pun neh pongah tan ireh,pongah pun neh yah pongah kojam ireh..ineh du'kuk ireh sukat tai tong daleh ireh.	1	thirties	female_feminine	Western Penan	train	10.655333826065531		False	0.4	False	3.5042722938947164	0.08978328173374613	True
d010ca153b96a5ebfd09ba6a2e3e0cf4	15954	spontaneous-speech-pne-15954.mp3	16380	1576	Inouk pukuk bengosak ulouk tai tong daleh ireh?	Pukuk ulouk pun kelunan ayuk ulouk kenal jin sau, yah pukuk ulouk sukat tai tong daleh ireh. Konak tog Belagah itouk, Bintulu [unclear]	1	teens	male_masculine	Western Penan	train	6.898656898656899		False	0.10606060606060608	False	3.893281763708751	0.32074303405572757	True
209c440297f7fce6c5e4fba0e913f9b8	16069	spontaneous-speech-pne-16069.mp3	11340	1576	Inouk pukuk bengosak ulouk tai tong daleh ireh?	Pu'kuk tai tong daleh ireh..pu'kuk ulouk juk pitah pengojam,yah lobih jin bengosak ireh,	1			Western Penan	train	6.701940035273369		True	0.07058823529411762	False			False
38d1cf1c53c7826866b3ae7a6495b32f	16319	spontaneous-speech-pne-16319.mp3	16848	1576	Inouk pukuk bengosak ulouk tai tong daleh ireh?	Du'kuk ulouk koluk nat daleh ireh,pongah ineh, du'kuk ulouk yeng pun sonang urip ulouk tong daleh ulouk, yeng pun adui yeng pun keroja tong daleh ulouk..terpaksa lah ulouk tai tong daleh ireh, ayuk ulouk pitah urip,ayuk ulouk pitah nasib ayuk ulouk pitah rigit, ineh du'kuk ulouk tai tong daleh ireh	1	twenties	male_masculine	Western Penan	train	14.838556505223172		False	0.4695945945945946	False	3.302073459219051	0.026625386996904025	True
46b095ac5602bd3bfdf0cc670842c77c	16383	spontaneous-speech-pne-16383.mp3	15588	1576	Inouk pukuk bengosak ulouk tai tong daleh ireh?	Ireh tai tong daleh rah,tong inak rah.Uleuk nin lobuk ,kelunan tai melakau ,tai konak to'rk ulouk tai peliwet,konak ineh..	1			Western Penan	train	6.671798819604824		False	0.10084033613445376	False	3.9240646880892553	0.3461300309597523	True
75e882dda7e6942bcfa81c65ba9893a3	16441	spontaneous-speech-pne-16441.mp3	13716	1576	Inouk pukuk bengosak ulouk tai tong daleh ireh?	Pun jah keluwak tai tong daleh ireh,ayuk keroja..pun jah keluwak,tai berajan..keh,ineh nanouk ireh tai tong daleh kelunan..	1			Western Penan	train	7.801108194808981		False	0.2583333333333333	False	3.598468695198985	0.14551083591331268	True
06e91360c689ccdb3c48e8c51aac7b8c	17521	spontaneous-speech-pne-17521.mp3	18108	1576	Inouk pukuk bengosak ulouk tai tong daleh ireh?	bengosak ulouk tai tong daleh ireh,ireh pun bawai sekulah,ireh pun pengojam,yan du'kuk ireh sukat tai tong daleh ireh kuk ireh pun pengojam,bawai sekulah	1	teens	female_feminine	Western Penan	train	7.234371548486856		False	0.4	False	3.3121305210491174	0.02786377708978328	True
660efcc153b8f1b83f0e7b7293a6739d	17616	spontaneous-speech-pne-17616.mp3	16668	1576	Inouk pukuk bengosak ulouk tai tong daleh ireh?	ulouk tai tong daleh ireh,jian konep ineh,ineh jah yah paling lalek jian dalem ulouk,kojah ayuk ulouk sukat petonak ngan ireh sukat petonak piak.	1	teens	female_feminine	Western Penan	train	7.379409647228222		False	0.18309859154929575	False	3.512413427380541	0.09535603715170278	True
d03d164e3a037c9462bb3b7801263813	17662	spontaneous-speech-pne-17662.mp3	18900	1576	Inouk pukuk bengosak ulouk tai tong daleh ireh?	Bengosak ulouk tai tong daleh ireh, ulouk tai jadi sigu, ulouk tai keroja, ulouk tai padui, ulouk tai manouk keroja nanouk ulouk ineh. Keroja peritah kek, ulouk jadi sigu, ulouk jadi menija, ulouk jadi inouk inouk. Ineh pukuk ulouk tai tong daleh ireh.	1	twenties	female_feminine	Western Penan	train	11.11111111111111		False	0.4819277108433735	True			False
59015be0ab1203af375a4af4b86c43d5	17852	spontaneous-speech-pne-17852.mp3	16848	1576	Inouk pukuk bengosak ulouk tai tong daleh ireh?	Pu'kuk bengosak ulouk tai tong daleh ireh...bengosak amik itouk tai tong daleh ireh,nat daleh mah mah peh..joh jin pemotow,joh jin tai keroja..yeng peh sengaja,du'kuk ulouk atau peh inouk, igeik..ngan bangsa amik sedirik..ngan daleh amik sedirik..	1			Western Penan	train	12.642450142450144		False	0.319672131147541	False	4.335973316525021	0.6247678018575852	False
a2632e7d8bbc0b5567334fd6bb68604f	18209	spontaneous-speech-pne-18209.mp3	15768	1576	Inouk pukuk bengosak ulouk tai tong daleh ireh?	owk..sajak ulouk ke keh..yeng pun ulouk tatuk tong inak ulouk,tong ayuk ulouk,sajak ulouk tai tong jah daleh,tai tong jah daleh,daleh mah peh pun,bengosak mah pun,sajak keh,yeng pun toneng mukuk tong daleh,tai ngerodu,tai ngelakeik, 	1	fifties	male_masculine	Western Penan	train	12.683916793505832		False	0.3826086956521739	False	4.026121754263868	0.4297213622291022	True
3a783f2ba60782823bab13f00d15057a	18318	spontaneous-speech-pne-18318.mp3	18108	1576	Inouk pukuk bengosak ulouk tai tong daleh ireh?	Aduhh, tai tong daleh kelunan neh, ayuk neuk nat konak tateq, konak kobau, konak udey urip kelunan tong daleh ireh, tong inak ireh keh ayuk uleuk peh, uleuk juk koluk pekalai, uleuk peh koluk [um] menat urip ireh, adui ireh, keroja ireh.	1			Western Penan	train	10.823945217583388		False	0.3205128205128205	False	3.972408839176798	0.3876160990712074	True
6daf5823a635cbefd29a368980768870	15440	spontaneous-speech-pne-15440.mp3	15876	1571	Konak tateg pengejian adui sosial (bantuan) peritah tong daleh kah?	Jiak lah pongah monak amik bantuan, karna ireh pongah masu amik jin inak jin daleh amik yah monen jin itouk mah. Tapi amik, koluk bi peh amik tong inak nonak ireh pengawu. Kalau ak-	1			Western Penan	train	9.322247417485514		False	0.2191011235955056	False	4.5432812915969825	0.7281733746130031	False
15813ed995d0a8f107309df7f9afa0d0	15463	spontaneous-speech-pne-15463.mp3	17496	1571	Konak tateg pengejian adui sosial (bantuan) peritah tong daleh kah?	Yeng pun pengejian adui ireh peritah...nanouk ireh monak dalem daleh..yeng pun..konak ireh monak barang,konak ireh monak rigit ineh keh ireh manouk amik merisak..	1	thirties	female_feminine	Western Penan	train	8.001828989483311		False	0.26415094339622647	False	3.0832197078242234	0.0043343653250774	True
209aab5184d892f83f2f6491b90f4867	15638	spontaneous-speech-pne-15638.mp3	18108	1571	Konak tateg pengejian adui sosial (bantuan) peritah tong daleh kah?	jiak bantuan nanouk peritah tong daleh amik,adui adui,dey amik tai padui dalem neh,lobuk loh keh ,kelunan loh keh tai padui dalem neh,yeng eh ulouk ponan ngerongah kerk tai padui dalem neh,nian neh pun neh pongah touk,somah pun amik ponan tai dalem neh	1			Western Penan	train	11.65230837199028		False	0.35341365461847385	False	4.327606285013264	0.6198142414860681	False
916c4bf55dda885cb785b8e0342f30cb	15698	spontaneous-speech-pne-15698.mp3	17820	1571	Konak tateg pengejian adui sosial (bantuan) peritah tong daleh kah?	Pengejian peritah monak amik, yah monak bantuan monak amik supaya amik [um] mesokin itouk sukat [um] pun [um] rigit ayuk amik molek barang-barang. 	1	fourties	male_masculine	Western Penan	train	6.958473625140292		False	0.2222222222222222	False	3.5961911956150407	0.1436532507739938	True
46b095ac5602bd3bfdf0cc670842c77c	15961	spontaneous-speech-pne-15961.mp3	16560	1571	Konak tateg pengejian adui sosial (bantuan) peritah tong daleh kah?	Yeng pun konak tateg nonak peritah tong daleh. Sajak kek ireh monak amik sig sig, yeng monak jau. Keh nonak peritah ngan amik. 	1			Western Penan	train	6.280193236714976		False	0.19354838709677424	False	3.3951350166997107	0.055108359133126936	True
d010ca153b96a5ebfd09ba6a2e3e0cf4	16070	spontaneous-speech-pne-16070.mp3	16272	1571	Konak tateg pengejian adui sosial (bantuan) peritah tong daleh kah?	Yan neh monak amik rigit, tolong- tolong amik. tei komah kek, manouk inouk manouk lamin, manouk awa, manouk ukat kek.	1	teens	male_masculine	Western Penan	train	6.022615535889871		False	0.22807017543859653	False	4.088938388558539	0.46873065015479876	True
38d1cf1c53c7826866b3ae7a6495b32f	16349	spontaneous-speech-pne-16349.mp3	16128	1571	Konak tateg pengejian adui sosial (bantuan) peritah tong daleh kah?	Yah ineh..pun ate'jiak,pun ate' yeng..pun ate' lan,pun ate' usit..avik langit itouk..keh neh..keh tuwerk neh..petukan tukan,pun ate' pun,pun ate' jian,pun ate' sat..ineh..	1	twenties	male_masculine	Western Penan	train	9.362599206349206		False	0.36309523809523814	False	5.343669261639163	0.9386996904024768	False
75e882dda7e6942bcfa81c65ba9893a3	16432	spontaneous-speech-pne-16432.mp3	14040	1571	Konak tateg pengejian adui sosial (bantuan) peritah tong daleh kah?	Yeng peh- pengejian neh, ayuk ngemoley urip amik yah lalek merisak, yah lalek kurang dalem berajak amik, keh. 	1			Western Penan	train	6.552706552706552		False	0.09345794392523366	False	3.5522606747614027	0.11826625386996904	True
209c440297f7fce6c5e4fba0e913f9b8	16475	spontaneous-speech-pne-16475.mp3	11160	1571	Konak tateg pengejian adui sosial (bantuan) peritah tong daleh kah?	Dan bagik akouk,yeng pun taterk..kat kat nan neh yeng pun..nak peritah..	1			Western Penan	train	5.555555555555555		True	0.08695652173913049	False			False
06e91360c689ccdb3c48e8c51aac7b8c	17322	spontaneous-speech-pne-17322.mp3	19908	1571	Konak tateg pengejian adui sosial (bantuan) peritah tong daleh kah?	Jiak jiak tue, yeng pun inouk yah sat. Jiak jiak tue pengejian, adui ireh peritah batu amik dalem semuah inouk inouk penusah amik. 	1	teens	female_feminine	Western Penan	train	5.424954792043399		False	0.171875	False	3.6588359963100876	0.17337461300309598	True
660efcc153b8f1b83f0e7b7293a6739d	17347	spontaneous-speech-pne-17347.mp3	16056	1571	Konak tateg pengejian adui sosial (bantuan) peritah tong daleh kah?	Ireh monak amik bantuan, siget bulan. Jau sig peh, yeng pun inouk manouk eh. [ah] Sukon amik sukat kuman tue, ineh tue.	1	teens	female_feminine	Western Penan	train	6.103637269556551		False	0.06034482758620685	False	4.621729834098411	0.7597523219814242	False
d03d164e3a037c9462bb3b7801263813	17702	spontaneous-speech-pne-17702.mp3	23292	1571	Konak tateg pengejian adui sosial (bantuan) peritah tong daleh kah?	Yeng peh konak pegejian neh sat kadang-kadang neh jian inuek bulan pongah ituek yeng pun ineuk-inuek ituek bulan kurek pongah ituek yeng pun pegejian neh adui neh dalam pogasah oluek ponan, tusah, masa ineh tusah tusah ke sonang sonang keh	1	twenties	female_feminine	Western Penan	train	8.58663918942126		True	0.3347457627118644	False			False
a2632e7d8bbc0b5567334fd6bb68604f	17740	spontaneous-speech-pne-17740.mp3	16308	1571	Konak tateg pengejian adui sosial (bantuan) peritah tong daleh kah?	Buleh lah toh barak, yeng peh pun konak pengejian tapik buleh, sukatlah uleuk murip chat chat, sukat pitah adui uleuk chik chik. Pun keh naneuk peritah monak uleuk chik chik dalem duman yah pongah.	1	fifties	male_masculine	Western Penan	train	10.056414029923964		False	0.18556701030927836	False	4.367634668642923	0.6427244582043343	False
59015be0ab1203af375a4af4b86c43d5	17838	spontaneous-speech-pne-17838.mp3	20484	1571	Konak tateg pengejian adui sosial (bantuan) peritah tong daleh kah?	Yeng pun roti bantuan iteuk peh. Adui sia-sia tong- bagi akeuk yeng pun roti neh. Konak toq iteuk, sekarang iteuk akeuk ke tuai morong juk alek rigit yeng pun roti-roti awu awu awu awu pe kurah, bulan itei bulan itei, yeng pun roti. Jiak peh tuai duah tolouk rigit yeng roti neh bagik amik, yeng ineuk sukat nalek amik ayuk.	1			Western Penan	train	12.9369263815661		False	0.32398753894081	False	4.865507093292214	0.8489164086687306	False
3a783f2ba60782823bab13f00d15057a	18107	spontaneous-speech-pne-18107.mp3	18360	1571	Konak tateg pengejian adui sosial (bantuan) peritah tong daleh kah?	Pengejian neh, ulouk sukat tei pitah [um] be, tei pitak gulak, memolek penguman, [um] konak nyak, usen biseng. Sukat ulouk memolek. Keh.	1			Western Penan	train	6.263616557734205		False	0.1578947368421053	False	4.454139902751935	0.6823529411764706	False
209aab5184d892f83f2f6491b90f4867	15354	spontaneous-speech-pne-15354.mp3	28188	1572	Konak tog penolong peritah nonak ngan ireh rodu ayuk juk miper adui dageng rah?	Pun aduh,ineh..ireh monak bajet,monak baja,monak [um] tulin,tuvu..avik peh dan neh rigit.Ineh adui ireh..menolong ireh rodu,ayuk ireh manouk kobun,manouk tuvu ireh..yeng keh..ngebaja,konak eh lah,lasun..konak eh lah	1			Western Penan	train	6.775933021143749		True	0.21226415094339623	False			False
6daf5823a635cbefd29a368980768870	15411	spontaneous-speech-pne-15411.mp3	15840	1572	Konak tog penolong peritah nonak ngan ireh rodu ayuk juk miper adui dageng rah?	Owk..yeng pun ireh peritah monak, erei...berajak ineh ngan amik ayuk dageng.Yeng kalek ireh manouk eh monak amik..abuh ireh manouk deh dak mungkin..mungkin awu itouk ireh manouk eh..Yah kunah kuk ineh..	1			Western Penan	train	10.921717171717171		False	0.2361809045226131	False	3.908116343370591	0.33126934984520123	True
15813ed995d0a8f107309df7f9afa0d0	15414	spontaneous-speech-pne-15414.mp3	14760	1572	Konak tog penolong peritah nonak ngan ireh rodu ayuk juk miper adui dageng rah?	Pongah pinek penolong peritah. Penolong peritah ; jin menyuk manouk tuvu, jin menyuk manouk beg, jin menyuk manouk laker. Ineh penolong peritah.	1	thirties	female_feminine	Western Penan	train	8.333333333333334		False	0.42553191489361697	False	4.413771498773766	0.6662538699690402	False
d010ca153b96a5ebfd09ba6a2e3e0cf4	15942	spontaneous-speech-pne-15942.mp3	16704	1572	Konak tog penolong peritah nonak ngan ireh rodu ayuk juk miper adui dageng rah?	Ireh menyuk mipei amik ireh ayuk sunga ireh ayuk neh jiak keh ayuk neh jadi dageng avik neh jadi lamin katin keh ayuk dageng bareng-bareng 	1	teens	male_masculine	Western Penan	train	6.82471264367816		False	0.3308823529411765	False	5.321335978851203	0.9331269349845202	False
38d1cf1c53c7826866b3ae7a6495b32f	16028	spontaneous-speech-pne-16028.mp3	20016	1572	Konak tog penolong peritah nonak ngan ireh rodu ayuk juk miper adui dageng rah?	yeng pun cara boken konak towk langit itouk..ireh menyuwk manouk bukui..manouk borat,manouk pokah..manouk bak..cara neh konak towk ireh min lah,ireh tolong tai pedageng neh..keh..ineh cara tolong ireh rodu amik..	1	twenties	male_masculine	Western Penan	train	9.192645883293364		False	0.22488038277511957	False	4.192768646271502	0.5405572755417957	True
46b095ac5602bd3bfdf0cc670842c77c	16157	spontaneous-speech-pne-16157.mp3	16848	1572	Konak tog penolong peritah nonak ngan ireh rodu ayuk juk miper adui dageng rah?	Ayuk ireh manouk tuvu, manouk polah, manouk urouk, manouk uveik, ineh ayuk ireh miper amik.	1			Western Penan	train	4.570275403608737		False	0.28409090909090906	False	3.9417185984461565	0.35789473684210527	True
209c440297f7fce6c5e4fba0e913f9b8	16222	spontaneous-speech-pne-16222.mp3	12168	1572	Konak tog penolong peritah nonak ngan ireh rodu ayuk juk miper adui dageng rah?	Yah ineh pun akek yeng mojam konak cara neh, konak ireh maneuk. Avik langit iteuk, mah pun akeuk menat. 	1			Western Penan	train	6.985535831689678		False	0.09900990099009899	False	4.085205897780092	0.4681114551083591	True
75e882dda7e6942bcfa81c65ba9893a3	16606	spontaneous-speech-pne-16606.mp3	13788	1572	Konak tog penolong peritah nonak ngan ireh rodu ayuk juk miper adui dageng rah?	Tong joh ineh yeng ak- yeng peh akouk lalek mojam konak keh adui peritah miper ireh rodu. Nak peh keh jiak bi dan pun ireh peritah miper ireh rodu dalem dageng ireh	1			Western Penan	train	9.646069045546852		False	0.21739130434782605	False	4.099226620901813	0.47678018575851394	True
06e91360c689ccdb3c48e8c51aac7b8c	17192	spontaneous-speech-pne-17192.mp3	20268	1572	Konak tog penolong peritah nonak ngan ireh rodu ayuk juk miper adui dageng rah?	Ireh pun koluk menolong, bi monak monak inouk yah eh juk nani amik. Ireh bi miper amik dalem kat kat se-erei semua inouk. 	1	teens	female_feminine	Western Penan	train	4.884547069271759		False	0.12605042016806722	False	4.631179398307391	0.7640866873065015	False
660efcc153b8f1b83f0e7b7293a6739d	17601	spontaneous-speech-pne-17601.mp3	16056	1572	Konak tog penolong peritah nonak ngan ireh rodu ayuk juk miper adui dageng rah?	Keh nat ireh,monak amik [um] keroja,manouk bag,manouk bukui,manouk kitong,manouk pokah,jian pong adui ineh sukat kedageng amik ayuk amik alek penguman	1	teens	female_feminine	Western Penan	train	8.15894369706029		False	0.1768707482993197	False	3.843511485201884	0.28421052631578947	True
660efcc153b8f1b83f0e7b7293a6739d	17601	spontaneous-speech-pne-17601.mp3	16056	1572	Konak tog penolong peritah nonak ngan ireh rodu ayuk juk miper adui dageng rah?	Yah nak ireh monak amik keroja manouk beg, manouk bukui, manouk kitong, manouk pokah. Jian pong adui ineh, sukat kedageng amik ayuk amik ale' penguman. 	1	teens	female_feminine	Western Penan	train	7.909815645241654		False	0.19463087248322153	False	3.802501229215154	0.25882352941176473	True
d03d164e3a037c9462bb3b7801263813	17916	spontaneous-speech-pne-17916.mp3	17064	1572	Konak tog penolong peritah nonak ngan ireh rodu ayuk juk miper adui dageng rah?	Ireh monak tangoh kerk,ireh monak[um] rigit kerk,ayuk ireh mipe adui ireh keroja ireh rodu dalem dageng ireh ,dalem[um] juan ireh. 	1	twenties	female_feminine	Western Penan	train	6.504922644163151		False	0.2265625	False	3.6728004455006267	0.1845201238390093	True
59015be0ab1203af375a4af4b86c43d5	18051	spontaneous-speech-pne-18051.mp3	2232	1572	Konak tog penolong peritah nonak ngan ireh rodu ayuk juk miper adui dageng rah?	[unclear]	1			Western Penan	train	4.032258064516129		True	0.0	False			False
a2632e7d8bbc0b5567334fd6bb68604f	18119	spontaneous-speech-pne-18119.mp3	15768	1572	Konak tog penolong peritah nonak ngan ireh rodu ayuk juk miper adui dageng rah?	Owk, niah eh monak, dekuk ulouk menat eh. Niah eh avik, pun nonak neh. Pun peh konep ulouk juk manouk. Nak rodu peh, nak lakeik peh, niah eh pun nonak. Dan neh yeng, konak penganouk neh tolong lakeik. Keh adui ineh.	1	fifties	male_masculine	Western Penan	train	11.098427194317605		False	0.2264150943396226	False	3.9876992774725504	0.4006191950464396	True
3a783f2ba60782823bab13f00d15057a	18252	spontaneous-speech-pne-18252.mp3	17928	1572	Konak tog penolong peritah nonak ngan ireh rodu ayuk juk miper adui dageng rah?	[um] niah ireh peritah monak..erei..ireh juk monak penolong,konak monak rigit,konak monak erei..sen..ayuk ireh min,ayuk ireh matet,barang ireh,agup ireh tai lak bai,keh..	1			Western Penan	train	8.366800535475234		False	0.2455089820359282	False	3.9842909329446976	0.3975232198142415	True
6daf5823a635cbefd29a368980768870	15274	spontaneous-speech-pne-15274.mp3	16632	1508	Taber inouk yah malai nalek, malai kinan kah?	Owk- mi, kanen, ujau, sebarang kinan kik. Ujau yah eh yeng pun tatuk-tatuk neh, morap map ujau kinan kik. Abu arkouk yeng kuman dak, beladak ineh yeng kinan kik. Urouk beladak ineh kukik.	1			Western Penan	train	9.31938431938432		False	0.26086956521739135	False	5.450760387705056	0.9554179566563468	False
15813ed995d0a8f107309df7f9afa0d0	15498	spontaneous-speech-pne-15498.mp3	13176	1508	Taber inouk yah malai nalek, malai kinan kah?	Tobouk yah tenuvu amik, ineh malai kinan amik. Yeng pun amik kuman cebarang, yeng amik kuman yah sat. Yah tenuvu amik ineh keh kinan amik. Yeng amik kuman yah pebareng.	1	thirties	female_feminine	Western Penan	train	10.549483910139648		False	0.38787878787878793	False	3.9541068897280844	0.3702786377708978	True
46b095ac5602bd3bfdf0cc670842c77c	15998	spontaneous-speech-pne-15998.mp3	15876	1508	Taber inouk yah malai nalek, malai kinan kah?	nyok uviek,nan nalek,yah malai nalek,malai kinan,uvut nalek malai kinan.	1			Western Penan	train	4.031242126480222		False	0.2753623188405797	False	5.921452481191855	0.9795665634674923	False
d010ca153b96a5ebfd09ba6a2e3e0cf4	16212	spontaneous-speech-pne-16212.mp3	15984	1508	Taber inouk yah malai nalek, malai kinan kah?	Yah neh konak...erei..lutik ineh,avik neh...kanen,avik neh..ujau boken konak towk pelanok,mabui ineh..	1	teens	male_masculine	Western Penan	train	5.755755755755756		False	0.16161616161616166	False	5.03389096777922	0.8829721362229103	False
38d1cf1c53c7826866b3ae7a6495b32f	16334	spontaneous-speech-pne-16334.mp3	16128	1508	Taber inouk yah malai nalek, malai kinan kah?	Itouk piak tabe itouk yeng akouk mojam,tabe inouk..dukuk akouk,yeng akouk pun ngeninik piak itouk..Jadi lah,yeng akouk mojam yah mah eh Tabe,malai nalerk,malai kinan,yeng akouk mojam..	1	twenties	male_masculine	Western Penan	train	9.92063492063492		False	0.3259668508287292	False	3.9461129614011736	0.3634674922600619	True
75e882dda7e6942bcfa81c65ba9893a3	16339	spontaneous-speech-pne-16339.mp3	18540	1508	Taber inouk yah malai nalek, malai kinan kah?	Taber yah lalek malai nalek ngan kinan amik yan neh dauvik, yan neh situn yan neh pakuek yan neh kushai yang neh [um] pinek nan taber yah nan tenuvu amik	1			Western Penan	train	6.68824163969795		False	0.2466666666666667	False	5.3574033597345725	0.9424148606811146	False
209c440297f7fce6c5e4fba0e913f9b8	16469	spontaneous-speech-pne-16469.mp3	9036	1508	Taber inouk yah malai nalek, malai kinan kah?	Taber yah malai ayuk amik, laker eh daon eh nale'erk amik. Ineh taber amik.	1			Western Penan	train	6.861443116423197		True	0.125	False			False
15c3189343ecfed295e773c9a86db318	17519	spontaneous-speech-pne-17519.mp3	14328	1508	Taber inouk yah malai nalek, malai kinan kah?	Dan tinen tamen amik manouk piak,amik mukuk ngeninik piak,amik alek tebarek,alek piak..yah nanouk ukun topun amik monak amik..Ineh yah keninik amik..	1	twenties	female_feminine	Western Penan	train	9.003350083752093		False	0.26027397260273977	False	3.565394023880284	0.13003095975232198	True
06e91360c689ccdb3c48e8c51aac7b8c	17571	spontaneous-speech-pne-17571.mp3	14868	1508	Taber inouk yah malai nalek, malai kinan kah?	Yeng akouk mojam tulan inouk ineh yah malai kinan kik. Yeng mojam barak inouk eh taber ineh.	1	teens	female_feminine	Western Penan	train	5.11164917944579		False	0.1573033707865169	False	3.5271821126797773	0.10402476780185758	True
660efcc153b8f1b83f0e7b7293a6739d	17613	spontaneous-speech-pne-17613.mp3	15840	1508	Taber inouk yah malai nalek, malai kinan kah?	Yah malai nouk amik..tai memitik,tai ngejalak,pitah tangoh ineh yah..koluk amik..ineh yah malai nalek..malai kinan amik.ineh tuerk..	1	teens	female_feminine	Western Penan	train	7.386363636363637		False	0.22480620155038755	False	3.986011476053633	0.39814241486068114	True
d03d164e3a037c9462bb3b7801263813	17680	spontaneous-speech-pne-17680.mp3	12564	1508	Taber inouk yah malai nalek, malai kinan kah?	Inouk inouk taber ineh, penguman bi ineh. Malai kinan ulouk bi, yeng pun yah eh sat, yeng pun yah eh bareng. Penguman bi.	1	twenties	female_feminine	Western Penan	train	7.879656160458452		False	0.22881355932203384	False	4.107776407532166	0.48111455108359136	True
59015be0ab1203af375a4af4b86c43d5	17785	spontaneous-speech-pne-17785.mp3	17280	1508	Taber inouk yah malai nalek, malai kinan kah?	[um] bagi'k akouk, tong ume' kik,ubat yah malai nalek amik  tong adui, malai nalek amik adalah ubat urouk..dalem sakit inouk inouk keh, dalem  lauwk, sakit lauwk..sakit soli kah,inouk kah ..yah malai ngan kik ngaren neh ubat urouk..	1			Western Penan	train	11.226851851851851		False	0.27510917030567683	False	5.352260243954607	0.9393188854489164	False
a2632e7d8bbc0b5567334fd6bb68604f	18179	spontaneous-speech-pne-18179.mp3	15336	1508	Taber inouk yah malai nalek, malai kinan kah?	Owk, yeng ulouk mojam barak medei ulouk kuman taber sebarang.  Sat, moram, pinek kelunan mavuk. Pun lan keh ubat ulouk dalem tanak. Ulouk yeng barak sebarang, ulouk jah keluak, yeng ulouk mojam.  Dei ulouk mavuk.	1	fifties	male_masculine	Western Penan	train	11.476264997391755		False	0.2727272727272727	False	3.8537243393551988	0.291640866873065	True
3a783f2ba60782823bab13f00d15057a	18216	spontaneous-speech-pne-18216.mp3	17352	1508	Taber inouk yah malai nalek, malai kinan kah?	Yah malai nale'ek, malai kinan ineh ; yah konak pakouk, konak daon uveik, konak erei inouk segolah, konak simut, konak uvut, konak [ah] kakong, ineh bi. Ineh pengalai kinan ulouk.	1			Western Penan	train	8.644536652835408		False	0.24431818181818177	False	4.764070305609691	0.8117647058823529	False
15813ed995d0a8f107309df7f9afa0d0	15180	spontaneous-speech-pne-15180.mp3	16740	1500	Tosok yah ateg dalem keriyet kuk, inouk kek pengejian dalem nanouk kok ineh tong kauk?	tosog keriyet kik dalem urip kik,dalem adui kik,manouk adui tong lumak,manouk adui tong kobun,juk sumak ineh..yah tosog yah keriyet kik	1	thirties	female_feminine	Western Penan	train	6.929510155316606		False	0.2954545454545454	False	3.7198001037097606	0.21671826625386997	True
209aab5184d892f83f2f6491b90f4867	15220	spontaneous-speech-pne-15220.mp3	23400	1500	Tosok yah ateg dalem keriyet kuk, inouk kek pengejian dalem nanouk kok ineh tong kauk?	yeng pun kojam ulouk tosog eh  ineh,nasayik peh..yeng tajag keh ulouk tosog dalem kat piak,dalem kat adui..bareng pun peh ayuk neh jiak  eh menimah kerk..ulouk tosog,ulouk barak seritak,adet ireh ukun topun ulouk jin sau..keh,sajak alai nah..eh keh neh..	1			Western Penan	train	9.188034188034187		True	0.19123505976095623	False			False
6daf5823a635cbefd29a368980768870	15379	spontaneous-speech-pne-15379.mp3	16020	1500	Tosok yah ateg dalem keriyet kuk, inouk kek pengejian dalem nanouk kok ineh tong kauk?	Owk tosok koluek kik suket, suket ineh [um] konak tok seritak tong tv eh tapik pun yah suket ineh peguak oluek ituek eh seket eh oleuk kik jiak 	1			Western Penan	train	7.240948813982522		False	0.17730496453900713	False	4.80955010022513	0.83343653250774	False
916c4bf55dda885cb785b8e0342f30cb	15677	spontaneous-speech-pne-15677.mp3	22176	1500	Tosok yah ateg dalem keriyet kuk, inouk kek pengejian dalem nanouk kok ineh tong kauk?	Akouk tosog pengejian kik, sukat [um] monak anag kik tai sekulah, sukat monak berajak ngan anag anag kik siget siget langit ngan [um]  petuboh ireh ayuk ireh tai [um] melakau tong sekulah. 	1	fourties	male_masculine	Western Penan	train	7.034632034632034		True	0.23655913978494625	False			False
d010ca153b96a5ebfd09ba6a2e3e0cf4	15909	spontaneous-speech-pne-15909.mp3	16488	1500	Tosok yah ateg dalem keriyet kuk, inouk kek pengejian dalem nanouk kok ineh tong kauk?	tosog keik koluk ireh ,koluk keninik kik  yan neh ireh barak akouk jiak, tolong tinen tamen,abin ireh mipet akouk avik ireh banding akouk ngan ireh,	1	teens	male_masculine	Western Penan	train	7.4599708879184865		False	0.18620689655172418	False	3.9565025556385853	0.373374613003096	True
38d1cf1c53c7826866b3ae7a6495b32f	15926	spontaneous-speech-pne-15926.mp3	21348	1500	Tosok yah ateg dalem keriyet kuk, inouk kek pengejian dalem nanouk kok ineh tong kauk?	kalau itouk tosog yah jian, amai usit.Tosog lah tosog lan ngan rah.Tosog barak ngan rah barak lan yah mah yah ateg lan neh..yah mah yah pong,yah mah yah- amai barak yah usit amai barak yah salak.Ineh tosog yah dalem koluk kik,dan kik barak ngan rah dan kik tosog ngan rah.	1	twenties	male_masculine	Western Penan	train	10.445943413902942		False	0.42750929368029744	False	4.217183313770293	0.5535603715170279	True
46b095ac5602bd3bfdf0cc670842c77c	16054	spontaneous-speech-pne-16054.mp3	15588	1500	Tosok yah ateg dalem keriyet kuk, inouk kek pengejian dalem nanouk kok ineh tong kauk?	Yeng pun tosog, yeng pun piak nanouk tong akouk. Jiak. Sajak neh jiak bi bi, yeng pun-	1			Western Penan	train	4.4906338208878624		False	0.1686746987951807	False	3.364587417152917	0.04643962848297214	True
209c440297f7fce6c5e4fba0e913f9b8	16488	spontaneous-speech-pne-16488.mp3	13428	1500	Tosok yah ateg dalem keriyet kuk, inouk kek pengejian dalem nanouk kok ineh tong kauk?	Pengejian neh,akouk botik,akouk min padui,akouk min manouk dalem adui,dalem keroja amik padik..alek amik samak samak.	1			Western Penan	train	7.670539171879654		False	0.22807017543859653	False	3.6662989501879926	0.18080495356037152	True
75e882dda7e6942bcfa81c65ba9893a3	16519	spontaneous-speech-pne-16519.mp3	13392	1500	Tosok yah ateg dalem keriyet kuk, inouk kek pengejian dalem nanouk kok ineh tong kauk?	Pon eh dalem keriyet keik,dan keik sukat mulik tong lamin,dan keik sukat pojah ngan ireh padik kik,ngan ireh tinen tamen kik,keh..	1			Western Penan	train	8.213859020310634		False	0.1889763779527559	False	3.709429056368592	0.20990712074303405	True
06e91360c689ccdb3c48e8c51aac7b8c	17361	spontaneous-speech-pne-17361.mp3	18756	1500	Tosok yah ateg dalem keriyet kuk, inouk kek pengejian dalem nanouk kok ineh tong kauk?	Pun tosog ireh sau, ireh tinen tamen amik ; ireh bi tosog ngan amik, barak-barak inouk yah adui-adui ireh ukun sau ngan amik. Ineh yah eh keriyet amik dan ireh bi tosog.	1	teens	female_feminine	Western Penan	train	7.357645553422905		False	0.25903614457831325	False	3.922601540896623	0.3455108359133127	True
660efcc153b8f1b83f0e7b7293a6739d	17423	spontaneous-speech-pne-17423.mp3	16380	1500	Tosok yah ateg dalem keriyet kuk, inouk kek pengejian dalem nanouk kok ineh tong kauk?	Tosog yah koluk kik ngan pengejian neh, ulouk manouk tosog eh jiak, yah pun roti neh. Yeng ulouk manouk tosog sebarang, manouk tosog adeg.	1	teens	female_feminine	Western Penan	train	7.020757020757022		False	0.2518518518518519	False	3.2606667917439762	0.022291021671826627	True
15c3189343ecfed295e773c9a86db318	17432	spontaneous-speech-pne-17432.mp3	16380	1500	Tosok yah ateg dalem keriyet kuk, inouk kek pengejian dalem nanouk kok ineh tong kauk?	tosog yah koluk kik koluk ninik piak kelunan mukun,kelunan jau tosog dalem adui dalem keroja konak towk manouk borat, manouk bukui ,manouk bag,manouk pokah,manouk lake,semua yah adui nanouk kelunan jau	1	twenties	female_feminine	Western Penan	train	10.5006105006105		False	0.2828282828282829	False	3.6763996798618956	0.19071207430340556	True
d03d164e3a037c9462bb3b7801263813	17845	spontaneous-speech-pne-17845.mp3	20628	1500	Tosok yah ateg dalem keriyet kuk, inouk kek pengejian dalem nanouk kok ineh tong kauk?	Pinek tosok, pinek arak, pinek seritak yah kolouk ngan, yah koluk kelinik, yah koluk ulouk ngelinik. Menan ne jian bagi ulouk, ayuk mojqm ayuk ulouk peroti. 	1	twenties	female_feminine	Western Penan	train	6.35059142912546		False	0.26623376623376627	False	4.189795127858034	0.5399380804953561	True
59015be0ab1203af375a4af4b86c43d5	18004	spontaneous-speech-pne-18004.mp3	11088	1500	Tosok yah ateg dalem keriyet kuk, inouk kek pengejian dalem nanouk kok ineh tong kauk?	Pengejian neh [unclear] eh nanouk kik dalem urip kik ineh tong akouk, dan kek padui dan kek mongen laker, mongen penat, mongen malat, ineh pengejian bagik akouk. 	1			Western Penan	train	12.175324675324674		True	0.21383647798742134	False			False
a2632e7d8bbc0b5567334fd6bb68604f	18157	spontaneous-speech-pne-18157.mp3	16380	1500	Tosok yah ateg dalem keriyet kuk, inouk kek pengejian dalem nanouk kok ineh tong kauk?	Owk, pun yah keriyet kek, dan kek meriyet menat, dan kek manouk malat, dan kek manouk arog, dan kek manouk adui manouk lamin manouk inouk. Dan neh yeng teruen, lamin, koluk akouk dalem. Dan malat ineh jian, koluk akouk memiteng, koluk akouk ayuk. Ineh keriyet kik. Keh.	1	fifties	male_masculine	Western Penan	train	13.614163614163616		False	0.39473684210526316	False	3.866593978100262	0.2978328173374613	True
3a783f2ba60782823bab13f00d15057a	18334	spontaneous-speech-pne-18334.mp3	18072	1500	Tosok yah ateg dalem keriyet kuk, inouk kek pengejian dalem nanouk kok ineh tong kauk?	yah dalem keriyet kik ineh,niah akouk itouk nak tuan keroja adui ,ineh paling keriyet kik,akouk juk koluk pun adui,pun keroja pun yah sukat nanouk kik au itouk akouk koluk pun min tinen tamen keik melakau, keh	1			Western Penan	train	9.628154050464808		False	0.24271844660194175	False	3.6969630521793415	0.20247678018575851	True
15813ed995d0a8f107309df7f9afa0d0	15260	spontaneous-speech-pne-15260.mp3	16668	1515	Ke komah lakau solai yah dalem konep kuk?	Lakau yah dalem konep kik lakau yah dalem koluk kik lak woman akuek tai akuek koluk laku juk solai jian yeng pun pabe yeng pun yah meguak	1	thirties	female_feminine	Western Penan	train	6.659467242620591		False	0.28358208955223885	False	4.733674798356383	0.795046439628483	False
6daf5823a635cbefd29a368980768870	15302	spontaneous-speech-pne-15302.mp3	15660	1515	Ke komah lakau solai yah dalem konep kuk?	Lakau solai konep kik lak Bintulu, lak Miri, lak lak mah-lak mah peh sukon eh jiak, sukon best bagik akouk. Ineh tue koluk kik. [um] Ineh tue ngejiak konep kik	1			Western Penan	train	8.301404853128991		False	0.20512820512820518	False	5.271507581028426	0.9275541795665635	False
209aab5184d892f83f2f6491b90f4867	15548	spontaneous-speech-pne-15548.mp3	29232	1515	Ke komah lakau solai yah dalem konep kuk?	Auk keh, piak ulouk manouk anag ulouk neh. Piak ulouk manouk anag ulouk juk mauk neh, juk [unclear] [unclear] [unclear] Yah, konak ayuk kok juk tai mauk, tai solai tai tong ineh. inouk yah ineh eh dalem konep kuk? keh piak ulouk manouk eh. Yeng yan ineh, yeng mauk yeng mapun. [unclear] amik jau itouk manouk.	1			Western Penan	train	8.689107827038862		True	0.39542483660130723	False			False
38d1cf1c53c7826866b3ae7a6495b32f	15921	spontaneous-speech-pne-15921.mp3	17928	1515	Ke komah lakau solai yah dalem konep kuk?	Dalem konep kik, yeng pun lakau solai boken,solai lah,dan atah sau..solai,keh..solai tai pitah urip, tai pitah buerk,tai pitah menguman,tai pitah mabui,ineh lakau solai yah jian koluk kik..	1	twenties	male_masculine	Western Penan	train	9.091923248549756		False	0.24731182795698925	False	3.909622702261713	0.33250773993808047	True
d010ca153b96a5ebfd09ba6a2e3e0cf4	16060	spontaneous-speech-pne-16060.mp3	16920	1515	Ke komah lakau solai yah dalem konep kuk?	Lakau yah dalem konep kik, akau lak pasen, lak komah-komah, tanak. Nipe ireh kek. Dalem. 	1	teens	male_masculine	Western Penan	train	4.373522458628841		False	0.08139534883720934	False	5.868608055041663	0.9777089783281734	False
209c440297f7fce6c5e4fba0e913f9b8	16116	spontaneous-speech-pne-16116.mp3	14328	1515	Ke komah lakau solai yah dalem konep kuk?	Lakau solai yah bagik amik Ponan, tai yot be'ek. Tai lak daleh juk, ayuk amik pitah urip, pitah penguman amik.	1			Western Penan	train	6.351200446677833		False	0.10280373831775702	False	3.8737539223865993	0.3040247678018576	True
46b095ac5602bd3bfdf0cc670842c77c	16393	spontaneous-speech-pne-16393.mp3	16740	1515	Ke komah lakau solai yah dalem konep kuk?	lakau solai koluk tong konep kik yah tai turu,yah tai mengasouk,yah tai pogen,yah tai muket yah tai ngejalak,ineh adui solai koluk 	1			Western Penan	train	6.571087216248506		False	0.265625	False	4.186858723057791	0.5368421052631579	True
75e882dda7e6942bcfa81c65ba9893a3	16552	spontaneous-speech-pne-16552.mp3	16668	1515	Ke komah lakau solai yah dalem konep kuk?	Lakau solai yah dalem konep kik,akeuk juk tai tong eropah,akeuk juk tai tong daleh tu'ern,akeuk juk tai tong.. daleh koria,akeuk juk tai tong daleh indo...	1			Western Penan	train	7.859371250299977		False	0.4078947368421053	False	4.348088564313511	0.6328173374613003	False
660efcc153b8f1b83f0e7b7293a6739d	17408	spontaneous-speech-pne-17408.mp3	17136	1515	Ke komah lakau solai yah dalem konep kuk?	Yeng pun yah..dalem piken,dalem konep kik..tong ineh lah..pitah yah..lakau yah tanak,lakau mitik.	1	teens	female_feminine	Western Penan	train	5.018674136321195		False	0.11702127659574468	False	4.40124425332302	0.6613003095975232	False
06e91360c689ccdb3c48e8c51aac7b8c	17499	spontaneous-speech-pne-17499.mp3	17784	1515	Ke komah lakau solai yah dalem konep kuk?	Ineh yeng kojam kik, kekomah lakau. akouk peh yeng mojam, peroti tulan inouk yah eh solai ineh. Yeng akouk mojam. 	1	teens	female_feminine	Western Penan	train	5.285650022492128		False	0.1351351351351351	False	3.934844524411945	0.3523219814241486	True
15c3189343ecfed295e773c9a86db318	17557	spontaneous-speech-pne-17557.mp3	14580	1515	Ke komah lakau solai yah dalem konep kuk?	Lakau yah dalem konep kik, tai memitig, tai memuket, tai ngejalak, tai ale laker, tai pitah uvut. Ineh yah koluk kik dalem konep kik. Tai tong tanak.	1	twenties	female_feminine	Western Penan	train	8.436213991769547		False	0.2191780821917808	False	3.6819311519201046	0.19442724458204336	True
d03d164e3a037c9462bb3b7801263813	17670	spontaneous-speech-pne-17670.mp3	19296	1515	Ke komah lakau solai yah dalem konep kuk?	Tai komah peh adui ineh, yah penting adui ineh jian, yah penting adui ulouk ineh toneng. Amai ulouk manouk adui sat, amai ulouk manouk adui salak. Sineh adui solai ulouk yah jiak, yah eh juk koluk ulouk. Yah penting adui ulouk jian, amai eh salak, amai eh sat.	1	twenties	female_feminine	Western Penan	train	11.038557213930348		False	0.4863813229571985	True			False
59015be0ab1203af375a4af4b86c43d5	17970	spontaneous-speech-pne-17970.mp3	14724	1515	Ke komah lakau solai yah dalem konep kuk?	lakau solai yah koluk kik ineh juk tong inak tong daleh ireh lobuk tai somah somah tuwerk jin daleh kik itouk	1			Western Penan	train	6.04455311056778		False	0.15094339622641506	False	3.3651130926475883	0.047058823529411764	True
3a783f2ba60782823bab13f00d15057a	18117	spontaneous-speech-pne-18117.mp3	17280	1515	Ke komah lakau solai yah dalem konep kuk?	[um] lakau koluk kik neh, juk koluk tai mengaseuk, koluk tai pogen tong tanak, koluk tai pogen memitiq, koluk tai [um] memuket, koluk tai ineuk-ineuk lah koluk kik. Koluk akeuk tai lak tanak [um].	1			Western Penan	train	9.43287037037037		False	0.37823834196891193	False	3.917511448992621	0.3393188854489164	True
a2632e7d8bbc0b5567334fd6bb68604f	18205	spontaneous-speech-pne-18205.mp3	15588	1515	Ke komah lakau solai yah dalem konep kuk?	Owk..dan pun jalan,sukat ulouk tai nat kelunan ulouk,nat padik ulouk, nat ume' jah, nat ume' jah..ulouk tai..dan yeng jalan..yeng ulouk mukuk..pun konep ulouk juk tai,nat jah ume' nat jah ume'..du'kuk mawuk kelunan ulouk..ulouk poseng , mukuk..	1	fifties	male_masculine	Western Penan	train	13.407749550936616		False	0.36514522821576767	False	4.483961759083134	0.6990712074303406	False
15813ed995d0a8f107309df7f9afa0d0	15291	spontaneous-speech-pne-15291.mp3	13536	1547	Barak kitang lamin yah jian menat pongah nanouk kuk?	Kitang eh pongah nanouk kik dalem lamin kik ; malat, bak, bukui, taeng, borat. Yah pongah nanouk kik dalem lamin kik.	1	thirties	female_feminine	Western Penan	train	7.166075650118204		False	0.29824561403508776	False	4.828870069855449	0.8396284829721362	False
209aab5184d892f83f2f6491b90f4867	15363	spontaneous-speech-pne-15363.mp3	20664	1547	Barak kitang lamin yah jian menat pongah nanouk kuk?	Owk..kitang lamin yah ineh,pongah,yeng kalek eh sukup,yeng kalek eh jiak pong,pun eh nanouk..tapik yeng eh avik ,yeng eh lobo,larui	1			Western Penan	train	5.468447541618273		False	0.1796875	False	4.2779656958336085	0.5944272445820433	True
6daf5823a635cbefd29a368980768870	15634	spontaneous-speech-pne-15634.mp3	15552	1547	Barak kitang lamin yah jian menat pongah nanouk kuk?	Kitang lamin yah pongah jiak nat,eh jiak nat pongah nanouk kik ineh,bunga jin erei kapeh,manouk bunga jin sineg, ineh yah pongah nanouk kik tong urip kik.	1			Western Penan	train	8.294753086419753		False	0.29801324503311255	False	4.6290696543078145	0.7628482972136222	False
38d1cf1c53c7826866b3ae7a6495b32f	16007	spontaneous-speech-pne-16007.mp3	21240	1547	Barak kitang lamin yah jian menat pongah nanouk kuk?	Yeng pun, sukup [unclear] [um] bet bet ket yah sat lah, awot, deg dalem neh. Jah ineh kojam kik. Kalau akouk sukat ; jah kelunan sukat ale'erk, dan pun rigit, yeng pun [unclear] boken lah. Manouk neh berosi neh, bet saput kelawak neh[unclear] Ineh tue.	1	twenties	male_masculine	Western Penan	train	9.792843691148777		False	0.1606425702811245	False	3.8298814656227442	0.2743034055727554	True
46b095ac5602bd3bfdf0cc670842c77c	16180	spontaneous-speech-pne-16180.mp3	17136	1547	Barak kitang lamin yah jian menat pongah nanouk kuk?	kitang ayuk kalung, kitang ayuk [um] ayuk pejian, ayuk maneuk ayuk la'ke kerk. ayuk daon kerk. ineh kitang. 	1			Western Penan	train	5.2521008403361344		False	0.2761904761904762	False	6.747285109635706	0.993188854489164	False
d010ca153b96a5ebfd09ba6a2e3e0cf4	16225	spontaneous-speech-pne-16225.mp3	16164	1547	Barak kitang lamin yah jian menat pongah nanouk kuk?	Yah taben ineh, lang- lang-lang bilep bilep ineh, avik neh lang bap nouk amik sedirik dirin lamin amik ineh.	1	teens	male_masculine	Western Penan	train	5.567928730512249		False	0.20952380952380956	False	5.2138976193229825	0.920123839009288	False
209c440297f7fce6c5e4fba0e913f9b8	16425	spontaneous-speech-pne-16425.mp3	12600	1547	Barak kitang lamin yah jian menat pongah nanouk kuk?	Yah lamin, akouk yeng kalek manouk [um] kitang lamin. Yeng akouk mojam barak kitang lamin yah nanouk kik.	1			Western Penan	train	6.984126984126984		False	0.22549019607843135	False	3.5107902554036263	0.09473684210526316	True
75e882dda7e6942bcfa81c65ba9893a3	16502	spontaneous-speech-pne-16502.mp3	18576	1547	Barak kitang lamin yah jian menat pongah nanouk kuk?	Barang kitang lamin yah pongah nanouk kik,yeng pun..nak pun peh,jin setoro yah nanouk nanouk amik jadi bentuk,jadi kenyuwai..ineh nanouk amik tong lamin amik..	1			Western Penan	train	7.37510766580534		False	0.23717948717948723	False	4.218340585054859	0.5554179566563467	True
15c3189343ecfed295e773c9a86db318	17481	spontaneous-speech-pne-17481.mp3	13896	1547	Barak kitang lamin yah jian menat pongah nanouk kuk?	Akouk koluk menat lamin jian, lamin berosi, yeng koluk menat sogit, yeng koluk menat sat. Koluk petaget berosi, petaget jian, yeng koluk sat yeng koluk sogit.	1	twenties	female_feminine	Western Penan	train	9.571099597006333		False	0.47096774193548385	False	4.00547281089931	0.41424148606811145	True
660efcc153b8f1b83f0e7b7293a6739d	17651	spontaneous-speech-pne-17651.mp3	16020	1547	Barak kitang lamin yah jian menat pongah nanouk kuk?	Kitang lamin yah jian- yah jian menat yah pongah nouk kik, jat maag kem, motem taben, [ah] tipun pigan saken, muik pigan saken, minak tong inak nah kolak. Ineh eh jian nat tan kik. 	1	teens	female_feminine	Western Penan	train	9.176029962546815		False	0.1629213483146067	False	6.093713113779486	0.98328173374613	False
06e91360c689ccdb3c48e8c51aac7b8c	17685	spontaneous-speech-pne-17685.mp3	16884	1547	Barak kitang lamin yah jian menat pongah nanouk kuk?	Dan konak tog akouk, koluk menat kitang lamin, koluk manouk lamin jiak-jiak nat, amai pun yah sat-sat nat. Pun kitang lamin yah pongah jian nat nouk kik pongah.	1	teens	female_feminine	Western Penan	train	7.877280265339967		False	0.22292993630573243	False	4.427849630119139	0.6724458204334365	False
a2632e7d8bbc0b5567334fd6bb68604f	17700	spontaneous-speech-pne-17700.mp3	17820	1547	Barak kitang lamin yah jian menat pongah nanouk kuk?	Yeng pun yah lebih Jian Jin kelevit ngan malet pong ngan pun payau yeng pun utang lamin uluek ponan pinek yah paling jian dalem lamin oleuk ponan atek jiak menat keh	1			Western Penan	train	7.575757575757575		False	0.154320987654321	False	5.4718178940840545	0.9566563467492261	False
d03d164e3a037c9462bb3b7801263813	17732	spontaneous-speech-pne-17732.mp3	17244	1547	Barak kitang lamin yah jian menat pongah nanouk kuk?	Bunga neh, sat neh, [um] tusun mijah, tusun [um] inak katen, inak tilem, inak maag, inak soput neh ; eh jian nat.	1	twenties	female_feminine	Western Penan	train	5.335189051264208		False	0.2090909090909091	False	7.931096909942011	0.9981424148606811	False
59015be0ab1203af375a4af4b86c43d5	17876	spontaneous-speech-pne-17876.mp3	23976	1547	Barak kitang lamin yah jian menat pongah nanouk kuk?	Yeng pun kitang lamin yah jiak nat nanouk kik pongah. Kitang lamin kik ineh lah kitang kik sedirik tong batung tong sin kik neh tong lamin kik. Sik yah menat akouk ineh, kalau yah koluk menat akouk, kalau [unclear] berarti dan neh maseg  lamin kik eh koluk tuai sineh. Akouk lah kitang lamin kik bagik akouk. Tuai ngelayan ngan kejian kik. 	1			Western Penan	train	11.594928261594928		True	0.3293768545994066	False			False
3a783f2ba60782823bab13f00d15057a	18321	spontaneous-speech-pne-18321.mp3	20088	1547	Barak kitang lamin yah jian menat pongah nanouk kuk?	kitang lamin yah koluk kik,koluk manouk taben,koluk mengosat lamin,koluk manouk bunga,koluk manouk adui adui yah eh konak..ulouk [um] ulouk berosi lamin,ulouk manouk bunga itau itau	1			Western Penan	train	7.815611310234965		False	0.3707865168539326	False	4.186019116653903	0.5362229102167183	True
6daf5823a635cbefd29a368980768870	15474	spontaneous-speech-pne-15474.mp3	15696	1570	Inouk penusah ngan kelunan yah juk manouk dageng/adui tong daleh kah?	Pun sat dekuk ireh pogeng mutang. Mutang ireh keh ineh yeng ireh bayan eh kelak awu ineh. Dan ireh mutang kebayan ireh eh, koluk lah ireh pedageng. Tapik ineh eh nanouk ireh itouk ineh, yeng ireh bayan utang.	1			Western Penan	train	10.894495412844035		False	0.35121951219512193	False	4.438873115706865	0.6749226006191951	False
15813ed995d0a8f107309df7f9afa0d0	15625	spontaneous-speech-pne-15625.mp3	18108	1570	Inouk penusah ngan kelunan yah juk manouk dageng/adui tong daleh kah?	Pinek penusah ireh manouk tong daleh amik,ireh manouk dageng,ireh ngelaken,ireh menyogit,ireh ngelasun,dalem berk, dalem daleh amik..ineh penusah kelunan manouk tong daleh amik	1	thirties	female_feminine	Western Penan	train	8.559752595537883		False	0.36416184971098264	False	3.3179588173694974	0.029721362229102165	True
916c4bf55dda885cb785b8e0342f30cb	15668	spontaneous-speech-pne-15668.mp3	21168	1570	Inouk penusah ngan kelunan yah juk manouk dageng/adui tong daleh kah?	Penusah neh yan neh amik yeng pun rigit ayuk amik melek, ayuk amik juk ale' barang dageng ngan ireh ngan tusah dekuk yeng sukat amik juk [unclear] ngan ireh.	1	fourties	male_masculine	Western Penan	train	6.094104308390023		False	0.24675324675324672	False	3.529605810297504	0.10526315789473684	True
d010ca153b96a5ebfd09ba6a2e3e0cf4	15966	spontaneous-speech-pne-15966.mp3	16812	1570	Inouk penusah ngan kelunan yah juk manouk dageng/adui tong daleh kah?	Eh yeng sukat ibut ibut, kuk neh inak nah juk jin katin. Yah peh mager sin neh, ayuk neh petuseh ibut kitei, kitouk. Manouk- manouk mager. 	1	teens	male_masculine	Western Penan	train	6.721389483702117		False	0.13970588235294112	False	6.505847773371213	0.9882352941176471	False
209c440297f7fce6c5e4fba0e913f9b8	16211	spontaneous-speech-pne-16211.mp3	13248	1570	Inouk penusah ngan kelunan yah juk manouk dageng/adui tong daleh kah?	Yeng pun penusah. Dan nah sukat manouk, manouk tue. Yeng pun penusah bagik sik sik. Yah sukat murip, manouk tue.	1			Western Penan	train	7.019927536231884		False	0.33944954128440363	False	3.2464486811038857	0.021052631578947368	True
46b095ac5602bd3bfdf0cc670842c77c	16255	spontaneous-speech-pne-16255.mp3	20628	1570	Inouk penusah ngan kelunan yah juk manouk dageng/adui tong daleh kah?	Yeng pun penusah, yeng pun sat amik tong- ireh juk manouk adui tong daleh amik. Koluk amik dekuk amik sukat murip, dekuk amik pun ayuk ale penguman, ale berajak.	1			Western Penan	train	6.447547023463254		False	0.2088607594936709	False	3.4107844903515034	0.06130030959752322	True
38d1cf1c53c7826866b3ae7a6495b32f	16261	spontaneous-speech-pne-16261.mp3	16920	1570	Inouk penusah ngan kelunan yah juk manouk dageng/adui tong daleh kah?	Penusah neh rigit neh yeng pun,kalau neh juk manouk pedageng, kalau neh juk manouk inouk inouk, rigit neh yeng pun... Ineh la penusah neh..penusah tong daleh amik du'kuk rigit yeng pun...sebab inouk, kalau rigit yeng ,yeng sukat manouk dageng..kalau neh pun,baruk ulouk sukat manouk..konak towk cara ulouk pitah eh..	1	twenties	male_masculine	Western Penan	train	15.839243498817964		False	0.402555910543131	False	3.7898583763827616	0.25077399380804954	True
75e882dda7e6942bcfa81c65ba9893a3	16455	spontaneous-speech-pne-16455.mp3	19944	1570	Inouk penusah ngan kelunan yah juk manouk dageng/adui tong daleh kah?	penusah kelunan yah juk manouk dageng ngan adui tong daleh amik,yan neh..konak kunah kik nik erei ,ireh kelunan amik merisak,yeng lalek sukat alek rigit,jin keh ireh koluk utang..	1			Western Penan	train	7.62133975130365		False	0.09659090909090906	False	3.8734950152371543	0.3027863777089783	True
06e91360c689ccdb3c48e8c51aac7b8c	17188	spontaneous-speech-pne-17188.mp3	18684	1570	Inouk penusah ngan kelunan yah juk manouk dageng/adui tong daleh kah?	Lalek ireh koluk mutang bi yeng koluk monak-monak rigit mulik ngan yeng koluk monak-monak amik barang	1	teens	female_feminine	Western Penan	train	4.602868764718475		False	0.2857142857142857	False	4.116862938065938	0.48792569659442725	True
15c3189343ecfed295e773c9a86db318	17231	spontaneous-speech-pne-17231.mp3	17676	1570	Inouk penusah ngan kelunan yah juk manouk dageng/adui tong daleh kah?	Amik tai alek laker,alek laker simut,laker bukui,laker linau.,mulik ijin ineh,mosek laker,pongah ineh..nyorit laker..memilak laker..pongah ineh matok laker..	1	twenties	female_feminine	Western Penan	train	7.976917854718261		False	0.29220779220779225	False	6.714882263367794	0.9919504643962849	False
660efcc153b8f1b83f0e7b7293a6739d	17537	spontaneous-speech-pne-17537.mp3	16200	1570	Inouk penusah ngan kelunan yah juk manouk dageng/adui tong daleh kah?	Pinek pengesat neh, kuk neh barang nah bi mengate, bi nale'erk mengate, yeng kebayan. Awu itei, baru ireh bayan. Dan ireh pun rigit. Ineh tue pengesat tong ireh pedageng tong daleh amik.	1	teens	female_feminine	Western Penan	train	9.567901234567902		False	0.1912568306010929	False	4.414967778693164	0.6668730650154798	False
d03d164e3a037c9462bb3b7801263813	17877	spontaneous-speech-pne-17877.mp3	29844	1570	Inouk penusah ngan kelunan yah juk manouk dageng/adui tong daleh kah?	Tusah neh dekuk ulouk yeng pun kerita, yeng pun muto, yeng pun ayuk ulouk [um] tai molek, tai ale'erk, tai mani ngan. Ineh tusah neh ireh pun manouk adui dageng, ireh manouk [um] juan ireh juk jin ulouk yah tong ume'. Ineh tusah neh ulouk yeng sukat, ulouk yeng menavik ireh.	1	twenties	female_feminine	Western Penan	train	7.539203860072376		True	0.3492647058823529	False			False
59015be0ab1203af375a4af4b86c43d5	17993	spontaneous-speech-pne-17993.mp3	14940	1570	Inouk penusah ngan kelunan yah juk manouk dageng/adui tong daleh kah?	Penusah neh du'kuk neh bi nutang amik peh eh ngan logah bi man man..logah tong daleh amik, tong umerk amik..logah nah pun man..mulik peh ngan amik sedirik, amik bi mutang,yeng pun amik bayan barang eh nalek amik ineh	1			Western Penan	train	11.981258366800535		False	0.2816901408450704	False	4.238106191123168	0.5690402476780185	True
a2632e7d8bbc0b5567334fd6bb68604f	18053	spontaneous-speech-pne-18053.mp3	16488	1570	Inouk penusah ngan kelunan yah juk manouk dageng/adui tong daleh kah?	Owk, pun neh penusah dalem neh. Dan barang maok yeng, ineh penusah. dan mutang, ineh penusah ineh pengesat neh. Dan neh lajut ireh bayan, ineh kejian dalem daleh ulouk. Ineh ngemaju, ineh eh murip adui dageng.	1	fifties	male_masculine	Western Penan	train	10.553129548762737		False	0.2621359223300971	False	3.9633783646746146	0.37770897832817335	True
3a783f2ba60782823bab13f00d15057a	18101	spontaneous-speech-pne-18101.mp3	17244	1570	Inouk penusah ngan kelunan yah juk manouk dageng/adui tong daleh kah?	Tusah..pun ireh yah yeng bayan dak, pun ireh yah mutang dak,pun ireh usit dak,pun ireh yah..pinek pinek la kokat kokat pengesat dan ulouk manouk dageng,manouk erei..barang ulouk	1			Western Penan	train	8.75666898631408		False	0.2931034482758621	False	4.279747805919375	0.5962848297213622	True
6daf5823a635cbefd29a368980768870	15434	spontaneous-speech-pne-15434.mp3	16668	1565	Konak kah tupat juk minut rigit/berajak tong luvang lamin kah?	Owk, konak ulouk minut. Yeng mojam ulouk [um] inouk ngaran neh minut-minut, pongah ineh mojam ulouk molek ayuk rigit ineh. Minut eh, amai lalek pekobi, amai lalek eh- inouk ngaran- manouk eh jah langit ineh. 	1			Western Penan	train	10.379169666426684		False	0.2780487804878049	False	3.8370479126117876	0.27925696594427246	True
6daf5823a635cbefd29a368980768870	15434	spontaneous-speech-pne-15434.mp3	16668	1565	Konak kah tupat juk minut rigit/berajak tong luvang lamin kah?	Ow, konak uleuk minut, yeng mojam uleuk [um] ineuk ngaran ne, minut-minut pongah ineh mojam uleuk molek ayuk rigit ineh, minut eh. Amai lalek pekobi, amai lalek eh ineuk ngaran neh, maneuk eh jah langit ineh.	1			Western Penan	train	10.379169666426684		False	0.30731707317073176	False	4.132504215335548	0.49473684210526314	True
916c4bf55dda885cb785b8e0342f30cb	15567	spontaneous-speech-pne-15567.mp3	24300	1565	Konak kah tupat juk minut rigit/berajak tong luvang lamin kah?	Amek juk minak rigit supaya amik pun [um] amik au dak, anak amik sekulah amek [um] juk petaget pun barang ineh kenak rigit ngan pun penjagak ulouk [aa] pun podam	1	fourties	male_masculine	Western Penan	train	5.432098765432099		True	0.1708860759493671	False			False
15813ed995d0a8f107309df7f9afa0d0	15663	spontaneous-speech-pne-15663.mp3	15228	1565	Konak kah tupat juk minut rigit/berajak tong luvang lamin kah?	Pitah bank ayuk minat rigit ineh. Ineh eh jiak, yeng eh sukat ninak tong lamin, yeng eh sukat ninak tong luvung. Bank ineh eh jian ayuk inak rigit ineh.	1	thirties	female_feminine	Western Penan	train	8.142894667717362		False	0.3422818791946308	False	4.195116429461359	0.541795665634675	True
46b095ac5602bd3bfdf0cc670842c77c	16144	spontaneous-speech-pne-16144.mp3	16416	1565	Konak kah tupat juk minut rigit/berajak tong luvang lamin kah?	Amik popeng,amik popeng..amik pani,keh amik mitu,keh amik,barak..	1			Western Penan	train	3.594054580896686		False	0.29032258064516125	False	4.392236969070484	0.653250773993808	False
d010ca153b96a5ebfd09ba6a2e3e0cf4	16198	spontaneous-speech-pne-16198.mp3	18072	1565	Konak kah tupat juk minut rigit/berajak tong luvang lamin kah?	Amik minak jimat penguman amik. Konak tok be, konak kupi, gula, usen beseng. Ayuk amik minak rigit. Masa ne bi, amik alek. 	1	teens	male_masculine	Western Penan	train	5.588756086764056		False	0.125	False	5.493678338914935	0.958513931888545	False
209c440297f7fce6c5e4fba0e913f9b8	16229	spontaneous-speech-pne-16229.mp3	11196	1565	Konak kah tupat juk minut rigit/berajak tong luvang lamin kah?	Konak tupat, dan neh pun, mojam kek ulouk minut eh. Dan neh porep, konak ulouk [unclear] [noise] minut.	1			Western Penan	train	7.68131475526974		True	0.15000000000000002	False			False
38d1cf1c53c7826866b3ae7a6495b32f	16323	spontaneous-speech-pne-16323.mp3	17640	1565	Konak kah tupat juk minut rigit/berajak tong luvang lamin kah?	Minut lah,yeng pun adui amik minut lak boken, amik minut lah..amai lalek menyurat sebarang, amai lakek sukati bet rigit, ineh gaya amik minut rigit, amai lalek alek ket yah yeng patut	1	twenties	male_masculine	Western Penan	train	8.673469387755102		False	0.28888888888888886	False	4.228645060275155	0.5640866873065016	True
75e882dda7e6942bcfa81c65ba9893a3	16564	spontaneous-speech-pne-16564.mp3	16848	1565	Konak kah tupat juk minut rigit/berajak tong luvang lamin kah?	Konak pe amik juk tupat minut berajak amik dan amik pinek. Nak pe keh, amik minut eh, amik kuman sik-sik. Amik yeng alek eh pinek. Amik yeng mobet ne, dan ne borah. Keh. 	1			Western Penan	train	8.131528964862298		False	0.23952095808383234	False	5.154164955058611	0.9089783281733747	False
06e91360c689ccdb3c48e8c51aac7b8c	17216	spontaneous-speech-pne-17216.mp3	13500	1565	Konak kah tupat juk minut rigit/berajak tong luvang lamin kah?	Minak rigit ayuk amik ale' barang berajak, tong luvang lamin amik.	1	teens	female_feminine	Western Penan	train	4.148148148148148		False	0.06349206349206349	False	3.818378682282651	0.26625386996904027	True
660efcc153b8f1b83f0e7b7293a6739d	17315	spontaneous-speech-pne-17315.mp3	16200	1565	Konak kah tupat juk minut rigit/berajak tong luvang lamin kah?	Amik tupat ale' penguman yah sodeng, yah sukup jak. Dan neh yeng eh sukup ngan amik, sukat peh amik ale' eh kelak. Minak rigit ineh ayuk ulouk jiak ale' yah pengawu ke-	1	teens	female_feminine	Western Penan	train	8.456790123456791		False	0.1636363636363637	False	4.782469707670181	0.8191950464396285	False
15c3189343ecfed295e773c9a86db318	17374	spontaneous-speech-pne-17374.mp3	16668	1565	Konak kah tupat juk minut rigit/berajak tong luvang lamin kah?	Owk..yah ineh [um] amik sedirik mojam minak rigit dan pun rigit ayuk amik alek penguman dalem luvang lamin amik sedirik..keh,mojam alek berajak,alek penguman yah kinan amik..	1	twenties	female_feminine	Western Penan	train	8.939284857211424		False	0.22807017543859653	False	3.541707965458761	0.11269349845201239	True
d03d164e3a037c9462bb3b7801263813	17856	spontaneous-speech-pne-17856.mp3	16560	1565	Konak kah tupat juk minut rigit/berajak tong luvang lamin kah?	Konak ulouk minut eh, ulouk minut eh. Sik sik peh ulouk ale barang, ale [um] daven ulouk. Ayuk ulouk jiak minak, ayuk ulouk minut sen ulouk ineh, rigit ulouk ineh. 	1	twenties	female_feminine	Western Penan	train	8.091787439613528		False	0.35403726708074534	False	4.147420515911485	0.508359133126935	True
59015be0ab1203af375a4af4b86c43d5	17861	spontaneous-speech-pne-17861.mp3	16272	1565	Konak kah tupat juk minut rigit/berajak tong luvang lamin kah?	Owk..pun amik juk minut,juk ninut amik peh neh,yeng pun inouk inouk roti neh..dey amik juk minut...tajak neh yeng pun, tajak neh yeng sukup..konak amik minut, konak amik lauwk amik monen ineh lah..	1			Western Penan	train	10.2015732546706		False	0.3298969072164949	False	4.138149412775992	0.49907120743034056	True
a2632e7d8bbc0b5567334fd6bb68604f	18088	spontaneous-speech-pne-18088.mp3	15408	1565	Konak kah tupat juk minut rigit/berajak tong luvang lamin kah?	Owk uleuk nyuk menyinek dukuk uleuk kirak uleuk duah tolouk liwet kuman, uleuk kirak kebuat langit yah kuk uleuk juk min, keh. Ayuk anaq uleuk, ayuk ayam uleuk avik kuman duah tolouk liwet dalem jah langit.	1	fifties	male_masculine	Western Penan	train	11.098130841121495		False	0.31034482758620685	False	4.807612740621773	0.8321981424148607	False
3a783f2ba60782823bab13f00d15057a	18322	spontaneous-speech-pne-18322.mp3	17388	1565	Konak kah tupat juk minut rigit/berajak tong luvang lamin kah?	Ulouk tupat juk minak rigit itouk,keh ulouk..ulouk memolek barang,molek yah eh koluk..yah eh sukat monak urip ngan ulouk,keh..amai molek barang molek agup yah eh jau logah neh jin rigit ulouk..	1			Western Penan	train	9.431792040487691		False	0.2578947368421053	False	4.111717262906487	0.48359133126934983	True
6daf5823a635cbefd29a368980768870	15313	spontaneous-speech-pne-15313.mp3	15372	1521	Inouk berajan tong sekulah yah lalek koluk kuk? Ngan inouk dekuk kok koluk?	Akeuk koluk Bahasa Malaysia dukuk Bahasa Malaysia ineh jiak ngan neh yeng pun tusah neh bagik akeuk, monak akeuk. Keh bi keh akeuk ngan mahtametik. Koluk lah akeuk berajan rawah duah mata pelajaran ineh tuek.	1			Western Penan	train	11.319281811085087		False	0.21463414634146338	False	5.241114047715225	0.9256965944272446	False
209aab5184d892f83f2f6491b90f4867	15325	spontaneous-speech-pne-15325.mp3	36324	1521	Inouk berajan tong sekulah yah lalek koluk kuk? Ngan inouk dekuk kok koluk?	Sekulah yah lalek dalem koluk ulouk, konak ne, yan inen ne koluk ulouk. Yan inen min jalan monak ulouk. Urip pengau ituek. Yan pukuk kelunan pinek yah pun pengojam, pineh yah pun keroja, pun adui jin sekulah. Jadi [unclear] jah keluak, jadi sigu jak keluak, jadi [unclear] jah keluak. 	1			Western Penan	train	6.49708181918291		True	0.2836879432624113	False			False
916c4bf55dda885cb785b8e0342f30cb	15397	spontaneous-speech-pne-15397.mp3	18468	1521	Inouk berajan tong sekulah yah lalek koluk kuk? Ngan inouk dekuk kok koluk?	Amik koluk berajan [um] surat Sains ineh, ngan BM (Bahasa Melayu) amik koluk berajan Bahasa Inggeris,Bahasa Iban..supaya amik mojam awu dak..	1	fourties	male_masculine	Western Penan	train	6.551873510937838		False	0.2028985507246377	False	4.700690581635113	0.7857585139318886	False
15813ed995d0a8f107309df7f9afa0d0	15585	spontaneous-speech-pne-15585.mp3	11196	1521	Inouk berajan tong sekulah yah lalek koluk kuk? Ngan inouk dekuk kok koluk?	Yeng pun berajan tong sekulah yah koluk kik, dekuk akouk yeng akouk pun sekulah, yeng akouk pun berajan kek tong sekulah.	1	thirties	female_feminine	Western Penan	train	9.021078956770276		True	0.364406779661017	False			False
d010ca153b96a5ebfd09ba6a2e3e0cf4	16173	spontaneous-speech-pne-16173.mp3	16668	1521	Inouk berajan tong sekulah yah lalek koluk kuk? Ngan inouk dekuk kok koluk?	Berajan tong sekulah koluk kik yan neh,konak towk berajan..jian ngan kelunan,abin neh,hormat kelunan yah pengawu konak towk ireh.	1	teens	male_masculine	Western Penan	train	6.71946244300456		False	0.15873015873015872	False	3.3910901381784897	0.05263157894736842	True
46b095ac5602bd3bfdf0cc670842c77c	16287	spontaneous-speech-pne-16287.mp3	21348	1521	Inouk berajan tong sekulah yah lalek koluk kuk? Ngan inouk dekuk kok koluk?	[sniff] Akouk koluk dekuk kek alek akouk mojam menat, mojam ayuk kik tai melakau tong inak, tong ayuk jau awu [sniff]. Modai akouk petawang. Yah ayuk kek koluk.	1			Western Penan	train	6.230091811879333		False	0.21656050955414008	False	3.7943165524531697	0.25386996904024767	True
38d1cf1c53c7826866b3ae7a6495b32f	16305	spontaneous-speech-pne-16305.mp3	18468	1521	Inouk berajan tong sekulah yah lalek koluk kuk? Ngan inouk dekuk kok koluk?	Berajan sekulah du'kuk kik koluk sebab neh monak pengejian,monak urip,monak kemole tong urip,bukan konak atah sau,sau..man urip du'kuk yeng pun sekulah..apabila pun sekulah langit itouk,jiak mole urip..jiak urip.	1	twenties	male_masculine	Western Penan	train	10.017327268789256		False	0.22009569377990434	False	4.215521502053334	0.5529411764705883	True
209c440297f7fce6c5e4fba0e913f9b8	16483	spontaneous-speech-pne-16483.mp3	11160	1521	Inouk berajan tong sekulah yah lalek koluk kuk? Ngan inouk dekuk kok koluk?	Berajan tong sekulah,akouk yeng mojam..inouk berajan tong sekulah,ineh..semua ineu akouk yeng mojam..	1			Western Penan	train	8.064516129032258		True	0.33673469387755106	False			False
75e882dda7e6942bcfa81c65ba9893a3	16599	spontaneous-speech-pne-16599.mp3	14616	1521	Inouk berajan tong sekulah yah lalek koluk kuk? Ngan inouk dekuk kok koluk?	Pun berajan sekulah yah lalek koluk kek sau mah, yan neh Bahasa Inggeris ineh. Yah nale'erk kik langit itouk tong berajan kik langit itouk lah. Koluk lan akouk Bahasa Inggeris ineh sau mah.	1			Western Penan	train	10.741652983032294		False	0.27956989247311825	False	3.8469318364424607	0.286687306501548	True
660efcc153b8f1b83f0e7b7293a6739d	17403	spontaneous-speech-pne-17403.mp3	16308	1521	Inouk berajan tong sekulah yah lalek koluk kuk? Ngan inouk dekuk kok koluk?	Berajan yah tong sekulah koluk kik, koluk berajan [um] bahasa Melayu, koluk [um] berajan piak orang putih. Dekuk kik yeng lalek mojam lah.	1	teens	female_feminine	Western Penan	train	7.113073338238901		False	0.19259259259259254	False	3.720926252468453	0.2173374613003096	True
06e91360c689ccdb3c48e8c51aac7b8c	17414	spontaneous-speech-pne-17414.mp3	21492	1521	Inouk berajan tong sekulah yah lalek koluk kuk? Ngan inouk dekuk kok koluk?	Koluk berajan tong sekulah. Pun yah koluk kik, yah eh manouk akouk koluk tai sekulah, [unclear] tai koluk pojah berajan ngan ireh bakeh, tai petonak ngan ireh bakeh.	1	teens	female_feminine	Western Penan	train	6.420993858179788		False	0.2592592592592593	False	3.0145212705924727	0.0030959752321981426	True
d03d164e3a037c9462bb3b7801263813	17697	spontaneous-speech-pne-17697.mp3	19152	1521	Inouk berajan tong sekulah yah lalek koluk kuk? Ngan inouk dekuk kok koluk?	Berajan tong sekulah, koluk lah dekuk neh barang ineh yah eh tong konep kik yah tong piken kik. Jadi koluk lah akouk manouk eh, koluk lah akouk berajan eh. dekuk neh tong konep kik, dekuk neh tong koluk kik. Yah dekuk kik koluk eh.	1	twenties	female_feminine	Western Penan	train	9.816207184628237		False	0.4429824561403509	False	3.3567321635925076	0.043343653250773995	True
59015be0ab1203af375a4af4b86c43d5	17743	spontaneous-speech-pne-17743.mp3	20700	1521	Inouk berajan tong sekulah yah lalek koluk kuk? Ngan inouk dekuk kok koluk?	Berajan eh tong- koluk kik tong sekulah adakah BM. Dan kik mase- dan larui sekulah ; akouk koluk BM, Dekuk akouk peh kelunan yah koluk pani kelunan koluk miak. Dan neh lobuk, bersajak, manouk berangkai, merangkai ka atau tulis. Ineh lah akouk koluk BM.	1			Western Penan	train	10.096618357487923		False	0.24899598393574296	False	4.65023471421045	0.7702786377708978	False
a2632e7d8bbc0b5567334fd6bb68604f	17827	spontaneous-speech-pne-17827.mp3	16380	1521	Inouk berajan tong sekulah yah lalek koluk kuk? Ngan inouk dekuk kok koluk?	Owk, akouk juk koluk awe' pun kek mojam konak tog ireh boken. Karna akouk piken urip kik lalek tusah. Akouk juk koluk akouk konak ireh supaya amik samak. Yah dekuk kik juk koluk berajan sekulah ngan rah.	1	fifties	male_masculine	Western Penan	train	10.195360195360196		False	0.20999999999999996	False	3.4133211260574234	0.06191950464396285	True
3a783f2ba60782823bab13f00d15057a	18199	spontaneous-speech-pne-18199.mp3	20304	1521	Inouk berajan tong sekulah yah lalek koluk kuk? Ngan inouk dekuk kok koluk?	Koluk kik, akouk koluk sejarah,  akouk koluk bahasa ingrish, akouk koluk sains, akouk koluk matematik. [um] ineh- ineh dukuk kolouk, dukuk kolouk, ulouk piken. Piken-piken. 	1			Western Penan	train	7.239952718676122		False	0.3529411764705882	False	4.578006876459391	0.7436532507739938	False
15813ed995d0a8f107309df7f9afa0d0	15276	spontaneous-speech-pne-15276.mp3	13176	1573	Konak piak kah tong joh pengayuk bank online?	Amik yeng amik mojam tong joh ayuk bank. Dekuk amik, yeng kale amik mojam manouk ayuk neh, yeng kale amik petonak ayuk neh.	1	thirties	female_feminine	Western Penan	train	7.665452337583485		False	0.33333333333333337	False	3.506786362302238	0.09287925696594428	True
6daf5823a635cbefd29a368980768870	15640	spontaneous-speech-pne-15640.mp3	17028	1573	Konak piak kah tong joh pengayuk bank online?	Owk, yeng akouk mojam barak eh. Mungkin dan ireh kelunan kik, mojam ireh. Kan akouk yeng akouk ngeninik piak ireh barak. Ireh barak ayuk bank online itouk ineh. Pun kek bank kik lan, tapik akouk sumak tai manouk bank. Yeng pun akouk ninik piak ireh barak eh ngan kik.	1			Western Penan	train	12.861169837914025		False	0.303030303030303	False	3.799946891031596	0.25696594427244585	True
916c4bf55dda885cb785b8e0342f30cb	15726	spontaneous-speech-pne-15726.mp3	15516	1573	Konak piak kah tong joh pengayuk bank online?	Bank online ineh, pun peh jian neh, pun peh pengesat- kesat neh ayuk ireh scammer sukat [um] ale rigit amik tong bank amik ineh.	1	fourties	male_masculine	Western Penan	train	6.767208043310132		False	0.14400000000000002	False	4.466744274966847	0.6904024767801857	False
d010ca153b96a5ebfd09ba6a2e3e0cf4	15914	spontaneous-speech-pne-15914.mp3	16092	1573	Konak piak kah tong joh pengayuk bank online?	Amik pun jah use yah tarik pukuk amik manouk bank online itouk. Yah kuk amik mojam ayuk eh. Yeng amik sebarang ayuk. Mojam.	1	teens	male_masculine	Western Penan	train	6.276410638826746		False	0.15000000000000002	False	4.335558929726139	0.6229102167182663	False
38d1cf1c53c7826866b3ae7a6495b32f	16055	spontaneous-speech-pne-16055.mp3	19260	1573	Konak piak kah tong joh pengayuk bank online?	Yah itouk akouk yeng mojam. Konak piak nah tong joh pengayuk bank online itouk, akouk yeng mojam lah. Bagik akouk, memang yeng mojam sekalik lah. Konak piak kah tong joh ineh, akouk yeng mojam lah.	1	twenties	male_masculine	Western Penan	train	8.46313603322949		False	0.38659793814432986	False	3.575677244003233	0.13436532507739937	True
46b095ac5602bd3bfdf0cc670842c77c	16120	spontaneous-speech-pne-16120.mp3	16848	1573	Konak piak kah tong joh pengayuk bank online?	Pogah yeng ayuk ineh yeng amik mojam manuek yeh amik pake amik yeng kalek mojam manouk ayuk seritak ayuk piak ineh. 	1			Western Penan	train	5.638651471984805		False	0.2920353982300885	False	3.5871873426961556	0.13993808049535603	True
209c440297f7fce6c5e4fba0e913f9b8	16152	spontaneous-speech-pne-16152.mp3	14256	1573	Konak piak kah tong joh pengayuk bank online?	Tong joh pengayuk bank online,akouk yeng mojam [um] barak lah..pu'kuk akouk yeng peronah ,yeng kalek manouk..	1			Western Penan	train	6.593714927048261		False	0.09433962264150941	False	3.51352719904679	0.09659442724458205	True
75e882dda7e6942bcfa81c65ba9893a3	16345	spontaneous-speech-pne-16345.mp3	19512	1573	Konak piak kah tong joh pengayuk bank online?	Akouk- akouk pongah akouk ayuk bank online. Kirak kik, jian neh, ngemoley urip ulouk eh. Dan ulouk juk bayan inouk inouk kek, dan ulouk juk molek inouk inouk kek, jian ayuk ulouk ayuk eh. 	1			Western Penan	train	7.892578925789258		False	0.3513513513513513	False	3.734935435951102	0.22476780185758513	True
15c3189343ecfed295e773c9a86db318	17285	spontaneous-speech-pne-17285.mp3	15120	1573	Konak piak kah tong joh pengayuk bank online?	akouk yeng mojam ayuk bank online du'kuk kik yeng pernah ayuk bank online,walaupun akouk yah konak nat anag kunah anag,yeng akouk pernah ayuk bank online yeng akouk mojam ayuk.	1	twenties	female_feminine	Western Penan	train	9.788359788359788		False	0.4104046242774566	False	3.9444382044818322	0.3622291021671827	True
660efcc153b8f1b83f0e7b7293a6739d	17357	spontaneous-speech-pne-17357.mp3	16056	1573	Konak piak kah tong joh pengayuk bank online?	Yeng pun piak amik dalem neh. Amik yeng mojam, amik sukat mani ireh padik amik, ireh kelunan amik yah mojam menat, mojam basak surat. Nat yah senurat lobuk, yan [unclear]	1	teens	female_feminine	Western Penan	train	8.781763826606875		False	0.15568862275449102	False	3.5628299941388972	0.1256965944272446	True
06e91360c689ccdb3c48e8c51aac7b8c	17375	spontaneous-speech-pne-17375.mp3	18540	1573	Konak piak kah tong joh pengayuk bank online?	Jiak dekuk sonang pun eh dai itouk, ayuk amik sukat tai ale' rigit tong bank ineh. Moley ayuk amik tai ale', yeng pun tusah tusah la lah.	1	teens	female_feminine	Western Penan	train	5.98705501618123		False	0.16417910447761197	False	4.615655044550633	0.7554179566563467	False
d03d164e3a037c9462bb3b7801263813	17742	spontaneous-speech-pne-17742.mp3	17964	1573	Konak piak kah tong joh pengayuk bank online?	Ayuk neh samak-samak ineh [um] bagik-bagik semua ineh anah oluek bii ineh barang oluel bi ineh barang lobuk barang ponan barang oluek semua jadi oluek bagik eh ayuk ehh 	1	twenties	female_feminine	Western Penan	train	7.793364506791361		False	0.3493975903614458	False	5.078131604027818	0.8928792569659443	False
59015be0ab1203af375a4af4b86c43d5	17806	spontaneous-speech-pne-17806.mp3	17964	1573	Konak piak kah tong joh pengayuk bank online?	Akuek peh yeng mojam konak piak tong yah sara ireh ayuk tong ineuk keperluan ireh ayuk bi online ineh dukuk akuek yeng kalek alek pun bank, bank kad semua bank yeng pun yeng kalek pun kad [um] dan kik pun rigit ineh adalah cash semua	1			Western Penan	train	10.521042084168338		False	0.24782608695652175	False	4.785143202595532	0.821671826625387	False
a2632e7d8bbc0b5567334fd6bb68604f	18105	spontaneous-speech-pne-18105.mp3	16200	1573	Konak piak kah tong joh pengayuk bank online?	Owk, yah ineh peh akouk yeng mojam. Kuk neh Yeng akouk mojam roti neh. Juk barak akouk pekabah mengater, dei kah malak. Keh. Yah yeng kojam roti neh yeng akouk barak. Tusah ulouk kalak kelunan pinek. Yeng ulouk koluk barak eh keh. Ineh piak kek dalem. 	1	fifties	male_masculine	Western Penan	train	12.71604938271605		False	0.26907630522088355	False	3.8852351999642196	0.31331269349845203	True
3a783f2ba60782823bab13f00d15057a	18114	spontaneous-speech-pne-18114.mp3	18180	1573	Konak piak kah tong joh pengayuk bank online?	Pengayak ayuk bank olain iteuk jian...Dukuk neh ineuk? Uleuk sukat kateuk rigit, sukat kateuk ineuk-ineuk jin bank olain tuek. Uleuk monyeq pon tuek, uleuk kateuk jin pon tuek, iboh uleuk tai lak erei, tai lak Asap ke, tai lak Belagah ke, keh. 	1			Western Penan	train	11.11111111111111		False	0.3153526970954357	False	5.693720237765743	0.9715170278637771	False
916c4bf55dda885cb785b8e0342f30cb	15289	spontaneous-speech-pne-15289.mp3	14148	1499	Pun ireh kelunan kok barak inouk tosok, inouk adui ireh sau?	Ireh mukun seritak ireh sau ireh memolah tai pekarok tai pitah kuman ireh ngan pitah berajak ireh 	1	fourties	male_masculine	Western Penan	train	5.7251908396946565		False	0.21052631578947367	False	4.210342716742528	0.5479876160990712	True
15813ed995d0a8f107309df7f9afa0d0	15417	spontaneous-speech-pne-15417.mp3	14400	1499	Pun ireh kelunan kok barak inouk tosok, inouk adui ireh sau?	Pun ireh ukun topun kik tosoq, pinek adui ireh sau, pinek yah naneuk ireh sau, tosoq naneuk ireh, adui yah naneuk ireh. Ireh ukun topun kik sau, pun.	1	thirties	female_feminine	Western Penan	train	8.472222222222221		False	0.4383561643835616	False	3.8352178900373244	0.27801857585139317	True
6daf5823a635cbefd29a368980768870	15521	spontaneous-speech-pne-15521.mp3	16272	1499	Pun ireh kelunan kok barak inouk tosok, inouk adui ireh sau?	Oo pun ireh tosoq ngan kik barak ireh tai lak tanak, memuket, ngejalak, tong bek-bek, tong inak-inak yak eh ayuk ireh tai ineh. Pun keh ireh barak ngaran ireh jah akeuk yeng mojam.	1			Western Penan	train	9.095378564405111		False	0.17514124293785316	False	4.32074485221732	0.6154798761609908	False
209aab5184d892f83f2f6491b90f4867	15651	spontaneous-speech-pne-15651.mp3	27000	1499	Pun ireh kelunan kok barak inouk tosok, inouk adui ireh sau?	Tosog adui ireh sau, yeng tai palouk ireh, tai tong tanak ireh, tai moput ireh, ineh tosog adui ireh. Pun peh jah nan, tosog ireh [um] manouk nangah, tosog ireh manouk [um] laker. Ineh bi tosog ireh kelunan sau.	1			Western Penan	train	6.407407407407407		True	0.33653846153846156	False			False
d010ca153b96a5ebfd09ba6a2e3e0cf4	15849	spontaneous-speech-pne-15849.mp3	16164	1499	Pun ireh kelunan kok barak inouk tosok, inouk adui ireh sau?	yeng pun ireh mutouk akouk pu'kuk kik ,yeng adui ireh sau yah kojam kik,avik neh tan kik jin kik anag avik keik mukun itouk	1	teens	male_masculine	Western Penan	train	6.186587478346944		False	0.1333333333333333	False	3.5181968182606562	0.09907120743034056	True
209c440297f7fce6c5e4fba0e913f9b8	16273	spontaneous-speech-pne-16273.mp3	15660	1499	Pun ireh kelunan kok barak inouk tosok, inouk adui ireh sau?	Pun. Tosog adui ireh sau, ireh tai melakau, ireh tai palouk, ireh tai solai. Tai pitah mabui, pitah kaan. Ineh yah tenosog ireh.	1			Western Penan	train	6.768837803320562		False	0.24	False	4.063528040752764	0.45263157894736844	True
38d1cf1c53c7826866b3ae7a6495b32f	16288	spontaneous-speech-pne-16288.mp3	16776	1499	Pun ireh kelunan kok barak inouk tosok, inouk adui ireh sau?	Pun, tapik sau- urip sau yah tosog nanouk rah sau. Ireh Tosog lah, yeng pun ulouk tosog konak tosog langit itouk. Langit piak itouk, masem masem tosog. Sau sumak tosog ulouk tai menimeg, tai memuket, tai mengasouk, tai manouk nangah. Ineh tue tosog ireh sau.	1	twenties	male_masculine	Western Penan	train	12.756318550309969		False	0.2705882352941177	False	4.142329404875114	0.5046439628482973	True
75e882dda7e6942bcfa81c65ba9893a3	16326	spontaneous-speech-pne-16326.mp3	16128	1499	Pun ireh kelunan kok barak inouk tosok, inouk adui ireh sau?	Pun kerk topun amik,tinen tamen amik,ireh viik amik lalek koluk tosog konak urip ireh sau,adui ireh sau, penusah ireh sau ayuk petojin amik sekulah.	1			Western Penan	train	7.750496031746032		False	0.17931034482758623	False	3.650903328123397	0.17027863777089783	True
46b095ac5602bd3bfdf0cc670842c77c	16367	spontaneous-speech-pne-16367.mp3	15480	1499	Pun ireh kelunan kok barak inouk tosok, inouk adui ireh sau?	Pun ireh barak tosog adui ireh sau. Yah konak adui ireh tai turu, tai lak- tai pogen, tai kaka.	1			Western Penan	train	4.974160206718346		False	0.19565217391304346	False	4.418162284608935	0.6687306501547987	False
660efcc153b8f1b83f0e7b7293a6739d	17246	spontaneous-speech-pne-17246.mp3	15948	1499	Pun ireh kelunan kok barak inouk tosok, inouk adui ireh sau?	Pun ireh barak,sajak pun ireh barak ngan amik..barak pinek yah nouk ireh dalem daleh ireh,dalem tanak amik sau...ireh mengasouk,ireh tai tong tanak,ireh menuvu, semua neh tenosok ireh ngan amik..pun yah yeng tenosok ireh ngan amik.	1	teens	female_feminine	Western Penan	train	12.35264609982443		False	0.3464912280701754	False	3.5059352348658495	0.09164086687306501	True
15c3189343ecfed295e773c9a86db318	17311	spontaneous-speech-pne-17311.mp3	17568	1499	Pun ireh kelunan kok barak inouk tosok, inouk adui ireh sau?	pun.tai memitik,tai pogen tong tanak,tai manouk lumak,tai alek kayouk,tai memuket,tai tong tanak..	1	twenties	female_feminine	Western Penan	train	4.952185792349726		False	0.26315789473684215	False	4.251824874491171	0.5764705882352941	True
06e91360c689ccdb3c48e8c51aac7b8c	17344	spontaneous-speech-pne-17344.mp3	17820	1499	Pun ireh kelunan kok barak inouk tosok, inouk adui ireh sau?	Yeng pun ireh barak. Ireh, yeng ireh ingat tosog sau. Yah dukuk yeng pun ireh barak eh, inouk adui rah sau.	1	teens	female_feminine	Western Penan	train	4.882154882154882		False	0.23076923076923073	False	3.918020003889642	0.34055727554179566	True
d03d164e3a037c9462bb3b7801263813	17729	spontaneous-speech-pne-17729.mp3	15876	1499	Pun ireh kelunan kok barak inouk tosok, inouk adui ireh sau?	Pinek adui ireh sau, pinek tosog ireh sau. Dalem adui ireh, dalem urip ireh sau. Ateg jian, ateg toneng. Adui ireh sau, keroja ireh sau mah. Ateg jian.	1	twenties	female_feminine	Western Penan	train	7.81053162005543		False	0.3445945945945946	False	3.9009721659418575	0.3269349845201238	True
a2632e7d8bbc0b5567334fd6bb68604f	17844	spontaneous-speech-pne-17844.mp3	16560	1499	Pun ireh kelunan kok barak inouk tosok, inouk adui ireh sau?	Owk...pun ireh barak.Yah de'kuk amik samak mojam..Kokat semua adui amik jin sau,jin tinen, jin tamen amik..pun ireh barak..yah de'kuk amik tegayak..Pate' mojam juk manouk adui, adui ulouk ponan dalem daleh ulouk..	1	fifties	male_masculine	Western Penan	train	11.05072463768116		False	0.24285714285714288	False	3.970483240585963	0.38328173374613	True
59015be0ab1203af375a4af4b86c43d5	17907	spontaneous-speech-pne-17907.mp3	16668	1499	Pun ireh kelunan kok barak inouk tosok, inouk adui ireh sau?	Owk pun ireh barak tosog, ireh barak adui ireh ngan kik sau. kAt semuah adui, kat semuah tosog eh nanouk ireh ineh pun neh arak ireh, pun neh seritak ireh. Inouk adui ireh jin monen urip kik itouk sau mah, jin umon kik itouk sau mah.	1			Western Penan	train	11.279097672186223		False	0.34347826086956523	False	3.999821111824723	0.40743034055727556	True
3a783f2ba60782823bab13f00d15057a	18313	spontaneous-speech-pne-18313.mp3	5364	1499	Pun ireh kelunan kok barak inouk tosok, inouk adui ireh sau?	Pun. Adui me- me- mengase- me-	1			Western Penan	train	4.660700969425802		True	0.2592592592592593	False			False
6daf5823a635cbefd29a368980768870	15321	spontaneous-speech-pne-15321.mp3	15444	1479	Porut urouk/kayouk inouk tan kuk pengawu itouk?	owk, akouk menat porut urouk kayuwk ineh, ineh kayuwk strawberi,kayu [um] bunga ros,kayuwk uruwk bunga ineh.	1			Western Penan	train	6.021756021756022		False	0.19999999999999996	False	6.527139781177236	0.9894736842105263	False
15813ed995d0a8f107309df7f9afa0d0	15606	spontaneous-speech-pne-15606.mp3	14508	1479	Porut urouk/kayouk inouk tan kuk pengawu itouk?	Porut bu'erk eh tan pengau itouk, yah memorut, yah jian urip.Ineh tan kik pengau itouk. porut bu'erk alim,pa'kern,pongah pun eh musit.	1	thirties	female_feminine	Western Penan	train	7.857733664185276		False	0.2137404580152672	False	4.6619921564753986	0.7752321981424148	False
38d1cf1c53c7826866b3ae7a6495b32f	15789	spontaneous-speech-pne-15789.mp3	18936	1479	Porut urouk/kayouk inouk tan kuk pengawu itouk?	Dalem urip kik yeng pernah akuek koluk porup kayuk yah kojah tan kik pegau ituek yang biasa-biasalah koluk kayuk yah biasalah yang pogeng tan kik mojam eh jiak mojam eh sat mojam yah pegau tan maten kik yeng pun 	2	twenties	male_masculine	Western Penan	train	9.136037177862272		False	0.32057416267942584	False	4.758399494095368	0.8105263157894737	False
209c440297f7fce6c5e4fba0e913f9b8	15911	spontaneous-speech-pne-15911.mp3	11916	1479	Porut urouk/kayouk inouk tan kuk pengawu itouk?	Porut yah pogeng tan kik pengawu itouk,porut laker pengolang.	1			Western Penan	train	4.447801275595838		True	0.06896551724137934	False			False
46b095ac5602bd3bfdf0cc670842c77c	15930	spontaneous-speech-pne-15930.mp3	19908	1479	Porut urouk/kayouk inouk tan kuk pengawu itouk?	Porut bue', porut paken, porut [sniff] alim, porut [unclear] , porut pangin, porut bue' tan kek.	2			Western Penan	train	4.068716094032549		False	0.32258064516129037	False	3.8833643348498255	0.31207430340557274	True
d010ca153b96a5ebfd09ba6a2e3e0cf4	16021	spontaneous-speech-pne-16021.mp3	17640	1479	Porut urouk/kayouk inouk tan kuk pengawu itouk?	Porut bunga,porut buerk,porut loperk, porut- porut uviek,porut situn, porut tangoh,porut buerk.	1	teens	male_masculine	Western Penan	train	4.8185941043083895		False	0.3695652173913043	False	4.911129710237464	0.8588235294117647	False
75e882dda7e6942bcfa81c65ba9893a3	16573	spontaneous-speech-pne-16573.mp3	16452	1479	Porut urouk/kayouk inouk tan kuk pengawu itouk?	Porut urouk ngan kayouk yah tan kek pengawu itouk, pa- yan neh pakouk, yah kinan amik.	2			Western Penan	train	4.315584731339654		False	0.07228915662650603	False	4.1563043234311365	0.5108359133126935	True
06e91360c689ccdb3c48e8c51aac7b8c	17464	spontaneous-speech-pne-17464.mp3	17676	1479	Porut urouk/kayouk inouk tan kuk pengawu itouk?	Yeng akouk mojam inouk yah eh pengawu itouk, dekuk kik yeng pun tai melakau komah komah. Sumak mukuk tong lamin tue.	2	teens	female_feminine	Western Penan	train	5.431093007467752		False	0.053097345132743334	False	3.408427311047976	0.058823529411764705	True
660efcc153b8f1b83f0e7b7293a6739d	17489	spontaneous-speech-pne-17489.mp3	16236	1479	Porut urouk/kayouk inouk tan kuk pengawu itouk?	Porut kayouk tan kik pengawu itouk,porut buerk belotik,buerk avung, [um] buerk- lopi. ineh tan kik pengawu itouk.	1	teens	female_feminine	Western Penan	train	5.974377925597437		False	0.24545454545454548	False	3.991329855442989	0.40309597523219814	True
15c3189343ecfed295e773c9a86db318	17496	spontaneous-speech-pne-17496.mp3	13356	1479	Porut urouk/kayouk inouk tan kuk pengawu itouk?	Yeng akouk mojam urouk inouk yah koluk tan kik. eh pengawu itouk. pu'kuk yeng peh akouk menat. akouk mojam,inouk yah koluk tan kik.	1	twenties	female_feminine	Western Penan	train	8.161126085654388		False	0.3046875	False	2.9356317929791285	0.001238390092879257	True
a2632e7d8bbc0b5567334fd6bb68604f	17709	spontaneous-speech-pne-17709.mp3	19368	1479	Porut urouk/kayouk inouk tan kuk pengawu itouk?	Yeng pun yah boken. Jah porut bue' koluk kek nat. Porut paken, beloti'ik, alim. Ineh koluk menat. Yeng pun bue' kayouk boken yah dalem gune itam.	2	fifties	male_masculine	Western Penan	train	6.195786864931845		False	0.16901408450704225	False	4.213088900324749	0.5492260061919505	True
59015be0ab1203af375a4af4b86c43d5	17762	spontaneous-speech-pne-17762.mp3	17280	1479	Porut urouk/kayouk inouk tan kuk pengawu itouk?	Yeng akouk mojam porut inouk keh yah tan kik pengawu,yah tan kik mareng dalem masa itouk,yeng pun akouk rasa,yeng pun. porut buerk,porut kayouk yah tan kik.	1			Western Penan	train	7.581018518518518		False	0.2549019607843137	False	3.671392681185499	0.18390092879256967	True
d03d164e3a037c9462bb3b7801263813	17969	spontaneous-speech-pne-17969.mp3	22284	1479	Porut urouk/kayouk inouk tan kuk pengawu itouk?	Porut belavan kerk,porut [um] manyah kerk,porut inouk inouk kerk..Yah jian..yah urip pengawu itouk, memolek ulouk, memolek bunga,molek gaban bunga yah daon, yah eh gaban kelunan yah penolek ulouk pengawu itouk,yeng konak urip ulouk sau.	1	twenties	female_feminine	Western Penan	train	9.109675103213068		True	0.3133047210300429	False			False
3a783f2ba60782823bab13f00d15057a	18267	spontaneous-speech-pne-18267.mp3	16272	1479	Porut urouk/kayouk inouk tan kuk pengawu itouk?	Oh yah itouk, yeng akouk mojam. Inouk porut kayouk yah sukat nouk, inouk kayouk jin mah jin arau, jin inouk. Dekuk kek yeng kale' mojam kayouk inouk eh yah sukat penorut ireh ayuk neh eh- keh nat eh keh tan ulouk ineh.	2			Western Penan	train	10.877581120943953		False	0.25116279069767444	False	4.471208419578825	0.6928792569659443	False
916c4bf55dda885cb785b8e0342f30cb	15280	spontaneous-speech-pne-15280.mp3	19728	1495	Inouk yah keriyet kok?	Yah maneuk akeuk meriyet, anaq-anaq kek ngan akeuk pun anaq pinek ngan pun redu ngan [um] periyet [um] ngerik- [um] meriyet, [um] pun alat-alat ayuk kik keroja.	1	fourties	male_masculine	Western Penan	train	6.792376317923763		False	0.2738853503184714	False	4.986791544942965	0.8761609907120743	False
209aab5184d892f83f2f6491b90f4867	15304	spontaneous-speech-pne-15304.mp3	21888	1495	Inouk yah keriyet kok?	[unclear] dan ulouk ale' mabui ale' betolu, dan ulouk ale' [unclear] Keh piak ulouk dalem piak keriyet ineh, pun neh piak keriyet neh sebarang. Yah keriyet ineh, ulouk ale mabui, ulouk betolu, ulouk ale rigit. Yah ineh keriyet.	1			Western Penan	train	8.680555555555555		True	0.4419642857142857	False			False
6daf5823a635cbefd29a368980768870	15382	spontaneous-speech-pne-15382.mp3	16092	1495	Inouk yah keriyet kok?	Meriyet lah, meriyet dekuk Tuhan [um] pongah ngeluk akouk, pongah menyuai akouk, pepurip akouk avik piak- avik piak kek itouk. Akouk bersyukur ngan Tuhan man- yah pongah monak urip jiak ngan kik.	1			Western Penan	train	10.19139945314442		False	0.22916666666666663	False	4.530542100974619	0.7195046439628483	False
15813ed995d0a8f107309df7f9afa0d0	15527	spontaneous-speech-pne-15527.mp3	13860	1495	Inouk yah keriyet kok?	Keriet kek, dukuk urip kik jian, dukuk urip kik sukat, dukuk anaq kik sekulah, dukuk lakeik kik pun adui, pun keroja. Ineh keriet kik dalem urip kik.	1	thirties	female_feminine	Western Penan	train	8.874458874458874		False	0.3013698630136986	False	3.867245372659114	0.29845201238390096	True
d010ca153b96a5ebfd09ba6a2e3e0cf4	15976	spontaneous-speech-pne-15976.mp3	17280	1495	Inouk yah keriyet kok?	Akouk meriyet tinen tamen kik jiak ngan kik abin neh ireh padik kik yah juk jin akouk. Yah kelunan yah [noise] [unclear] sitei.	1	teens	male_masculine	Western Penan	train	6.076388888888888		False	0.07258064516129037	False	3.340291631779766	0.03715170278637771	True
46b095ac5602bd3bfdf0cc670842c77c	15986	spontaneous-speech-pne-15986.mp3	18036	1495	Inouk yah keriyet kok?	Akouk meriyet dan kek sukat padui, dan kek sukat ayuk kek padui. Monak anag, monak rodu, monak tinen, monak tamen. Ineh keriyet.	1			Western Penan	train	5.932579285872698		False	0.264	False	4.077969403014638	0.46191950464396286	True
38d1cf1c53c7826866b3ae7a6495b32f	16300	spontaneous-speech-pne-16300.mp3	17568	1495	Inouk yah keriyet kok?	Urip kik, yah keriet kik, urip jian, urip pun rigit, urip jian  tong batung, yeng pun sakit. Yeng pun ineuk-ineuk. Yeng pun age. Yeng pen kesat. Yeng pun masalah. Ineh la keriet kik. 	1	twenties	male_masculine	Western Penan	train	8.481329690346083		False	0.3055555555555556	False	4.074208337977145	0.460061919504644	True
209c440297f7fce6c5e4fba0e913f9b8	16418	spontaneous-speech-pne-16418.mp3	12600	1495	Inouk yah keriyet kok?	Yah keriyet kek dalem adui, dalem keroja ; dan neh jadi, dan neh pun, dan neh sukat nanouk. Yah ineh keriyet kek. 	1			Western Penan	train	7.301587301587301		False	0.28828828828828834	False	3.545592425659231	0.11640866873065016	True
75e882dda7e6942bcfa81c65ba9893a3	16489	spontaneous-speech-pne-16489.mp3	19908	1495	Inouk yah keriyet kok?	Inouk yah keriyet kik ; dan ireh- ireh padik kik, ireh tinen tamen kik, dan amik sukat popeng tong jah lamin, dan amik sukat malak, dan amik sukat kuman samak. Kuman sig, jau kinan amik, yan neh ineh.	1			Western Penan	train	8.18766325095439		False	0.24365482233502533	False	3.896604546225234	0.32260061919504646	True
15c3189343ecfed295e773c9a86db318	17422	spontaneous-speech-pne-17422.mp3	16020	1495	Inouk yah keriyet kok?	Yah keriet kik dukuk daleh amik jian, sukat ayuk pitah lake, sukat ayuk pitah mabui, pitah betolu, pitah payau, pitah telawu. Eh neh yah keriet kik, sukat ayuk pitah uvut, pitah tangoh, pitah pake'uk.	1	twenties	female_feminine	Western Penan	train	10.424469413233458		False	0.35532994923857864	False	4.305341348640794	0.6092879256965944	False
06e91360c689ccdb3c48e8c51aac7b8c	17532	spontaneous-speech-pne-17532.mp3	18468	1495	Inouk yah keriyet kok?	Yah keriek kek yan neh konak tok berajan, berajan ireh anag tong sekulah yeng pun yah boken yah keriek kek tong Ineuk-ineuk 	1	teens	female_feminine	Western Penan	train	5.523066926575699		False	0.19834710743801653	False	3.6089942873452716	0.15046439628482972	True
660efcc153b8f1b83f0e7b7293a6739d	17610	spontaneous-speech-pne-17610.mp3	15840	1495	Inouk yah keriyet kok?	keriyet kik du'kuk kik sukat tuwai tong inak itouk,da inen,sukat tai mauk ireh,salak toneng peh,ulouk tupat manouk konak peh ireh manouk anah ireh,ngelakat ulouk yeng sukat manouk	1	teens	female_feminine	Western Penan	train	9.65909090909091		False	0.2102272727272727	False	4.061767009372874	0.45077399380804956	True
d03d164e3a037c9462bb3b7801263813	17691	spontaneous-speech-pne-17691.mp3	20196	1495	Inouk yah keriyet kok?	Pinek adui keriyet ulouk. Ulouk [um] monang, ulouk [um] jian nat, ulouk jian batung, buat bog, bawai, putik. Ineh kokat kokat yah keriyet ulouk dalem use ulouk. Batung ulouk.	1	twenties	female_feminine	Western Penan	train	7.229154287977817		False	0.2748538011695907	False	4.254457374716011	0.5814241486068111	True
59015be0ab1203af375a4af4b86c43d5	17901	spontaneous-speech-pne-17901.mp3	16344	1495	Inouk yah keriyet kok?	yah keriyet kik ineh dan kik sukat padui,sukat ngeroja,sukat monak lakeik kik rigit,sukat monak anag kik rigit,pesavik inouk yah dalem konep rawah ,pesavik inouk yah dalem awerk rawah,yah juk koluk rawah..ineh ipet kik	1			Western Penan	train	11.380323054331864		False	0.3162790697674419	False	4.144408599640601	0.5071207430340557	True
a2632e7d8bbc0b5567334fd6bb68604f	17927	spontaneous-speech-pne-17927.mp3	16416	1495	Inouk yah keriyet kok?	Owk..akouk meriyet menat dan kik sonang,meriyet akouk, malak akouk, dan kik tusah,tusah akouk..dan kik melawuk, lek akouk..dan kik bosu,malak akouk..ineh dalem urip kik..keh ineh,itam..	1	fifties	male_masculine	Western Penan	train	9.86842105263158		False	0.3076923076923077	False	4.1610279253197255	0.5157894736842106	True
3a783f2ba60782823bab13f00d15057a	18078	spontaneous-speech-pne-18078.mp3	16704	1495	Inouk yah keriyet kok?	Yah keriet kik ineh akuek pun rigit akuek pun erei barang ketang akuek pun tabang sagep akuek pun tinen tamen akuek pun ireh padik akuek pun kuman 	1			Western Penan	train	7.183908045977011		False	0.3055555555555556	False	4.822362152053513	0.8371517027863777	False
6daf5823a635cbefd29a368980768870	15418	spontaneous-speech-pne-15418.mp3	16668	1559	Dalem kirak kuk konak barang lobuk ineh sukat miper kok dalem sekulah?	Kirak kik..yeng pun kirak kik konak konak..konak piak kiik barak niik erey,terima kasih lah monak jian konep ngan ireh..pu'kuk neh sukat mipe ulouk,dalem sekulah,dalem adui nanouk ulouk..jin sau avik eh sekarang..avik eh pongah itouk	1			Western Penan	train	11.999040076793856		False	0.15217391304347827	False	4.197439039370478	0.5430340557275541	True
15813ed995d0a8f107309df7f9afa0d0	15660	spontaneous-speech-pne-15660.mp3	13248	1559	Dalem kirak kuk konak barang lobuk ineh sukat miper kok dalem sekulah?	Barang lobuk sukat mipe ke'ik dalem sekulah,jah bup ayuk kik berajan..ngan guru ineh tuwerk..	1	thirties	female_feminine	Western Penan	train	6.038647342995168		False	0.0	False	3.972880098067283	0.38823529411764707	True
916c4bf55dda885cb785b8e0342f30cb	15682	spontaneous-speech-pne-15682.mp3	21168	1559	Dalem kirak kuk konak barang lobuk ineh sukat miper kok dalem sekulah?	Dan kirak kik, ireh monak [um] ineh,monak laptop ineh,ayuk [um] ireh...sekulah,ayuk ireh menat bup..ngan inouk inouk barang ireh nonak ireh..monak pengejian monak amik.	1	fourties	male_masculine	Western Penan	train	6.897203325774755		False	0.2606060606060606	False	3.570475611246846	0.1306501547987616	True
d010ca153b96a5ebfd09ba6a2e3e0cf4	15760	spontaneous-speech-pne-15760.mp3	15840	1559	Dalem kirak kuk konak barang lobuk ineh sukat miper kok dalem sekulah?	[unclear] bup, pisen, tabang, sangep. Inouk inouk lah. Pinek yah barang lobuk yah manouk akouk mojam-	1	teens	male_masculine	Western Penan	train	5.429292929292929		False	0.08163265306122447	False	3.6385433664126987	0.1634674922600619	True
46b095ac5602bd3bfdf0cc670842c77c	15968	spontaneous-speech-pne-15968.mp3	21420	1559	Dalem kirak kuk konak barang lobuk ineh sukat miper kok dalem sekulah?	dan neh pakey amik dan neh ayuk amik,dan neh jiak,bik sukat eh mipe,bik sukat eh ayuk amik berajak ayuk amik min ayuk amik matet  anag sekulah	1			Western Penan	train	5.415499533146591		False	0.3597122302158273	False	3.712477848927068	0.21176470588235294	True
209c440297f7fce6c5e4fba0e913f9b8	15992	spontaneous-speech-pne-15992.mp3	9900	1559	Dalem kirak kuk konak barang lobuk ineh sukat miper kok dalem sekulah?	Yeng akouk mojam eh dalem pengojam ireh anag sekulah...du'kuk akouk, yeng akouk sekulah..	1			Western Penan	train	7.777777777777778		True	0.22093023255813948	False			False
38d1cf1c53c7826866b3ae7a6495b32f	16317	spontaneous-speech-pne-16317.mp3	17460	1559	Dalem kirak kuk konak barang lobuk ineh sukat miper kok dalem sekulah?	Sukat. Kalau kik mojam manouk, sukat eh miper akouk dalem sekulah. Kat barang lobuk itouk, konak laptop, konak inouk, konak eh mah pun neh. Ineh peh dan kik mojam ayuk, dan kik mojam manouk dan kik mojam pakey. Memang yah sukat miper akouk, ineh dan neh pun ngan kik. Dan neh yeng, konak tog neh miper akouk?	1	twenties	male_masculine	Western Penan	train	14.432989690721648		False	0.38032786885245906	False	3.841095505260311	0.28297213622291023	True
75e882dda7e6942bcfa81c65ba9893a3	16458	spontaneous-speech-pne-16458.mp3	20268	1559	Dalem kirak kuk konak barang lobuk ineh sukat miper kok dalem sekulah?	Owk, dalem kirak kik, barang lobuk ineh pinek iper neh dalem- dalem urip ulouk, dalem sekulah. Ngemoley amik ayuk amik- ayuk amik berajan, ngemoley amik ayuk amik molek barang barang, ngemoley amik ayuk amik bayan yuran amik, sekulah amik.	1			Western Penan	train	9.917110716400236		False	0.3771186440677966	False	3.6058704692953243	0.14922600619195048	True
660efcc153b8f1b83f0e7b7293a6739d	17396	spontaneous-speech-pne-17396.mp3	16308	1559	Dalem kirak kuk konak barang lobuk ineh sukat miper kok dalem sekulah?	Barang ineh sukat miper akouk konak dan kik yeng pun pen, konak dan kik yeng pun pisen, yeng pun yah ayuk kek menyurat, avik peh ayuk kek kuman, avik peh tabang sangep kek. Ineh tue miper akouk [unclear].	1	teens	female_feminine	Western Penan	train	10.24037282315428		False	0.30348258706467657	False	3.7006641682708503	0.20557275541795667	True
15c3189343ecfed295e773c9a86db318	17441	spontaneous-speech-pne-17441.mp3	16128	1559	Dalem kirak kuk konak barang lobuk ineh sukat miper kok dalem sekulah?	Konak towk tabang sekulah,sangep sekulah,avik semuah barang yah dalem sekulah..yah ineh dalem koluk kik,dalem keriyet kik avik konak bag konak inouk inouk lah masem barang sekulah..	1	twenties	female_feminine	Western Penan	train	9.672619047619047		False	0.2808988764044944	False	3.595103467152789	0.14241486068111456	True
06e91360c689ccdb3c48e8c51aac7b8c	17525	spontaneous-speech-pne-17525.mp3	19296	1559	Dalem kirak kuk konak barang lobuk ineh sukat miper kok dalem sekulah?	Pun yah barang lobuk,sukat mipe amik dalem sekulah..dalem sekulah konak towk,pisen,bup keh,inouk yah eh..manouk amik sukat tai sekulah	1	teens	female_feminine	Western Penan	train	6.063432835820896		False	0.19083969465648853	False	3.3141058684064513	0.02848297213622291	True
d03d164e3a037c9462bb3b7801263813	17832	spontaneous-speech-pne-17832.mp3	18432	1559	Dalem kirak kuk konak barang lobuk ineh sukat miper kok dalem sekulah?	Sukat ireh mipe ulouk de'kuk ireh mengajan anag ulouk..tonak anag ulouk..mojuk anag ulouk..dalem sekulah ireh..dalem berajan ireh..dalem [um] pengojam ireh,ineh pengejian neh..	1	twenties	female_feminine	Western Penan	train	8.409288194444443		False	0.3005780346820809	False	3.7320956942858974	0.22229102167182663	True
59015be0ab1203af375a4af4b86c43d5	17929	spontaneous-speech-pne-17929.mp3	17856	1559	Dalem kirak kuk konak barang lobuk ineh sukat miper kok dalem sekulah?	Owk..akouk rasa konak towk pon ineh,ireh pengawu itouk kan..konak towk laptop ineh,jian bagik ireh..yah bagik sekulah,pun yah mojam ayuk neh,sangat berguna lah bagik yah..bagik eh mojam ayuk tuerk..	1			Western Penan	train	9.576612903225806		False	0.19999999999999996	False	4.346845801323057	0.631578947368421	False
a2632e7d8bbc0b5567334fd6bb68604f	18006	spontaneous-speech-pne-18006.mp3	15408	1559	Dalem kirak kuk konak barang lobuk ineh sukat miper kok dalem sekulah?	Owk, yeng toh mojam. Abu peh ireh manouk, bik sukat eh miper ulouk, sukat eh tolong ulouk dalem pengujen ngan pengojam. Keh ineh. Manouk tue kek ulouk dalem, keh piak ulouk dalem nah ineh.	1	fifties	male_masculine	Western Penan	train	10.059709241952232		False	0.24864864864864866	False	3.7684187791202612	0.24272445820433436	True
3a783f2ba60782823bab13f00d15057a	18194	spontaneous-speech-pne-18194.mp3	19404	1559	Dalem kirak kuk konak barang lobuk ineh sukat miper kok dalem sekulah?	Sukat konak akuek Tarik kik sekulah akuek pake bok pake pen pake pesin pake pemadam beluk-beluk irei barang ineh beluk agup ineh sukat akuek pake tong sekulah ineh neh to long akuek ayuk kik mojam masak mojam menyurat 	1			Western Penan	train	9.276437847866418		False	0.2930232558139535	False	5.379308646719356	0.9479876160990712	False
15813ed995d0a8f107309df7f9afa0d0	15398	spontaneous-speech-pne-15398.mp3	13140	1548	Tosog lete’erk lobuk yah pongah nanouk kuk?	Lete'erk lobuk yah pongah naneuk kik, lagu, mengase, petareq...Ineh lete'erk lobuk yah pongah naneuk kik.	1	thirties	female_feminine	Western Penan	train	6.925418569254186		False	0.3137254901960784	False	3.64230128261829	0.1653250773993808	True
916c4bf55dda885cb785b8e0342f30cb	15534	spontaneous-speech-pne-15534.mp3	16056	1548	Tosog lete’erk lobuk yah pongah nanouk kuk?	Amik maen game tong pon, [um] leterk [um] takraw, maen bon, maen [um] badminton. Ineh tue.	1	fourties	male_masculine	Western Penan	train	4.671150971599402		False	0.16091954022988508	False	4.26635296511008	0.5863777089783282	True
6daf5823a635cbefd29a368980768870	15542	spontaneous-speech-pne-15542.mp3	17784	1548	Tosog lete’erk lobuk yah pongah nanouk kuk?	Akouk, le'terk lobuk yah pongah nanouk kik, akouk pongah tai mauk ireh gawai, akouk pongah tai mauk ireh dinner, akouk pongah tai mauk ireh [um] sambutan pra gawai,  sambutan pra krismas akouk pongah tai mauk ireh.	1			Western Penan	train	10.008996851102117		False	0.4691943127962085	False	4.1724772443013425	0.5238390092879257	True
38d1cf1c53c7826866b3ae7a6495b32f	15784	spontaneous-speech-pne-15784.mp3	17280	1548	Tosog lete’erk lobuk yah pongah nanouk kuk?	Yeng pun akouk peronah manouk, tosog leterk lobuk. Yeng peronah lah. Dalem urip kik, yeng peronah, anh lobuk ineh, yeng pun peronah akouk manouk tosog leterk yah nanouk lobuk. Akouk yeng mojam.	1	twenties	male_masculine	Western Penan	train	9.375		False	0.35789473684210527	False	3.3374225419295627	0.03653250773993808	True
d010ca153b96a5ebfd09ba6a2e3e0cf4	16193	spontaneous-speech-pne-16193.mp3	16488	1548	Tosog lete’erk lobuk yah pongah nanouk kuk?	Yeng pun, yeng kalek pe amik mojam tosok ireh lobuk yah pongah nanouk amik ineh. Amik sumak manouk letek amik sedirik	1	teens	male_masculine	Western Penan	train	5.883066472586124		False	0.11403508771929827	False	3.2412084311445506	0.019814241486068113	True
209c440297f7fce6c5e4fba0e913f9b8	16373	spontaneous-speech-pne-16373.mp3	14940	1548	Tosog lete’erk lobuk yah pongah nanouk kuk?	Tosog leterk lobuk yah pongah tan kik pun. Yah neh konak dan amik keleterk, dan amik pojah, dan amik ramey. Ineh tue. 	1			Western Penan	train	6.42570281124498		False	0.17391304347826086	False	3.5371627912459864	0.10897832817337462	True
46b095ac5602bd3bfdf0cc670842c77c	16460	spontaneous-speech-pne-16460.mp3	12456	1548	Tosog lete’erk lobuk yah pongah nanouk kuk?	Sumak seritak lobuk ineh yeng akouk per- akouk kale ngan [unclear] lobuk yah pongah nanouk kok ineh ngan kik itouk. Akouk itouk mongak si- seritak.	1			Western Penan	train	9.8747591522158		False	0.2222222222222222	False	3.6732432942034268	0.18637770897832817	True
75e882dda7e6942bcfa81c65ba9893a3	16503	spontaneous-speech-pne-16503.mp3	14148	1548	Tosog lete’erk lobuk yah pongah nanouk kuk?	Letek lobuk yah pongah nanouk kik yan ne main bon, yan ne badminton, yan ne bola tampar, main bola baling, yan ne main ces. Yan ne main game tong pon. 	1			Western Penan	train	8.552445575346338		False	0.29054054054054057	False	4.7426288301529596	0.8024767801857585	False
660efcc153b8f1b83f0e7b7293a6739d	17291	spontaneous-speech-pne-17291.mp3	16236	1548	Tosog lete’erk lobuk yah pongah nanouk kuk?	Tosog lobuk yah nouk amik, yeng amik lalek pinek. Manouk tosog lobuk, amik- [um] sukat bi peh amik manouk tosog, manouk leterk amik sedirik. Dan amik koluk mauk anah lobuk, sukat bi peh amik mauk eh.	1	teens	female_feminine	Western Penan	train	10.1010101010101		False	0.326530612244898	False	3.5066044514524752	0.09226006191950464	True
15c3189343ecfed295e773c9a86db318	17305	spontaneous-speech-pne-17305.mp3	16020	1548	Tosog lete’erk lobuk yah pongah nanouk kuk?	[um] kle'terk ngan ireh, malak, tosog tosog, [um] barak seritak yah pongah keninik, pongah ngan. ineh le'terk..	1	twenties	female_feminine	Western Penan	train	5.930087390761548		False	0.14814814814814814	False	3.637689496230025	0.16222910216718267	True
d03d164e3a037c9462bb3b7801263813	17605	spontaneous-speech-pne-17605.mp3	17964	1548	Tosog lete’erk lobuk yah pongah nanouk kuk?	Min piak tuan,min ka'touk tuan [um] berajan ireh anag,disiplin [um] sekulah. 	1	twenties	female_feminine	Western Penan	train	3.674014696058785		False	0.09459459459459463	False	4.562103867944252	0.7356037151702787	False
06e91360c689ccdb3c48e8c51aac7b8c	17647	spontaneous-speech-pne-17647.mp3	15984	1548	Tosog lete’erk lobuk yah pongah nanouk kuk?	Akouk dan bi tai t- tosog ngan ireh lobuk, koluk koluk pojah. Tosog ngan ireh lobuk, ayuk ale' leterk, ale' kalak ngan ireh lobuk.	1	teens	female_feminine	Western Penan	train	6.6941941941941945		False	0.31496062992125984	False	4.063416887220987	0.4520123839009288	True
59015be0ab1203af375a4af4b86c43d5	17810	spontaneous-speech-pne-17810.mp3	20844	1548	Tosog lete’erk lobuk yah pongah nanouk kuk?	Yeng akouk mojam inouk yah tosog ireh..tapik semua adet, semua gaya ireh lobuk,juk nauk kik..piak yah pengejiak ireh,yah penyukat ireh,yah kejian ireh dalem semua inouk yah tong daleh itouk..semua neh juk nauk,semua neh juk kenatap kik bin neh..tapik yeng pun yah pongah nanouk bagik akouk	1			Western Penan	train	11.753981961235846		False	0.28671328671328666	False	3.9025817839729617	0.32941176470588235	True
a2632e7d8bbc0b5567334fd6bb68604f	18130	spontaneous-speech-pne-18130.mp3	15516	1548	Tosog lete’erk lobuk yah pongah nanouk kuk?	Owk pinek adui lobuk yah pogah nanuek kik yah kojam kik pun akuek barak pun akuek tosok yah neh yang yeng-yeng pun keh akuek barak yah kojam kik tuek pun akeuk barak dukuk kah mojam inuel adui ireh eh tan kik yah kojam kik 	1	fifties	male_masculine	Western Penan	train	11.536478473833462		False	0.35	False	4.213973642350444	0.5510835913312694	True
3a783f2ba60782823bab13f00d15057a	18280	spontaneous-speech-pne-18280.mp3	16848	1548	Tosog lete’erk lobuk yah pongah nanouk kuk?	Lete'erk lobuk yah naneuk kik ineh yah konak main badminton, konak main erei bola tampar, yah konak main, main bon, yah konak main ineuk, main yah eh jiak-jiak ineh. Jin lobuk.	1			Western Penan	train	8.665716999050334		False	0.32947976878612717	False	3.9511559041629503	0.36780185758513934	True
6daf5823a635cbefd29a368980768870	15208	spontaneous-speech-pne-15208.mp3	15984	1514	Daven inouk yah koluk ayuk kok?	Owk, inouk talan-talan inouk ilik-ilik daven koluk ayuk kik. Tabang sangep, konak-konak peh menat eh, yeng ayuk kik tue eh. Sukon eh tabang sangep, yeng akouk mili'ik eh, yeng akouk pitah udey neh.	1			Western Penan	train	10.322822822822824		False	0.2319587628865979	False	4.552653731785712	0.7312693498452012	False
15813ed995d0a8f107309df7f9afa0d0	15341	spontaneous-speech-pne-15341.mp3	11520	1514	Daven inouk yah koluk ayuk kok?	Daven yah jian ayuk ulouk mukuk tong lamin, jian ayuk ulouk peguak, jian ayuk ulouk manouk adui ulouk. Ineh daven koluk ayuk kik.	1	thirties	female_feminine	Western Penan	train	9.288194444444445		True	0.31746031746031744	False			False
209aab5184d892f83f2f6491b90f4867	15482	spontaneous-speech-pne-15482.mp3	29736	1514	Daven inouk yah koluk ayuk kok?	Daven inouk yah koluk ayuk, yeng sangep yeng tabang. Daven koluk ayuk ulouk. Inouk awu ineh? yeng minyak, yeng konyu. Ineh ayuk ulouk manouk bauk ulouk jiak. Sangep, tabang ayuk ulouk. Minyag ayuk ulouk. Dan ireh rodu ineh, solop ayuk ireh. Ineh daven koluk ayouk ulouk.	1			Western Penan	train	7.566585956416465		True	0.37827715355805247	False			False
916c4bf55dda885cb785b8e0342f30cb	15586	spontaneous-speech-pne-15586.mp3	16956	1514	Daven inouk yah koluk ayuk kok?	Akeuk keluk tabang aruk, avin neh jiak nat ngan tabang sutak ayuk kik pakey tung lamin ayuk kik pakai genin. [um] Genin [um] pakai tabang sutak. 	1	fourties	male_masculine	Western Penan	train	7.018164661476764		False	0.23943661971830987	False	6.162055726558239	0.9851393188854489	False
d010ca153b96a5ebfd09ba6a2e3e0cf4	15900	spontaneous-speech-pne-15900.mp3	16992	1514	Daven inouk yah koluk ayuk kok?	Tabang sangep,abin..setuken kerk,kasut kerk,selipar..pokah,inouk.. sekoteng..sangep jau	1	teens	male_masculine	Western Penan	train	4.825800376647834		False	0.0714285714285714	False	8.382292739154792	0.9993808049535604	False
46b095ac5602bd3bfdf0cc670842c77c	15936	spontaneous-speech-pne-15936.mp3	18180	1514	Daven inouk yah koluk ayuk kok?	bareng pun daven boken,daven ayuk..yah sangep,yah tabang,yah sevolun,tiah..ineh ayuk amik..tabit ineh ayuk amik..	1			Western Penan	train	5.555555555555555		False	0.19999999999999996	False	4.63724444898952	0.76656346749226	False
209c440297f7fce6c5e4fba0e913f9b8	16032	spontaneous-speech-pne-16032.mp3	12600	1514	Daven inouk yah koluk ayuk kok?	Dan neh daven,semuah,kat kat nan neh akouk koluk ayuk..dan neh pun,ayuk kik bin	1			Western Penan	train	5.317460317460317		False	0.14473684210526316	False	4.002658108405246	0.4105263157894737	True
75e882dda7e6942bcfa81c65ba9893a3	16397	spontaneous-speech-pne-16397.mp3	16956	1514	Daven inouk yah koluk ayuk kok?	"Daven yah koluk ayuk kik yan neh,tabang ""slack"", sangep ""blouse"", sangep kemeja,sangep ""tshirt"",yah jian ayuk kik,yah gonin ayuk keik."	1			Western Penan	train	6.841236140599198		False	0.1984732824427481	False	4.590381724146116	0.7473684210526316	False
38d1cf1c53c7826866b3ae7a6495b32f	16436	spontaneous-speech-pne-16436.mp3	16020	1514	Daven inouk yah koluk ayuk kok?	Daven, tabang, sagep koluek ayuk kik bii sukon eh ngam ngan kik sukan eh tanet sukan eh molu sukon saiz eh ngam ngan kik 	1	twenties	male_masculine	Western Penan	train	6.054931335830212		False	0.27118644067796616	False	6.626828366621594	0.9913312693498452	False
15c3189343ecfed295e773c9a86db318	17454	spontaneous-speech-pne-17454.mp3	12960	1514	Daven inouk yah koluk ayuk kok?	"Daven yah koluk ayuk kik konak towk tabang,konak towk sangep..avik pun ""dress.."" ineh yah koluk ayuk kik.."	1	twenties	female_feminine	Western Penan	train	6.944444444444444		False	0.23300970873786409	False	3.5742072418526782	0.13374613003095975	True
660efcc153b8f1b83f0e7b7293a6739d	17484	spontaneous-speech-pne-17484.mp3	16200	1514	Daven inouk yah koluk ayuk kok?	Daven yah koluk ayuk kik..ayuk sevolun,pu'kuk ineh ayuk amik rodu dalem dalik amik..ayuk sevolun..ayuk sangep,menabang nyagep bi keh amik konak ireh jah keluak ineh..	1	teens	female_feminine	Western Penan	train	8.827160493827162		False	0.22699386503067487	False	4.400596076828977	0.660061919504644	False
06e91360c689ccdb3c48e8c51aac7b8c	17658	spontaneous-speech-pne-17658.mp3	18900	1514	Daven inouk yah koluk ayuk kok?	Daven yah koluk ayuk kik, konak toq barang tabang sangep neuk yah pun pun yah sukat ayuk kik. Ineh yah eh koluk kik. Daven-daven yah tabang sangep ineuk kek yah koluk kik.	1	teens	female_feminine	Western Penan	train	7.4074074074074066		False	0.36904761904761907	False	3.681462180272608	0.1938080495356037	True
d03d164e3a037c9462bb3b7801263813	17674	spontaneous-speech-pne-17674.mp3	19332	1514	Daven inouk yah koluk ayuk kok?	Ineuk masem-masem daven koluk ayuk, yah peting pun ayuk uleuk menabang, ayuk uleuk menyangep...ayuk uleuk mengitang, keh...Nan-nan daven peh koluk uleuk ayuk, yah peting eh pun ngam ngan uleuk, pun sun ngam uleuk. Amai eh- eh yeng pun.	1	twenties	female_feminine	Western Penan	train	10.242085661080074		False	0.35775862068965514	False	4.846621077368781	0.8439628482972136	False
a2632e7d8bbc0b5567334fd6bb68604f	17917	spontaneous-speech-pne-17917.mp3	16308	1514	Daven inouk yah koluk ayuk kok?	Owk langit ituek kok nat ireh menabang, ayuk tabang lah ireh koluk nat menyagep ayuk sagep lah kehw gaya oleuk dan tatah urip oluek avuk  oleuk ayuk avuk oleuk ayuk kiah ireh piah ireh langit ituek mauk gaya yah 	1	fifties	male_masculine	Western Penan	train	10.546970811871477		False	0.3014354066985646	False	5.518897597379539	0.9609907120743034	False
59015be0ab1203af375a4af4b86c43d5	18026	spontaneous-speech-pne-18026.mp3	14256	1514	Daven inouk yah koluk ayuk kok?	Daven yah kolouk ayuk kik ineh, tabang sangep mengate. Yeng nimah ayuk gaon, yeng menimah yah jiak. Sukup sangep yah sukat notem, sukat ayuk, sukun eh yeng pojik. Ineh daven yah koluk ayuk kik. 	1			Western Penan	train	11.22334455667789		False	0.24083769633507857	False	4.52835350278587	0.7188854489164087	False
3a783f2ba60782823bab13f00d15057a	18156	spontaneous-speech-pne-18156.mp3	16452	1514	Daven inouk yah koluk ayuk kok?	pinek daven yah koluk ayuk kik,akouk koluk pakey bui... akouk koluk pakey gaun,akouk koluk pakey sangep,akouk koluk pakey tabang jean,akouk koluk pakey [um..] mengitang,mengitang..ayuk tabang sangep yah jian jian nat keh.	1			Western Penan	train	11.60953075613907		False	0.4174311926605505	False	4.222746525940801	0.556656346749226	True
15813ed995d0a8f107309df7f9afa0d0	15227	spontaneous-speech-pne-15227.mp3	15228	1581	Dauk aduk lagu inouk koluk keninik kah?	Dauk lagu aduk yah koluk kik,pun dauk aduk sapik neh,pun dauk aduk dangdut neh,pun dauk aduk ireh kelunan pesinui,ineh dauk aduk lagu koluk kik..	1	thirties	female_feminine	Western Penan	train	8.011557656947728		False	0.3661971830985915	False	5.16736842972453	0.9114551083591331	False
6daf5823a635cbefd29a368980768870	15254	spontaneous-speech-pne-15254.mp3	15660	1581	Dauk aduk lagu inouk koluk keninik kah?	Akouk koluk ninik dauk aduk lagu ireh korea, [um] oraputih, kinak. Ineh tue keninik kik. Yeng pun yah boken, jah ineh tue.	1			Western Penan	train	6.449553001277139		False	0.05882352941176472	False	4.082454692156534	0.465015479876161	True
209aab5184d892f83f2f6491b90f4867	15719	spontaneous-speech-pne-15719.mp3	33732	1581	Dauk aduk lagu inouk koluk keninik kah?	lagu,lagu..lagu lagu yah konak towk lagu..inouk ngaran neh, erei..dangdut lah,lagu yah sau sau ineh koluk keninik amik dalem ..bareng akouk inouk bi gaya ngaran lagu ineh tapik ulouk koluk ngeninik lagu sau	1			Western Penan	train	5.187952092968102		True	0.2561576354679803	False			False
38d1cf1c53c7826866b3ae7a6495b32f	15816	spontaneous-speech-pne-15816.mp3	17316	1581	Dauk aduk lagu inouk koluk keninik kah?	Talan-talan lagu peh, lagu konak dauk aduk neh, konak dauk tit neh. Koluk akouk ninik, ineh sumak utuk kik dan kik mukuk, dan salau kik ineh tue. Emah-emah lagu lah, bengosak inouk lah, dauk ineh lah koluk kik bi.	1	twenties	male_masculine	Western Penan	train	10.106260106260107		False	0.24285714285714288	False	4.943600106032283	0.8662538699690403	False
46b095ac5602bd3bfdf0cc670842c77c	15916	spontaneous-speech-pne-15916.mp3	17280	1581	Dauk aduk lagu inouk koluk keninik kah?	Yeng pun lagu boken lagu ivan paling koluek keninek amik, amik koluek dauk neh koluek bateng neh lagu ivan 	1			Western Penan	train	5.092592592592593		False	0.2596153846153846	False	4.3993169800396865	0.6594427244582043	False
d010ca153b96a5ebfd09ba6a2e3e0cf4	16206	spontaneous-speech-pne-16206.mp3	16452	1581	Dauk aduk lagu inouk koluk keninik kah?	dauk aduk nouk ireh lobuk koluk amik tong kokat aduk dauk lah,yah pani koluk amik yan neh dauk nouk ireh lobuk	1	teens	male_masculine	Western Penan	train	5.4704595185995615		False	0.30841121495327106	False	4.477353139367467	0.6965944272445821	False
209c440297f7fce6c5e4fba0e913f9b8	16445	spontaneous-speech-pne-16445.mp3	11556	1581	Dauk aduk lagu inouk koluk keninik kah?	Semua dauk ayuk lagu semua neh amik koluek ngeninek yah mah tuek pun 	1			Western Penan	train	4.8459674627898925		True	0.045454545454545414	False			False
209c440297f7fce6c5e4fba0e913f9b8	16445	spontaneous-speech-pne-16445.mp3	11556	1581	Dauk aduk lagu inouk koluk keninik kah?	Semuah dauk aduk lagu, semuah neh amik koluk ngeninik. Yah mah tue pun.	1			Western Penan	train	5.105572862582208		True	0.044117647058823484	False			False
75e882dda7e6942bcfa81c65ba9893a3	16554	spontaneous-speech-pne-16554.mp3	14436	1581	Dauk aduk lagu inouk koluk keninik kah?	Dauk aduk lagu yah koluk keninik kik,pun teranak neh..pun lagu dangdut dak,pun lagu tuern dak,pun lagu melayu dak..pinek juk..pinek yah koluk keninik kik..yeng kerk pun teranak neh..	1			Western Penan	train	10.806317539484622		False	0.35754189944134074	False	4.815120149653293	0.8346749226006192	False
660efcc153b8f1b83f0e7b7293a6739d	17214	spontaneous-speech-pne-17214.mp3	17136	1581	Dauk aduk lagu inouk koluk keninik kah?	Dauk lagu koluk keninik amik, dauk lagu senuai amik sedirik, nouk amik Ponan sendirik. Avik peh dauk lagu yah nyanyi, yah nouk lobuk ; yeng koluk bi peh amik ngeninik dauk neh, amik lagu Ponan sedirik. 	1	teens	female_feminine	Western Penan	train	9.687208216619982		False	0.33668341708542715	False	4.513974082516381	0.7120743034055728	False
15c3189343ecfed295e773c9a86db318	17506	spontaneous-speech-pne-17506.mp3	16308	1581	Dauk aduk lagu inouk koluk keninik kah?	yeng pun dauwk ade' lagu yah koluk keninik amik, erei..dauwk sape' tuwerk ineh neh yah koluk keninik amik..yah jin ukun topun amik  tesau.Sumak dauwk sape' tuwerk  ineh koluk  keninik..	1	twenties	female_feminine	Western Penan	train	9.443218052489575		False	0.32417582417582413	False	4.022792458313068	0.42724458204334365	True
06e91360c689ccdb3c48e8c51aac7b8c	17566	spontaneous-speech-pne-17566.mp3	18072	1581	Dauk aduk lagu inouk koluk keninik kah?	Pinek dauk lagu-lagu yah koluek keninek kik pinek yah eh jiak-jiak lagu yah koluek keninek kik Jah yah pegau-pegau avik peh yah sau-sau 	1	teens	female_feminine	Western Penan	train	6.252766710934042		False	0.3308270676691729	False	4.523994435443786	0.7170278637770898	False
d03d164e3a037c9462bb3b7801263813	17808	spontaneous-speech-pne-17808.mp3	19116	1581	Dauk aduk lagu inouk koluk keninik kah?	pinek..dauwk dauwk neh,koluk ngan keninik ulouk,dauwk aduk aduk neh,dauwk lagu lagu  neh koluk ulouk bareng jah duwah kerk eh,bengosak lagu yah jiak semua pinek eh jiak ngeninik,jiak ngan	1	twenties	female_feminine	Western Penan	train	8.317639673571877		False	0.2717391304347826	False	4.799555619234697	0.8291021671826625	False
59015be0ab1203af375a4af4b86c43d5	17878	spontaneous-speech-pne-17878.mp3	15228	1581	Dauk aduk lagu inouk koluk keninik kah?	Akouk peh yeng mojam dauk aduk lagu inouk yah koluk keninik dan neh bagik ireh. Dan akouk sedirik, lagu dangdut ineh koluk kik ngeninik dalem umon kik touk, dalem salau ukuk kek. 	1			Western Penan	train	9.653270291568164		False	0.15909090909090906	False	3.9532116546259375	0.3690402476780186	True
a2632e7d8bbc0b5567334fd6bb68604f	17963	spontaneous-speech-pne-17963.mp3	16308	1581	Dauk aduk lagu inouk koluk keninik kah?	Owk,pun neh dauk,jian peh dauk..anah kelunan jah tan,keninik ulouk jiak peh dauk anah jah..jiak dauk anah jah..ineh pukuk neh,yeng ulouk mojam barak,ulouk notit ulouk bi..	1	fifties	male_masculine	Western Penan	train	9.013980868285504		False	0.25	False	4.57233022748009	0.7411764705882353	False
3a783f2ba60782823bab13f00d15057a	18293	spontaneous-speech-pne-18293.mp3	16776	1581	Dauk aduk lagu inouk koluk keninik kah?	Akouk koluk lagu-lagu yah sukat manouk ulouk juget manouk ulouk peguak. Keh. Ineh lagu koluk kik, [noise] yeng akouk lagu- koluk lagu sebarang, lerk akouk. [noise] Juk koluk lagu yah eh sukat manouk ulouk peguak manouk ulouk kelete'erk akouk. Keh.  	1			Western Penan	train	12.39866475917978		False	0.4552845528455285	False	3.255605114238978	0.021671826625386997	True
916c4bf55dda885cb785b8e0342f30cb	15185	spontaneous-speech-pne-15185.mp3	20160	1497	Inouk juk pengoluk kok ngan ireh anag kok? / Inouk tong kirak kok ngan ireh anag kok?	Kirak kik akeuk juk ireh mojam cekulah, [um] mojam basak, en bawai [um] tong dalem sekulah ireh. Ineh. 	1	fourties	male_masculine	Western Penan	train	4.216269841269841		False	0.13	False	3.699553023194647	0.20309597523219813	True
209aab5184d892f83f2f6491b90f4867	15259	spontaneous-speech-pne-15259.mp3	30960	1497	Inouk juk pengoluk kok ngan ireh anag kok? / Inouk tong kirak kok ngan ireh anag kok?	Owk,konak peh..pun peh pengoluk ulouk konak ngan anag ulouk,dukuk neh mauk anag ulouk..bareng eh anag,dan neh anag ireh boken,ineh ulouk yeng pun piak ulouk..dan neh anag ulouk,jiak peh eh sat,ngab neh..makin inouk peh dan neh jiak..yeng sajak anag ulouk,inen neh pengoluk ulouk ngan neh kuk nah anag ulouk sedirik,yeng padui peh eh,yeng keroja peh eh,sajak keh ulouk koluk ngan neh,kuk neh anag ulouk..bareng dukuk ulouk inouk yah	1			Western Penan	train	11.789405684754522		True	0.46261682242990654	False			False
6daf5823a635cbefd29a368980768870	15290	spontaneous-speech-pne-15290.mp3	16056	1497	Inouk juk pengoluk kok ngan ireh anag kok? / Inouk tong kirak kok ngan ireh anag kok?	Akouk arap ireh sukat motik [um] kelunan tinen, tamen, topun dalem jah- [um] langit yah tuai sagam langit jah. Ineh tuek arap. 	1			Western Penan	train	6.539611360239163		False	0.12096774193548387	False	4.621401373961255	0.7591331269349845	False
15813ed995d0a8f107309df7f9afa0d0	15349	spontaneous-speech-pne-15349.mp3	18756	1497	Inouk juk pengoluk kok ngan ireh anag kok? / Inouk tong kirak kok ngan ireh anag kok?	Pengoluk kik ngan ireh ngan anak kik, akouk juk kolouk ireh mojam sekulah au iteuk. Akouk juk koluk ireh konak ireh jadi cigu, konak ireh jadi pulis, konak ireh jadi jururawat. Ineh kolouk kik. 	1	thirties	female_feminine	Western Penan	train	8.530603540200469		False	0.3664921465968587	False	3.782509836330743	0.24643962848297213	True
38d1cf1c53c7826866b3ae7a6495b32f	15960	spontaneous-speech-pne-15960.mp3	20340	1497	Inouk juk pengoluk kok ngan ireh anag kok? / Inouk tong kirak kok ngan ireh anag kok?	Akouk koluk ireh anag kik jian dalem keroja, dalem adui rah. Akouk koluk ireh anag kik mojam sekulah, sebab ineh monak [um] sonang monak pengejian dalem urip rah awu awu itouk. Keh. Dekuk akouk sebagai tamen, yeng pun ngan rah. Ineh dekuk kik koluk ireh jian.	1	twenties	male_masculine	Western Penan	train	10.521140609636184		False	0.26171875	False	3.5789548289848314	0.13498452012383902	True
209c440297f7fce6c5e4fba0e913f9b8	16022	spontaneous-speech-pne-16022.mp3	13356	1497	Inouk juk pengoluk kok ngan ireh anag kok? / Inouk tong kirak kok ngan ireh anag kok?	Juk koluk kek, juk kirak kik ngan ireh anag kek, juk koluk nyekulah ireh. Amai ireh konak tog akouk, pah avik awu.	1			Western Penan	train	6.963162623539982		False	0.18918918918918914	False	4.031948091026804	0.43343653250773995	True
d010ca153b96a5ebfd09ba6a2e3e0cf4	16243	spontaneous-speech-pne-16243.mp3	15984	1497	Inouk juk pengoluk kok ngan ireh anag kok? / Inouk tong kirak kok ngan ireh anag kok?	Yeng akouk kalek mojam lah,akouk sumak ineh tuerk tong konep kik..menyuk ireh sekulah,jian..amai ninik piak ireh yah boken..	1	teens	male_masculine	Western Penan	train	6.6941941941941945		False	0.07438016528925617	False	3.36270951548577	0.045820433436532505	True
46b095ac5602bd3bfdf0cc670842c77c	16283	spontaneous-speech-pne-16283.mp3	20340	1497	Inouk juk pengoluk kok ngan ireh anag kok? / Inouk tong kirak kok ngan ireh anag kok?	Pengoluk kik ngan ireh anag, menyuk ireh mesigah, penyuk ireh nengayet, mengonep adui, mengonep yah nanouk tong inak, tong daleh. Ineh konep kik anag.	1			Western Penan	train	6.24385447394297		False	0.2108843537414966	False	4.320517580146399	0.614860681114551	False
75e882dda7e6942bcfa81c65ba9893a3	16562	spontaneous-speech-pne-16562.mp3	18684	1497	Inouk juk pengoluk kok ngan ireh anag kok? / Inouk tong kirak kok ngan ireh anag kok?	Dan kik pun anag awu, akouk juk koluk ireh anag keh mojam sekulah. Akouk juk koluk ireh lobo urip ireh, petoti'ik urip ireh, petoti'ik urip amik panag. Manouk jian dalem urip ireh, sonang. 	1			Western Penan	train	8.349389852280025		False	0.31720430107526887	False	3.7300128796886383	0.22043343653250774	True
660efcc153b8f1b83f0e7b7293a6739d	17228	spontaneous-speech-pne-17228.mp3	16740	1497	Inouk juk pengoluk kok ngan ireh anag kok? / Inouk tong kirak kok ngan ireh anag kok?	akouk koluk anag kik muat dalem sebayang,muat dalem berajan,dalem sekulah,dalem adui, [um] pitah tuan dalem adui nah dalem inouk yah juk nouk neh,dalem tong konep neh ingat tuan	1	teens	female_feminine	Western Penan	train	8.960573476702509		False	0.23563218390804597	False	3.8992604762889216	0.32507739938080493	True
15c3189343ecfed295e773c9a86db318	17491	spontaneous-speech-pne-17491.mp3	15876	1497	Inouk juk pengoluk kok ngan ireh anag kok? / Inouk tong kirak kok ngan ireh anag kok?	Akouk koluk ireh anag kik sekulah bi bi,avik ireh bi sekulah..avik ireh pun adui pun keroja,avik ireh mojam avik ireh mukun,mojam pitai urip sedirik,mojam manouk urip sedirik..	1	twenties	female_feminine	Western Penan	train	9.44822373393802		False	0.3121387283236994	False	3.5966577102533757	0.14427244582043344	True
06e91360c689ccdb3c48e8c51aac7b8c	17607	spontaneous-speech-pne-17607.mp3	17028	1497	Inouk juk pengoluk kok ngan ireh anag kok? / Inouk tong kirak kok ngan ireh anag kok?	Akouk, konak tog amik itouk juk koluk anag amik jiak, bawai sekulah, nengayak adui rah. Konak tog ireh jah keluak ineh.	1	teens	female_feminine	Western Penan	train	5.813953488372094		False	0.08620689655172409	False	3.96583757078962	0.38080495356037153	True
59015be0ab1203af375a4af4b86c43d5	17760	spontaneous-speech-pne-17760.mp3	16560	1497	Inouk juk pengoluk kok ngan ireh anag kok? / Inouk tong kirak kok ngan ireh anag kok?	Juk koluk kik ngan anag kik adalah,anag kik yah murip jiak murip loban dalem urip nah,akouk koluk yah jadi jah anag yah berguna,yah pun roti neh avik awu..avik pah komah dalem urip neh awu	1			Western Penan	train	9.359903381642512		False	0.2594594594594595	False	4.77698774430549	0.8160990712074303	False
d03d164e3a037c9462bb3b7801263813	17822	spontaneous-speech-pne-17822.mp3	20700	1497	Inouk juk pengoluk kok ngan ireh anag kok? / Inouk tong kirak kok ngan ireh anag kok?	Koluk ulouk, dekuk ulouk kirak anag ulouk ineh mengatik wat ulouk, mengatik tulang ulouk, use ulouk, batung ulouk awu. Apabila ireh sukat murip, apabila sukat sekulah, sukat berajan awu. Ineh koluk ulouk anag ulouk, tong kirak ulouk.	1	twenties	female_feminine	Western Penan	train	9.516908212560386		False	0.35652173913043483	False	4.100668469993869	0.4773993808049536	True
3a783f2ba60782823bab13f00d15057a	18174	spontaneous-speech-pne-18174.mp3	19116	1497	Inouk juk pengoluk kok ngan ireh anag kok? / Inouk tong kirak kok ngan ireh anag kok?	Koluk kek ngan ireh anaq kek, akeuk juk koluk ireh sekulah, akeuk juk koluk ireh erei pun adet, pun gaya, pun jian, pun ayuk ireh dalem barang, lem agup, mojam menat petuboh lamin, mojam [um] menat lamin, keh. Mojam sekulah keh. 	1			Western Penan	train	9.83469345051266		False	0.2920353982300885	False	4.002618609185271	0.40990712074303404	True
a2632e7d8bbc0b5567334fd6bb68604f	18246	spontaneous-speech-pne-18246.mp3	15660	1497	Inouk juk pengoluk kok ngan ireh anag kok? / Inouk tong kirak kok ngan ireh anag kok?	Owk juk koluk kik ngan ireh anag kik akeuk juk koluk ireh mojam akuek juk koluk ireh bawai sekulah amai ireh samak ngan akuek amai ireh samak palik amai ireh petavoh amai ireh sibuk ireh ayuk kik yeng koluk ngan ireh anag kek, ayuk ireh pekuak ngan anag rah keh	1	fifties	male_masculine	Western Penan	train	13.537675606641123		False	0.4728682170542635	False	3.974098062147819	0.3894736842105263	True
6daf5823a635cbefd29a368980768870	15267	spontaneous-speech-pne-15267.mp3	15696	1531	Inouk kek adui kelunan jau yah kevilik kah?	Yeng pun yah nili'ik kik. Inouk inouk peh adui, akouk yeng mili'ik. Avik neh adui kelunan jau yah kevilik amik, yeng pun akouk mili'ik. Keh akouk. Kelunan yeng mili'ik.	2			Western Penan	train	8.91946992864424		False	0.32121212121212117	False	3.224957395660677	0.0173374613003096	True
916c4bf55dda885cb785b8e0342f30cb	15470	spontaneous-speech-pne-15470.mp3	21456	1531	Inouk kek adui kelunan jau yah kevilik kah?	Kelunan yah jau yah pogeng monak bantuan,pogeng monak rigit,lalek monak amik barang barang,ineh..	2	fourties	male_masculine	Western Penan	train	3.961595824011932		False	0.22340425531914898	False	3.3827099477268328	0.05015479876160991	True
15813ed995d0a8f107309df7f9afa0d0	15555	spontaneous-speech-pne-15555.mp3	16740	1531	Inouk kek adui kelunan jau yah kevilik kah?	Adui kelunan jau yah kevilik, yan neh manouk tuvu ineh, yan neh manouk tangoh ineh. Pun peh yah melakau, yah tai tong tanak, yah tai menimeg, yah tai tulu.	2	thirties	female_feminine	Western Penan	train	7.586618876941457		False	0.256578947368421	False	3.7491454556461754	0.23095975232198143	True
209aab5184d892f83f2f6491b90f4867	15619	spontaneous-speech-pne-15619.mp3	18936	1531	Inouk kek adui kelunan jau yah kevilik kah?	[unclear] kelunan jau ineh, yah mengaton yah menguasak yah nebare, ulouk dalem urip ulouk. Min ulouk manouk adui, manouk keroja ulouk. Min ulouk manouk gaya ulouk, yah mareng yah pengawu. Keh.	2			Western Penan	train	8.55513307984791		False	0.2857142857142857	False	3.593905546692212	0.1417956656346749	True
d010ca153b96a5ebfd09ba6a2e3e0cf4	16118	spontaneous-speech-pne-16118.mp3	16812	1531	Inouk kek adui kelunan jau yah kevilik kah?	Yan neh konak towk tai tanak ineh,eh narak kik..ireh padui,memitik kerk,inouk..ireh menimerk kerk,avik ireh..manouk bui tong..	2	teens	male_masculine	Western Penan	train	6.602426837972876		False	0.09756097560975607	False	4.4837434555421005	0.698452012383901	False
46b095ac5602bd3bfdf0cc670842c77c	16221	spontaneous-speech-pne-16221.mp3	20628	1531	Inouk kek adui kelunan jau yah kevilik kah?	Adui kelunan jau kevilik ; ireh nebare, ireh mengiak amik dekuk amik jian, dekuk amik mojam, dekuk amik jian tong lamin, tong ume', tong inak.	2			Western Penan	train	5.720380065929804		False	0.26618705035971224	False	3.873574753631987	0.30340557275541796	True
209c440297f7fce6c5e4fba0e913f9b8	16279	spontaneous-speech-pne-16279.mp3	11448	1531	Inouk kek adui kelunan jau yah kevilik kah?	Yeng adui yah kevilik amik. Kat nan nen koluk amik, sik sik peh kelunan jau amik.	2			Western Penan	train	5.765199161425576		True	0.1282051282051282	False			False
38d1cf1c53c7826866b3ae7a6495b32f	16394	spontaneous-speech-pne-16394.mp3	17856	1531	Inouk kek adui kelunan jau yah kevilik kah?	Yeng pun eh kevilik amik. Amik kevilik lak adui kelunan jau, adui- adui jian, adui yah buleh pakey. Adui yah buleh min urip. Min ulouk [um] dalem urip ulouk, dalem [um] inouk lah. Dalem urip lah.	1	twenties	male_masculine	Western Penan	train	8.960573476702509		False	0.26041666666666663	False	3.8463092329159543	0.28606811145510835	True
75e882dda7e6942bcfa81c65ba9893a3	16428	spontaneous-speech-pne-16428.mp3	13716	1531	Inouk kek adui kelunan jau yah kevilik kah?	Jah nan adui ireh jau yah koluk tan kik tan neh eh manouk ulah tong daleh kik tan neh potek jalan tong daleh kik 	2			Western Penan	train	6.488772236803732		False	0.23636363636363633	False	3.9020461583918133	0.3287925696594427	True
06e91360c689ccdb3c48e8c51aac7b8c	17536	spontaneous-speech-pne-17536.mp3	18216	1531	Inouk kek adui kelunan jau yah kevilik kah?	Ineh akouk yeng mojam, inouk yah adui kelunan jau yah kevilik amik. Dekuk yeng pun akouk itouk lalek mojam peroti yah konak ineh.	2	teens	female_feminine	Western Penan	train	5.873956960913483		False	0.15873015873015872	False	3.1555185145739975	0.010526315789473684	True
15c3189343ecfed295e773c9a86db318	17573	spontaneous-speech-pne-17573.mp3	16128	1531	Inouk kek adui kelunan jau yah kevilik kah?	adui kelunan jau konak towk tinen tamen amik mukun langit itouk,amik sukat miwah amik,amik sukat botik langit itouk sukat padui sukat keroja amik langit itouk, du'kuk tinen tamen amik pongah mukun yeng sukat padui,yeng sukat keroja,	2	twenties	female_feminine	Western Penan	train	12.214781746031743		False	0.4104803493449781	False	3.4556009705790034	0.0693498452012384	True
660efcc153b8f1b83f0e7b7293a6739d	17579	spontaneous-speech-pne-17579.mp3	15840	1531	Inouk kek adui kelunan jau yah kevilik kah?	Eh keriyet kik, akouk sukat tuai konak tog itouk. Tuai- walau- niah peh dan neh akouk yeng sukat manouk tapik tupat lah. Ngelakat ulouk yeng sukat manouk eh. Konak peh ireh sukat manouk, inouk manouk ulouk yeng sukat manouk.	2	teens	female_feminine	Western Penan	train	11.742424242424242		False	0.32579185520361986	False	3.4699060728152524	0.07678018575851393	True
59015be0ab1203af375a4af4b86c43d5	17766	spontaneous-speech-pne-17766.mp3	19332	1531	Inouk kek adui kelunan jau yah kevilik kah?	Kelunan jau yah kevilik amik, ineh maneuk adui dalem ineuk-ineuk pun piak, dalem ineuk pun iting ani, [um] kelunan jau ineh adalah yah mongen, yah nyatu, yah maneuk eh jadi bateuk neh, jadi pun roti neh setiap ani setiap iting. Ineh bagik akeuk.	1			Western Penan	train	10.500724187875026		False	0.2603305785123967	False	4.851804437891224	0.8464396284829722	False
d03d164e3a037c9462bb3b7801263813	17851	spontaneous-speech-pne-17851.mp3	16848	1531	Inouk kek adui kelunan jau yah kevilik kah?	pinek adui kelunan jau yah jian,pinek adui ireh kelunan jau yah ngam yah toneng,nanouk ireh..yah du'kuk ireh..koluk memilik adui ulouk danag..	2	twenties	female_feminine	Western Penan	train	7.241215574548908		False	0.27338129496402874	False	3.540519521202534	0.11207430340557276	True
a2632e7d8bbc0b5567334fd6bb68604f	18065	spontaneous-speech-pne-18065.mp3	16380	1531	Inouk kek adui kelunan jau yah kevilik kah?	Owk..adui kelunan jau,ineh neh koluk amik..Adui ineh jian,adui neh petuboh,adui neh min,adui neh tonak amik dalem urip,ineh  kelunan jau jian..kuman amik yeng jian,yeng petuboh amik ,yeng jian..keh.	2	fifties	male_masculine	Western Penan	train	10.43956043956044		False	0.3384615384615385	False	3.1695466203499834	0.01238390092879257	True
3a783f2ba60782823bab13f00d15057a	18258	spontaneous-speech-pne-18258.mp3	19008	1531	Inouk kek adui kelunan jau yah kevilik kah?	Adui jau, adui berosi lamin, adui muik lamin, adui mopa lamin, adui [um] mopuk daven, adui memiti daven, adui [um] memitig, adui memuket, adui melasan lamin, adui mobet sapah. Keh.	1			Western Penan	train	7.944023569023569		False	0.44067796610169496	False	4.862215852492491	0.848297213622291	False
209aab5184d892f83f2f6491b90f4867	15237	spontaneous-speech-pne-15237.mp3	17532	1510	Tong adet kah, kelunan yah juk bi laset neh, sik yah mongau?	Bareng pun sik mongau eh, [unclear] yeng kelunan nah kek. Dan neh rodu neh, lakeik neh mongau. Dan neh lakeik, rodu neh mongau. Dan neh anag neh, tinen, tamen neh mongau. Keh adui rah.	1			Western Penan	train	8.612822267853069		False	0.3259668508287292	False	4.330405015349496	0.6210526315789474	False
15813ed995d0a8f107309df7f9afa0d0	15282	spontaneous-speech-pne-15282.mp3	21960	1510	Tong adet kah, kelunan yah juk bi laset neh, sik yah mongau?	Dalem adet amik,pun kelunan sakit pun kelunan yah mamak,pun kelunan yah sat,yeng jiak laset neh,sajak rodu neh mongau, sajak anag neh mongau,dan neh lakeik neh sakit ineh, yah rodu mongau..dan neh rodu yah sakit ineh,lakeik neh mongau..	1	thirties	female_feminine	Western Penan	train	9.107468123861564		True	0.40343347639484983	False			False
6daf5823a635cbefd29a368980768870	15308	spontaneous-speech-pne-15308.mp3	15912	1510	Tong adet kah, kelunan yah juk bi laset neh, sik yah mongau?	Pinek, pinek amik mongau. Pinek amik mukuk dan neh sat, dan neh yeng jiak. Pinek amik mukuk ngan nah, amik tolong yah, amik [um] miper kelunan neh. Manouk adui itouk manouk adui itei monak-	1			Western Penan	train	9.80392156862745		False	0.30645161290322576	False	3.8707436246972957	0.30030959752321984	True
38d1cf1c53c7826866b3ae7a6495b32f	15901	spontaneous-speech-pne-15901.mp3	20988	1510	Tong adet kah, kelunan yah juk bi laset neh, sik yah mongau?	Pinek lah ireh mongau..ireh kelunan amik,ireh panak amik,ireh mongau ireh menat amik sudah mukun.. amik yah eh yeng pun laset,samak ngan yah podam, yah mamak..memang pinek lah ireh panak amik lah, ireh kelunan amik lah..	1	twenties	male_masculine	Western Penan	train	8.862206975414523		False	0.3548387096774194	False	4.039830498167834	0.4371517027863777	True
d010ca153b96a5ebfd09ba6a2e3e0cf4	15988	spontaneous-speech-pne-15988.mp3	16308	1510	Tong adet kah, kelunan yah juk bi laset neh, sik yah mongau?	pun ireh mongau eh,ireh mojam ngerusu,ireh mojam mut kelunan yah sakit,yah podam,yah mamak kerk..	1	teens	male_masculine	Western Penan	train	5.15084621044886		False	0.17021276595744683	False	4.2690583819164525	0.5894736842105263	True
46b095ac5602bd3bfdf0cc670842c77c	16196	spontaneous-speech-pne-16196.mp3	16128	1510	Tong adet kah, kelunan yah juk bi laset neh, sik yah mongau?	Yah mongau amik dan amik bi laset,dan amik merisak..dan amik sat, yeng tinen yeng tamen,topun..kelunan, padik amik..ineh mongau amik..ngan amik.	1			Western Penan	train	7.750496031746032		False	0.2695035460992907	False	4.323174829621793	0.6167182662538699	False
75e882dda7e6942bcfa81c65ba9893a3	16448	spontaneous-speech-pne-16448.mp3	16560	1510	Tong adet kah, kelunan yah juk bi laset neh, sik yah mongau?	Tong adet amik,kelunan yah juk bi laset neh, pun kelunan jau mongau, pun kelunan jau menat eh,keh ..dan yeng kelunan jau,pun keh ireh anag nah menat eh,petolong ngan neh..	1			Western Penan	train	8.635265700483092		False	0.26190476190476186	False	3.9246115448312624	0.34674922600619196	True
209c440297f7fce6c5e4fba0e913f9b8	16491	spontaneous-speech-pne-16491.mp3	11268	1510	Tong adet kah, kelunan yah juk bi laset neh, sik yah mongau?	Tajak pun kek kelunan maneuk padik neh, anaq neh, rodu neh pong.	1			Western Penan	train	4.703585374511892		True	0.06557377049180324	False			False
06e91360c689ccdb3c48e8c51aac7b8c	17453	spontaneous-speech-pne-17453.mp3	16668	1510	Tong adet kah, kelunan yah juk bi laset neh, sik yah mongau?	Dan neh amik, dan kelunan sat yeng laset ; amik tai mongau, tai ngan neh sineh.	1	teens	female_feminine	Western Penan	train	3.8396928245740334		False	0.10526315789473684	False	3.964766873290664	0.37894736842105264	True
660efcc153b8f1b83f0e7b7293a6739d	17480	spontaneous-speech-pne-17480.mp3	16596	1510	Tong adet kah, kelunan yah juk bi laset neh, sik yah mongau?	Tong daleh amik, kelunan yah juk matai, bi laset neh, mukin anag rodu neh kelunan nah sedirik tinen nah ineh kek menat eh, mongau eh avik neh matai.	1	teens	female_feminine	Western Penan	train	7.2909134731260545		False	0.1448275862068965	False	4.523624632401771	0.7164086687306501	False
d03d164e3a037c9462bb3b7801263813	17686	spontaneous-speech-pne-17686.mp3	17820	1510	Tong adet kah, kelunan yah juk bi laset neh, sik yah mongau?	Sik mongau; lakeik nah kek, rodu nah kek, eh mongau yah. Selain ineh, ahli keluarga neh mongau eh, menat eh, jagak eh. Tong kobi neh juk bet laset neh. Keh adui amik Ponan	1	twenties	female_feminine	Western Penan	train	7.800224466891134		False	0.14880952380952384	False	6.605134372790267	0.9907120743034056	False
59015be0ab1203af375a4af4b86c43d5	17749	spontaneous-speech-pne-17749.mp3	12888	1510	Tong adet kah, kelunan yah juk bi laset neh, sik yah mongau?	yeng pun sik sik yah mongau menimah,sebarang sik amik yah sukat menat,sebarang amik yah petobang,amik yah sukat tai petuboh sukat mukuk ngan neh,amik yah tong jah inak,jah umerk ngan nah	1			Western Penan	train	12.18187461204221		False	0.3005464480874317	False	4.166783211239719	0.5207430340557275	True
a2632e7d8bbc0b5567334fd6bb68604f	18122	spontaneous-speech-pne-18122.mp3	15840	1510	Tong adet kah, kelunan yah juk bi laset neh, sik yah mongau?	Owk..pun anag,pun rodu neh..dan neh lakeik neh,rodu neh mongau..dan neh anag neh,tamen tinen neh mongau,keh..adui jaga monak berk pane,monak kupi,monak penguman.. dey bila bi laset..keh adui ulouk..	1	fifties	male_masculine	Western Penan	train	10.858585858585858		False	0.2102564102564103	False	4.535167866633959	0.7219814241486068	False
3a783f2ba60782823bab13f00d15057a	18171	spontaneous-speech-pne-18171.mp3	18540	1510	Tong adet kah, kelunan yah juk bi laset neh, sik yah mongau?	yah mongau bi laset neh,beluk amik..niah eh juk bi laset,niah eh sakit,niah eh inouk inouk manouk,amik neh tai nat,amik neh tai mongau eh avik eh... dan neh jiak,yeng jiak..dan neh sat,bik eh nongau amik pah eh yeng pun laset	1			Western Penan	train	10.086299892125137		False	0.3198198198198198	False	4.555048031512514	0.7331269349845201	False
15813ed995d0a8f107309df7f9afa0d0	15409	spontaneous-speech-pne-15409.mp3	15336	1491	Dan kok larui ungem, inouk juk nanouk kok dan kok pongah jau?	Yeng akouk mojam inouk yah nanouk kik dan keik larui umon sau,akouk yeng akouk mojam..Tong keik pongah jau itouk ,pinek adui pinek yah pongah nanouk kik yeng sukat kojam kik manouk. 	1	thirties	female_feminine	Western Penan	train	9.846113719353156		False	0.3072625698324022	False	3.361874625554886	0.04458204334365325	True
6daf5823a635cbefd29a368980768870	15563	spontaneous-speech-pne-15563.mp3	16272	1491	Dan kok larui ungem, inouk juk nanouk kok dan kok pongah jau?	Juk manouk tinen tamen kik jiak konep ngan kik, ireh padik kik, [um] ireh topun kek, ireh kelunan kek yah mauk jiak ngan kik. Akouk peh koluk juk manouk konep ireh jiak supaya ireh jiak ngan kik. 	1			Western Penan	train	9.771386430678463		False	0.33678756476683935	False	3.3985993697211243	0.05572755417956656	True
209aab5184d892f83f2f6491b90f4867	15655	spontaneous-speech-pne-15655.mp3	19584	1491	Dan kok larui ungem, inouk juk nanouk kok dan kok pongah jau?	Inouk, [unclear] memiken manouk- manouk adui, manouk keroja. Pongah ineh juk kelak ale' rodu, kelak potew. Keh. 	1			Western Penan	train	4.850898692810458		False	0.14678899082568808	False	4.324660659176381	0.6185758513931888	False
209aab5184d892f83f2f6491b90f4867	15655	spontaneous-speech-pne-15655.mp3	19584	1491	Dan kok larui ungem, inouk juk nanouk kok dan kok pongah jau?	[unclear] manouk adui,manouk keroja,pongah ineh,juk pekirak alek rodu..juk kirak potew,keh..	1			Western Penan	train	4.238153594771242		False	0.101123595505618	False	4.03161295152408	0.4328173374613003	True
916c4bf55dda885cb785b8e0342f30cb	15713	spontaneous-speech-pne-15713.mp3	17208	1491	Dan kok larui ungem, inouk juk nanouk kok dan kok pongah jau?	Dan kik lalo- larui sik sau, akeuk [um] juk jadi guruk, ngan...juk jadi guruk mengajar ireh [um]  bengesak kik sendirik. 	1	fourties	male_masculine	Western Penan	train	5.811250581125058		False	0.14406779661016944	False	5.2360366345519065	0.9238390092879257	False
38d1cf1c53c7826866b3ae7a6495b32f	15977	spontaneous-speech-pne-15977.mp3	18900	1491	Dan kok larui ungem, inouk juk nanouk kok dan kok pongah jau?	du'kuk ulouk jian,du'kuk menyonang tinen tamen,du'kuk ulouk jiak ngan anag,du'kuk ulouk urip ireh jiak,..urip mareng,urip pengawu..dan merisat urip kik sau,dan kik umon,pongah akouk jau,akouk mukun itouk,akouk juk koluk akouk murip jian,murip sonang..pun rigit,pun etey,pun itouk	1	twenties	male_masculine	Western Penan	train	12.962962962962962		False	0.28260869565217395	False	4.252634083085548	0.5770897832817338	True
d010ca153b96a5ebfd09ba6a2e3e0cf4	16126	spontaneous-speech-pne-16126.mp3	15660	1491	Dan kok larui ungem, inouk juk nanouk kok dan kok pongah jau?	Nanouk kik...akouk rasa,yeng pun inouk yah sukat nouk kik dan langit jau itouk..paling dak ,akouk keroja ka,inouk eh..,padui mipe ireh tamen,tinen, kelunan kik,keh...	1	teens	male_masculine	Western Penan	train	9.195402298850574		False	0.10429447852760731	False	4.091823113122884	0.4718266253869969	True
209c440297f7fce6c5e4fba0e913f9b8	16276	spontaneous-speech-pne-16276.mp3	14328	1491	Dan kok larui ungem, inouk juk nanouk kok dan kok pongah jau?	Yah kirak kik dan kik pongah jau. Akouk juk kirak padui, kirak keroja monak tinen kek, monak tamen kek, monak anag kek, avik akouk batung kik.	1			Western Penan	train	8.165829145728642		False	0.24460431654676262	False	4.08117735413927	0.46439628482972134	True
46b095ac5602bd3bfdf0cc670842c77c	16361	spontaneous-speech-pne-16361.mp3	19728	1491	Dan kok larui ungem, inouk juk nanouk kok dan kok pongah jau?	Akouk juk koluk akouk jadi kelunan yah pun sukat, yah jau, yah sukat min kelunan manouk urip manouk inak, manouk adui, manouk keroja jiak.	1			Western Penan	train	5.829278183292781		False	0.2666666666666667	False	3.3309603189470627	0.03281733746130031	True
75e882dda7e6942bcfa81c65ba9893a3	16537	spontaneous-speech-pne-16537.mp3	14544	1491	Dan kok larui ungem, inouk juk nanouk kok dan kok pongah jau?	Oh, dan kek larui [unclear] sau mah, juk naneuk kek yan neh akeuk juk jadi lekoton. Keh. Tapik, man. Yeng pe akeuk sukat. 	1			Western Penan	train	6.806930693069306		False	0.08403361344537819	False	4.502019418359995	0.7089783281733746	False
06e91360c689ccdb3c48e8c51aac7b8c	17341	spontaneous-speech-pne-17341.mp3	18864	1491	Dan kok larui ungem, inouk juk nanouk kok dan kok pongah jau?	Juk tai pitah mabui,pitah payau,tai lak tanak..tai melakau,juk tai ngejalak,juk pitah betolu monak ireh kelunan tong lamin.	1	teens	female_feminine	Western Penan	train	5.672179813401187		False	0.1333333333333333	False	4.226376238878152	0.5609907120743034	True
660efcc153b8f1b83f0e7b7293a6739d	17664	spontaneous-speech-pne-17664.mp3	15876	1491	Dan kok larui ungem, inouk juk nanouk kok dan kok pongah jau?	[unclear] jadi pulih, [unclear] jadi erei lekoton, tuai ah menolong kelunan, koluk berajan sagak, berajan motit sapik. Ineh yah koluk kik, yah ineh.	1	teens	female_feminine	Western Penan	train	7.936507936507937		False	0.16551724137931034	False	3.413547956282529	0.06253869969040247	True
d03d164e3a037c9462bb3b7801263813	17836	spontaneous-speech-pne-17836.mp3	22176	1491	Dan kok larui ungem, inouk juk nanouk kok dan kok pongah jau?	pinek adui juk nanouk ulouk dan ulouk larui danag,larui anag,larui ungem,bareng jah duah adui juk koluk ulouk,juk nanouk ulouk,tapik yeng eh sukat nanouk ulouk du'kuk ulouk yeng avik,du'kuk ulouk yeng jadi..tong adui ulouk ineh,tong keroja ulouk ineh	1	twenties	female_feminine	Western Penan	train	9.65007215007215		True	0.41295546558704455	False			False
59015be0ab1203af375a4af4b86c43d5	18002	spontaneous-speech-pne-18002.mp3	16812	1491	Dan kok larui ungem, inouk juk nanouk kok dan kok pongah jau?	akouk juk koluk [um] jadi kelunan yah berguna, jadi kelunan yah jiak,lobih jiak,yeng senaru, yeng senalak,yeng kesat,yeng nanouk kitouk kitey	1			Western Penan	train	7.256721389483702		False	0.28260869565217395	False	4.182910470677776	0.5331269349845201	True
3a783f2ba60782823bab13f00d15057a	18064	spontaneous-speech-pne-18064.mp3	19440	1491	Dan kok larui ungem, inouk juk nanouk kok dan kok pongah jau?	Keh masa kik umon sau akuek Irei  pun konep kik juk bawai sekulah koluk pun keroja kaluek pun adui koluk pun lamin koluk pun umek koluk pun ireh pinek-pinek lah keh. 	1			Western Penan	train	6.893004115226337		False	0.2331288343558282	False	4.749828200671789	0.8061919504643963	False
a2632e7d8bbc0b5567334fd6bb68604f	18223	spontaneous-speech-pne-18223.mp3	15408	1491	Dan kok larui ungem, inouk juk nanouk kok dan kok pongah jau?	Owk, dan anag- dan kik anag sajak yeng akouk mojam padui. Tuai akouk jau, mojam akouk pekirak, mojam akouk padui. Inouk adui nanouk, pongah kojam kik. Dan kik anag, yeng akouk mojam manouk adui. Keh adui ulouk ineh, ulouk mojam dalem ulouk pongah mukun, dalem ulouk pongah jau.	1	fifties	male_masculine	Western Penan	train	14.927310488058152		False	0.416058394160584	False	3.662388669838511	0.17708978328173375	True
15813ed995d0a8f107309df7f9afa0d0	15188	spontaneous-speech-pne-15188.mp3	14148	1540	Inouk lete’erk eh koluk kuk?	Le'terk koluk kik,mengase,main bon,(um..) sagak	1	thirties	female_feminine	Western Penan	train	3.0392988408255586		False	0.0	False	3.5098167693801745	0.09411764705882353	True
6daf5823a635cbefd29a368980768870	15250	spontaneous-speech-pne-15250.mp3	15624	1540	Inouk lete’erk eh koluk kuk?	Ow..beluk nan neh koluk kik..yeng pun yah koleg kik,le'terk le'terk..semua koluk kik,beluk nan..yeng pun yah koleg yeng pun yah kigeik kik..beluk nan neh koluk kik..keh akouk itouk,yeng akouk itouk kelunan milik..	1			Western Penan	train	11.712749615975422		False	0.4476190476190476	False	3.5957853792441794	0.14303405572755418	True
916c4bf55dda885cb785b8e0342f30cb	15480	spontaneous-speech-pne-15480.mp3	16956	1540	Inouk lete’erk eh koluk kuk?	Le'terk koluk kik tai main bon,main [um] takraw,ngan mengase.	1	fourties	male_masculine	Western Penan	train	3.125737202170323		False	0.03448275862068961	False	3.9448685031947393	0.3628482972136223	True
d010ca153b96a5ebfd09ba6a2e3e0cf4	15793	spontaneous-speech-pne-15793.mp3	16848	1540	Inouk lete’erk eh koluk kuk?	Le'terk koluk kik,le'terk..le'terk jiak le'terk amik kuman keh..ineuk..amik malak keh..amik kelonyat..inouk amik..pun rame' amik..	1	teens	male_masculine	Western Penan	train	6.944444444444445		False	0.25196850393700787	False	3.7249305251217932	0.21857585139318886	True
38d1cf1c53c7826866b3ae7a6495b32f	15913	spontaneous-speech-pne-15913.mp3	16236	1540	Inouk lete’erk eh koluk kuk?	Masem masem le'terk lah,pinek le'terk yah koluk kik,yah tong daleh kik,yah tong bengosak kik,sagak lah,menyapik lah,pesinui lah,ineh le'terk yah koluk tan kik tong daleh amik ponan.	1	twenties	male_masculine	Western Penan	train	9.608277900960829		False	0.3258426966292135	False	3.40959535578378	0.060061919504643964	True
209c440297f7fce6c5e4fba0e913f9b8	15947	spontaneous-speech-pne-15947.mp3	9936	1540	Inouk lete’erk eh koluk kuk?	Lete'erk yah koluk kik, dalem lete'erk ireh sagak, ireh pojah, ireh pekalak.	1			Western Penan	train	6.541867954911433		True	0.17808219178082196	False			False
46b095ac5602bd3bfdf0cc670842c77c	16151	spontaneous-speech-pne-16151.mp3	15660	1540	Inouk lete’erk eh koluk kuk?	Koluk beroteg ineh. Ineh yah penguman, ineh yah kinan yah jiak, ineh yah anah amik, ineh yah kinan.	1			Western Penan	train	5.236270753512133		False	0.33333333333333337	False	3.9817504031329967	0.3956656346749226	True
75e882dda7e6942bcfa81c65ba9893a3	16591	spontaneous-speech-pne-16591.mp3	15552	1540	Inouk lete’erk eh koluk kuk?	Pun le'terk yah koluk kik, yan neh amik pojah amik popeng,dan pun ireh jau mosep,mosep..dan pun ireh jau [um] mobah mobah,ineh nan le'terk yah koluk kik,dan amik tai tong- kore tong berk.	1			Western Penan	train	10.030864197530864		False	0.2934782608695652	False	3.897515501079852	0.3238390092879257	True
660efcc153b8f1b83f0e7b7293a6739d	17400	spontaneous-speech-pne-17400.mp3	16200	1540	Inouk lete’erk eh koluk kuk?	Le'terk yah koluk kik,le'terk peponat taleik,le'terk [um] manouk penguman..le'terk mobah,mobah dek,mobah payau, pitah tangoh. ineh tuwerk.	1	teens	female_feminine	Western Penan	train	7.592592592592593		False	0.1777777777777778	False	4.003235571973435	0.41238390092879257	True
06e91360c689ccdb3c48e8c51aac7b8c	17603	spontaneous-speech-pne-17603.mp3	16164	1540	Inouk lete’erk eh koluk kuk?	Le'terk eh koluk kik ngan ireh anag..yan neh konak towk..main ungap,ataumain main yah inouk yah sukat ayuk amik main,dan pun inak ayuk amik mainn..	1	teens	female_feminine	Western Penan	train	7.67136847315021		False	0.1597222222222222	False	3.990929312809342	0.4018575851393189	True
d03d164e3a037c9462bb3b7801263813	17800	spontaneous-speech-pne-17800.mp3	20052	1540	Inouk lete’erk eh koluk kuk?	pinek pinek le'terk yah koluk ulouk yah meh eh jian tan ulouk ineh,le'terk ulouk ineh ,yah inen koluk ulouk ,yah inen neh tong konep ulouk tong piken ulouk le'terk ulouk eh jian le'terk ulouk yah eh samak,yeng pun ulouk panouk yeng pun ulouk kesat tong le'terk ulouk	1	twenties	female_feminine	Western Penan	train	10.97147416716537		False	0.48669201520912553	True			False
59015be0ab1203af375a4af4b86c43d5	17887	spontaneous-speech-pne-17887.mp3	16560	1540	Inouk lete’erk eh koluk kuk?	Akouk koluk [um].le'terk,le'terk kelunan yau jiak..le'terk kelunan yah ngan kalak..ireh yah malak,ireh malak pong..lerk akouk yah ngelungo ngelungo..akouk dan keik kle'terk..	1			Western Penan	train	9.299516908212562		False	0.3099415204678363	False	4.054838891066069	0.4476780185758514	True
a2632e7d8bbc0b5567334fd6bb68604f	18176	spontaneous-speech-pne-18176.mp3	15408	1540	Inouk lete’erk eh koluk kuk?	Owk pun yah koluk tan kik, keletek main piak maut piak tosok ayuk sagak persinun ayuk petavik ineh yah jian yah ayuk oluek koluk ineh ayuk oleuk malak ineh adui oluek. 	1	fifties	male_masculine	Western Penan	train	8.891484942886812		False	0.23636363636363633	False	4.4026530516643385	0.6625386996904025	False
3a783f2ba60782823bab13f00d15057a	18315	spontaneous-speech-pne-18315.mp3	20196	1540	Inouk lete’erk eh koluk kuk?	Lete'erk yah koluk kik? Koluk pe akouk tei- tei mengase. Koluk pe akouk- koluk pe akouk main-main yah eh- eh tong luvang lamin. Konak ulouk main [um] game tong pon, koluk kelete'erk, koluk padui keh. 	1			Western Penan	train	8.169934640522875		False	0.2893401015228426	False	4.111096265831709	0.4823529411764706	True
15813ed995d0a8f107309df7f9afa0d0	15173	spontaneous-speech-pne-15173.mp3	16056	1501	Inouk nanouk kuk tong langit tenonu kuk?	Akouk manouk rame' jau, ayuk kik sovak langit tenonu kik ngan kelunan pinek tuai tong rame'..langit tenonu kik..	1	thirties	female_feminine	Western Penan	train	5.916791230692576		False	0.1834862385321101	False	4.015919128518953	0.42105263157894735	True
916c4bf55dda885cb785b8e0342f30cb	15203	spontaneous-speech-pne-15203.mp3	14760	1501	Inouk nanouk kuk tong langit tenonu kuk?	Akeuk meriyet ngan akeuk [um] ramey ngan pinek-pinek [um] anaq-anaq ame'. Ineh mek ramey ngan [um] senang kenep. 	1	fourties	male_masculine	Western Penan	train	6.436314363143632		False	0.21818181818181814	False	5.579252173823326	0.9665634674922601	False
209aab5184d892f83f2f6491b90f4867	15466	spontaneous-speech-pne-15466.mp3	29628	1501	Inouk nanouk kuk tong langit tenonu kuk?	Yeng pun nanouk. Adui nouk amik Ponan, ulouk Ponan, dalem langit tenonu ineh, menapok ireh, bungan ireh, [unclear] ineh dalem langit tenonu ineh. Tapik pun amik Ponan jah keluak itouk ineh, ulouk Ponan pun gaya pun adet neh keh. Yeng kale peh akouk mojam eh. Keh bagik kik.	1			Western Penan	train	7.627919535574456		True	0.2777777777777778	False			False
6daf5823a635cbefd29a368980768870	15603	spontaneous-speech-pne-15603.mp3	16020	1501	Inouk nanouk kuk tong langit tenonu kuk?	Owk, nanouk kik tong langit tenonu kik, ireh bakeh kik tai monak [um] jah ramey lah, manouk jah gaya jah adet monak akouk, dekuk ireh pongah mojam ineh langit tenonu kik. Tajak ireh manouk jah ramey monak akouk.	1			Western Penan	train	10.861423220973784		False	0.2932692307692307	False	3.877412454096715	0.3077399380804954	True
d010ca153b96a5ebfd09ba6a2e3e0cf4	16178	spontaneous-speech-pne-16178.mp3	16308	1501	Inouk nanouk kuk tong langit tenonu kuk?	Akouk barak ngan ireh bakeh kik, tolong miper akouk manouk adui. Tong langit bulan kek tenonu, [unclear] konak tog ulang taun ineh bi peh. 	1	teens	male_masculine	Western Penan	train	7.051753740495462		False	0.05147058823529416	False	4.158602313655286	0.5120743034055728	True
209c440297f7fce6c5e4fba0e913f9b8	16215	spontaneous-speech-pne-16215.mp3	11700	1501	Inouk nanouk kuk tong langit tenonu kuk?	Tong atah urip kik itouk, yeng pun.. Jian pun langit tenonu, yeng pun nanouk kik tong langit tenonu kik..	1			Western Penan	train	7.435897435897435		True	0.23529411764705888	False			False
75e882dda7e6942bcfa81c65ba9893a3	16351	spontaneous-speech-pne-16351.mp3	18504	1501	Inouk nanouk kuk tong langit tenonu kuk?	Yeng kerk pun teranak inouk nanouk kik,akouk musit dan kik tong bai,akouk musit kuman ngan ireh bakeh kik..dan kik tong lamin,pun kerk [um] ireh tinen tamen kik,memolek penguman ayuk amik kuman samak. 	1			Western Penan	train	9.133160397751835		False	0.20707070707070707	False	3.7035547940254423	0.2068111455108359	True
46b095ac5602bd3bfdf0cc670842c77c	16408	spontaneous-speech-pne-16408.mp3	17280	1501	Inouk nanouk kuk tong langit tenonu kuk?	Min ireh sebayang, min ireh popeng, min ireh pojah tong langit toluek [unclear] dukuk jiak urip oluek, jiak oluek mageh, meshigah oluek tong langit nenu[unclear]	1			Western Penan	train	7.92824074074074		False	0.2911392405063291	False	4.7375602421538625	0.7987616099071208	False
15c3189343ecfed295e773c9a86db318	17577	spontaneous-speech-pne-17577.mp3	16488	1501	Inouk nanouk kuk tong langit tenonu kuk?	Yeng pun yah naneuk kek tong langit kik tenonu dukuk kek yeng sukat maneuk ineuk-ineuk, dukuk kek yeng sukat alek kueh, alek keq keh, maneuk barang ineuk yah ayuk maneuk adet dalem langit tenonu kik.	1	twenties	female_feminine	Western Penan	train	10.007278020378456		False	0.3214285714285714	False	4.0327930986658975	0.4340557275541796	True
660efcc153b8f1b83f0e7b7293a6739d	17633	spontaneous-speech-pne-17633.mp3	15588	1501	Inouk nanouk kuk tong langit tenonu kuk?	Nanouk kik tong langit tenonu kik, sebayang, mani Tuan monak umon yah buat ngan kik, monak wat dalem use batung kik, monak akouk pengojam dalem urip kik, dan- ngan ingat Tuan dalem urip kik. Ineh tue. 	1	teens	female_feminine	Western Penan	train	10.58506543494996		False	0.2222222222222222	False	3.9503047592775618	0.3671826625386997	True
06e91360c689ccdb3c48e8c51aac7b8c	17679	spontaneous-speech-pne-17679.mp3	17820	1501	Inouk nanouk kuk tong langit tenonu kuk?	Nanouk kik tong langit tenonu kik..mukuk ngate,yeng pun inouk inouk adui. Sumak, mukuk, monyun..pogen tuwerk ..yeng inouk nouk..yeng kemotak pun inouk inouk ayuk ulouk manouk tong langit tenonu..	1	teens	female_feminine	Western Penan	train	9.427609427609427		False	0.30208333333333337	False	3.838287925148711	0.27987616099071205	True
d03d164e3a037c9462bb3b7801263813	17738	spontaneous-speech-pne-17738.mp3	24984	1501	Inouk nanouk kuk tong langit tenonu kuk?	Ulouk manouk ari jadi kei..ulouk manouk Hari Jadi keh piak lobuk..piak ulouk ponan neh Langit Tenonu nanouk ulouk [um] pinek adui ulouk, kuman, ulouk ramey,ulouk kle'terk,ulouk lagu..ulouk joget kerk..ulouk [um] posu posu kerk..	1	twenties	female_feminine	Western Penan	train	7.845020813320525		True	0.2844444444444445	False			False
a2632e7d8bbc0b5567334fd6bb68604f	17860	spontaneous-speech-pne-17860.mp3	16596	1501	Inouk nanouk kuk tong langit tenonu kuk?	Owk, yeng pun inouk nanouk kek dekuk kek yeng pun berajak. Sumak sebayang dan kek ingat langit kek tenonu. Sebayang barak ngan Tuhan, kalau kek pun penguman min anag kek kuman, min padik kik pojah. Ineh langit kik tong tenonu.	1	fifties	male_masculine	Western Penan	train	11.267775367558448		False	0.2017937219730942	False	4.226248343195976	0.5603715170278638	True
59015be0ab1203af375a4af4b86c43d5	18049	spontaneous-speech-pne-18049.mp3	14040	1501	Inouk nanouk kuk tong langit tenonu kuk?	Yeng pun ineuk-ineuk nanuek langit kik tong tenonu sumat akeuk mojam keh tuek bersyukur tuek akuek ngan tuan tong langit tenonu 	1			Western Penan	train	7.62108262108262		False	0.17600000000000005	False	4.635763114529784	0.7653250773993808	False
3a783f2ba60782823bab13f00d15057a	18314	spontaneous-speech-pne-18314.mp3	19908	1501	Inouk nanouk kuk tong langit tenonu kuk?	Yeng pun inouk nouk kik tong langit tenonu. Yah eh sukat nouk kik ineh, yan neh konak erei- dan yeng pun rigit yeng pun ineh sukat nanouk ulouk. Ulouk manouk erei- ulouk- ulouk sebayang, ulouk- ineh lah sebayang ngan Tuhan.	1			Western Penan	train	9.242515571629497		False	0.3090909090909091	False	3.3845785732596387	0.05077399380804953	True
209aab5184d892f83f2f6491b90f4867	15189	spontaneous-speech-pne-15189.mp3	19692	1582	Sik kelunan lagu koluk tan kah?	Inen neh kelunan eh koluk tan kik ineh, yah neh dalem lagu, yan neh musit piak ineh. Yah ineh koluk kik nat ineh, yah jiak lagu lakeik ineh. Lagu manouk bunga neh, manouk piak neh.	1			Western Penan	train	7.414178346536665		False	0.29378531073446323	False	3.5398572373170594	0.11145510835913312	True
6daf5823a635cbefd29a368980768870	15279	spontaneous-speech-pne-15279.mp3	15768	1582	Sik kelunan lagu koluk tan kah?	Jennie, Lisa, Jimin, V, Jungkook, [unclear] [um] Rora. Ineh tue- [unclear]	1			Western Penan	train	4.058853373921867		False	0.09859154929577463	False	4.140669196321814	0.503405572755418	True
916c4bf55dda885cb785b8e0342f30cb	15319	spontaneous-speech-pne-15319.mp3	18288	1582	Sik kelunan lagu koluk tan kah?	Akouk koluk nat [um] Ricky Andrewson,[um] akouk koluk nat Riky El,Andrewson Ngalai..akouk koluk nat [um] Angela,ineh..	1	fourties	male_masculine	Western Penan	train	5.632108486439195		False	0.33043478260869563	False	4.14527847186553	0.5077399380804953	True
15813ed995d0a8f107309df7f9afa0d0	15433	spontaneous-speech-pne-15433.mp3	16020	1582	Sik kelunan lagu koluk tan kah?	pinek kelunan yah lagu koluk tan amik,pinek peh ireh yah jian piak,pinek peh ireh yah jian gaya ireh dalem lagu,pengejian piak ireh dalem lagu	1	thirties	female_feminine	Western Penan	train	7.428214731585518		False	0.37410071942446044	False	3.6221787562797405	0.15541795665634675	True
209c440297f7fce6c5e4fba0e913f9b8	15884	spontaneous-speech-pne-15884.mp3	16488	1582	Sik kelunan lagu koluk tan kah?	Lagu yah paling koluek amik bengosak ponan dah nah ivan amik koluk Ricky Anderson keh	1			Western Penan	train	4.30616205725376		False	0.060975609756097615	False	6.047413148449826	0.9826625386996904	False
d010ca153b96a5ebfd09ba6a2e3e0cf4	15979	spontaneous-speech-pne-15979.mp3	16452	1582	Sik kelunan lagu koluk tan kah?	Kelunan yah lagu koluk tan kik yan neh ireh ponan metalun itei. Pun neh ngaran ne akeuk  yeng ingat tuek neh.	1	teens	male_masculine	Western Penan	train	5.348893751519571		False	0.06603773584905659	False	4.5172260372264095	0.7145510835913312	False
38d1cf1c53c7826866b3ae7a6495b32f	16011	spontaneous-speech-pne-16011.mp3	18288	1582	Sik kelunan lagu koluk tan kah?	Bagik akouk, yah mah mah kelunan lagu koluk kik bi neh nat. Sumak amai ugai lah, amik bet sangep tai lak- konak kunah lobuk, pentas? tai bawai itei, ayuk inak ireh lagu. Ineh yeng jian.	1	twenties	male_masculine	Western Penan	train	8.256780402449694		False	0.07692307692307687	False	4.635311973243575	0.7647058823529411	False
46b095ac5602bd3bfdf0cc670842c77c	16071	spontaneous-speech-pne-16071.mp3	17028	1582	Sik kelunan lagu koluk tan kah?	Pinek ireh lagu koluk tan amik. Ricky L, Andrewson Ngalai, [unclear], Rilang, [um] Jonny Aman, [unclear] neh belagu.	1			Western Penan	train	5.813953488372094		False	0.08849557522123896	False	4.236689106175163	0.5678018575851393	True
75e882dda7e6942bcfa81c65ba9893a3	16355	spontaneous-speech-pne-16355.mp3	14976	1582	Sik kelunan lagu koluk tan kah?	Kelunan lagu koluk tan kik yan neh Taylor Swift, [um] Sabrina Carpenter, Lana Del Rey, ireh kelunan lagu jin tuen lah.	1			Western Penan	train	6.543803418803418		False	0.08695652173913049	False	4.787580133780416	0.8247678018575851	False
660efcc153b8f1b83f0e7b7293a6739d	17505	spontaneous-speech-pne-17505.mp3	16308	1582	Sik kelunan lagu koluk tan kah?	Kelunan lagu koluk tan kik padik kik sedirik, lakeik kik sedirik, tamen kik sedirik, kelunan kik sedirik koluk tan kik lagu. Yeng akouk lalek koluk nat ireh jah, ireh lobuk lah. Pun- pun peh akouk koluk nat, pun.	1	teens	female_feminine	Western Penan	train	10.73092960510179		False	0.3875598086124402	False	3.2121645920629023	0.01609907120743034	True
06e91360c689ccdb3c48e8c51aac7b8c	17639	spontaneous-speech-pne-17639.mp3	17064	1582	Sik kelunan lagu koluk tan kah?	Pun ngaran kelunan koluk tan kik, ireh yah lagu ineh, jah akouk yeng mojam ngaran neh tue. Pinek kelunan yah mojam mojam lagu ineh, yeng akouk mojam.	1	teens	female_feminine	Western Penan	train	7.208157524613221		False	0.28767123287671237	False	3.126227353871359	0.006191950464396285	True
a2632e7d8bbc0b5567334fd6bb68604f	17791	spontaneous-speech-pne-17791.mp3	16740	1582	Sik kelunan lagu koluk tan kah?	Owk, bagik akouk yeng akouk mojam. Keh. Barak peh akouk batung yah koluk kik, monye' peh ireh. Semuah koluk kek menat, yah mah eh jian piak ngan kek, yah ineh koluk notit kek, yah ineh koluk tan kek.	1	fifties	male_masculine	Western Penan	train	9.677419354838708		False	0.2551020408163265	False	3.377897060891452	0.04767801857585139	True
d03d164e3a037c9462bb3b7801263813	17890	spontaneous-speech-pne-17890.mp3	18648	1582	Sik kelunan lagu koluk tan kah?	Emah-emah pun kelunan lagu, pun kelunan sagak, kelunan joget, yah koluk ulouk menat. Semuah neh koluk ulouk menat, semuah neh koluk ulouk uh mipet. Yeng jah- jah-jah ireh, pinek use ireh koluk tan ulouk.	1	twenties	female_feminine	Western Penan	train	9.116259116259116		False	0.32499999999999996	False	4.1014994398863625	0.4780185758513932	True
59015be0ab1203af375a4af4b86c43d5	17943	spontaneous-speech-pne-17943.mp3	14832	1582	Sik kelunan lagu koluk tan kah?	kelunan eh lobuk  koluk tan kik ineh,judika ka sik ka,dato siti,ireh ineh koluk kik ngeninik lagu du'kuk ireh ineh lobih jiak jin akouk	1			Western Penan	train	7.551240560949298		False	0.13636363636363635	False	4.489844159212753	0.7034055727554179	False
3a783f2ba60782823bab13f00d15057a	18295	spontaneous-speech-pne-18295.mp3	18432	1582	Sik kelunan lagu koluk tan kah?	Akouk koluk nat [um] koluk nat ireh manouk lagu Rohani, koluk akouk nat erei- ireh yah eh mojam- mojam lagu, mojam manouk piak jiak. Koluk akouk.	1			Western Penan	train	6.510416666666666		False	0.3098591549295775	False	3.6851773626078743	0.19504643962848298	True
15813ed995d0a8f107309df7f9afa0d0	15391	spontaneous-speech-pne-15391.mp3	17280	1592	Inouk lete’erk ireh anag tong inak kah?	le'terk ireh anag tong inak amik,mengase,moruk,pepauk,maot,modog,tun ireh dalem inak amik dalem ukuk amik,dalem lamin amik	1	thirties	female_feminine	Western Penan	train	6.25		False	0.19327731092436973	False	3.896835124110331	0.32321981424148605	True
6daf5823a635cbefd29a368980768870	15531	spontaneous-speech-pne-15531.mp3	15984	1592	Inouk lete’erk ireh anag tong inak kah?	Pinek leterk rah tong inak amik, tong uh ukuk amik. Maen keleterk manouk erei laker amik, pinek pinek neh leterk amik tong inak amik.	1			Western Penan	train	6.881881881881882		False	0.3153846153846154	False	3.986341746768731	0.39876160990712073	True
38d1cf1c53c7826866b3ae7a6495b32f	15723	spontaneous-speech-pne-15723.mp3	21348	1592	Inouk lete’erk ireh anag tong inak kah?	Masing masing lah leterk ireh. Pun yah tun jin kayouk, tun tong be'ek. Pun yah menanem, pun yah [unclear]. Pun yah [um] tai keleterk kek, [unclear] mongen malat kek, mongen penat keh. Masem masem lah leterk yah jiak. Yah paling jiak anah amik sau yah tun, yah tai menanem, tai [unclear] tong doteg.	1	twenties	male_masculine	Western Penan	train	11.523327712197863		False	0.31864406779661014	False	4.947131813180758	0.8674922600619195	False
d010ca153b96a5ebfd09ba6a2e3e0cf4	15866	spontaneous-speech-pne-15866.mp3	16596	1592	Inouk lete’erk ireh anag tong inak kah?	Letek ireh anak ngan amik sineh, yan ne keletek pepejok ayuk basika. Pepojek ayuk ineh kek, ayuk arouk kek. Ayuk betolu kek. Ineh. 	1	teens	male_masculine	Western Penan	train	6.507592190889371		False	0.125	False	5.138752562238074	0.9046439628482972	False
209c440297f7fce6c5e4fba0e913f9b8	16188	spontaneous-speech-pne-16188.mp3	14328	1592	Inouk lete’erk ireh anag tong inak kah?	Le'terk ireh anag tong inak amik,kle'terk kelanyat,pongah ineh..kle'terk sagak..kle'terk menyapik..ineh le'terk anag amik..	1			Western Penan	train	7.747068676716918		False	0.25	False	3.4736451327238376	0.07925696594427245	True
46b095ac5602bd3bfdf0cc670842c77c	16356	spontaneous-speech-pne-16356.mp3	15516	1592	Inouk lete’erk ireh anag tong inak kah?	Yeng pun torep ireh anag tong inak amik,jian ireh..torep ireh,yeng pun inouk manouk..yeng pun inouk rah..jiak ireh anag ineh,keh..	1			Western Penan	train	7.218355246197474		False	0.2913385826771654	False	3.5174693040718266	0.09845201238390093	True
75e882dda7e6942bcfa81c65ba9893a3	16597	spontaneous-speech-pne-16597.mp3	13752	1592	Inouk lete’erk ireh anag tong inak kah?	Lete'erk ireh anaq tong inak amik yan neh ireh tai memolah, yan ireh tai molik paken, yan ireh tai lak bek, yan ireh tai maneuk tuvu ireh tong lumak.	1			Western Penan	train	8.79872018615474		False	0.3082191780821918	False	3.858941929316852	0.29411764705882354	True
06e91360c689ccdb3c48e8c51aac7b8c	17295	spontaneous-speech-pne-17295.mp3	19404	1592	Inouk lete’erk ireh anag tong inak kah?	Ireh arag bi kelete'erk, mengase, main ungap, tai ngase-ngase tong jalan, tong inak amik tong ume'.	1	teens	female_feminine	Western Penan	train	4.329004329004329		False	0.10416666666666663	False	4.845354733218184	0.843343653250774	False
660efcc153b8f1b83f0e7b7293a6739d	17313	spontaneous-speech-pne-17313.mp3	15876	1592	Inouk lete’erk ireh anag tong inak kah?	Kle'terk ayuk gaban selapang,kle'terk ayuk gaban arok nouk topun amik sedirik,kle'terk ayuk [um] keloput,kle'terk ayuk polah,kle'terk sey siley..ineh tuwerk..	1	teens	female_feminine	Western Penan	train	8.818342151675486		False	0.3096774193548387	False	4.307432424993339	0.6099071207430341	False
15c3189343ecfed295e773c9a86db318	17473	spontaneous-speech-pne-17473.mp3	15408	1592	Inouk lete’erk ireh anag tong inak kah?	Lete'erk ireh anak, manouk sabung, tei moruk, moruk tong bek jau, manouk latup, manouk lopek, ineh tuek lete'erk amik. 	1	twenties	female_feminine	Western Penan	train	6.490134994807892		False	0.18965517241379315	False	4.495037325618867	0.7058823529411765	False
d03d164e3a037c9462bb3b7801263813	17725	spontaneous-speech-pne-17725.mp3	17712	1592	Inouk lete’erk ireh anag tong inak kah?	Pinek lete'erk ireh anag, pinek lete'erk berajan, lete'erk maen bon, maen takraw, maen [ah] bola tampar. Adui ireh anag tong inak amik.	1	twenties	female_feminine	Western Penan	train	6.436314363143632		False	0.24242424242424243	False	3.565151433601972	0.12941176470588237	True
59015be0ab1203af375a4af4b86c43d5	17730	spontaneous-speech-pne-17730.mp3	15444	1592	Inouk lete’erk ireh anag tong inak kah?	Anag tong lamin amik koluk keleterk- keleterk menganag, keleterk manouk penguman, masag-masag, pebakeh, [um] ngan tai keleterk tong lasan ; mengase kek, pepauk avik maen bon.	1			Western Penan	train	9.647759647759647		False	0.20467836257309946	False	4.811006814851583	0.8340557275541796	False
a2632e7d8bbc0b5567334fd6bb68604f	17830	spontaneous-speech-pne-17830.mp3	16380	1592	Inouk lete’erk ireh anag tong inak kah?	Owk pun neh le'terk ireh tong inak ulouk,le'terk ireh tai tong lasan,le'terk ireh tai tong padang, yah piak kik barak nik sajak koluk ireh anag,sajak keh adui, pemain ireh, le'terk ireh..sajak pun dalem inak rah, dalem lamin ulouk	1	fifties	male_masculine	Western Penan	train	11.782661782661783		False	0.31718061674008813	False	3.7859914154877745	0.248297213622291	True
3a783f2ba60782823bab13f00d15057a	18297	spontaneous-speech-pne-18297.mp3	18396	1592	Inouk lete’erk ireh anag tong inak kah?	Lete'erk neh yah konak ireh maneuk erei- maneuk sabung, yah konak ireh tai kelete'erk tong lasan, tong inak bek. Yah dekuk keh penganeuk ireh anak iteuk koluk.	1			Western Penan	train	7.229832572298325		False	0.2435897435897436	False	3.9017368723935233	0.32755417956656346	True
6daf5823a635cbefd29a368980768870	15432	spontaneous-speech-pne-15432.mp3	15804	1480	Inouk kek kutun jau pun tong daleh kah?	Yeng kale pun kutun jau tong daleh amik eh dai itouk. Mauk eh pun dah bik eh pun duman pengawu dak. Jam siran siran eh pun, eh musit. eh bagik eh itouk, yeng kale eh pun.	2			Western Penan	train	8.542141230068337		False	0.22754491017964074	False	5.188768241228683	0.9176470588235294	False
15813ed995d0a8f107309df7f9afa0d0	15469	spontaneous-speech-pne-15469.mp3	13500	1480	Inouk kek kutun jau pun tong daleh kah?	Kutun yah jau tong daleh amik, yeng pun. Dan tulan, ineh pun. Yan neh payau, ineh jau tong daleh amik.	2	thirties	female_feminine	Western Penan	train	6.148148148148148		False	0.2727272727272727	False	3.4094795936375357	0.05944272445820433	True
38d1cf1c53c7826866b3ae7a6495b32f	15749	spontaneous-speech-pne-15749.mp3	18576	1480	Inouk kek kutun jau pun tong daleh kah?	Yah peronah narak tinen, tamen, ukun, topun amik angan amik, yah paling jau tong daleh amik iteuk temonu, kelio ineh yah paling jau. Yah aung payau. Ineh yah paling jau. 	2	twenties	male_masculine	Western Penan	train	7.536606373815676		False	0.23952095808383234	False	5.15611875578797	0.9095975232198142	False
209c440297f7fce6c5e4fba0e913f9b8	15904	spontaneous-speech-pne-15904.mp3	16560	1480	Inouk kek kutun jau pun tong daleh kah?	Kutun jau yah tong tanak pun tong daleh amik ; payau. Kutun jau yah tong be'ek ; betolu yan neh kemotu.	2			Western Penan	train	5.012077294685991		False	0.20999999999999996	False	4.069801079142418	0.4563467492260062	True
46b095ac5602bd3bfdf0cc670842c77c	16096	spontaneous-speech-pne-16096.mp3	20520	1480	Inouk kek kutun jau pun tong daleh kah?	Yeng pun kutun jau. Kutun jau amik tengodu, kutun jau tong daleh iteuk buang. Buang, tengodu. 	2			Western Penan	train	3.801169590643275		False	0.20879120879120883	False	4.756724493429055	0.8099071207430341	False
d010ca153b96a5ebfd09ba6a2e3e0cf4	16228	spontaneous-speech-pne-16228.mp3	17064	1480	Inouk kek kutun jau pun tong daleh kah?	Kutun jau tong daleh amik yan ne, konak tok buang. Ineh lah kutun paling jau tong daleh amik, tong long wat. 	2	teens	male_masculine	Western Penan	train	5.157055789967182		False	0.21698113207547165	False	4.042657517539693	0.43839009287925695	True
75e882dda7e6942bcfa81c65ba9893a3	16376	spontaneous-speech-pne-16376.mp3	16524	1480	Inouk kek kutun jau pun tong daleh kah?	Yeng kerk akouk mojam pekirak eh kesineh,nak peh keh tong akouk..kutun jau yah pun tong daleh amik yan neh..yan neh buang,yan neh mabui..yan neh baleik gau,yah konak kunah..yah konak kunah ireh jau erey.	1			Western Penan	train	10.348583877995642		False	0.21499999999999997	False	4.245898074063139	0.573374613003096	True
660efcc153b8f1b83f0e7b7293a6739d	17467	spontaneous-speech-pne-17467.mp3	16920	1480	Inouk kek kutun jau pun tong daleh kah?	Yeng pun kutun jau tong daleh amik. Kutun yah jau narak ireh ineh, tong daleh lobuk, tong daleh jah, yeng pun tong daleh amik. Kutun yah jau tan kik, mabui lakin avik payau. 	2	teens	female_feminine	Western Penan	train	8.333333333333332		False	0.3450292397660819	False	3.450751070508918	0.06687306501547988	True
15c3189343ecfed295e773c9a86db318	17593	spontaneous-speech-pne-17593.mp3	13716	1480	Inouk kek kutun jau pun tong daleh kah?	Mabui,payau,telawu [um] munin,pelanok yah tong daleh amik..	1	twenties	female_feminine	Western Penan	train	3.864100320793234		False	0.0	False	5.372708077213516	0.9461300309597523	False
06e91360c689ccdb3c48e8c51aac7b8c	17663	spontaneous-speech-pne-17663.mp3	17172	1480	Inouk kek kutun jau pun tong daleh kah?	Dalem kojam kik yeng pun kutun yah jau dalem daleh amik. Dekuk akouk yeng pun peronah nat, yeng akouk mojam kutun inouk eh jau tong daleh amik itouk.	2	teens	female_feminine	Western Penan	train	7.104588865595154		False	0.26027397260273977	False	3.244917830478082	0.02043343653250774	True
d03d164e3a037c9462bb3b7801263813	17719	spontaneous-speech-pne-17719.mp3	19512	1480	Inouk kek kutun jau pun tong daleh kah?	Pinek kutun jau tong daleh amik, bengosak amik. [um] bengosak asen, bayah, buang. Pinek-pinek nan. Yeng mojam mateng ngaran neh, bengosak kutun jau tong daleh amik.	2	twenties	female_feminine	Western Penan	train	7.123821238212382		False	0.30434782608695654	False	3.873229094790607	0.30092879256965943	True
a2632e7d8bbc0b5567334fd6bb68604f	17799	spontaneous-speech-pne-17799.mp3	16416	1480	Inouk kek kutun jau pun tong daleh kah?	Owk, yeng pun kutun jau yah kojam tawu neh payau bagik yah melakau. Kutun jau bawai yah kujuk, dalem onyog kayouk. Pun kutun jau dalem rak be'ek, yah kemotu. Tapik jarang ireh pun tong tan ulouk.	2	fifties	male_masculine	Western Penan	train	9.746588693957117		False	0.18229166666666663	False	4.305138176881694	0.6086687306501548	False
59015be0ab1203af375a4af4b86c43d5	18036	spontaneous-speech-pne-18036.mp3	13212	1480	Inouk kek kutun jau pun tong daleh kah?	Kutun jau pong dong daleh kik, dalem irip kik itouk yah peronah [unclear] jah mabui, jah payau ineh. Yeng pun yah boken kalek tan kik konak kunah ireh sau. Yeng pun akouk kalek nat yah boken.	2			Western Penan	train	11.807447774750226		False	0.17553191489361697	False	4.029067466581466	0.43157894736842106	True
3a783f2ba60782823bab13f00d15057a	18239	spontaneous-speech-pne-18239.mp3	18036	1480	Inouk kek kutun jau pun tong daleh kah?	Kutun jau yan neh konak mabui yah neh konak payau ineh ne kutun jau eh tong daleh eh tong inak amik ituek neh yah eh lobih jineh yeng eh kalek pun keh ineh neh kutun jau mabui ineh payau ineh keh	2			Western Penan	train	8.593923264581946		False	0.35416666666666663	False	4.476474117615361	0.6953560371517028	False
15813ed995d0a8f107309df7f9afa0d0	15402	spontaneous-speech-pne-15402.mp3	15336	1516	Konak menat botek yah koluk kuk?	Boteg yah koluk tan kik boteg dalem bukui, boteg koluk kik boteg dalem malat, boteg koluk kik boteg dalem borat. Ineh boteg koluk kik, boteg nanouk ireh kelunan jau.	1	thirties	female_feminine	Western Penan	train	8.933229003651538		False	0.4320987654320988	False	3.61830600755792	0.15356037151702787	True
6daf5823a635cbefd29a368980768870	15408	spontaneous-speech-pne-15408.mp3	15624	1516	Konak menat botek yah koluk kuk?	botek bunga,botek [um] bilah,botek patong odok,botek salak,lake nouk tong beg koluk kik,yeng pun kolek	1			Western Penan	train	5.696364567332309		False	0.14141414141414144	False	5.388623795689174	0.9492260061919504	False
916c4bf55dda885cb785b8e0342f30cb	15505	spontaneous-speech-pne-15505.mp3	16740	1516	Konak menat botek yah koluk kuk?	Akouk koluk nat boteg marung, padeng, baler, pun peh [uh] kuning.	1	fourties	male_masculine	Western Penan	train	3.285543608124253		False	0.016129032258064502	False	5.007655958884264	0.8798761609907121	False
209c440297f7fce6c5e4fba0e913f9b8	15779	spontaneous-speech-pne-15779.mp3	13320	1516	Konak menat botek yah koluk kuk?	Akouk koluk nat boteg putik, [um] marung, bilep.	1			Western Penan	train	3.078078078078078		False	0.0	False	4.353736649550755	0.6359133126934985	False
d010ca153b96a5ebfd09ba6a2e3e0cf4	15842	spontaneous-speech-pne-15842.mp3	16488	1516	Konak menat botek yah koluk kuk?	 Botek koluek kik botek asen botek sawek avik botek ineuk botek betolu pinek-pinek nan botek koluek kik 	1	teens	male_masculine	Western Penan	train	5.215914604560893		False	0.36633663366336633	False	5.545006975301879	0.9628482972136223	False
46b095ac5602bd3bfdf0cc670842c77c	16077	spontaneous-speech-pne-16077.mp3	16596	1516	Konak menat botek yah koluk kuk?	Yeng pun konak boteg koluk kik. Boteg kalung, boteg nanouk ulouk sedirik. Ineh boteg jiak. Boteg, boteg kalung, boteg kelukeg, botah [unclear]. 	1			Western Penan	train	7.35116895637503		False	0.3049645390070922	False	4.173199359838331	0.5244582043343653	True
38d1cf1c53c7826866b3ae7a6495b32f	16095	spontaneous-speech-pne-16095.mp3	16848	1516	Konak menat botek yah koluk kuk?	Botek yah koluk kik,yeng pun lah bagik akouk..botek konak towk nouk topun.. ukun topun kik lah..yah sekudut sekudut ineh,odok odok ineh..ineh lah koluk lah akouk nat sebab neh malai tan kik..	1	twenties	male_masculine	Western Penan	train	9.556030389363723		False	0.21276595744680848	False	4.131910810155374	0.4934984520123839	True
75e882dda7e6942bcfa81c65ba9893a3	16316	spontaneous-speech-pne-16316.mp3	11268	1516	Konak menat botek yah koluk kuk?	akouk koluk menat botek,warna marung,putik,padeng,bale,ngan nyevalau	1			Western Penan	train	5.5910543130990416		True	0.0	False			False
06e91360c689ccdb3c48e8c51aac7b8c	17202	spontaneous-speech-pne-17202.mp3	17604	1516	Konak menat botek yah koluk kuk?	Pinek botek yah koluk kik..pinek lah..pinek pinek nan botek yah jian,yah nouk amik ponan..	1	teens	female_feminine	Western Penan	train	4.37400590774824		False	0.2183908045977011	False	3.8210241156441183	0.2674922600619195	True
660efcc153b8f1b83f0e7b7293a6739d	17354	spontaneous-speech-pne-17354.mp3	16056	1516	Konak menat botek yah koluk kuk?	botek yah koluk kik,botek [um] botek maten manok keh piak amik,botek  [um] penganen keh piak amik,botek ineh koluk tan kik,yeng pun yah boken	1	teens	female_feminine	Western Penan	train	7.349277528649726		False	0.30434782608695654	False	3.731845991969493	0.221671826625387	True
a2632e7d8bbc0b5567334fd6bb68604f	17834	spontaneous-speech-pne-17834.mp3	16956	1516	Konak menat botek yah koluk kuk?	Owk, pun ngaran boteg nouk ireh mauk mojam manouk. Boteg naga, boteg belongang. Yah sebarang, yah sukat tem tong lamin ulouk tong tapi ulouk ineh. Yah sukat notem, ineh ulouk nat dalem lamin ulouk jian. Keh. 	1	fifties	male_masculine	Western Penan	train	10.143901863647088		False	0.2195121951219512	False	3.9437780934841933	0.3609907120743034	True
59015be0ab1203af375a4af4b86c43d5	17910	spontaneous-speech-pne-17910.mp3	13824	1516	Konak menat botek yah koluk kuk?	Botek yah koluk kik,akouk koluk menat botek..bagik akouk pun lah yah manouk salak,manouk [um] bag, manouk bukui..akouk koluk menat botek bunga..	1			Western Penan	train	8.969907407407408		False	0.3049645390070922	False	3.625992319798112	0.15603715170278637	True
d03d164e3a037c9462bb3b7801263813	17924	spontaneous-speech-pne-17924.mp3	14004	1516	Konak menat botek yah koluk kuk?	Boteg penganen, boteg ah pinek pinek boteg eh koluk tan ulouk. Pinek boteg yah koluk ninak ulouk ader neh, gaban neh.	1	twenties	female_feminine	Western Penan	train	6.926592402170809		False	0.23684210526315785	False	4.699624571299999	0.785139318885449	False
3a783f2ba60782823bab13f00d15057a	18169	spontaneous-speech-pne-18169.mp3	18576	1516	Konak menat botek yah koluk kuk?	Boteg yah koluk kik, akouk koluk boteg [um] akouk koluk boteg [um] bunga, koluk akouk bunga. Awu ineh, koluk akouk pakouk. Koluk akouk boteg, boteg yah [um] konak logap ineh bi. Koluk akouk.	1			Western Penan	train	8.505598621877692		False	0.4812834224598931	True			False
15813ed995d0a8f107309df7f9afa0d0	15216	spontaneous-speech-pne-15216.mp3	11916	1542	Pun kauk motit sapik?	Yeng akouk mojam motit sapik,dan ireh topun keik,dan ireh kelunan keik,yeng mojam ireh motit sapik..akouk yeng akouk mojam motit sapik	1	thirties	female_feminine	Western Penan	train	9.650889560255118		True	0.4427480916030534	False			False
209aab5184d892f83f2f6491b90f4867	15231	spontaneous-speech-pne-15231.mp3	18288	1542	Pun kauk motit sapik?	Owk, jiak lan tit sapik kelunan itam ineh anag, bakeh itam ineh. Ateg koluk ulouk ninik dauk tit sapik nanouk neh, konak dauk sapik nouk Balan Nyaring dauk. [unclear] 	1			Western Penan	train	7.545931758530184		False	0.18902439024390238	False	5.329241663345547	0.9343653250773993	False
6daf5823a635cbefd29a368980768870	15579	spontaneous-speech-pne-15579.mp3	15588	1542	Pun kauk motit sapik?	Owk, yeng akouk mojam motit sapik. Dan neh tamen kik, ireh topun kik erei mojam ireh motit sapik ineh. Konak konak peh dauk sapik ineh ; mojam ireh mauk, mojam ireh ale'erk eh dekuk ireh pongah ber- pongah petonak, dekuk ireh pongah pebarak.	1			Western Penan	train	12.766230433666925		False	0.32352941176470584	False	3.8789520304391605	0.3089783281733746	True
d010ca153b96a5ebfd09ba6a2e3e0cf4	16024	spontaneous-speech-pne-16024.mp3	16092	1542	Pun kauk motit sapik?	Yeng akouk mojam motit sapik da ineh jak,larui anag akouk..abuh akouk mojam dak, bik awu..bik ineh akouk mojam tenonak ireh topun keik,ngan ireh kelunan keik.	1	teens	male_masculine	Western Penan	train	8.327119065374099		False	0.22580645161290325	False	3.672974132235951	0.1851393188854489	True
209c440297f7fce6c5e4fba0e913f9b8	16072	spontaneous-speech-pne-16072.mp3	9108	1542	Pun kauk motit sapik?	Yeng pun akouk motit sapik,tamen kik,motit sapik..	1			Western Penan	train	4.830917874396135		True	0.17021276595744683	False			False
38d1cf1c53c7826866b3ae7a6495b32f	16270	spontaneous-speech-pne-16270.mp3	15660	1542	Pun kauk motit sapik?	Pun akouk motit sapik, yah nutouk kok nik erei keh ineh ..motit sapik pun lah, tapik dauk neh yeng jiak konak dauk arah ineh..motit ngan rah pun, tai petonak ngan rah,pun..ineh, pongah pun akouk tai motit tapik dauk neh yeng jiak..	1	twenties	male_masculine	Western Penan	train	12.196679438058748		False	0.32894736842105265	False	4.296954844295547	0.604953560371517	False
46b095ac5602bd3bfdf0cc670842c77c	16398	spontaneous-speech-pne-16398.mp3	18180	1542	Pun kauk motit sapik?	yeng akouk kalek motit sapik,yeng akouk mojam motit sapik,walaupun akouk ponan,yeng kalek akouk motit,yeng kalek akouk mongen sapik..keh,yeng sapik.. yeng akouk mojam mongen sapik	1			Western Penan	train	8.58085808580858		False	0.5284090909090908	True			False
75e882dda7e6942bcfa81c65ba9893a3	16529	spontaneous-speech-pne-16529.mp3	13176	1542	Pun kauk motit sapik?	Amai amai ayuk kik motit sapik peh dak, sapik peh yeng kalek nongen kek. Inouk peh juk motit sapik, juk lalek peh juk motit sapik ineh lah. Keh.	1			Western Penan	train	8.879781420765028		False	0.3262411347517731	False	4.282064012925173	0.5975232198142415	True
660efcc153b8f1b83f0e7b7293a6739d	17210	spontaneous-speech-pne-17210.mp3	16488	1542	Pun kauk motit sapik?	Yeng akouk mojam motit sapik,pun peh ireh topun kik yah mojam motit sapik..kalau ikut konep,sajak pun konep kik juk motit sapik..dawai dawai tuerk ulouk manouk eh,avik ulouk mojam.	1	teens	female_feminine	Western Penan	train	9.279475982532752		False	0.29378531073446323	False	3.3788588555106065	0.04891640866873065	True
06e91360c689ccdb3c48e8c51aac7b8c	17385	spontaneous-speech-pne-17385.mp3	18396	1542	Pun kauk motit sapik?	Yeng akuek pernah moteik sapek alek apit akuek yeng mojam moteik sapek memang sajak kik yeng koluek moteik sapek dukuk kik yeng mojam 	1	teens	female_feminine	Western Penan	train	6.033920417482061		False	0.36641221374045807	False	4.889331091225181	0.8526315789473684	False
15c3189343ecfed295e773c9a86db318	17565	spontaneous-speech-pne-17565.mp3	16596	1542	Pun kauk motit sapik?	Dan neh akouk yeng akouk mojam motit sapik. Amai motit sa- amai motit sapik akouk pun, akouk sagak peh yeng pun dekuk kek yeng mojam sagak. Nak keh dan kek berajan ngan ukun topun kik, bik pun eh nale'erk kek jah duah sineh.	1	twenties	female_feminine	Western Penan	train	10.966497951313569		False	0.25339366515837103	False	3.811524109123853	0.26191950464396285	True
d03d164e3a037c9462bb3b7801263813	17638	spontaneous-speech-pne-17638.mp3	19980	1542	Pun kauk motit sapik?	Owk..yeng akeuk mojam motit sape'..tapi'k pun kivan kik,pun topun kik,mojam eh motit sape'..akeuk yeng lah..yeng akeuk mojam motit sape'ineh..Kivan kik pun , topun kik pun..mojam eh motit dauwk sape'..	1	twenties	female_feminine	Western Penan	train	8.65865865865866		False	0.4494949494949495	False	3.753662083934811	0.23529411764705882	True
59015be0ab1203af375a4af4b86c43d5	17831	spontaneous-speech-pne-17831.mp3	19476	1542	Pun kauk motit sapik?	Akouk yeng motit sapik, gitar peh akouk yeng motit, inouk inouk peh akouk yeng motit. Akouk yeng motit drum kah inouk inouk, menari ka inouk. Akouk yeng mojam. Tapik yah motit sapik itouk sau dan ukun topun kik itouk, sapik neh avik sagak. Dauk sapik neh akouk yeng mojam.	1			Western Penan	train	11.501334976381187		False	0.46468401486988853	False	3.95900941254152	0.3752321981424149	True
a2632e7d8bbc0b5567334fd6bb68604f	18000	spontaneous-speech-pne-18000.mp3	17100	1542	Pun kauk motit sapik?	Pun akouk motit- owk, pun akouk motit sapik. Keh, dalem itouk.	1	fifties	male_masculine	Western Penan	train	3.04093567251462		False	0.18644067796610164	False	3.7497860967376937	0.23157894736842105	True
3a783f2ba60782823bab13f00d15057a	18068	spontaneous-speech-pne-18068.mp3	17028	1542	Pun kauk motit sapik?	Yeng. Akouk yeng motit sapik. tapik, pun ireh tamen ataupun ireh viik kik,pun ireh mojam motit sapik [um] main sapik ineh [um] Keh.	1			Western Penan	train	6.401221517500588		False	0.2265625	False	3.1345956221815814	0.00804953560371517	True
916c4bf55dda885cb785b8e0342f30cb	15174	spontaneous-speech-pne-15174.mp3	17748	1512	Amak kerapip inouk yah lalek kebosau tong daleh kah?	Amik modai amak [um] penyakit ikep, penyakit miket, penyakit [um] likut, mager ulun ngan mager aten.	1			Western Penan	train	4.7892720306513406		False	0.22680412371134018	False	9.027652511867004	1.0	False
209aab5184d892f83f2f6491b90f4867	15335	spontaneous-speech-pne-15335.mp3	36144	1512	Amak kerapip inouk yah lalek kebosau tong daleh kah?	Amak penyakit yah..lalek kebosau amik,tong daleh amik itouk..yan neh sakit buri,yan neh,dam..yan neh,kuvang..ineh..nak pun peh covid ineh,daleh lak bai etey ayuk neh..daleh penyakit yah kunah kik ineh eh kobosau amik tong daleh amik itouk..sakit buri,vit,podam,ineh..	1			Western Penan	train	6.446436476316955		True	0.31439393939393945	False			False
6daf5823a635cbefd29a368980768870	15344	spontaneous-speech-pne-15344.mp3	15804	1512	Amak kerapip inouk yah lalek kebosau tong daleh kah?	Owk, amik tajak bosau ireh eh amak bayu. Ineh eh amak kerapit amik. Amak ireh Pelu' kek, ireh bak ujuk kek, ineh kerapit amik. Konak ulouk dan ulouk tong ume' ubat ume' ireh lekoton.	1			Western Penan	train	9.427992913186534		False	0.26256983240223464	False	4.969100391999634	0.8730650154798761	False
15813ed995d0a8f107309df7f9afa0d0	15620	spontaneous-speech-pne-15620.mp3	12636	1512	Amak kerapip inouk yah lalek kebosau tong daleh kah?	Yeng akouk mojam amak yah ineh. Mukin pun eh ngan ireh sau, akouk yeng mojam. Eh tong ate kek pengawu itouk, yeng eh pun.	1	thirties	female_feminine	Western Penan	train	7.755618866729977		False	0.11864406779661019	False	3.7001311158497723	0.20495356037151702	True
209c440297f7fce6c5e4fba0e913f9b8	16184	spontaneous-speech-pne-16184.mp3	12960	1512	Amak kerapip inouk yah lalek kebosau tong daleh kah?	Amak yah lalek kebosau amik, atah urip tinen amik sau, topun amik sau ; dam nyamog.	1			Western Penan	train	5.246913580246913		False	0.125	False	4.942403045403746	0.865015479876161	False
d010ca153b96a5ebfd09ba6a2e3e0cf4	16220	spontaneous-speech-pne-16220.mp3	16704	1512	Amak kerapip inouk yah lalek kebosau tong daleh kah?	Ineh amak kerona ineh, avik amak sakit ulun, sakit buri. Avik amik melutek, vat, manik. 	1	teens	male_masculine	Western Penan	train	4.370210727969348		False	0.11764705882352944	False	7.0723434171337765	0.9950464396284829	False
38d1cf1c53c7826866b3ae7a6495b32f	16245	spontaneous-speech-pne-16245.mp3	16776	1512	Amak kerapip inouk yah lalek kebosau tong daleh kah?	Dan sau erei, podam yah periyet lah. Ineh yah paling- podam- podam nyamog. Yah ngan amik. Ineh lah lalek kebosau amik tong daleh amik. Sebab daleh amik itouk yah ineh tue la kirak penyakit tuai jin jah.	1	twenties	male_masculine	Western Penan	train	9.89508822126848		False	0.18090452261306533	False	4.24237247219217	0.5715170278637771	True
46b095ac5602bd3bfdf0cc670842c77c	16269	spontaneous-speech-pne-16269.mp3	17676	1512	Amak kerapip inouk yah lalek kebosau tong daleh kah?	Amak sat, amak belanen, amak sogit, amak [unclear], amak masem ineh. Ineh amak kebosau amik tong daleh.	1			Western Penan	train	4.921928038017651		False	0.18000000000000005	False	4.15878315294922	0.513312693498452	True
75e882dda7e6942bcfa81c65ba9893a3	16588	spontaneous-speech-pne-16588.mp3	12312	1512	Amak kerapip inouk yah lalek kebosau tong daleh kah?	Amak kerapit yah lalek kebosau amik tong daleh amik yan neh covid, yan neh amak dam, yan neh amak laok. Ineh yah lalek kebosau amik tong daleh amik, dai ineh.	1			Western Penan	train	10.4775828460039		False	0.4	False	3.6614637449947636	0.17647058823529413	True
06e91360c689ccdb3c48e8c51aac7b8c	17482	spontaneous-speech-pne-17482.mp3	17136	1512	Amak kerapip inouk yah lalek kebosau tong daleh kah?	Pinek yah amak amak yah yeng kojam amik..avik amik yeng mojam inouk bi yah amak amak yah manouk amik itouk bi..yeng amik mojam..	1	teens	female_feminine	Western Penan	train	6.185807656395892		False	0.376	False	3.703737214133781	0.20743034055727555	True
660efcc153b8f1b83f0e7b7293a6739d	17546	spontaneous-speech-pne-17546.mp3	16308	1512	Amak kerapip inouk yah lalek kebosau tong daleh kah?	Amak yah lalek kebosau tong daleh amik, konak amak sakit buri, amak [ah] miket, kuvang. Ineh tue amak yah kebosau, yah koleg amik dalem daleh amik, tanak amik.	1	teens	female_feminine	Western Penan	train	8.094186902133922		False	0.2435897435897436	False	4.179295149942765	0.5318885448916408	True
59015be0ab1203af375a4af4b86c43d5	17801	spontaneous-speech-pne-17801.mp3	18972	1512	Amak kerapip inouk yah lalek kebosau tong daleh kah?	Yeng pun amak kerapit yah,amak kerapit yah lalek kodai amik sau, yah kodai amik dong duman itouk erey..jah itouk yah peronah keninik keik jin umon urip kik, jah korona yah manouk ireh, lobuk sat..jah ineh tuerk kodai kik..	1			Western Penan	train	9.751212312882142		False	0.228310502283105	False	4.745128258070069	0.804953560371517	False
d03d164e3a037c9462bb3b7801263813	17908	spontaneous-speech-pne-17908.mp3	17964	1512	Amak kerapip inouk yah lalek kebosau tong daleh kah?	pinek yah kodai ulouk dalem kerapit,dalem amak ineh, bengosak bengosak neh,nan nan neh,yan neh COVID19 erei, kovid puluk pian keh piak ulouk ponan ,ineh bengosak amak yah kodai ulouk	1	twenties	female_feminine	Western Penan	train	8.572700957470497		False	0.2849162011173184	False	4.225755388885952	0.5585139318885449	True
a2632e7d8bbc0b5567334fd6bb68604f	18054	spontaneous-speech-pne-18054.mp3	16776	1512	Amak kerapip inouk yah lalek kebosau tong daleh kah?	Owk, amak yah sakit buri amak dam, ineh sakit ulun, ineh yah kebosau tong daleh ulouk. Dekuk ulouk juk jin ubat, ulouk juk jin klinik. Ineh yah amak sat dalem daleh ulouk. [noise] Keh.	1	fifties	male_masculine	Western Penan	train	9.000953743443015		False	0.2817679558011049	False	4.254048628660291	0.5801857585139318	True
3a783f2ba60782823bab13f00d15057a	18185	spontaneous-speech-pne-18185.mp3	15912	1512	Amak kerapip inouk yah lalek kebosau tong daleh kah?	Amak kerapip ineh, yan neh konak ireh modai, yan konak ireh sakit lauk- penyakit lauk. Sat ineh. Mauk ireh modai mau ireh mamak gonin ineh, yeng ineh jiak. Yeng ineh koluk ulouk ineh.	1			Western Penan	train	9.489693313222723		False	0.30000000000000004	False	4.657480576273982	0.773374613003096	False
15813ed995d0a8f107309df7f9afa0d0	15198	spontaneous-speech-pne-15198.mp3	15516	1550	Kurek kokat liwet kok ayuk pon?	Sik mojam, sik mengituk eh. Nak kurek kalik peh mongen pon dalem kurek liwet, bareng akouk mojam. Dalem jah langit, kurek kalik mongen. Pun akouk mojam, pun akouk mojap eh.	1	thirties	female_feminine	Western Penan	train	9.216292858984277		False	0.29585798816568043	False	5.237051672240798	0.9244582043343653	False
6daf5823a635cbefd29a368980768870	15323	spontaneous-speech-pne-15323.mp3	15552	1550	Kurek kokat liwet kok ayuk pon?	Owk..yeng pun konak kokat liwet kik ayuk pon,kan akouk yeng pun pon..itouk peh pon  eh ngan itouk,pon ireh padik eh nin,ayuk kik itouk..yeng pun pon kik,pon kik nani ireh sabai,nani ireh lakeik padik kik..mani pon kik..	1			Western Penan	train	11.766975308641976		False	0.31481481481481477	False	4.285124452402508	0.6	True
209aab5184d892f83f2f6491b90f4867	15345	spontaneous-speech-pne-15345.mp3	21168	1550	Kurek kokat liwet kok ayuk pon?	Owk, yeng tajak pogeng. Konak tog akouk itouk, dan pun taget ngan kik, yeng putung putung langit akouk motit eh, putung langit akouk bukak eh. Dei- eh ireh, yeng akouk mojam. Ater neh akouk, pogeng akouk bukak akik. Jah akouk yeng mojam [unclear].	1			Western Penan	train	9.68442932728647		False	0.32377049180327866	False	4.047780168916359	0.44272445820433437	True
916c4bf55dda885cb785b8e0342f30cb	15648	spontaneous-speech-pne-15648.mp3	10368	1550	Kurek kokat liwet kok ayuk pon?	Akouk ayuk pon, siget siget langit. Yeng pun teranak, yeng pun akouk mojam kirak kurek liwet akouk pakey jah langit ineh.	1	fourties	male_masculine	Western Penan	train	9.741512345679013		True	0.1694915254237288	False			False
209c440297f7fce6c5e4fba0e913f9b8	15809	spontaneous-speech-pne-15809.mp3	12780	1550	Kurek kokat liwet kok ayuk pon?	Yeng tuah sukat [um] pekirak liwet ayuk pon,avik kure'rk liwet tuerk neh..	1			Western Penan	train	4.929577464788732		False	0.07042253521126762	False	4.324022258288928	0.6179566563467492	False
46b095ac5602bd3bfdf0cc670842c77c	16125	spontaneous-speech-pne-16125.mp3	16596	1550	Kurek kokat liwet kok ayuk pon?	Reng keik pun pon, reng keik pun ayuk barang lobuk, dalem duman itouk, dalem blelek itouk.	1			Western Penan	train	4.519161243673175		False	0.22988505747126442	False	4.175042804567568	0.5287925696594428	True
d010ca153b96a5ebfd09ba6a2e3e0cf4	16247	spontaneous-speech-pne-16247.mp3	16236	1550	Kurek kokat liwet kok ayuk pon?	Yeng akouk barak menimah,sajak jin sau akouk ayuk pon..jin duman monen..yah lobih monen jin ineh..avik duman itouk	1	teens	male_masculine	Western Penan	train	6.035969450603597		False	0.12612612612612617	False	4.62962033418052	0.7634674922600619	False
38d1cf1c53c7826866b3ae7a6495b32f	16360	spontaneous-speech-pne-16360.mp3	16596	1550	Kurek kokat liwet kok ayuk pon?	Sumak dan kik padui akouk yeng pakey pon. Kalau kek mukuk, akouk ayuk pon. Pabila pun ireh pon akouk, tobai akouk ; akouk mongen pon. Memang lah ineh pakey kik putung langit. Siget langit, siget jem, siget saat, memang akouk pakey barang konak tog pon.	1	twenties	male_masculine	Western Penan	train	12.533140515786936		False	0.2449799196787149	False	4.733964510351023	0.7956656346749226	False
75e882dda7e6942bcfa81c65ba9893a3	16437	spontaneous-speech-pne-16437.mp3	21852	1550	Kurek kokat liwet kok ayuk pon?	Pun akeuk sukat barak eh,kurerk kokat liwet neh..nak pe keh,sukat akeuk barak lalek pogeng akeuk ayuk pon,ayuk kik jiak menat berita..ayuk kik jiak menat [um] konak menat taterk kelunan tong daleh kelunan..	1			Western Penan	train	8.008420281896393		True	0.2512315270935961	False			False
06e91360c689ccdb3c48e8c51aac7b8c	17351	spontaneous-speech-pne-17351.mp3	18792	1550	Kurek kokat liwet kok ayuk pon?	Pinek liwet keik ayuk pon..Yeng pun mau mau ayuk,du'kuk petaget juk ayuk pon..ayuk menat menat,inouk seritak,inouk kerk gaban gaban sineh.	1	teens	female_feminine	Western Penan	train	6.33248190719455		False	0.19999999999999996	False	4.462047219533406	0.6873065015479877	False
660efcc153b8f1b83f0e7b7293a6739d	17372	spontaneous-speech-pne-17372.mp3	16416	1550	Kurek kokat liwet kok ayuk pon?	Yeng pun lalek liwet kek, kokat liwet kek ayuk. Dan kek pun kek masa kik ayuk, ayuk kik. Dan neh yeng, nak kik ngan anag kik, nak kik ngan lakeik kik, atau peh nopeik sineh tue.	1	teens	female_feminine	Western Penan	train	8.650097465886939		False	0.27586206896551724	False	4.666154101369753	0.7764705882352941	False
15c3189343ecfed295e773c9a86db318	17502	spontaneous-speech-pne-17502.mp3	15228	1550	Kurek kokat liwet kok ayuk pon?	Yeng akouk mojam kurek kokat liwet kek ayuk pon jah langit. Ayuk kek pani, ayuk kek wasap. Yeng akouk mojap langit, mojap liwet kik ayuk pon. Yeng akouk mengingat.	1	twenties	female_feminine	Western Penan	train	8.865248226950355		False	0.3375	False	4.091027457343858	0.4712074303405573	True
59015be0ab1203af375a4af4b86c43d5	17726	spontaneous-speech-pne-17726.mp3	17784	1550	Kurek kokat liwet kok ayuk pon?	Yeng sukat nojap korek kokat liwet akouk ayuk pon,umon kik da itouk pongah duah puluk..akouk kalau mutouk pogeng ayuk pon atau yeng,baruk lah..akouk yeng akouk pogeng ayuk pon pu'kuk akouk pogeng bavah..yeng bi keh ingat ngan pon..masa luang tuerk ayuk pon..	1			Western Penan	train	12.25820962663068		False	0.2941176470588235	False	4.788329992011882	0.8253869969040247	False
d03d164e3a037c9462bb3b7801263813	17758	spontaneous-speech-pne-17758.mp3	21528	1550	Kurek kokat liwet kok ayuk pon?	Yeng pun konak kokat kalik uleuk ayuk, kokat liwet uleuk ayuk eh. Ineh kek masa uleuk ayuk, ineh. [um] maok anaq uleuk yeng monak yeng iboh, anaq uleuk eh pakey, anaq uleuk eh ayuk eh. Ineh kek liwet, ineh kek kokat kalik uleuk ayuk eh ineh. Keh ineh. 	1	twenties	female_feminine	Western Penan	train	9.476031215161653		False	0.4819277108433735	True			False
a2632e7d8bbc0b5567334fd6bb68604f	17821	spontaneous-speech-pne-17821.mp3	16560	1550	Kurek kokat liwet kok ayuk pon?	owk..inouk kuk mutouk dan mauk pun,sajak neh ayuk ulouk setiap jem,sajak neh nongen sajak neh ayuk ulouk,ulouk jaga m'dey pun piak,m'dey pun bikak,m'dey pun inouk ngan pinek kelunan ulouk juk jin ulouk,yah du'kuk ulouk ayuk	1	fifties	male_masculine	Western Penan	train	11.413043478260873		False	0.32727272727272727	False	4.151925881192539	0.5095975232198142	True
a2632e7d8bbc0b5567334fd6bb68604f	17821	spontaneous-speech-pne-17821.mp3	16560	1550	Kurek kokat liwet kok ayuk pon?	Owk, inouk kok mutouk. Dan neh maok pun, sajak neh ayuk ulouk setiap jem sajak neh nongen sajak neh ayuk ulouk. Ulouk jaga medei pun piak, medei pun bikak, medei pun inouk, pinek kelunan ulouk juk jin ulouk, yah dekuk ulouk ayuk.	1	fifties	male_masculine	Western Penan	train	11.35265700483092		False	0.33628318584070793	False	4.023490266249625	0.4284829721362229	True
3a783f2ba60782823bab13f00d15057a	18133	spontaneous-speech-pne-18133.mp3	17028	1550	Kurek kokat liwet kok ayuk pon?	Dai, amai barak ineh..akouk, akouk itouk koluk pakey pon..jiak jiak peh pukon kurek pukon kurek,akouk itouk pogeng pogeng pakey pon,yeng kirak kurek kalik,tapi akouk..pon neh pogeng tong ujuk kik, jadi akouk pogeng ayuk pon lah	1			Western Penan	train	11.33427296217994		False	0.3080357142857143	False	4.5504240935602684	0.7306501547987616	False
209aab5184d892f83f2f6491b90f4867	15437	spontaneous-speech-pne-15437.mp3	19152	1522	Konak penganouk kelunan udi tong daleh kah?	bareng pun lobih neh guak gaya ireh udi, [noise]	1			Western Penan	train	2.088554720133668	transcription-length	False	0.0	False	4.80623169950594	0.8309597523219814	False
6daf5823a635cbefd29a368980768870	15609	spontaneous-speech-pne-15609.mp3	15480	1522	Konak penganouk kelunan udi tong daleh kah?	Umk..penganouk ireh tai undi tong daleh amik,yah kojam kik yan neh ireh tai [um] manouk ujuk ireh padeng,nasek ireh tong [um] inouk ngaran neh..yeng akouk mojam ngaran neh..yah ayuk mosok ujuk ireh erey..tai monat,padeng ujuk ereh..keh penganouk ireh undi tong inak amik..	1			Western Penan	train	14.92248062015504		False	0.33457249070631967	False	3.857042132825063	0.29287925696594425	True
15813ed995d0a8f107309df7f9afa0d0	15665	spontaneous-speech-pne-15665.mp3	12276	1522	Konak penganouk kelunan udi tong daleh kah?	Yeng pun kejian penganuk keluan udi tong daleh sat ngelaken yeng ireh jian pinek ireh usit pinek ireh ngelaken 	1	thirties	female_feminine	Western Penan	train	7.494297816878462		False	0.2129629629629629	False	4.872860396177114	0.8507739938080495	False
916c4bf55dda885cb785b8e0342f30cb	15735	spontaneous-speech-pne-15735.mp3	12636	1522	Konak penganouk kelunan udi tong daleh kah?	Udi tong daleh amik [um] ineh yah mongen amik- pengojau yah mongen amik m, yah jiak ineh amik [um] mengundi. 	1	fourties	male_masculine	Western Penan	train	7.043368154479265		False	0.2924528301886793	False	4.483223058270104	0.6978328173374613	False
d010ca153b96a5ebfd09ba6a2e3e0cf4	16240	spontaneous-speech-pne-16240.mp3	16956	1522	Konak penganouk kelunan udi tong daleh kah?	Amik yan neh amik ayuk sangep ayuk pun belirak nonak ireh ngan amik ayuk amik sokong, ayuk amik nyukung eh. Supaya neh lobih bawai jin kokat yah-	1	teens	male_masculine	Western Penan	train	7.018164661476764		False	0.176056338028169	False	5.412484396003242	0.9504643962848297	False
38d1cf1c53c7826866b3ae7a6495b32f	16249	spontaneous-speech-pne-16249.mp3	16200	1522	Konak penganouk kelunan udi tong daleh kah?	undi lah..mengorek,keh,mengorek bup ,keh penganouk undi tong daleh amik.samak tong daleh kah bi..samak tong daleh lobuk bai bi..keh bi keh undi tong daleh amik,yeng pun gaya amik petikern,samak..	1	twenties	male_masculine	Western Penan	train	10.37037037037037		False	0.30729166666666663	False	4.779793562058612	0.81671826625387	False
46b095ac5602bd3bfdf0cc670842c77c	16304	spontaneous-speech-pne-16304.mp3	18180	1522	Konak penganouk kelunan udi tong daleh kah?	Kelunan udi, kelunan min amik tong daleh amik- penganouk kelunan ineh min amik jian. Dekuk amik jiak petobang ngan lobuk, petobang ngan kelunan. 	1			Western Penan	train	6.710671067106711		False	0.3098591549295775	False	3.6107653112410727	0.15108359133126936	True
209c440297f7fce6c5e4fba0e913f9b8	16381	spontaneous-speech-pne-16381.mp3	13896	1522	Konak penganouk kelunan udi tong daleh kah?	Penganouk kelunan undi tong daleh amik,mauk ngaran,sik yah pun ngaran,yah pun mendaftar keh piak ireh,yah ineh sukat tai..	1			Western Penan	train	7.556131260794473		False	0.10084033613445376	False	4.451463878981448	0.6792569659442724	False
75e882dda7e6942bcfa81c65ba9893a3	16512	spontaneous-speech-pne-16512.mp3	14076	1522	Konak penganouk kelunan udi tong daleh kah?	Ireh menat sik kelunan yah sukat monak pengejian tong daleh amik. Jin keh amik- amik amik udi kelunan jau yah kevilik amik.	1			Western Penan	train	7.246376811594202		False	0.18333333333333335	False	3.558110724443944	0.12321981424148606	True
06e91360c689ccdb3c48e8c51aac7b8c	17245	spontaneous-speech-pne-17245.mp3	13428	1522	Konak penganouk kelunan udi tong daleh kah?	Jiak tue penganouk amik udi. Yeng pun inouk manouk, jiak tue.	1	teens	female_feminine	Western Penan	train	3.798033958891868		False	0.13793103448275867	False	3.741783932075089	0.22786377708978328	True
660efcc153b8f1b83f0e7b7293a6739d	17343	spontaneous-speech-pne-17343.mp3	15948	1522	Konak penganouk kelunan udi tong daleh kah?	amik undi yeng amik [um]  sebarang undi,undi yah dalem konep yah,sukat keninah amik tuwerk,yah jiak kenirak amik tuwerk..ineh tuwerk yah kenudi amik tong daleh amik,ineh tuwerk..	1	teens	female_feminine	Western Penan	train	9.530975670930523		False	0.28	False	3.968058446646311	0.3826625386996904	True
15c3189343ecfed295e773c9a86db318	17463	spontaneous-speech-pne-17463.mp3	15696	1522	Konak penganouk kelunan udi tong daleh kah?	[um] larui- larui ireh yeng pun kale' tong daleh amik, tong inak amik. Yeng mojam siran siran ireh juk udi, siran ireh juk tuai avik tong daleh tong ume' amik. 	1	twenties	female_feminine	Western Penan	train	8.28236493374108		False	0.2866242038216561	False	3.886566145225218	0.3157894736842105	True
a2632e7d8bbc0b5567334fd6bb68604f	17796	spontaneous-speech-pne-17796.mp3	16416	1522	Konak penganouk kelunan udi tong daleh kah?	"Owk..penganouk ireh pakey kelunan yah pongah ""register"" tong undi, ineh tuwerk..lan peh batung amik pinek, yeng pun amik gak tong undi bin neh..dalem daleh amik..ineh neh jah pengurang dalem daleh amik.. "	1	fifties	male_masculine	Western Penan	train	10.53849902534113		False	0.17412935323383083	False	3.826942105692744	0.26996904024767804	True
59015be0ab1203af375a4af4b86c43d5	17867	spontaneous-speech-pne-17867.mp3	14724	1522	Konak penganouk kelunan udi tong daleh kah?	Ireh udi [unclear][unclear][unclear] ayuk ujuk amik itouk nanouk ireh padeng ayuk neh manouk kapeh tong bup. Yeng pun roti neh.	1			Western Penan	train	7.334963325183374		False	0.20967741935483875	False	3.154376373808628	0.009907120743034056	True
d03d164e3a037c9462bb3b7801263813	17962	spontaneous-speech-pne-17962.mp3	23148	1522	Konak penganouk kelunan udi tong daleh kah?	Konak konak peh penganouk ulouk yah bi neh,gaya ulouk manouk yah bi,gaya ulouk [um] mengundi yah bi neh..tong bengosak kah,konak ineh keh tong bengosak amik,konak ineh keh tong inak amik..yeng pun ude neh,samak ineh kerk gaya ulouk manouk ,samak ineh gaya ulouk [um] mengundi eh,keh.	1	twenties	female_feminine	Western Penan	train	10.324866079142907		True	0.4535714285714286	False			False
3a783f2ba60782823bab13f00d15057a	18095	spontaneous-speech-pne-18095.mp3	18900	1522	Konak penganouk kelunan udi tong daleh kah?	Konak penganouk ireh tong daleh jah peh, keh bi kek penganouk amik udi. Somah amik erei mukuk tong jah inak, ineh amik tai maseg awu ineh, udi. Sik koluk amik sik juk erei juk kirak amik sukat, ineh nale' amik.	1			Western Penan	train	9.047619047619047		False	0.24154589371980673	False	4.278407005356329	0.595046439628483	True
15813ed995d0a8f107309df7f9afa0d0	15234	spontaneous-speech-pne-15234.mp3	10116	1477	Kok barak tulan yah tan kuk pengawu itouk?	Tulan yah tan kek pengawu itouk ; asen, munin, modog.	1	thirties	female_feminine	Western Penan	train	4.349545274812179		True	0.020000000000000018	False			False
209aab5184d892f83f2f6491b90f4867	15312	spontaneous-speech-pne-15312.mp3	21852	1477	Kok barak tulan yah tan kuk pengawu itouk?	Yeng pun tulan tan kik pengawu, kojam kik. Dekuk kik yeng melakau dalem urip itouk ineh. Tulan inouk eh-  yah yeng pun yah kojam kik tulan yah pun yah pengawu.	1			Western Penan	train	5.903349807797913		True	0.27564102564102566	False			False
6daf5823a635cbefd29a368980768870	15616	spontaneous-speech-pne-15616.mp3	16164	1477	Kok barak tulan yah tan kuk pengawu itouk?	Eh tan kik, modog, kuyat, mabui, payau, kelavet, kelavet jokau. Pinek eh tan kik eh pengawu itouk ineh.	1			Western Penan	train	5.320465231378371		False	0.14	False	5.103170205058844	0.8947368421052632	False
209c440297f7fce6c5e4fba0e913f9b8	15832	spontaneous-speech-pne-15832.mp3	12096	1477	Kok barak tulan yah tan kuk pengawu itouk?	Tulan yah tan kik pengawu ituek [um] belawing umek bungan ayuk ireh bungan	1			Western Penan	train	5.125661375661376		False	0.05633802816901412	False	4.803622521936548	0.8303405572755418	False
d010ca153b96a5ebfd09ba6a2e3e0cf4	15845	spontaneous-speech-pne-15845.mp3	16776	1477	Kok barak tulan yah tan kuk pengawu itouk?	Yeng pun tulan eh tan kik pengawu itouk. Paling pun lah tulan sau sau tue, yah eh tari'ik tong tanak itouk tue eh tan kik avik piak langit itouk.	2	teens	male_masculine	Western Penan	train	6.9742489270386265		False	0.22535211267605637	False	4.2987170858795585	0.6068111455108359	False
38d1cf1c53c7826866b3ae7a6495b32f	16291	spontaneous-speech-pne-16291.mp3	16380	1477	Kok barak tulan yah tan kuk pengawu itouk?	Tulan yah tan kik pengawu itouk,sau yeng pun akouk nat..yah tan kik pengawu itouk yah neh tulan ayuk kik pani itouk. solap akouk nat tv,solap akouk nat..de'kuk amik ponan yeng pun barang konak itouk sau.Langit piak itouk amik nat..Reng amik menart yan neh itouk..Ineh yah solap tan kik.	1	twenties	male_masculine	Western Penan	train	14.590964590964592		False	0.36749116607773846	False	3.9486130361879526	0.36470588235294116	True
46b095ac5602bd3bfdf0cc670842c77c	16443	spontaneous-speech-pne-16443.mp3	11556	1477	Kok barak tulan yah tan kuk pengawu itouk?	Tulan tavik pengawu ituek yah neh  kapen nah akuek nat bilun ineh tan kik pengawu ituek. 	1			Western Penan	train	6.230529595015576		True	0.17441860465116277	False			False
75e882dda7e6942bcfa81c65ba9893a3	16571	spontaneous-speech-pne-16571.mp3	18108	1477	Kok barak tulan yah tan kuk pengawu itouk?	Tulan yah tan kek pengawu itouk yan neh asouk. Asouk yah jagak lamin amik, yah menat yah. Yah- yah um mengojuk amik jin- ngojuk amik jin kesat- yak sat.	2			Western Penan	train	6.847802076430307		False	0.18791946308724827	False	4.9906772519044535	0.8767801857585139	False
06e91360c689ccdb3c48e8c51aac7b8c	17211	spontaneous-speech-pne-17211.mp3	15264	1477	Kok barak tulan yah tan kuk pengawu itouk?	Yeng. akouk mojam tulan inouk yah..yah pengawu itouk..yeng akouk mojam. barak eh. Tulan inouk yah pengawu itouk.	1	teens	female_feminine	Western Penan	train	6.289308176100628		False	0.3302752293577982	False	3.3181481383132123	0.030340557275541795	True
660efcc153b8f1b83f0e7b7293a6739d	17646	spontaneous-speech-pne-17646.mp3	16056	1477	Kok barak tulan yah tan kuk pengawu itouk?	Tulan eh tan kik pengawu itouk, bayah. Tan kik- owk bayah. Sau yeng akouk nat. Pengawu itouk akouk nat eh lah, modai. Koluk akouk nat, modai peh akouk dan danik.	1	teens	female_feminine	Western Penan	train	8.221225710014947		False	0.2784810126582279	False	4.771420833771676	0.8142414860681114	False
59015be0ab1203af375a4af4b86c43d5	17724	spontaneous-speech-pne-17724.mp3	17100	1477	Kok barak tulan yah tan kuk pengawu itouk?	Tulan yah tan kik pengawu itouk lak urip kik itouk akuek rasa yeng kalek akouk peh nat yah pengawu dalem duman kik pogah kurek deh itouk,duah puluk lebih. Akouk rasa yeng pun tulan yah tan pengawu kecuali munin, besan, modok, kuyat, ineh pengawu bagik akouk.	1			Western Penan	train	12.514619883040934		False	0.2549019607843137	False	4.750135558172638	0.8068111455108359	False
d03d164e3a037c9462bb3b7801263813	17955	spontaneous-speech-pne-17955.mp3	15300	1477	Kok barak tulan yah tan kuk pengawu itouk?	Bilun, kerita, pinek yah pengau. Bas, van, pinek luri, pinek pengosak yah ineh. Pengou-pengou. Pengosak yah mareng-mareng. Kalik iteuk. 	1	twenties	female_feminine	Western Penan	train	7.647058823529411		False	0.2556390977443609	False	5.271775797495401	0.9281733746130031	False
3a783f2ba60782823bab13f00d15057a	18071	spontaneous-speech-pne-18071.mp3	19692	1477	Kok barak tulan yah tan kuk pengawu itouk?	Yah tan kik pengawu itouk, [um] konak ulouk pakey pon..konak ulouk pakey laptop,jadi ineh mengajan akouk ayuk kik jadi..ayuk kik sukat manouk inouk inouk [um] ineh tolong akouk lah.	1			Western Penan	train	7.769652650822669		False	0.2528089887640449	False	3.471383325113504	0.07801857585139318	True
a2632e7d8bbc0b5567334fd6bb68604f	18135	spontaneous-speech-pne-18135.mp3	16128	1477	Kok barak tulan yah tan kuk pengawu itouk?	Owk, pun lah tuan kik pengawu itouk dalem urip kik, dalem kojam kik ; Tuhan Yesus, Tuhan Allah. Ineh yah ayuk amik, ineh yah pekurip, ineh yah min jalan. Keh.	1	fifties	male_masculine	Western Penan	train	7.998511904761905		False	0.16774193548387095	False	3.8140139920741336	0.2643962848297214	True
15813ed995d0a8f107309df7f9afa0d0	15297	spontaneous-speech-pne-15297.mp3	16776	1517	Barak nan penguman yah jian ngan monak wat?	Penguman yah manouk jian ngan monak wat ; penguman ulouk kuman kanen, ulouk kuman kaan, ulouk kuman tangoh. Ineh penguman jiak, monak wat, monak use ulouk, dalem batung ulouk.	1	thirties	female_feminine	Western Penan	train	8.762517882689556		False	0.33720930232558144	False	3.7565876991763103	0.23777089783281732	True
6daf5823a635cbefd29a368980768870	15572	spontaneous-speech-pne-15572.mp3	16380	1517	Barak nan penguman yah jian ngan monak wat?	Owk, yeng eh konak nat penguman. Penguman tangoh kek, bue' bodung kek, bue' sikui, bue' ketinun, abin beloti'ik, avung yah reng penole'- tong neh penolet, tong neh nale ulouk jin inan, jin onyog neh. Yeng ineh sihat. 	1			Western Penan	train	10.989010989010987		False	0.16822429906542058	False	5.929648762902614	0.9801857585139319	False
6daf5823a635cbefd29a368980768870	15572	spontaneous-speech-pne-15572.mp3	16380	1517	Barak nan penguman yah jian ngan monak wat?	Owk..yeng eh konak nat,penguman.Penguman tangoh kerk,buerk bodung kerk,buerk sikui,buerk ketinun,abin belotik,avung yah reng penolek,tong neh penolek,tong neh nalek jin inan,jin onyok neh ..yeng ineh,sehat.	1			Western Penan	train	11.172161172161172		False	0.20197044334975367	False	5.943998632724714	0.9820433436532507	False
209aab5184d892f83f2f6491b90f4867	15599	spontaneous-speech-pne-15599.mp3	18288	1517	Barak nan penguman yah jian ngan monak wat?	Mojam yah jiak yah ayuk ulouk manouk. Bareng eh pun pengojam boken. Yeng berajan, Yeng belateh, yeng- yeng [um] yeng berajan. Yah ineh [unclear]	1			Western Penan	train	6.616360454943132		False	0.17021276595744683	False	3.4741216906608323	0.07987616099071207	True
209c440297f7fce6c5e4fba0e913f9b8	16078	spontaneous-speech-pne-16078.mp3	13788	1517	Barak nan penguman yah jian ngan monak wat?	Penguman yah paling jiak ngan amik Ponan jin sau, amik kuman nawu. Ineh manouk amik muat.	1			Western Penan	train	5.366985784740354		False	0.09302325581395354	False	3.8521931857872405	0.2897832817337461	True
d010ca153b96a5ebfd09ba6a2e3e0cf4	16122	spontaneous-speech-pne-16122.mp3	17748	1517	Barak nan penguman yah jian ngan monak wat?	Yan neh..konak towk..tangoh abek ineh,balak ineh,jiak ineh..manouk ulouk pun wat neh..abin..berk mosak..	1	teens	male_masculine	Western Penan	train	5.240027045300879		False	0.13861386138613863	False	4.781538998679367	0.8185758513931889	False
38d1cf1c53c7826866b3ae7a6495b32f	16264	spontaneous-speech-pne-16264.mp3	16416	1517	Barak nan penguman yah jian ngan monak wat?	Monak jian ngan monak wat lah yan neh..penguman pong,penguman yah pun [um] inouk ngaran neh,manouk wat neh,konak towk yah kanen,konak towk yah nawu,konak towk yah ujau,konak towk yah tangoh.. ineh yah monak wat ngan ulouk,jah penguman ulouk..	1	twenties	male_masculine	Western Penan	train	12.548732943469783		False	0.38075313807531386	False	3.8783704486461117	0.30835913312693497	True
46b095ac5602bd3bfdf0cc670842c77c	16289	spontaneous-speech-pne-16289.mp3	20556	1517	Barak nan penguman yah jian ngan monak wat?	[noise] Penguman monak uwat yah jian, yan neh uvut, yan neh lokaq, yan neh talang, yan neh segolah, yan neh betolu. Yan neh penguman jian.	1			Western Penan	train	5.545826036193811		False	0.28888888888888886	False	4.028303433023106	0.43034055727554177	True
75e882dda7e6942bcfa81c65ba9893a3	16546	spontaneous-speech-pne-16546.mp3	16740	1517	Barak nan penguman yah jian ngan monak wat?	Nan pukuman yah jian monak wat tong akuek yan neh urok yan neh buek ineuk buek balak urek san alim 	1			Western Penan	train	4.719235364396655		False	0.11458333333333337	False	6.864241883873429	0.9938080495356038	False
660efcc153b8f1b83f0e7b7293a6739d	17218	spontaneous-speech-pne-17218.mp3	16488	1517	Barak nan penguman yah jian ngan monak wat?	Amik yeng milik penguman. Tapik semuah penguman yah dalem daleh, dalem tanak amik, semuah neh jiak, semuah neh monak wat dalem use batung amik. Konak uvut, konak segolah, konak tangoh, konak uveik, betolu. 	1	teens	female_feminine	Western Penan	train	10.492479378942262		False	0.270935960591133	False	3.900846848463847	0.3263157894736842	True
06e91360c689ccdb3c48e8c51aac7b8c	17617	spontaneous-speech-pne-17617.mp3	15876	1517	Barak nan penguman yah jian ngan monak wat?	Penguman yah jian, otoq kanen, ineuk kek ujau-ujau yah monah uwat ngan amik. Pinek nan nen penguman yah monak uwat ngan amik iteuk.	1	teens	female_feminine	Western Penan	train	6.865709246661628		False	0.21875	False	4.783252297682333	0.8198142414860681	False
59015be0ab1203af375a4af4b86c43d5	17793	spontaneous-speech-pne-17793.mp3	17388	1517	Barak nan penguman yah jian ngan monak wat?	Yeng pun penguman yah jian ngan monak wat bagik akouk,bagik akouk dalem umerk kik, yah ngejian yah monak wat kik selain neh bujau,adalah tangoh pakewk,kakong..ineh yah monak wat kik ngan kejian dalem batung dalem sin kik	1			Western Penan	train	10.639521509086723		False	0.2626728110599078	False	4.339931541689986	0.628482972136223	False
d03d164e3a037c9462bb3b7801263813	17874	spontaneous-speech-pne-17874.mp3	18648	1517	Barak nan penguman yah jian ngan monak wat?	Kanen, kupi, nau, be'nyuk ulouk- [um] penguman mi, kupi, kola ineh penguman yah manouk ulouk jian. Monak ulouk wat neh, tong batung ulouk, tong use ulouk. 	1	twenties	female_feminine	Western Penan	train	6.917631917631918		False	0.23026315789473684	False	4.504738874815695	0.7095975232198143	False
a2632e7d8bbc0b5567334fd6bb68604f	18184	spontaneous-speech-pne-18184.mp3	15840	1517	Barak nan penguman yah jian ngan monak wat?	pun,pun yah jian,monak wat dan ulouk kuman,amai sep berk matek,ineh sat..amai kuman pebareng,ineh sat..kuman nawu,kuman penguman,sep berk pane,ineh ulouk murip ,ineh ulouk jian,ineh ulouk muat,ineh adui..	1	fifties	male_masculine	Western Penan	train	11.30050505050505		False	0.3084577114427861	False	4.317809578083553	0.6130030959752322	False
3a783f2ba60782823bab13f00d15057a	18311	spontaneous-speech-pne-18311.mp3	16920	1517	Barak nan penguman yah jian ngan monak wat?	Penguman jiak yah monak wat yah konak erei- yah konak kanen, konak uveik, konak inouk-inouk yah sukat nouk ulouk, sukat kinan ulouk. Sukat erei ayuk ulouk ale'erk wat ale'erk gang ulouk. Kueh, inouk. Keh.	1			Western Penan	train	10.106382978723405		False	0.3233830845771144	False	4.072216888253496	0.4569659442724458	True
6daf5823a635cbefd29a368980768870	15372	spontaneous-speech-pne-15372.mp3	15912	1586	Inouk tosog tong radio koluk keninik kah?	Koluk ninek seritak alkitab ngeninek ireh barak urip ireh sau keh akuek yeng pun yah boken, koluk ngeninek urip ireh sau	1			Western Penan	train	6.28456510809452		False	0.23931623931623935	False	4.3979964549407216	0.6575851393188854	False
209aab5184d892f83f2f6491b90f4867	15608	spontaneous-speech-pne-15608.mp3	17316	1586	Inouk tosog tong radio koluk keninik kah?	Tosog tong radio ineh, pinek usit. Yah ireh bi barak penyamon, usit. Yeng pun tosog lan, tosog pong. Yeng ulouk koluk ngeninik, usit jah keluak. yeng eh lan.	1			Western Penan	train	7.507507507507508		False	0.1298701298701299	False	4.537472971096712	0.7226006191950465	False
15813ed995d0a8f107309df7f9afa0d0	15661	spontaneous-speech-pne-15661.mp3	17928	1586	Inouk tosog tong radio koluk keninik kah?	Suket ireh lobuk sau. Pun suket nanouk ireh tong radio, ineh koluk keninik kik. Nanouk ireh sau, suket- seritak ireh sau, tosog ireh sau. Tong radio, ineh koluk keninik.	1	thirties	female_feminine	Western Penan	train	7.864792503346719		False	0.3614457831325302	False	3.662666020739142	0.17894736842105263	True
38d1cf1c53c7826866b3ae7a6495b32f	15699	spontaneous-speech-pne-15699.mp3	16848	1586	Inouk tosog tong radio koluk keninik kah?	Berita yah jian, tosog yah jian, rongah jian, arak yah jian ; ineh koluk amik ngeninik tong berita, tong radio. Ineh tue, konak tog tosog tosog yah jian lah, arak yah jian. Ineh koluk amik, yah boken boken ineh amik yeng koluk.	1			Western Penan	train	11.03988603988604		False	0.3928571428571429	False	3.6600413087144426	0.17461300309597524	True
d010ca153b96a5ebfd09ba6a2e3e0cf4	15746	spontaneous-speech-pne-15746.mp3	16488	1586	Inouk tosog tong radio koluk keninik kah?	Serintak Naruto serintak power ranger serintak ultramen bin yah jiak-jiak lah	1			Western Penan	train	4.063561377971858		False	0.17567567567567566	False	8.011444235507224	0.9987616099071207	False
209c440297f7fce6c5e4fba0e913f9b8	15860	spontaneous-speech-pne-15860.mp3	14796	1586	Inouk tosog tong radio koluk keninik kah?	tosog tong radio,yah koluk amik..barak liwang urip,barak liwang adui..barak liwang..ayuk ulouk sukat botik.	1			Western Penan	train	6.420654230873208		False	0.20192307692307687	False	3.831975646265235	0.2761609907120743	True
46b095ac5602bd3bfdf0cc670842c77c	16009	spontaneous-speech-pne-16009.mp3	20160	1586	Inouk tosog tong radio koluk keninik kah?	Koluk ngeninik tosog, koluk ngeninik piak tong rikod. Yeng amik igeik, koluk amik. Yah ukuk amik jiak mojam tosog, mojam piak.	1			Western Penan	train	5.257936507936508		False	0.29268292682926833	False	4.0524803599066015	0.4458204334365325	True
75e882dda7e6942bcfa81c65ba9893a3	16471	spontaneous-speech-pne-16471.mp3	14148	1586	Inouk tosog tong radio koluk keninik kah?	Dan ...dan kik anag sau...bik ineh akouk lalek pogeng ninik radio,dan ineh lah bareng akouk ngeninik radio, yeng nat..yeng ngeninik tosog jin pon akouk lah..keh..	1			Western Penan	train	9.754028837998304		False	0.23270440251572322	False	4.362524756375762	0.6402476780185758	False
06e91360c689ccdb3c48e8c51aac7b8c	17425	spontaneous-speech-pne-17425.mp3	18648	1586	Inouk tosog tong radio koluk keninik kah?	Dan ne akeuk, ye pun akeuk koluk ngeninik tosoq tong audio ineh duk kik yeng mojam ngan kik yeng koluk ngeninik tosoq tong yah konak ineh.	1	teens	female_feminine	Western Penan	train	6.05963105963106		False	0.274074074074074	False	3.8765509483081506	0.30712074303405573	True
660efcc153b8f1b83f0e7b7293a6739d	17576	spontaneous-speech-pne-17576.mp3	16128	1586	Inouk tosog tong radio koluk keninik kah?	Owk, dan tosog radio ineh ireh tosog tosog [um] piak, adui, piak eh- konak tog langit terk, konak tog eh tagak. Ineh koluk keninik kik. 	1	teens	female_feminine	Western Penan	train	6.882440476190476		False	0.15037593984962405	False	3.887476682415551	0.31640866873065016	True
d03d164e3a037c9462bb3b7801263813	17784	spontaneous-speech-pne-17784.mp3	25056	1586	Inouk tosog tong radio koluk keninik kah?	pinek tosog tosog ireh tong radio koluk ulouk ngeninik,barak seritak,barak arak kelunan lobuk jin bai ineh,tong [um] bengosak ulouk,tong inak ulouk,ineh koluk ulouk ngeninik ineh koluk ulouk mojam eh ayuk ulouk koluk motit,ayuk ulouk koluk manouk eh	1	twenties	female_feminine	Western Penan	train	8.50095785440613		True	0.3577235772357723	False			False
a2632e7d8bbc0b5567334fd6bb68604f	17966	spontaneous-speech-pne-17966.mp3	16488	1586	Inouk tosog tong radio koluk keninik kah?	Owk dan pun berita dan pun inouk yah nanouk, yah nonak ireh, koluk ulouk ngeninik, ninik piak ireh barak seritak inouk seritak inouk, koluk mojam ngeninik, mojam rongah daleh jin juk. Karna ulouk pojuk daleh jin ulouk.	1	fifties	male_masculine	Western Penan	train	11.03833090732654		False	0.3302325581395349	False	3.8612721715743703	0.29473684210526313	True
59015be0ab1203af375a4af4b86c43d5	18024	spontaneous-speech-pne-18024.mp3	12384	1586	Inouk tosog tong radio koluk keninik kah?	Yeng akouk kalek mojam inouk inouk, dekuk akouk peh yeng kalek pun radio. Yeng akouk pun radio, yeng akouk peronah nat radio ngan ninik dauk radio dalem urip kik. Yah avik langit itouk.	1			Western Penan	train	12.354651162790695		False	0.2637362637362637	False	3.9327513679731076	0.35170278637770896	True
3a783f2ba60782823bab13f00d15057a	18260	spontaneous-speech-pne-18260.mp3	15912	1586	Inouk tosog tong radio koluk keninik kah?	Koluk akouk ngelinik tosok ireh, tosok-tosok ungap. Dukuk ineuk, akouk koluk ngelinik tuek. Yeng akouk koluk ngan ungap. Akouk ngelinik eh keh tuek. Ouk keh ne nek. Keh seritak ne nek. Keh tatek ne nek. 	1			Western Penan	train	10.558069381598791		False	0.38	False	5.385738127627499	0.9486068111455108	False
15813ed995d0a8f107309df7f9afa0d0	15333	spontaneous-speech-pne-15333.mp3	12276	1536	Inouk pemain yah koluk nanouk kuk?	Pemain yah koluk nanouk kik ; petareg, sagak. Ineh pemain koluk kik, yah boken yeng akouk koluk.	1	thirties	female_feminine	Western Penan	train	6.516780710329098		False	0.18279569892473113	False	3.856453024182762	0.29226006191950465	True
6daf5823a635cbefd29a368980768870	15360	spontaneous-speech-pne-15360.mp3	15984	1536	Inouk pemain yah koluk nanouk kuk?	Owk, akouk ; bola tampar, badminton, [um] bola baling, bola jaring, [um] bola beracun, baling kaki. Ineh tue koluk kik. [Um] mengase, lompat jauh, lompat tinggi.	1			Western Penan	train	8.508508508508509		False	0.18354430379746833	False	5.934071802790117	0.9808049535603716	False
916c4bf55dda885cb785b8e0342f30cb	15365	spontaneous-speech-pne-15365.mp3	13716	1536	Inouk pemain yah koluk nanouk kuk?	Main yah keluk kik, main bon, main takrau, main badminton, main main [um] peperang aroq, peperang kerita. 	1	fourties	male_masculine	Western Penan	train	6.488772236803732		False	0.2524271844660194	False	5.499967085459275	0.9591331269349845	False
209aab5184d892f83f2f6491b90f4867	15630	spontaneous-speech-pne-15630.mp3	18216	1536	Inouk pemain yah koluk nanouk kuk?	Pemain yah nanouk kik dalem duman sau, danak sau. Petayuk, mengase, peporang arok. Inen pemain nok amik iteuk sau. Pun pengau iteuk, kojah ke pemain ireh. 	1			Western Penan	train	7.081686429512516		False	0.13157894736842102	False	5.1038319310602605	0.8953560371517028	False
d010ca153b96a5ebfd09ba6a2e3e0cf4	15858	spontaneous-speech-pne-15858.mp3	15804	1536	Inouk pemain yah koluk nanouk kuk?	Pinek pemain yah koluk kik, pemain main bon,pemain badminton,semua pemain yah tong olahraga , semua neh koluk kik..keh..	1	teens	male_masculine	Western Penan	train	6.517337382941028		False	0.27350427350427353	False	4.494016824992325	0.7052631578947368	False
38d1cf1c53c7826866b3ae7a6495b32f	16047	spontaneous-speech-pne-16047.mp3	20808	1536	Inouk pemain yah koluk nanouk kuk?	Pemain, yeng pun yah koluk nanouk kik. Tapi menat ireh Kalau pun ireh main, kalau pun ireh main inouk lah, talan talan main lah, ulouk kek menat. Yah bagik akouk lah dan main main mah peh, yeng akouk mojam manouk. Bukan akouk yeng koluk, akouk yeng mojam manouk, berarti nah akouk yeng koluk lah. 	1	twenties	male_masculine	Western Penan	train	11.678200692041523		False	0.3843537414965986	False	3.880701824603399	0.3108359133126935	True
46b095ac5602bd3bfdf0cc670842c77c	16404	spontaneous-speech-pne-16404.mp3	20448	1536	Inouk pemain yah koluk nanouk kuk?	Yeng pun yah leterk, yeng pun yah lonyat koluk kik. Sumak akouk koluk leterk main bon, keleterk main ungap, [unclear] kase- mengase. 	1			Western Penan	train	5.428403755868544		False	0.2153846153846154	False	3.8197648806205895	0.26687306501547986	True
75e882dda7e6942bcfa81c65ba9893a3	16480	spontaneous-speech-pne-16480.mp3	14508	1536	Inouk pemain yah koluk nanouk kuk?	Pemain yah koluk nanouk kek, yan neh maen bon, yan neh maen chess- chess, yan neh maen bola baling. Ineh.	1			Western Penan	train	5.927763992280121		False	0.28431372549019607	False	3.3471800498701736	0.04086687306501548	True
209c440297f7fce6c5e4fba0e913f9b8	16481	spontaneous-speech-pne-16481.mp3	15696	1536	Inouk pemain yah koluk nanouk kuk?	pemain yah koluk nouk kik,main takraw,main bon,main kle'terk..kelanyat,main sagak,main ngan ireh..	1			Western Penan	train	5.606523955147808		False	0.1578947368421053	False	4.256992224470144	0.58328173374613	True
660efcc153b8f1b83f0e7b7293a6739d	17498	spontaneous-speech-pne-17498.mp3	16416	1536	Inouk pemain yah koluk nanouk kuk?	Maen yah koluk nouk kik, maen leterk ponat taliek, leterk pinek pinek lah yeng pun yah koleg kik. Koluk bi peh akouk moput, koluk bi peh akouk mengase ayuk baja.	1	teens	female_feminine	Western Penan	train	8.04093567251462		False	0.259493670886076	False	4.54258344481243	0.7269349845201238	False
15c3189343ecfed295e773c9a86db318	17535	spontaneous-speech-pne-17535.mp3	10980	1536	Inouk pemain yah koluk nanouk kuk?	Pemain yah koluk kik, lagu, sagak, [um] joget. Ineh yah pemain koluk-	1	twenties	female_feminine	Western Penan	train	5.2823315118397085		True	0.12121212121212122	False			False
06e91360c689ccdb3c48e8c51aac7b8c	17690	spontaneous-speech-pne-17690.mp3	16920	1536	Inouk pemain yah koluk nanouk kuk?	akouk,pinek pemain yah koluk kik,pun yah eh ateg  koluk,nanouk kik ..konak towk main main bon konak ineh bi..ineh yah koluk nanouk kik.	1	teens	female_feminine	Western Penan	train	6.678486997635933		False	0.25757575757575757	False	3.498721232340746	0.0891640866873065	True
a2632e7d8bbc0b5567334fd6bb68604f	17727	spontaneous-speech-pne-17727.mp3	16380	1536	Inouk pemain yah koluk nanouk kuk?	Pemain yah koluk nanuek kik yah piak kik barak nek dalem asli ponan pemain nouk kik yan neh sagak persinung[unclear] sapil utuk ayuk tai telangok[unclear] ngan padik ngan taken tadim 	1	fifties	male_masculine	Western Penan	train	9.34065934065934		False	0.13888888888888884	False	5.108856324338423	0.8972136222910216	False
d03d164e3a037c9462bb3b7801263813	17751	spontaneous-speech-pne-17751.mp3	19980	1536	Inouk pemain yah koluk nanouk kuk?	jiak lah,jiak yeng berapa pun konak kesat neh yeng pun konak kejiak neh,ireh anag tuwerk  manouk adui tong sekulah,eh manouk adui sat tong sekulah, yeng pun adui eh sat,jiak neh adui ireh tong berajan ireh 	1	twenties	female_feminine	Western Penan	train	8.508508508508509		False	0.3694581280788177	False	3.4961027485339597	0.08730650154798762	True
59015be0ab1203af375a4af4b86c43d5	17754	spontaneous-speech-pne-17754.mp3	16416	1536	Inouk pemain yah koluk nanouk kuk?	Akouk walaupun akouk rodu, akouk kolouk main bon. Main bon ineh koluk kik. Main bon futsal malai piak ireh lobuk erei ineh koluk kik. Danpun masa luang, maunbadminton ineh koluk kik. 	1			Western Penan	train	9.25925925925926		False	0.28888888888888886	False	4.1660133608778205	0.5195046439628483	True
3a783f2ba60782823bab13f00d15057a	18303	spontaneous-speech-pne-18303.mp3	17640	1536	Inouk pemain yah koluk nanouk kuk?	Akuk koluk main akeuk. Koluk main bon, koluk main takrau, koluk main badbinton. Niah akeuk pun masa pun ayuk kek, ayuk kik sukat main, ayuk kek sukat [unclear], ayuk kek sukat keletek. Yeng ineh adui uleuk, neuk uleuk. Keh. Yeng uleuk mukuk ngate dey uleuk jau batung.	1			Western Penan	train	12.585034013605442		False	0.3245283018867925	False	4.165319686794021	0.5188854489164086	True
15813ed995d0a8f107309df7f9afa0d0	15479	spontaneous-speech-pne-15479.mp3	16200	1528	Dalem kojam kah, pun keroja sekulah yah man manouk sau mah?	pinek yah man nanouk keik,pinek yah yeng kojam nanouk keik tong sekulah kik sau,yeng eh jiak..man,yeng eh sukat nanouk keik.	1	thirties	female_feminine	Western Penan	train	6.481481481481482		False	0.2727272727272727	False	3.8732737535349098	0.3021671826625387	True
916c4bf55dda885cb785b8e0342f30cb	15499	spontaneous-speech-pne-15499.mp3	18288	1528	Dalem kojam kah, pun keroja sekulah yah man manouk sau mah?	Tong jah sekulah yah akeuk man- maneuk sau, yah tusah ngan neh [um] sains ngan matematik ineh ngan basa inggeris ineh.	1	fourties	male_masculine	Western Penan	train	5.358705161854768		False	0.12173913043478257	False	4.823025456486016	0.8377708978328173	False
6daf5823a635cbefd29a368980768870	15642	spontaneous-speech-pne-15642.mp3	17064	1528	Dalem kojam kah, pun keroja sekulah yah man manouk sau mah?	Pun. Monak akouk, keroja sekulah yah paling maan monak akouk sau ; ineh bahasa inggeris, sains, sejarah. Ineh tue manouk tusah. Yah eh man bagik akouk.	1			Western Penan	train	7.383966244725738		False	0.10810810810810811	False	4.636603855632912	0.7659442724458204	False
209aab5184d892f83f2f6491b90f4867	15705	spontaneous-speech-pne-15705.mp3	19368	1528	Dalem kojam kah, pun keroja sekulah yah man manouk sau mah?	Dalem kojam kik,yah keroja dalem sekulah ineh..yan neh royong, ireh manouk bunga,manouk berosih kawasan ,berosi [um] keliling ineh..ineh kojam kik..	1			Western Penan	train	6.660470879801734		False	0.1586206896551724	False	4.269025227723542	0.5882352941176471	True
d010ca153b96a5ebfd09ba6a2e3e0cf4	15764	spontaneous-speech-pne-15764.mp3	16704	1528	Dalem kojam kah, pun keroja sekulah yah man manouk sau mah?	Yeng pun keroja sekulah man bagik akouk..semua jiak,murah..yeng pun yah bat..yeng pun pane,yeng pun inouk inouk lah..	1	teens	male_masculine	Western Penan	train	6.046455938697318		False	0.21052631578947367	False	3.659107858307256	0.1739938080495356	True
38d1cf1c53c7826866b3ae7a6495b32f	15867	spontaneous-speech-pne-15867.mp3	17748	1528	Dalem kojam kah, pun keroja sekulah yah man manouk sau mah?	Pun, semuah yah dalem sekulah, memang kat neh man manouk. Yah dekuk neh perolu guruk mengajan. Sajak dalem sekulah, dalem berajan, sajak man kalau bukan ulouk berajan. Yah dekuk neh sekulah ngaran neh. Ulouk berajan, pinek yah man.	1	twenties	male_masculine	Western Penan	train	10.930809105251296		False	0.29824561403508776	False	4.011272855603515	0.41857585139318887	True
209c440297f7fce6c5e4fba0e913f9b8	15938	spontaneous-speech-pne-15938.mp3	9468	1528	Dalem kojam kah, pun keroja sekulah yah man manouk sau mah?	Ineh, akeuk yeng mojam seritak. Dekuk kik yeng [unclear].	1			Western Penan	train	5.175327418673426		True	0.07407407407407407	False			False
46b095ac5602bd3bfdf0cc670842c77c	16040	spontaneous-speech-pne-16040.mp3	19908	1528	Dalem kojam kah, pun keroja sekulah yah man manouk sau mah?	Sajak pun keroja..sajak pun inah ayuk amik sau..man..sakit uteg amik tong sekulah,yah dukuk amik yeng mojap kirak,dukuk amik yeng mojam menyurat..	1			Western Penan	train	6.329113924050633		False	0.22377622377622375	False	3.9641662550233305	0.378328173374613	True
75e882dda7e6942bcfa81c65ba9893a3	16533	spontaneous-speech-pne-16533.mp3	16452	1528	Dalem kojam kah, pun keroja sekulah yah man manouk sau mah?	Tesau..kerojah sekulah yah man nanouk kik sau mah...yan neh matematik..matematik ineh,yah konak kirak kirak erei..yah konak mojap mojap erei...man...manouk neh tong akouk sau mah..	1			Western Penan	train	9.542912715779236		False	0.28248587570621464	False	4.7165736680988966	0.7931888544891641	False
06e91360c689ccdb3c48e8c51aac7b8c	17326	spontaneous-speech-pne-17326.mp3	17028	1528	Dalem kojam kah, pun keroja sekulah yah man manouk sau mah?	Pun keroja sekulah yah man manouk. Tapik yeng akouk mojam, keroja yah mah. Tapik pun lah yah man manouk.	1	teens	female_feminine	Western Penan	train	5.050505050505051		False	0.306930693069307	False	3.632892353579662	0.16037151702786379	True
660efcc153b8f1b83f0e7b7293a6739d	17553	spontaneous-speech-pne-17553.mp3	15876	1528	Dalem kojam kah, pun keroja sekulah yah man manouk sau mah?	Pun yah keroja man nouk tong sekulah. Ireh mauk nyabung sekulah, [unclear] pinek eh tapik eh buat long konep ulouk dalem neh.	1	teens	female_feminine	Western Penan	train	6.550768455530361		False	0.0901639344262295	False	4.214555626960176	0.5523219814241486	True
15c3189343ecfed295e773c9a86db318	17554	spontaneous-speech-pne-17554.mp3	16236	1528	Dalem kojam kah, pun keroja sekulah yah man manouk sau mah?	Dalem urip kik iteuk, yeng pun yah kojam kik, daleh mah yah pun manouk sekulah yah sau mah. Yeng akouk mojam dalam urip kik langit piak kik iteuk. Yeng akouk mojam akouk [unclear].	1	twenties	female_feminine	Western Penan	train	9.115545700911554		False	0.28248587570621464	False	3.1822402297426318	0.013622291021671827	True
d03d164e3a037c9462bb3b7801263813	17626	spontaneous-speech-pne-17626.mp3	14832	1528	Dalem kojam kah, pun keroja sekulah yah man manouk sau mah?	yeng kerk pun tusah adui sekulah ineh..senang kerk adui sekulah ineh,tapik bagik yah eh mujen,konak towk akouk, matematik eh pengujen kik,yeng kojam kik manouk..	1	twenties	female_feminine	Western Penan	train	9.3042071197411		False	0.16455696202531644	False	4.132578830160334	0.4953560371517028	True
a2632e7d8bbc0b5567334fd6bb68604f	17981	spontaneous-speech-pne-17981.mp3	16596	1528	Dalem kojam kah, pun keroja sekulah yah man manouk sau mah?	Owk..pun ineh man,inouk peh du'kuk neh sekulah ngaran neh,yeng pu'kuk neh man,kalau ulouk mojam,belokak ulouk jadi sigu,keh..ineh peh du'kuk ulouk sekulah ngaran neh,du'kuk ulouk yeng mojam,yah du'kuk ulouk koluk berajan, koluk petonak..alek ulouk mojam..man.	1	fifties	male_masculine	Western Penan	train	13.617739214268498		False	0.37109375	False	3.269432863084021	0.023529411764705882	True
59015be0ab1203af375a4af4b86c43d5	18056	spontaneous-speech-pne-18056.mp3	9612	1528	Dalem kojam kah, pun keroja sekulah yah man manouk sau mah?	"dalem kojam kik keroja sekulah yah sat manouk ineh keroja ""bi"" rawah ""bm"" ,ineh yah paling sat manouk tong akouk."	1			Western Penan	train	9.779442363712027		True	0.17272727272727273	False			False
3a783f2ba60782823bab13f00d15057a	18309	spontaneous-speech-pne-18309.mp3	18180	1528	Dalem kojam kah, pun keroja sekulah yah man manouk sau mah?	[um] sat manouk matematik tong akouk. Ateg ateg- ateg sat lah dekuk yeng akouk mojam manouk matematik. Ineh lah dekuk kik juk- inouk ngaran neh, dekuk kik barak eh keh.	1			Western Penan	train	7.645764576457646		False	0.2666666666666667	False	4.110596461116621	0.48173374613003095	True
209aab5184d892f83f2f6491b90f4867	15515	spontaneous-speech-pne-15515.mp3	25560	1567	Konak peritah daleh kah, pun ireh monak penolong yah jian ngan kah?	Pun kek yah juk menolong, pun peh yah eh kuman, pun peh yah eh mosep. Amik, yeng eh pun mesotik neh jiak. yeng peh mesotik neh menolong. Pun peh yah barak eh menolong, lobih peh yah sat, lobih peh yah kuman. Keh tong daleh amik itouk. Peritah ineh, yeng eh pun jiak neh.	1			Western Penan	train	8.528951486697965		True	0.37827715355805247	False			False
15813ed995d0a8f107309df7f9afa0d0	15602	spontaneous-speech-pne-15602.mp3	17496	1567	Konak peritah daleh kah, pun ireh monak penolong yah jian ngan kah?	Penolong yah jiak somah nak peritah monak amik somah ate penolong yeng pun penolong nonak peritah joh amik urip amik jin sau jin tarik amik pasu yeng pun penolong nak peritah 	1	thirties	female_feminine	Western Penan	train	8.23045267489712		False	0.40116279069767447	False	4.490942982536753	0.7040247678018576	False
38d1cf1c53c7826866b3ae7a6495b32f	15754	spontaneous-speech-pne-15754.mp3	19080	1567	Konak peritah daleh kah, pun ireh monak penolong yah jian ngan kah?	Pun, yah jian pun monak penolong ngan amik. Siget-siget lah, sebab ireh mauk use mau batung yah jadi notik ireh laja. Keh. Pun yah menolong, pun yah jian, pun yah yeng jian. Keh ate neh peritah ngan amik.	1	twenties	male_masculine	Western Penan	train	8.752620545073375		False	0.2139303482587065	False	4.541966328513694	0.7263157894736842	False
46b095ac5602bd3bfdf0cc670842c77c	15864	spontaneous-speech-pne-15864.mp3	18000	1567	Konak peritah daleh kah, pun ireh monak penolong yah jian ngan kah?	Owk, peritah monak per- monak berajak, monak penguman. Pun monak yah barang, ke- erei kejiak amik tong daleh.	1			Western Penan	train	5.111111111111111		False	0.14150943396226412	False	3.680541974629971	0.1931888544891641	True
d010ca153b96a5ebfd09ba6a2e3e0cf4	16251	spontaneous-speech-pne-16251.mp3	15804	1567	Konak peritah daleh kah, pun ireh monak penolong yah jian ngan kah?	Tesau pun ireh monak berajak amik, penguman amik menyiget nyiget blok amik. Tapik, dai itouk lah yeng pun ireh monak eh keh lah konak tesau.	1	teens	male_masculine	Western Penan	train	7.339913945836497		False	0.2043795620437956	False	3.7521780353458283	0.23343653250773994	True
209c440297f7fce6c5e4fba0e913f9b8	16459	spontaneous-speech-pne-16459.mp3	13428	1567	Konak peritah daleh kah, pun ireh monak penolong yah jian ngan kah?	Pun kek peritah daleh amik itouk, monak penolong yah jian tapik jah bateng piak tue. Yeng eh avik, yeng pun hasil.	1			Western Penan	train	7.000297885016384		False	0.04504504504504503	False	4.317374225079005	0.6123839009287926	False
75e882dda7e6942bcfa81c65ba9893a3	16524	spontaneous-speech-pne-16524.mp3	15588	1567	Konak peritah daleh kah, pun ireh monak penolong yah jian ngan kah?	Yeng kerk akouk sukat barak eh jian,nak peh keh,pongah jian neh penolong peritah ngan amik ponan..nak peh yeng lalek sukup..	1			Western Penan	train	6.735950731331793		False	0.09090909090909094	False	4.167406351857036	0.5213622291021672	True
660efcc153b8f1b83f0e7b7293a6739d	17297	spontaneous-speech-pne-17297.mp3	16200	1567	Konak peritah daleh kah, pun ireh monak penolong yah jian ngan kah?	Pun ireh monak amik bee monak amik minyak usen biseng semua neh pun nak neh ngan amik yeng pun yah yeng nak neh ngan amik avik rigit avik daven nak ngan amik nat pitah ngan amik 	1	teens	female_feminine	Western Penan	train	8.765432098765432		False	0.34857142857142853	False	4.364684064574125	0.6414860681114551	False
06e91360c689ccdb3c48e8c51aac7b8c	17543	spontaneous-speech-pne-17543.mp3	17784	1567	Konak peritah daleh kah, pun ireh monak penolong yah jian ngan kah?	Pun ireh peritah monak amik erei inouk yah penusah ngan amik, pun ireh monolong amik dalem inouk inouk yah penusah ngan amik Ponan.	1	teens	female_feminine	Western Penan	train	6.12910481331534		False	0.3359375	False	3.3307562343213504	0.03219814241486068	True
d03d164e3a037c9462bb3b7801263813	17654	spontaneous-speech-pne-17654.mp3	19080	1567	Konak peritah daleh kah, pun ireh monak penolong yah jian ngan kah?	Owk..inouk..pun kerk eh,tapik yeng lalek berapa jau konak sau,sik kerk eh..Bulan itouk peh yeng berapa pun.Pun masa pun, pun masa yeng, keh...adui ireh peritah itouk..	1	twenties	female_feminine	Western Penan	train	7.494758909853249		False	0.18292682926829273	False	4.419295066118969	0.6693498452012384	False
a2632e7d8bbc0b5567334fd6bb68604f	17750	spontaneous-speech-pne-17750.mp3	16488	1567	Konak peritah daleh kah, pun ireh monak penolong yah jian ngan kah?	Owk pun neh chiq dalem urip amik, eh chau ineh yeng pun lashung. Langit iteuk, pun neh peritah monak konak bantuan, konak ineuk masa yah pun setiap duman, pun ireh monak amik chiq-chiq. Ok. 	1	fifties	male_masculine	Western Penan	train	9.461426491994178		False	0.18181818181818177	False	3.9167366620446247	0.3380804953560371	True
59015be0ab1203af375a4af4b86c43d5	18010	spontaneous-speech-pne-18010.mp3	15408	1567	Konak peritah daleh kah, pun ireh monak penolong yah jian ngan kah?	um mengalik yah. Dan neh pun sau mah, bik nonak nah. Dan tari'ik amik tuai sitouk erei, ayuk neh ngelaken amik ayuk neh pelobo, pelobo yah juk adui nanouk nah ineh. Mulik dai itouk neh, inouk nanouk neh monak amik lah. Yeng amik murip tatan amik kek itouk.	1			Western Penan	train	13.564382139148496		False	0.2569169960474308	False	4.7737436432882365	0.8154798761609907	False
3a783f2ba60782823bab13f00d15057a	18329	spontaneous-speech-pne-18329.mp3	17136	1567	Konak peritah daleh kah, pun ireh monak penolong yah jian ngan kah?	Pun ke ireh monak penolong. Yah ireh maneuk jalan, maneuk erei, ayuk amik melakau. Inen neh ireh peritah monak amik erei kejiak ireh peritah ineh. Ireh solong jalan monak amik. Yah eh eh neuk ireh da ineh.	1			Western Penan	train	9.862278244631186		False	0.32178217821782173	False	4.099184083819638	0.4761609907120743	True
15813ed995d0a8f107309df7f9afa0d0	15192	spontaneous-speech-pne-15192.mp3	14868	1575	Inouk pengejian yah sukat pakey dalem petoti’ik jah-jah bengosak?	Min piak, nebare ireh dalem ume', nebare ireh dalem adui, dalem keroja, dalem sekulah. Ineh ayuk jiak petoti'ik dalem jah jah bengosak.	1	thirties	female_feminine	Western Penan	train	7.6674737691686845		False	0.24242424242424243	False	3.7536823377841406	0.23591331269349844	True
6daf5823a635cbefd29a368980768870	15362	spontaneous-speech-pne-15362.mp3	15912	1575	Inouk pengejian yah sukat pakey dalem petoti’ik jah-jah bengosak?	pengejian neh,ulouk yeng sukat [um] inouk ngaran neh,yeng sukat manouk bawai piak,yeng sukat lawa,yeng sukat subung,ulouk pekuwak pebarak,petotik..keh pengejian neh	1			Western Penan	train	9.112619406737052		False	0.2981366459627329	False	3.39105993325026	0.05201238390092879	True
916c4bf55dda885cb785b8e0342f30cb	15405	spontaneous-speech-pne-15405.mp3	18936	1575	Inouk pengejian yah sukat pakey dalem petoti’ik jah-jah bengosak?	Akouk kira [um] adui sekulah itouk yah sukat petoti'ik ngan sukat mojung bengosak [um] ulouk ngan [um] moti'ik anag anag ulouk tai sekulah. 	1	fourties	male_masculine	Western Penan	train	6.178707224334601		False	0.24087591240875916	False	3.7925410397291177	0.2532507739938081	True
209aab5184d892f83f2f6491b90f4867	15623	spontaneous-speech-pne-15623.mp3	20880	1575	Inouk pengejian yah sukat pakey dalem petoti’ik jah-jah bengosak?	Inouk la.. ireh dalem politik itouk,pinek masem masem piak ireh. juk ngejawuk ulouk,juk ngelakern ulouk..ireh kelunan kelunan politik,ireh kelunan kelunan jau itouk,barak ineh lah..barak..etei lah..usit..yeng pun..	1			Western Penan	train	9.051724137931036		False	0.2654028436018957	False	4.2361063803684065	0.5671826625386996	True
d010ca153b96a5ebfd09ba6a2e3e0cf4	15775	spontaneous-speech-pne-15775.mp3	16668	1575	Inouk pengejian yah sukat pakey dalem petoti’ik jah-jah bengosak?	Amik pebarak ngan bakeh bila tot jin keroja, sajak amik pebarak. Keh adet amik.	1	teens	male_masculine	Western Penan	train	3.9596832253419727		False	0.13157894736842102	False	4.274664356298782	0.5919504643962848	True
209c440297f7fce6c5e4fba0e913f9b8	16194	spontaneous-speech-pne-16194.mp3	13608	1575	Inouk pengejian yah sukat pakey dalem petoti’ik jah-jah bengosak?	Pengejian neh, dan neh jian, semuah bengosak ulouk jadi jian. Ineh pengejian neh.	1			Western Penan	train	5.070546737213403		False	0.20512820512820518	False	3.1864317276864846	0.014241486068111455	True
75e882dda7e6942bcfa81c65ba9893a3	16329	spontaneous-speech-pne-16329.mp3	12456	1575	Inouk pengejian yah sukat pakey dalem petoti’ik jah-jah bengosak?	Tong kirak kik pengejian yah sukat pakey ayuk petoti'ik jah jah bengosak yan neh sekulah ngan keroja. Ineh tue, yeng pun yah boken.	1			Western Penan	train	8.750802825947336		False	0.0625	False	3.7020838075499567	0.20619195046439628	True
38d1cf1c53c7826866b3ae7a6495b32f	16352	spontaneous-speech-pne-16352.mp3	16416	1575	Inouk pengejian yah sukat pakey dalem petoti’ik jah-jah bengosak?	Akuek yeng mojam itueklah pongah jian neh akuek pongah neh pun nah kalau oleuk totik yeng pun boken neuk konep oleuk neuk piken oleuk muat nat pegosak boken konak ireh konak oluek 	1	twenties	male_masculine	Western Penan	train	9.015594541910332		False	0.22033898305084743	False	4.7135124324797255	0.7919504643962848	False
46b095ac5602bd3bfdf0cc670842c77c	16429	spontaneous-speech-pne-16429.mp3	19008	1575	Inouk pengejian yah sukat pakey dalem petoti’ik jah-jah bengosak?	Pengejian ayuk totik,ayuk amik jiak murip,ayuk amik jiak tai melakau,tai menimerk.. tai peturuk tai pogen tai tong tanag,ineh pengejian sukat pakey dalem..totik  jah jah bengosak.	1			Western Penan	train	8.101851851851853		False	0.2102272727272727	False	4.089896350786334	0.47058823529411764	True
06e91360c689ccdb3c48e8c51aac7b8c	17440	spontaneous-speech-pne-17440.mp3	16272	1575	Inouk pengejian yah sukat pakey dalem petoti’ik jah-jah bengosak?	Pinek bengosak yah jian ngan amik, avik peh ireh bengosak yah boken koluk koluk pojah, koluk pani ngan amik. 	1	teens	female_feminine	Western Penan	train	5.530973451327433		False	0.2547169811320755	False	3.39202707152979	0.05386996904024768	True
660efcc153b8f1b83f0e7b7293a6739d	17563	spontaneous-speech-pne-17563.mp3	16380	1575	Inouk pengejian yah sukat pakey dalem petoti’ik jah-jah bengosak?	Pengejian ayuk botik dalem jah bengosak,ayuk sukat ayuk ulouk pakey dalem jah masa..konak ulouk manouk malat,manouk bukui,manouk bag,manouk arok..ineh yah sukat dalem jah bengosak ayuk neh botik	1	teens	female_feminine	Western Penan	train	10.256410256410255		False	0.33507853403141363	False	3.864156321389842	0.29659442724458207	True
a2632e7d8bbc0b5567334fd6bb68604f	17733	spontaneous-speech-pne-17733.mp3	15408	1575	Inouk pengejian yah sukat pakey dalem petoti’ik jah-jah bengosak?	Yeng pun yah jian boken, yan neh ulouk petosok, yan neh ulouk seritak supaya ulouk pepojam antara ulouk, tosog ulouk mutouk yah jah, mutouk ngan jah supaya yah jah mojam,keh..pu'kuk ulouk jika petavik	1	fifties	male_masculine	Western Penan	train	10.903426791277258		False	0.2791878172588832	False	4.097009172648511	0.47554179566563465	True
59015be0ab1203af375a4af4b86c43d5	17741	spontaneous-speech-pne-17741.mp3	16920	1575	Inouk pengejian yah sukat pakey dalem petoti’ik jah-jah bengosak?	Konak piak ireh lobuk ; bersatu padu, bercerai roboh. Ineh lah akouk rasa yah perlu pun ngan amik Ponan, ngan bengosak inouk inouk peh. Ayuk sukat boti'ik ayuk sukat  [um] maju dalem inouk inouk segala hal.	1			Western Penan	train	10.047281323877067		False	0.14778325123152714	False	4.711804910836262	0.7900928792569659	False
d03d164e3a037c9462bb3b7801263813	17792	spontaneous-speech-pne-17792.mp3	19080	1575	Inouk pengejian yah sukat pakey dalem petoti’ik jah-jah bengosak?	Jiak kerana ulouk jah konep ulouk, jah piken ulouk, jah konep ulouk. Yeng ulouk tusah, yeng ulouk [um] pekirak inouk inouk. Jah neh konep, jah neh piken. Yah dekuk ulouk sukat ulouk boti'ik, sukat ulouk manouk adui ulouk.	1	twenties	female_feminine	Western Penan	train	9.643605870020965		False	0.37614678899082565	False	3.639761543409896	0.16470588235294117	True
3a783f2ba60782823bab13f00d15057a	18189	spontaneous-speech-pne-18189.mp3	20088	1575	Inouk pengejian yah sukat pakey dalem petoti’ik jah-jah bengosak?	Pengejian neh, ulouk menat kelunan boken sukat boti'ik, sukat erei- sukat kebawai. Inouk dukuk ulouk yeng sukat kebawai, inouk dukuk ulouk yeng sukat konak ireh. Keh. Keh peh pengejian neh. ulouk ale' erei- ulouk ale' sutoh neh, ulouk ale' eh jin ireh kelunan jah. 	1			Western Penan	train	11.001592990840305		False	0.4122137404580153	False	3.7896099941395094	0.2501547987616099	True
15813ed995d0a8f107309df7f9afa0d0	15176	spontaneous-speech-pne-15176.mp3	21240	1591	Inouk, pun ramey yah napun kah panag tong daleh kah?	Amik panag mulik dalem ujung duman. Menyiget bulan puluk duah, sajak amik mulik. Ayuk amik ngeramey bulan puluk duah ineh. Ramey krismas, ramey taun baru. 	1	thirties	female_feminine	Western Penan	train	6.120527306967984		False	0.17763157894736847	False	4.741205291155509	0.8018575851393189	False
15813ed995d0a8f107309df7f9afa0d0	15176	spontaneous-speech-pne-15176.mp3	21240	1591	Inouk, pun ramey yah napun kah panag tong daleh kah?	Amik panak mulik,dalem pun duman..menyiget bulan puluk duah,sajak amik mulik,ayuk amik ngeramey bulan puluk duah ineh,ramey krismas..ramey tahun baru..	1	thirties	female_feminine	Western Penan	train	6.261770244821092		False	0.20270270270270274	False	4.704962644699907	0.7876160990712074	False
6daf5823a635cbefd29a368980768870	15404	spontaneous-speech-pne-15404.mp3	15624	1591	Inouk, pun ramey yah napun kah panag tong daleh kah?	Pun, ramey krismas, ramey taun baru, ramey [um] kelete'erk ngan ireh kelunan, ngan ireh padik, ngan ireh tuken, ngan ireh tadin avik ireh topun avik ireh vik uleuk, amik panaq.	1			Western Penan	train	9.408602150537634		False	0.3063583815028902	False	3.9258702377681853	0.3479876160990712	True
916c4bf55dda885cb785b8e0342f30cb	15462	spontaneous-speech-pne-15462.mp3	19260	1591	Inouk, pun ramey yah napun kah panag tong daleh kah?	Ramey yah amik lalek tai mapun,ineh neh ramey Krismas,ngan ramey [um] Pesapon Penan..Peponak Apu,ngan [um] Tahun Baru.	1	fourties	male_masculine	Western Penan	train	5.295950155763239		False	0.11304347826086958	False	4.944679712895594	0.8668730650154799	False
38d1cf1c53c7826866b3ae7a6495b32f	15778	spontaneous-speech-pne-15778.mp3	19080	1591	Inouk, pun ramey yah napun kah panag tong daleh kah?	Yeng pun boken, dan neh atah amik sau,lengodoh piak amik..yah gawai nouk bengosak ivan erey,ineh tuerk yah kojam kik..ramey yah napun kik ngan tinen ngan tamen kik..ngan anag kik..pengawu itouk,akouk pun anag..ineh tuerk yah kojam kik..jah krismas ineh tuerk..	1	twenties	male_masculine	Western Penan	train	11.635220125786162		False	0.2334630350194552	False	4.0194600439601915	0.4247678018575851	True
d010ca153b96a5ebfd09ba6a2e3e0cf4	16088	spontaneous-speech-pne-16088.mp3	17532	1591	Inouk, pun ramey yah napun kah panag tong daleh kah?	sajak pun ramey ayuk amik tai,kan kelunan amik pun masa ireh ramey.. sajak tenobai ireh amik sebagai inouk, bukti neh..keh. 	1	teens	male_masculine	Western Penan	train	5.93201003878622		False	0.15702479338842978	False	4.471625928545337	0.6941176470588235	False
46b095ac5602bd3bfdf0cc670842c77c	16308	spontaneous-speech-pne-16308.mp3	17568	1591	Inouk, pun ramey yah napun kah panag tong daleh kah?	Ramey napun amik tong daleh amik yah amik bungan yah amik lengodoh, yah amik maneuk...duman mareng. Ineh.	1			Western Penan	train	5.066029143897996		False	0.20588235294117652	False	4.172155440545308	0.5232198142414861	True
75e882dda7e6942bcfa81c65ba9893a3	16371	spontaneous-speech-pne-16371.mp3	17640	1591	Inouk, pun ramey yah napun kah panag tong daleh kah?	Pun..dan tesau mah, dan pun posot sekulah, amik tinen tamen kik min amik padik mulik,lak umerk amik,ayuk amik ramey krismas,ayuk amik ramey tahun baru	1			Western Penan	train	7.199546485260771		False	0.1768707482993197	False	4.485644297730456	0.701547987616099	False
209c440297f7fce6c5e4fba0e913f9b8	16440	spontaneous-speech-pne-16440.mp3	12420	1591	Inouk, pun ramey yah napun kah panag tong daleh kah?	Pun ramey napun amik, dan amik pojah kuman, pojah nyun, pojah keleterk. Ineh ramey amik.	1			Western Penan	train	5.958132045088567		False	0.23529411764705888	False	4.235211981510171	0.56656346749226	True
15c3189343ecfed295e773c9a86db318	17437	spontaneous-speech-pne-17437.mp3	14760	1591	Inouk, pun ramey yah napun kah panag tong daleh kah?	Yeng pun..jah sumag krismas,tahun baru,ineh tuwerk yah napun amik dalem daleh amik.. lobih jin ineh, yeng akouk pun inouk inouk yah napun kik..	1	twenties	female_feminine	Western Penan	train	8.197831978319783		False	0.17142857142857137	False	3.911613596398166	0.33374613003095976	True
660efcc153b8f1b83f0e7b7293a6739d	17471	spontaneous-speech-pne-17471.mp3	16308	1591	Inouk, pun ramey yah napun kah panag tong daleh kah?	ramey napun amik konak dan amik sebayang,dan amik alek kerita,alek muto yah pengawu,alek barang yah pengawu,ineh napun amik ineh keramey amik panak tong daleh amik	1	teens	female_feminine	Western Penan	train	8.523424086337993		False	0.2875	False	3.8492231431546893	0.28792569659442724	True
06e91360c689ccdb3c48e8c51aac7b8c	17600	spontaneous-speech-pne-17600.mp3	16812	1591	Inouk, pun ramey yah napun kah panag tong daleh kah?	yeng pun ramey ramey yah eh panouk tong daleh amik,sumak ramey ramey yah boken tuwerk eh pun.. yeng pun ramey ramey yah eh boken jin ineh	1	teens	female_feminine	Western Penan	train	6.661908160837497		False	0.3805970149253731	False	3.5839972939392903	0.13808049535603714	True
a2632e7d8bbc0b5567334fd6bb68604f	17912	spontaneous-speech-pne-17912.mp3	16416	1591	Inouk, pun ramey yah napun kah panag tong daleh kah?	Owk..pun, masa ireh pun, tai keh amik panak menat, dan ireh yeng,ngan ireh yeng tobai amik panak, yeng peh amik tai..mukuk peh amik tong lamin amik,sama ada ireh tobai, ulouk tai nat..ramey inouk nanouk rah ,ulouk nonton, koluk nat, keh..	1	fifties	male_masculine	Western Penan	train	12.122319688109162		False	0.27234042553191484	False	4.094691110395405	0.47306501547987617	True
d03d164e3a037c9462bb3b7801263813	17942	spontaneous-speech-pne-17942.mp3	12780	1591	Inouk, pun ramey yah napun kah panag tong daleh kah?	Rame oleuk mogak peritah keh mongak diuk mongak lobuk kek tai mapun tau avik oluek tong inak oleuk tong ayuk oluek tong umek oleuk 	1	twenties	female_feminine	Western Penan	train	8.37245696400626		False	0.2578125	False	5.778314687240602	0.9764705882352941	False
59015be0ab1203af375a4af4b86c43d5	17951	spontaneous-speech-pne-17951.mp3	14904	1591	Inouk, pun ramey yah napun kah panag tong daleh kah?	Yeng peh jah ramey ngan amik. Jah dan kerismas, jah dan pun gawai, ireh sebayang. Ineh nan ramey amik. Yeng pun ramey amik, yeng pun lete'erk amik yah lobih neh jin ineh.	1			Western Penan	train	9.326355340848094		False	0.22155688622754488	False	3.6696295563324783	0.18328173374613002	True
3a783f2ba60782823bab13f00d15057a	18086	spontaneous-speech-pne-18086.mp3	19692	1591	Inouk, pun ramey yah napun kah panag tong daleh kah?	[um] ramey adui nouk amik ineh, yeng yeng peh amik manouk ramey kesomai. [um] Kesomai itouk amik manouk bulan puluk duah lah. Dan amik manouk bulan puluk duah, amik tai ngabang, amik tai [um] mapun ireh padik, ireh kelunan.	1			Western Penan	train	9.394678041844404		False	0.3318181818181818	False	4.077979160314192	0.46253869969040246	True
916c4bf55dda885cb785b8e0342f30cb	15272	spontaneous-speech-pne-15272.mp3	19656	1520	Konak kah petonak piak bengosak boken tedik kah?	Amik juk berajan [um] bengosak boken, amik juk berajan piak ireh. Baru amik [um] berajan dawai dawai, ayuk amik [um] mengerti- ngerti [um] piak ineh.	1	fourties	male_masculine	Western Penan	train	6.35938135938136		False	0.3287671232876712	False	3.653932749184176	0.17089783281733747	True
6daf5823a635cbefd29a368980768870	15347	spontaneous-speech-pne-15347.mp3	15912	1520	Konak kah petonak piak bengosak boken tedik kah?	Owk,yeng pun konak konak..pekuwak ineh kerk..yeng pun eh kojah jin eh konak anah ulouk tong umerk erei..konak malai ulouk tong umerk..pekuwak ineh ulouk petonak dan juk petonak ulouk,ulouk barak ngan ireh..keh peh ireh barak ngan ulouk..	1			Western Penan	train	12.69482151835093		False	0.3632478632478633	False	3.4891482529239473	0.0848297213622291	True
15813ed995d0a8f107309df7f9afa0d0	15621	spontaneous-speech-pne-15621.mp3	16920	1520	Konak kah petonak piak bengosak boken tedik kah?	Yeng pun amik petonak, amik ngeninik piak ireh pani dalem duah pat langit. Dan pongah lobik pojah, yeng iboh ulouk petonak, pongah mojam ulouk piak, pongah mojam ulouk ngeninik. 	1	thirties	female_feminine	Western Penan	train	8.806146572104018		False	0.3142857142857143	False	3.9018964208028395	0.3281733746130031	True
d010ca153b96a5ebfd09ba6a2e3e0cf4	15768	spontaneous-speech-pne-15768.mp3	16380	1520	Konak kah petonak piak bengosak boken tedik kah?	Tenonak amik jiak jiak ngan ireh bakeh amik yah jin juk. Ireh bakeh amik kayan kek, badeng kek, konyah, ivan.	1	teens	male_masculine	Western Penan	train	5.494505494505495		False	0.2075471698113207	False	4.712421632468291	0.7907120743034056	False
209c440297f7fce6c5e4fba0e913f9b8	15877	spontaneous-speech-pne-15877.mp3	17820	1520	Konak kah petonak piak bengosak boken tedik kah?	Amik petonak piak bengosak boken, amik pebarak,amik petosok,amik petonak, ineh baruk..ineh amik mojam eh	1			Western Penan	train	5.10662177328844		False	0.25742574257425743	False	3.7323067058939055	0.2235294117647059	True
46b095ac5602bd3bfdf0cc670842c77c	16205	spontaneous-speech-pne-16205.mp3	15516	1520	Konak kah petonak piak bengosak boken tedik kah?	Amik petonak ayuk piak amik sedirik. Pun yah mojam piak [sniff] boken, pun yah mojam piak jah. Ineh petonak amik, ineh pebarak amik.	1			Western Penan	train	7.089456045372518		False	0.28682170542635654	False	3.168036363126135	0.011764705882352941	True
38d1cf1c53c7826866b3ae7a6495b32f	16218	spontaneous-speech-pne-16218.mp3	19260	1520	Konak kah petonak piak bengosak boken tedik kah?	Petonak lah barak jian ngan neh, barak yah toneng lah. Konak eh ; keh kauk manouk, keh piak rah, keh neh mateng itouk, keh neh mateng ineh, keh neh mateng itei. Keh piak ngan nah. Ineh [um] cara amik petonak piak bengosak boken lah. Yah toneng lah barak ngan nah, amai barak yah salak.	1	twenties	male_masculine	Western Penan	train	12.045690550363446		False	0.3829787234042553	False	4.936655858208719	0.8637770897832817	False
75e882dda7e6942bcfa81c65ba9893a3	16527	spontaneous-speech-pne-16527.mp3	16344	1520	Konak kah petonak piak bengosak boken tedik kah?	Konak amik petonak,yeng amik pojah ngan kelunan jin bengosak boken...ayuk amik pojah,ayuk amik ngejiak,tai amik lobik lobik amik pojah,malai amik,tai mojam amik piak bengosak boken	1			Western Penan	train	9.544787077826724		False	0.3615819209039548	False	3.6743049356701554	0.18823529411764706	True
75e882dda7e6942bcfa81c65ba9893a3	16527	spontaneous-speech-pne-16527.mp3	16344	1520	Konak kah petonak piak bengosak boken tedik kah?	Konak amik petonak yeng amik pojah ngan Kelunan ji pegosak boken ayuk amik pogah ayuk amik ngejiak tai amik lobik-lobik amik ayuk amik pojah malai tai mojam amik piak pegosak boken 	1			Western Penan	train	9.177679882525696		False	0.3595505617977528	False	3.9136173205061615	0.33560371517027865	True
06e91360c689ccdb3c48e8c51aac7b8c	17224	spontaneous-speech-pne-17224.mp3	18972	1520	Konak kah petonak piak bengosak boken tedik kah?	Amik tonak jah duah use, barak piak piak yah eh piak amik ngan ireh, abin piak ireh ngan amik. Tonak tonak piak bengosak amik.	1	teens	female_feminine	Western Penan	train	5.429053341766814		False	0.29268292682926833	False	3.82733704906119	0.27058823529411763	True
660efcc153b8f1b83f0e7b7293a6739d	17281	spontaneous-speech-pne-17281.mp3	16236	1520	Konak kah petonak piak bengosak boken tedik kah?	Tonak jiak amik dalem piak  pegosak boken ngan amik kalau   amik rotei neh inuek ireh neh ineh inuek rotei nah ituek narak amik pebarak jiak amik petonak jiak amik keh tuek 	1	teens	female_feminine	Western Penan	train	8.561221975856121		False	0.34705882352941175	False	4.492196967843486	0.7046439628482972	False
a2632e7d8bbc0b5567334fd6bb68604f	17759	spontaneous-speech-pne-17759.mp3	16488	1520	Konak kah petonak piak bengosak boken tedik kah?	Owk, pun ulouk pekalai. Dan neh pun yah mutouk, sajak neh pun ulouk barak. Roti roti piak ulouk jah, sajak ulouk barak. Dekuk neh yeng piak ulouk samak. Lan kek ulouk Ponan samak, pun beja piak ulouk sig. Tatung ulouk peputouk ngan ulouk jah, baruk ulouk mojam.	1	fifties	male_masculine	Western Penan	train	13.039786511402232		False	0.3798449612403101	False	4.199499026292751	0.5442724458204334	True
59015be0ab1203af375a4af4b86c43d5	17925	spontaneous-speech-pne-17925.mp3	16272	1520	Konak kah petonak piak bengosak boken tedik kah?	Dan akouk, konak tog piak kayan juk kojam kik sig sig, piak badeng juk kojam kik ninik sig sig. Yeng pun tatuk neh, yeng pun teranak akouk petonak. Akouk sumak ngeninik-ngeninik piak ireh ineh kelonyat kelonyat pani ayuk piak ineh tue. yeng pun tatuk akouk tonak. 	1			Western Penan	train	13.397246804326448		False	0.33333333333333337	False	4.415491470538169	0.6674922600619195	False
d03d164e3a037c9462bb3b7801263813	17937	spontaneous-speech-pne-17937.mp3	28152	1520	Konak kah petonak piak bengosak boken tedik kah?	Petonak amik, berajan amik piak bengosak boken tong piak amik dukuk ne peting, dukuk nah [um] mok- mesotik uleuk [uh] berajan, mestik uleuk [um] samak-samak pekojam piak uleu- bengosak uleuk ngan piak bengosak ireh supaya uleuk sukat mojam roti piak ireh.	1	twenties	female_feminine	Western Penan	train	7.637112816140949		True	0.3214285714285714	False			False
3a783f2ba60782823bab13f00d15057a	18279	spontaneous-speech-pne-18279.mp3	18864	1520	Konak kah petonak piak bengosak boken tedik kah?	Petonak ineh ayuk ulouk juk kle'terk eh..lan,ulouk juk maok yah,ulouk juk kle'terk..keh,ineh eh ulouk juk kle'terk..ayuk ulouk pani ngan bengosak jah konak contoh neh ivan,ireh bidayuh,keh..	1			Western Penan	train	8.746819338422391		False	0.2941176470588235	False	3.9059550877298275	0.3306501547987616	True
209aab5184d892f83f2f6491b90f4867	15215	spontaneous-speech-pne-15215.mp3	30564	1487	Inouk keh kirak kok tong joh udey langit?	Owk. Konak, yeng keh. Dukuk langit-langit iteuk lalek masem-masem. Ineuk udey neh eh konak iteuk. Bik tek, bi nonep, bi liwen, bi bawui iteuk neh . Yeng pun udey neh. Langit iteuk ineh. Langit piak iteuk. Yeng konak iteuk langit sau. Langit sau, mauk eh tagak avik jah bulan duah bulan. Langit iteuk ineh, yeng pun ayuk tagak neh.	1			Western Penan	train	8.899358722680278		True	0.37614678899082565	False			False
916c4bf55dda885cb785b8e0342f30cb	15299	spontaneous-speech-pne-15299.mp3	16776	1487	Inouk keh kirak kok tong joh udey langit?	Langit sat amik yeng sukat menuvu, [um] yeng sukat keroja, yeng- amik yeng sukat tai padui pitah [um] rigit amik. 	1	fourties	male_masculine	Western Penan	train	5.603242727706247		False	0.28828828828828834	False	3.4567896993204563	0.07058823529411765	True
15813ed995d0a8f107309df7f9afa0d0	15303	spontaneous-speech-pne-15303.mp3	15768	1487	Inouk keh kirak kok tong joh udey langit?	Langit piak itouk, yeng eh jian. Lalek pogeng te'erk, lalek pogeng nonep ; yeng pun ayuk neh maang. Petaget basak tanak, petaget kuning nat daon, tuvu tangoh ulouk.	1	thirties	female_feminine	Western Penan	train	8.688483003551497		False	0.11801242236024845	False	4.59926443099406	0.7504643962848297	False
6daf5823a635cbefd29a368980768870	15393	spontaneous-speech-pne-15393.mp3	16020	1487	Inouk keh kirak kok tong joh udey langit?	yeng pun akouk pekirak inouk inouk,pekirak inouk inouk,yeng pun..sumak mukuk ngate akouk itouk ,nak peh akouk tuwai itouk akouk ,yeng akouk mojam inouk inouk ateg neh,akouk nin mauk nin ireh kelunan ireh tinen ireh viik keik touk	1			Western Penan	train	12.047440699126092		False	0.36283185840707965	False	3.761871024566063	0.23962848297213624	True
d010ca153b96a5ebfd09ba6a2e3e0cf4	16056	spontaneous-speech-pne-16056.mp3	15912	1487	Inouk keh kirak kok tong joh udey langit?	[noise] kirak kik ju udey langit yan ne eh tawu langit tek abin tawu langit piti kek taup kek merem, saput apa cemua.	1	teens	male_masculine	Western Penan	train	5.970336852689794		False	0.14912280701754388	False	6.3867975361994915	0.9869969040247678	False
38d1cf1c53c7826866b3ae7a6495b32f	16325	spontaneous-speech-pne-16325.mp3	16956	1487	Inouk keh kirak kok tong joh udey langit?	Yeng pun akouk mojam kirak tong joh udey langit. Langit langit langit, yeng pun udey langit. langit langit. jah manouk eh pudey, pun eh terk, pun eh tagak. Pun eh terk, pun eh tagak. langit piak itouk yeng konak sau, ineh tue udey. Sau pun eh tagak, langit itouk jarang kok nat tagak.	1	twenties	male_masculine	Western Penan	train	13.682472281198397		False	0.4092526690391459	False	3.839414428606788	0.28111455108359135	True
46b095ac5602bd3bfdf0cc670842c77c	16350	spontaneous-speech-pne-16350.mp3	15948	1487	Inouk keh kirak kok tong joh udey langit?	Yeng pun kirak tong ude langit jian, awang jian. Yeng pun ineuk kirak dalem neh. Sajak langit sukat ayuk ulouk murip, ayuk ulouk mukuk tong rak neh. Ngelinget ulouk. 	1			Western Penan	train	8.590418861299222		False	0.23926380368098155	False	3.9410792297452697	0.356656346749226	True
209c440297f7fce6c5e4fba0e913f9b8	16358	spontaneous-speech-pne-16358.mp3	11088	1487	Inouk keh kirak kok tong joh udey langit?	Kirak kek tong udey- udey langit, akouk kirak adet yah pengawu ngan urip yah pengawu.	1			Western Penan	train	6.403318903318903		True	0.1585365853658537	False			False
75e882dda7e6942bcfa81c65ba9893a3	16415	spontaneous-speech-pne-16415.mp3	17100	1487	Inouk keh kirak kok tong joh udey langit?	Yeng kerk pun konak teranak kira'k ke'k tong joh ude langit,nak pe keh,yeng peh akeuk lalek koluk eh tagak,yeng peh akeuk lalek koluk eh terk paget paget .	1			Western Penan	train	7.485380116959064		False	0.256578947368421	False	4.821997787578461	0.836532507739938	False
06e91360c689ccdb3c48e8c51aac7b8c	17430	spontaneous-speech-pne-17430.mp3	17856	1487	Inouk keh kirak kok tong joh udey langit?	akeuk yeng mojam,ineuk roti piak yah eh narak ineh.sumak ke'k  basak basak eh keh mengate,yeng akeuk mojam	1	teens	female_feminine	Western Penan	train	4.98431899641577		False	0.13592233009708743	False	4.640726851243364	0.7671826625386997	False
660efcc153b8f1b83f0e7b7293a6739d	17524	spontaneous-speech-pne-17524.mp3	16308	1487	Inouk keh kirak kok tong joh udey langit?	kirak kik,yeng pun akouk lalek kirak kik ineh,nat nat tuwerk..dan tagak,jiak..dan nonep peh,jiak bi peh ineh monak amik bengosak amik,daleh amik ponan..	1	teens	female_feminine	Western Penan	train	8.032867304390484		False	0.1610738255033557	False	3.9732965077536058	0.3888544891640867	True
d03d164e3a037c9462bb3b7801263813	17678	spontaneous-speech-pne-17678.mp3	33624	1487	Inouk keh kirak kok tong joh udey langit?	Yeng pun kirak ulouk boken. langit ituek dey ineh lobih jiak eh Jin eh tan ulouk, Jin eh kojam ulouk ineh. udey langit eh konak tong langit ituek Jin langit Pat sagam langit lomah ineh pegejiak neh ngan ulouk ayuk oleuk mojam. mojam pekirak eh mojam ngirak langit ulouk eh langit ituek pun neh ngan langit Jah langit sagam atau langit Jah 	1	twenties	female_feminine	Western Penan	train	8.23816321674994		True	0.39880952380952384	False			False
59015be0ab1203af375a4af4b86c43d5	17826	spontaneous-speech-pne-17826.mp3	16200	1487	Inouk keh kirak kok tong joh udey langit?	[um] akouk rasa dalem langit itouk ineh, akouk peh- yeng pun udey neh tong akouk. Ineh ineh kek langit. Jah kalik terk, jah kalik terk- belokak jalan tasak, belokak jalan yeng jian nanouk. 	1			Western Penan	train	9.62962962962963		False	0.23118279569892475	False	4.537998885994877	0.7232198142414861	False
a2632e7d8bbc0b5567334fd6bb68604f	18152	spontaneous-speech-pne-18152.mp3	16380	1487	Inouk keh kirak kok tong joh udey langit?	Owk, yeng pun kirak kek menat. Akeuk menat keadaan neh konak macem langit iteuk dalem penganeuk neh keh. Uleuk yeng mojam, yeng uleuk mojam barak roti, adui neh maneuk uleuk konak iteuk. Keh ke toh langit ineh neh. Keh. 	1	fifties	male_masculine	Western Penan	train	11.05006105006105		False	0.24884792626728114	False	3.9180859628493474	0.3411764705882353	True
3a783f2ba60782823bab13f00d15057a	18282	spontaneous-speech-pne-18282.mp3	18468	1487	Inouk keh kirak kok tong joh udey langit?	Kirak kik maok eh yeng pun udey yeng jiak eh pudey [um] pudey jiak keh. niah eh pudey sat bareng konak eh manouk [um] manouk jiak jiak lah. 	1			Western Penan	train	6.064544076239983		False	0.2992700729927007	False	4.0724280846191725	0.4582043343653251	True
15813ed995d0a8f107309df7f9afa0d0	15196	spontaneous-speech-pne-15196.mp3	10728	1488	Pun kek udey langit itouk tong daleh kah jin duman yah pongah?	Somah ate,joh langit jin sau,yeng pun ude neh..belokak terk tuwerk neh..	1	thirties	female_feminine	Western Penan	train	5.7792692020879946		True	0.05797101449275366	False			False
6daf5823a635cbefd29a368980768870	15649	spontaneous-speech-pne-15649.mp3	16236	1488	Pun kek udey langit itouk tong daleh kah jin duman yah pongah?	Owk yeng pun udey neh. Kuak ineh kek ireh, langit duman monen itei avik langit duman itouk. Yeng pun eh pudey. Pun keh pudey sig sig, sig sig. Tapi larui loh ke eh kojah, kojah kek. larui loh peh konak erei larui loh  peh konak erei. 	1			Western Penan	train	11.51761517615176		False	0.2987012987012987	False	4.5946151367852215	0.74984520123839	False
46b095ac5602bd3bfdf0cc670842c77c	15830	spontaneous-speech-pne-15830.mp3	16848	1488	Pun kek udey langit itouk tong daleh kah jin duman yah pongah?	langit jian langit amik tong murum..tong daleh..yeng pun sat,amik pun sonang..dalem duman yah pongah pongah,keh..amik murip jian tong daleh amik. 	1			Western Penan	train	7.478632478632479		False	0.2447552447552448	False	3.693813004098103	0.2	True
d010ca153b96a5ebfd09ba6a2e3e0cf4	15861	spontaneous-speech-pne-15861.mp3	16128	1488	Pun kek udey langit itouk tong daleh kah jin duman yah pongah?	Yeng pun udey neh, samak ineh jin sau avik piak langit iteuk. Joh neh keh-keh neh avik langit iteuk. Sumak kelunan sat tuek langit iteuk neh. Keh..	1	teens	male_masculine	Western Penan	train	7.502480158730159		False	0.24305555555555558	False	3.749835303697886	0.23219814241486067	True
38d1cf1c53c7826866b3ae7a6495b32f	16067	spontaneous-speech-pne-16067.mp3	19800	1488	Pun kek udey langit itouk tong daleh kah jin duman yah pongah?	Pun lah udey neh, pudey sig tue. Dekuk neh langit itouk, pun jalan. Pun jalan kerita, tai lak ume' amik, tai maseg. Sukat ayuk amik melakau. Dekuk neh juk boleh itouk sau, ineh tuek udey. Pun langit piak itouk, pun kerita pun jalan avik ume' amik. 	1	twenties	male_masculine	Western Penan	train	10.202020202020202		False	0.28979591836734697	False	4.38230182350931	0.6495356037151703	False
209c440297f7fce6c5e4fba0e913f9b8	16207	spontaneous-speech-pne-16207.mp3	15300	1488	Pun kek udey langit itouk tong daleh kah jin duman yah pongah?	Akouk kirak pun langit itouk lalek lalek yeng pun udey neh. Samak ineh tue	1			Western Penan	train	3.986928104575163		False	0.11267605633802813	False	3.5348288627058917	0.10712074303405572	True
75e882dda7e6942bcfa81c65ba9893a3	16442	spontaneous-speech-pne-16442.mp3	10944	1488	Pun kek udey langit itouk tong daleh kah jin duman yah pongah?	Yeng kek pun teranak neh, pun udey neh. Tong akouk, sineh sineh kek. Yeng kek pun udey neh jin duman yah pongah. Keh.	1			Western Penan	train	8.680555555555555		True	0.23684210526315785	False			False
660efcc153b8f1b83f0e7b7293a6739d	17383	spontaneous-speech-pne-17383.mp3	16416	1488	Pun kek udey langit itouk tong daleh kah jin duman yah pongah?	owk pun ude neh,pun langit, pun neh sau,langit sau sau ineh,pinek yah sat,pinek yah kurang,langit pengawu itouk narak keik jian,du'kuk pun yah sukat nouk ulouk,sukat nouk ulouk	1	teens	female_feminine	Western Penan	train	9.137426900584796		False	0.2658959537572254	False	3.992396609974434	0.4037151702786378	True
06e91360c689ccdb3c48e8c51aac7b8c	17456	spontaneous-speech-pne-17456.mp3	18576	1488	Pun kek udey langit itouk tong daleh kah jin duman yah pongah?	yeng pun ude langit itouk,tong daleh yah jin duman yah pongah..yeng pun ude,samak ineh kerk,yeng pun ude langit itouk jin yah sau..samak ineh	1	teens	female_feminine	Western Penan	train	6.406115417743324		False	0.32608695652173914	False	3.36261095115409	0.04520123839009288	True
59015be0ab1203af375a4af4b86c43d5	17775	spontaneous-speech-pne-17775.mp3	15444	1488	Pun kek udey langit itouk tong daleh kah jin duman yah pongah?	Owk..duman eh sau,kurerk kurerk duman eh sau..pun lah undian neh bagik amik..tapi masa itouk,ulouk yeng mojam dalem pat lomah duman pongah itouk...yeng peh pun eh jiak bagik..kalau ulouk sedirik,yeng pun ude neh bagik akouk..	1			Western Penan	train	12.432012432012431		False	0.21621621621621623	False	3.958277084097212	0.3746130030959752	True
d03d164e3a037c9462bb3b7801263813	17776	spontaneous-speech-pne-17776.mp3	21024	1488	Pun kek udey langit itouk tong daleh kah jin duman yah pongah?	Somah ater neh pun udey neh, pun pun ah kejian neh. Samak ineh, samak yah anah itam tong daleh itsm itei kek tong daleh lak itouk. Yeng pun udey yeng pun teranak neh. Samak samak sat, samak samak bareng.	1	twenties	female_feminine	Western Penan	train	7.848173515981735		False	0.30000000000000004	False	4.452180005619819	0.679876160990712	False
a2632e7d8bbc0b5567334fd6bb68604f	18200	spontaneous-speech-pne-18200.mp3	15480	1488	Pun kek udey langit itouk tong daleh kah jin duman yah pongah?	Yeng pun ude neh, joh neh jin sau erei..yeng pun ude neh,keh abuh pun ude neh ngan ireh boken, ngan amik touk yeng pun ude neh,konak duman sau erei keh duman itouk, yeng pun ude..keh duman itouk, yeng pun jiak	1	fifties	male_masculine	Western Penan	train	10.981912144702845		False	0.43203883495145634	False	3.976578574535282	0.3913312693498452	True
3a783f2ba60782823bab13f00d15057a	18302	spontaneous-speech-pne-18302.mp3	19404	1488	Pun kek udey langit itouk tong daleh kah jin duman yah pongah?	Pun udey neh, eh sig sig sineh. Bareng eh jau tan ulouk. Mauk eh sig sig, yeng yan neh kunah ulouk. Keh udey neh. Udey langit, udey [um] udey langit ineh bi. 	1			Western Penan	train	6.493506493506493		False	0.2774193548387097	False	4.341348654499787	0.6291021671826625	False
6daf5823a635cbefd29a368980768870	15246	spontaneous-speech-pne-15246.mp3	15300	1541	Lete’erk main inouk yah koluk tan kuk?	Main bon, main bola tampar, main[um]main badminton, dance, ineh tuek koluk tan kik.	1			Western Penan	train	4.640522875816993		False	0.125	False	4.019742595368491	0.42538699690402476	True
15813ed995d0a8f107309df7f9afa0d0	15570	spontaneous-speech-pne-15570.mp3	13176	1541	Lete’erk main inouk yah koluk tan kuk?	Lete'erk kolouk tan kik, kolouk nanouk kik, kolouk main kik, mengase, sagak, petading lagu. Ineh kolouk kik. 	1	thirties	female_feminine	Western Penan	train	6.982392228293867		False	0.26415094339622647	False	4.253912256072077	0.5795665634674922	True
d010ca153b96a5ebfd09ba6a2e3e0cf4	16107	spontaneous-speech-pne-16107.mp3	16740	1541	Lete’erk main inouk yah koluk tan kuk?	Le'terk ireh pekaweng,le'terk ireh pekusik,eh..pepatai,yeng eh pepatai pong lah,ireh kelonyat pekaleng ayuk napun	1	teens	male_masculine	Western Penan	train	6.033452807646356		False	0.2090909090909091	False	5.35442533968336	0.9405572755417957	False
38d1cf1c53c7826866b3ae7a6495b32f	16302	spontaneous-speech-pne-16302.mp3	15480	1541	Lete’erk main inouk yah koluk tan kuk?	sagak,menyapik,pesinui,ineh yah anah amik ponan..ineh yah koluk tan kik,le'terk tan kik ,pekonau..atah sau,langit piak itouk eh kojah,ineh yah koluk tan kik sau..tong urip kik lah..ineh	1	twenties	male_masculine	Western Penan	train	10.400516795865633		False	0.23076923076923073	False	3.994986884581643	0.4043343653250774	True
75e882dda7e6942bcfa81c65ba9893a3	16366	spontaneous-speech-pne-16366.mp3	15516	1541	Lete’erk main inouk yah koluk tan kuk?	Leterk maen yah koluk tan kik, yah neh maen bon, yan neh maen badminton, yah neh maen chess, yan neh maen game. Yah malai nanouk kik, yah koluk tan kik.	1			Western Penan	train	7.927300850734725		False	0.4093959731543624	False	3.5258147036612137	0.10278637770897833	True
209c440297f7fce6c5e4fba0e913f9b8	16421	spontaneous-speech-pne-16421.mp3	10188	1541	Lete’erk main inouk yah koluk tan kuk?	Le'terk..main..yah koluk tan kik..ireh pekalap..ireh kelonyat,ireh sagak..	1			Western Penan	train	6.674519042010208		True	0.08450704225352113	False			False
46b095ac5602bd3bfdf0cc670842c77c	16433	spontaneous-speech-pne-16433.mp3	13680	1541	Lete’erk main inouk yah koluk tan kuk?	Koluk nat ireh sipag bon, koluk nat ireh mengase, [sniff] koluk nat ireh modog [noise] koluk tan kek.	1			Western Penan	train	6.140350877192983		False	0.30612244897959184	False	3.4629753490102986	0.07306501547987616	True
660efcc153b8f1b83f0e7b7293a6739d	17277	spontaneous-speech-pne-17277.mp3	16236	1541	Lete’erk main inouk yah koluk tan kuk?	Lateik yah koluk tan amik tan kik lateik ireh mopun[unclear] lateik ireh ponak talet lateik ireh main bon ineh tuek lateik yah koluek tan kik.	1	teens	female_feminine	Western Penan	train	7.26779995072678		False	0.3525179856115108	False	4.892763574319677	0.8538699690402477	False
15c3189343ecfed295e773c9a86db318	17590	spontaneous-speech-pne-17590.mp3	13320	1541	Lete’erk main inouk yah koluk tan kuk?	Kelete'erk, maen bon, mean bola tampar, [um] inouk, poco. [um]	1	twenties	female_feminine	Western Penan	train	3.978978978978979		False	0.05084745762711862	False	4.184062254418334	0.5337461300309597	True
06e91360c689ccdb3c48e8c51aac7b8c	17635	spontaneous-speech-pne-17635.mp3	18252	1541	Lete’erk main inouk yah koluk tan kuk?	Lete'erk maen yah koluk tan kik, yah konak tog nat ireh anag bi kelete'erk, main, mengase, maen ungap, petarik. Inouk inouk adui ireh anag yah lete'erk-lete'erk yah koluk tan kik. 	1	teens	female_feminine	Western Penan	train	8.21827744904668		False	0.288135593220339	False	3.564385955917817	0.12879256965944272	True
d03d164e3a037c9462bb3b7801263813	17965	spontaneous-speech-pne-17965.mp3	12708	1541	Lete’erk main inouk yah koluk tan kuk?	Ireh keleterk maen bon, ireh keleterk mengase, ireh petareg, ireh lagu, ireh poso, ireh sagak. Ineh bengosak maen yah koluk tan ulouk bi bi neh.	1	twenties	female_feminine	Western Penan	train	9.442870632672332		False	0.23404255319148937	False	3.83945148908455	0.28173374613003094	True
59015be0ab1203af375a4af4b86c43d5	17987	spontaneous-speech-pne-17987.mp3	17064	1541	Lete’erk main inouk yah koluk tan kuk?	Leterk main ineh koluk tan kik konak main bon. Koluk nat ireh main bon, koluk koluk nat ireh [um] main badminten. Kuk neh dan lakeik kik main bon, tai mauk tuek. Leterk Inuek-inuek tuek 	1			Western Penan	train	8.907641819034223		False	0.3224043715846995	False	4.083055197358678	0.4662538699690402	True
4ec459422dba26b5a75bdf06815cae81	18089	spontaneous-speech-pne-18089.mp3	12744	1541	Lete’erk main inouk yah koluk tan kuk?	Lete'erk main yah koluk tan kik ineh, koluk nat ireh maen bon, koluk nat ireh [unclear], ireh pepatai, ireh pakaweng. Ineh koluk tan kek.	1			Western Penan	train	8.945386064030131		False	0.26865671641791045	False	3.231363984385092	0.018575851393188854	True
a2632e7d8bbc0b5567334fd6bb68604f	18103	spontaneous-speech-pne-18103.mp3	15840	1541	Lete’erk main inouk yah koluk tan kuk?	Owk..le'terk yah jian,sat pekutau..sagak jian,pesinui jian,lagu jian,ineh yah ayuk kelunan jiak konep..ineh yah ayuk kelunan koluk, keh adui ulouk tong lamin..tong umerk ulouk, ineh jian tosog, ineh jian seritak..	1	fifties	male_masculine	Western Penan	train	11.679292929292927		False	0.24761904761904763	False	3.8935233003981744	0.32136222910216716	True
3a783f2ba60782823bab13f00d15057a	18312	spontaneous-speech-pne-18312.mp3	17028	1541	Lete’erk main inouk yah koluk tan kuk?	Koluk akouk menat ireh main badminton,koluk akouk nat ireh main bon,ineh koluk tan kik. Niah dan amik erei manouk kesomai konak sau erei, ineh eh keh ineh,sukat amik manouk,sukat amik [um] min. Keh. Ineh eh yah dalem main..	1			Western Penan	train	10.923185341789994		False	0.25	False	3.732224788479746	0.22291021671826625	True
209aab5184d892f83f2f6491b90f4867	15413	spontaneous-speech-pne-15413.mp3	28764	1552	Inouk eh pengoluk kuk dalem pengejian barang lobuk (pon, tv, ijin daven) tong urip kuk?	Pun pengejian, pun pengesat barang lobuk itouk. Kuk pinek yah [unclear], kuk pinek yah solap tan ulouk. Yeng kojam ulouk, yeng tan ulouk. Konak tog anah ulouk konak kapak, konak malat, ineh yah biasa nongen ulouk. Pun barang rah itouk petiken ; yan neh pon, yan neh tv, yan neh mesen. Ineh pengejian neh [unclear] [unclear]	1			Western Penan	train	9.317202058128215		True	0.31562500000000004	False			False
15813ed995d0a8f107309df7f9afa0d0	15452	spontaneous-speech-pne-15452.mp3	15156	1552	Inouk eh pengoluk kuk dalem pengejian barang lobuk (pon, tv, ijin daven) tong urip kuk?	Jah ijin mopuk yah sukat mipe akeuk dalem adui kek tong lamin kek, yeng maneuk akeuk lalek yeng uwat, yeng maneuk akeuk lalek shakit. Ijin mopuk ineh gune kek.	1	thirties	female_feminine	Western Penan	train	8.643441541303774		False	0.2564102564102564	False	5.065862782824192	0.8897832817337461	False
6daf5823a635cbefd29a368980768870	15652	spontaneous-speech-pne-15652.mp3	16164	1552	Inouk eh pengoluk kuk dalem pengejian barang lobuk (pon, tv, ijin daven) tong urip kuk?	Akouk koluk pon du'kuk neh sukat [um] memakeh akouk dalem kokat [um] erei langit ayuk kik mukuk. pongah ineh, ijin daven..du'kuk kik koluk eh.. eh sukat mipe akouk mopuk daven..ineh koluk kik.	1			Western Penan	train	9.96040584013858		False	0.2592592592592593	False	3.521527828350625	0.10154798761609907	True
38d1cf1c53c7826866b3ae7a6495b32f	15744	spontaneous-speech-pne-15744.mp3	21960	1552	Inouk eh pengoluk kuk dalem pengejian barang lobuk (pon, tv, ijin daven) tong urip kuk?	Yeng pun pengoluk kik,akouk meriyet,akouk jian konep dukuk barang ineh jian,dukuk neh yeng pun pernah keh keh jin tinen tamen kik tapik akouk koluk nat,koluk pengejian dukuk neh bareng eh jian,dukuk meh jian menat,dukuk neh menyalau akouk..	1	twenties	male_masculine	Western Penan	train	9.289617486338797		True	0.3291139240506329	False			False
d010ca153b96a5ebfd09ba6a2e3e0cf4	15997	spontaneous-speech-pne-15997.mp3	15876	1552	Inouk eh pengoluk kuk dalem pengejian barang lobuk (pon, tv, ijin daven) tong urip kuk?	Barang koluk kik ineh yan neh ijin mopuk, [unclear] muto, tabang sangep yah pun ayuk manouk eh wangi [unclear].	1	teens	male_masculine	Western Penan	train	5.857898715041572		False	0.08333333333333337	False	3.674191655235742	0.18761609907120744	True
209c440297f7fce6c5e4fba0e913f9b8	16137	spontaneous-speech-pne-16137.mp3	15048	1552	Inouk eh pengoluk kuk dalem pengejian barang lobuk (pon, tv, ijin daven) tong urip kuk?	Pegoluk kik dalem barang lobuk pon sukat ayuk kek pani konak konak keh bi kalau ukuk kik tong lamin ngejin semua sukat nanuek ireh daven sukat ayuk kek 	1			Western Penan	train	8.240297713981924		False	0.20134228187919467	False	4.398958385297874	0.6588235294117647	False
46b095ac5602bd3bfdf0cc670842c77c	16258	spontaneous-speech-pne-16258.mp3	19656	1552	Inouk eh pengoluk kuk dalem pengejian barang lobuk (pon, tv, ijin daven) tong urip kuk?	[sniff] Pengoluk kik ayuk neh, dekuk neh nonak rah dekuk neh kebagik rah. Lobih jiak ulouk ayuk eh, ulouk pa- ayuk ulouk murip. [unclear] dekuk yeng ulouk kalek pun barang yak konak ineh.	1			Western Penan	train	7.885632885632886		False	0.22282608695652173	False	3.642399892613131	0.16594427244582044	True
75e882dda7e6942bcfa81c65ba9893a3	16569	spontaneous-speech-pne-16569.mp3	17676	1552	Inouk eh pengoluk kuk dalem pengejian barang lobuk (pon, tv, ijin daven) tong urip kuk?	Inouk eh koluk kek dalem pengejian barang lobuk dekuk neh sukat- dekuk neh ngemoley urip kek. Konak pon, ngemoley akouk ayuk kek manouk adui dalem sekulah kek. Konak ijin daven, ayuk kek jiak mopuk daven amik yah pinek.	1			Western Penan	train	10.296447159990947		False	0.22685185185185186	False	3.757635866580337	0.23839009287925697	True
660efcc153b8f1b83f0e7b7293a6739d	17370	spontaneous-speech-pne-17370.mp3	16128	1552	Inouk eh pengoluk kuk dalem pengejian barang lobuk (pon, tv, ijin daven) tong urip kuk?	Akuek koluk barak yah koluek kik nat ngejian tan ineh tan kik yeng peh akuek koluk nat eh pun eh Jian nat pun eh bawai pun eh ne Jian batung yeng akuek koluk nat keh dukuk nah jian tuek lah tan kik  	1	teens	female_feminine	Western Penan	train	9.672619047619047		False	0.33673469387755106	False	4.173772155797311	0.525077399380805	True
06e91360c689ccdb3c48e8c51aac7b8c	17508	spontaneous-speech-pne-17508.mp3	19800	1552	Inouk eh pengoluk kuk dalem pengejian barang lobuk (pon, tv, ijin daven) tong urip kuk?	Akouk koluk ayuk barang- yah pengejian neh barang lobuk yan konak tog tv, ijin, pon ka, daven. Semuah inouk inouk yah eh ayuk ayuk amik barang lobuk.	1	teens	female_feminine	Western Penan	train	6.212121212121212		False	0.226027397260274	False	3.56373309803495	0.12631578947368421	True
d03d164e3a037c9462bb3b7801263813	17615	spontaneous-speech-pne-17615.mp3	34308	1552	Inouk eh pengoluk kuk dalem pengejian barang lobuk (pon, tv, ijin daven) tong urip kuk?	Pon neh ayuk uleuk sukat pani de pengejian neh, ayuk uleuk sukat pebarak uleuk somah-somah. TV ineh ayuk uleuk nat ade lobuk bai, lobuk juk. Ijin ineh sukat ayuk uleuk mengatik uwat uleuk ineh, mopuk, tolong mopuk daven uleuk daripada uleuk mugut, daripada uleuk [um] maneuk mopuk ayuk ujuk, mopuk ayuk [um] tenaga, jiak. Ineh pengejiak ijin, uleuk pakai ijin.	1	twenties	female_feminine	Western Penan	train	8.773463915121837		True	0.37815126050420167	False			False
59015be0ab1203af375a4af4b86c43d5	17771	spontaneous-speech-pne-17771.mp3	22968	1552	Inouk eh pengoluk kuk dalem pengejian barang lobuk (pon, tv, ijin daven) tong urip kuk?	Pengoluk kik tong barang yah konak ineh ; konak tv, konak ijin, [um] ijin daven avik pon. Dalem Pon ineh koluk kik dekuk kelunan kik juk sukat kenopon kik, sukat penani kik. Dan kalau ijin daven neh sukat tolong akouk. Dekuk sau amik yeng sukat mopuk ayuk inouk inouk melainkan ayuk ujuk. Dan pun ijin ineh, ineh lobih jiak.	1			Western Penan	train	11.581330546847788		True	0.24922118380062308	False			False
a2632e7d8bbc0b5567334fd6bb68604f	18109	spontaneous-speech-pne-18109.mp3	15120	1552	Inouk eh pengoluk kuk dalem pengejian barang lobuk (pon, tv, ijin daven) tong urip kuk?	Owk, niah pun. Koluk bi nah akouk, semuah eh jian. Tong ayuk neh jian, Tv jian, daven peh jian tem ngan ulouk. Koluk bi neh akouk menat barang ineh.	1	fifties	male_masculine	Western Penan	train	7.936507936507936		False	0.18620689655172418	False	4.1077238841833665	0.4804953560371517	True
3a783f2ba60782823bab13f00d15057a	18263	spontaneous-speech-pne-18263.mp3	19260	1552	Inouk eh pengoluk kuk dalem pengejian barang lobuk (pon, tv, ijin daven) tong urip kuk?	Koluk kik dalem barang lobuk ineh ; pon, tv, ijin itouk ineh. Pon itouk ayuk kik sukat pani. Tv itouk ayuk kik sukat menat seritak yah koluk tan kik, yah koluk erei koluk kik lah. Ijin neh- ineh neh ayuk ulouk sukat mengijin daven, ah yeng ulouk mengijin ayuk ujuk.	1			Western Penan	train	11.214953271028037		False	0.3282442748091603	False	3.6963881741755036	0.2018575851393189	True
916c4bf55dda885cb785b8e0342f30cb	15221	spontaneous-speech-pne-15221.mp3	23328	1577	Konak penganouk kah bayan inouk-inouk lomah duman sau mah?	Amik tusah bayan ngan amik petukan ngan ber, ngan [um] belanyat amik manouk, ngan petukan ngan [um] borat, petukan ngan [um] rigit.	1	fourties	male_masculine	Western Penan	train	4.715363511659808		True	0.3828125	False			False
15813ed995d0a8f107309df7f9afa0d0	15597	spontaneous-speech-pne-15597.mp3	14148	1577	Konak penganouk kah bayan inouk-inouk lomah duman sau mah?	Ayuk ineuk amik bayan, ayuk lomah duman sau, yeng eh pun ayuk amik bayan urip amik nuek amik keh ituek, amik botik atah amik keh ituek	1	thirties	female_feminine	Western Penan	train	7.704269154650834		False	0.2824427480916031	False	5.14744383404794	0.9077399380804954	False
209aab5184d892f83f2f6491b90f4867	15695	spontaneous-speech-pne-15695.mp3	18144	1577	Konak penganouk kah bayan inouk-inouk lomah duman sau mah?	[um] yeng pun akouk mojam yah ineh,numon ineh,yeng pun peronah manouk, yeng pun peronah bayan yah ineh..manouk gaya ineh..akouk, bagik kik, yeng akouk mojam manouk ineh..	1			Western Penan	train	7.991622574955907		False	0.39520958083832336	False	3.3461470020318456	0.04024767801857585	True
209c440297f7fce6c5e4fba0e913f9b8	15790	spontaneous-speech-pne-15790.mp3	14220	1577	Konak penganouk kah bayan inouk-inouk lomah duman sau mah?	Penganouk amik bayan,dan neh kelunan amik,dan ayuk sumak.. [um] keliwah barang tuerk..	1			Western Penan	train	5.274261603375527		False	0.07228915662650603	False	3.607350030044154	0.1498452012383901	True
38d1cf1c53c7826866b3ae7a6495b32f	15797	spontaneous-speech-pne-15797.mp3	17136	1577	Konak penganouk kah bayan inouk-inouk lomah duman sau mah?	Jah itouk akouk yeng mojam. Bayan inouk yah lomah duman itouk, penganouk bayan lomah duman. Dekuk akouk yeng peronah manouk yah konak tog itouk. Yah bayan lomah duman itouk akouk yeng peronah lah. Yeng akouk manouk itouk.	1	twenties	male_masculine	Western Penan	train	10.795985060690944		False	0.44495412844036697	False	3.7102919885859116	0.21052631578947367	True
46b095ac5602bd3bfdf0cc670842c77c	15957	spontaneous-speech-pne-15957.mp3	22860	1577	Konak penganouk kah bayan inouk-inouk lomah duman sau mah?	Yeng pun amik manouk adui ineh sau- ah, dai itouk. Sau amik petukan barang, ayuk ajat, ayuk borat ; ineh ayuk amik bayan ineh.	1			Western Penan	train	4.505686789151357		True	0.16260162601626016	False			False
d010ca153b96a5ebfd09ba6a2e3e0cf4	16085	spontaneous-speech-pne-16085.mp3	17280	1577	Konak penganouk kah bayan inouk-inouk lomah duman sau mah?	penganouk amik bayan sau,yan neh amik pejuan ayuk jipen mabui,ayuk tulin mabui..tulang mabui ayu amik pejuan ayuk amik bayan.	1	teens	male_masculine	Western Penan	train	6.192129629629629		False	0.319672131147541	False	5.143761490957145	0.9065015479876161	False
75e882dda7e6942bcfa81c65ba9893a3	16580	spontaneous-speech-pne-16580.mp3	17604	1577	Konak penganouk kah bayan inouk-inouk lomah duman sau mah?	Penganeuk amik bayan barang eh ineuk-ineuk lomah duman sau yeng eh konak langit iteuk yah ayuk, yah ayuk kad, yah ayuk bank online. Amik sau ayuk, ayuk rigit, ayuk kelivah keliwah barang, petukan barang.	1			Western Penan	train	9.656896159963646		False	0.25	False	4.348181578735071	0.6334365325077399	False
06e91360c689ccdb3c48e8c51aac7b8c	17317	spontaneous-speech-pne-17317.mp3	19944	1577	Konak penganouk kah bayan inouk-inouk lomah duman sau mah?	Akouk peh yeng mojam, inouk lomah dumah sau mah. yeng akouk mojam barak inouk roti neh semuah eh narak ineh. 	1	teens	female_feminine	Western Penan	train	4.46249498596069		False	0.16981132075471694	False	3.454331627190131	0.06873065015479876	True
15c3189343ecfed295e773c9a86db318	17336	spontaneous-speech-pne-17336.mp3	13320	1577	Konak penganouk kah bayan inouk-inouk lomah duman sau mah?	[um] Yeng pun amik bayan inouk inouk dekuk yeng pun amik [unclear] barang inouk inouk. Yeng pun amik bayan.	1	twenties	female_feminine	Western Penan	train	6.681681681681682		False	0.3846153846153846	False	2.9991607861621183	0.002476780185758514	True
660efcc153b8f1b83f0e7b7293a6739d	17648	spontaneous-speech-pne-17648.mp3	16020	1577	Konak penganouk kah bayan inouk-inouk lomah duman sau mah?	Yeng pun amik bayan. Tai- keroja amik, pitah rigit amik. Ayuk amik jiak bayan yak barang yah nale' amik ineh mah. Sukat kebayan amik lah.	1	teens	female_feminine	Western Penan	train	7.0536828963795255		False	0.17164179104477617	False	4.049676535890885	0.4439628482972136	True
d03d164e3a037c9462bb3b7801263813	17815	spontaneous-speech-pne-17815.mp3	25524	1577	Konak penganouk kah bayan inouk-inouk lomah duman sau mah?	Yeng pun konak penganouk ulouk bayan barang yah nalek ulouk,dan neh sukat ulouk manouk ulouk bayan,ulouk bayan..yeng ulouk sukat bayan,yeng ulouk sukat manouk..ulouk pepulik eh..ulouk [um] minak mulik,pepukuk lah..yeng pun ulouk [um] minak eh ngan ulouk dukuk ulouk yeng sukat manouk eh..	1	twenties	female_feminine	Western Penan	train	9.677166588309042		True	0.4491228070175438	False			False
59015be0ab1203af375a4af4b86c43d5	17820	spontaneous-speech-pne-17820.mp3	22176	1577	Konak penganouk kah bayan inouk-inouk lomah duman sau mah?	Akouk peh yeng mojam konak penganouk bayan inouk inouk. Mukin yeng pun penganouk bayan inouk inouk konak eh dai itouk ayuk akaun kek ayuk inouk. Dekuk neh cash semua. Kuk amik sau peh yeng kale mojam [um] internet itouk, yeng kale mojam secara perbank-bankan itouk. Yeng pun. Semuah neh cash, inouk eh nale amik, inouk eh kebayan amik.	1			Western Penan	train	12.536075036075037		True	0.3674698795180723	False			False
a2632e7d8bbc0b5567334fd6bb68604f	18094	spontaneous-speech-pne-18094.mp3	15480	1577	Konak penganouk kah bayan inouk-inouk lomah duman sau mah?	Owk, pun konep ulouk juk bayan. Pun kek duman sau mah, jalan yeng pun sau mah yah dekuk neh yeng jadi jin sau. Masa ulouk pun, ineh ulouk juk bayan. Yah dekuk neh lobik juk kebayan, keh adui ineh. Keh.	1	fifties	male_masculine	Western Penan	train	10.465116279069766		False	0.26262626262626265	False	3.9582540254749734	0.3739938080495356	True
3a783f2ba60782823bab13f00d15057a	18324	spontaneous-speech-pne-18324.mp3	17640	1577	Konak penganouk kah bayan inouk-inouk lomah duman sau mah?	Owk, larui peh akouk yeng mojam yeng menosen. Konak amik bayan, konak amik monak [uh] owk, monak sen ngan kelunan, konak amik bayan. Eh dai itouk, yeng ulouk bayan pakey daon sen ineh.	1			Western Penan	train	8.616780045351474		False	0.24861878453038677	False	3.9652965946496432	0.3801857585139319	True
6daf5823a635cbefd29a368980768870	15611	spontaneous-speech-pne-15611.mp3	16236	1478	Tulan inouk kolong kah tong umek?	Kolong kik labeik, asouk, miaw,   deg, itig. Kolong kik, avik kuyat,modog,betolu,pun kolong kik. tong ume', tong inak kik sitey. eh ninak kik.	1			Western Penan	train	7.329391475732939		False	0.19424460431654678	False	5.553427823126056	0.9640866873065016	False
15813ed995d0a8f107309df7f9afa0d0	15626	spontaneous-speech-pne-15626.mp3	17496	1478	Tulan inouk kolong kah tong umek?	Kolong amik tong umek dek, asuek, miow ineh kolong amik tong umek aruk yeng amik koluk yah boken jah sumak asuek, dek miow ineh kolong amik	2	thirties	female_feminine	Western Penan	train	6.515775034293553		False	0.38235294117647056	False	5.038664267394676	0.8842105263157894	False
916c4bf55dda885cb785b8e0342f30cb	15722	spontaneous-speech-pne-15722.mp3	14616	1478	Tulan inouk kolong kah tong umek?	Kolong amik ineh neh dek,pun peh asouk,pun peh [um] uteng,pun peh [um] betolu.	1	fourties	male_masculine	Western Penan	train	4.51559934318555		False	0.2533333333333333	False	4.670031168524125	0.7777089783281734	False
d010ca153b96a5ebfd09ba6a2e3e0cf4	15771	spontaneous-speech-pne-15771.mp3	16956	1478	Tulan inouk kolong kah tong umek?	Kolong amik ; asouk, deg, miaw, modog. Inouk, pinek pinek lah kolong amik. Juit, kolong amik abin mabui.	2	teens	male_masculine	Western Penan	train	5.130927105449398		False	0.2277227722772277	False	4.847789502090669	0.8445820433436533	False
38d1cf1c53c7826866b3ae7a6495b32f	15873	spontaneous-speech-pne-15873.mp3	17100	1478	Tulan inouk kolong kah tong umek?	Yah kolong tong ume yeng pun boken. Yah ateg kolong yah lalek pogeng deg. Pongah ineh ireh sau, yeng pun deg. Kolong rah neh anag kuyat, anag modog, anag juit. Kolong ireh sau.	2	twenties	male_masculine	Western Penan	train	8.421052631578947		False	0.23699421965317924	False	4.57187803451702	0.7405572755417956	False
46b095ac5602bd3bfdf0cc670842c77c	16191	spontaneous-speech-pne-16191.mp3	17568	1478	Tulan inouk kolong kah tong umek?	Amik kolong kuyat kolong modok kolong kelawet kolong dek kolong miow ineh kolong amik tong lamin tong umek amik ineh kolong dek 	1			Western Penan	train	6.033697632058288		False	0.41600000000000004	False	4.768217570020058	0.8130030959752322	False
209c440297f7fce6c5e4fba0e913f9b8	16446	spontaneous-speech-pne-16446.mp3	15516	1478	Tulan inouk kolong kah tong umek?	Tulan yah paling- yah yah pogeng amik kolong, bengo- tong bengosak amik ; erei modog, kuyat.	2			Western Penan	train	4.962619231760763		False	0.1235955056179775	False	4.602516074653802	0.7523219814241486	False
75e882dda7e6942bcfa81c65ba9893a3	16476	spontaneous-speech-pne-16476.mp3	15516	1478	Tulan inouk kolong kah tong umek?	Tulan yah kolong amik-kolong amik tong ume' yan neh asouk, yan neh singau, yan neh deg, yan neh uteng, yan neh [um] pinek lah.	2			Western Penan	train	6.638308842485176		False	0.30081300813008127	False	4.140166617928432	0.5015479876160991	True
06e91360c689ccdb3c48e8c51aac7b8c	17290	spontaneous-speech-pne-17290.mp3	18396	1478	Tulan inouk kolong kah tong umek?	Kolong amik tong umerk,yan neh konak..asouk,mew,pun peh yah pinek pinek yah kolonh kolong amik,tong umerk.	1	teens	female_feminine	Western Penan	train	5.001087192868015		False	0.2524271844660194	False	3.8291852677283296	0.2736842105263158	True
660efcc153b8f1b83f0e7b7293a6739d	17379	spontaneous-speech-pne-17379.mp3	16020	1478	Tulan inouk kolong kah tong umek?	Pinek kolong amik. Niah peh dan amik kuman payau, kuman mabui, kuman kuyat, kuman modog. Semuah barang ineh, kolong amik bi peh eh. Koluk amik bi, tuyah amik bi peh. 	2	teens	female_feminine	Western Penan	train	8.489388264669163		False	0.26993865030674846	False	4.459694187931717	0.6860681114551084	False
d03d164e3a037c9462bb3b7801263813	17786	spontaneous-speech-pne-17786.mp3	17712	1478	Tulan inouk kolong kah tong umek?	Pun kolong ulouk boken, juit kek, meow, asouk. Kolong ulouk, tenuyah ulouk eh teninak ulouk, tong lamin ulouk, tong porog ulouk.	2	twenties	female_feminine	Western Penan	train	6.097560975609756		False	0.28	False	4.162864308962845	0.5170278637770898	True
59015be0ab1203af375a4af4b86c43d5	18047	spontaneous-speech-pne-18047.mp3	19980	1478	Tulan inouk kolong kah tong umek?	Yah kolong amik tong ume' ineh, paling pinek ineh asouk, awu ineh deg. Ineh yah kolong amik, kojam kek ineh [unclear] Pun peh yah juit- juit sig-sig ineh. Anah ireh. Yeng akouk mojam, akouk, yeng pun akouk peronah nat kolong [unclear] Jah ineh juit kojam kik, juit jau.	2			Western Penan	train	11.11111111111111		False	0.2894736842105263	False	4.336749469272995	0.6260061919504644	False
a2632e7d8bbc0b5567334fd6bb68604f	18191	spontaneous-speech-pne-18191.mp3	15840	1478	Tulan inouk kolong kah tong umek?	Owk, deg pun, asouk pun, meow pun, ineh kolong. Tapik meow, sat. Keh. Asouk jian, mangang. Deg jian, kejuan. Keh jiak. Ineh adui kolong tong tanak ulouk.	2	fifties	male_masculine	Western Penan	train	8.017676767676768		False	0.17333333333333334	False	5.0133258433436225	0.8811145510835914	False
3a783f2ba60782823bab13f00d15057a	18307	spontaneous-speech-pne-18307.mp3	16740	1478	Tulan inouk kolong kah tong umek?	Koluk kolong kaan, koluk kolong tulan, koluk kolong mabui, koluk ko- kolong inouk inouk tan kek eh yeng eh kelunan. Tulan konak ineh, koluk kolong asouk, mew.	2			Western Penan	train	7.885304659498207		False	0.3612903225806452	False	4.018757379022287	0.4241486068111455	True
15813ed995d0a8f107309df7f9afa0d0	15361	spontaneous-speech-pne-15361.mp3	12456	1566	Inouk, molei kah juk manouk dageng tong daleh kah?	Mole amik manouk dageng tong daleh amik. Amik manouk malat, amik manouk lake ineh. Ayuk amik manouk bukui, ayuk amik manouk borat. Ayuk amik manouk bak. 	1	thirties	female_feminine	Western Penan	train	10.195889531149648		False	0.41333333333333333	False	3.63667132731937	0.16160990712074302	True
916c4bf55dda885cb785b8e0342f30cb	15421	spontaneous-speech-pne-15421.mp3	20268	1566	Inouk, molei kah juk manouk dageng tong daleh kah?	Amik yah malai maneuk dageng ineh avin amik [um] yeng pinek tong jah-jah [um] inak amik yah amik yeng avik [um] pinek lah yeng amik [um] sukat [um] maneuk ineh [um] yeng pun [um] ulik [um] adui amik neh.   	1	fourties	male_masculine	Western Penan	train	8.140911782119597		False	0.35960591133004927	False	3.715733842202988	0.2148606811145511	True
6daf5823a635cbefd29a368980768870	15526	spontaneous-speech-pne-15526.mp3	15660	1566	Inouk, molei kah juk manouk dageng tong daleh kah?	Yeng pun mole meh mole neh konak oluek yeng pun yah mole neh pun salah yeng pun pekuak uluek tong inak lobuk dan oluek juk bukak Jah bisnis keh piak amik barak 	1			Western Penan	train	8.173690932311622		False	0.21019108280254772	False	5.515707400363138	0.9603715170278638	False
38d1cf1c53c7826866b3ae7a6495b32f	15717	spontaneous-speech-pne-15717.mp3	17568	1566	Inouk, molei kah juk manouk dageng tong daleh kah?	Sebab amik yeng barang boken yah sukat amik murip, kaan, mabui, payau, betolu. Pongah ineh, laker yah sukat penitah, yah sukat nanouk amik manouk borat, manouk bukui. Ineh yah sukat nouk amik, yah sukat kedageng amik. Ineh. 	1	twenties	male_masculine	Western Penan	train	10.644353369763206		False	0.28959276018099545	False	3.903277665838451	0.330030959752322	True
d010ca153b96a5ebfd09ba6a2e3e0cf4	15927	spontaneous-speech-pne-15927.mp3	17136	1566	Inouk, molei kah juk manouk dageng tong daleh kah?	Dan amik pun rigit sajak nouk amik lage [unclear] Dan amik kenak touk amik juk pun dageng dan amik yeng pun rigit keh, dan yeng pun rigit sat pedam	1	teens	male_masculine	Western Penan	train	6.944444444444445		False	0.3402777777777778	False	4.130331568468902	0.491640866873065	True
46b095ac5602bd3bfdf0cc670842c77c	16185	spontaneous-speech-pne-16185.mp3	19116	1566	Inouk, molei kah juk manouk dageng tong daleh kah?	[sniff] Yeng amik moley manouk dageng tong daleh. Dekuk amik kelunan tong dilem, tong juk. Yeng amik sukat- yeng moley manouk.	1			Western Penan	train	5.545093115714585		False	0.24390243902439024	False	3.6493753343437874	0.16904024767801856	True
209c440297f7fce6c5e4fba0e913f9b8	16263	spontaneous-speech-pne-16263.mp3	12600	1566	Inouk, molei kah juk manouk dageng tong daleh kah?	Yeng pun moley dan neh akeuk yeng pe moley. Ineh ngaran neh nengayet.	1			Western Penan	train	4.523809523809524		False	0.16666666666666663	False	4.393298333833599	0.6544891640866873	False
75e882dda7e6942bcfa81c65ba9893a3	16332	spontaneous-speech-pne-16332.mp3	19656	1566	Inouk, molei kah juk manouk dageng tong daleh kah?	Tong kirak kik, yeng moley ayuk juk manouk dageng tong daleh amik. Dekuk amik- amik peh kelunan yah merisak. Bengosak amik yah lalek [um] yeng sukat ale rigit, yah lalek [um] man juk tai keroja.	1			Western Penan	train	8.14000814000814		False	0.16230366492146597	False	3.7979532249531283	0.2563467492260062	True
660efcc153b8f1b83f0e7b7293a6739d	17320	spontaneous-speech-pne-17320.mp3	16308	1566	Inouk, molei kah juk manouk dageng tong daleh kah?	Yeng peh eh narak ulouk yeng, yeng peh eh pun. Nat nat [um] tue ulouk nat konak rongah, konak eh sukat nouk ulouk. Konak eh tai bi, konak eh tai-	1	teens	female_feminine	Western Penan	train	7.113073338238901		False	0.30281690140845074	False	4.534562084748643	0.7213622291021672	False
15c3189343ecfed295e773c9a86db318	17393	spontaneous-speech-pne-17393.mp3	15516	1566	Inouk, molei kah juk manouk dageng tong daleh kah?	Amik juk manuek dageng konak tok dek konak tok betolu mie elu ineh yah sukat kejuan amik dalem daleh amik konak avin muto ineg kesukat kejuan amik dalem daleh amik 	1	twenties	female_feminine	Western Penan	train	8.636246455271976		False	0.3291925465838509	False	4.425899780668554	0.6712074303405573	False
06e91360c689ccdb3c48e8c51aac7b8c	17443	spontaneous-speech-pne-17443.mp3	17856	1566	Inouk, molei kah juk manouk dageng tong daleh kah?	dalem kirak kik yeng mole du'kuk pinek peh ireh yah eh bi utang ngan amik,yeng ireh bayan	1	teens	female_feminine	Western Penan	train	4.08826164874552		False	0.06976744186046513	False	4.034187115092619	0.4359133126934985	True
d03d164e3a037c9462bb3b7801263813	17804	spontaneous-speech-pne-17804.mp3	21636	1566	Inouk, molei kah juk manouk dageng tong daleh kah?	Yeng pun mole neh pake urip mauk mauk urip oleuk kalau urip oluek jian sukat murip sukat pun rigit pun berajak oluek inuem oleuk manuek kalau oleuk kirak oluek yeng sukat yeng pun rigit yeng pun berajak oluek owk eh keh neh ineh bagik kelunan murip eh sukat sukat manuek oleuk yeng sukat yeng kek[unclear]	1	twenties	female_feminine	Western Penan	train	11.60103531151784		False	0.4370860927152318	False	4.317934074112243	0.6136222910216719	False
59015be0ab1203af375a4af4b86c43d5	17995	spontaneous-speech-pne-17995.mp3	10044	1566	Inouk, molei kah juk manouk dageng tong daleh kah?	Yeng pun kolong yah tong umek, paling pinek kolong tong umek deq, aseuk, ineh tuek yah kojam kik. Yah juit, yah ineuk-ineuk yeng pun. 	1			Western Penan	train	10.951812027080845		True	0.19083969465648853	False			False
a2632e7d8bbc0b5567334fd6bb68604f	18100	spontaneous-speech-pne-18100.mp3	16128	1566	Inouk, molei kah juk manouk dageng tong daleh kah?	Owk,yeng pun mulai neh..juk sik sik ineh,jin jah atu,manouk gulak batouk ulouk,manouk kerupok,manouk ineh ulouk bareng..jin ineh tai pekatak manouk yah jau.alek be,alek nyak..ineh pekatak ayuk neh tai jau..ineh cara ireh manouk dageng..	1	fifties	male_masculine	Western Penan	train	12.648809523809524		False	0.2575107296137339	False	5.044864697675153	0.8860681114551083	False
3a783f2ba60782823bab13f00d15057a	18226	spontaneous-speech-pne-18226.mp3	17856	1566	Inouk, molei kah juk manouk dageng tong daleh kah?	Yeng pun moley neh. Ya- ulouk manouk keh tengayet adui ulouk, bareng adui ulouk, keroja ulouk. Dekuk ulouk itouk kelunan tusah, kelunan yeng sukat, kelunan [um] yeng konak ireh jak keluak ineh. Keh.	1			Western Penan	train	9.296594982078853		False	0.2512820512820513	False	3.611848512380396	0.15170278637770898	True
209aab5184d892f83f2f6491b90f4867	15269	spontaneous-speech-pne-15269.mp3	25452	1557	Barang lobuk (pon, tv, ijin daven) inouk yah kebosau kuk?	jiak peh pun ijin pun tv, barang lobuk ineh. Bareng penguman ineh, bareng [unclear], ayuk pesangan oreu, ayuk pesangan betuken ulouk. yah penitah ulouk penguman kaan, penguman betolu [unclear]. Ineh yah penitah ulouk, ineh yah [unlcear]	1			Western Penan	train	7.897218293257897		True	0.33047210300429186	False			False
6daf5823a635cbefd29a368980768870	15270	spontaneous-speech-pne-15270.mp3	16776	1557	Barang lobuk (pon, tv, ijin daven) inouk yah kebosau kuk?	Kebosau kik dan neh tem tong karen,pon,tv avik neh solar [um] bap, karen.Ineh tue kodai kik...Jiak eh dan kebosau kik.	1			Western Penan	train	5.901287553648069		False	0.15652173913043477	False	5.421071799008555	0.951702786377709	False
15813ed995d0a8f107309df7f9afa0d0	15310	spontaneous-speech-pne-15310.mp3	12528	1557	Barang lobuk (pon, tv, ijin daven) inouk yah kebosau kuk?	Barang lobuk yah kebosau kik ineh, pon ineh, tv ineh, ijin ineh. Dei eh tasak, dei eh mutup.	1	thirties	female_feminine	Western Penan	train	5.986590038314176		False	0.1573033707865169	False	4.388480856204308	0.6513931888544892	False
916c4bf55dda885cb785b8e0342f30cb	15557	spontaneous-speech-pne-15557.mp3	20880	1557	Barang lobuk (pon, tv, ijin daven) inouk yah kebosau kuk?	Barak lobuk kebosau amik,tv,modai dey ponyouk..dey tasak..ineh, [um] ijin daven ineh,dan neh basak,ulouk gak karen..karen neh..	1	fourties	male_masculine	Western Penan	train	5.363984674329502		False	0.06451612903225812	False	4.685251262785773	0.7789473684210526	False
209c440297f7fce6c5e4fba0e913f9b8	16050	spontaneous-speech-pne-16050.mp3	12780	1557	Barang lobuk (pon, tv, ijin daven) inouk yah kebosau kuk?	keh..barang lobuk yah kebosau kik,pon,tv,ijin..m'dey salak notem,mutup,ponyewk..	1			Western Penan	train	5.790297339593113		False	0.012987012987012991	False	4.827968124662122	0.8390092879256966	False
46b095ac5602bd3bfdf0cc670842c77c	16059	spontaneous-speech-pne-16059.mp3	17208	1557	Barang lobuk (pon, tv, ijin daven) inouk yah kebosau kuk?	Pinek daven lobuk yah konak ineh. Ineh yah kebosau. Dekuk akouk yeng sukat ale, dekuk akouk yeng sukat- ale, kuk kik yeng pun ayuk kek ale.	1			Western Penan	train	6.624825662482565		False	0.23529411764705888	False	3.668456530109596	0.18204334365325078	True
d010ca153b96a5ebfd09ba6a2e3e0cf4	16075	spontaneous-speech-pne-16075.mp3	16524	1557	Barang lobuk (pon, tv, ijin daven) inouk yah kebosau kuk?	Eh kebosau kik yan neh,beluk ireh tolouk ineh..daven,dey eh pojik nouk belavau,tv dey eh pane,mutup,pon mutup pane	1	teens	male_masculine	Western Penan	train	5.930767368675865		False	0.09909909909909909	False	6.236747655023312	0.9857585139318885	False
38d1cf1c53c7826866b3ae7a6495b32f	16253	spontaneous-speech-pne-16253.mp3	17748	1557	Barang lobuk (pon, tv, ijin daven) inouk yah kebosau kuk?	Semuah barang itouk dan neh pun akik, semua akouk [um] inouk ngaren neh...bosau.. dan neh motat,dan neh yeng,pon peh pun roti, tv peh pun roti, ..sebab ineh nalek kik ayuk rigit..	1	twenties	male_masculine	Western Penan	train	8.395312147847644		False	0.1875	False	4.336115890038413	0.6253869969040248	False
75e882dda7e6942bcfa81c65ba9893a3	16479	spontaneous-speech-pne-16479.mp3	15732	1557	Barang lobuk (pon, tv, ijin daven) inouk yah kebosau kuk?	Barang lobuk yah kebosau kik yang neh pon, akuek modai ireh anak kik mogen pon medai ireh menat yak-yak sat yak-yak yeng sukat tan rah	1			Western Penan	train	6.992117976099669		False	0.15267175572519087	False	5.129020246028687	0.9009287925696594	False
15c3189343ecfed295e773c9a86db318	17386	spontaneous-speech-pne-17386.mp3	16056	1557	Barang lobuk (pon, tv, ijin daven) inouk yah kebosau kuk?	Yeng pun yah kebosau kik,yah kebosau kik..urip amik,penguman amik,berajak amik,ineh yah kebosau kik..dalem kat semuah bareng ineh,yeng pun yah kebosau kik..jah penguman amik tuerk..	1	twenties	female_feminine	Western Penan	train	9.840558046836072		False	0.3764044943820225	False	3.4531690872377108	0.06811145510835913	True
660efcc153b8f1b83f0e7b7293a6739d	17418	spontaneous-speech-pne-17418.mp3	16236	1557	Barang lobuk (pon, tv, ijin daven) inouk yah kebosau kuk?	Kebosau kik,dan karen amik patak..dan amik ponyouk,dan line amik yeng pun..ineh ayuk barak,ineh ayuk amik mengopon,ayuk amik mani  ireh tuai nat amik tong lamin..	1	teens	female_feminine	Western Penan	train	8.499630450849963		False	0.2075471698113207	False	4.197194108973977	0.5424148606811146	True
06e91360c689ccdb3c48e8c51aac7b8c	17515	spontaneous-speech-pne-17515.mp3	19620	1557	Barang lobuk (pon, tv, ijin daven) inouk yah kebosau kuk?	Barang yah eh kebosau kik dan neh tasak, yan neh konak tog pon, tv atau peh ijin. Yah eh barang yah kebosau kik dan neh tasak ka, dan neh inouk inouk.	1	teens	female_feminine	Western Penan	train	6.116207951070336		False	0.33333333333333337	False	3.9994581677960808	0.40619195046439627	True
a2632e7d8bbc0b5567334fd6bb68604f	17819	spontaneous-speech-pne-17819.mp3	16488	1557	Barang lobuk (pon, tv, ijin daven) inouk yah kebosau kuk?	Owk..bosau ulouk du'kuk neh barang lobuk..apabila pun jah duah barang ineh,sajak ulouk jimat ulouk pakey.. supaya ulouk lobik pakey..karna neh barang lobuk..yeng sukat nalek ulouk ngan setiap langit ngan setiap bulan..ineh pakey masa..	1	fifties	male_masculine	Western Penan	train	12.311984473556526		False	0.26724137931034486	False	3.9356090830489174	0.35356037151702785	True
59015be0ab1203af375a4af4b86c43d5	17893	spontaneous-speech-pne-17893.mp3	17568	1557	Barang lobuk (pon, tv, ijin daven) inouk yah kebosau kuk?	Paling kebosau kik itouk pon. Kuk pon ineh nongen ulouk siget langit. singet jem. Pun ayuk neh tasak, ayuk neh mutup ngan ireh, ngan ireh lobik. Ineh kodai kek.	1			Western Penan	train	7.513661202185792		False	0.13375796178343946	False	4.487496248632382	0.7027863777089783	False
d03d164e3a037c9462bb3b7801263813	17972	spontaneous-speech-pne-17972.mp3	18612	1557	Barang lobuk (pon, tv, ijin daven) inouk yah kebosau kuk?	Mosak lak pon eh kebosau uleuk, eh tenusah uleuk tong anaq uleuk. Urip pengawu iteuk ireh mojam maneuk pon, ireh mojam maneuk tivi, mojam maneuk ineuk-ineuk yah menan-nan mojam anaq uleuk murip pengawu iteuk lah. 	1	twenties	female_feminine	Western Penan	train	9.563722329679775		False	0.3476190476190476	False	4.270260164719633	0.590092879256966	True
3a783f2ba60782823bab13f00d15057a	18285	spontaneous-speech-pne-18285.mp3	17424	1557	Barang lobuk (pon, tv, ijin daven) inouk yah kebosau kuk?	Akouk bosau ngan ijin daven, dekuk ijin daven itouk lalek pinek lan eh [sniff] inouk ngaran neh, pinek kalik neh mopuk daven ulouk, menat erei daven ulouk. Keh. Ineh eh ijin daven ineh lah.	1			Western Penan	train	8.953168044077135		False	0.23118279569892475	False	3.9790251771233525	0.3931888544891641	True
916c4bf55dda885cb785b8e0342f30cb	15229	spontaneous-speech-pne-15229.mp3	18396	1509	Sik yah petuboh rodu baat tong ayuk kah?	Akouk sedirik, ngan pun peh kivan amik pun peh ireh mukun mukun, ireh yah mojam petuboh. Ireh yah setengah-setengah umon keh.	1	fourties	male_masculine	Western Penan	train	5.707762557077626		False	0.180327868852459	False	4.625220976382839	0.7616099071207431	False
15813ed995d0a8f107309df7f9afa0d0	15356	spontaneous-speech-pne-15356.mp3	11016	1509	Sik yah petuboh rodu baat tong ayuk kah?	Ireh klinik tuai, ireh kelunan misi tuai. Tei petubuh ireh rodu bad, tong ayuk amik.	1	thirties	female_feminine	Western Penan	train	6.35439360929557		True	0.0864197530864198	False			False
209aab5184d892f83f2f6491b90f4867	15473	spontaneous-speech-pne-15473.mp3	20772	1509	Sik yah petuboh rodu baat tong ayuk kah?	Emk..pun yah petuboh rodu bat tong ayuk amik. Dan neh danik klinik, danik ume' ubat..yeng misi petoboh..tuai tong ume' tong inak amik sedirik..lakeik ineh petuboh,tinen ineh petuboh,menat...	1			Western Penan	train	7.895243597150009		False	0.1925133689839572	False	4.412727835479829	0.6656346749226006	False
6daf5823a635cbefd29a368980768870	15494	spontaneous-speech-pne-15494.mp3	16092	1509	Sik yah petuboh rodu baat tong ayuk kah?	Lakeik neh petuboh eh, tinen neh dan ne lakeik neh keroja. Mauk lakeik neh mulik jin keroja, lakeik neh petuboh eh, lakeik neh maneuk penguman, pitah tangoh, alek iteuk alek itei monak rodu neh dan neh pun rigit neh, belanja monak rodu.	1			Western Penan	train	12.117822520507085		False	0.3562231759656652	False	4.650304625482968	0.7708978328173375	False
d010ca153b96a5ebfd09ba6a2e3e0cf4	15825	spontaneous-speech-pne-15825.mp3	17316	1509	Sik yah petuboh rodu baat tong ayuk kah?	Yeng pun akouk kalek pun rodu da itouk..abu akouk pun rodu dak bik awu itei... Ineh akouk,larui mujen akouk ngan rodu dai itouk ..dan kik,tong kik larui anag itouk. 	1	teens	male_masculine	Western Penan	train	7.854007854007855		False	0.2592592592592593	False	4.244837591020991	0.5727554179566563	True
209c440297f7fce6c5e4fba0e913f9b8	15985	spontaneous-speech-pne-15985.mp3	12420	1509	Sik yah petuboh rodu baat tong ayuk kah?	Dalem urip kik iteuk, yah petuboh rodu bad tong ayuk amik, tinen kik iteuk sedirik kek. 	1			Western Penan	train	5.797101449275362		False	0.08235294117647063	False	3.334466825920137	0.0346749226006192	True
38d1cf1c53c7826866b3ae7a6495b32f	16267	spontaneous-speech-pne-16267.mp3	15336	1509	Sik yah petuboh rodu baat tong ayuk kah?	Bagik amik Ponan, talan-talan petuboh lah. Jajik mojam petuboh lah, yah sukat. Dan pun pengojam nonak Tuan jin bawai itei, yah ineh lah petuboh neh. Pabila rodu baat, pabila rodu menganak, yah ineh lah petuboh neh. Keh.	1	twenties	male_masculine	Western Penan	train	11.932707355242568		False	0.27314814814814814	False	4.540094514407855	0.725077399380805	False
46b095ac5602bd3bfdf0cc670842c77c	16464	spontaneous-speech-pne-16464.mp3	11016	1509	Sik yah petuboh rodu baat tong ayuk kah?	Pun kelunan yah petuboh, pun yah menat,yah sukat ..ketine' kik,yah suka kenale'..	1			Western Penan	train	6.35439360929557		True	0.1282051282051282	False			False
75e882dda7e6942bcfa81c65ba9893a3	16555	spontaneous-speech-pne-16555.mp3	17208	1509	Sik yah petuboh rodu baat tong ayuk kah?	Tong bengosak kik yah petuboh rodu bat,dan neh yeng tinen neh,kivan neh,dan yeng kivan neh,viik neh,ireh padik neh,ireh tuken neh,yah petuboh yah dan neh bat..dan neh yeng keh dak, yeng lakeik nah sedirik keh eh..	1			Western Penan	train	10.402138540213851		False	0.32380952380952377	False	4.028326115983963	0.4309597523219814	True
660efcc153b8f1b83f0e7b7293a6739d	17195	spontaneous-speech-pne-17195.mp3	16848	1509	Sik yah petuboh rodu baat tong ayuk kah?	Pun tinen, padik, kelunan amik yah nat amik dalam amik baat. Pun peh ireh lekoton tuai, nat amik, perosa amik, siget bulan.	1	teens	female_feminine	Western Penan	train	6.054131054131054		False	0.15000000000000002	False	5.298941093688098	0.9312693498452013	False
06e91360c689ccdb3c48e8c51aac7b8c	17399	spontaneous-speech-pne-17399.mp3	16380	1509	Sik yah petuboh rodu baat tong ayuk kah?	yeng pun sik petuboh rodu yah bat tong inak amik,sajak jaga sedirik,yeng pun sik petuboh,	1	teens	female_feminine	Western Penan	train	4.578754578754579		False	0.19767441860465118	False	3.555803088185961	0.12198142414860681	True
15c3189343ecfed295e773c9a86db318	17561	spontaneous-speech-pne-17561.mp3	16020	1509	Sik yah petuboh rodu baat tong ayuk kah?	Yah petuboh rodu baat, yeng akouk mojam eh. Yeng amik sedirik petuboh amik dan amik baat. Avik peh lakeik amik, avik peh tinen tamen amik. Ineh petuboh amik, menat amik, dan amik baat.	1	twenties	female_feminine	Western Penan	train	9.488139825218475		False	0.3149171270718232	False	3.4682792685864583	0.07554179566563468	True
59015be0ab1203af375a4af4b86c43d5	17782	spontaneous-speech-pne-17782.mp3	15444	1509	Sik yah petuboh rodu baat tong ayuk kah?	Rodu bat yeng pun sik sik yah petuboh,yah kebayan,yah..suk menat..bayangkan dan neh yeng rodu,lakeik yah lakeik..rodu neh sedirik kerk atau peh tinen tamen,padik neh,anag,aung nah sedirik kerk..	1			Western Penan	train	10.878010878010878		False	0.16753926701570676	False	4.924749238169462	0.8606811145510835	False
d03d164e3a037c9462bb3b7801263813	17818	spontaneous-speech-pne-17818.mp3	19908	1509	Sik yah petuboh rodu baat tong ayuk kah?	Lakeik uleuk, rodu uleuk sedirik keh petuboh uleuk menat uleuk jagak uleuk tong uleuk sat, tong uleuk menganaq, tong uleuk bat, tong uleuk [um] ineuk-ineuk kek masalah uleuk, ineuk kek aneh uleuk. Han uleuk dalem [um] pemoteu uleuk, lakeik uleuk, rodu uleuk sedirik jagak uleuk. 	1	twenties	female_feminine	Western Penan	train	11.754068716094032		False	0.4746376811594203	True			False
a2632e7d8bbc0b5567334fd6bb68604f	17906	spontaneous-speech-pne-17906.mp3	16668	1509	Sik yah petuboh rodu baat tong ayuk kah?	Owk...pun keh misi masa ireh pun..langit itouk ineh,selalu misi tuwai du'kuk dalem urip peritah sau,yeng pun ireh petuboh bat ineh menimah, mukuk tong daleh ulouk,pah avik neh menganak,pah avik neh tonu tong daleh ulouk..keh mukuk keh..	1	fifties	male_masculine	Western Penan	train	12.059035277177829		False	0.22746781115879833	False	4.13722906966647	0.4972136222910217	True
3a783f2ba60782823bab13f00d15057a	18162	spontaneous-speech-pne-18162.mp3	20268	1509	Sik yah petuboh rodu baat tong ayuk kah?	Ireh yah eh petuboh rodu bat tong ayuk amik touk ineh...ireh mukun,ireh jau,ireh yah pun pengojam ireh..[um] pengojam ireh jaga'k ireh yah bat,ireh danag yah eh pongah menganak..sukat jaga'k ireh bat yah pengauw...keh.	1			Western Penan	train	9.177027827116635		False	0.2930232558139535	False	4.226651016637681	0.5622291021671827	True
916c4bf55dda885cb785b8e0342f30cb	15305	spontaneous-speech-pne-15305.mp3	15588	1483	Konak konep kok pekirak langit marung?	amik rasa jiak konep dan langit jiak,langit piti,langit jiak ngan amik sukat padui	1	fourties	male_masculine	Western Penan	train	4.4906338208878624		False	0.22784810126582278	False	4.083678901551081	0.4674922600619195	True
916c4bf55dda885cb785b8e0342f30cb	15305	spontaneous-speech-pne-15305.mp3	15588	1483	Konak konep kok pekirak langit marung?	Amik rasa jiak [um] konep dan langit jiak, [um] langit piti, langit [um] jiak ngan amik sukat [um] padui. 	1	fourties	male_masculine	Western Penan	train	5.581216320246343		False	0.2524271844660194	False	3.99127757698562	0.4024767801857585	True
15813ed995d0a8f107309df7f9afa0d0	15529	spontaneous-speech-pne-15529.mp3	13788	1483	Konak konep kok pekirak langit marung?	Langit marung ireh tada neh juk terk. Ineh dan neh marung, eh yeng jiak, eh juk liwen, eh juk terk peluuk, eh juk terk. Ineh langit marung.	1	thirties	female_feminine	Western Penan	train	8.195532346968378		False	0.36764705882352944	False	4.85526091365566	0.8476780185758513	False
6daf5823a635cbefd29a368980768870	15601	spontaneous-speech-pne-15601.mp3	16056	1483	Konak konep kok pekirak langit marung?	owk..rasa jiak konep kik pekirak eh langit dan neh marung, ateg jiak konep kik nawai akouk menat eh,nawai kelunan eh tong konep kik lah,yah tong piken kik,kalau akouk nat langit marung.	1			Western Penan	train	9.653712007972096		False	0.24725274725274726	False	4.1747818389579905	0.5281733746130031	True
46b095ac5602bd3bfdf0cc670842c77c	16003	spontaneous-speech-pne-16003.mp3	19476	1483	Konak konep kok pekirak langit marung?	Yeng pun konak konep ,kirak langit...sajak langit jian,langit pogeng ayuk sukat melakau,ayuk sukat tai tong berk, tai tong tanak,tai ngejalak,tai memukert..	1			Western Penan	train	6.982953378517149		False	0.20915032679738566	False	3.891979900930357	0.3188854489164087	True
38d1cf1c53c7826866b3ae7a6495b32f	16081	spontaneous-speech-pne-16081.mp3	17460	1483	Konak konep kok pekirak langit marung?	Akouk kirak langit marung dan neh marung,tagak,keh piak kik pekirak ..dan neh marung,jian yeng pun terk..ineh akouk kirak ,yeng pun kirak kik boken jin ineh,mauk langit marung ineh, eh tagak..yah nanouk kik dan tagak,tai pitah betolu,ineh yah paling jiak pitah dan tagak. 	1	twenties	male_masculine	Western Penan	train	13.172966781214203		False	0.33085501858736055	False	3.909567692439154	0.3318885448916409	True
d010ca153b96a5ebfd09ba6a2e3e0cf4	16166	spontaneous-speech-pne-16166.mp3	16272	1483	Konak konep kok pekirak langit marung?	Kuk neh eh barak eh marung ineh ayuk neh- langit ineh jiak, tada neh eh yeng pun terk. Yeng pun seloviu, yeng pun tagak.	1	teens	male_masculine	Western Penan	train	5.961160275319567		False	0.2222222222222222	False	4.176268558007238	0.5306501547987617	True
209c440297f7fce6c5e4fba0e913f9b8	16201	spontaneous-speech-pne-16201.mp3	16308	1483	Konak konep kok pekirak langit marung?	konep kik pekirak dan neh langit marung,ineh tada neh,tagak..dan neh pun ap neh,ineh eh juk terk..dan langit marung,tada tagak	1			Western Penan	train	6.622516556291391		False	0.26016260162601623	False	4.661437721479875	0.7746130030959752	False
75e882dda7e6942bcfa81c65ba9893a3	16342	spontaneous-speech-pne-16342.mp3	12960	1483	Konak konep kok pekirak langit marung?	Bareng konak kirak kik dalem, dalem langit marung. Abu peh marung yeng konak yeng keh kunah Tuhan maneuk eh marung, keh. 	1			Western Penan	train	7.716049382716049		False	0.22881355932203384	False	4.359381163971242	0.6390092879256966	False
15c3189343ecfed295e773c9a86db318	17259	spontaneous-speech-pne-17259.mp3	15408	1483	Konak konep kok pekirak langit marung?	Inouk roti neh, jin mah piak ineh tuai, tuvuk sik eh tuai. Inouk roti neh. [um] Ngan sik piak ineh tuai, sik barak piak ineh ngan kuk.	1	twenties	female_feminine	Western Penan	train	7.009345794392524		False	0.3282442748091603	False	4.779912110907994	0.8173374613003096	False
06e91360c689ccdb3c48e8c51aac7b8c	17356	spontaneous-speech-pne-17356.mp3	19044	1483	Konak konep kok pekirak langit marung?	Jiak konep dukuk langit ineh keh nat..dukuk langit jiak,yeng pun inouk inouk yah eh sat sat..tong langit itouk.	1	teens	female_feminine	Western Penan	train	4.935937828187355		False	0.20370370370370372	False	3.49689619781781	0.08792569659442724	True
660efcc153b8f1b83f0e7b7293a6739d	17387	spontaneous-speech-pne-17387.mp3	16128	1483	Konak konep kok pekirak langit marung?	Konep kik pekirak langit marung, dan lakeik kik tai tong tanak, tamen kik tai tong tanak, topun kik tai lak tanak. Ineh tue peniken kik, bosau akouk pekirak ireh. Kuk juk lakau ireh, tai maseg tong tuan dilem, tong berk, dilem-	1	teens	female_feminine	Western Penan	train	11.594742063492063		False	0.2723214285714286	False	4.562455049037319	0.7362229102167183	False
d03d164e3a037c9462bb3b7801263813	17630	spontaneous-speech-pne-17630.mp3	16848	1483	Konak konep kok pekirak langit marung?	Langit marung ineh, tanda neh langit jian, langit tagak,langit mang..yeng eh terk..ineh pengejian langit marung ineh.. yeng pun terk..yeng pun [um] terk neh dak.	1	twenties	female_feminine	Western Penan	train	8.190883190883191		False	0.32278481012658233	False	3.7868613045394914	0.24953560371517028	True
59015be0ab1203af375a4af4b86c43d5	17960	spontaneous-speech-pne-17960.mp3	17100	1483	Konak konep kok pekirak langit marung?	Konak kek pekirak langit marung. Awe' langit kenosot, awe' langit nanouk ulouk kelunan itouk ineh kukik. Awe' ujuk neh konak ujuk ulouk kelunan itouk kek yah manouk langit marung ineh. [unclear] konak ulouk manouk lamin ulouk, manouk tilung ulouk. 	1			Western Penan	train	12.22222222222222		False	0.39591836734693875	False	3.6625842526278003	0.17770897832817337	True
3a783f2ba60782823bab13f00d15057a	18059	spontaneous-speech-pne-18059.mp3	19260	1483	Konak konep kok pekirak langit marung?	Langit marung ineh tada neh langit ineh jiak. Niah eh jiak, akouk sukat tai melakau, tai manouk adui, manouk keroja. Dan neh yeng keh, yeng akouk mukuk ngate tong lamin. Keh.	1			Western Penan	train	7.476635514018691		False	0.16959064327485385	False	3.3811412199081374	0.04953560371517028	True
a2632e7d8bbc0b5567334fd6bb68604f	18253	spontaneous-speech-pne-18253.mp3	15840	1483	Konak konep kok pekirak langit marung?	Owk, eh marung tan tuah jin rak itouk ineh. Bareng toh mojam pun piak ireh barak eh putik, pun piak ireh barak eh marung ineh. Eh tan ulouk jin juk itouk eh marung. Eh mah yah? Putik? Marung? [sniff] [unclear] eh tan ulouk, yeng ulouk mojam barak yah ineh. Keh.	1	fifties	male_masculine	Western Penan	train	13.383838383838384		False	0.3410852713178295	False	3.900371112491704	0.3256965944272446	True
6daf5823a635cbefd29a368980768870	15263	spontaneous-speech-pne-15263.mp3	16236	1560	Inouk kejian ngan kesat ayuk barang lobuk?	Owk, yeng akouk mojam barak eh sat yeng akouk mojam barak eh jiak. Pukuk neh, pekuak ineh eh tabang sangep avik neh pigan avik neh siruk eh penolek ulouk jin ireh lobuk. Yeng pun beza neh pekuak ineh bagik akouk.	1			Western Penan	train	10.655333826065531		False	0.27751196172248804	False	3.8936750006010037	0.3219814241486068	True
209aab5184d892f83f2f6491b90f4867	15298	spontaneous-speech-pne-15298.mp3	20628	1560	Inouk kejian ngan kesat ayuk barang lobuk?	Bagik kik,yeng pun eh jian,yeng pun eh sat,pekuak bin..akouk pakey, pogeng akouk ayuk,nobik kik..yeng akouk mojam yah mah yah sat, yah mah yah jiak..kunah kik tei , jian bin neh, dan neh jiak..dan neh sat, sat bin neh..	1			Western Penan	train	8.822959084739189		False	0.32407407407407407	False	4.117560518189714	0.4885448916408669	True
15813ed995d0a8f107309df7f9afa0d0	15605	spontaneous-speech-pne-15605.mp3	24660	1560	Inouk kejian ngan kesat ayuk barang lobuk?	Kejian ulouk ayuk barang lobuk, yah neh ayuk ulouk pani, yah neh ayuk ulouk petobai. Pun kesat neh, anag ulouk dan lobik mongen pon, avik peh ulouk lobik mongen pon ; jadi amak, yeng kuman, yeng jadi adui. Ineh kesat, ineh amak.	1	thirties	female_feminine	Western Penan	train	7.583130575831306		True	0.30222222222222217	False			False
916c4bf55dda885cb785b8e0342f30cb	15718	spontaneous-speech-pne-15718.mp3	21780	1560	Inouk kejian ngan kesat ayuk barang lobuk?	Pengejian neh, ayuk amik nat tv, ayuk amik nat berita. Berita ireh lobuk ngan kesat barang lobuk yan neh tv dan neh sot. Amik modai.	1	fourties	male_masculine	Western Penan	train	4.958677685950413		True	0.21705426356589153	False			False
d010ca153b96a5ebfd09ba6a2e3e0cf4	15883	spontaneous-speech-pne-15883.mp3	15876	1560	Inouk kejian ngan kesat ayuk barang lobuk?	Yeng pun yah jian,yeng pun yah sat..juk beluak luak sineh eh..keh amik tong barang ireh lobuk..	1	teens	male_masculine	Western Penan	train	5.039052658100277		False	0.11956521739130432	False	3.6012325069660545	0.14674922600619195	True
46b095ac5602bd3bfdf0cc670842c77c	15886	spontaneous-speech-pne-15886.mp3	18360	1560	Inouk kejian ngan kesat ayuk barang lobuk?	Yeng pun kejian, yeng pun kesat. Niah amik sukat alek, niah amik pun ayuk amik alek barang labuk, koluk bi ke amik ayuk. Yeng pun kesat neh. Keh. Barang lobuk neh, koluk bi ke amik. 	1			Western Penan	train	8.006535947712418		False	0.3240223463687151	False	3.6559903015663053	0.1721362229102167	True
209c440297f7fce6c5e4fba0e913f9b8	16042	spontaneous-speech-pne-16042.mp3	12456	1560	Inouk kejian ngan kesat ayuk barang lobuk?	Pun kejian, pun kesat. Dekuk amik yeng pun barang ineh, ineh pengesat neh. Amik yeng mojam ayuk.	1			Western Penan	train	6.422607578676943		False	0.13978494623655913	False	3.234214907320617	0.019195046439628483	True
38d1cf1c53c7826866b3ae7a6495b32f	16281	spontaneous-speech-pne-16281.mp3	19728	1560	Inouk kejian ngan kesat ayuk barang lobuk?	Yeng pun kejian neh,kalau neh kerita,sumak ulouk yeng sukat bayan tuerk..kejian ayuk neh,kejian ayuk neh sukat min kitey min kitouk..senang ulouk bau..keh..barang lobuk..ineh pegejian ayuk,tapik du'kuk ulouk yeng sukay bayan eh tuerk,yah du'kuk neh..kirak yeng jiak lah	1	twenties	male_masculine	Western Penan	train	11.810624493106245		False	0.3007518796992481	False	4.176882736948847	0.5312693498452012	True
75e882dda7e6942bcfa81c65ba9893a3	16295	spontaneous-speech-pne-16295.mp3	15804	1560	Inouk kejian ngan kesat ayuk barang lobuk?	Pun teranak kejian neh, pun teranak kesat neh. Pun peh ke- kejian neh ayuk ngemoley urip ulouk, pun peh kesat neh medei eh tasak mesei eh sot medei eh paner. Ujung-ujung neh manouk ponyouk.	1			Western Penan	train	9.870918754745636		False	0.27419354838709675	False	5.0417896482571765	0.8854489164086687	False
660efcc153b8f1b83f0e7b7293a6739d	17270	spontaneous-speech-pne-17270.mp3	16488	1560	Inouk kejian ngan kesat ayuk barang lobuk?	Dan konak akouk, koluk tuerk akouk ayuk barang lobuk..ayuk barang ireh..koluk bi peh akouk nat..yeng pun yah sat,yeng pun yah bareng jin barang nouk ireh..keh tuerk. 	1	teens	female_feminine	Western Penan	train	8.49102377486657		False	0.2883435582822086	False	3.263405666982439	0.022910216718266253	True
15c3189343ecfed295e773c9a86db318	17298	spontaneous-speech-pne-17298.mp3	18756	1560	Inouk kejian ngan kesat ayuk barang lobuk?	[um] Dan ulouk- dan ulouk ayuk barang lobuk, yah jiak- yah jiak tan maten ulouk lah. [um] Konak dan lobuk memolek beg, memolek [unclear], ireh pileh. Keh kek ulouk dan ulouk ale tabang, ale sangep. Yah koluk tan ulouk, nale ulouk.	1	twenties	female_feminine	Western Penan	train	10.130091703988056		False	0.2555066079295154	False	4.257456221510824	0.5845201238390093	True
06e91360c689ccdb3c48e8c51aac7b8c	17632	spontaneous-speech-pne-17632.mp3	20232	1560	Inouk kejian ngan kesat ayuk barang lobuk?	yeng pun pengesat yeng peh pun pengejian rawah samak ineh yeng pun yah eh kojah pekuak ineh kerk barang yah eh ane lobuk ineh pun yah pengejian neh pun yah pengesat neh	1	teens	female_feminine	Western Penan	train	6.77145116646896		False	0.4181818181818182	False	3.8684581572128334	0.29907120743034055	True
a2632e7d8bbc0b5567334fd6bb68604f	17718	spontaneous-speech-pne-17718.mp3	16560	1560	Inouk kejian ngan kesat ayuk barang lobuk?	Jian peh ayuk barang lobuk, tapik apa boleh buat yeng pun ayuk ulouk ale. Ateg Lan- jian peh ayuk barang ulouk Ponan ineh yah penting ayuk ulouk. Barang avet, barang tiah ineh, barang aseli ulouk Ponan.	1	fifties	male_masculine	Western Penan	train	10.084541062801932		False	0.29648241206030146	False	4.540485701377035	0.7256965944272445	False
d03d164e3a037c9462bb3b7801263813	17811	spontaneous-speech-pne-17811.mp3	21852	1560	Inouk kejian ngan kesat ayuk barang lobuk?	Jiak ayuk barang lobuk. [um] Jiak urip ulouk [um] pegaya ulouk, mojam mengitang ulouk, mojam ngedaven ulouk ayuk barang lobuk. Inen neh pengejian ulouk ayuk barang lobuk. Yeng pun kesat neh.	1	twenties	female_feminine	Western Penan	train	7.321984257733845		True	0.3582887700534759	False			False
59015be0ab1203af375a4af4b86c43d5	17885	spontaneous-speech-pne-17885.mp3	19152	1560	Inouk kejian ngan kesat ayuk barang lobuk?	Pengejian nah ineh dalem murip, dalem mareng nah ineh sukat tolong ulouk, sukat ngenian binan ulouk roti neh. Mulik pengesat neh, eh yeng kebayan lah. Ujung ujung ulouk juk- [unclear] ulouk juk nanouk ireh dan ulouk yeng sukat bayan. 	1			Western Penan	train	10.181704260651628		False	0.25108225108225113	False	3.8822405851467714	0.31145510835913315	True
3a783f2ba60782823bab13f00d15057a	18332	spontaneous-speech-pne-18332.mp3	17100	1560	Inouk kejian ngan kesat ayuk barang lobuk?	[um] kejian ngan kesat. Kejian neh sukat ulouk manouk ineh erei basen, sukat ulouk manouk adui ineh erei jiak. Kesat nah ineh, inouk ngaran neh, lawu tasak lawu sat. Ngah ineh, man.	1			Western Penan	train	8.771929824561402		False	0.3089887640449438	False	4.275493945692104	0.5931888544891641	True
209aab5184d892f83f2f6491b90f4867	15187	spontaneous-speech-pne-15187.mp3	19116	1498	Ramey itouk yah lalek koluk kuk?	owk..inen neh umerk yah koluk kuk,konak towk ineh,umerk jiak kerk,umerk batouk,yah lalek dalem konep kuk ineh konak inen neh gaya neh,konak inen neh bengosak neh,yah dalem konep kuk ineh 	1			Western Penan	train	8.265327474367023		False	0.34782608695652173	False	4.131911452664712	0.49411764705882355	True
209aab5184d892f83f2f6491b90f4867	15187	spontaneous-speech-pne-15187.mp3	19116	1498	Ramey itouk yah lalek koluk kuk?	Owk, inen neh ume' yah koluk kuk, konak tog ineh. Ume' jiak kek, ume batouk, yah lalek dalem konep kuk ineh. ineh gaya neh, inen neh bengosak neh. Yah dalem konep kuk ineh.	1			Western Penan	train	7.32370788867964		False	0.272189349112426	False	4.289482986867083	0.6024767801857586	False
916c4bf55dda885cb785b8e0342f30cb	15284	spontaneous-speech-pne-15284.mp3	15516	1498	Ramey itouk yah lalek koluk kuk?	Akeuk koluk ramei [um] tahun baru,krismas,gawai...gawai ngan ramei ramei yah boken lah,yah semua ramei.	1	fourties	male_masculine	Western Penan	train	5.800464037122969		False	0.14	False	5.56928861668496	0.9653250773993808	False
6daf5823a635cbefd29a368980768870	15286	spontaneous-speech-pne-15286.mp3	15984	1498	Ramey itouk yah lalek koluk kuk?	Pinek lah ramey koluk kik,yeng akouk...sukon eh ramey,koluk tuwerk akouk, yeng akouk [um] milik milik eh,sukon ramey..ngaran neh ramey..biar peh ramey sik sik, koluk kik bi bi,yeng pun yah kolek kik yah eh....sukon ngaran neh ramey	1			Western Penan	train	12.26226226226226		False	0.33333333333333337	False	4.189110541475809	0.5393188854489164	True
15813ed995d0a8f107309df7f9afa0d0	15334	spontaneous-speech-pne-15334.mp3	11016	1498	Ramey itouk yah lalek koluk kuk?	Ramey yah koluk kik, ramey dalem ujung duman ; ramey krismas, ramey tahun baru. Ineh ramey yah koluk kik.	1	thirties	female_feminine	Western Penan	train	7.89760348583878		True	0.27450980392156865	False			False
38d1cf1c53c7826866b3ae7a6495b32f	16000	spontaneous-speech-pne-16000.mp3	18648	1498	Ramey itouk yah lalek koluk kuk?	Ramey mah yah lalek koluk kik? Dan neh konak inouk piak mutouk akouk, yah mah ramey lalek koluk kik? Jadi soalan itouk mukin neh keh piak kik jawab itouk. Ramey itouk yah lalek koluk kik ineh. Ineh Mukin soalan itouk keh piak kek sap. Yah mah? Yeng pun ramey itouk, ramey mah koluk kik.	1	twenties	male_masculine	Western Penan	train	12.494637494637496		False	0.4134275618374559	False	4.158777355656116	0.5126934984520124	True
46b095ac5602bd3bfdf0cc670842c77c	16019	spontaneous-speech-pne-16019.mp3	17208	1498	Ramey itouk yah lalek koluk kuk?	Langit mang, rome mang, rome molau, ineh rome koluk, ineh rome jiak koluk kik. Rome mang, rome molau. 	1			Western Penan	train	4.881450488145048		False	0.4242424242424242	False	5.239133488624064	0.9250773993808049	False
d010ca153b96a5ebfd09ba6a2e3e0cf4	16029	spontaneous-speech-pne-16029.mp3	16596	1498	Ramey itouk yah lalek koluk kuk?	Ramey adet kawin kek, adet masa krismas kek, taun baru kek, ari gawai kek avik ne amik pagang, amik. 	1	teens	male_masculine	Western Penan	train	4.940949626416004		False	0.13265306122448983	False	7.866904682246063	0.9975232198142415	False
209c440297f7fce6c5e4fba0e913f9b8	16111	spontaneous-speech-pne-16111.mp3	14508	1498	Ramey itouk yah lalek koluk kuk?	Owk..dan neh ramei, akouk koluk..du'kuk neh..pinekbyah ayuk kik koluk dalem neh..sagak,menyape',ineh koluk kik..	1			Western Penan	train	6.8927488282326985		False	0.1651376146788991	False	3.579477505174786	0.13622291021671826	True
75e882dda7e6942bcfa81c65ba9893a3	16607	spontaneous-speech-pne-16607.mp3	16020	1498	Ramey itouk yah lalek koluk kuk?	Pun rame yah lalek kolouk kik yan ne krismas, yan ne taun baru. Dukuk dan- dan ineh lah ireh- ireh padik kik, ireh vik kik, ireh kelunan kik mulik jin daleh bai tei rame ngan amik. 	1			Western Penan	train	9.051186017478152		False	0.1629213483146067	False	4.470806459052061	0.6922600619195046	False
06e91360c689ccdb3c48e8c51aac7b8c	17206	spontaneous-speech-pne-17206.mp3	19260	1498	Ramey itouk yah lalek koluk kuk?	Pun..rame' yah koluk amik,rame' rame' manouk gotong-royong ka,erei..sagak..	1	teens	female_feminine	Western Penan	train	3.530633437175493		False	0.08333333333333337	False	4.895873319007157	0.8551083591331269	False
15c3189343ecfed295e773c9a86db318	17247	spontaneous-speech-pne-17247.mp3	17136	1498	Ramey itouk yah lalek koluk kuk?	Botik, botik seq saput tai memitiq, alek betolu, betolu angu, tawek, [um] mudeu, buleng, pade gem. 	1	twenties	female_feminine	Western Penan	train	4.843604108309991		False	0.0625	False	7.31656783642624	0.9962848297213622	False
660efcc153b8f1b83f0e7b7293a6739d	17540	spontaneous-speech-pne-17540.mp3	16236	1498	Ramey itouk yah lalek koluk kuk?	Ramey yah koluk kik,konak dan ireh [um]karaoke,tai sagak,ireh motit sape'..ineh ramey yah koluk tan kik..yah ateg ateg koluk tan kik ireh manouk sape' rawah ireh motit sape'..ineh tuwerk koluk tan kik...	1	teens	female_feminine	Western Penan	train	10.655333826065531		False	0.355	False	3.420148014571012	0.06315789473684211	True
d03d164e3a037c9462bb3b7801263813	17699	spontaneous-speech-pne-17699.mp3	17964	1498	Ramey itouk yah lalek koluk kuk?	owk..ramey ineh jiak,pinek kelunan yah tuken tadin padik ulouk,jin bai jin dayah,popeng ,petavik,pepapun,pojah sineh,yah du'kuk ulouk samak samak koluk ulouk ramey ineh	1	twenties	female_feminine	Western Penan	train	8.183032732130929		False	0.1515151515151515	False	4.618428568493014	0.7560371517027864	False
a2632e7d8bbc0b5567334fd6bb68604f	17714	spontaneous-speech-pne-17714.mp3	17460	1498	Ramey itouk yah lalek koluk kuk?	Ramey yah koluk kik dalem ume' kik, pemaen yah jian, yah sagak, yah maen pesinui, ateg adui asli Ponan. Ineh ayuk ulouk petavik, ayuk ulouk pojah ngan bangsa ulouk Ponan. Medei ulouk- 	1	fifties	male_masculine	Western Penan	train	8.705612829324169		False	0.18232044198895025	False	4.2968864587571005	0.6043343653250774	False
59015be0ab1203af375a4af4b86c43d5	18044	spontaneous-speech-pne-18044.mp3	14148	1498	Ramey itouk yah lalek koluk kuk?	Yeng pun ramey, yeng pun leterk yah koleg kik. Nak inouk peh yah, [unclear] leterk, lonyat, somah peh yah, koluk kik bi. Yeng pun yah koleg kik menimah kek, sukon eh jin udang, jin adet, jin lo, jin kojam.	1			Western Penan	train	11.803788521345773		False	0.23267326732673266	False	4.544613950529199	0.7294117647058823	False
3a783f2ba60782823bab13f00d15057a	18255	spontaneous-speech-pne-18255.mp3	17316	1498	Ramey itouk yah lalek koluk kuk?	Akouk koluk akouk ramey,ramey yah kesomai piak ulouk erei..ineh ayuk keik mapun kelunan kik,ireh padik kik,ireh aung keik, ireh viik keik..yeng dalem masa ineh ulouk petobang,ulouk pepitah,ulouk pepapun..	1			Western Penan	train	10.221760221760222		False	0.20398009950248752	False	3.727824813010747	0.21919504643962848	True
209aab5184d892f83f2f6491b90f4867	15183	spontaneous-speech-pne-15183.mp3	21168	1568	Konak penganouk kah miper kelunan yah yeng sukat?	Ulouk tolong kelunan yeng sukat murip, dalem urip ireh.. dalem ulouk monak penguman,ujau..monak berajak ngan monak tangoh ngan avik peh be',usen,biseng..gula nak ulouk ngan neh..ineh ulouk tolong ngaran neh.	1			Western Penan	train	8.456160241874528		False	0.22058823529411764	False	3.971457697807793	0.3863777089783282	True
6daf5823a635cbefd29a368980768870	15328	spontaneous-speech-pne-15328.mp3	16128	1568	Konak penganouk kah miper kelunan yah yeng sukat?	Nipe monak peguman monak bii monak gulak monak usen biseng monak kupi dan oluek pun kumi oleuk pun bek dan pun biseng keh-keh yah mukat sagam langit Jah monak oluek bagik oleuk ingat oluek 	1			Western Penan	train	9.61061507936508		False	0.25806451612903225	False	6.412994648111598	0.9876160990712074	False
15813ed995d0a8f107309df7f9afa0d0	15588	spontaneous-speech-pne-15588.mp3	19440	1568	Konak penganouk kah miper kelunan yah yeng sukat?	Min eh dalem adui, min eh dalem yah sukat naneuk neh. Tai min neh maneuk lumak, tai min eh maneuk tuvu. Keh ayuk uleuk mipe, ayuk uleuk min, ayuk uleuk tonak kelunan uleuk yah yeng sukat.	1	thirties	female_feminine	Western Penan	train	7.818930041152263		False	0.3369565217391305	False	3.9325459421241105	0.3510835913312694	True
d010ca153b96a5ebfd09ba6a2e3e0cf4	15946	spontaneous-speech-pne-15946.mp3	16236	1568	Konak penganouk kah miper kelunan yah yeng sukat?	Amik miepe ireh amik pebarak amik, amik pebarak ayuk amik jiak miepi ireh keluan amik yah susah ke yah juk'it ke yah poseng keh ineuk semua	1	teens	male_masculine	Western Penan	train	7.021433850702143		False	0.2647058823529411	False	4.703984118885366	0.7869969040247679	False
209c440297f7fce6c5e4fba0e913f9b8	16037	spontaneous-speech-pne-16037.mp3	13428	1568	Konak penganouk kah miper kelunan yah yeng sukat?	Penganouk amik miper ; pun yah juk nouk neh, amik tai miper. Pun yah noti'ik nah, amik tai moti'ik. Ineh penganouk amik miper.	1			Western Penan	train	7.745010425975573		False	0.34959349593495936	False	3.9705069746989383	0.38390092879256965	True
46b095ac5602bd3bfdf0cc670842c77c	16113	spontaneous-speech-pne-16113.mp3	19440	1568	Konak penganouk kah miper kelunan yah yeng sukat?	Amik mipe kelunan yah yeng sukat, [noise] amik pepin, amik pebarak, [noise] amik popeng, amik pani, dekuk amik jiak mipe, pani, pebarak dekuk amik tai mauk, tai ma- mipe yah tong adui tong keroja nah.	1			Western Penan	train	8.539094650205762		False	0.30456852791878175	False	4.309169845186583	0.6105263157894737	False
38d1cf1c53c7826866b3ae7a6495b32f	16357	spontaneous-speech-pne-16357.mp3	14976	1568	Konak penganouk kah miper kelunan yah yeng sukat?	Kalau nah mani tolong ngaan ulouk, ulouk tai miper yah lah. Kalau neh baat, kalau neh yeng sukat nin nah. Ulouk tolong yah min lah. Keh lah penganouk ulouk tai miper kelunan yah yeng sukat. Barang inouk eh nanouk nah, ulouk tai miper yah.	1	twenties	male_masculine	Western Penan	train	13.020833333333332		False	0.3489361702127659	False	4.469610550732285	0.6910216718266254	False
75e882dda7e6942bcfa81c65ba9893a3	16543	spontaneous-speech-pne-16543.mp3	19476	1568	Konak penganouk kah miper kelunan yah yeng sukat?	Penganouk kek miper kelunan yah yeng sukat. Dan neh yeng pun rigit, akouk monak yah rigit. Dan neh- dan neh yeng pun penguman, akouk monak yah penguman. Dan neh mani akouk miper yah moti'ik barang, akouk moti'ik nah.	1			Western Penan	train	9.190798932018897		False	0.3896713615023474	False	3.464437015076173	0.07368421052631578	True
660efcc153b8f1b83f0e7b7293a6739d	17512	spontaneous-speech-pne-17512.mp3	16488	1568	Konak penganouk kah miper kelunan yah yeng sukat?	amik sebayang,amik dan pun amik pun sen,pun rigit,nak amik jah rigit duah rigit dan neh amik koluk duah puluk rigit nak amik,yeng sukat amik manouk lah  	1	teens	female_feminine	Western Penan	train	7.641921397379913		False	0.2733333333333333	False	3.7921785773042584	0.25263157894736843	True
06e91360c689ccdb3c48e8c51aac7b8c	17669	spontaneous-speech-pne-17669.mp3	17280	1568	Konak penganouk kah miper kelunan yah yeng sukat?	Kalau konak towk amik,amik mipe,dan amik sukat..dan amik yeng sukat,amik yeng mipe..tapik ineh amik masik nat,kelunan yah eh yeng sukat..dan neh yeng sukat,nipe amik eh..	1	teens	female_feminine	Western Penan	train	8.449074074074074		False	0.33532934131736525	False	3.6757891450788374	0.19009287925696594	True
d03d164e3a037c9462bb3b7801263813	17953	spontaneous-speech-pne-17953.mp3	18972	1568	Konak penganouk kah miper kelunan yah yeng sukat?	Uleuk mipe eh dalem adui neh,uleuk mipe jin uleuk maneuk anah nah kerk,mude adui nah kerk,maneuk adui nah kerk,ineuk keh naneuk uleuk , adui nah eh yeng sukat naneuk nah,ineh naneuk uleuk.Ineh ya nipe uleuk ineh.	1	twenties	female_feminine	Western Penan	train	9.32953826691967		False	0.416267942583732	False	5.1700604239057615	0.9120743034055727	False
59015be0ab1203af375a4af4b86c43d5	18042	spontaneous-speech-pne-18042.mp3	15408	1568	Konak penganouk kah miper kelunan yah yeng sukat?	Penganouk kik miper kelunan menat eh dalem inouk yeng sukat nouk neh, dan neh yeng pun rigit, nak kik rigit. Dalem adui, yeng tonolong kik, yeng senavik kik adui [unclear] yeng sukat nanouk neh. Keh gaya kik, keh konep kik miper kelunan.	1			Western Penan	train	12.72066458982347		False	0.27350427350427353	False	3.6178559438666764	0.15294117647058825	True
a2632e7d8bbc0b5567334fd6bb68604f	18147	spontaneous-speech-pne-18147.mp3	15480	1568	Konak penganouk kah miper kelunan yah yeng sukat?	Owk..yah yeng sukat ineh,niah yeng sukat melakau,nobik ulouk..niah yeng sukat sun,yeng sukat mipe barang,manouk yeng sukat neh..nalek ulouk,ulouk sun..ulouk motik,ulouk tolong..keh ayuk ulouk mipe kelunan yeng sukat.	1	fifties	male_masculine	Western Penan	train	12.27390180878553		False	0.352112676056338	False	3.4981644227967186	0.08854489164086687	True
3a783f2ba60782823bab13f00d15057a	18249	spontaneous-speech-pne-18249.mp3	19008	1568	Konak penganouk kah miper kelunan yah yeng sukat?	Miper eh, ulouk monak yah ber, monak eh penguman, monak gulak, monak rigit, monak sen, monak [um] inouk la, monak tabang sangep. Monak Inouk yah yeng pun, ulouk monak, ulouk erei masik, ulouk petulat eh.	1			Western Penan	train	8.890993265993266		False	0.30000000000000004	False	4.389171879527686	0.6520123839009287	False
916c4bf55dda885cb785b8e0342f30cb	15378	spontaneous-speech-pne-15378.mp3	14328	1563	Somah ate ayuk kah yeng sukat pakey pon?	Amik yeng sukat pakey pon ineh,dan amik tai lak leng,dan amik tai lak dayah..dan amik tai lak [um] long bolei etei..	1	fourties	male_masculine	Western Penan	train	6.700167504187604		False	0.2654867256637168	False	4.34532038944131	0.6309597523219814	False
209aab5184d892f83f2f6491b90f4867	15380	spontaneous-speech-pne-15380.mp3	25956	1563	Somah ate ayuk kah yeng sukat pakey pon?	Tong.. daleh amik lak buwik ineh,tajak yeng pun amik sukat alek pon,dukuk yeng pun line,yeng pun erey..line ineh sukat ayuk amik bukak,sukat ayuk amik pani ayuk neh,tong daleh amik lak buwik ineh..	1			Western Penan	train	6.395438434273386		True	0.3608247422680413	False			False
6daf5823a635cbefd29a368980768870	15512	spontaneous-speech-pne-15512.mp3	16380	1563	Somah ate ayuk kah yeng sukat pakey pon?	Tong sekulah, tong keroja, tong [um] upih. Dan ulouk keroja, dan ulouk padui, yeng ulouk sukat ayuk pon. Tuai ulouk pongah musit, tuai ulouk pongah mulik, yeng tajak ayuk ulouk pon. Yeng keh amik tumu, dan amik [unclear] keroja.	1			Western Penan	train	11.5995115995116		False	0.3288888888888889	False	3.53139802907257	0.10588235294117647	True
15813ed995d0a8f107309df7f9afa0d0	15610	spontaneous-speech-pne-15610.mp3	14076	1563	Somah ate ayuk kah yeng sukat pakey pon?	Jah dalem tong sekulah, yeng sukat ayuk pon. Yeng sigu menyuk min pon dalem sekulah, nanouk sigu, nukum sigu.	1	thirties	female_feminine	Western Penan	train	6.46490480250071		False	0.18867924528301883	False	4.15901258674922	0.5151702786377709	True
38d1cf1c53c7826866b3ae7a6495b32f	15802	spontaneous-speech-pne-15802.mp3	18036	1563	Somah ate ayuk kah yeng sukat pakey pon?	Dan amik musit, dan neh yeng pun laa, dan amik tai melakau tong tuan juk tong tanak juk. Dalem line yeng pun, yeng lah amik pun line. Yeng laa pun ayuk amik pon.	1	twenties	male_masculine	Western Penan	train	7.152361942781104		False	0.25316455696202533	False	4.131486113965381	0.49287925696594426	True
46b095ac5602bd3bfdf0cc670842c77c	15844	spontaneous-speech-pne-15844.mp3	15660	1563	Somah ate ayuk kah yeng sukat pakey pon?	Tong lamin tue amik yeng pun barang pon. Kuk amik yeng mojam, amik yeng kale ayuk barang konak ineh.	1			Western Penan	train	5.236270753512133		False	0.23711340206185572	False	3.4688075541214993	0.0761609907120743	True
d010ca153b96a5ebfd09ba6a2e3e0cf4	16202	spontaneous-speech-pne-16202.mp3	17244	1563	Somah ate ayuk kah yeng sukat pakey pon?	Dan masa amik pani, avik amik pebarak, yah konak tog amik tuai kitouk ineh. Masa amik tai maseg konak itouk, yeng amik sukat ayuk pon. Yeng sukat inouk inouk-	1	teens	male_masculine	Western Penan	train	7.538854094177685		False	0.2387096774193549	False	3.478773992075301	0.08235294117647059	True
209c440297f7fce6c5e4fba0e913f9b8	16238	spontaneous-speech-pne-16238.mp3	12096	1563	Somah ate ayuk kah yeng sukat pakey pon?	Dan tong umek amik, amik yeng sujat pake. Dukuk amik yeng pun laen jau. 	1			Western Penan	train	4.794973544973545		False	0.1594202898550725	False	4.21014820902303	0.5473684210526316	True
75e882dda7e6942bcfa81c65ba9893a3	16451	spontaneous-speech-pne-16451.mp3	15156	1563	Somah ate ayuk kah yeng sukat pakey pon?	Pinek ayuk amik yeng sukat pakey pon. Dan amik tai tong leng, dan amik tai tong, tong dayah, dan amik tai mulik tong daleh amik, sineh yeng lalek muat line. Jin ineh amik yeng sukat ayuk pon lalek.	1			Western Penan	train	10.556875164951174		False	0.35567010309278346	False	3.874258952486587	0.30526315789473685	True
15c3189343ecfed295e773c9a86db318	17378	spontaneous-speech-pne-17378.mp3	16056	1563	Somah ate ayuk kah yeng sukat pakey pon?	Konak ume' amik ineh sau tong tegulang,yeng pun line, tiang tong awa amik sau..yeng pun line amik sineh .. tapi'k tuwai langit itouk,pun line amik, sukat amik online, sukat amik pani 	1	twenties	female_feminine	Western Penan	train	9.46686596910812		False	0.2833333333333333	False	4.867710858204295	0.8495356037151702	False
06e91360c689ccdb3c48e8c51aac7b8c	17404	spontaneous-speech-pne-17404.mp3	13428	1563	Somah ate ayuk kah yeng sukat pakey pon?	Pun yah inak yah maok yeng sukat pakey pon. Yeng mojam barak lah, somah ate inak ineh.	1	teens	female_feminine	Western Penan	train	5.212987786714328		False	0.07228915662650603	False	3.5739848089358506	0.13312693498452013	True
660efcc153b8f1b83f0e7b7293a6739d	17435	spontaneous-speech-pne-17435.mp3	15876	1563	Somah ate ayuk kah yeng sukat pakey pon?	Yah yeng sukat amik ayuk pon ; konak dan amik tai lak tanak, dan amik tai lak tuan. Tai lak dilem, maseg dilem kitei. Yeng pun line lak itei. Dan ineh tue amik yeng sukat ayuk pon. 	1	teens	female_feminine	Western Penan	train	9.0702947845805		False	0.297752808988764	False	4.239906947841196	0.5696594427244582	True
d03d164e3a037c9462bb3b7801263813	17588	spontaneous-speech-pne-17588.mp3	17928	1563	Somah ate ayuk kah yeng sukat pakey pon?	Ulouk yeng sukat ayuk pon dalem keroja kerk,dalem [um] masjid kerk, dalem dewan kerk.. ulouk yeng sukat ayuk pon..	1			Western Penan	train	5.35475234270415		False	0.3063063063063063	False	3.68578277486546	0.19628482972136224	True
a2632e7d8bbc0b5567334fd6bb68604f	17854	spontaneous-speech-pne-17854.mp3	16020	1563	Somah ate ayuk kah yeng sukat pakey pon?	Ouk, yeng pun boken ayuk ulouk yeng sukat. Mouk eh morem, yeng ulouk pogen? Mouk eh tasak, yeng ulouk bet eh? Keh- Sentiasa, dan ne murip, yeng ulouk pake. Keh. Keh adui ulouk tong pone. keh ineh. 	1	fifties	male_masculine	Western Penan	train	9.987515605493131		False	0.25257731958762886	False	4.4454920556487885	0.6755417956656347	False
59015be0ab1203af375a4af4b86c43d5	18016	spontaneous-speech-pne-18016.mp3	14400	1563	Somah ate ayuk kah yeng sukat pakey pon?	Akouk yeng sukat ayuk pon dan keik [um] dan kik padui, dan ineh akouk yeng sukat ayuk pon..somah somah peh akouk tai, dan kik yeng pun avah,yeng pun inouk inouk..yah nongen kik, sukat mongen pon	1			Western Penan	train	11.11111111111111		False	0.356020942408377	False	3.5547380054327737	0.12136222910216718	True
3a783f2ba60782823bab13f00d15057a	18208	spontaneous-speech-pne-18208.mp3	18036	1563	Somah ate ayuk kah yeng sukat pakey pon?	Sukat pakey pon. Sukat pakey pon tong uleuk tong lamin, tong uleuk pogen, tong uleuk mukuk sukat uleuk pakey. Amai pakey eh dan uleuk keroja, amai pakey dan uleuk padui yeng ne jiak tan kelunan. Keh, ineh uleuk pakey pon neh pun masa neh, pun ayuk neh.	1			Western Penan	train	11.421601241960522		False	0.3614457831325302	False	4.112908497183112	0.4848297213622291	True
209aab5184d892f83f2f6491b90f4867	15604	spontaneous-speech-pne-15604.mp3	19764	1492	Inouk adui yah juk koluk kuk? Imouk pukuk?	Adui yah Juk koluek kik manuek ineh adui yah pun asen konak tok oluek manok sawit konak tong oleuk manok inuek kobun yah ineh adui koluk kik manuek dukuk yah ineh sukat oleuk alek sen alek rigit keh	1			Western Penan	train	8.146124266342845		False	0.3384615384615385	False	4.8390116482696275	0.8408668730650155	False
15813ed995d0a8f107309df7f9afa0d0	15613	spontaneous-speech-pne-15613.mp3	12960	1492	Inouk adui yah juk koluk kuk? Imouk pukuk?	yeng pun adui yah juk koluk nanouk kik,mauk pu'kuk,yeng eh pun...joh amik,joh pu'kuk yeng pun..ayuk amik manouk adui,yeng eh pun..	1	thirties	female_feminine	Western Penan	train	8.564814814814815		False	0.2834645669291339	False	3.4500886197643714	0.06625386996904024	True
6daf5823a635cbefd29a368980768870	15622	spontaneous-speech-pne-15622.mp3	15984	1492	Inouk adui yah juk koluk kuk? Imouk pukuk?	Mopa lamin, adui koluk kik mopa lamin. Kuk kik koluk, kuk neh jiak, sonang, yeng pun tusah neh, yeng pun ager, yeng pun sakit dan kik mopa lamin. Kan akouk sedirik kek jiak rasa kik dan akouk nat lamin kik jiak nat.	1			Western Penan	train	10.885885885885886		False	0.33490566037735847	False	4.60455621043558	0.7529411764705882	False
d010ca153b96a5ebfd09ba6a2e3e0cf4	15796	spontaneous-speech-pne-15796.mp3	16452	1492	Inouk adui yah juk koluk kuk? Imouk pukuk?	Adui yah koluk kik, miper tamen tinen kik abin avik neh topun kik, avik neh kelunan kik yah eh juk, yah sat.	1	teens	male_masculine	Western Penan	train	5.288110867979577		False	0.18095238095238098	False	3.811292179922672	0.2613003095975232	True
46b095ac5602bd3bfdf0cc670842c77c	16274	spontaneous-speech-pne-16274.mp3	16596	1492	Inouk adui yah juk koluk kuk? Imouk pukuk?	[noise] Mauk adui sukup, adui jiak, adui sukat, ineh adui. Yeng pun koluk adui yah juk ineh. Sat adui ineh.	1			Western Penan	train	5.302482525909857		False	0.24038461538461542	False	3.8748864375021994	0.3058823529411765	True
209c440297f7fce6c5e4fba0e913f9b8	16377	spontaneous-speech-pne-16377.mp3	14580	1492	Inouk adui yah juk koluk kuk? Imouk pukuk?	Adui yah juk koluk kik, padui yah yeng merisak, yah yeng sat. Sau, dan kek sekulah ineh mah tapik dalem piak iteuk konak kik maneuk eh. 	1			Western Penan	train	7.544581618655693		False	0.13533834586466165	False	3.8235255335324996	0.26873065015479874	True
38d1cf1c53c7826866b3ae7a6495b32f	16412	spontaneous-speech-pne-16412.mp3	16020	1492	Inouk adui yah juk koluk kuk? Imouk pukuk?	Adui yah juk koluk kik adui ayuk murip adui ayuk alek rigit ayuk purip anag adui ayuk purip rodu keh yeng akuek mojam ineuk yah ituek yeng akuek mojam dukuk neh konak eh kunan kuk 	1	twenties	male_masculine	Western Penan	train	9.051186017478152		False	0.28248587570621464	False	4.349251939723472	0.6346749226006192	False
75e882dda7e6942bcfa81c65ba9893a3	16498	spontaneous-speech-pne-16498.mp3	18648	1492	Inouk adui yah juk koluk kuk? Imouk pukuk?	pun adui yah juk koluk nanouk kik,akouk juk jadi editor,tong jah company.. du'kuk akouk koluk..akouk jah kelunan yah yeng koluk keroja tong inak yah maot,tong inak yah pinek kelunan..	1			Western Penan	train	8.311883311883312		False	0.27222222222222225	False	3.8119197226245887	0.2625386996904025	True
660efcc153b8f1b83f0e7b7293a6739d	17250	spontaneous-speech-pne-17250.mp3	16308	1492	Inouk adui yah juk koluk kuk? Imouk pukuk?	Adui yah koluek kik tai pitah tangoh tai mauk ireh ngejalak mauk ireh muket mauk ireh metik dukuk ineh tuak yah sukat kinan amik sukat ayuk amik murip 	1	teens	female_feminine	Western Penan	train	7.542310522442973		False	0.20270270270270274	False	3.9265571424132713	0.34860681114551084	True
15c3189343ecfed295e773c9a86db318	17292	spontaneous-speech-pne-17292.mp3	15480	1492	Inouk adui yah juk koluk kuk? Imouk pukuk?	Adui yah juk koluk kik berajan manouk laker, koluk berajan [unclear], berajan [unclear] bukui, berajan matog laker. Ineh yah adui juk koluk kik.	1	twenties	female_feminine	Western Penan	train	7.881136950904392		False	0.375886524822695	False	3.346036024119991	0.03900928792569659	True
06e91360c689ccdb3c48e8c51aac7b8c	17583	spontaneous-speech-pne-17583.mp3	15192	1492	Inouk adui yah juk koluk kuk? Imouk pukuk?	Pinak yah adui yah juk koluk kik, tapi'k yeng eh tai..yeng pun adui yah eh sukat juk nanouk kik..	1	teens	female_feminine	Western Penan	train	5.200105318588731		False	0.19148936170212771	False	3.5338739671263606	0.1065015479876161	True
a2632e7d8bbc0b5567334fd6bb68604f	17756	spontaneous-speech-pne-17756.mp3	15876	1492	Inouk adui yah juk koluk kuk? Imouk pukuk?	Owk..pun adui juk koluk kik,yeng peh pun talan..sebarang yah mah konak tong kem.. konak inouk yah tariik adui yah ayuk memohon adui..ayuk pejadi adui..memang pun lah dalem keadaan ulouk..tapi ulouk yeng kalek mojam..	1	fifties	male_masculine	Western Penan	train	11.589821113630638		False	0.15962441314553988	False	3.9393023172691404	0.35479876160990714	True
59015be0ab1203af375a4af4b86c43d5	17779	spontaneous-speech-pne-17779.mp3	20268	1492	Inouk adui yah juk koluk kuk? Imouk pukuk?	Adui yah juk koluk kik ateq neh, sekulah avik pah bi mah sau. Da iteuk akeuk yeng pun sekulah avik pah komah. Jadi adui kik adalah juk maneuk kraf tangan dukuk jah kraf tangan ineh peh menolong akeuk dalem ekonomi kik ngan keluarga kek ngan anaq, ngan lakeik, ngan tinen tamen.	1			Western Penan	train	11.199921057825144		False	0.21532846715328469	False	5.44068177911511	0.9535603715170279	False
d03d164e3a037c9462bb3b7801263813	17794	spontaneous-speech-pne-17794.mp3	17028	1492	Inouk adui yah juk koluk kuk? Imouk pukuk?	Pinek adui yah koluk ulouk manouk, pinek adui yah koluk ulouk ngeroja. Yah dekuk ulouk murip, dekuk ulouk koluk padui lah, dekuk ulouk koluk keroja.	1	twenties	female_feminine	Western Penan	train	7.2821235611933295		False	0.4620689655172414	False	3.054185966418696	0.0037151702786377707	True
3a783f2ba60782823bab13f00d15057a	18144	spontaneous-speech-pne-18144.mp3	16848	1492	Inouk adui yah juk koluk kuk? Imouk pukuk?	Akouk koluk manouk kueh, akouk koluk manouk kek. Dukuk inouk? Nak akouk manouk kek ineh dak, kueh ineh dak, sukat akouk pejuan, sukat akouk erei monak ngan kelunan yah eh juk kuman, juk ale'. Keh.	1			Western Penan	train	9.615384615384617		False	0.33160621761658027	False	3.8003233582912936	0.25758513931888544	True
15813ed995d0a8f107309df7f9afa0d0	15175	spontaneous-speech-pne-15175.mp3	11916	1578	Konak penganouk ireh bayan tong bengosak kah? Konak keliwah barang, konak mosah sen?	Pekuak konak ulouk bayan barang ineh bi kek. Bayan ayik sen. Erei- kalau keliwah, pekuak keliwah be kek	1	thirties	female_feminine	Western Penan	train	7.2171869754951326		True	0.12	False			False
6daf5823a635cbefd29a368980768870	15336	spontaneous-speech-pne-15336.mp3	15444	1578	Konak penganouk ireh bayan tong bengosak kah? Konak keliwah barang, konak mosah sen?	Owk, dan ireh sau tajak keliwah barang. Eh pengawu itouk lah tajak ayuk sen, ireh pengawu itouk. Kan ulouk itouk yeng pekuak ulouk sau, ulouk pengawu itouk.	1			Western Penan	train	8.417508417508417		False	0.30065359477124187	False	3.668882362293759	0.1826625386996904	True
916c4bf55dda885cb785b8e0342f30cb	15342	spontaneous-speech-pne-15342.mp3	13320	1578	Konak penganouk ireh bayan tong bengosak kah? Konak keliwah barang, konak mosah sen?	Amik yeng bayan pakey rigit, tapik amik keliwah barang. Ayuk amik petukan barang, ayuk amik bayan jah ngan jah.	1	fourties	male_masculine	Western Penan	train	6.981981981981982		False	0.20370370370370372	False	4.047441072811888	0.44148606811145513	True
d010ca153b96a5ebfd09ba6a2e3e0cf4	16158	spontaneous-speech-pne-16158.mp3	16236	1578	Konak penganouk ireh bayan tong bengosak kah? Konak keliwah barang, konak mosah sen?	Ireh mosah sen, sajak mosah sen ayuk rigit sajak be tuak lah yah ayuk amik ayuk barang sajak ayuk rigit amik dan amik alek barang kelunan. 	1	teens	male_masculine	Western Penan	train	6.959842325695984		False	0.32352941176470584	False	4.297483134090845	0.6055727554179566	False
46b095ac5602bd3bfdf0cc670842c77c	16379	spontaneous-speech-pne-16379.mp3	19728	1578	Konak penganouk ireh bayan tong bengosak kah? Konak keliwah barang, konak mosah sen?	Owk..amik keliwah barang,amik keliwah inak..amik keliwah daven..ineh ayuk amik,amik bayan bakeh..	1			Western Penan	train	4.409975669099756		False	0.2872340425531915	False	3.712633860567518	0.21238390092879256	True
38d1cf1c53c7826866b3ae7a6495b32f	16390	spontaneous-speech-pne-16390.mp3	16488	1578	Konak penganouk ireh bayan tong bengosak kah? Konak keliwah barang, konak mosah sen?	Pekuwak lah..konak penganouk bengosak boken manouk, keh kerk penganouk bengosak amik..mosah sen,samak..keliwah barang, samak penganouk bengosak boken..mosah sen ineh, samak..kat kat ulouk mojam konak ulouk mosah sen..kat semua ulouk itouk..keh lah penganouk amik..	1	twenties	male_masculine	Western Penan	train	14.070839398350316		False	0.3946360153256705	False	4.013885112604319	0.41919504643962846	True
209c440297f7fce6c5e4fba0e913f9b8	16413	spontaneous-speech-pne-16413.mp3	15480	1578	Konak penganouk ireh bayan tong bengosak kah? Konak keliwah barang, konak mosah sen?	penganouk amik pebayan tong bengosak amik,yeng mosah sen,yeng pun sen,amik...keliwah barang	1			Western Penan	train	5.232558139534883		False	0.10227272727272729	False	3.762858498048405	0.24024767801857586	True
75e882dda7e6942bcfa81c65ba9893a3	16517	spontaneous-speech-pne-16517.mp3	15408	1578	Konak penganouk ireh bayan tong bengosak kah? Konak keliwah barang, konak mosah sen?	bengosak amik dan neh yeng pakey rigit,keliwah barang amik,petukan barang amik,konak yah jah ineh monak ber,yah jah ineh monak usen,yah jah ineh monak biseng,ngan nah jah nah jah,keh	1			Western Penan	train	10.059709241952232		False	0.3296089385474861	False	4.187525228962075	0.5374613003095975	True
06e91360c689ccdb3c48e8c51aac7b8c	17261	spontaneous-speech-pne-17261.mp3	18936	1578	Konak penganouk ireh bayan tong bengosak kah? Konak keliwah barang, konak mosah sen?	Ireh bayan- ngan amik keliwah-liwah barang konak mosah sen tai ngan ireh yah pejuan barang ayuk ireh memolek	1	teens	female_feminine	Western Penan	train	4.805661174482467		False	0.1428571428571429	False	4.24754108655346	0.5739938080495356	True
15c3189343ecfed295e773c9a86db318	17470	spontaneous-speech-pne-17470.mp3	15948	1578	Konak penganouk ireh bayan tong bengosak kah? Konak keliwah barang, konak mosah sen?	Yeng akuek mojam ineuk rotie neh gunah yeng pun bayan ineuk-ineuk akuek yeng akuek mojam inuek rotie neh ineuk rotie neh yeng akuek mojam 	1	twenties	female_feminine	Western Penan	train	7.148231753197893		False	0.5037037037037038	True			False
660efcc153b8f1b83f0e7b7293a6739d	17569	spontaneous-speech-pne-17569.mp3	16020	1578	Konak penganouk ireh bayan tong bengosak kah? Konak keliwah barang, konak mosah sen?	Dalem daleh amik, mosah sen, sukat ireh mosah sen monak amik. Sukat peh amik keliwah barang ngan ireh, sukat amik peponak, sukat amik pepani dalem barang dalem yak inouk [unclear] juk ayuk amik.	1	teens	female_feminine	Western Penan	train	10.112359550561798		False	0.2984293193717278	False	3.6549144030418246	0.1715170278637771	True
a2632e7d8bbc0b5567334fd6bb68604f	17881	spontaneous-speech-pne-17881.mp3	16488	1578	Konak penganouk ireh bayan tong bengosak kah? Konak keliwah barang, konak mosah sen?	Owk..masa dan keluar barang barang,barang lah..dan sen yeng,dan neh sen,sebenar ulouk manouk adui dageng borat,malat,bukui,sajak neh rigit nonak..ineh ayuk ulouk alek..kerna pun peh perolu ulouk lak boken..ayuk ulouk manouk,keh..	1	fifties	male_masculine	Western Penan	train	12.190684133915576		False	0.17256637168141598	False	4.3901282287213785	0.6526315789473685	False
d03d164e3a037c9462bb3b7801263813	17919	spontaneous-speech-pne-17919.mp3	15516	1578	Konak penganouk ireh bayan tong bengosak kah? Konak keliwah barang, konak mosah sen?	Samak samak ineh. Peponak rigit kek, atau peponak barang. Yeng pun lobih neh, adui ulouk bi bi. Adui bengosak ulouk bi bi. Ponak rigit peh yah, yah peh ineh. Ponak barang peh yah, yah peh ineh. 	1	twenties	female_feminine	Western Penan	train	10.183036865171436		False	0.3507853403141361	False	4.101856744058242	0.4786377708978328	True
59015be0ab1203af375a4af4b86c43d5	17941	spontaneous-speech-pne-17941.mp3	18072	1578	Konak penganouk ireh bayan tong bengosak kah? Konak keliwah barang, konak mosah sen?	Dan amik bayan tong ume amik touk, pun peh amik keliwah konak tog dan amik menyuk ireh mengijin ber, amik monak ireh [unclear] ber ineh, monak suvang ber ineh. Dan mosah sen ineh, amik min avik ireh pun katin ineh, pun juan.	1			Western Penan	train	10.126162018592298		False	0.2624434389140271	False	4.654733482621145	0.7727554179566564	False
3a783f2ba60782823bab13f00d15057a	18281	spontaneous-speech-pne-18281.mp3	19008	1578	Konak penganouk ireh bayan tong bengosak kah? Konak keliwah barang, konak mosah sen?	Konak ulouk ngeliwah. Yeng ngeliwah yah ngeliwah barang ulouk, ulouk peh ngeliwah barang nah. Ulouk samak samak erei keliwah ngaran neh keh. Awu ineh, mosah sen neh. Niah yah- niah yah memolek ayuk sen jau, yeng ulouk sukat posah ayuk rigit sig, erei sen sig. Jah rigit, duah rigit keh.	1			Western Penan	train	12.468434343434344		False	0.3356890459363958	False	4.24928603151138	0.5746130030959752	True
6daf5823a635cbefd29a368980768870	15205	spontaneous-speech-pne-15205.mp3	15444	1476	Konak tateg langit tong inak kah?	Owk.yeng pun tateg neh konak,pun atuk neh konak tumu erei. konak manouk terk,manouk liwen,manouk bawui neh,pun atuk neh jiak. pun atuk neh sat, keh lah. langit amik lak etei.	1			Western Penan	train	9.453509453509453		False	0.2573099415204678	False	4.3586076530610836	0.6377708978328174	False
916c4bf55dda885cb785b8e0342f30cb	15496	spontaneous-speech-pne-15496.mp3	15696	1476	Konak tateg langit tong inak kah?	langit tong daleh amik teuk siteuk pun peh terk pun peh angin pun peh pane dak pun  peh terk 	1	fourties	male_masculine	Western Penan	train	4.6508664627930685		False	0.30000000000000004	False	5.110888460369094	0.8996904024767802	False
15813ed995d0a8f107309df7f9afa0d0	15614	spontaneous-speech-pne-15614.mp3	12528	1476	Konak tateg langit tong inak kah?	Langit tong inak amik jian. Pun ate ne tagak, pun ke ate ne tek. Ineh pengejian langit tong inak amik. 	1	thirties	female_feminine	Western Penan	train	6.625159642401021		False	0.24	False	3.9963180746043023	0.40495356037151703	True
209aab5184d892f83f2f6491b90f4867	15635	spontaneous-speech-pne-15635.mp3	20628	1476	Konak tateg langit tong inak kah?	Sat langit tong amik itouk. Petaget [unclear], petaget terk, petaget basak. Langit ngan amik itouk. Yeng pun langit jiak jarun jarun itouk. Menuat keh piti. Ineh pengokat neh. Terk, basak, [unclear]	1			Western Penan	train	8.144269924374637		False	0.2615384615384615	False	4.140582209924338	0.5027863777089784	True
209aab5184d892f83f2f6491b90f4867	15635	spontaneous-speech-pne-15635.mp3	20628	1476	Konak tateg langit tong inak kah?	Sat langit tong amik itouk,petaget kemebek,petaget terk,paget basak langit ngan amik itouk..yeng pun langit jiak jarun jarun langit itouk,menuwat keh eh..piti,ineh pengokat neh..terk,basak,kememek keh.	1			Western Penan	train	8.629047896063604		False	0.2525252525252525	False	4.796108761893285	0.8272445820433436	False
209c440297f7fce6c5e4fba0e913f9b8	16106	spontaneous-speech-pne-16106.mp3	10260	1476	Konak tateg langit tong inak kah?	yeng pun. tateg langit tong inak amik, yan neh itouk. Petuseh terk. siget langit. 	1			Western Penan	train	6.627680311890838		True	0.05063291139240511	False			False
d010ca153b96a5ebfd09ba6a2e3e0cf4	16210	spontaneous-speech-pne-16210.mp3	15768	1476	Konak tateg langit tong inak kah?	Yeng pun eh lalek jiak, kadang kadang tue eh jiak. Pogeng-pogeng te'erk, lamin inak amik ineh, tong sipang Murum ineh.	1	teens	male_masculine	Western Penan	train	6.278538812785388		False	0.13043478260869568	False	5.692070010981042	0.9708978328173374	False
46b095ac5602bd3bfdf0cc670842c77c	16265	spontaneous-speech-pne-16265.mp3	17676	1476	Konak tateg langit tong inak kah?	 yeng pun konak tateg langit,yeng pun konak taterk awang,jian. koluk amik mukuk dalem ,koluk amik mukuk torak neh. yeng sat,yeng inouk inouk.	1			Western Penan	train	6.7322923738402345		False	0.28985507246376807	False	3.6603792941138495	0.17523219814241486	True
38d1cf1c53c7826866b3ae7a6495b32f	16378	spontaneous-speech-pne-16378.mp3	16020	1476	Konak tateg langit tong inak kah?	Langit tong inak amik, pun ate te'ek, pun ate tagak, pun ate neh bawuih, pun ate neh yeng bawuih. Keh langit tong inak amik. Langit itouk lalek te'ek lalek nonep tong inak kik sitei.	1	twenties	male_masculine	Western Penan	train	9.30087390761548		False	0.3854748603351955	False	4.588288271503377	0.7461300309597523	False
75e882dda7e6942bcfa81c65ba9893a3	16560	spontaneous-speech-pne-16560.mp3	13356	1476	Konak tateg langit tong inak kah?	pun teranak neh,tatek neh. tatek langit tong inak amik da ineh lah. terk,morem,nonep,ngebaleng.melanyah jalan,dotek.	1			Western Penan	train	7.711889787361486		False	0.07079646017699115	False	5.875675292776526	0.978328173374613	False
660efcc153b8f1b83f0e7b7293a6739d	17419	spontaneous-speech-pne-17419.mp3	15840	1476	Konak tateg langit tong inak kah?	Owk langit inak amik niik, amik tuai niik, jiak. Tuai-tuai amik melakau ineh amik toder terk. Ineh tue langit lak amik.	1	teens	female_feminine	Western Penan	train	6.25		False	0.22413793103448276	False	4.335953515546246	0.6241486068111455	False
15c3189343ecfed295e773c9a86db318	17486	spontaneous-speech-pne-17486.mp3	16380	1476	Konak tateg langit tong inak kah?	Langit tong inak amik,tong umerk amik. petaget nonep,petaget sat,petaget terk. yeng pun ayuk langit jian lak amik. petaget uven,petaget terk. yeng pun langit jian ngan amik. petaget sat jalan.	1	twenties	female_feminine	Western Penan	train	10.012210012210012		False	0.42328042328042326	False	3.9405364214315046	0.35541795665634673	True
06e91360c689ccdb3c48e8c51aac7b8c	17614	spontaneous-speech-pne-17614.mp3	16092	1476	Konak tateg langit tong inak kah?	Tateg langit tong inak amik, jian-jian tue. Yeng pun inouk manouk, jiak tue. Gonin, jiak. Jiak tue.	1	teens	female_feminine	Western Penan	train	5.157842406164554		False	0.16666666666666663	False	3.8121935418458595	0.2631578947368421	True
a2632e7d8bbc0b5567334fd6bb68604f	17781	spontaneous-speech-pne-17781.mp3	16128	1476	Konak tateg langit tong inak kah?	Owk, yeng pun tateg neh. Pogeng peh sat, pun ate jian pun ate sat.  tong inak amik. Jarun kelobik itouk, yeng pun jian. Jah amik yeng jadi manouk lumak amik nanouk langit bi te'erk.	1	fifties	male_masculine	Western Penan	train	9.114583333333334		False	0.2078651685393258	False	4.139183174950403	0.4996904024767802	True
59015be0ab1203af375a4af4b86c43d5	17849	spontaneous-speech-pne-17849.mp3	17712	1476	Konak tateg langit tong inak kah?	Tateg langit tong inak amik itouk, yeng peh pun jiak. Dan morem ineh konak juk ineh keh terk, konak pun ader kenyuai, ader bleleg ineh kek terk. Eh sat, yeng eh pun tagak neh, pun langit jiak neh.	1			Western Penan	train	8.976964769647697		False	0.21761658031088082	False	4.2433072299496155	0.5721362229102167	True
d03d164e3a037c9462bb3b7801263813	17921	spontaneous-speech-pne-17921.mp3	9864	1476	Konak tateg langit tong inak kah?	Sat langit lak itam,terk,liwen,pogeng terk,pogeng liwen langit lak inak ulouk itouk.	1	twenties	female_feminine	Western Penan	train	7.502027575020275		True	0.2592592592592593	False			False
3a783f2ba60782823bab13f00d15057a	18289	spontaneous-speech-pne-18289.mp3	18072	1476	Konak tateg langit tong inak kah?	yeng pun tateg neh,pun eh terk dak,pun eh jiak langit neh dak,ineh  tateg langit ngan amik ineh dak,yeng eh konak langit sitouk keh,tateg langit ngan amik sitey,jiak.	1			Western Penan	train	7.691456396635679		False	0.35582822085889576	False	3.8930439498673945	0.3201238390092879	True
15813ed995d0a8f107309df7f9afa0d0	15294	spontaneous-speech-pne-15294.mp3	15948	1523	Konak tateg sekulah tong ayuk kah?	Sekulah tong ayuk amik yeng jian..jalan sat,jalan ayuk luri,jalan tong ayuk anah amik..sat,jalan sekulah amik sat..tong sekulah amik yeng jian..	1	thirties	female_feminine	Western Penan	train	7.837973413594181		False	0.44680851063829785	False	4.1885652641019	0.5380804953560372	True
6daf5823a635cbefd29a368980768870	15350	spontaneous-speech-pne-15350.mp3	15876	1523	Konak tateg sekulah tong ayuk kah?	Owk, yeng pun konak tateg sekulah ayuk amik, jiak. Asrama pun, [um] bilik guru pun. Pun peh ireh manouk sekulah pengawu tong inak amik lak itei, sekulah tikat. 	1			Western Penan	train	8.314436885865458		False	0.1146496815286624	False	4.297636208750975	0.6061919504643963	False
209aab5184d892f83f2f6491b90f4867	15400	spontaneous-speech-pne-15400.mp3	13752	1523	Konak tateg sekulah tong ayuk kah?	Sekulah tong ayuk amik ineh adalah sekulah pemiri..yeng kalek..  yeng pun sekulah pom ineh,ineh sekulah tong ayuk amik ineh,sekulah pemiri neh..	1			Western Penan	train	8.94415357766143		False	0.3971631205673759	False	4.282781584157736	0.5981424148606811	True
209c440297f7fce6c5e4fba0e913f9b8	15897	spontaneous-speech-pne-15897.mp3	11880	1523	Konak tateg sekulah tong ayuk kah?	Tateg sekulah tong ayuk amik, dan ineh, yeng pun tateg. Jalan yeng jian, sat.	1			Western Penan	train	5.387205387205387		True	0.05405405405405406	False			False
46b095ac5602bd3bfdf0cc670842c77c	15981	spontaneous-speech-pne-15981.mp3	17316	1523	Konak tateg sekulah tong ayuk kah?	Jiak, yeng konak tateg. Malai ayuk konak amik tong ume', tong lamin konak ineh tateg ayuk sekulah ineh.	1			Western Penan	train	4.966504966504967		False	0.18999999999999995	False	3.521253468027895	0.10092879256965945	True
d010ca153b96a5ebfd09ba6a2e3e0cf4	16169	spontaneous-speech-pne-16169.mp3	17028	1523	Konak tateg sekulah tong ayuk kah?	Jiak sekulah ayuk amik ineh,pun ireh monal penguman,pun bi ireh monak berk tusu,abin rigit..	1	teens	male_masculine	Western Penan	train	4.639417430115105		False	0.101123595505618	False	4.18026260973892	0.5325077399380805	True
38d1cf1c53c7826866b3ae7a6495b32f	16344	spontaneous-speech-pne-16344.mp3	18648	1523	Konak tateg sekulah tong ayuk kah?	Langit itouk, pun sekulah tapik yeng jiak. Jalan neh sat, yah melanyah. Jalan luri, jalan tanak. Bareng konak tong daleh bai. [ah] Itouk yeng berapa jiak lah, yeng memuas konep.                	1	twenties	male_masculine	Western Penan	train	7.936507936507937		False	0.16842105263157892	False	4.279268337240908	0.5956656346749226	True
75e882dda7e6942bcfa81c65ba9893a3	16550	spontaneous-speech-pne-16550.mp3	19656	1523	Konak tateg sekulah tong ayuk kah?	Tateg- tateg sekulah ineh, jian eh. Ta- dan ulouk juk pani, dan ulouk juk mateng jalan neh ; sat. Dan neh terk; doteg, tanak. Dan neh tagak, mopup.	1			Western Penan	train	6.1050061050061055		False	0.17361111111111116	False	4.747581570671397	0.8055727554179567	False
15c3189343ecfed295e773c9a86db318	17368	spontaneous-speech-pne-17368.mp3	19656	1523	Konak tateg sekulah tong ayuk kah?	Yeng pun tateg sekulah tong daleh amik. Jalan sat. Langit pogeng te'erk, pogeng nonep. Ireh anag yeng sukat sekulah, yeng jadi tai sekulah dekuk langit pogeng te'erk ; jalan melanyah, jalan ngeluvang.  	1	twenties	female_feminine	Western Penan	train	8.597883597883598		False	0.22613065326633164	False	4.142421000103405	0.5052631578947369	True
660efcc153b8f1b83f0e7b7293a6739d	17431	spontaneous-speech-pne-17431.mp3	16020	1523	Konak tateg sekulah tong ayuk kah?	sekulah yah ayuk amik,ayuk anag amik da ineh,sukat narak kik jiak,dukuk pun ireh anag yah pogen tong sekulah,pogen tong asrama,pun penguman,pun berajak nak ireh avik peh ireh tong lamin,pun kerita tuai alek  ireh	1	teens	female_feminine	Western Penan	train	11.173533083645443		False	0.19138755980861244	False	4.003318363609191	0.4130030959752322	True
06e91360c689ccdb3c48e8c51aac7b8c	17619	spontaneous-speech-pne-17619.mp3	17316	1523	Konak tateg sekulah tong ayuk kah?	Sekulah ayuk amik sau, jiak tue. Sigu peh jiak, ireh peh jiak tonak amik. Ineh sekulah ayuk amik sau, jiak tue yeng pun inouk manouk.	1	teens	female_feminine	Western Penan	train	6.294756294756295		False	0.3153846153846154	False	3.4530481362903394	0.06749226006191951	True
59015be0ab1203af375a4af4b86c43d5	17829	spontaneous-speech-pne-17829.mp3	21744	1523	Konak tateg sekulah tong ayuk kah?	Sekulah tong ayuk kik, tong daleh kik itouk bagik akouk yeng jiak. Semuah neh yeng jiak konak tog dan amik sekulah tong Asap sau. Sekolah- [um] akouk peronah sekolah rendah tong Asap. Sekulah yah ayuk amik sekarang itouk ineh, akouk komplen akouk barak jin konep kik ineh adalah yeng jiak secara pelayanan, penguman ka, inouk inouk ka ; ineh semua kurang.	1			Western Penan	train	13.566961000735835		True	0.3039772727272727	False			False
d03d164e3a037c9462bb3b7801263813	17928	spontaneous-speech-pne-17928.mp3	14940	1523	Konak tateg sekulah tong ayuk kah?	Jian jian. Yeng pun pengesat neh, samak jian ngan bengosak ireh boken. Yeng pun beja neh, yeng pun udey neh. Samak konak anah ireh kek anah ulouk. 	1	twenties	female_feminine	Western Penan	train	8.032128514056225		False	0.2152777777777778	False	3.7563734300164575	0.2371517027863777	True
a2632e7d8bbc0b5567334fd6bb68604f	18241	spontaneous-speech-pne-18241.mp3	15768	1523	Konak tateg sekulah tong ayuk kah?	owk..pun eh tateg neh menimah kerk,menat keadaan pun ereh dalem daleh ulouk,pun ireh tonak pun ireh berajan anag ulouk dalem daleh ulouk,jian keh ireh..keh,pun anag ulouk juk berajan ngan reh,keh tong umerk ulouk	1	fifties	male_masculine	Western Penan	train	11.415525114155251		False	0.2870813397129187	False	3.9709240412875992	0.3851393188854489	True
3a783f2ba60782823bab13f00d15057a	18301	spontaneous-speech-pne-18301.mp3	17172	1523	Konak tateg sekulah tong ayuk kah?	Jiak sekulah..konak sekulah tong..tong lobuk,tong inak..owk..ireh lobuk sekulah ulouk keh..yeng pun inouk inouk kesat neh..konak nat anah ireh lobuk,yeng keh bi keh anah ulouk kelunan terk..keh..akouk berharap keh eh awu..	1			Western Penan	train	11.239226648031678		False	0.2922374429223744	False	3.9265848247721578	0.3492260061919505	True
209aab5184d892f83f2f6491b90f4867	15445	spontaneous-speech-pne-15445.mp3	17424	1554	Dalem kirak kuk, inouk AI ineh?	Dalem kirak kik barang ineh barang mareng barang pegau, yeng eh pun barang ineh yah biasa, barang pun eh barang tuai pegau ineh eh kirak kik yeng eh sau mah 	1			Western Penan	train	7.288797061524335		False	0.37662337662337664	False	4.198727458860356	0.5436532507739938	True
15813ed995d0a8f107309df7f9afa0d0	15511	spontaneous-speech-pne-15511.mp3	15840	1554	Dalem kirak kuk, inouk AI ineh?	Yeng pun kirak kik dalem boken boken,sumak kirak kik dalem urip,sumak kirak kik dalem adui,yah mah jian,yah sukat nanouk kik,pun yah nanouk kik..ineh kik kirak kik..ineh dalem kenirak kik..	1	thirties	female_feminine	Western Penan	train	10.164141414141412		False	0.4354838709677419	False	3.633122048424214	0.1609907120743034	True
6daf5823a635cbefd29a368980768870	15607	spontaneous-speech-pne-15607.mp3	15732	1554	Dalem kirak kuk, inouk AI ineh?	Yeng pun akuek mojam a ineh ineuk roti neh yah am ineh yeng akuek mojam eh akuek mungkin ireh boken mojam ireh akuu yeng akuek mojam yah eh ai ineuk roti neh	1			Western Penan	train	8.009153318077802		False	0.4155844155844156	False	4.395508819090897	0.6557275541795665	False
38d1cf1c53c7826866b3ae7a6495b32f	15737	spontaneous-speech-pne-15737.mp3	15300	1554	Dalem kirak kuk, inouk AI ineh?	Yeng akouk mojam piak ineh,konak piak ineh, akouk yeng mojam..sumak akouk,yeng pun tong konep kik,tong piken kik piah ineh.jah ineh..akouk yeng peroti inouk piak ineh	1	twenties	male_masculine	Western Penan	train	9.281045751633986		False	0.3190184049079755	False	3.19876681236756	0.014860681114551083	True
d010ca153b96a5ebfd09ba6a2e3e0cf4	16005	spontaneous-speech-pne-16005.mp3	15984	1554	Dalem kirak kuk, inouk AI ineh?	Akouk mengonin kek, avik pun ireh ngelonyat akouk jiak. Somah somah peh ireh ngelonyat akouk, yeng akouk sat. Kuk ireh juk ngelonyat akouk jiak.	1	teens	male_masculine	Western Penan	train	7.57007007007007		False	0.34042553191489366	False	4.312995526685093	0.611764705882353	False
46b095ac5602bd3bfdf0cc670842c77c	16108	spontaneous-speech-pne-16108.mp3	17136	1554	Dalem kirak kuk, inouk AI ineh?	[noise] Al ineh yeng akeuk mojam. Ineuk...yeng akeuk mojam AI ineh. [noise] Ineuk kek AI ineh. Al ineuk ineh, dalem kirak kik...ineuk ineh.	1			Western Penan	train	6.827731092436975		False	0.3529411764705882	False	3.836733341268171	0.2786377708978328	True
209c440297f7fce6c5e4fba0e913f9b8	16472	spontaneous-speech-pne-16472.mp3	11088	1554	Dalem kirak kuk, inouk AI ineh?	AI inouk eh, akouk yeng mojam. Akouk yeng kale menat ayuk maten kik, yeng kale akouk mojam inouk AI ineh. 	1			Western Penan	train	7.7561327561327555		True	0.2912621359223301	False			False
75e882dda7e6942bcfa81c65ba9893a3	16575	spontaneous-speech-pne-16575.mp3	19764	1554	Dalem kirak kuk, inouk AI ineh?	Dalem kirak kik,AI ineh..sukat..jah barang lobuk yah pengawu yah ayuk ireh langit itouk,dalem pon..dalem komputer..pinek...penyonang nanouk neh,dalem urip ulouk kelunan	1			Western Penan	train	7.538959724752074		False	0.08484848484848484	False	4.123762357285251	0.4904024767801858	True
06e91360c689ccdb3c48e8c51aac7b8c	17304	spontaneous-speech-pne-17304.mp3	17316	1554	Dalem kirak kuk, inouk AI ineh?	Yeng akouk mojam eh dalem kirak kik,yeng akouk mojam tulan inouk eh..ineh..eh roti neh,eh narak kah ineh..	1	teens	female_feminine	Western Penan	train	5.197505197505198		False	0.19417475728155342	False	3.7069377523593787	0.20928792569659443	True
660efcc153b8f1b83f0e7b7293a6739d	17391	spontaneous-speech-pne-17391.mp3	16200	1554	Dalem kirak kuk, inouk AI ineh?	Yeng pun dalem kirak kik inouk inouk. Dan neh pun, bik pun. dan neh yeng, yeng peh akouk kirak kirak inouk [unclear] dalem urip kik. Keh tue yah dalem kirak kik. 	1	teens	female_feminine	Western Penan	train	8.08641975308642		False	0.3207547169811321	False	3.3168557128655025	0.02910216718266254	True
59015be0ab1203af375a4af4b86c43d5	17752	spontaneous-speech-pne-17752.mp3	13824	1554	Dalem kirak kuk, inouk AI ineh?	Akouk peh yeng mojam tulan inouk yah keh nat..pu'kuk akouk peh yeng..yeng akouk kalek mojam roti yah AI ineh..inouk ade lan ke atau inouk,akouk peh yeng mojam	1			Western Penan	train	9.54861111111111		False	0.3096774193548387	False	3.850420747420841	0.2891640866873065	True
a2632e7d8bbc0b5567334fd6bb68604f	17814	spontaneous-speech-pne-17814.mp3	15876	1554	Dalem kirak kuk, inouk AI ineh?	Owk yeng kalek toh mojam,du'kuk neh cadang neh mengate..mah peh ireh barak tinut, baruh ulouk mojam..inouk peh hal neh,inouk peh piak ineh,tuwah peh yeng kalek mojam ayuk toh barak eh ngan ireh pinek	1	fifties	male_masculine	Western Penan	train	10.519022423784328		False	0.24489795918367352	False	4.419782623679376	0.669969040247678	False
d03d164e3a037c9462bb3b7801263813	17866	spontaneous-speech-pne-17866.mp3	7092	1554	Dalem kirak kuk, inouk AI ineh?	Kojam tuah eh inouk roti neh keh. Eh keh ngaran neh, ineh.	1	twenties	female_feminine	Western Penan	train	6.627185561195713		True	0.054545454545454564	False			False
3a783f2ba60782823bab13f00d15057a	18128	spontaneous-speech-pne-18128.mp3	16344	1554	Dalem kirak kuk, inouk AI ineh?	[um] AI ineh, teknologi ireh pakey dan itouk..Jadi akouk mojam [um] AI itouk,Al itouk,ayuk ireh sukat pitah inouk yah kujen ireh,keh.	1			Western Penan	train	6.913852178169359		False	0.1461538461538462	False	4.514012590632174	0.7126934984520124	False
15813ed995d0a8f107309df7f9afa0d0	15327	spontaneous-speech-pne-15327.mp3	14436	1502	Tosog kelunan yah monak kemaeng konep kuk dalem urip kuk?	Jah shumak ireh anaq kik, lakeik kik, kelunan kik yah sukat monak konep, yah monak kemaing dalem urip kik. Yeng pun kelunan boken sukat.	1	thirties	female_feminine	Western Penan	train	7.827653089498476		False	0.16541353383458646	False	3.582715057850098	0.13746130030959752	True
6daf5823a635cbefd29a368980768870	15502	spontaneous-speech-pne-15502.mp3	15876	1502	Tosog kelunan yah monak kemaeng konep kuk dalem urip kuk?	Owk,ireh padik kik,ireh kelunan kik,ireh tinen tamen kik..ireh topun kik,ireh viik kik,ireh a'ung kik,ireh tadin kik,ireh..tamen kik,tamen kik jin tamen kik itouk,viik kik..ireh monak kema'eng dalem urip kik.	1			Western Penan	train	11.400856638951876		False	0.40975609756097564	False	3.492921189274333	0.08544891640866874	True
209aab5184d892f83f2f6491b90f4867	15659	spontaneous-speech-pne-15659.mp3	17964	1502	Tosog kelunan yah monak kemaeng konep kuk dalem urip kuk?	[unclear] biar neh yah manoukx biar neh yah ngesat, [unclear] tapik ujung langit, yah sedirik kek gak, yah sedirik kek tulah. Kerana ulouk kelunan murip, memang pun lah Tuan nat ulouk.	1			Western Penan	train	8.572700957470497		False	0.2154696132596685	False	4.115843794580261	0.486687306501548	True
d010ca153b96a5ebfd09ba6a2e3e0cf4	15756	spontaneous-speech-pne-15756.mp3	16488	1502	Tosog kelunan yah monak kemaeng konep kuk dalem urip kuk?	Tebarek tinen kik, abin neh buak akuek pojah ngan keluan yah eh sat-sat avuk yah bi manouk [um] salak.	1	teens	male_masculine	Western Penan	train	5.094614264919942		False	0.02020202020202022	False	4.92963507296586	0.8619195046439628	False
46b095ac5602bd3bfdf0cc670842c77c	15856	spontaneous-speech-pne-15856.mp3	18756	1502	Tosog kelunan yah monak kemaeng konep kuk dalem urip kuk?	kelunan yah monak urip yah monak kemaeng dalem urip ialah tuhan yesus,yah ineh monak yah ineh ngemaeng konep 	1			Western Penan	train	4.851780763489017		False	0.2735849056603774	False	4.250093868577248	0.5758513931888545	True
38d1cf1c53c7826866b3ae7a6495b32f	16341	spontaneous-speech-pne-16341.mp3	16920	1502	Tosog kelunan yah monak kemaeng konep kuk dalem urip kuk?	Yeng akouk mojam tosog,yeng kalek pun lah..pun lah sik sik,tapik yeng akouk mojam tosog..tosog kelunan yah eh monak kemaeng..ngan kik,yeng akouk mojam,keh..memang pun lah..sik peh yah kelunan,padik kik,yah kelunan kik memang pun	1	twenties	male_masculine	Western Penan	train	11.643026004728132		False	0.3466666666666667	False	3.5505754722418446	0.11764705882352941	True
209c440297f7fce6c5e4fba0e913f9b8	16430	spontaneous-speech-pne-16430.mp3	14616	1502	Tosog kelunan yah monak kemaeng konep kuk dalem urip kuk?	Tosog kelunan eh monak kemaeng ngem urip kik. Eh nebare ; buak sat, buak meloku, buak mukuk. Dan pun adui, padui.	1			Western Penan	train	6.362889983579639		False	0.08181818181818179	False	4.620327605399039	0.7572755417956656	False
75e882dda7e6942bcfa81c65ba9893a3	16506	spontaneous-speech-pne-16506.mp3	20772	1502	Tosog kelunan yah monak kemaeng konep kuk dalem urip kuk?	Numon jah neh yah monak po- kemaeng dalem urip kik yan neh Tuan. Yah lalek lalek menat akouk, yah mayag akouk, ngeroti akouk. Jin awu ineh, tawu ineh, yan neh tinen kek, tamen kek. 	1			Western Penan	train	7.076834199884459		False	0.1966292134831461	False	4.527509871857179	0.718266253869969	False
75e882dda7e6942bcfa81c65ba9893a3	16506	spontaneous-speech-pne-16506.mp3	20772	1502	Tosog kelunan yah monak kemaeng konep kuk dalem urip kuk?	Numon jah neh,yah monak kema'eng dalem urip kik,yan neh..tuan,yah lalek lalek menat akouk,yah mayak akouk,yah ngeroti akouk..jin awu ineh,tawu ineh,yan neh tinen kik,tamen kik..	1			Western Penan	train	7.413826304640862		False	0.24137931034482762	False	4.225843514218663	0.5591331269349845	True
660efcc153b8f1b83f0e7b7293a6739d	17350	spontaneous-speech-pne-17350.mp3	15876	1502	Tosog kelunan yah monak kemaeng konep kuk dalem urip kuk?	Kelunan yah monak wat ngan kik mayeng konep kik keh ineh tamen kik sedirik yah tonak akuek dalem adui dalem piak ani dalem tosok dalem inuek-inuek pun adui yah tonak akuek 	1	teens	female_feminine	Western Penan	train	8.881330309901738		False	0.2603550295857988	False	3.7532374947187574	0.2346749226006192	True
06e91360c689ccdb3c48e8c51aac7b8c	17562	spontaneous-speech-pne-17562.mp3	17028	1502	Tosog kelunan yah monak kemaeng konep kuk dalem urip kuk?	ineh akouk yeng mojam,pun tosog kelunan yah lalek lalek mait dalem urip itouk,tusah lalek urip konak itouk..	1	teens	female_feminine	Western Penan	train	5.402865867982148		False	0.1523809523809524	False	3.6626069156485297	0.178328173374613	True
a2632e7d8bbc0b5567334fd6bb68604f	17850	spontaneous-speech-pne-17850.mp3	16596	1502	Tosog kelunan yah monak kemaeng konep kuk dalem urip kuk?	Owk, pun neh kelunan nebare monak ulouk. Kalau ireh yeng nebare monak ulouk, ngemaeng konep dalem lamin dalem ume' ulouk, yeng [um] dorong ulouk ; yeng ulouk mojam. Keh. Pun kelunan yah barak jalan ngan ulouk, baruk ulouk mojam boti'ik.	1	fifties	male_masculine	Western Penan	train	11.870330200048205		False	0.27896995708154504	False	3.849223743250736	0.2885448916408669	True
d03d164e3a037c9462bb3b7801263813	17888	spontaneous-speech-pne-17888.mp3	20880	1502	Tosog kelunan yah monak kemaeng konep kuk dalem urip kuk?	Jian kelunan, jian pemadik, jian pemanag Ulouk yah monak, yah eh tosog, yah eh tonak ulouk, yah eh mengajan ulouk, monak ulouk kemaeng konep ulouk, piken ulouk dalem pemanag ulouk, dalem Urip ulouk, dalem pemotew ulouk.	1	twenties	female_feminine	Western Penan	train	8.812260536398467		False	0.39814814814814814	False	3.8402018287144375	0.2823529411764706	True
59015be0ab1203af375a4af4b86c43d5	17934	spontaneous-speech-pne-17934.mp3	18864	1502	Tosog kelunan yah monak kemaeng konep kuk dalem urip kuk?	Yeng pun tosog kelunan yah boken bagik akouk,konak towk dan kik sekulah pun peh  tosog yah bagik seluruh neh..bukan sumak bangsa kik,tapik semuah amik..tapik bagik daleh kik, bagik inak kik,tosog ireh topun ireh ukun kik sedirik kerk jadi pemaeng jadi kejian dalem konep kik..	1			Western Penan	train	12.298558100084817		False	0.20879120879120883	False	4.208009189274105	0.5467492260061919	True
3a783f2ba60782823bab13f00d15057a	18288	spontaneous-speech-pne-18288.mp3	19728	1502	Tosog kelunan yah monak kemaeng konep kuk dalem urip kuk?	Yah manouk akouk kemaeng konep,yan neh inek,yan neh amek,yan neh topun kik,ireh ineh neh kemaeng konep kik dalem urip kik itouk..niah peh akouk itouk juk anag sat,larui ireh pani ngan kik,larui barak ngan kik..keh..	1			Western Penan	train	9.225466342254665		False	0.2924528301886793	False	3.686898204057736	0.19752321981424148	True
15813ed995d0a8f107309df7f9afa0d0	15213	spontaneous-speech-pne-15213.mp3	14580	1574	Konak bank petuboh rigit kah?	Somah ate bank petuboh rigit amik,itouk amik yeng amik pun bank danik amik..ayuk amik juk minak rigit amik..ayuk amik ngedanik rigit amik..yeng pun bank danik amik..	1	thirties	female_feminine	Western Penan	train	9.602194787379972		False	0.43827160493827155	False	4.323594890602147	0.6173374613003096	False
209aab5184d892f83f2f6491b90f4867	15376	spontaneous-speech-pne-15376.mp3	18540	1574	Konak bank petuboh rigit kah?	Bank petuboh rigit amik, yan neh ninak ireh dalem bank..ineh, pabila amik koluk alek,pabila koluk pakey dak..tai peh ulouk monyek eh ngan rah sineh,tai keh ulouk mani ngan rah sineh..keh..	1			Western Penan	train	8.576051779935275		False	0.1837837837837838	False	4.225850653528704	0.5597523219814241	True
6daf5823a635cbefd29a368980768870	15377	spontaneous-speech-pne-15377.mp3	15768	1574	Konak bank petuboh rigit kah?	owk yeng akeuk mojam barak eh yah lak bank ineh, bareng akeuk mojam nat eh tong ATM dilem sitei. Konak nat eh maneuk, tuboh konak nat eh jagak rigit kik. Akeuk yeng akeuk mojam eh lak bank ineh. 	1			Western Penan	train	9.95687468290208		False	0.3125	False	4.380917810884746	0.6464396284829721	False
916c4bf55dda885cb785b8e0342f30cb	15600	spontaneous-speech-pne-15600.mp3	20376	1574	Konak bank petuboh rigit kah?	Bank ineh, petuboh rigit amik, ayuk amik minak rigit uh awu dak amik pun rigit dalem bank ineh ayuk jagak masa suntuk amik, amik pun rigit.	1	fourties	male_masculine	Western Penan	train	5.5948174322732624		False	0.30147058823529416	False	3.9620827721952088	0.37708978328173376	True
209c440297f7fce6c5e4fba0e913f9b8	16027	spontaneous-speech-pne-16027.mp3	11700	1574	Konak bank petuboh rigit kah?	Yah itouk akouk yeng mojam lah. Dekuk akouk yeng pun rigit tong bank, yeng akouk mojam barak.	1			Western Penan	train	6.581196581196581		True	0.25555555555555554	False			False
46b095ac5602bd3bfdf0cc670842c77c	16089	spontaneous-speech-pne-16089.mp3	18180	1574	Konak bank petuboh rigit kah?	Yeng pun konak lah, yah ayuk petuboh rigit. Sumak amik, min kad min ic tai lak ayuk, tai lak inak ayuk amik mani. Keh.	1			Western Penan	train	5.225522552255225		False	0.17391304347826086	False	3.7797119135870973	0.2458204334365325	True
d010ca153b96a5ebfd09ba6a2e3e0cf4	16134	spontaneous-speech-pne-16134.mp3	15984	1574	Konak bank petuboh rigit kah?	Konak..yeng sajak neh mojam petuboh rigit,abuh peh ireh manouk eh..yeng pu'kuk ayuk ulouk pasek rigit,ayuk masek inak rigit yah jian..yah juk ninak ulouk..	1	teens	male_masculine	Western Penan	train	8.32082082082082		False	0.17763157894736847	False	3.552671435471701	0.11888544891640866	True
38d1cf1c53c7826866b3ae7a6495b32f	16227	spontaneous-speech-pne-16227.mp3	16596	1574	Konak bank petuboh rigit kah?	Bank petuboh rigit amik, yeng pun lah kalau amik yeng monak rigit ineh ngan bank. Konak tog bank juk petuboh rigit amik apabila rigit ineh dan pun nanouk amik konak tog piak lobuk urusan amik tong bank, baruk bank petuboh rigit amik. Inouk kevorah ayuk neh petuboh rigit amik.	1	twenties	male_masculine	Western Penan	train	13.73825018076645		False	0.36630036630036633	False	3.9430491602111615	0.3591331269349845	True
75e882dda7e6942bcfa81c65ba9893a3	16566	spontaneous-speech-pne-16566.mp3	11628	1574	Konak bank petuboh rigit kah?	Pun akouk mojam konak bank petuboh rigit,pun peh akouk kalek menat konak ireh petuboh rigit amik..yeng akouk sukat barak eh..dukuk kik yeng menat eh,keh..	1			Western Penan	train	11.265909872721018		True	0.20529801324503316	False			False
15c3189343ecfed295e773c9a86db318	17340	spontaneous-speech-pne-17340.mp3	14076	1574	Konak bank petuboh rigit kah?	Dan amik pun rigit,amik sukat minak rigit sineh..du'kuk neh sukat pekanak,dan amik pun rigit,pun keroja,amik minak eh sineh. 	1	twenties	female_feminine	Western Penan	train	7.6015913611821535		False	0.30327868852459017	False	3.537716638998869	0.11021671826625387	True
06e91360c689ccdb3c48e8c51aac7b8c	17511	spontaneous-speech-pne-17511.mp3	18576	1574	Konak bank petuboh rigit kah?	bank petuboh rigit amik,dan pun eh masek,inouk kerk konak towk..inouk yah rigit bi nak peritah,amik tai alek..konak towk masa yah itouk ineh..	1	teens	female_feminine	Western Penan	train	6.513781223083549		False	0.15827338129496404	False	4.0472471321668575	0.4408668730650155	True
660efcc153b8f1b83f0e7b7293a6739d	17556	spontaneous-speech-pne-17556.mp3	16236	1574	Konak bank petuboh rigit kah?	Ireh lobuk ineh tuboh rigit amik, ireh yah pun bank ineh. Dan sukup langit bulan ayuk amik tai alek, nalek amik eh. De yeng, ninak amik sineh tuek, yeng pun ireh puyah.	1	teens	female_feminine	Western Penan	train	8.438038925843804		False	0.18787878787878787	False	4.212075316561206	0.5486068111455108	True
d03d164e3a037c9462bb3b7801263813	17761	spontaneous-speech-pne-17761.mp3	23400	1574	Konak bank petuboh rigit kah?	[um] Pun ke ireh menat amik, petuboh amik ineh. Pun ireh barak eh, dan ne pun, pun, dan ne yeng, yeng. Dan ne pun, tolong ireh alek monak amik, tolong ireh pepusit monak amik. Dan ne yeng, ireh barak yeng. Migu pengawu, langit pengawu, bulan pengawu keh piak ireh. 	1	twenties	female_feminine	Western Penan	train	9.23076923076923		True	0.3549618320610687	False			False
59015be0ab1203af375a4af4b86c43d5	18046	spontaneous-speech-pne-18046.mp3	6876	1574	Konak bank petuboh rigit kah?	Akouk peh yeng mojam konak bank petuboh rigit amik dekuk neh akouk peh yeng pun bank. 	1			Western Penan	train	10.180337405468295		True	0.1686746987951807	False			False
a2632e7d8bbc0b5567334fd6bb68604f	18061	spontaneous-speech-pne-18061.mp3	16200	1574	Konak bank petuboh rigit kah?	Owk, yeng mojam konak keh. Pun ate yeng, pun ate pun ; bank ineh. Yeng peh ulouk mojam somah ate ayuk neh pun, pogeng yeng pogeng sat pogeng sot. Pinek kesat neh. Ineh ineh. 	1	fifties	male_masculine	Western Penan	train	8.641975308641976		False	0.2514619883040936	False	4.2552987717085795	0.5826625386996904	True
3a783f2ba60782823bab13f00d15057a	18278	spontaneous-speech-pne-18278.mp3	16488	1574	Konak bank petuboh rigit kah?	Yah petuboh rigit. Yeng ninak nah sineh, yeng naseg nah sineh, yeng kejagak nah sineh. Bank ineh. Eh keh. Bank ineh sukat pakey ulouk ayuk minak rigit, minak barang ulouk, minak yah sukat pakey ulouk sagam langit jah.	1			Western Penan	train	10.91703056768559		False	0.3457943925233645	False	4.2211266629179205	0.5560371517027863	True
209aab5184d892f83f2f6491b90f4867	15420	spontaneous-speech-pne-15420.mp3	21348	1532	Inouk nan pengetuai kelunan jin daleh jah tong inak kah?	Kadang kadang kelunan ineh tuai, pitah adui pitah keroja. Yah ayuk nah avik. Kadang kadang tuai pitah rodu, jadi avik eh manouk anag tong daleh ulouk. Ineh pengetuai kelunan jin daleh jah.	2			Western Penan	train	7.354318905752295		False	0.2324324324324324	False	4.787276124449056	0.8235294117647058	False
15813ed995d0a8f107309df7f9afa0d0	15426	spontaneous-speech-pne-15426.mp3	18828	1532	Inouk nan pengetuai kelunan jin daleh jah tong inak kah?	Pinek nan kelunan tuai tong daleh amik. Ireh jin daleh jah tuai tong inak amik. Pinek nan ireh. Pun ireh padeng, pun ireh tabi, pun ireh- ireh tuen ineh, ireh kinak ineh. 	2	thirties	female_feminine	Western Penan	train	7.382621627363501		False	0.3214285714285714	False	3.8281058989650205	0.2718266253869969	True
6daf5823a635cbefd29a368980768870	15477	spontaneous-speech-pne-15477.mp3	16200	1532	Inouk nan pengetuai kelunan jin daleh jah tong inak kah?	Owk eh peronah tan kik orang putih, korea, kinak. Ireh pinek-pinek bengosak yah pongah tan kik, dalem masa dalem amik tong gereja masa ineh. Ineh tue keningat.	2			Western Penan	train	8.209876543209877		False	0.10897435897435892	False	5.040009457477386	0.8848297213622291	False
38d1cf1c53c7826866b3ae7a6495b32f	15887	spontaneous-speech-pne-15887.mp3	20520	1532	Inouk nan pengetuai kelunan jin daleh jah tong inak kah?	Yah itouk memang pinek lah..masem,nan nan pengetuwai rah,konak towk ireh tuwai jin daleh bai,konak towk ireh tuwai jin daleh solap..yah senolap amik lah..yah [um] yeng kojam amik..pinek lah nan neh,masem masem lah..	1	twenties	male_masculine	Western Penan	train	8.966861598440547		False	0.28773584905660377	False	4.736524910131601	0.7981424148606812	False
209c440297f7fce6c5e4fba0e913f9b8	15934	spontaneous-speech-pne-15934.mp3	11736	1532	Inouk nan pengetuai kelunan jin daleh jah tong inak kah?	pinek nan neh,pun orang putih,pun kinak,pun ivan,pun melayu	2			Western Penan	train	4.430811179277437		True	0.125	False			False
d010ca153b96a5ebfd09ba6a2e3e0cf4	15983	spontaneous-speech-pne-15983.mp3	16344	1532	Inouk nan pengetuai kelunan jin daleh jah tong inak kah?	Ngan pun tulan ineh pun eh ayuk bilun, avik neh ayuk arog eh tuai mapun amik. Apalagi eh dan neh ayuk kerita, lobih jian eh tong amik.	2	teens	male_masculine	Western Penan	train	6.607929515418502		False	0.18320610687022898	False	5.058147984886499	0.8885448916408669	False
46b095ac5602bd3bfdf0cc670842c77c	16328	spontaneous-speech-pne-16328.mp3	18396	1532	Inouk nan pengetuai kelunan jin daleh jah tong inak kah?	[noise] pinek nan bengesak tuai jin daleh jah [noise] pun ireh tuen, pun ireh lobuk, lobuk bengesak [noise] tuen, lobuk bengesak kayan, bengesak kinak.	2			Western Penan	train	6.958034355294629		False	0.3716216216216216	False	4.948505925025589	0.8681114551083592	False
75e882dda7e6942bcfa81c65ba9893a3	16463	spontaneous-speech-pne-16463.mp3	14652	1532	Inouk nan pengetuai kelunan jin daleh jah tong inak kah?	Nan ayuk kelunan yah tuai tong daleh amik tan neh idun, yang neh ireh pegosah pakistan ireh pegosak Ivan, ireh bidayuh ireh malanau ineh bii nan kelunan 	2			Western Penan	train	8.5995085995086		False	0.19999999999999996	False	5.0222788387634685	0.8823529411764706	False
660efcc153b8f1b83f0e7b7293a6739d	17243	spontaneous-speech-pne-17243.mp3	16560	1532	Inouk nan pengetuai kelunan jin daleh jah tong inak kah?	Ireh tuai, tuai mutouk adui amik, inouk yah nouk amik. Konak amik manouk ineh, konak amik pejadi manouk itei itouk dalem daleh amik, dalem tanak amik. Avik peh dalem amik pasu, konak tateg urip amik.	2	teens	female_feminine	Western Penan	train	9.96376811594203		False	0.3214285714285714	False	3.570738108446652	0.13126934984520125	True
06e91360c689ccdb3c48e8c51aac7b8c	17390	spontaneous-speech-pne-17390.mp3	18396	1532	Inouk nan pengetuai kelunan jin daleh jah tong inak kah?	Ireh bi tuwai,tuwai nat nat inak amik..inak amik ponan..tong daleh amik itouk..tuwai nat nat,tai nat nat konak nat lamin,konak nat ineh bi..	2	teens	female_feminine	Western Penan	train	6.468797564687975		False	0.3284671532846716	False	4.930547986469065	0.8631578947368421	False
15c3189343ecfed295e773c9a86db318	17527	spontaneous-speech-pne-17527.mp3	17280	1532	Inouk nan pengetuai kelunan jin daleh jah tong inak kah?	Pengetuai kelunan tong daleh amik barak urip yah jiak, barak urip yah kan. Menyuk anag sekulah, menyuk anag [um] pelobo sekulah neh bi. Ineh yah tong daleh amik.	1	twenties	female_feminine	Western Penan	train	7.754629629629629		False	0.26582278481012656	False	3.8585360301503813	0.2934984520123839	True
d03d164e3a037c9462bb3b7801263813	17599	spontaneous-speech-pne-17599.mp3	17784	1532	Inouk nan pengetuai kelunan jin daleh jah tong inak kah?	Eh tuai melakau kek, eh tuai peliwet kek, tuai [um] tosog kek, pani kek. Pun ani neh, pun iting neh, pun piak neh.	1	twenties	female_feminine	Western Penan	train	5.1731893837157		False	0.2072072072072072	False	5.109690728231811	0.8984520123839009	False
a2632e7d8bbc0b5567334fd6bb68604f	17787	spontaneous-speech-pne-17787.mp3	16416	1532	Inouk nan pengetuai kelunan jin daleh jah tong inak kah?	Owk, owk ireh tuai juk pitah urip, ireh tuai yah jah keluak. Pun kek yah toneng, tuai monak jalan, tuai monak dorongan ngan amik. Pun kek yah sajak tuai tepasit, yeng sukat murip dalem daleh nah. Keh pengetuai neh. 	2	fifties	male_masculine	Western Penan	train	10.721247563352826		False	0.21226415094339623	False	4.7727174297778046	0.8148606811145511	False
59015be0ab1203af375a4af4b86c43d5	17982	spontaneous-speech-pne-17982.mp3	16488	1532	Inouk nan pengetuai kelunan jin daleh jah tong inak kah?	Inouk tan neh,eh tuwai tong daleh amik ineh,tai nat Ong Lekasi sineh erei..suka ireh nat..du'kuk mauk ireh koluk moruk tong Ong Lekasi yah pun tong umerk amik ineh,tong daleh amik ineh..	2			Western Penan	train	9.461426491994178		False	0.26775956284153	False	4.266612660658659	0.5869969040247678	True
3a783f2ba60782823bab13f00d15057a	18287	spontaneous-speech-pne-18287.mp3	16848	1532	Inouk nan pengetuai kelunan jin daleh jah tong inak kah?	Yan neh konak lobuk jin bai..konak konyah,konak..erei...ivan,konak melayu,konak orang putih..ineh bi ireh lobuk tai tong daleh, tai tong inak amik..	2			Western Penan	train	7.656695156695157		False	0.18620689655172418	False	4.261184459386721	0.5851393188854489	True
15813ed995d0a8f107309df7f9afa0d0	15219	spontaneous-speech-pne-15219.mp3	9828	1493	Inouk posot yah koluk kuk ngan inouk dekuk kok koluk eh keh?	Yeng pun tosog yah koluk kik. Lerk akouk ngeninik tosog yah sat. Yah koluk kik tosog jian.	1	thirties	female_feminine	Western Penan	train	7.52950752950753		True	0.26436781609195403	False			False
916c4bf55dda885cb785b8e0342f30cb	15244	spontaneous-speech-pne-15244.mp3	17316	1493	Inouk posot yah koluk kuk ngan inouk dekuk kok koluk eh keh?	Amik juk tai posot tong daleh jepun,ngan avik daleh kinak ngan danik daleh korea,avik peh ngan ireh orang putih,orang putih.	1	fourties	male_masculine	Western Penan	train	6.063756063756064		False	0.2148760330578512	False	4.708443134912141	0.7888544891640867	False
6daf5823a635cbefd29a368980768870	15444	spontaneous-speech-pne-15444.mp3	15336	1493	Inouk posot yah koluk kuk ngan inouk dekuk kok koluk eh keh?	Akouk koluk dukuk neh jiak,dukuk neh ngam..dukuk neh mauk konep kik..konak koluk kik,yah dukuk kik koluk..yeng eh,akouk milik eh konak ireh erei..akouk koluk koluk tuerk..	1			Western Penan	train	9.58528951486698		False	0.32738095238095233	False	3.4396690093691653	0.06501547987616099	True
209aab5184d892f83f2f6491b90f4867	15645	spontaneous-speech-pne-15645.mp3	16596	1493	Inouk posot yah koluk kuk ngan inouk dekuk kok koluk eh keh?	emk..konak peh towk,kurik yeng koluk,ngan ireh bakeh ngan ireh kelunan ulouk ayuk ngupi mosep berk lakau	1			Western Penan	train	5.362738009158833		False	0.06930693069306926	False	4.964092930039866	0.8712074303405573	False
209c440297f7fce6c5e4fba0e913f9b8	15818	spontaneous-speech-pne-15818.mp3	10656	1493	Inouk posot yah koluk kuk ngan inouk dekuk kok koluk eh keh?	Posot yah koluk kik tong jian tong molau. Ale ulouk jian ukuk ulouk.	1			Western Penan	train	5.255255255255255		True	0.1384615384615384	False			False
38d1cf1c53c7826866b3ae7a6495b32f	15863	spontaneous-speech-pne-15863.mp3	20916	1493	Inouk posot yah koluk kuk ngan inouk dekuk kok koluk eh keh?	yah itouk peh akouk kurang ngeroti,yah itouk..piak inouk itouk..posot yah koluk kik,akouk posot lah,ineh..dan neh bengosak kik,piak kik,piak lak akouk itouk yeng pun akouk sukat menosen piak itouk,kurang akouk ngeroti eh	1	twenties	male_masculine	Western Penan	train	9.083954867087398		False	0.3271889400921659	False	3.8129732359106474	0.26377708978328174	True
d010ca153b96a5ebfd09ba6a2e3e0cf4	15874	spontaneous-speech-pne-15874.mp3	15732	1493	Inouk posot yah koluk kuk ngan inouk dekuk kok koluk eh keh?	Posut yah koluk kik, posut pogen, posut cep kupi, posut kuman kanen ayuk pun kek, ineuk kek. Ineh semua koluk kik. 	1	teens	male_masculine	Western Penan	train	5.975082634121535		False	0.1875	False	4.942092386536201	0.8643962848297214	False
46b095ac5602bd3bfdf0cc670842c77c	16226	spontaneous-speech-pne-16226.mp3	15588	1493	Inouk posot yah koluk kuk ngan inouk dekuk kok koluk eh keh?	Posot ayuk ale jiak, ayuk ale ulouk jiak. Yeng masem, yeng pun amak, yeng pun inouk inouk keh. Posot ineh koluk keh.	1			Western Penan	train	6.094431614062099		False	0.2743362831858407	False	4.040789008130564	0.43777089783281736	True
75e882dda7e6942bcfa81c65ba9893a3	16559	spontaneous-speech-pne-16559.mp3	15048	1493	Inouk posot yah koluk kuk ngan inouk dekuk kok koluk eh keh?	Pun posot yah lalek juk koluk kik   yan neh amik tai tong daleh bai   tai kuman mie tai melakau teh pitah daven memolek daven ineh yah terposot yah koluk kik	1			Western Penan	train	8.240297713981924		False	0.17532467532467533	False	4.174700319777972	0.5275541795665635	True
15c3189343ecfed295e773c9a86db318	17221	spontaneous-speech-pne-17221.mp3	8676	1493	Inouk posot yah koluk kuk ngan inouk dekuk kok koluk eh keh?	Inouk eh manouk kok keh,kok manouk inouk..kok tai ke komah..	1			Western Penan	train	5.878284923928077		True	0.17543859649122806	False			False
660efcc153b8f1b83f0e7b7293a6739d	17589	spontaneous-speech-pne-17589.mp3	16236	1493	Inouk posot yah koluk kuk ngan inouk dekuk kok koluk eh keh?	Posot koluk kik, monyun. Mukuk sineh jak. Dan kirak- dan jiak rasa, dan pun wat, boti'ik melakau kelak. Ineh tue adui ulouk, ale'erk wat ulouk.	1	teens	female_feminine	Western Penan	train	7.329391475732939		False	0.06428571428571428	False	4.957679935961735	0.8693498452012384	False
d03d164e3a037c9462bb3b7801263813	17644	spontaneous-speech-pne-17644.mp3	19224	1493	Inouk posot yah koluk kuk ngan inouk dekuk kok koluk eh keh?	Posot ineh..ayuk ulouk alek wat..ayuk ulouk [um] alek gang ulouk..de'kuk ulouk.. lobik ulouk yeng [um] mukuk kan, yeng rehat,jadi ineh de'kuk ulouk koluk eh, koluk posot ineh..keh..	1	twenties	female_feminine	Western Penan	train	8.062838119017893		False	0.3426966292134831	False	4.266123700884663	0.5857585139318885	True
06e91360c689ccdb3c48e8c51aac7b8c	17687	spontaneous-speech-pne-17687.mp3	15912	1493	Inouk posot yah koluk kuk ngan inouk dekuk kok koluk eh keh?	Pun posot yah koluk kik posot duk kik yeng wat akuek jadi akuek posot bareng inuek manouk akuek yeng posot dukuk kik yeng wat eh yang dukuk kik posot 	1	teens	female_feminine	Western Penan	train	7.604323780794369		False	0.41496598639455784	False	4.692640655405114	0.7808049535603715	False
a2632e7d8bbc0b5567334fd6bb68604f	17770	spontaneous-speech-pne-17770.mp3	16416	1493	Inouk posot yah koluk kuk ngan inouk dekuk kok koluk eh keh?	owk akouk koluk posot du'kuk kik yeng wat,keh apabila ulouk melakau memang ulouk merasa sakit ,boti sakit,pan ulouk..totu ulouk manouk ayuk ulouk posot supaya wat ulouk avik ayuk ulouk musit kelak	1	fifties	male_masculine	Western Penan	train	10.112085769980506		False	0.24870466321243523	False	4.481009059641747	0.6972136222910217	False
59015be0ab1203af375a4af4b86c43d5	17897	spontaneous-speech-pne-17897.mp3	15372	1493	Inouk posot yah koluk kuk ngan inouk dekuk kok koluk eh keh?	Posot yah koluk kik,posot yah monyun,yah deng,mukuk sineh..yeng melakau,yeng peguak,ineh posot yah koluk kik..posot yah posot,mukuk,pogen..	1			Western Penan	train	8.066614623991674		False	0.30147058823529416	False	3.9776865259468592	0.39195046439628484	True
3a783f2ba60782823bab13f00d15057a	18091	spontaneous-speech-pne-18091.mp3	17748	1493	Inouk posot yah koluk kuk ngan inouk dekuk kok koluk eh keh?	Posot yah paling kolerk kik ineh pengen, pengen ineh akuek sukat [um] mobet inuek ngaran mobet, mobet rasa sat rasa yang jiak ngan ineh akuek sukat [um] yeng akuek sukat alek uwat alek gan kelak	1			Western Penan	train	9.01510029299076		False	0.3036649214659686	False	4.787419947012394	0.8241486068111455	False
6daf5823a635cbefd29a368980768870	15283	spontaneous-speech-pne-15283.mp3	15696	1558	Inouk barang lobuk (pon, tv, ijin daven) sukat miper kok dalem urip kok?	Barang lobuk sukat mipe akeuk dalem urip kik...ineh...ijin daven,pon...ijin daven ineh mipe akeuk mopuk..mipe akeuk muwik daven..pon ineh mipe akeuk bet konep kik sat..	1			Western Penan	train	9.23802242609582		False	0.3090909090909091	False	3.6796025827845162	0.19195046439628483	True
209aab5184d892f83f2f6491b90f4867	15564	spontaneous-speech-pne-15564.mp3	23832	1558	Inouk barang lobuk (pon, tv, ijin daven) sukat miper kok dalem urip kok?	Siah barak barang ineh yeh sukat mipie oluek murip sumak ayuk bet boring oleuk ngate bet tusah konep oleuk ngate barang ineh nak eh mipie oleuk manuek peguman oleuk manuek Oren somah niyah eh konak tok lobuk tok yeng pekobi bareng jah ineh untung 	1			Western Penan	train	8.517959046659954		True	0.24180327868852458	False			False
15813ed995d0a8f107309df7f9afa0d0	15617	spontaneous-speech-pne-15617.mp3	15840	1558	Inouk barang lobuk (pon, tv, ijin daven) sukat miper kok dalem urip kok?	jah ijin daven tu'ek  nipet kik dalem barang lobuk sukat mipe akeuk dalem kik mopuk dalem kik maneuk adui ineh jah ijin daven ineh  	1	thirties	female_feminine	Western Penan	train	6.691919191919192		False	0.26356589147286824	False	3.8732301394988693	0.3015479876160991	True
d010ca153b96a5ebfd09ba6a2e3e0cf4	15782	spontaneous-speech-pne-15782.mp3	15912	1558	Inouk barang lobuk (pon, tv, ijin daven) sukat miper kok dalem urip kok?	Barang barang yah sukat miper amik, yan ijin mopuk, ijin beladak, avik neh kerita ayuk amik tai mapun- ayuk amik tai rauk.	1	teens	male_masculine	Western Penan	train	6.347410759175465		False	0.16806722689075626	False	4.395752894462081	0.6569659442724458	False
209c440297f7fce6c5e4fba0e913f9b8	15850	spontaneous-speech-pne-15850.mp3	14976	1558	Inouk barang lobuk (pon, tv, ijin daven) sukat miper kok dalem urip kok?	Sukat eh mipe akouk,dan neh pongah pun eh..nalek kik,pon ijin,avik peh eh daven	1			Western Penan	train	4.473824786324786		False	0.013157894736842146	False	4.498889092567011	0.7077399380804954	False
209c440297f7fce6c5e4fba0e913f9b8	15850	spontaneous-speech-pne-15850.mp3	14976	1558	Inouk barang lobuk (pon, tv, ijin daven) sukat miper kok dalem urip kok?	Sukat eh mipe akek. Dan neh pongah pun eh, nalek kik. Pon, ijin, avik pun avik eh daven.	1			Western Penan	train	4.740918803418803		False	0.07058823529411762	False	4.83948492483535	0.8414860681114551	False
46b095ac5602bd3bfdf0cc670842c77c	16347	spontaneous-speech-pne-16347.mp3	15768	1558	Inouk barang lobuk (pon, tv, ijin daven) sukat miper kok dalem urip kok?	[noise] kat semua barang, kat semua daven ineh mipe akeuk murip loh kik yeng sukat nonak kek lah. Pebolek kik eh ayuk kek alek berajak alek. 	1			Western Penan	train	7.293252156265854		False	0.13043478260869568	False	4.45354431838016	0.6817337461300309	False
38d1cf1c53c7826866b3ae7a6495b32f	16365	spontaneous-speech-pne-16365.mp3	15768	1558	Inouk barang lobuk (pon, tv, ijin daven) sukat miper kok dalem urip kok?	sukat,pon itouk lah sukat mipe dalem urip ,tv itouk sumak ayuk ulouk mukuk,salau ulouk,dalem langit dan ulouk mukuk,pon jian..	1	twenties	male_masculine	Western Penan	train	6.849315068493151		False	0.2032520325203252	False	3.6447331446497575	0.16656346749226006	True
75e882dda7e6942bcfa81c65ba9893a3	16389	spontaneous-speech-pne-16389.mp3	18648	1558	Inouk barang lobuk (pon, tv, ijin daven) sukat miper kok dalem urip kok?	Barang lobuk yah sukat mipe akouk dalem urip kik, yan ne pon, yan ne laptop. Ayuk kik berajan, ayuk kik manouk ineuk-ineuk adui kik. Dan akouk juk memolek, dan akouk juk pitah [um] pitah maklumat tong online. Akouk sukat ayuk eh. 	1			Western Penan	train	10.135135135135137		False	0.18942731277533043	False	3.9788567976725395	0.3925696594427245	True
06e91360c689ccdb3c48e8c51aac7b8c	17529	spontaneous-speech-pne-17529.mp3	20196	1558	Inouk barang lobuk (pon, tv, ijin daven) sukat miper kok dalem urip kok?	yah sukat mipe,barang lobuk yah sukat mipe dalem urip yah yeng pun tusah manouk,konak towk ijin mopuk,tv,pon ka,	1	teens	female_feminine	Western Penan	train	4.703901762725292		False	0.11926605504587151	False	3.553788720586932	0.12012383900928793	True
660efcc153b8f1b83f0e7b7293a6739d	17618	spontaneous-speech-pne-17618.mp3	16020	1558	Inouk barang lobuk (pon, tv, ijin daven) sukat miper kok dalem urip kok?	Pon, sukat miper ayuk ulouk pekopon, ayuk ulouk mutouk, ayuk ulouk pani. Avik peh daven, sukat ayuk ulouk menabang, menyangep, ayuk ulouk musit tai lak pasen, tak lak kodei, tai tobang ngan ireh lobuk.	1	teens	female_feminine	Western Penan	train	10.486891385767793		False	0.297979797979798	False	4.217188159335126	0.5541795665634675	True
d03d164e3a037c9462bb3b7801263813	17621	spontaneous-speech-pne-17621.mp3	15876	1558	Inouk barang lobuk (pon, tv, ijin daven) sukat miper kok dalem urip kok?	pon ineh ayuk ulouk pani,ayuk ulouk whatsaap,tv ineh ayuk ulouk nat ade,nat gaban,ijin ineh ayuk ulouk mopuk ayuk ulouk mengatik wat ulouk tenaga ulouk,ineh kejian neh.	1	twenties	female_feminine	Western Penan	train	9.007306626354248		False	0.34545454545454546	False	4.400915515511129	0.6606811145510836	False
59015be0ab1203af375a4af4b86c43d5	17790	spontaneous-speech-pne-17790.mp3	22104	1558	Inouk barang lobuk (pon, tv, ijin daven) sukat miper kok dalem urip kok?	Owk, dan barang ineh sukat miper akouk konak ijin, konan da- erei tv, konak pon terutama ijin, ijin daven ngan pon. Ineh ah sangat sangat membantu akouk dalem masak itouk. Dan pon ineh, konak kunah ireh sukat mengubungi kelunan kik yah juk, ijin daven neh sukat tolong akouk dalem mopuk, dalem han lamin kik.	1			Western Penan	train	11.536373507057547		True	0.2786885245901639	False			False
a2632e7d8bbc0b5567334fd6bb68604f	18139	spontaneous-speech-pne-18139.mp3	15480	1558	Inouk barang lobuk (pon, tv, ijin daven) sukat miper kok dalem urip kok?	Owk, yah sukat min akouk rasa telepon dekuk neh melakau juk neh,  ayuk kik pani, ayuk kik tobai, ayuk kik miak. Pun peh yah tv itouk, ayuk nat seritak mengater [unclear] Keh yah ineh, dalem kojam kik.	1	fifties	male_masculine	Western Penan	train	10.529715762273902		False	0.1675126903553299	False	3.9996713852820114	0.4068111455108359	True
3a783f2ba60782823bab13f00d15057a	18328	spontaneous-speech-pne-18328.mp3	16236	1558	Inouk barang lobuk (pon, tv, ijin daven) sukat miper kok dalem urip kok?	Yah sukat mipe akouk tong lamin, yan neh ijin daven neh,du'kuk inouk..du'kuk ijin daven itouk neh sukat pakey keik lobik, sukat pakey keik dalem...inouk ngaran neh..lobik lah akouk pakey..	1			Western Penan	train	9.854644000985465		False	0.3027027027027027	False	3.5639914466707263	0.12693498452012383	True
6daf5823a635cbefd29a368980768870	15375	spontaneous-speech-pne-15375.mp3	15732	1507	Inouk kejiak lalek pogeng muik ujuk?	Owk..m'dey ujuk ulouk sogit..m'dey ujuk ulouk nong..bareng ulouk mojam sogit ineh.. term tong ujuk ulouk..yah du'kuk ulouk petaget ulouk muwik ujuk, petaget ulouk [um] mosup ujuk ulouk ayuk berk..nak yah peh eh yeng konak nat sogit neh..	1			Western Penan	train	12.776506483600304		False	0.3205128205128205	False	4.017013827319018	0.42229102167182664	True
15813ed995d0a8f107309df7f9afa0d0	15422	spontaneous-speech-pne-15422.mp3	16740	1507	Inouk kejiak lalek pogeng muik ujuk?	kejian ulouk kelunan muwik ujuk pogeng,ineh ulouk berosi jin amak,jin ineh ulouk yeng pun amak ulouk,jin ujuk ulouk ineh pun penyakit,pun kuman pun sogit,	1	thirties	female_feminine	Western Penan	train	7.825567502986857		False	0.2516556291390728	False	4.095422165383704	0.47368421052631576	True
209aab5184d892f83f2f6491b90f4867	15504	spontaneous-speech-pne-15504.mp3	26352	1507	Inouk kejiak lalek pogeng muik ujuk?	Dalem basa uleuk ponan, ineh piak eh pongah muwik ujuk ineh, kelunan ineh pongah maneuk adui maneuk keroja. Ineh jah, keduah neh kelunan eh sau eh pongah memiteng eh pongah [unclear] kelunan. Ineh eh muwik ujuk ku na rah. Keh ne.	1			Western Penan	train	7.172131147540983		True	0.3141592920353983	False			False
38d1cf1c53c7826866b3ae7a6495b32f	15907	spontaneous-speech-pne-15907.mp3	19368	1507	Inouk kejiak lalek pogeng muik ujuk?	Kalau ulouk pogeng muwik ujuk,kalau ulouk pogeng berosi ujuk ulouk..pengejian neh,ulouk sedirik..dalem use ulouk,dalem batung ulouk..yeng pun sogit, sebab dan ulouk yeng muwik,sogit..ujung neh ulouk mamak	1	twenties	male_masculine	Western Penan	train	9.242048740190004		False	0.26865671641791045	False	3.6586561983388086	0.17275541795665636	True
d010ca153b96a5ebfd09ba6a2e3e0cf4	16064	spontaneous-speech-pne-16064.mp3	16452	1507	Inouk kejiak lalek pogeng muik ujuk?	Dan ulouk mongen sogit,sajak ulouk,sebelum ulouk kuman..sajak petaget nuwik ulouk ujuk ulouk..ayuk ulouk kuman..dey kutun kutun larui tong ujuk ulouk,sogit..	1	teens	male_masculine	Western Penan	train	8.388037928519328		False	0.31818181818181823	False	4.382224244076839	0.6489164086687307	False
75e882dda7e6942bcfa81c65ba9893a3	16313	spontaneous-speech-pne-16313.mp3	16272	1507	Inouk kejiak lalek pogeng muik ujuk?	kejian pogeng muik ujuk [um] ayuk jagak batung ulouk jin yak sat,jin yak [um] amak,keh.	1			Western Penan	train	4.486234021632251		False	0.13095238095238093	False	4.744599146601019	0.8043343653250774	False
209c440297f7fce6c5e4fba0e913f9b8	16363	spontaneous-speech-pne-16363.mp3	12240	1507	Inouk kejiak lalek pogeng muik ujuk?	Kejiak lalek pogeng muik ujuk, ayuk eh molau, ayuk eh jian. Dei eh sogit.	1			Western Penan	train	4.901960784313726		False	0.11428571428571432	False	4.9298122857148	0.8625386996904024	False
46b095ac5602bd3bfdf0cc670842c77c	16438	spontaneous-speech-pne-16438.mp3	15516	1507	Inouk kejiak lalek pogeng muik ujuk?	sajak ulouk pogen, sajak ulouk muik ujuk ayuk ulouk jian ukuk,ayuk ulouk jian inak..yeng ulouk jiak eh sogit 	1			Western Penan	train	5.864913637535447		False	0.3207547169811321	False	4.00288547297929	0.41114551083591333	True
06e91360c689ccdb3c48e8c51aac7b8c	17264	spontaneous-speech-pne-17264.mp3	19260	1507	Inouk kejiak lalek pogeng muik ujuk?	Jiak- kejiak neh muik ujuk, ayuk neh berosi yeng pun inouk inouk yah eh penyakit inouk tong ujuk supaya- sukat ayuk kuman. 	1	teens	female_feminine	Western Penan	train	5.244029075804776		False	0.1333333333333333	False	4.176075136653817	0.530030959752322	True
660efcc153b8f1b83f0e7b7293a6739d	17624	spontaneous-speech-pne-17624.mp3	16128	1507	Inouk kejiak lalek pogeng muik ujuk?	Ulouk muik ujuk ineh, dei pun sogit, pun tanak, pun deg. kinan ulouk eh, ujung ujung neh- gak gak neh dak ulouk sakit buri, ulouk podam, ulouk pun manouk, ulouk gaten, ulouk pinek am-	1	teens	female_feminine	Western Penan	train	9.300595238095235		False	0.24444444444444446	False	5.378036719606226	0.9473684210526315	False
d03d164e3a037c9462bb3b7801263813	17772	spontaneous-speech-pne-17772.mp3	17532	1507	Inouk kejiak lalek pogeng muik ujuk?	[unclear] ulouk muik eh, supaya ulouk berosi, yeng pun sakit ulouk, supaya yeng pun amak ulouk, supaya yeng pun pengesat ulouk, yeng pun [um] penyogit yah kinan ulouk ayuk ujuk ulouk ineh. Ineh pengejiak neh ulouk muik eh. 	1	twenties	female_feminine	Western Penan	train	10.55213324207164		False	0.3727272727272727	False	3.4028030005368093	0.057585139318885446	True
59015be0ab1203af375a4af4b86c43d5	17788	spontaneous-speech-pne-17788.mp3	15804	1507	Inouk kejiak lalek pogeng muik ujuk?	Dan akouk sedirik yeng akouk pogeng muik ujuk. Dan gem, ineh pogeng nuik kik dekuk gem kik ineh dan akouk pogen kah dan kik komah komah. Paling manouk akouk lerk dan neh nong adalah gem. Yeng akouk selesa mukuk. Yeng akouk pogeng muik ujuk.	1			Western Penan	train	12.4651986838775		False	0.3628691983122363	False	4.790948916656067	0.8260061919504644	False
4ec459422dba26b5a75bdf06815cae81	18096	spontaneous-speech-pne-18096.mp3	13284	1507	Inouk kejiak lalek pogeng muik ujuk?	Akouk yeng akouk pogeng muik- muik ujuk kik. gem kik pogeng nuik kik. [um] Dan kik pogen kek, dan kik posot kek, dan kik inouk inouk, jah gem tue pogeng nuik kik. Yeng akouk pogeng muik ujuk. 	1			Western Penan	train	11.668172237277927		False	0.455026455026455	False	4.170016065765715	0.5226006191950464	True
3a783f2ba60782823bab13f00d15057a	18131	spontaneous-speech-pne-18131.mp3	18540	1507	Inouk kejiak lalek pogeng muik ujuk?	Umk..muwik ujuk itouk,jian..dan kok muwik ujuk,sukat mobet sogit,mobet dek,mobet yah sat jin ujuk kuk..konak kok mongen...sutoh kok mongen [um] mongen yah sat,tai kauk muwik ujuk kuk,tai tauk kuman,yeng kok sakit buri..keh..	1			Western Penan	train	10.4638619201726		False	0.2624434389140271	False	5.6094654505582335	0.9671826625386997	False
a2632e7d8bbc0b5567334fd6bb68604f	18197	spontaneous-speech-pne-18197.mp3	16956	1507	Inouk kejiak lalek pogeng muik ujuk?	Owk, ulouk muik ujuk nong, lonyuh. Yeng jiak ayuk ulouk mongen sangep, mongen tabang ulouk, yeng jiak ayuk ulouk mongen sin ulouk. Sat. Nong, nolit rah, penanyai rah. Yeng ulouk jiak nong ujuk dik rah. Keh. Ineh eh.	1	fifties	male_masculine	Western Penan	train	10.497758905402218		False	0.3207547169811321	False	5.180383419861528	0.913312693498452	False
15813ed995d0a8f107309df7f9afa0d0	15212	spontaneous-speech-pne-15212.mp3	16560	1494	Inouk arep kok awu itouk?	Pun arep kik awu itouk, akouk murip ngan jian, akouk mukuk dalem urip sonang. Ineh koluk kik, ineh arep kik dalem urip kik, dalem konep kik awu itouk.	1	thirties	female_feminine	Western Penan	train	7.427536231884058		False	0.33333333333333337	False	3.143937481431374	0.009287925696594427	True
6daf5823a635cbefd29a368980768870	15368	spontaneous-speech-pne-15368.mp3	15732	1494	Inouk arep kok awu itouk?	Arep kik tong urip kik, akouk keroja. Sukat manouk tinen tamen kik [um] jian konep, avik ireh padik kek. Sukat molek barang monak ireh, inouk inouk peh nenyuk ireh akouk molek ; akouk molek tue. Kalau akouk sukat.	1			Western Penan	train	11.18738876175947		False	0.23333333333333328	False	3.8535319547632856	0.29102167182662536	True
38d1cf1c53c7826866b3ae7a6495b32f	15835	spontaneous-speech-pne-15835.mp3	18396	1494	Inouk arep kok awu itouk?	Yah kenarep kik awu itouk, yeng pun boken..dalem urip kik, anag kik lah, yah senuk kik sekulah,yah sukat [um] Pun pengojam awu itouk..Jadi lah urip kik jian, urip rodu kik jian..urip anag kik jian..	1	twenties	male_masculine	Western Penan	train	8.969341161121983		False	0.24615384615384617	False	3.77240398177647	0.243343653250774	True
209c440297f7fce6c5e4fba0e913f9b8	15952	spontaneous-speech-pne-15952.mp3	12060	1494	Inouk arep kok awu itouk?	Arep kik au ituek dah pun anak kik pun sekulah sukat sekulah tomoh amik manuek sekulah nah ineh pah avik au ineh arep kik 	1			Western Penan	train	8.12603648424544		False	0.24369747899159666	False	4.703824771523326	0.7863777089783281	False
d010ca153b96a5ebfd09ba6a2e3e0cf4	16154	spontaneous-speech-pne-16154.mp3	16596	1494	Inouk arep kok awu itouk?	Arep kik awu itouk yan neh eh..akouk sukat pitah adui yah jian,ayuk kikbsukat pepurip ireh tinen tamen kik..	1	teens	male_masculine	Western Penan	train	5.483248975656784		False	0.06666666666666665	False	3.526706299274679	0.10340557275541795	True
46b095ac5602bd3bfdf0cc670842c77c	16246	spontaneous-speech-pne-16246.mp3	16560	1494	Inouk arep kok awu itouk?	Akuek juk mengarep juk sukat murip sukat konak lobuk konak pegosah boken inuek juk tengarep kik ineh juk narei kek	1			Western Penan	train	5.736714975845411		False	0.19819819819819817	False	4.904878012939586	0.8563467492260062	False
75e882dda7e6942bcfa81c65ba9893a3	16492	spontaneous-speech-pne-16492.mp3	20520	1494	Inouk arep kok awu itouk?	Arep kik awu itouk, ayuk ireh padik kik, ayuk ireh tinen tamen kik, amik sukat popeng tong jah lamin. Amik sukat pojah kelak kek, amik sukat malak kelak kek. Konak alai neh kolak- konak tumu.	1			Western Penan	train	7.651072124756335		False	0.25531914893617025	False	4.140553301853655	0.5021671826625387	True
15c3189343ecfed295e773c9a86db318	17319	spontaneous-speech-pne-17319.mp3	15876	1494	Inouk arep kok awu itouk?	Koluek pun adui konak adui-adui yah malai jah lake ineh avik peh sekulah konak tok anak kik ineh lah 	1	twenties	female_feminine	Western Penan	train	5.165028974552785		False	0.1428571428571429	False	4.33698216342025	0.6266253869969041	False
660efcc153b8f1b83f0e7b7293a6739d	17412	spontaneous-speech-pne-17412.mp3	16056	1494	Inouk arep kok awu itouk?	Ayuk kik, akouk muat umon, akouk kuman, memagat, akouk murip tong daleh iteuk. Ayuk nat anak, nat lakeik, nat ayam kik au iteuk dak. 	1	teens	female_feminine	Western Penan	train	6.788739412057797		False	0.20769230769230773	False	5.319893083623955	0.9325077399380804	False
06e91360c689ccdb3c48e8c51aac7b8c	17652	spontaneous-speech-pne-17652.mp3	18324	1494	Inouk arep kok awu itouk?	Arep kek awu itouk, anag kek bawai sekulah, anag kek mojam, yeng pun inouk yak manouk ayuk neh jiak mojam awu itouk dak, yeng inouk yah eh sat sat awu itouk dak.	1	teens	female_feminine	Western Penan	train	7.094520846976642		False	0.30379746835443033	False	3.9199363564045577	0.3442724458204334	True
d03d164e3a037c9462bb3b7801263813	17695	spontaneous-speech-pne-17695.mp3	19620	1494	Inouk arep kok awu itouk?	Pinek arep kik au itouk..mani arep anag kik mojam sekulah,arep padik kik mojam sekulah,arep ireh a'ong kik,ireh anag kik mojam sekulah..tong sekulah ireh,tong berajan ireh..	1	twenties	female_feminine	Western Penan	train	7.594291539245667		False	0.38235294117647056	False	3.7637597831029113	0.24086687306501547	True
59015be0ab1203af375a4af4b86c43d5	17855	spontaneous-speech-pne-17855.mp3	20628	1494	Inouk arep kok awu itouk?	Akouk harep semua jajik , semua piak yah eh nanouk peritah ngan amik adalah tercapai..adalah..owk...keningat peritah jajik adalah jajik ngan neh urip anag kik awu itouk,masa pengawu..masa akan datang..urip anag kik lebih terjamin, urip anag kik lebih jiak..amai konak towk akouk..ineh tuwerk dalem konep kik, dalem kira'k ..	1			Western Penan	train	13.42834981578437		False	0.23987538940809972	False	5.140944133690414	0.9052631578947369	False
3a783f2ba60782823bab13f00d15057a	18150	spontaneous-speech-pne-18150.mp3	18756	1494	Inouk arep kok awu itouk?	Duh arep kik ituek akuek koluek ineuk ngaran neh akuek juk koluk akuek pun keroja pun adui pun kerita jau pun ineuk ngaran neh pun keroja pun adui keh ineh koluk kik 	1			Western Penan	train	7.144380464917893		False	0.39877300613496935	False	4.184689525351244	0.5343653250773994	True
a2632e7d8bbc0b5567334fd6bb68604f	18228	spontaneous-speech-pne-18228.mp3	16200	1494	Inouk arep kok awu itouk?	[cough] Owk awu itouk, monak masa yah jian,ulouk koluk urip yah pudey,urip yah kelosah..ineh yah arep kik dalem..Yah sat yeng ulouk koluk,urip jiak koluk ulouk awu itouk..keh, dalem urip itouk,ineh jiak,keh piak ulouk..	1	fifties	male_masculine	Western Penan	train	11.54320987654321		False	0.2870370370370371	False	3.6654684392870056	0.17956656346749225	True
15813ed995d0a8f107309df7f9afa0d0	15538	spontaneous-speech-pne-15538.mp3	13320	1503	Pun inak yah nyelongen petiken ayuk kah popeng ngan kelunan/panag kah?	Sajak pogeng popeng. Sajak pogeng petiken amik jin kelunan, jin panak amik. Yeng pun amik pogeng pojah. Yeng pun amik pedik. 	1	thirties	female_feminine	Western Penan	train	7.807807807807808		False	0.360655737704918	False	4.0538151734466785	0.4470588235294118	True
916c4bf55dda885cb785b8e0342f30cb	15543	spontaneous-speech-pne-15543.mp3	17388	1503	Pun inak yah nyelongen petiken ayuk kah popeng ngan kelunan/panag kah?	Amik popeng tong lamin tinen amik,amik kle'terk,amik pojah kuman,amik pojah [um] basak ngan pojah pekirak adui	1	fourties	male_masculine	Western Penan	train	5.463538072233724		False	0.19626168224299068	False	4.451280731354238	0.6786377708978328	False
6daf5823a635cbefd29a368980768870	15560	spontaneous-speech-pne-15560.mp3	15588	1503	Pun inak yah nyelongen petiken ayuk kah popeng ngan kelunan/panag kah?	Pun, pun lah. Konak alai ulouk tumu, tajak pun ineh inak ineh ayuk ulouk mukuk, ayuk ulouk [um] pogen ngan ireh kelunan ireh padik ulouk. Keh. Konak ulouk tong ume'.	1			Western Penan	train	8.724659994867846		False	0.24691358024691357	False	3.479974194825754	0.08297213622291022	True
209aab5184d892f83f2f6491b90f4867	15684	spontaneous-speech-pne-15684.mp3	24192	1503	Pun inak yah nyelongen petiken ayuk kah popeng ngan kelunan/panag kah?	[cough] kelunan ineh kelunan yah narak ireh meniken piak, meniken ani, meniken adet erei ineh. keh yah kunah roti ineh, yah maneuk adui petiken, yah maneuk adui nah kek. Yeng yah ineh pojah ngan kelunan pinek, sajak neh maneuk adui ayuk konep nah keh.	1			Western Penan	train	8.597883597883598		True	0.31854838709677424	False			False
38d1cf1c53c7826866b3ae7a6495b32f	15841	spontaneous-speech-pne-15841.mp3	16740	1503	Pun inak yah nyelongen petiken ayuk kah popeng ngan kelunan/panag kah?	Yah nyelongen petiken, yeng pun lah. Dan pun ani amik, pun ayuk amik dan amik panag petiken tong tilung amik lah. Ineh tuk inak yah nyelongen ayuk amik petiken. Ayuk amik mukuk, ayuk amik pani. 	1	twenties	male_masculine	Western Penan	train	9.49820788530466		False	0.32984293193717273	False	4.226403290685728	0.561609907120743	True
d010ca153b96a5ebfd09ba6a2e3e0cf4	15879	spontaneous-speech-pne-15879.mp3	16812	1503	Pun inak yah nyelongen petiken ayuk kah popeng ngan kelunan/panag kah?	Pun inak amik ineh..blok tong long wat etey, blok c. ineh inak amik, ayuk amik panak,amik kelunan amik popeng.	1	teens	male_masculine	Western Penan	train	5.472281703545087		False	0.20560747663551404	False	4.136194368911354	0.496594427244582	True
46b095ac5602bd3bfdf0cc670842c77c	15991	spontaneous-speech-pne-15991.mp3	15696	1503	Pun inak yah nyelongen petiken ayuk kah popeng ngan kelunan/panag kah?	Tong lamin tong ayuk inak selongen ayuk amik panak popeng yeng amik panoek pojah 	1			Western Penan	train	4.2686034658511725		False	0.17948717948717952	False	4.906352025355567	0.8575851393188855	False
209c440297f7fce6c5e4fba0e913f9b8	16282	spontaneous-speech-pne-16282.mp3	15408	1503	Pun inak yah nyelongen petiken ayuk kah popeng ngan kelunan/panag kah?	Pun kek [unclear] inak pun kek[unclear]Japan dak [um] tong tilung amik petiken ataupun tong tilung panak amik petiken keh	1			Western Penan	train	6.684839044652129		False	0.288135593220339	False	4.073636817490322	0.4588235294117647	True
75e882dda7e6942bcfa81c65ba9893a3	16473	spontaneous-speech-pne-16473.mp3	19440	1503	Pun inak yah nyelongen petiken ayuk kah popeng ngan kelunan/panag kah?	Pun, pun inak yah nyelongen petiken ayuk amik popeng ngan ireh panag amik, ngan ireh kelunan amik, ngan ireh tinen tamen, ngan ireh padik amik ; yan neh tong- tong lamin tinen tamen kik. Sineh ayuk amik popeng, sineh ayuk amik [um] kuman, sineh ayuk amik ramey.	1			Western Penan	train	11.059670781893004		False	0.36046511627906974	False	3.67321467254667	0.18575851393188855	True
660efcc153b8f1b83f0e7b7293a6739d	17331	spontaneous-speech-pne-17331.mp3	16380	1503	Pun inak yah nyelongen petiken ayuk kah popeng ngan kelunan/panag kah?	Tong awa, tong tilung, tong baleh ; ineh bi inak amik panag petipun. Ayuk amik seritak, ayuk amik pebarak, ayuk amik pani, ayuk amik barak itei, barak itouk, petonak itei, petonak itouk.	1	teens	female_feminine	Western Penan	train	9.462759462759465		False	0.36612021857923494	False	4.018399000759329	0.4235294117647059	True
06e91360c689ccdb3c48e8c51aac7b8c	17460	spontaneous-speech-pne-17460.mp3	20700	1503	Pun inak yah nyelongen petiken ayuk kah popeng ngan kelunan/panag kah?	Inak ayuk amik nyelongen tai petiken, ayuk amik mengonin tong inouk kek, tong tanak kek. Tai manouk lamin sineh, tai- ayuk tai mengonin tong- min popeng kelunan.	1	teens	female_feminine	Western Penan	train	6.521739130434783		False	0.2215189873417721	False	4.484460776153896	0.7009287925696595	False
d03d164e3a037c9462bb3b7801263813	17768	spontaneous-speech-pne-17768.mp3	19404	1503	Pun inak yah nyelongen petiken ayuk kah popeng ngan kelunan/panag kah?	Pun lamin ulouk, inak ulouk sedirik. Ni- Nanouk ulouk, tekodeng ulouk sedirik kek. Ineh lamin ulouk, ineh inak ulouk [um] tilung ulouk. Tilung gen ulouk, tilung inak ulouk ngan padik ulouk ngan panag ulouk ngan paong ulouk sedirik.	1	twenties	female_feminine	Western Penan	train	9.99793856936714		False	0.48684210526315785	True			False
59015be0ab1203af375a4af4b86c43d5	18018	spontaneous-speech-pne-18018.mp3	16236	1503	Pun inak yah nyelongen petiken ayuk kah popeng ngan kelunan/panag kah?	[um] Yeng pun inak yah petiken ayuk amik, yah petiken ayuk amik. Somah somah peh amik petobang, amik pun ani, pun iting pun ani, jah awa [sniff] ame' lakeik jau ayuk amik pani.	1			Western Penan	train	8.869179600886918		False	0.3063583815028902	False	4.184725803593996	0.534984520123839	True
a2632e7d8bbc0b5567334fd6bb68604f	18081	spontaneous-speech-pne-18081.mp3	15336	1503	Pun inak yah nyelongen petiken ayuk kah popeng ngan kelunan/panag kah?	Pun, pun ayuk ulouk popeng dan sajak neh pun kelunan yah avik ulouk,sajak pun ayuk ulouk popeng,pun ulouk petiken,dey kelunan maot, dey kelunan pinek piat ayuk ani ulouk toneng, ayuk piak ulouk toneng ngan kelunan yah perlu ninik piak ulouk pani keh.	1	fifties	male_masculine	Western Penan	train	13.628064684402712		False	0.39676113360323884	False	4.0522762105657	0.4452012383900929	True
3a783f2ba60782823bab13f00d15057a	18120	spontaneous-speech-pne-18120.mp3	16920	1503	Pun inak yah nyelongen petiken ayuk kah popeng ngan kelunan/panag kah?	Nyelongen inak ; luvang lamin. Sineh popeng, sineh ulouk petipun, sineh ulouk pani, sineh ulouk pebarak, sineh ulouk keleterk. Barak itei itouk, pebarak yah eh koluk juk narak ulouk. Sineh ulouk pebarak.	1			Western Penan	train	10.165484633569738		False	0.33999999999999997	False	4.055176667375158	0.448297213622291	True
6daf5823a635cbefd29a368980768870	15450	spontaneous-speech-pne-15450.mp3	15660	1585	Bup suket inouk koluk tan ranag?	Bup suket kancil koluk tan ireh anag. Eh koluk tan ireh. Kuk ireh koluk ngeninik piak ireh barak, piak ireh seritak eh ngan rawah ayam lakeik duah tong seritak ineh erei. Ineh eh koluk tan ireh anag, yeng konak koluk menat eh.	1			Western Penan	train	11.81353767560664		False	0.29147982062780264	False	3.8665112825350745	0.29721362229102166	True
15813ed995d0a8f107309df7f9afa0d0	15493	spontaneous-speech-pne-15493.mp3	11880	1585	Bup suket inouk koluk tan ranag?	Yeng pun bup suket yah koluk tan ireh anag dalem langit piak itouk,jah pon tan ireh..jah pon nongen ireh..Yeng pun ireh menat bup suket.	1	thirties	female_feminine	Western Penan	train	9.51178451178451		True	0.24812030075187974	False			False
d010ca153b96a5ebfd09ba6a2e3e0cf4	15903	spontaneous-speech-pne-15903.mp3	16452	1585	Bup suket inouk koluk tan ranag?	 Yeng akuek mojam eh inuek koluk ireh anag kik akuek dak akuek koluk bok, pun bok ireh mukun sineh sediril kek[unclear]sineh bareng oluek mojam 	1	teens	male_masculine	Western Penan	train	7.23316314125942		False	0.22695035460992907	False	4.038043896812835	0.43653250773993807	True
75e882dda7e6942bcfa81c65ba9893a3	16336	spontaneous-speech-pne-16336.mp3	13572	1585	Bup suket inouk koluk tan ranag?	Dan kik anag sau, bup suket yah lalek koluk tan kik yan neh ; pak Pandir, pak Belalang, [um] ireh ineh. Koluk akouk menat eh sau, koluk akouk basak eh sau dan kik tai tong sekulah sau mah.	1			Western Penan	train	11.125847332743884		False	0.17837837837837833	False	4.359925163466679	0.6396284829721363	False
46b095ac5602bd3bfdf0cc670842c77c	16372	spontaneous-speech-pne-16372.mp3	16236	1585	Bup suket inouk koluk tan ranag?	Ireh koluk nat seritak sau sau. Seritak atah sau. Seritak sau, Ineh koluk kebasak, ineh koluk tan ireh anag. [unclear]	1			Western Penan	train	6.097560975609756		False	0.28695652173913044	False	3.596792739645363	0.14489164086687306	True
209c440297f7fce6c5e4fba0e913f9b8	16401	spontaneous-speech-pne-16401.mp3	14616	1585	Bup suket inouk koluk tan ranag?	Suket yah koluk ireh anag,suket lapit jilun,suket lopek,suket lakeik bilung date'..suket ineh yah koluk tan ireh anag,keninik..	1			Western Penan	train	7.594417077175698		False	0.2661290322580645	False	4.98136060231435	0.874922600619195	False
38d1cf1c53c7826866b3ae7a6495b32f	16431	spontaneous-speech-pne-16431.mp3	15336	1585	Bup suket inouk koluk tan ranag?	Langit piak itouk, yeng pun bup suket boken koluk tan amik. Yah seritak usit lah, usit usit yah narak katun katun tong tv ineh. Upin lah, Ipin lah, Tom lah, Jerry lah.	1	twenties	male_masculine	Western Penan	train	8.868022952529994		False	0.1402439024390244	False	5.110335001268107	0.8990712074303405	False
660efcc153b8f1b83f0e7b7293a6739d	17273	spontaneous-speech-pne-17273.mp3	16380	1585	Bup suket inouk koluk tan ranag?	Amik yeng amik pun bup suket,amik..amik [um] ninik piak ireh topun amik,ireh ukun amik tosog,ayuk ujun ireh sedirik tosog ngan amik..suket monak amik..yeng amik pun bup ayuk amik minak..	1	teens	female_feminine	Western Penan	train	9.645909645909647		False	0.3005464480874317	False	3.601286818957349	0.14736842105263157	True
06e91360c689ccdb3c48e8c51aac7b8c	17586	spontaneous-speech-pne-17586.mp3	16380	1585	Bup suket inouk koluk tan ranag?	Pun suket ireh sau anah ireh anag,jah ulouk yeng mojam tuwerk..suket inouk eh ..yah  eh koluk koluk tan ireh anag ineh..	1	teens	female_feminine	Western Penan	train	6.043956043956045		False	0.17948717948717952	False	3.699957661315424	0.2043343653250774	True
15c3189343ecfed295e773c9a86db318	17598	spontaneous-speech-pne-17598.mp3	16488	1585	Bup suket inouk koluk tan ranag?	yeng akouk mojam inouk eh piak kok ineh,inouk roti neh,yeng akouk mojam barak eh,mojam tosog eh,du'kuk kik yeng berapa mojam asli piak ponan,yeng akouk mojam inouk eh narak kok ineh.	1	twenties	female_feminine	Western Penan	train	9.279475982532752		False	0.3743016759776536	False	3.744521777559138	0.22910216718266255	True
a2632e7d8bbc0b5567334fd6bb68604f	17886	spontaneous-speech-pne-17886.mp3	16380	1585	Bup suket inouk koluk tan ranag?	owk...dan pun bup suket ineh akouk,suket tamen ra,tamen sanin peh suket asen ulouk ponan,suket belawan,suket jelivan pun suket asen ulouk..semua yah koluk anag ulouk ngeninik..ireh yeng kalek ngeninik,samak ngan ulouk tinen tamen 	1	fifties	male_masculine	Western Penan	train	12.08791208791209		False	0.2599118942731278	False	4.563123177294442	0.7374613003095976	False
d03d164e3a037c9462bb3b7801263813	17911	spontaneous-speech-pne-17911.mp3	10728	1585	Bup suket inouk koluk tan ranag?	Pinek eh...pengokat, pengokat bup eh suket ineh, pinek eh koluk tan ireh anah..pinek eh koluk [um] kebasak ireh anag..	1	twenties	female_feminine	Western Penan	train	9.321401938851604		True	0.24347826086956526	False			False
59015be0ab1203af375a4af4b86c43d5	18032	spontaneous-speech-pne-18032.mp3	18000	1585	Bup suket inouk koluk tan ranag?	Yeng akouk mojam yah koluk tan ireh. Dan neh akouk sau, koluk peh akouk nat bup suket Puteri Santubong rawah Puteri Sejinjang. Suket tong daleh ulouk itouk sedirik, tong Sarawak itouk. Ineh peh suket koluk tan kek, tenawai kek.	1			Western Penan	train	10.5		False	0.2276785714285714	False	4.698814242132267	0.7839009287925697	False
3a783f2ba60782823bab13f00d15057a	18294	spontaneous-speech-pne-18294.mp3	16740	1585	Bup suket inouk koluk tan ranag?	Pun suket seritak ireh sau,piak ireh sau..aneh ireh sau,ineh koluk tan ireh anag,yah eh pun gaban pun piak ireh sineh,pun nat neh sineh..ineh koluk ireh basak, koluk tan ireh anag, keh..ineh..	1			Western Penan	train	9.677419354838708		False	0.3915343915343915	False	3.7156351920245227	0.21424148606811144	True
6daf5823a635cbefd29a368980768870	15317	spontaneous-speech-pne-15317.mp3	15876	1474	Konak tateg langit itouk?	Yeng langit iteuk jiak, eh langit iteuk ineh. Tek langit ineh tek. Arei danik-danik neh juk tek kelak iteuk. Yan ne akeuk mukuk teuk [um] eh tek ne iteuk. Akeuk tong inak iteuk ineh tek. Yeng mojam konak dan kik mulik buik dap ne yeng tek eh dak.	1			Western Penan	train	12.53464348702444		False	0.308641975308642	False	5.247601665207941	0.9269349845201238	False
15813ed995d0a8f107309df7f9afa0d0	15443	spontaneous-speech-pne-15443.mp3	14796	1474	Konak tateg langit itouk?	Tateq langit iteuk, yeng eh jian. Petoget- petaget tek. Petaget nonep. Yeng pun ayuk neh jian, yeng a- pun ayuk neh tagak. Taget bacak.	1	thirties	female_feminine	Western Penan	train	7.569613409029467		False	0.21212121212121215	False	4.850410831143433	0.8452012383900929	False
209aab5184d892f83f2f6491b90f4867	15641	spontaneous-speech-pne-15641.mp3	19224	1474	Konak tateg langit itouk?	Yeng pun adui yeng pun keroja nanouk dalem langit itouk..sumak tai kle'terk tong tanak,tai kore,jah ineh adui.Yeng pun adui boken dalem langit itouk ineh,yah mauk kaseh tai.	1			Western Penan	train	7.646691635455681		False	0.23529411764705888	False	3.804501672810091	0.2594427244582043	True
209c440297f7fce6c5e4fba0e913f9b8	15798	spontaneous-speech-pne-15798.mp3	7128	1474	Konak tateg langit itouk?	Yeng pun tateg amik joker jin lamin. Joh amik nouk terk.	1			Western Penan	train	6.453423120089787		True	0.05660377358490565	False			False
d010ca153b96a5ebfd09ba6a2e3e0cf4	16190	spontaneous-speech-pne-16190.mp3	15552	1474	Konak tateg langit itouk?	Jiak langit touk, yeng pun terk. Eh dai ineh jak, abu eh terk dak bik dap. Atau peh dan amik mulik kitei sagam.	1	teens	male_masculine	Western Penan	train	5.722736625514403		False	0.03703703703703709	False	5.6804268018642405	0.9690402476780186	False
46b095ac5602bd3bfdf0cc670842c77c	16296	spontaneous-speech-pne-16296.mp3	16560	1474	Konak tateg langit itouk?	Yeng pun taterk langit itouk,jian langit tong daleh,jian awang tong daleh itouk..yeng pun taterk neh..itouk neh koluk..konak itouk taterk .	1			Western Penan	train	7.246376811594203		False	0.3308823529411765	False	3.4609461971029023	0.0718266253869969	True
38d1cf1c53c7826866b3ae7a6495b32f	16384	spontaneous-speech-pne-16384.mp3	17136	1474	Konak tateg langit itouk?	Langit iteuk, tek, nonep. Joh joh tek maneuk jin buik itei nik erei. Keh langit iteuk neh, yeng pun ayuk neh jiak. Joh joh joh neh tek, yeng jadi jadi tuvu neuk, yeng jadi jadi neuk neh. 	1	twenties	male_masculine	Western Penan	train	8.753501400560225		False	0.3369565217391305	False	4.562506914850253	0.7368421052631579	False
75e882dda7e6942bcfa81c65ba9893a3	16499	spontaneous-speech-pne-16499.mp3	14328	1474	Konak tateg langit itouk?	Konak tateq langit iteuk dan amik tuwai nik nek, tek langit, baleng, nonep, sat, gonin. Yeng jiak lakau amik, tapik puji Tuhan lah.	1			Western Penan	train	7.607481853713009		False	0.0625	False	5.1373858772387955	0.9040247678018576	False
15c3189343ecfed295e773c9a86db318	17538	spontaneous-speech-pne-17538.mp3	15336	1474	Konak tateg langit itouk?	Langit iteuk yeng jian. Terk, amik tuai nik, toder terk amik. Joh amik toder terk. Yeng pun langit iteuk jian. Petaget sat langit iteuk, petaget nonep, petaget terk langit iteuk. Yeng langit iteuk jian.	1	twenties	female_feminine	Western Penan	train	11.01982263954095		False	0.4170854271356784	False	3.605403897217592	0.14860681114551083	True
660efcc153b8f1b83f0e7b7293a6739d	17560	spontaneous-speech-pne-17560.mp3	16128	1474	Konak tateg langit itouk?	Langit sat, terk. Joh terk jin pukon lomah, nem dilau nik. Joh toder terk jin itei avik itouk. Ateg sat pong langit itouk. Nonep lah daleh itouk, langit itouk ineh. Lak Belagah langit itouk.	1	teens	female_feminine	Western Penan	train	9.734623015873016		False	0.25133689839572193	False	5.358902485024332	0.9430340557275542	False
06e91360c689ccdb3c48e8c51aac7b8c	17641	spontaneous-speech-pne-17641.mp3	17064	1474	Konak tateg langit itouk?	Langit itouk,tateg langit itouk,jiak jiak tuerk..yeng pun inouk yah sat..jiak tuerk neh langit itouk..yeng konak nat eh sat,jiak tuerk neh..yeng pun terk,yeng pun keh..	1	teens	female_feminine	Western Penan	train	8.497421472105016		False	0.37575757575757573	False	3.3252011793266165	0.031578947368421054	True
d03d164e3a037c9462bb3b7801263813	17713	spontaneous-speech-pne-17713.mp3	15300	1474	Konak tateg langit itouk?	Yeng berapa jiak langit iteuk kei, terk terk gonin gonin sineh,menog menog terk langit iteuk yeng berapa jiak menok ngate terk amik toleuk tuai niik erei nek.	1	twenties	female_feminine	Western Penan	train	8.627450980392156		False	0.28387096774193543	False	5.108916014190531	0.8978328173374613	False
59015be0ab1203af375a4af4b86c43d5	17843	spontaneous-speech-pne-17843.mp3	19152	1474	Konak tateg langit itouk?	Langit itouk ineh sat,langit bawai itouk terk. Amik tuai erei pun nek toder terk amik jin luan, ne'uk langit itouk. Eh mapik,eh pekam langit bawai itouk.Avik dai'touk ineh larui  da'uk bonying neh, da'uk lurk neh,da'uk agok neh jin bawai.	1			Western Penan	train	10.390559732664997		False	0.2638297872340426	False	5.365718867559424	0.944891640866873	False
a2632e7d8bbc0b5567334fd6bb68604f	17952	spontaneous-speech-pne-17952.mp3	17280	1474	Konak tateg langit itouk?	Owk, yeng pun tateg neh. Jiak neh konak itouk ineh. Ulouk juk menat rasa rasa neh yeng pun ayuk neh monak. Barak tateg neh ngan ulouk konak kek menat yah dalem konak itouk ineh. Inouk kek jadi adui ulouk dalem. Keh. 	1	fifties	male_masculine	Western Penan	train	10.127314814814817		False	0.31924882629107976	False	3.4707906730426314	0.07739938080495357	True
3a783f2ba60782823bab13f00d15057a	18242	spontaneous-speech-pne-18242.mp3	16488	1474	Konak tateg langit itouk?	Dei langit itouk, sat langit itouk lah. Yan neh pogeng nonep, pogeng te'ek, pogeng padeng itouk ineh. Yeng eh jiak, yan neh manouk te'ek neh manouk erei langit ineh sat neh. Keh.	1			Western Penan	train	8.915574963609899		False	0.34857142857142853	False	3.81563103416553	0.265015479876161	True
916c4bf55dda885cb785b8e0342f30cb	15236	spontaneous-speech-pne-15236.mp3	17028	1569	Inouk adui dageng yah jian juk nanouk kah tong inak kah?	amik juk dageng betolu,dageng tangoh,ngan pitah mabui pitah payau ngan [um] menuvu sawit.	1	fourties	male_masculine	Western Penan	train	4.521963824289406		False	0.11627906976744184	False	5.282232273130613	0.9287925696594427	False
15813ed995d0a8f107309df7f9afa0d0	15337	spontaneous-speech-pne-15337.mp3	11916	1569	Inouk adui dageng yah jian juk nanouk kah tong inak kah?	Jah sumak amik menuvu, maneuk tangoh, maneuk uveik, maneuk kobun. Ineh urip sukat naneuk tong inak, tong ayuk amik. 	1	thirties	female_feminine	Western Penan	train	8.140315542128231		True	0.19469026548672563	False			False
6daf5823a635cbefd29a368980768870	15539	spontaneous-speech-pne-15539.mp3	16560	1569	Inouk adui dageng yah jian juk nanouk kah tong inak kah?	Owk, dageng yah sig-sig ineh. Konak tog [um] kueh, kueh donat, [um] cakoi, kerupok. Yah eh sig-sig ineh. Ineh kejiak dan dageng tong inak amik, yah eh sonang.	1			Western Penan	train	7.910628019323672		False	0.19999999999999996	False	5.882217457460359	0.9789473684210527	False
38d1cf1c53c7826866b3ae7a6495b32f	15829	spontaneous-speech-pne-15829.mp3	19620	1569	Inouk adui dageng yah jian juk nanouk kah tong inak kah?	Sebab amik Ponan yeng pun boken. Jah sumak yah adui yah nanouk amik, yah sukat kedageng amik, yah sukat kebolek amik ngan rah ;bukui, malat, borat. Ineh tue yah sukat kedageng amik. Pongah ineh, payau, mabui, telawu, betolu. Ineh bi sukat penitah amik. 	1	twenties	male_masculine	Western Penan	train	10.703363914373089		False	0.264	False	4.175976601922178	0.5294117647058824	True
d010ca153b96a5ebfd09ba6a2e3e0cf4	15958	spontaneous-speech-pne-15958.mp3	15984	1569	Inouk adui dageng yah jian juk nanouk kah tong inak kah?	Yah juk dageng amik jian tong inak amik yan neh kerupok,inouk..kueh,kola,ujau,ujau dek,sardin,avik eh..sigam,mi..	1	teens	male_masculine	Western Penan	train	6.318818818818819		False	0.045454545454545414	False	5.718841530529829	0.9727554179566563	False
46b095ac5602bd3bfdf0cc670842c77c	16046	spontaneous-speech-pne-16046.mp3	17676	1569	Inouk adui dageng yah jian juk nanouk kah tong inak kah?	Amik sumak manouk adui ineh ayuk amik murip, amik manouk mabui,uvut..manouk segolah..manouk lokark,ineh adui amik	1			Western Penan	train	5.60081466395112		False	0.28181818181818186	False	3.930299963492861	0.3504643962848297	True
209c440297f7fce6c5e4fba0e913f9b8	16147	spontaneous-speech-pne-16147.mp3	12528	1569	Inouk adui dageng yah jian juk nanouk kah tong inak kah?	Adui yah dageng juk nanouk amik.........be'r,nyak,kupi,gulak,semua yah barak penguman..	1			Western Penan	train	6.305874840357599		False	0.08333333333333337	False	5.441789750764153	0.9541795665634675	False
75e882dda7e6942bcfa81c65ba9893a3	16321	spontaneous-speech-pne-16321.mp3	18540	1569	Inouk adui dageng yah jian juk nanouk kah tong inak kah?	Adui dageng yah juk- yah jian juk nanouk amik tong inak amik, yan neh pejuan sangep, pejuan beg, pejuan selipa. Yah min- yah-yah sukat ngemoley urip amik. Yah jian, yah manouk pengejian tong urip amik.	1			Western Penan	train	9.00755124056095		False	0.25757575757575757	False	4.174476032717417	0.5269349845201239	True
660efcc153b8f1b83f0e7b7293a6739d	17323	spontaneous-speech-pne-17323.mp3	15876	1569	Inouk adui dageng yah jian juk nanouk kah tong inak kah?	Dan amik alek mabui, alek payau, alek betolu ineh yah jian kedageng amik tong umek amik tong daleh amik avik peh dan tangoh, tuveuk. Ineh tuek yah dageng amik dalem daleh amik.	1	teens	female_feminine	Western Penan	train	9.133282942806751		False	0.2601156069364162	False	3.9498762010538893	0.36594427244582045	True
06e91360c689ccdb3c48e8c51aac7b8c	17329	spontaneous-speech-pne-17329.mp3	21564	1569	Inouk adui dageng yah jian juk nanouk kah tong inak kah?	Pun adui dageng yah jian nouk amik tong umerk..yah konak towk juan juan barang yah mauk..yah mauk kinan kinan ulouk,ineh yah kejuan,ineh kejian neh dan juan eh tong inak amik..	1	teens	female_feminine	Western Penan	train	6.816917084028937		False	0.2658959537572254	False	4.047604266892439	0.4421052631578947	True
d03d164e3a037c9462bb3b7801263813	17667	spontaneous-speech-pne-17667.mp3	23328	1569	Inouk adui dageng yah jian juk nanouk kah tong inak kah?	Pinek adui dageng juk nanouk tong inak..tai pedageng nyak,pedageng be',pedageng penguman,pedageng berk mosak, [um] urip urip ulouk, usen biseng kerk,inouk kerk,penguman penguman yah penting ineh..juk kedageng ulouk..juk nanouk tong inak ulouk..	1	twenties	female_feminine	Western Penan	train	9.17352537722908		True	0.3609958506224067	False			False
59015be0ab1203af375a4af4b86c43d5	17746	spontaneous-speech-pne-17746.mp3	12852	1569	Inouk adui dageng yah jian juk nanouk kah tong inak kah?	Sukat yah [unclear] [unclear] Suket, suket [um] Somang. Ineh suket yah koluk kik, Suket Somang.	1			Western Penan	train	6.302521008403361		False	0.2717391304347826	False	3.3360827126124812	0.03591331269349845	True
a2632e7d8bbc0b5567334fd6bb68604f	17936	spontaneous-speech-pne-17936.mp3	16560	1569	Inouk adui dageng yah jian juk nanouk kah tong inak kah?	Adui yah jian paling tong inak amik, yah amik mosak manouk malat, yah amik ale'erk laker, manouk bukui, manouk borat. Ineh adui dalem lamin. Pitah mabui, pitah payau. Inouk adui berasil tong lamin amik.	1	fifties	male_masculine	Western Penan	train	10.205314009661835		False	0.2160804020100503	False	4.017903142706229	0.42291021671826623	True
3a783f2ba60782823bab13f00d15057a	18276	spontaneous-speech-pne-18276.mp3	19188	1569	Inouk adui dageng yah jian juk nanouk kah tong inak kah?	Adui dageng..niah konak uleuk erei pedageng kupi,pedageng gu'lark,pedageng usen biseng ,pedageng nyark,pedageng..[um] pedageng pinek eh kadageng uleuk ,dageng kueh, dageng sekorem,keh....	1			Western Penan	train	8.703356264331875		False	0.3369565217391305	False	5.178904401180574	0.9126934984520124	False
209aab5184d892f83f2f6491b90f4867	15206	spontaneous-speech-pne-15206.mp3	26748	1513	Sik yah nutouk kuk tong joh amak kerapip?	Auk, tajak keh neh langit itouk ineh. Pinek amak kerapit itouk, yan neh eh pengawu itouk ; covid, sakit nyamog, sakit inouk-inouk. Kokat ineh bi neh ngaran amak kerapit itouk erei, ngan ulouk pengawu itouk ineh. 	1			Western Penan	train	6.579931209810079		True	0.3157894736842105	False			False
15813ed995d0a8f107309df7f9afa0d0	15210	spontaneous-speech-pne-15210.mp3	12780	1513	Sik yah nutouk kuk tong joh amak kerapip?	Tulan inouk yah amak kerapip, akouk yeng akouk mojam piak yah ineh. Akouk yeng akouk pe- mojam roti piak ineh, tulan inouk ineh sau.	1	thirties	female_feminine	Western Penan	train	8.528951486697965		False	0.32558139534883723	False	3.8856542409125843	0.3139318885448916	True
6daf5823a635cbefd29a368980768870	15384	spontaneous-speech-pne-15384.mp3	15912	1513	Sik yah nutouk kuk tong joh amak kerapip?	Owk..mutouk ireh kelunan kik,mutouk ireh topun kik,mutouk  ireh viik kik eh mauk mojam,ngerep..ngerapek,yah mauk mojam pitah daon ayuk ireh ngerapek ineh..akouk kan yeng mojam kerna akouk anak pengawu..	1			Western Penan	train	10.935143288084465		False	0.2562814070351759	False	4.339259241750535	0.6278637770897832	False
916c4bf55dda885cb785b8e0342f30cb	15740	spontaneous-speech-pne-15740.mp3	14040	1513	Sik yah nutouk kuk tong joh amak kerapip?	Amik muteuk ngan ireh sah mutuek ngan misi anak amik yah yeng- kojam amik tong batung amik 	1	fourties	male_masculine	Western Penan	train	5.27065527065527		False	0.13636363636363635	False	5.050074446101084	0.8873065015479876	False
38d1cf1c53c7826866b3ae7a6495b32f	15949	spontaneous-speech-pne-15949.mp3	19440	1513	Sik yah nutouk kuk tong joh amak kerapip?	Yah itouk, yeng pun akouk mutouk ngan sik sik tong joh amak itouk. Piak itouk, akouk yeng mojam jawab yah itouk. Pun mutouk lak amak, mutouk lak inouk. Konak tog itouk lah. itouk akouk yeng mojam lah. akouk yeng peronah mutouk inouk inouk.	1	twenties	male_masculine	Western Penan	train	10.133744855967077		False	0.43644067796610164	False	3.674743633497715	0.18947368421052632	True
d010ca153b96a5ebfd09ba6a2e3e0cf4	16162	spontaneous-speech-pne-16162.mp3	16740	1513	Sik yah nutouk kuk tong joh amak kerapip?	yan neh ireh mukun,ireh ukun topun amik ,ngan ireh amik mutouk amak ineh ayuk amik mojam eh punca neh ayuk neh tuai manouk amik	1	teens	male_masculine	Western Penan	train	6.212664277180405		False	0.25	False	3.8636004617420854	0.2953560371517028	True
46b095ac5602bd3bfdf0cc670842c77c	16331	spontaneous-speech-pne-16331.mp3	16596	1513	Sik yah nutouk kuk tong joh amak kerapip?	Mutouk ireh jau, mutouk ireh mukun. Dekuk ireh mojam nan amak, dekuk ireh mojam nat amak ineh. Ireh mukun, ireh jau, ireh maren.	1			Western Penan	train	6.38708122439142		False	0.4	False	4.053629563068998	0.44643962848297214	True
209c440297f7fce6c5e4fba0e913f9b8	16386	spontaneous-speech-pne-16386.mp3	13536	1513	Sik yah nutouk kuk tong joh amak kerapip?	Tong joh amak kerapit itouk,akouk yeng mojam sik yah nutouk kik.Akouk peh yeng mojam lah	1			Western Penan	train	5.466903073286052		False	0.15294117647058825	False	3.557940071615896	0.12260061919504645	True
75e882dda7e6942bcfa81c65ba9893a3	16586	spontaneous-speech-pne-16586.mp3	13392	1513	Sik yah nutouk kuk tong joh amak kerapip?	yah nutouk kik tong joh amak kerapit,yan neh..lekoton,yan neh..derisa,yan neh misi,yan neh kelunan kelunan yah mojam dalem amak kerapit itouk	1			Western Penan	train	9.109916367980883		False	0.26086956521739135	False	4.083550190906189	0.46687306501547987	True
06e91360c689ccdb3c48e8c51aac7b8c	17287	spontaneous-speech-pne-17287.mp3	16344	1513	Sik yah nutouk kuk tong joh amak kerapip?	Yeng akouk mojam inouk eh narak ireh ineh. Akouk peh inouk yeng mojam kerapip.	1	teens	female_feminine	Western Penan	train	3.9769946157611353		False	0.18666666666666665	False	3.5372336368411843	0.10959752321981424	True
15c3189343ecfed295e773c9a86db318	17328	spontaneous-speech-pne-17328.mp3	15228	1513	Sik yah nutouk kuk tong joh amak kerapip?	Owk yeng akouk mojam inouk roti neh, inouk inouk piak neh, inouk ani neh. Yeng akouk mojam, inouk bi nanouk neh, inouk bi adui neh. Yeng akouk mojam.	1	twenties	female_feminine	Western Penan	train	8.011557656947728		False	0.4931506849315068	True			False
d03d164e3a037c9462bb3b7801263813	17609	spontaneous-speech-pne-17609.mp3	16380	1513	Sik yah nutouk kuk tong joh amak kerapip?	ireh doktor kerk,ireh lekoton,ireh derisa,ineh mestik nutouk ulouk dan pun rongah kerapit itouk,dan pun rongah amak itouk..	1	twenties	female_feminine	Western Penan	train	6.532356532356533		False	0.19999999999999996	False	5.223239524929456	0.9219814241486068	False
660efcc153b8f1b83f0e7b7293a6739d	17668	spontaneous-speech-pne-17668.mp3	16020	1513	Sik yah nutouk kuk tong joh amak kerapip?	Yah nutouk kik, mutouk ngan Tuhan. Inouk kuk pun amak kerapip, mutouk ngan Tuhan tue. Dekuk Yeng pun yah sukat keninah ulouk dan neh Tuhan, yeng pun sukat kenarep ulouk dan neh yeng Tuhan. Ineh tue.	1	teens	female_feminine	Western Penan	train	10.17478152309613		False	0.33333333333333337	False	4.0430432488305685	0.4390092879256966	True
a2632e7d8bbc0b5567334fd6bb68604f	17875	spontaneous-speech-pne-17875.mp3	15588	1513	Sik yah nutouk kuk tong joh amak kerapip?	Owk, yeng pun yah nutouk ulouk. Yeng ulouk mojam jakak kerapit neh, dekuk baliek ineh, seloviu ineh, angin, Yeng ulouk mojam. Sumak ulouk rasa, dan ulouk podam dan ulouk sakit ulun. Ineh ulouk mojam ineh pun, tuai avik daleh ulouk.	1	fifties	male_masculine	Western Penan	train	12.317167051578137		False	0.27192982456140347	False	4.119957652058448	0.48978328173374613	True
59015be0ab1203af375a4af4b86c43d5	17931	spontaneous-speech-pne-17931.mp3	13572	1513	Sik yah nutouk kuk tong joh amak kerapip?	Yah nutouk kik tong amak kerapip itouk ineh, ireh lobuk ireh peritah ireh yah eh pongah nanouk neh, ireh yah pukuk nah mojam pun neh. Ngan peritah ngan lobuk amik mutouk.	1			Western Penan	train	10.31535514294135		False	0.23353293413173648	False	3.9120072526711143	0.33436532507739936	True
3a783f2ba60782823bab13f00d15057a	18275	spontaneous-speech-pne-18275.mp3	17856	1513	Sik yah nutouk kuk tong joh amak kerapip?	Akouk mutouk, baliek penyakit, baliek amak, baliek dam, baliek sat. Inouk kek dekuk kok tuai ngan amik yah merisak amik yah yeng sukat, amik yah sat itouk ineh. Inouk dekuk kok sitouk kok tun, inouk dekuk kok sitouk kok tuai, inouk dekuk kok sitouk kok mukuk. Keh.	1			Western Penan	train	12.208781362007167		False	0.4482758620689655	False	4.693743788669641	0.7814241486068112	False
15813ed995d0a8f107309df7f9afa0d0	15439	spontaneous-speech-pne-15439.mp3	21276	1529	Kok tosog seritak jian dalem bub yah pongah petonak kah tong sekulah sau?	Yah jian dalem bup yah petonak amik sau, manouk jah duah tolouk. Erei-- mauk piak sigu memateng neh, bateng urup ineh. Ineh nanouk amik, ineh pengejian amik sau.	1	thirties	female_feminine	Western Penan	train	6.29817634893777		False	0.13291139240506333	False	4.150378570575646	0.5089783281733746	True
6daf5823a635cbefd29a368980768870	15509	spontaneous-speech-pne-15509.mp3	16164	1529	Kok tosog seritak jian dalem bub yah pongah petonak kah tong sekulah sau?	Owk..Tosog yah koluk keninik kik, tosog...seritak dalem [um] ulouk jah pemanak,jah pemadik..koluk akouk ninik..konak konak peh tosog neh, koluk tuwerk akouk..	1			Western Penan	train	8.537490720118782		False	0.19354838709677424	False	3.7866914062635435	0.24891640866873066	True
916c4bf55dda885cb785b8e0342f30cb	15751	spontaneous-speech-pne-15751.mp3	16596	1529	Kok tosog seritak jian dalem bub yah pongah petonak kah tong sekulah sau?	Seritak yah pongah amik ngeninik tong sekulah sau,yan neh Sang Kancil ngan [um] Sang Buaya.	1	fourties	male_masculine	Western Penan	train	4.639672210171126		False	0.03409090909090906	False	4.430168642376186	0.6730650154798762	False
46b095ac5602bd3bfdf0cc670842c77c	15898	spontaneous-speech-pne-15898.mp3	17856	1529	Kok tosog seritak jian dalem bub yah pongah petonak kah tong sekulah sau?	Seritak pernah nat akouk tong bup, pongah petonak tong sekulah sau. Akouk- seritak dongeng tong bup kebasak. Seritak pepatai, seritak sau sau. 	1			Western Penan	train	6.776433691756272		False	0.22857142857142854	False	4.713628517789478	0.7925696594427245	False
38d1cf1c53c7826866b3ae7a6495b32f	15987	spontaneous-speech-pne-15987.mp3	17568	1529	Kok tosog seritak jian dalem bub yah pongah petonak kah tong sekulah sau?	Akouk kurang lah dalem nah itouk..sebab akouk..nak pun peh sekulah kik sau,yeng lobik..nak inouk inouk peh masem tosog,seritak,jiak dalem etey itouk,akouk yeng mojam..sebab akouk sau yeng sekulah..yeng akouk mojam.	1	twenties	male_masculine	Western Penan	train	10.58743169398907		False	0.28436018957345977	False	3.9868779223972792	0.4	True
d010ca153b96a5ebfd09ba6a2e3e0cf4	16048	spontaneous-speech-pne-16048.mp3	16812	1529	Kok tosog seritak jian dalem bub yah pongah petonak kah tong sekulah sau?	Pun la seritak [unclear] ireh guruk amik barak monak amik tapik akouk yeng ingat. Kuk kik akouk itouk pernah accident gak ulun sau mah, yah kuk kik konak hilang ingatan.	1	teens	male_masculine	Western Penan	train	8.327385201046871		False	0.1325301204819277	False	5.019752389520397	0.881733746130031	False
209c440297f7fce6c5e4fba0e913f9b8	16271	spontaneous-speech-pne-16271.mp3	13608	1529	Kok tosog seritak jian dalem bub yah pongah petonak kah tong sekulah sau?	[unclear] akouk yeng mojam tosog. Akouk yeng pun sekulah, konak tateg neh dalem sekulah akouk yeng mojam.	1			Western Penan	train	6.540270429159317		False	0.2549019607843137	False	2.5634971960593442	0.0006191950464396285	True
75e882dda7e6942bcfa81c65ba9893a3	16515	spontaneous-speech-pne-16515.mp3	18072	1529	Kok tosog seritak jian dalem bub yah pongah petonak kah tong sekulah sau?	[um] Seritak jian yah pongah petosoq amik dalem amik sekulah sau jin bup yan neh Pak Pandir, yan neh Pak Belalang, yan neh Mat Jenin. Mat Jenin ineh koluk lalek tosoq usit. Ineh yah ken- ineh yah sukat keningat kik dan kek basak bup ineh sau.	1			Western Penan	train	10.90084108012395		False	0.2301255230125523	False	4.873189138413081	0.8513931888544891	False
06e91360c689ccdb3c48e8c51aac7b8c	17235	spontaneous-speech-pne-17235.mp3	21924	1529	Kok tosog seritak jian dalem bub yah pongah petonak kah tong sekulah sau?	Pun bab yah eh kerja amik ngan sigu sau pinek lah jah yeng mengingat tuek pinek yah petonak-tonak amik tong sekulah sau 	1	teens	female_feminine	Western Penan	train	4.469987228607918		True	0.11965811965811968	False			False
660efcc153b8f1b83f0e7b7293a6739d	17544	spontaneous-speech-pne-17544.mp3	16488	1529	Kok tosog seritak jian dalem bub yah pongah petonak kah tong sekulah sau?	Tosog yah jian tong bup sekulah,pinek eh,tapik..yeng eh lalek keningat kik..pinek,pinek yah koluk tan kik tong sekulah.	1	teens	female_feminine	Western Penan	train	6.246967491508976		False	0.15517241379310343	False	3.5450103752219357	0.11517027863777089	True
660efcc153b8f1b83f0e7b7293a6739d	17544	spontaneous-speech-pne-17544.mp3	16488	1529	Kok tosog seritak jian dalem bub yah pongah petonak kah tong sekulah sau?	Tosog yah jian tong bup tong sekulah pinek eh tapik yeng eh lalek keningat kek. Pinek, pinek yah koluk tan kik tong sekulah. 	1	teens	female_feminine	Western Penan	train	6.186317321688501		False	0.17213114754098358	False	3.6952860590502454	0.20061919504643963	True
59015be0ab1203af375a4af4b86c43d5	17737	spontaneous-speech-pne-17737.mp3	20484	1529	Kok tosog seritak jian dalem bub yah pongah petonak kah tong sekulah sau?	Seritak jian bagik akouk tong bul adalah dalem Pendidikan Moral yah tonak akouk dalem sikap kik, dalem kesat, dalem kejiak kik dalem urip kik. Konak akouk perolu jadi dan kek jau , jadi konak konak. Akouk koluk adalah pendidikan moral dekuk neh tonak akouk dalem kokat yah pengejian ngan pengesat.	1			Western Penan	train	12.107010349541104		False	0.3163265306122449	False	4.36536345893562	0.6421052631578947	False
d03d164e3a037c9462bb3b7801263813	17950	spontaneous-speech-pne-17950.mp3	21456	1529	Kok tosog seritak jian dalem bub yah pongah petonak kah tong sekulah sau?	Jiak seritak,jiak arak neh,dalem tan ulouk dalem neh kojam ulouk..arep arep ulouk sukat menat [um] suto, menat [um] roti eh tan ulouk dalem bup, yah tan ulouk dalem sekulah ulouk..	1	twenties	female_feminine	Western Penan	train	7.037658463832961		False	0.3220338983050848	False	3.7192171490118384	0.2154798761609907	True
a2632e7d8bbc0b5567334fd6bb68604f	18215	spontaneous-speech-pne-18215.mp3	15156	1529	Kok tosog seritak jian dalem bub yah pongah petonak kah tong sekulah sau?	Owk, pun akouk barak kejian yah pongah tenonak ngan amik dalem sekulah. Yah dekuk anag, yah dekuk ayam ulouk tai berubah sig kek dalem urip ireh. Kuk neh pongah ulouk barak, pongah ulouk tosog. Keh.	2	fifties	male_masculine	Western Penan	train	10.820797044074954		False	0.2205128205128205	False	3.96519811207643	0.37956656346749224	True
3a783f2ba60782823bab13f00d15057a	18333	spontaneous-speech-pne-18333.mp3	18108	1529	Kok tosog seritak jian dalem bub yah pongah petonak kah tong sekulah sau?	[Um] Seritak yah konak sejarah. Sejarah itouk pinek seritak seritak ireh sau yah sukat tan ulouk, sukat kenojam- kojam ulouk, sukat keningat ulouk, sukat [um] tan ulouk tong bup konak ulouk berajan tong sejarah.	1			Western Penan	train	9.829909432295118		False	0.35096153846153844	False	3.9424501081882286	0.3585139318885449	True
15813ed995d0a8f107309df7f9afa0d0	15252	spontaneous-speech-pne-15252.mp3	21780	1518	Barak nan penguman yah sat ngan moram yeng sukat kinan pogeng	Pinek penguman yah sat,yah manouk ulouk moram..jin barang yak tenuvu ulouk,ulouk itouk..jin barang nalek ulouk tong tanak.. yah yeng sukat kinan,sukat moram ulouk nanouk..konak segolah,larak ineh..moram ireh nanouk..sukat matai peh ireh nanouk.	1	thirties	female_feminine	Western Penan	train	9.77961432506887		True	0.2572614107883817	False			False
6daf5823a635cbefd29a368980768870	15484	spontaneous-speech-pne-15484.mp3	16164	1518	Barak nan penguman yah sat ngan moram yeng sukat kinan pogeng	Owk dan neh akouk,paken ineh tuwerk yeng sukat kinan keik,avik avik neh pinek pinek..karna du'kuk keik buleik nanouk neh,kalau akouk kuman eh jah duah beluk keh, jiak la..kalau lobih jin ineh, sat..	1			Western Penan	train	10.331601088839395		False	0.15384615384615385	False	4.608541966983239	0.7541795665634675	False
46b095ac5602bd3bfdf0cc670842c77c	15851	spontaneous-speech-pne-15851.mp3	20628	1518	Barak nan penguman yah sat ngan moram yeng sukat kinan pogeng	Penguman sat yeng kinan, yah kenak tebaq morang, tebaq yah yeng kalek tan, yeng kalek [noise] kinan amik. Tebaq ngan tulan yah yeng sukat kinan.	1			Western Penan	train	5.817335660267598		False	0.25531914893617025	False	4.695774319192434	0.7832817337461301	False
d010ca153b96a5ebfd09ba6a2e3e0cf4	15895	spontaneous-speech-pne-15895.mp3	16812	1518	Barak nan penguman yah sat ngan moram yeng sukat kinan pogeng	Bagik akouk,yan neh larak,lasun,sajak keh lasun sat,yeng sukat kinan avik neh,nyak muto nyak lipan,keh..	1	teens	male_masculine	Western Penan	train	5.412800380680466		False	0.06930693069306926	False	5.2473668758332845	0.9263157894736842	False
209c440297f7fce6c5e4fba0e913f9b8	15973	spontaneous-speech-pne-15973.mp3	14976	1518	Barak nan penguman yah sat ngan moram yeng sukat kinan pogeng	Bagik yah kaan, dan neh larag dan neh kuman bu'erk, moret moram yah ineh. Bagik neh laker, yah konak segolah, daon puk ; moram yah ineh.	1			Western Penan	train	7.411858974358974		False	0.24812030075187974	False	5.159500468279639	0.9102167182662538	False
38d1cf1c53c7826866b3ae7a6495b32f	16076	spontaneous-speech-pne-16076.mp3	17568	1518	Barak nan penguman yah sat ngan moram yeng sukat kinan pogeng	Kat semua barang jiak. Yah barang yah sat lah bengosak neh uvut yah potah konak toq segolah konak toq simut. Ineh sajak uvut yah yeng sukat kinan pogeng sebab barang ineh moram. Sukat matai kelunan naneuk.	1	twenties	male_masculine	Western Penan	train	9.676684881602911		False	0.19801980198019797	False	4.542698114453779	0.7275541795665634	False
75e882dda7e6942bcfa81c65ba9893a3	16359	spontaneous-speech-pne-16359.mp3	16560	1518	Barak nan penguman yah sat ngan moram yeng sukat kinan pogeng	Yeng kek akouk ingat ngaran neh, te- tesau mah pun tinen kik barak ngan kik, yeng sukat kinan. Moram ireh nanouk neh, uvut- uvut inouk ngaran neh? Yeng peh akouk sukat mengingat eh.	1			Western Penan	train	8.997584541062803		False	0.1966292134831461	False	4.2901761891244	0.6030959752321982	False
75e882dda7e6942bcfa81c65ba9893a3	16359	spontaneous-speech-pne-16359.mp3	16560	1518	Barak nan penguman yah sat ngan moram yeng sukat kinan pogeng	Yeng keh akeuk ingat ngaran neh,te'sau mah, pun tinen kik barak ngan kik yeng sukat kinan,moram ireh naneuk neh..uvut,uvut ineuk ngaran neh..yeng peh akeuk sukat mengingat eh.	1			Western Penan	train	8.997584541062803		False	0.2151162790697675	False	4.462925623988065	0.6891640866873066	False
15c3189343ecfed295e773c9a86db318	17352	spontaneous-speech-pne-17352.mp3	15480	1518	Barak nan penguman yah sat ngan moram yeng sukat kinan pogeng	[unclear] tangoh, pakouk, [um] simut, segolah, uvut. Ineh yah penguman kinan amik.	1	twenties	female_feminine	Western Penan	train	4.58656330749354		False	0.0	False	4.107526612038334	0.47987616099071206	True
660efcc153b8f1b83f0e7b7293a6739d	17462	spontaneous-speech-pne-17462.mp3	16200	1518	Barak nan penguman yah sat ngan moram yeng sukat kinan pogeng	Penguman yah sat, yah moram pun bi peh eh sukat tan ulouk, sukat kelavan ulouk. Yah eh sukat kinan ulouk. Yah ateg barang yah moram dalem daleh ulouk, mojam amik nat ineh.	1	teens	female_feminine	Western Penan	train	8.641975308641976		False	0.27976190476190477	False	3.956343480848498	0.37275541795665634	True
06e91360c689ccdb3c48e8c51aac7b8c	17677	spontaneous-speech-pne-17677.mp3	18684	1518	Barak nan penguman yah sat ngan moram yeng sukat kinan pogeng	Pinek, pun penguman yah yeng sukat kinan, yah yeng- moram- yah manouk ireh moram. Pinek yah eh manouk ireh moram, yah yeng sukat kinan ulouk. Jadi ulouk pekawu, yeng boleh kuman yak konak ineh.	1	teens	female_feminine	Western Penan	train	8.563476771569256		False	0.3263157894736842	False	3.97062826855687	0.3845201238390093	True
59015be0ab1203af375a4af4b86c43d5	17823	spontaneous-speech-pne-17823.mp3	14364	1518	Barak nan penguman yah sat ngan moram yeng sukat kinan pogeng	Bagik akouk kelunan yah melauwk itouk, yah amak lauwk..penguman yah yeng sukat pogeng kinan kik ineh pekewk..pu'kuk akouk kelunan mamak,kelunan gonin..yeng sukat  pakewk..du'kuk ineh lalek ngarangu,keh piak ireh jau.. 	1			Western Penan	train	13.088276246170985		False	0.2325581395348837	False	3.8217535262840183	0.26811145510835915	True
d03d164e3a037c9462bb3b7801263813	17892	spontaneous-speech-pne-17892.mp3	14184	1518	Barak nan penguman yah sat ngan moram yeng sukat kinan pogeng	Pinek penguman yah moram, yah sat, yah bareng ; yeng sukat kinan ulouk. Pinek peh yah jian, pineh peh yah ngam, pinek peh yah eh toneng kinan ulouk. Konak ineh kek yah moram yah sat neh, yeng sukat kinan ulouk. 	1	twenties	female_feminine	Western Penan	train	12.055837563451776		False	0.38942307692307687	False	3.8287976604610816	0.2724458204334365	True
3a783f2ba60782823bab13f00d15057a	18213	spontaneous-speech-pne-18213.mp3	17820	1518	Barak nan penguman yah sat ngan moram yeng sukat kinan pogeng	Yah sukat kinan neh yan neh simut. Niah yeng tenasan, niah yeng peberosi, matai erei ulouk dan ulouk kuman eh. Ngah ineh [uh] yeng ulouk sukat kuman asen, yeng ulouk sukat kuman erei ulat sebarang	1			Western Penan	train	9.09090909090909		False	0.30051813471502586	False	4.574377060259287	0.7424148606811145	False
a2632e7d8bbc0b5567334fd6bb68604f	18257	spontaneous-speech-pne-18257.mp3	15660	1518	Barak nan penguman yah sat ngan moram yeng sukat kinan pogeng	Pun barang moram yeng kinan ulouk, yeng sukat ayuk ulouk. Yeng sukat kinan ulouk, sajak pun eh tong tanak, tong urouk. Keh ulouk yah kuk ulouk mili'ik. Amai kuman kulat sebarang, amai kuman simut sebarang. Keh. Sat, moram, mavuk.	1	fifties	male_masculine	Western Penan	train	12.196679438058748		False	0.2654867256637168	False	4.076907517478975	0.4613003095975232	True
6daf5823a635cbefd29a368980768870	15296	spontaneous-speech-pne-15296.mp3	16128	1549	Inouk barang lobuk (pon, tv, ijin daven) yah pogeng/tipan ayuk kuk?	Pon, [um] tv, [um] ijin mopuk, unang karen, kirek karen.	1			Western Penan	train	2.914186507936508	transcription-length	False	0.13207547169811318	False	7.08084389619184	0.9956656346749226	False
916c4bf55dda885cb785b8e0342f30cb	15577	spontaneous-speech-pne-15577.mp3	17460	1549	Inouk barang lobuk (pon, tv, ijin daven) yah pogeng/tipan ayuk kuk?	Daven lebuk yah amik po- pogeng pakai, pakey inen ne [um] tibi ayuk amik nat berita ngan ijin daven ayuk amik ngijin sangep ngan tabang keroja amik. 	1	fourties	male_masculine	Western Penan	train	6.987399770904926		False	0.15068493150684936	False	5.1818576525897395	0.9145510835913313	False
15813ed995d0a8f107309df7f9afa0d0	15591	spontaneous-speech-pne-15591.mp3	16956	1549	Inouk barang lobuk (pon, tv, ijin daven) yah pogeng/tipan ayuk kuk?	barang pogeng ayuk kik,pon,du'kuk pon ineh yah sukat nongen kik langit langit ,yah pogeng nongen keik,pon ineh.ineh tv,ineh ijin mopuk daven,yeng akouk sukat mongen eh lobik 	1	thirties	female_feminine	Western Penan	train	8.728473696626564		False	0.22807017543859653	False	4.137515356650109	0.4984520123839009	True
209aab5184d892f83f2f6491b90f4867	15594	spontaneous-speech-pne-15594.mp3	25560	1549	Inouk barang lobuk (pon, tv, ijin daven) yah pogeng/tipan ayuk kuk?	Owk, owk konak eh. Yeng kat rah neh yeng pun ayuk, [unclear] yah pongah tan. Bik pinek peh yeng tan. Yah konak tog pon itouk ineh, pinek yah yeng avik, pinek yah yeng lobo tan. Pun kek yah pun konak tog tv, tog ineh, bareng eh kat nan neh kojam ulouk, tan ulouk.	1			Western Penan	train	8.215962441314554		True	0.28957528957528955	False			False
d010ca153b96a5ebfd09ba6a2e3e0cf4	15923	spontaneous-speech-pne-15923.mp3	17172	1549	Inouk barang lobuk (pon, tv, ijin daven) yah pogeng/tipan ayuk kuk?	gaban...jin...pon ineh jian..tv peh jian,semua neh koluk bi bin neh akouk ayuk eh,keh..yeng eh kojah..	1	teens	male_masculine	Western Penan	train	5.124621476822735		False	0.11111111111111116	False	4.560979618509812	0.734984520123839	False
38d1cf1c53c7826866b3ae7a6495b32f	16062	spontaneous-speech-pne-16062.mp3	17928	1549	Inouk barang lobuk (pon, tv, ijin daven) yah pogeng/tipan ayuk kuk?	Dan neh tv,yeng pun pogeng ayuk..yah lalek pogeng,nin kik melakau somah somah,mauk akouk pogen,mauk akouk botik,mauk akouk melakau..pon..ineh yah pogeng..	1	twenties	male_masculine	Western Penan	train	7.53012048192771		False	0.2781456953642384	False	3.941033383723954	0.3560371517027864	True
46b095ac5602bd3bfdf0cc670842c77c	16262	spontaneous-speech-pne-16262.mp3	17136	1549	Inouk barang lobuk (pon, tv, ijin daven) yah pogeng/tipan ayuk kuk?	Jah pon tue yah ayuk kek. Yeng akouk kale ayuk- tipan ayuk barang boken. Sumak jah pon tue ayuk.	1			Western Penan	train	4.551820728291316		False	0.18279569892473113	False	4.942704058449287	0.8656346749226006	False
209c440297f7fce6c5e4fba0e913f9b8	16454	spontaneous-speech-pne-16454.mp3	11016	1549	Inouk barang lobuk (pon, tv, ijin daven) yah pogeng/tipan ayuk kuk?	Yeng akouk yeng juk ayuk yah boken ineh,eh yeng pun..yah pogeng ayuk kik,pon..	1			Western Penan	train	5.991285403050109		True	0.1466666666666666	False			False
75e882dda7e6942bcfa81c65ba9893a3	16545	spontaneous-speech-pne-16545.mp3	15300	1549	Inouk barang lobuk (pon, tv, ijin daven) yah pogeng/tipan ayuk kuk?	barang lobuk yah pogeng ngan tipan ayuk keik, yan neh pon,yan neh ijin daven,yan neh laptop,semua ineh tipan ayuk kik siget langit,yeng pun ayuk kik yeng ayuk,yeng pun langit ayuk kik yeng ayuk eh	1			Western Penan	train	10.65359477124183		False	0.33678756476683935	False	3.4562211731420733	0.06996904024767801	True
06e91360c689ccdb3c48e8c51aac7b8c	17176	spontaneous-speech-pne-17176.mp3	10656	1549	Inouk barang lobuk (pon, tv, ijin daven) yah pogeng/tipan ayuk kuk?	Tv, daven yah eh koluk ayuk kik. Ngan ayuk- ayuk ayuk kik ngan ireh lobuk.	1			Western Penan	train	5.63063063063063		True	0.19718309859154926	False			False
660efcc153b8f1b83f0e7b7293a6739d	17584	spontaneous-speech-pne-17584.mp3	15876	1549	Inouk barang lobuk (pon, tv, ijin daven) yah pogeng/tipan ayuk kuk?	Yah koluk ayuk kik, koluk ayuk sevolun. Kuk sevolun anah lobuk. Koluk ayuk pon, kuk sukat pani, sukat pekopon ngan kelunan ulouk yah juk avik peh tv. Sukat ulouk nat- sukat ulouk nat ader nouk ireh tong tv ineh.	1	teens	female_feminine	Western Penan	train	10.89695137314185		False	0.2451923076923077	False	4.228515291859057	0.5634674922600619	True
59015be0ab1203af375a4af4b86c43d5	17899	spontaneous-speech-pne-17899.mp3	16236	1549	Inouk barang lobuk (pon, tv, ijin daven) yah pogeng/tipan ayuk kuk?	Barang lobuk yah pogeng,yah tipan ayuk kik ineh,akouk lalek tipan tong pon..tv itouk akouk,akouk yeng..akouk yeng tipan,akouk yeng pun tv,akouk yeng pun ijin daven..	1			Western Penan	train	8.7459965508746		False	0.28395061728395066	False	3.5136465108105446	0.09721362229102168	True
d03d164e3a037c9462bb3b7801263813	17905	spontaneous-speech-pne-17905.mp3	16704	1549	Inouk barang lobuk (pon, tv, ijin daven) yah pogeng/tipan ayuk kuk?	Ijin daven ineh pogeng ayuk ulouk. Ayuk ulouk mopuk, ayuk ulouk mipe uwat, mipe gang ulouk, mipe sigah ulouk. Daripada ulouk mugut, daripada ulouk mopat ayuk ujuk ulouk. Ineh pengejian ulouk pun ijin. 	1	twenties	female_feminine	Western Penan	train	10.057471264367816		False	0.3434343434343434	False	4.4697136930165895	0.691640866873065	False
a2632e7d8bbc0b5567334fd6bb68604f	18232	spontaneous-speech-pne-18232.mp3	16128	1549	Inouk barang lobuk (pon, tv, ijin daven) yah pogeng/tipan ayuk kuk?	Owk. Yeng pun yah yeng tipai ayuk uleuk dan neh maok pun barang ineh, sajak keh uleuk ayuk dan maok yeng, bareng uleuk pogeng ayuk. Dan pun neh tan uleuk, pun tong lamin, uleuk ayuk. Keh ineh. Keh barang ineh [unclear] uleuk pogeng ayuk.	1	fifties	male_masculine	Western Penan	train	12.028769841269842		False	0.33760683760683763	False	3.680390880743792	0.19256965944272444	True
3a783f2ba60782823bab13f00d15057a	18317	spontaneous-speech-pne-18317.mp3	19440	1549	Inouk barang lobuk (pon, tv, ijin daven) yah pogeng/tipan ayuk kuk?	Akouk koluk akouk pakey pon,pogeng akouk  pakey pon,ayuk kik jiak nat,nat ade,nat tan kik sineh..nak peh keh,yeng pun akouk barak yeng koluk pakey tv,tajak kik yeng pun tv..ijin daven peh,koluk peh akouk pakey du'kuk neh ayuk kik mopuk daven	1			Western Penan	train	10.390946502057613		False	0.31512605042016806	False	3.691751986023066	0.19876160990712075	True
916c4bf55dda885cb785b8e0342f30cb	15209	spontaneous-speech-pne-15209.mp3	21348	1537	Konak kirak kah dan kah pelangui? Inouk pukuk?	Akeuk modai monyet ngan akeuk modai    tai matong tong bek,akeuk modai [um]  yeng mojam pelangui,akeuk yeng modai...akeuk modai [um] meneset.	1	fourties	male_masculine	Western Penan	train	5.527449878208731		False	0.33333333333333337	False	4.648099719796319	0.7690402476780186	False
15813ed995d0a8f107309df7f9afa0d0	15322	spontaneous-speech-pne-15322.mp3	17100	1537	Konak kirak kah dan kah pelangui? Inouk pukuk?	Yeng akouk mojam inouk pu'kuk eh keh..mah kunah tuan yah mojam, yah monak ulouk, yah..sukat manouk eh keh..sukat pelangui..yeng ulouk mojam jin mah asen, jin mah pengojam ulouk ineh..	1	thirties	female_feminine	Western Penan	train	9.064327485380115		False	0.2833333333333333	False	4.095760650872183	0.4743034055727554	True
6daf5823a635cbefd29a368980768870	15387	spontaneous-speech-pne-15387.mp3	15768	1537	Konak kirak kah dan kah pelangui? Inouk pukuk?	Pelangui dey ulouk monyet,dey ulouk nin berk kedilem kitey,gak gak ulouk nin neh kedilem kitey bareng ulouk murip, yeng matai ulouk dak..dan ulouk yeng pelangui,dan ulouk yeng satong,dan ulouk yeng sonep,yeng matai ulouk nin berk ineh	1			Western Penan	train	12.620497209538303		False	0.4199134199134199	False	4.986080927488538	0.8755417956656347	False
209aab5184d892f83f2f6491b90f4867	15559	spontaneous-speech-pne-15559.mp3	18756	1537	Konak kirak kah dan kah pelangui? Inouk pukuk?	Bareng konak piak ulouk manouk eh lah,pun ulouk juk barak inouk pukuk,pongah telajon..pongah gak neh ineh..pun pukuk neh tenipuk,pun pukuk neh kelakern..komponi,lobuk,bengosak ulouk ponan..dukuk ulouk sat..	1			Western Penan	train	9.65024525485178		False	0.22660098522167482	False	4.780546709066495	0.8179566563467492	False
d010ca153b96a5ebfd09ba6a2e3e0cf4	15837	spontaneous-speech-pne-15837.mp3	16164	1537	Konak kirak kah dan kah pelangui? Inouk pukuk?	Dukuk amik mojam pelangui jin ukun amik sau. Yeng pun rongah amik mujen pelangui, ye pun amik- ye pun rongah amik monyut tong bek. 	1	teens	male_masculine	Western Penan	train	6.619648601831229		False	0.296875	False	5.0114482697581195	0.8804953560371517	False
46b095ac5602bd3bfdf0cc670842c77c	16025	spontaneous-speech-pne-16025.mp3	18036	1537	Konak kirak kah dan kah pelangui? Inouk pukuk?	Amik pelagui amik satong [um] amik lawat bek dan amik yeng pun aroung dan amik yeng pun ayuk amik lawat ineh pukuk amik pelagui 	1			Western Penan	train	5.766245287203371		False	0.368	False	4.73865204522251	0.7993808049535603	False
209c440297f7fce6c5e4fba0e913f9b8	16103	spontaneous-speech-pne-16103.mp3	10260	1537	Konak kirak kah dan kah pelangui? Inouk pukuk?	Yeng pe kirak dan ulouk pelangui. Sukon, ulouk mojam pelangui. Ineh teuk ne. 	1			Western Penan	train	6.237816764132554		True	0.16216216216216217	False			False
38d1cf1c53c7826866b3ae7a6495b32f	16275	spontaneous-speech-pne-16275.mp3	15228	1537	Konak kirak kah dan kah pelangui? Inouk pukuk?	Dan amik pelangui,du'kuk amik pelangui..du'kuk amik mojam pelangui..pabila amik mojam pelangui,amik pelangui..ineh pu'kuk neh..dan amik yeng mojam pelangui,yeng amik pelangui..du'kuk amik mojam pelangui,yah du'kuk amik tai pelangui..ineh pu'kuk amik pelangui..	1	twenties	male_masculine	Western Penan	train	15.16942474389283		False	0.6459143968871595	True			False
75e882dda7e6942bcfa81c65ba9893a3	16521	spontaneous-speech-pne-16521.mp3	13824	1537	Konak kirak kah dan kah pelangui? Inouk pukuk?	Dan kik pelangui,yah kodai keik akouk monyet,yah kodai kik akouk natong berk..ineh kodai kik dan kik pelangui	1			Western Penan	train	6.727430555555555		False	0.3584905660377359	False	4.712867838168773	0.7913312693498452	False
06e91360c689ccdb3c48e8c51aac7b8c	17182	spontaneous-speech-pne-17182.mp3	17208	1537	Konak kirak kah dan kah pelangui? Inouk pukuk?	Akouk koluk pelangui, keleterk ngan ireh padik, bakeh kik. Tai min ireh keleterk, tai min erek moruk tong be'ek, tai min ireh main main sineh.	1	teens	female_feminine	Western Penan	train	6.857275685727568		False	0.2230215827338129	False	4.4160979838854	0.6681114551083591	False
660efcc153b8f1b83f0e7b7293a6739d	17190	spontaneous-speech-pne-17190.mp3	17028	1537	Konak kirak kah dan kah pelangui? Inouk pukuk?	Ayuk ulouk jiak tai moruk petiken, dei ulouk monyert. Mojam ulouk kolap, mojam ulouk tai pokeh dan be'ek jau.	1			Western Penan	train	5.344139065069298		False	0.17924528301886788	False	4.567139229326728	0.7393188854489164	False
d03d164e3a037c9462bb3b7801263813	17991	spontaneous-speech-pne-17991.mp3	17388	1537	Konak kirak kah dan kah pelangui? Inouk pukuk?	Ulouk pelangui-pelangui, dukuk ulouk mojam pelangui, dukuk ulouk mojam satong tong bek, ulouk mojam moruk, yan dukuk pelangui, ulouk mojam pelangui lah, dukuk mojam moruk, dukuk ulouk mojam nat bek, yan dukuk ulouk pelangui. 	1	twenties	female_feminine	Western Penan	train	10.984587071543592		False	0.6306306306306306	True			False
59015be0ab1203af375a4af4b86c43d5	17998	spontaneous-speech-pne-17998.mp3	15228	1537	Konak kirak kah dan kah pelangui? Inouk pukuk?	Konak ah kirak kik dan tong pelangui ineh, akouk bi wat yeng laset kek. Akouk pelangui ineh peh dan kek tai moruk, tai tong be'ek. Dei akouk monyet, yah pukuk kek pelangui. Yah kuk kek peguak, dei akouk monyet, dei akouk matong.	1			Western Penan	train	12.280010506960862		False	0.30222222222222217	False	5.333596811720247	0.9368421052631579	False
a2632e7d8bbc0b5567334fd6bb68604f	18077	spontaneous-speech-pne-18077.mp3	15516	1537	Konak kirak kah dan kah pelangui? Inouk pukuk?	Owk, yeng ulouk mojam gaya ulouk dalem pelangui. Dan ulouk yeng mojam, ulouk monyert. Dan ulouk mojam, ulouk patut. Keh, ulouk lapit. Ineh cara ulouk dan ulouk keh ineh. Keh ulouk yeng mojam barak eh ngan kah. Ulouk yeng mojam dak, monyert.	1	fifties	male_masculine	Western Penan	train	12.825470482083013		False	0.40506329113924056	False	3.5139380890379885	0.0978328173374613	True
3a783f2ba60782823bab13f00d15057a	18296	spontaneous-speech-pne-18296.mp3	15912	1537	Konak kirak kah dan kah pelangui? Inouk pukuk?	[um] kalau akouk pelangui,jiak ayuk keik patut,ayuk keik jiak,dey akouk nouk ngaran neh..dey akouk monyet,dey akouk matai..yeng sik juk sukat motik patai dan keik monyet,keh	1			Western Penan	train	9.364002011060832		False	0.2588235294117647	False	5.2250452679426	0.9226006191950464	False
