client_id	audio_id	audio_file	duration_ms	prompt_id	prompt	transcription	votes	age	gender	language	split	char_per_sec	quality_tags	duration_filtered	char_4gram_rep	rep_filtered	ppl_score	ppl_pct	quality_keep
88cf908ad8137aa6f5527b97584391dc	21097	spontaneous-speech-bew-21097.mp3	27576	2536	Begimané caré kité ngedidik generasi mudé biar lebih peduli ngejagé lingkungan?	"kita mendidik generasi muda yang lebih baik daripada lingkungan, kita itu mêngasih saran.. terus memberi tahu mana yang baik dan mana yang buruk.. dan seperti contoh kalau lingkungan mênêgor generasi muda bilangnya ""hêi tong jangan buang sampah sembarangan, terus tanami pohonan, terus jaga kebersihan"".."	1			Betawi	train	9.464751958224545		False	0.2093023255813954	False	4.985349479879457	0.33700137551581844	True
88cf908ad8137aa6f5527b97584391dc	21097	spontaneous-speech-bew-21097.mp3	27576	2536	Begimané caré kité ngedidik generasi mudé biar lebih peduli ngejagé lingkungan?	"Kitê mendidik generasi muda daripada lingkungan, kitê itu mengasih saran. Terus memberi tahu mana yang baik dan mana yang buruk. Dan sepertinya contoh kalo lingukangan mah buat generasi muda bilangin, ""èh tong, tuh jangan buang sampah sembarangan, terus tanami pohonan, terus jaga kebersihan""."	1			Betawi	train	9.102117783579924		False	0.16206896551724137	False	5.200585998796338	0.45254470426409904	True
66c99d65171c314ca6147556b80a9058	21147	spontaneous-speech-bew-21147.mp3	18900	2536	Begimané caré kité ngedidik generasi mudé biar lebih peduli ngejagé lingkungan?	Dengan kita mengadakan gotong royong atau bekerja bakti kitê harus melestarikan lingkungan yang sehat agar anak muda itu selalu ingin menjaga lingkungannya.	1			Betawi	train	7.142857142857142		False	0.0980392156862745	False	4.314937760751369	0.05089408528198074	True
9191fa254a8ad3507fe679e6204d470f	20497	spontaneous-speech-bew-20497.mp3	9576	2530	Apé makanan nyang biasé Ente makan pas musim ujan? Begimané rasényé?	kalo lagi musim ujan mah ènak bèt makan pisang goreng singkong rebus juga ènak bat dah itu dokok kita makan sambil ngopi sambil ngêrokok depan rumah. 	1			Betawi	train	12.949039264828738		True	0.11564625850340138	False			False
6f5d66a2f09f4f835c35e047386e542b	20748	spontaneous-speech-bew-20748.mp3	14508	2530	Apé makanan nyang biasé Ente makan pas musim ujan? Begimané rasényé?	Biasanya gua setiap musim ujan, gua selalu makan Indomiè soto paké telor, paké jeruk. Itu ènak banget. Apalagi kalo ada jamur ènoki. Itu ènak banget yang bikin kayak, aduh, anget, panas anget tuh enak banget. Bener ènak banget.	1			Betawi	train	13.096222773642127		False	0.2142857142857143	False	5.501419479154923	0.6299862448418156	False
88cf908ad8137aa6f5527b97584391dc	21021	spontaneous-speech-bew-21021.mp3	32004	2530	Apé makanan nyang biasé Ente makan pas musim ujan? Begimané rasényé?	Ayé mêh kalau musim ujan makannyê rebus singkong, goreng gêndar, abisnyê ènak ujan-ujan ayé makan toh ya mulut udêh kayanya anggong banget ayé rebus ajê singkong terus adêh toh gêndar ayé goreng ajê dêh ènak gurih tau-tau abis ayé... pokoknya kalau musim ujan mah apé ajé ayé meh ayé gabrêsin udêh ènak musim ujan mulut anggong  makan apé ajé udêh enak dêh..	1			Betawi	train	9.248843894513186		False	0.3267605633802817	False	5.863377946615569	0.8156808803301238	False
a68890e3cf92239d60ef959166a79dda	21340	spontaneous-speech-bew-21340.mp3	21132	2530	Apé makanan nyang biasé Ente makan pas musim ujan? Begimané rasényé?	Makanan yang biasa kitê makan pas musim hujan itu biasanya yang angêt-angêt seperti indomiè.. atau  ahhh baso.. rasanya ya nikmat dan ènak, Karena dingin-dingin makannya yang angêt-angêt kan ènak jadi nikmat.	1			Betawi	train	8.375922771152753		False	0.23414634146341462	False	5.664143190417219	0.7221458046767538	False
6f5d66a2f09f4f835c35e047386e542b	20752	spontaneous-speech-bew-20752.mp3	21060	2461	Nyang begimané tempat tinggal impian Ente di masé depan?	Lingkungannya asri, lingkungannya damai, gak ada orang-orang lingkungan yang toxic gitu kan. Terus di perumahan gitu yang ènak, yang gak begitu èlit kaya sêdêrhana, tapi kaya lingkungannya tuh damai, ènak gitukan buat kumpul orang-orang tuh.. têtangga-têtangga ênak gak yang suka ngomongin orang. Itu udah ènak bangèt.  	1			Betawi	train	12.962962962962964		False	0.28075709779179814	False	4.7525465912898905	0.18019257221458046	True
88cf908ad8137aa6f5527b97584391dc	21026	spontaneous-speech-bew-21026.mp3	19332	2461	Nyang begimané tempat tinggal impian Ente di masé depan?	temapat impian ayé méh péngénnya rumah ayé cakép trus adé acnyé kamar mandinyé cakép depan rumah adé poon poonan kémbang trus adé poon-poonan buah-buahan itu péngénnéh itu ayé adé bégitu 	1			Betawi	train	8.121249741361472		False	0.25	False	6.743953917849302	0.9862448418156808	False
a68890e3cf92239d60ef959166a79dda	21343	spontaneous-speech-bew-21343.mp3	27216	2461	Nyang begimané tempat tinggal impian Ente di masé depan?	Pasti itu méh kité bakalan akan ajarin untuk anak-anak kité nanti dan cucu-cucu kité nanti kedepan, karna bahasé kité tuh Bétawi khususnyé, bahasa yang harus kité budayakan, untuk kedepannya nanti dan jangan sampé, cucu kité itu, malah gabisa dengan bahasa kité sendiri.	1			Betawi	train	8.414168136390359		False	0.2359550561797753	False	4.927508901746301	0.3012379642365887	True
a523a69994e1c3b9d453ffa3796ec254	20425	spontaneous-speech-bew-20425.mp3	46224	2746	Taneman apé ajé nyang perné Ente tanem?	Banyak taneman mah dirumah noh daonnye ampe pada rontok ga diurusin. Jambu buahnya kaga tapi apa ya nanem kelengkeng ya rontok doang daonnya buahnya kaga, mau ditebang sayang takutnya kagak adem. Ada kembang apa namanya [em] kamboja dibilang nya kayak kuburan, terus pu'un apa tu yang buat nangkal jin, Pohon Bidara gak gede gede. Tau ah kudu diapain biarin ah yang penting idup aja.	1			Betawi	train	6.922810661128418		False	0.15263157894736845	False	6.475417779448363	0.953232462173315	False
9191fa254a8ad3507fe679e6204d470f	20560	spontaneous-speech-bew-20560.mp3	15840	2746	Taneman apé ajé nyang perné Ente tanem?	Pu'unan yang biasanya kita tanem mah banyak banget bang [em] kayak misalnya pisang gitu kan [em] terus singkong. Entar kalo udah pada mateng bebuah lah kita makan kita petik kita makan bareng-bareng.	1			Betawi	train	10.606060606060606		False	0.16326530612244894	False	4.4970787328567265	0.09353507565337002	True
6f5d66a2f09f4f835c35e047386e542b	20739	spontaneous-speech-bew-20739.mp3	8460	2746	Taneman apé ajé nyang perné Ente tanem?	[ee] biasanye gue nanem cabe di rumah gué tuh banyak banget taneman cabe, karna ibu gua suka banget nanem cabe.	1			Betawi	train	10.874704491725767		True	0.15740740740740744	False			False
52fd19bf7e8202318b8ee5b4d2cd0925	20878	spontaneous-speech-bew-20878.mp3	27468	2746	Taneman apé ajé nyang perné Ente tanem?	Kalo soal nanem-nanem pohon ané seringnya nanem pohon pisang, pisang, pohon jambu, ya jambu aér [aa] Jadi kalo nanem-nanem yang laen itu mah nggak adé. Pengen nanem duit kali nanti berbuah duit kagak bisé [hehe] paling nanemnya pohon pisang, kayak gitu kalo ané mah.	1			Betawi	train	8.118537935051696		False	0.2737642585551331	False	5.3131392385603595	0.5337001375515819	True
88cf908ad8137aa6f5527b97584391dc	21069	spontaneous-speech-bew-21069.mp3	30672	2746	Taneman apé ajé nyang perné Ente tanem?	Taneman si banyak ya, kalo yang ayé tanem seperti cabe, tomat, bayem, kangkung, terus terong, banyak deh taneman yang biasa ditanem si. Karena taneman itu semua bermanfaat buat kebutuhan sehari-hari ya buat digunakan sebagai sayuran dan macem-macem lah yang penting kita bisa dapet digunakan secara baik.	1			Betawi	train	8.444183620239958		False	0.17607973421926915	False	5.103236067037292	0.40715268225584594	True
66c99d65171c314ca6147556b80a9058	21134	spontaneous-speech-bew-21134.mp3	15516	2746	Taneman apé ajé nyang perné Ente tanem?	Ayé tuh pernah nanem pohon kelape, terus pohon jambu kelutuk. Banyak deh.	1			Betawi	train	3.9958752255736014		False	0.0714285714285714	False	5.92004243018205	0.8363136176066025	False
a68890e3cf92239d60ef959166a79dda	21508	spontaneous-speech-bew-21508.mp3	11844	2746	Taneman apé ajé nyang perné Ente tanem?	Ye kita mah biasa nanem jambu. Terus nanemnya apa tuh, nanem pisang, pohon pisang kita mah, sama kelape yang banyak di kite.	1			Betawi	train	8.696386355960824		False	0.15702479338842978	False	4.897907560566239	0.27785419532324623	True
52fd19bf7e8202318b8ee5b4d2cd0925	20795	spontaneous-speech-bew-20795.mp3	62640	2440	Ceritain begimané kegiatan Ente di pagi ari	Ya, kalo soal kegiatan orang Betawi di pagi hari, pagi-pagi ye itu sebelon mandi nyeduh kopi dulu. Nyeduh kopi, terus ngoreng nasi. Tuh ya, jadi sarapannya tuh bikin nasi goreng sendiri, ya. Kopi diuyup tuh kopi, sruput ya sambil sarapan ya makan nasi goreng. Itu begitu kalo pagi-pagi hari. Baru setelah itu baru ke kamar mandi ye, abis mandi ya baru siap-siap mau anu gawe ya, ya ke sawah, ke kebon, ya yang mao kerje di pabrik. Tuh kaya gitu keseharian kite sih, kalo pagi-pagi. Jadi, yeee ape same kaye orang-orang cuman bedanye kita mah sarapannya pake nasi goreng buatan sendiri buatan bini, hehehe begitu.	1			Betawi	train	8.109833971902937		True	0.27586206896551724	False			False
88cf908ad8137aa6f5527b97584391dc	20992	spontaneous-speech-bew-20992.mp3	26172	2440	Ceritain begimané kegiatan Ente di pagi ari	Ayé mah kalo pagi nih bangun, buru-buru, gerigap. Udah tuh, cuci muke. Cuci muke tuh ayé sarapan dulu dah tuh ngisi perut. Penting ngisi perut mah. Terus ayé nyapu tuh halaman kesreok-sreok-sreok yang nyapu tuh. Abis nyapu-nyapu dah rapi, ayé nyuci, gasrut-gasrut, beburu ayé ngepel. Masak. Itu kegiatan ayé tiap pagi begitu mulu.	1			Betawi	train	10.622038820113096		False	0.2048929663608563	False	6.456523882314658	0.9477303988995873	False
a523a69994e1c3b9d453ffa3796ec254	20409	spontaneous-speech-bew-20409.mp3	51732	2496	Seberapé banyak kendaraan tradisional nyang masih bertahan? Dan, kenapé dié masih pake ntuh?	udah kaga ada kendaraan tradisional ada juga béca buat ngangkut sayuran dari pasar induk kepasar kagêt kalo apa namanya [êêê] sepada juga yang maénnin bocah jarang sekarang mah orang tua naik sepeda masi ada si beberapa kaya tukang kecap tukang garem itu masi naik sepeda ngider buat ngejualin garem ama kecapnya tapi kalopun dipake pegi-pegian kemané mané kénya udéh kaga adé orang udéh ségén kali panas enak nyé méh naiknyé transjakarta méh apélagi ada grab démén udéh naik mobil béréném bertujuh masuk kedalém patungan bayarnyéh 	1			Betawi	train	8.640686615634424		True	0.1909262759924386	False			False
a523a69994e1c3b9d453ffa3796ec254	20409	spontaneous-speech-bew-20409.mp3	51732	2496	Seberapé banyak kendaraan tradisional nyang masih bertahan? Dan, kenapé dié masih pake ntuh?	udah kagak ada kendaraan tradisional.. ada juga becak tradisional buat ngangkut sayuran dari pasar induk ké pasar kaget.. kalo apa namanya [ééé] sepeda juga yang maénin bocah.. jarang sekarang mah orang tua naék sepeda.. masih ada sih beberapa kayak tukang kecap, tukang garem, itu masih naék sepeda.. ngidér buat ngéjualin garem ama kecapnya.. tapi kalo buat dipaké pégi-pégian kemana-mana kayaknya udah kagak ada orang.. udah ségén kali.. panas.. enaknya mah naiknya trans jakarta.. sekarang apalagi ada grab.. démén udah naik mobil berenem/bertujuh masuk kedalem semua patungan bayarnya..	1			Betawi	train	9.76184953220444		True	0.23639455782312924	False			False
9191fa254a8ad3507fe679e6204d470f	20546	spontaneous-speech-bew-20546.mp3	23076	2496	Seberapé banyak kendaraan tradisional nyang masih bertahan? Dan, kenapé dié masih pake ntuh?	biasenyé méh beca yang  masih banyak di tempat kita mah, napa ya karna itu biasanya orang-orang ya pada kalo sekarang mah ojek ngegrab ya kalo orang-orang kampung kité ora padé punya motor,biasanye ngojek paké beca, nganterin énya-énya tuh kepasar, tiap pagi kadang belanje pulang pergi paké beca	1			Betawi	train	10.79043161726469		False	0.1774744027303754	False	4.72697574675594	0.17056396148555708	True
88cf908ad8137aa6f5527b97584391dc	21220	spontaneous-speech-bew-21220.mp3	13248	2496	Seberapé banyak kendaraan tradisional nyang masih bertahan? Dan, kenapé dié masih pake ntuh?	Kalo kendaraan tradisional ya itu becak, motor, sepedé. Kenapa masih kita pertahankan? Karena ya orang namanya orang kampung adanya cuma itu doang, apalagi yang kita punya.	1			Betawi	train	11.096014492753625		False	0.10650887573964496	False	4.350712884779783	0.061898211829436035	True
5bff828e73452d736037e3d5c5c5f4e6	21578	spontaneous-speech-bew-21578.mp3	25740	2496	Seberapé banyak kendaraan tradisional nyang masih bertahan? Dan, kenapé dié masih pake ntuh?	lah kalo dikampung ayê mêh masih sepedê amê motor udêh, lah abisanyê, emang punya nyê ituh, adê yang ga punya motor naêknyê sepedê ngêgoês,ngegoes ngegeliwet ajê, trus kalo ga adê yang ga punya motor, ya pakê sepede juga abisnye kalo gapunya sepede pakenye motor di sono mêh masih gitu ajê, yang namenyê dikampung.	1			Betawi	train	10.178710178710178		False	0.292604501607717	False	4.724814383262021	0.16781292984869325	True
9191fa254a8ad3507fe679e6204d470f	20417	spontaneous-speech-bew-20417.mp3	15768	2475	Apé ajé bué-buéan nyang paling sering dimakan?	bêbuahan yang sering dimakan atau ditanêm di kampung mah kita biasanya orang-orang nanem. nanem pisang. pisang tu banyak banget di kampungan kita mah. makanya sering banget makan pisang kita karena emang banyak banget kebon pisang di rumah kita.	1			Betawi	train	13.191273465246068		False	0.3305785123966942	False	4.123778567560015	0.023383768913342505	True
6f5d66a2f09f4f835c35e047386e542b	20727	spontaneous-speech-bew-20727.mp3	10692	2475	Apé ajé bué-buéan nyang paling sering dimakan?	Buah-buahan yang sering dimakan. aduh engga pernah makan buah, gua engga pernah makan buah karena gua engga doyan buah, jadi setiap ada buah di rumah gua engga pernah makan karena gué engga doyan. 	1			Betawi	train	15.33857089412645		True	0.4072164948453608	False			False
88cf908ad8137aa6f5527b97584391dc	20924	spontaneous-speech-bew-20924.mp3	20808	2475	Apé ajé bué-buéan nyang paling sering dimakan?	Ayé cêrêmêi, cêrêmêi, juwêt, juwêt toh wê ilêh pait bêner itu, lah a a apel, jambu, cuman yang sering toh yang ayê makan tuh, kênyam, wê mulut padé merah, ciplukan.   	1			Betawi	train	6.4878892733564015		False	0.1097560975609756	False	5.9960700803622276	0.8514442916093535	False
66c99d65171c314ca6147556b80a9058	21193	spontaneous-speech-bew-21193.mp3	18756	2475	Apé ajé bué-buéan nyang paling sering dimakan?	buah-buahan itu yang sering ayé makan itu karena kan kampungkan adanyé jambu klutuk, terus lagi pisang, ya itu dêh, kalo yang namanyé melon lebaran kan, jarang, paling sewaktu waktu.	1			Betawi	train	8.210705907442952		False	0.14525139664804465	False	4.9988019137798165	0.3452544704264099	True
a68890e3cf92239d60ef959166a79dda	21589	spontaneous-speech-bew-21589.mp3	14652	2475	Apé ajé bué-buéan nyang paling sering dimakan?	ayê lebih sênêng makan buah semangkê. semangkê, rasanya kan maniss banget.	1			Betawi	train	4.368004368004367		False	0.09859154929577463	False	5.498239267490389	0.6258596973865199	False
a523a69994e1c3b9d453ffa3796ec254	20371	spontaneous-speech-bew-20371.mp3	63648	2466	Dari segi pendidikan, apé pendidikan terakhir di masyarakat sekitar?	Iya kalo di kampung kita mah, rata-rata mah masih ada yang lulusan sarjana. Tapi banyakan pada milihnya tuh, lulus SMA apa SMK. Karena pikirannya tuh udah gitu, kêlar sekolah ya kerja gitu. Nggak apa ya, kagak mikirin pêngên kuliah di mana. Makanya kadang bêgimana gitu biar pada pikirannya tuh, biar apa ya, biar abis lulus sekolah tu kagak mikirnya kerja. Sekolah lagi gitu kuliah, ampé jadi sarjana gitu paling kagak mah. Kalo misalkan apa ya dia milih kerja juga paling nggak kan kita tuntun gitu biar jangan kerja doang pikirannya, biar mikir kudu sekolah juga. Soalnya banyak yang nyêsêl. Kerja-kerja doang juga ujung-ujungnya juga kagak kêpake pengalamannya gara-gara kagak punya ijasah.	1			Betawi	train	9.175465057817998		True	0.33863965267727936	False			False
bc82a592c4e12646378f67f8abef870f	20449	spontaneous-speech-bew-20449.mp3	18504	2466	Dari segi pendidikan, apé pendidikan terakhir di masyarakat sekitar?	Kalo ênya ama baba kita mah ya, pendidikan mah paling SD. Paling tinggi bêt SMP itu ya anak mah kadang nurunin S1 gé kaga kêlar palingan gé kerja, paling mentok bêt mah di kampung bêgitu, nah S1 mah masih bisa di hitung paké jari, orang-orang bégitu mah ya.	1			Betawi	train	11.348897535667962		False	0.15354330708661412	False	5.496835477946047	0.6231086657496562	False
88cf908ad8137aa6f5527b97584391dc	21013	spontaneous-speech-bew-21013.mp3	35496	2466	Dari segi pendidikan, apé pendidikan terakhir di masyarakat sekitar?	kebanyakan meh kalo di masyarakat sinih pendidikan, [SMP] kalo [SMA] jarang banget, soalnyé kenapé, satu, duit ongkosnyé orang tuényé kadang kebanyakan padé suséh jadinyé yaudéh pendidikan terakhirnyé [SMP] doang yang banyak, kalo [SMA] itu bisa di itung dah apé lagi kalo kuliah méh, ya mahal orang tuényé naményé orang tua sini mah cuma naném padi macul kadang-kadang ngurit jadinyé ya anak nyé yah kebanyakan lulusan [SMP] doang.	1			Betawi	train	10.31102096010818		False	0.2843822843822844	False	5.113616763657018	0.4140302613480055	True
66c99d65171c314ca6147556b80a9058	21161	spontaneous-speech-bew-21161.mp3	14508	2466	Dari segi pendidikan, apé pendidikan terakhir di masyarakat sekitar?	Tergantung si ada yang lulusan SD, ada yang lulus SMA ada juga yang lulusan SMK, ada  juga sih yang sêkolêhnyê, jurusan guru .	1			Betawi	train	7.09953129307968		False	0.31707317073170727	False	6.043665203221877	0.8707015130674003	False
a68890e3cf92239d60ef959166a79dda	21443	spontaneous-speech-bew-21443.mp3	20304	2466	Dari segi pendidikan, apé pendidikan terakhir di masyarakat sekitar?	Biasanya pendidikan terakhir di masyarakat itu di lingkungan kitê khususnyê rata-rata SMK atau SMA. Karena ya, kalo untuk jenjang yang lebih tinggi kan butuh modal juga yang gédé. 	1			Betawi	train	7.486209613869187		False	0.04519774011299438	False	4.865153415542942	0.2544704264099037	True
fc2417aed3f3e13504285a1cbcb6d7ef	21678	spontaneous-speech-bew-21678.mp3	16884	2466	Dari segi pendidikan, apé pendidikan terakhir di masyarakat sekitar?	kalo untuk sekarang itu pendidikan terahir di kampung ayé, rata-rata itu SMA, atau SMK, adé juga yang melanjutkan ké jenjang, S1 atau kebidanan itu seperti itu di kampung ayé sekarang.	1			Betawi	train	9.1802890310353		False	0.1712707182320442	False	4.551253616116158	0.10591471801925723	True
bc82a592c4e12646378f67f8abef870f	20424	spontaneous-speech-bew-20424.mp3	18756	2737	Ceritain pengalaman Ente liburan bareng keluargé!	Liburan mah di rumah gé jadi sebenernya. Kita bari ngeliwet yak ama keluarga mah udah seneng banget itu gé itu buat liburan. Gak mesti harus keluar jauh apa begimana. Yang penting mah kita liburan makan-makan ama keluarga udah resep banget gitu gé udah cekrah ampé makan ampé pada berebutan.	1			Betawi	train	12.955854126679462		False	0.2152777777777778	False	5.020167134315719	0.3535075653370014	True
a523a69994e1c3b9d453ffa3796ec254	20461	spontaneous-speech-bew-20461.mp3	67716	2737	Ceritain pengalaman Ente liburan bareng keluargé!	Liburan bareng keluarga, ribet, ribet nya banyak banget yang dibawa, piring, sendok, termos nasi, apélagi tu ya, timbel [eeh] udeh deh kaga puguh, tapi enak juga si, seru gitu nyenengin éma bapa kalo ngajak, ngajak jalan-jalan kalo kata dia-dia orang mah apa ya namanya ya [eee], kalo jalan-jalan itu, aduuhh lupaaa, ngelancong mah pacaran apa ya aduh itu, au dah lupa, pokonya begitu dah, plesir [nahh] baru inget , plesir ya dah namanya juga orang tua, lu mau ajak kemana, plesiran iyé udah yang penting mah orang tua seneng cuma ribet, ribet doang banyak banget yang dibawa, tau nyucinya dimana itu juga.	1			Betawi	train	7.47238466536712		True	0.2781456953642384	False			False
a523a69994e1c3b9d453ffa3796ec254	20461	spontaneous-speech-bew-20461.mp3	67716	2737	Ceritain pengalaman Ente liburan bareng keluargé!	liburan bareng keluarga ribet, ribetnya banyak banget yang dibawa, piring sedok termos nasi apalagi tuya? timbel ah kaga deh kaga puguh, tapi enak juga si seru gitu, nyenengin emak bapak, kalo ngajak, ngajak jalan-jalan kalo kata dia, dia orang apa ya namanya [eeeeee] kalo jalan-jalan itu aduu lupa ngelancong mah pacaran. apa ya? aduh au dah lupa pokonya begitu dah plesir ya baru inget plesir, plesir ya ada-ada aje jadi orang tua. lu mau ngajak kemana? plesiran iya yang penting mah orang tua seneng cuman ribet-ribet doang banyak bat yang dibawa tau ni nyucinye dimane tu juga 	1			Betawi	train	7.162265934195758		True	0.23661485319516407	False			False
a523a69994e1c3b9d453ffa3796ec254	20461	spontaneous-speech-bew-20461.mp3	67716	2737	Ceritain pengalaman Ente liburan bareng keluargé!	"""Liburan bareng keluarga"". Ribet, ribetnya banyak banget yang dibawa. Piring, sendok, termos nasi. Apalagi tu ya timbel ahh udah dah kagak puguh. Tapi enak juga sih seru gitu, nyenengin emak bapak kalo ngajak, ngajak jalan-jalan kalo kata dia, dia orang mah apa ya namanya ya [umm] kalo jalan-jalan itu [umm] lupa, ngelancong mah pacaran. Apa ya? ahh udah lupa, pokoknya begitu dah. Plesir aha baru inget.. plesir.. haha namanya juga orang tua.. ""lu mao ngajak kemana?"" ""plesiran"".. iya udah yang penting mah orang tua seneng. Cuman ribet, reibet doang. Banyak bet yang dibawa, tau nyucinya di mana itu juga."	1			Betawi	train	7.531454899875952		True	0.24132231404958682	False			False
6f5d66a2f09f4f835c35e047386e542b	20633	spontaneous-speech-bew-20633.mp3	25884	2737	Ceritain pengalaman Ente liburan bareng keluargé!	Liburan bareng keluarga apalagi tuh nyewa vila biasanya tuh keluarga gue suka banget  sama vila di daerah Puncak. Karna itu bisa [eum] jadi keluarga tuh jadi rukun kita tuh bisa cerita-cerita, masak-masak bareng, makan-makan bareng, trus untuk anak-anak kecil bisa jadi kenal sodara satu sama lain itu biasanya yang sering dilakuin di keluarga gué.	1			Betawi	train	11.358368103847935		False	0.25217391304347825	False	4.719939550426899	0.16643741403026135	True
52fd19bf7e8202318b8ee5b4d2cd0925	20881	spontaneous-speech-bew-20881.mp3	42588	2737	Ceritain pengalaman Ente liburan bareng keluargé!	Iyé kalo soal liburan emang prioritas kita liburan emang ke pantai yé. Dulu idola kita itu Pantai Marunda yé karna di sono di rumah Pitung hehe. Jadi kalo liburan tuh ke pantai kita dari rumah udah nyiapin deh tuh yé bawa bekel yé. Bawa nasi ya, bawa jenkol goreng, bawa apé namanya sambel yé. Jadi kalo kita bareng keluarga mah apé ajé yang enak itu udah dibawa aja dah buat gelar tiker nanti di pinggir laut, begitu.	1			Betawi	train	8.030431107354184		False	0.2240963855421687	False	5.7886102575924445	0.781292984869326	False
88cf908ad8137aa6f5527b97584391dc	21046	spontaneous-speech-bew-21046.mp3	16056	2737	Ceritain pengalaman Ente liburan bareng keluargé!	Pengalaman liburan bareng keluarga ya enak sih seru. Kalo liburan bareng keluarga, suka seneng, bareng jajan ini itu bareng yang penting kita bareng jadi serba enak.	1			Betawi	train	8.719481813652216		False	0.26543209876543206	False	4.645015369646547	0.14167812929848694	True
a68890e3cf92239d60ef959166a79dda	21435	spontaneous-speech-bew-21435.mp3	19944	2737	Ceritain pengalaman Ente liburan bareng keluargé!	Kite perneh yang namanye liburan ame keluarge kite ke Puncak biase kite disono ye kite makan-makan, ya liat-liat wisata ke kebun teh yek biar kaye orang-orang kite jadi liburan juga.	1			Betawi	train	7.671480144404333		False	0.16759776536312854	False	5.258721082476415	0.4965612104539202	True
5bff828e73452d736037e3d5c5c5f4e6	21516	spontaneous-speech-bew-21516.mp3	19728	2737	Ceritain pengalaman Ente liburan bareng keluargé!	Lah ayé meh resep bener kalau liburan bareng keluarge ge ramé ude deh tereak-tereak [weelah] ruamé bet aye meh kalau libur bareng tetangge, resep, ramé udé ape aje deh, [weeleh] ampe orang pade clengoan ngeliatin ayé.	1			Betawi	train	9.225466342254665		False	0.15887850467289721	False	6.1751367428114765	0.9009628610729024	False
724d9ac0c1c5abaf145819862e87b6ba	21676	spontaneous-speech-bew-21676.mp3	26136	2737	Ceritain pengalaman Ente liburan bareng keluargé!	Kalo yang dibawa sih bareng keluarga ya serunya itu makan-makan bareng. Misalnya kita pergi liburan ke pantai ya [eee] apa tuh [eee] renang-renang bareng. Terus ngeliat pemandangan bareng. Terus ketawa-tawa bareng. Ya makan bareng ya apa yang kita bawa. Jadi kita tuh seneng liburang bareng-bareng ama keluarga.	1			Betawi	train	10.139271502907867		False	0.31493506493506496	False	4.356120319664663	0.06327372764786796	True
724d9ac0c1c5abaf145819862e87b6ba	21676	spontaneous-speech-bew-21676.mp3	26136	2737	Ceritain pengalaman Ente liburan bareng keluargé!	Kalo liburan sih bareng keluarga ya serunya. Ya itu makan-makan bareng. Misal kata pergi liburan ke pantai ya. Mau apa tuh renang-renang bareng. Terus liat pemandangan bareng. Terus ketawa-tawa bareng. Ya makan bareng ya apa yang kita bawa. Jadi ya seneng liburan bareng-bareng keluarga.	1			Betawi	train	9.33578206305479		False	0.323943661971831	False	4.525623796766947	0.10178817056396149	True
a523a69994e1c3b9d453ffa3796ec254	20486	spontaneous-speech-bew-20486.mp3	21600	2499	Apé ajé alat komunikasi tradisional nyang masih bertahan? Dan, ngapa tu alat masi dipake?	alat kumonikasi tradisional, sekarang udéh kaga ada, udéh kaga jaman,  sekarang mah keren pakénya [wa], tau dah di amerika ama di eropa paké [wa] apékaga kita mah di sini yang bukan amerika eropa méh pakénya [wa], belagu banget emang.	1			Betawi	train	9.027777777777777		False	0.21645021645021645	False	6.346576423178685	0.9312242090784044	False
52fd19bf7e8202318b8ee5b4d2cd0925	20778	spontaneous-speech-bew-20778.mp3	38268	2499	Apé ajé alat komunikasi tradisional nyang masih bertahan? Dan, ngapa tu alat masi dipake?	Kalo alat komunikasi, alhamdulilléh itu sih ga ketinggalan kité yé, meskipun adé di pelosok, di kampung. Orang-orang udé paké hapé yé tétép paké hapé. Meskipun hapényé Nokia yang jadul. Kalo kité paké yang mahal-mahal mah orang kampung padé mikir-mikir méndingan buat beli beras gitu. Jadi alat komunikasi kité udé mengikuti jaman yé. Kalo alat komunikasi penting. Jadi pokoknyé hape android ya paling bantér ya android dah yang paling tinggi. Itu kaya gitu yé. 	1			Betawi	train	10.165151040033448		False	0.2570806100217865	False	5.376113599930332	0.5680880330123796	True
fc2417aed3f3e13504285a1cbcb6d7ef	21620	spontaneous-speech-bew-21620.mp3	27900	2499	Apé ajé alat komunikasi tradisional nyang masih bertahan? Dan, ngapa tu alat masi dipake?	alat komunikasi dijaman ini sekarang udéh paké hp lebih cépét lebih oraktis kalo jaman dulu méh masi paké surak kantor pos kalo jaman sekarang mah udh hapé	1			Betawi	train	4.623655913978494		False	0.1842105263157895	False	5.054887847602103	0.37551581843191195	True
fc2417aed3f3e13504285a1cbcb6d7ef	21620	spontaneous-speech-bew-21620.mp3	27900	2499	Apé ajé alat komunikasi tradisional nyang masih bertahan? Dan, ngapa tu alat masi dipake?	alat komunikasi yang jaman kalo sekarang ini udah memakai hapé.. lebih cépét lebih praktis.. kalo jaman dulu mah jaman ayé tuh makénya alat komunikasinya seperti surat lewat kantor pos.. nah sekarang udah jarang udah ngga ada.. sekarang kebanyakan orang makénya hapé..	1			Betawi	train	8.172043010752688		False	0.26792452830188684	False	4.4976923935949715	0.09491059147180192	True
bc82a592c4e12646378f67f8abef870f	20463	spontaneous-speech-bew-20463.mp3	15876	2448	Adé kegiatan apé di sekitar rumé pas malem ari?	yé kita kadang kalo malém ari ma éma-éma pada karokéan ya éngga éma-éma doang bapa-bapa pada karokéan pada kumpulgé dibalé bareng-bareng diwarung ya begitu baé da kalo malem hari biar padé kaga bosén meh dirumah 	1			Betawi	train	11.148904006046864		False	0.19617224880382778	False	6.064015144141018	0.8775790921595599	False
9191fa254a8ad3507fe679e6204d470f	20485	spontaneous-speech-bew-20485.mp3	13428	2448	Adé kegiatan apé di sekitar rumé pas malem ari?	Di malèm ari mah biasanya kita kégiatan  pada kongko di, di pos ronda sambil ngèronda. Jagain rumah, jagain anu yang pada-pada punya mobil .	1			Betawi	train	8.6386654751266		False	0.08759124087591241	False	5.684242275682627	0.7372764786795049	False
6f5d66a2f09f4f835c35e047386e542b	20631	spontaneous-speech-bew-20631.mp3	24228	2448	Adé kegiatan apé di sekitar rumé pas malem ari?	Biasanya kegiatan di sekitar di rumah tu, jarang ya kalo di daerah RT kayak gitu. Itu biasanya kalo pas ada hari-hari penting doang, kayak tujuh belas Agustus tapi yang di daerah sini tuh biasanya cuman sekedar kayak main anak-anak kecil kayak gitu. Terus bapak-bapak yang suka ngerumpi di warung, gitu suka kumpul-kumpul. Biasanya kegiatannya itu-itu aja sih.	1			Betawi	train	12.54746574211656		False	0.2324929971988795	False	4.523408380370875	0.09903713892709766	True
a68890e3cf92239d60ef959166a79dda	21294	spontaneous-speech-bew-21294.mp3	33192	2448	Adé kegiatan apé di sekitar rumé pas malem ari?	Biasanyé ya kalo kegiatan di malam hari sih ya kebanyakan ya kayak bapak-bapaknya tuh pada ngobrol, ngerumpi, ya kayak cerita-cerita gitu ngobrol-ngobrol ngalor-ngidul ya pokoknya kegiatan tiap malem kayak, kayak, kayak biasanya dibilang ronda gitu ya, yang harus sambil ditemenin ngopi-ngopi gitu lah.	1			Betawi	train	7.833212822366836		False	0.2441471571906354	False	4.777333906936804	0.19944979367262725	True
5bff828e73452d736037e3d5c5c5f4e6	21573	spontaneous-speech-bew-21573.mp3	12456	2448	Adé kegiatan apé di sekitar rumé pas malem ari?	Ya kalo desa kampung di deket rumah ayê mêh, kalo malem hari paling dah tu anak-anak udêh padê nongkrong, padê kongko cekakak-cekikik kalo malem.	1			Betawi	train	9.79447655748234		False	0.12676056338028174	False	5.844004544561427	0.8046767537826685	False
88cf908ad8137aa6f5527b97584391dc	20909	spontaneous-speech-bew-20909.mp3	15192	2484	Pigimané masyarakat di lingkungan Ente ngejagé atow melestarikan alam di sekiter?	ayé mêh di sini itu tuh  nanêm padi di kampung ayé mêh udéh kegiatan méh melestarikannyé naném padi sawêh, nandur udah.	1			Betawi	train	6.450763559768299		False	0.11206896551724133	False	5.653087866257297	0.7152682255845942	False
66c99d65171c314ca6147556b80a9058	21051	spontaneous-speech-bew-21051.mp3	24732	2484	Pigimané masyarakat di lingkungan Ente ngejagé atow melestarikan alam di sekiter?	Dengan kita menanam tanaman di sekitar lingkungan kita, agar lingkungan kita tuh lebih sehat dan bisa melestarikan alam itu dengan baik, menjaga kebersihan, kemudian kita menanam pohonan.	1			Betawi	train	6.50978489406437		False	0.23369565217391308	False	4.955355442078495	0.31636863823933975	True
a68890e3cf92239d60ef959166a79dda	21303	spontaneous-speech-bew-21303.mp3	41616	2484	Pigimané masyarakat di lingkungan Ente ngejagé atow melestarikan alam di sekiter?	biasanyé ya kalau di masyarakat sini tuh kebanyakan tuh ya kalau buat lingkungan itu tuh setiap minggu tuh dari, ya, kaya desa itu kan ngadain, ya, acara kebersihan gitu ya kaya ngebersihin saluran-saluran got terus kali-kali gitu ya biar dia ga pada bau, tercemar terus biar éngga biar banjir, intinya, ya, setiap minggu tuh ada aja acara.	1			Betawi	train	6.824298346789696		False	0.24035608308605338	False	5.459689535797844	0.6024759284731774	False
9191fa254a8ad3507fe679e6204d470f	20419	spontaneous-speech-bew-20419.mp3	13104	2458	Jem berapé biasenyé orang-orang selesei kegiatan di malem ari?	kalo di kampung kita mah kegiatan dimalem ari mah biasa selesai jam 9, jam 10 gitu kan, karna emang dikampung kita masih sépi, tar banyak anu, banyak culik.	1			Betawi	train	9.844322344322345		False	0.13725490196078427	False	4.253150030134838	0.039889958734525444	True
6f5d66a2f09f4f835c35e047386e542b	20659	spontaneous-speech-bew-20659.mp3	19764	2458	Jem berapé biasenyé orang-orang selesei kegiatan di malem ari?	Orang biasanya kegiatan selesai malam hari tuh sekitar jam 9 sampai jam 10 an gitu, karna kalo di daerah rumah gua tuh untuk di jam 11 tuh dah sepi bangêt, benêr-benêr sépi, karna setengah 12 gapuranya udah ditutup, jadi untuk orang-orang luar tuh kaya kalo masuk tuh harus ada izinnya dulu, gitu.	1			Betawi	train	12.446873102610809		False	0.1462585034013606	False	4.928886733341633	0.30536451169188444	True
a68890e3cf92239d60ef959166a79dda	21480	spontaneous-speech-bew-21480.mp3	9252	2458	Jem berapé biasenyé orang-orang selesei kegiatan di malem ari?	Biasanya di kité kegiatan jam sembilanan udah selesai, jam sembilan malém.	1			Betawi	train	6.917423259835711		True	0.14084507042253525	False			False
9191fa254a8ad3507fe679e6204d470f	20434	spontaneous-speech-bew-20434.mp3	15588	2498	Apé ajé komunikasi modern nyang paling dipengenin amé orang-orang di sekiter lingkungan Ente?	Di kampung ana alat komunikasi yang pengen, dipengenin banyak orang tuh ya, pada punya hapé. Karna sebagian di kampungan ana tuh oran banyak yang belum punya hapé, gitu kan. Ya mungkin itu.	1			Betawi	train	10.136002052861176		False	0.17741935483870963	False	4.602985780875318	0.1265474552957359	True
6f5d66a2f09f4f835c35e047386e542b	20645	spontaneous-speech-bew-20645.mp3	26316	2498	Apé ajé komunikasi modern nyang paling dipengenin amé orang-orang di sekiter lingkungan Ente?	komunikasi yang paling moderen itu yang [êêê] hénfon terbaru.. nah jaman sekarang kan di dua ribu dua êmpat ini kan ada Iphone terbaru kan.. Iphone 16.. nah itu banyak banget yang diminatin sama orang-orang sekitar gitu.. terus kayak tab kayak gitu-gitu.. pokoknya gadget-gadget terbaru itu yang buat komunikasi itu biasanya paling diincar sama sekitar lingkungan..	1			Betawi	train	11.817905456756346		False	0.2624309392265194	False	4.922998863862798	0.29573590096286106	True
66c99d65171c314ca6147556b80a9058	21064	spontaneous-speech-bew-21064.mp3	16344	2498	Apé ajé komunikasi modern nyang paling dipengenin amé orang-orang di sekiter lingkungan Ente?	"Kayak bahasa gaul gitu ""Uy! mau ke mana tuh?"" Nah itu kan bahasa yang jaman sekarang tuh, bahasa keren. Kalo dulu kan gak bègitu bahasanya. Sekarang pèngèn bahasanya yang gaul gitu ""Woi! mau ke mana tuh?"""	1			Betawi	train	10.340186000978951		False	0.3233830845771144	False	4.4533460406972285	0.08390646492434663	True
88cf908ad8137aa6f5527b97584391dc	21223	spontaneous-speech-bew-21223.mp3	8532	2498	Apé ajé komunikasi modern nyang paling dipengenin amé orang-orang di sekiter lingkungan Ente?	"Komunikasi modern mah sih yang begini: ""Halo guys! Bro!"" Yang begitu-begitu doang sih yang kalo ayé pelajarin, yang cuma bisanya."	1			Betawi	train	12.892639474917956		True	0.15873015873015872	False			False
a68890e3cf92239d60ef959166a79dda	21411	spontaneous-speech-bew-21411.mp3	22788	2498	Apé ajé komunikasi modern nyang paling dipengenin amé orang-orang di sekiter lingkungan Ente?	sekarang tu di kité tuh kebanyakan itu henpon atau hp. di kte mah banyakan anak komunikasi mulai dari anak anak ampé  yang udah tua itu rata-rata itu makénya hp	1			Betawi	train	5.748639634895559		False	0.14012738853503182	False	6.36739825297751	0.9339752407152683	False
bc82a592c4e12646378f67f8abef870f	20516	spontaneous-speech-bew-20516.mp3	14760	2726	Mané nyang lebih Ente suké : jalan-jalan déwékan atau amé temen? Kenapé? 	ya paling jalan-jalan mah seru ilokan dewék-dewék [ya] ame temen lah, biar adê yang motoin, biar ga jenuh-jenuh bet di motor emang dewek-dewek bae mah kaga resep enakan rame-rame kita konvoi sama temen-temen.	1			Betawi	train	11.924119241192413		False	0.13658536585365855	False	5.462272913474722	0.6052269601100413	False
6f5d66a2f09f4f835c35e047386e542b	20754	spontaneous-speech-bew-20754.mp3	18324	2726	Mané nyang lebih Ente suké : jalan-jalan déwékan atau amé temen? Kenapé? 	tergantung, kalo misalkan gue lagi pengen lagi jalan-jalan sendiri [ya] gua lebih si, sendiri sih tapi kalo yang lagi pengen sama temen-temen gue, pasti gua bakal ngajak temen-temen gue, tergantung perjanjian nya ko tuh [kek], kemana gitu kalo ke daerah keluar kota itu pasti sama temen-temen gua rame, tapi kalo untuk daerah-daerah Jakarta atau Bekasi [ya] pasti biasanya sendiri sih itu kadang.	1			Betawi	train	18.28203449028596		False	0.30279898218829515	False	5.0390436308587505	0.3672627235213205	True
52fd19bf7e8202318b8ee5b4d2cd0925	20844	spontaneous-speech-bew-20844.mp3	44028	2726	Mané nyang lebih Ente suké : jalan-jalan déwékan atau amé temen? Kenapé? 	Wo kalo jalan-jalan mah ané lebih resep bareng-bareng ya rombongan, gerombolan ama temen-temen. Kalo dewékan mah begimané jadi kayak orang prustasi diputus, diputusin ama pacar dong hehe. Ya bareng ama temen-temen enak gitu kite bisa becandé, bisa ngobrol, bisa tanya-tanya. Yang jelas kalo kité jalan-jalan nih enakan bareng-bareng deh rombongan. Ané sih kayak gitu senengnyé. Jadi jalan-jalan tuh kita ajak, kita sambat tuh temen-temen kita ya barang lima enem orang mah biar suasananya jadi idup gitu yé.	1			Betawi	train	9.789225038611791		False	0.2936507936507936	False	5.375033226519067	0.5667125171939478	True
66c99d65171c314ca6147556b80a9058	21037	spontaneous-speech-bew-21037.mp3	20268	2726	Mané nyang lebih Ente suké : jalan-jalan déwékan atau amé temen? Kenapé? 	Kalo ayé tuh lebih seneng jalan ama temen. Kalo kita jalan-jalan ama temen lebih seru. Lebih rame deh enak. Kalo jalan sendiri kan jenuh. Ama temen-temen lebih rame, seru lagi.	1			Betawi	train	7.252812314979278		False	0.3121387283236994	False	4.585322546639888	0.11966987620357634	True
88cf908ad8137aa6f5527b97584391dc	21142	spontaneous-speech-bew-21142.mp3	26028	2726	Mané nyang lebih Ente suké : jalan-jalan déwékan atau amé temen? Kenapé? 	Saya si sukanya jalannye ame temen-temen karena kan kalo jalan dewékan kurang seru, kalo jalan ame temen-temen kan lebih seru kenape lebih seru. karena kan kita bisa becande, ngobrol, terus bisa jalan kesono kemari, bisa foto-foto bareng jadikan lebih seru dah kalo jalan bareng temen-temen meh kebanding sendiri	1			Betawi	train	10.181343168895037		False	0.34627831715210355	False	4.143690939254458	0.02888583218707015	True
88cf908ad8137aa6f5527b97584391dc	21142	spontaneous-speech-bew-21142.mp3	26028	2726	Mané nyang lebih Ente suké : jalan-jalan déwékan atau amé temen? Kenapé? 	Saya sih sukanya jalan ama temen-temen.. karena kalo jalan dewékan kurang seru.. kalo jalan-jalan sama temen kan lebih seru.. Kenape lebih seru? karena kita kan bisa becanda, bisa ngobrol, bisa jalan ke sono ke mari, bisa poto-poto bareng.. jadi ya lebih seru dah kalo bareng-bareng ama temen-temen mah dibanding sendiri..	1			Betawi	train	10.48870447210696		False	0.3260188087774295	False	4.250768176806655	0.03851444291609354	True
a68890e3cf92239d60ef959166a79dda	21455	spontaneous-speech-bew-21455.mp3	18648	2726	Mané nyang lebih Ente suké : jalan-jalan déwékan atau amé temen? Kenapé? 	yaa kitê lebih suka ama temen-temen kitê.. rame jadinye.. bareng-bareng iya.. kalo dewek-dewek mah ngga enak kalo kite jalan dewek-dewek ngga enak.. enak bareng-bareng ama temen kitê.. jadi rame gitu tawê-tawê kongkow-kongkow jadi enak..	1			Betawi	train	10.93951093951094		False	0.33333333333333337	False	4.900102027470525	0.2792297111416781	True
bc82a592c4e12646378f67f8abef870f	20475	spontaneous-speech-bew-20475.mp3	18900	2527	Begimané cuacé di daerah Ente?	untuk sekarang ini ya emang kadang panas pêntér gitu kadang ujan.. ujan kalo lagi ujan baé barêg-barêg kagak sudah-sudah dari pagi ampé sore kayak kemaren tuh ya.. lha ujan kagak kêlar-kêlar.. lha udah gitu baé ntar kadang ada yang sakitt.. kepanasan sakit keujanan dié sakit.. yaudah muter baé dah itu..	1			Betawi	train	13.49206349206349		False	0.2093023255813954	False	5.6358047569824254	0.7070151306740028	False
a523a69994e1c3b9d453ffa3796ec254	20498	spontaneous-speech-bew-20498.mp3	18756	2527	Begimané cuacé di daerah Ente?	Sekarang mah dijakarta udêh kaga adê adem-ademnyê... panas, gerah  gerah gerah...panas yah gatau dêh perubahan iklim kali begitu dêh orang lingkungannyê juga udah rusak udèh kaga adê yang benêr.	1			Betawi	train	8.797184900831734		False	0.1413612565445026	False	6.019685904579444	0.8624484181568088	False
6f5d66a2f09f4f835c35e047386e542b	20741	spontaneous-speech-bew-20741.mp3	11556	2527	Begimané cuacé di daerah Ente?	cuaca didaerah rumah guê lagi ujan lagi yang ujan terus benêr-benêr ke bisa full seharian ampé pagi ujan bisa menggangggu aktifitas orang-orang yang kerja. 	1			Betawi	train	11.42263759086189		False	0.15032679738562094	False	5.160639284550522	0.43878954607977994	True
88cf908ad8137aa6f5527b97584391dc	20942	spontaneous-speech-bew-20942.mp3	32472	2527	Begimané cuacé di daerah Ente?	Karang meh cuaca dikampung ayê lagi ujan mulu mendung jadinyê susêh nih kalo udèh mendung gè amê ujan kalo jemurin pakèannya ribèt, kemanê-manê gè ribèt samping rumêh udêh padè bèlok, padê blèkuk, abisnyê musim ujan udêh ribêt ayê bèlok banget kampung ayê rumêh ayê kena simpratan tana ya namanyê hujan ilok kalo orang lewat ayê omélin eh lo jangan lewat si tong belok, lah bagén dêh.    	1			Betawi	train	9.823848238482384		False	0.17142857142857137	False	6.051507753366341	0.8720770288858322	False
9191fa254a8ad3507fe679e6204d470f	20372	spontaneous-speech-bew-20372.mp3	29556	2720	Tempat wisaté mané ajé nyang udé perné Ente datengin?	Kita mah liburannya di dalèm kota ajè, didalèm negeri gè juga banyak gitu kan. èhh.. biasanya saya mèh keluar apa namanyè datengin kekota tua itu banyak ya, banyak jajanan-jajanan apalagi ada, ada .. kerak telor gitu kan, tukang ketoprak itu aromanya ènak banget gitu kan, terus kepantai pakis tuh ada di karawang itu udah enak banget itu kita liburan kesitu daripadè ke yang jauh-jauh gitu èmang duitnye ora gablèg kita gè. 	1			Betawi	train	11.977263499796996		False	0.19194312796208535	False	5.532568491636647	0.6464924346629987	False
6f5d66a2f09f4f835c35e047386e542b	20710	spontaneous-speech-bew-20710.mp3	22032	2720	Tempat wisaté mané ajé nyang udé perné Ente datengin?	Gua pernah kepantai, terus gua pernah kekebun binatang, terus gua biasanya ke puncak daerah puncak atau daerah bandung, daerah Bandung tuh gua banyak banget kedaerah pegunungan yang bènèr-bènèr sejuk banget kaya daerah ciwidey, wayang windu gitu. itu seru banget.	1			Betawi	train	10.212418300653594		False	0.2615384615384615	False	4.925016146658376	0.297111416781293	True
88cf908ad8137aa6f5527b97584391dc	21080	spontaneous-speech-bew-21080.mp3	26388	2720	Tempat wisaté mané ajé nyang udé perné Ente datengin?	Tempat wisata yang pernah saya kunjungin si waterboom panji buana, mekarsari, kalau pantainya si pakis, pantai putri, terus candi jiwa, cuman disitu aja si aye biasanye si. kalo wisata yang deket-deket aje kan sesuai dengan keadan kite ya namanye orang hidup dikampung ya apa adenye deh kita nikmatin aje.   	1			Betawi	train	9.73927542822495		False	0.09836065573770492	False	5.922719223415895	0.8390646492434664	False
a68890e3cf92239d60ef959166a79dda	21299	spontaneous-speech-bew-21299.mp3	43272	2720	Tempat wisaté mané ajé nyang udé perné Ente datengin?	Ya kalo tempat wisata si banyak yang pernah dikunjungi ya kaya di daerah-daerah Bandung trus kaya di daerah Karawang tuh Pantai Pakis trus ada juga tuh di daerah Karawang tuh yang terbaru, ya yang lebih deket lagi kaya Pantai Pakis lah kebanyakan tuh orang-orang kampung tujuannye ya  Pantai Pakis udeh jarak tempuhnye deket ditambeh buat ongkosnya tuh ya sesuailah sama kantongnye.	1			Betawi	train	7.418191902384914		False	0.27968337730870707	False	5.1053886104814055	0.40852819807427787	True
9191fa254a8ad3507fe679e6204d470f	20493	spontaneous-speech-bew-20493.mp3	16128	2463	Nyang begimané interaksi lelaki amé perempuan?	Interaksi laki ama perempuan mah apalagi yang bukan mukhrim ya jangan dêkêt-dêkêtan. Kadang banyak orang yang [umm] gara-gara pacaran ya banyak yang kécelakan hamil di luar nikah yang kék bégitu-bégitu tuh yang kita jaga.	1			Betawi	train	11.656746031746032		False	0.15596330275229353	False	5.411858645831828	0.5804676753782668	True
6f5d66a2f09f4f835c35e047386e542b	20627	spontaneous-speech-bew-20627.mp3	32148	2463	Nyang begimané interaksi lelaki amé perempuan?	interaksi yang gimana lelaki ke perempuan itu harus yang sopan dan santun.. perempuannya harus merasa dilindungi.. harus merasa dihormatin.. karena tuh di zaman sekarang banyak laki-laki yang tidak bisa menghormati perempuan.. banyak pelecehan-pelecehan seksual seperti itu.. jdi harus baik-baik terhadap perempuan..	1			Betawi	train	8.585293019783501		False	0.24920127795527158	False	5.90291226363016	0.8308115543328748	False
88cf908ad8137aa6f5527b97584391dc	21041	spontaneous-speech-bew-21041.mp3	27828	2463	Nyang begimané interaksi lelaki amé perempuan?	lélaki mah kalo ngomong patutnya ngomong aja udah emosi aja ngga ada pelan-pelannyé.. nah kalo perempuan ngomong lembek lemah lembut bahasanya tutur katanya.. tapi ya tergantung perempuannya juga sih.. tapi seringnya perempuan mah bicaranyé ya biasa ajé ngga ngegas.. kalo lelaki mah kalo ngomong weilah udah melotot aja patutannya.. udah ngga ada pelan-pelan dah..	1			Betawi	train	11.21172919361794		False	0.32320441988950277	False	5.7669548065633425	0.7716643741403026	False
a523a69994e1c3b9d453ffa3796ec254	20412	spontaneous-speech-bew-20412.mp3	34200	2494	Menurut Ente dewek, seberapé besar peran kesenian tuh buat acaré khusus ntuh? 	Iya sebenernya mah penting kalo buat apa ya peran seni Bétawi buat acara mah. Cuma modalnya gédé juga. Jadi orang juga kalo mau ngawinin, mau nyunatin, paké, paké segala apa yak, eee printilan-printilan yang kudunya dipaké, kayaknya mah nggak nyandak duitnya. Jadi ya udah, sebisanya aja. Tapi biasanya mah kalo emang ada orang yang masih mau paké ya ada sih, ya cumanan jarang.	1			Betawi	train	9.239766081871345		False	0.20533333333333337	False	5.577897773166031	0.672627235213205	False
66c99d65171c314ca6147556b80a9058	21214	spontaneous-speech-bew-21214.mp3	23544	2494	Menurut Ente dewek, seberapé besar peran kesenian tuh buat acaré khusus ntuh? 	kalo lagi ngadain acara maulidan slametan itu sangat berperan banget  apélagi itu khususnyé anak-anak mudé itu adé yang baca maulid adé yang bacé marawis 	1			Betawi	train	5.479102956167176		False	0.14569536423841056	False	6.103422867409266	0.8858321870701513	False
5bff828e73452d736037e3d5c5c5f4e6	21553	spontaneous-speech-bew-21553.mp3	23652	2494	Menurut Ente dewek, seberapé besar peran kesenian tuh buat acaré khusus ntuh? 	penting bangét kalo ada acara apa-apa.. émang kudu ada tari-tarian tu biar dilestariin kayak Tari Jaipongan.. pokoknya ada apa aja dah ditampilin bisa-bisa nih kayak ada rebana tuh kalo ada acara udah tuh pléntang-pléntung ramé banget dah tu di kampung ayé kalo ada acara-acara begitu udah dah ditampilin semuanya tuh..	1			Betawi	train	11.415525114155251		False	0.24683544303797467	False	5.248908625586192	0.4896836313617607	True
a523a69994e1c3b9d453ffa3796ec254	20397	spontaneous-speech-bew-20397.mp3	65700	2788	Seberapé penting sejaré keluargé terhadap identitas Ente?	Penting banget lah kalo keluarga mah biar kita tau asal usul kita dari mana. Dari ema bapa yang kaya gimana. Namanya orang kan taunya kita ga baé-baé aja, apalagi kita bukan orang kaya jadi keliatannya tu ya yaélah sapa eluh? gitu. Kalo orang kaya emang biar kata jelek juga keliatannye baé. Kalo kité yang bukan orang kaya mah mau bagus kaya apege tetep aja keliatannya jelek, makanya penting kita tau kita dari orang tua yang bagimana. Karena kita mah bener-bener lahir dari keluarga yang baé-baé bukan berarti kita miskin kita ga baé trus dia kaya dia baé, engga! salah itu begitu. Justru banyak yang kaya malah yang kaga baé! ga bisa manpaatin banda ema-bapanya, malah pengennya cuma bebikinan segala-gala tapi ga ada manfaatnya. Sekolah kaga kalo kita yang susah mah ketauan pikirannya pengen sekolah biar idep kedepannyah. 	2			Betawi	train	10.532724505327243		True	0.36682808716707027	False			False
88cf908ad8137aa6f5527b97584391dc	20897	spontaneous-speech-bew-20897.mp3	46404	2788	Seberapé penting sejaré keluargé terhadap identitas Ente?	"Penting keluarge. Dulu ayé, engkong ayé susah bener. Nah, punya anak delapan. Makan aja suseh banyak saking banyaknya anak. Kerjaan kagak adé. Cuman di sawé, macul,  babat galeng. Terus jadinya tu apa keluarganya, anaknya pada suseh makannya pada suséh ampe telantar. Nah terus pas itu engkong ayé berusaha tuh, ""mustahil gua gak bisa nyekolahin anak gua"". Nah, akhirnya tu anaknya sukses dan sekarang, kehidupan sekarang alhamdulillah jadi enak, jauh lebih baik dari dulu."	2			Betawi	train	8.61994655633135		False	0.19148936170212771	False	5.3449909998225325	0.5543328748280605	True
724d9ac0c1c5abaf145819862e87b6ba	21648	spontaneous-speech-bew-21648.mp3	31428	2788	Seberapé penting sejaré keluargé terhadap identitas Ente?	Sejarah keluarga ayé dulu yak, apa yé, waktu ayé masih kecil, ya Allah, susah banget, mau beli baju aja susah, mau makan enak aja susah. Karna kenapa? Jaman dulu tuh apa-apa tuh susah. Apalagi idup ayé yang di kampung cuma adanya pas-pasan. Ya paling kalo makan enak ya kudu lama gitu kan. Makanya kita ngerasain itulah tadi jaman ayé masih susah dulu. Tapi kalo sekarang ya ayé ya ngerasain.	1			Betawi	train	10.309278350515465		False	0.21593830334190234	False	4.792585622505849	0.21045392022008252	True
724d9ac0c1c5abaf145819862e87b6ba	21648	spontaneous-speech-bew-21648.mp3	31428	2788	Seberapé penting sejaré keluargé terhadap identitas Ente?	Sejarah keluarga ayé dulu ya waktu ayeé masih kecil, Ya Allah susah banget, mau beli baju aja susah, mau makan enak aja susah, namanya jaman dulu apa-apa susah. Apalagi idup ayé di kampung tu mana adanya pas-pasan. Paling kalo mau makan enak ya kudu lama gitu kan makannya, dulu ayé ngerasain jaman ayé masih susah dulu tapi kalo sekarang ya ayé yang ngerasain.	2			Betawi	train	9.513809341988036		False	0.25139664804469275	False	4.9834634859866584	0.3342503438789546	True
bc82a592c4e12646378f67f8abef870f	20467	spontaneous-speech-bew-20467.mp3	22716	2441	Sebutin amé jelasin apé nyang Ente demen di pagi ari?	Ya pan kadang kita kalau pagi hari mah kita tiban nungguin tukang lontong sayur lewat. begitu bae dah, hari-hari, ya. Mau bantu-bantuin emak. Kalau pagi hari mah, kita la ilok rebahan bae kaga urup wadon mah begitu, ya. Lanang ge wadon ge di pangkeng bae kaga urup. Paling gitu bantuin emak, pagi hari mau olahraga ge lari-larian di depan rumeh ge udeh jadi. 	1			Betawi	train	13.030463109702412		False	0.2556179775280899	False	6.478937816803944	0.9546079779917469	False
9191fa254a8ad3507fe679e6204d470f	20534	spontaneous-speech-bew-20534.mp3	9108	2441	Sebutin amé jelasin apé nyang Ente demen di pagi ari?	Ane demen bat di pagi hari karena udaranya masih sejuk... banget kalo udeh siang hari mah, pada bau matahari, bentek.	1			Betawi	train	10.759771629336846		True	0.03508771929824561	False			False
52fd19bf7e8202318b8ee5b4d2cd0925	20854	spontaneous-speech-bew-20854.mp3	26280	2441	Sebutin amé jelasin apé nyang Ente demen di pagi ari?	Ane sih kalo pagi hari paling demen, paling demen banget ye ane itu ngupi, ye. Ngupi pake singkong rebus atau pake ubi goreng. Itu paling demen banget ane ya, nggak ade duenye, ya. Kalo kita udeh ngopi pake singkong rebus, mertua lewat, nggak diengain pokonye nggak ditanye, hahaha.	1			Betawi	train	8.942161339421613		False	0.2544802867383512	False	6.544698577231053	0.9642365887207703	False
88cf908ad8137aa6f5527b97584391dc	21044	spontaneous-speech-bew-21044.mp3	10908	2441	Sebutin amé jelasin apé nyang Ente demen di pagi ari?	Bangun tidur terus cuci muke, sarapan, abis tu ya masak, nyuci, beberes rumah, nyapu, ngosrek-ngosrek.	1			Betawi	train	8.067473414008068		True	0.0505050505050505	False			False
a68890e3cf92239d60ef959166a79dda	21523	spontaneous-speech-bew-21523.mp3	25524	2441	Sebutin amé jelasin apé nyang Ente demen di pagi ari?	Aye tuh, kalo di pagi hari, setelah sholat Subuh bersih-bersih. Nah, setelah itu, olahraga sebentar. Setelah olahraga, nyuci dan masak.	1			Betawi	train	4.5447422034163925		False	0.1515151515151515	False	5.175565715609699	0.4484181568088033	True
5bff828e73452d736037e3d5c5c5f4e6	21639	spontaneous-speech-bew-21639.mp3	32076	2441	Sebutin amé jelasin apé nyang Ente demen di pagi ari?	lah ayé méh kalo pagi démén bangét itu tuh bangun tidur trus cuci muké, nyarap, udéh déh tu. Ngémpanin burung pagi pagi udéh bgempanin burung, resep bener kalo pagi gé, abisan neh ngempanin lah ngempanin burung pagi pagi ngasilin duit pagi pagi ngempanin burung burung ayé tenteng tenteng 	1			Betawi	train	7.51340566155381		False	0.3531468531468531	False	6.5998938408001715	0.9711141678129298	False
9191fa254a8ad3507fe679e6204d470f	20541	spontaneous-speech-bew-20541.mp3	21780	2524	Seberapé penting wawasan seni dan budaya masuk dalem pembelajaran di sekolé?	penting banget budaya [êê] silat ato/atau wawasan kesenian masuk pembelajaran [sêk] yang ada di kolaan, kalo kaga adê pembelajaran tentang kesenian apelagi kesenian tentang daerah kitè sendiri [ya], ya êntar, êntar di aku-akuin lagi amê daerah-daerah laén kalo kaga ditanemin ama, ama anak-anak penerus kita.	1			Betawi	train	12.12121212121212		False	0.19999999999999996	False	4.972881553763644	0.32737276478679506	True
88cf908ad8137aa6f5527b97584391dc	21039	spontaneous-speech-bew-21039.mp3	29304	2524	Seberapé penting wawasan seni dan budaya masuk dalem pembelajaran di sekolé?	penting biar kita tau biar ngêrti.. kalo seni untuk apa.. terus kalo budaya biar kita paham ama budaya kita.. kaya seni-seni apa ni biar kita ngerti.. ohh seni ini seperti ini.. terus kalo budaya ohh ini harus seperti ini.. makanya seni dan budaya itu penting banget dalam pelajaran sekolah kita biar kita ngêrti dan tau..	1			Betawi	train	9.145509145509145		False	0.3824451410658307	False	4.940563939569169	0.3081155433287483	True
9191fa254a8ad3507fe679e6204d470f	20511	spontaneous-speech-bew-20511.mp3	23616	2493	Apé adé kesenian khusus nyang biasényé ditampilan pas acaré-acaré tertentu?	kesenian husus yang biasa, yang biasa ya itu silat ditampilin buat di acara-acara nganténan ya buat  kériyaan itu ngantén sebelum daténg tuh adé palang pintu, itu palang pintu nyé itu biasényé dari silat itu, silat itu biasanyé ditampilin buat acara-acara palang pintu  pas nikahan acara kriyaan acara nikahan 	1			Betawi	train	11.009485094850948		False	0.3876221498371335	False	5.587896220379408	0.6836313617606602	False
6f5d66a2f09f4f835c35e047386e542b	20684	spontaneous-speech-bew-20684.mp3	17316	2493	Apé adé kesenian khusus nyang biasényé ditampilan pas acaré-acaré tertentu?	untuk acara-acara tertentu biasanya si yang digunain yé kaya nari ya, nari-nari betawi gitu, terus [ééé] itu untuk acara-acara adat kaya pernikahan tapi biasanya kalo untuk musiknya tuh biasanya dangdut lebih kedangdut sih kalo orang betawi tuh.	1			Betawi	train	12.06976206976207		False	0.2520661157024794	False	4.759344346438903	0.18707015130674004	True
52fd19bf7e8202318b8ee5b4d2cd0925	20847	spontaneous-speech-bew-20847.mp3	64260	2493	Apé adé kesenian khusus nyang biasényé ditampilan pas acaré-acaré tertentu?	kalao soal apé ya keterampilan pas acara-acara itusi blom adé contoh kesenian betawi nih palang pintu kan adénya pas orang kriaan hajatan pengantén gitu pengantén sunat itu palang pintu sekarang masih ada kita lestariin itu ya jadi éngga bakalan kita lupain yang kita éngga buang bégitu aja tétép kita lestariin kebetulan adé juga punya grup ya palang pintu kita udah main di mana aja ya jabodetabek Alham dulillah udah tau nih orang namanya yang ada  di bekasi utara kalao soal apé ya keterampilan pas acara bekasi utara watés gitu	1			Betawi	train	6.89386865857454		True	0.31379962192816635	False			False
88cf908ad8137aa6f5527b97584391dc	20990	spontaneous-speech-bew-20990.mp3	36504	2493	Apé adé kesenian khusus nyang biasényé ditampilan pas acaré-acaré tertentu?	narih, narih jaipongan kalo disini mêh kalo ada acara-acara kaya kenaekan kelas trus kalo adê acara-acara adê tamu dari manê kedatengan tamu kampung kite nari dêh nari jaipongan ituh blampak-blampak  yang ditampilin nari adê bocah dêh suruh nari, nari jaipongan besok adê kedatangan tamu kita udêh gitu, jadinyê disini mah kalo ada acara tampil apê-apê itu yang ditanpilinnyê nari, nari jaipongan.	1			Betawi	train	9.204470742932282		False	0.36040609137055835	False	5.89042925488527	0.8239339752407153	False
bc82a592c4e12646378f67f8abef870f	20390	spontaneous-speech-bew-20390.mp3	24372	2762	Seperti apé lingkungan nyang cocok bagi Ente?	Pan kadang kita ngobrol buat di lingkungan kita terlalu awam, kadang kaga cocok udeh lah kite tinggalin baé, jadinye kita kudu punya orang yang ngerti buat nanganin, ema-ema yang pada, ya begitu dah kurang ngerti ame yang kita amo, bahesenye ga anu ya kurang paham kita di bilang nya dia paling pinter.	2			Betawi	train	10.298703430165764		False	0.20735785953177255	False	5.434363153264147	0.5900962861072903	True
88cf908ad8137aa6f5527b97584391dc	21199	spontaneous-speech-bew-21199.mp3	33264	2762	Seperti apé lingkungan nyang cocok bagi Ente?	Lingkungan yang cocok sih kalo buat ayé ya sederhana sih, ya tempatnya enak, walaupun nggak begitu-begitu gede, ramé. Terus lingkungannya ya eee enak dibuat kita berkomunikasi. Terus lingkunganya ya kita buat yang senyaman mungkinlah. Kayak lingkungannya yang bersih. Terus yang ada kebon-kebonnya dah begitu biar kita bisa bermain.	1			Betawi	train	8.567821067821066		False	0.26747720364741645	False	4.421807093518301	0.07565337001375516	True
88cf908ad8137aa6f5527b97584391dc	21199	spontaneous-speech-bew-21199.mp3	33264	2762	Seperti apé lingkungan nyang cocok bagi Ente?	Lingkungan yang cocok sih kalo buat aye ya sederhana sih. Ya tempatnya enak walaupun ngga begitu-begitu kudu rame, terus lingkungannya ya [umm] enak dibuat kita berkomunikasi. Trus lingkungannya ya kita buat yang senyaman mungkin lah, kaya lingkungannya yang bersih. Terus yang ada kebon-kebonya lah biar kita bisa gunain.	1			Betawi	train	8.267195767195766		False	0.2507836990595611	False	4.515247975461175	0.09766162310866575	True
a68890e3cf92239d60ef959166a79dda	21441	spontaneous-speech-bew-21441.mp3	21240	2762	Seperti apé lingkungan nyang cocok bagi Ente?	Biasenye yang dikité lingkungan yang orang-orangnyé baik trus yé lingkungannyé bersih karna itu yang utama untuk kesehatan kité, untuk kité beradaptasi juga sama orang-orang sekitar atau masarakat. 	2			Betawi	train	8.050847457627118		False	0.2102564102564103	False	4.689684675924548	0.1609353507565337	True
a523a69994e1c3b9d453ffa3796ec254	20528	spontaneous-speech-bew-20528.mp3	21132	2480	Apé hewan liar nyang paling sering Ente temuin di lingkungan ente?	Binatang mah yang paling sering nemu kucing, tikus, apalagi tuh, kecoa, leluwé. Ya udadah begitu-gitu aja orang rumah kita deket kebon jadi banyak leluwé.	1			Betawi	train	6.199129282604581		False	0.06622516556291391	False	5.460370271634002	0.6038514442916093	False
9191fa254a8ad3507fe679e6204d470f	20543	spontaneous-speech-bew-20543.mp3	12996	2480	Apé hewan liar nyang paling sering Ente temuin di lingkungan ente?	èwan yang liar mah biasanya ulêr, ulêr-ulêr kadut, ulêr-ulêr tuh biasa yang kayak begitu. Ya êntar [êêê] ada monyét-monyét biasanya, monyét-monyét liar.	1			Betawi	train	10.080024622960911		False	0.2818791946308725	False	5.778426707716399	0.7744154057771664	False
6f5d66a2f09f4f835c35e047386e542b	20646	spontaneous-speech-bew-20646.mp3	15408	2480	Apé hewan liar nyang paling sering Ente temuin di lingkungan ente?	Héwan liar biasa ditemuin tuh kucing, kucing banyak  bangat di daerah rumah gua tuh kaya bener-bener banyak banget kaya setiap hari tuh banyak yang léwat kucing kaya gitu, terus kaya burung, burung juga tuh lumayan banyak. 	1			Betawi	train	12.07165109034268		False	0.2318181818181818	False	4.8029662856973845	0.21458046767537828	True
88cf908ad8137aa6f5527b97584391dc	20913	spontaneous-speech-bew-20913.mp3	7848	2480	Apé hewan liar nyang paling sering Ente temuin di lingkungan ente?	Ya binatang ulêr, ulêr ame anjing dé toh di kampung ayé méh adényé.	1			Betawi	train	7.008154943934761		True	0.03125	False			False
66c99d65171c314ca6147556b80a9058	21074	spontaneous-speech-bew-21074.mp3	25560	2480	Apé hewan liar nyang paling sering Ente temuin di lingkungan ente?	Ayê péngén liburan ke Arab Saudi, di mana di sono kan sejarah nabi. Saya kèpèngèn bangét silatuhrahmi dan untuk melaksanakan rukun islam yang  kêlima, semoga di sana itu saya bisa menjalani ibadah.	1			Betawi	train	6.455399061032863		False	0.04123711340206182	False	6.827416030463498	0.9917469050894085	False
a68890e3cf92239d60ef959166a79dda	21330	spontaneous-speech-bew-21330.mp3	25668	2480	Apé hewan liar nyang paling sering Ente temuin di lingkungan ente?	Kalo hewan liar di kampung kita tuh kebanyakan ya kayak luwak, ganggarangan. Kebanyakan tuh luwak itêm yang sering-sering masuk ke rumah orang. Yah hama-hama ayam gitulah. Intinya, kebanyakan tuh ya binatang-binatang yang 	1			Betawi	train	7.402212872058595		False	0.182648401826484	False	5.321058145740762	0.5378266850068776	True
a523a69994e1c3b9d453ffa3796ec254	20407	spontaneous-speech-bew-20407.mp3	40428	2470	Usie berape nyang pas buat orang niké?	Kalo ngebandingin yang pantes buat kawin umur berapa ya orang-orang jaman dulu mah kawin masih bocah, masih belum idép. Umur-umur sebelas dua belas taun juga udah pada kawin. Tapi kan kalo anak sekarang mah kawin mikir lagi paling nggak kan ya, kalo kita mah dua puluhan lah ke atas. Jangan umur dua belas taun kawin, masih belum idép, belum bisa ngurusin apa-apa.	1			Betawi	train	7.494805580290887		False	0.23268698060941828	False	5.401809661922095	0.5749656121045392	True
9191fa254a8ad3507fe679e6204d470f	20502	spontaneous-speech-bew-20502.mp3	21816	2470	Usie berape nyang pas buat orang niké?	Usia yang pas buat nikéh mah, kalo udah punya kerjaan, udah pada punya apa namanyé pekerjaan tetap [ééé] siap lahir batin, mentalnya gitukan. Biasanya yang laki-laki mah mapannya umur dua puluh delapan. Kalo yang perempuan mah terserah dah kalo mang dia kerja, mau kerja, mau kagak ya kagak.	1			Betawi	train	11.184451778511184		False	0.1909722222222222	False	5.337673849363642	0.5515818431911967	True
6f5d66a2f09f4f835c35e047386e542b	20622	spontaneous-speech-bew-20622.mp3	22788	2470	Usie berape nyang pas buat orang niké?	umur yang pas untuk orang nikahan tuh, umur yang pas tuh biasanya di umur 23 24 cuman kita kan gabisa ngasih batês kaya waktu umurnyé tuh 24 harus nikah ga sesuai jodoh dari yang Maha Kuasa ajé ya kalo bisa nikahnyé umur 26 ya gapapa 26 yang penting kan nikahnya masi diumur 20an yaa	1			Betawi	train	10.093031420045635		False	0.20714285714285718	False	5.5568548657116255	0.6588720770288858	False
66c99d65171c314ca6147556b80a9058	20893	spontaneous-speech-bew-20893.mp3	26172	2470	Usie berape nyang pas buat orang niké?	kalo orang kampung itu kalo nikêh usiênyé ada yang delapan belas ada yang sembilan belas kenapé itu ada yang delapan belas? karna kan  ada yang kalo udéh lulus sekolah engga kerjé ada yang ngelamar langsung nikêh ade juga yang sembilan belas tergantung yang masing-masing nianunyê deh jodohnyê 	1			Betawi	train	9.399358092618066		False	0.31958762886597936	False	5.452133990363792	0.5983493810178817	True
88cf908ad8137aa6f5527b97584391dc	20986	spontaneous-speech-bew-20986.mp3	37872	2470	Usie berape nyang pas buat orang niké?	lah kalo orang sini mah nikêh ya tujuh belas ya jadi, sebenérnyé sih yang seharusnya mah umur dua puluh lima. Biar maténg biar bisa mikirnya bisa panjang. Lah kalo orang sini mah tujuh belas juga udah nikêh, tapi ngga papa sih. Gimana sikapnya, yé bagi dia umurnya tua tapi kayak anak kecil? Nah bagi dia umurnya muda tapi dia dewasa? Pokoknya dah paling bagus nikêh umur dua puluh lima udah paling maténg pemikiran panjang. Jadi nanti kalo punya anak ngga kagét lagi.	1			Betawi	train	10.218631178707223		False	0.3075268817204301	False	5.696656490993219	0.7414030261348006	False
a68890e3cf92239d60ef959166a79dda	21316	spontaneous-speech-bew-21316.mp3	31644	2470	Usie berape nyang pas buat orang niké?	yah kalo buat nikah sih kebanyakan usia umur dua enam (26) ke atas lah.. tapi kalo orang kampung mah kebanyakan tuh baru umur tujuh belas delapan belas mah orang tuanya udah pada mau nikahin.. kebanyakan ya orang kampung pada gitu.. udah gêdé dikit juga orang tuanya pada mau ngawinin..	1			Betawi	train	7.521173050183289		False	0.2826855123674912	False	4.812310467604949	0.218707015130674	True
724d9ac0c1c5abaf145819862e87b6ba	21650	spontaneous-speech-bew-21650.mp3	33660	2470	Usie berape nyang pas buat orang niké?	kalo dikampung ayé sih ya, nyang ayé tau, kalo usia tuh yang buat menikah itu, kalo yang usia buat céwé itu, ya paling umur ya paling umur 19 tahunan lah, abis lulus SMA tuh. Kadang-kadang dia kerja, kadang-kadang dia menikah gitu kan, kalo yang buat pria ya di atas umur 20 an lah, kebanyakan bégitu.	2			Betawi	train	7.338086749851455		False	0.30201342281879195	False	4.8569116711760305	0.24621733149931224	True
5bff828e73452d736037e3d5c5c5f4e6	21531	spontaneous-speech-bew-21531.mp3	22392	2786	Menurut Ente, begimané sikap pemudé ari inih terhadap sejaré negaré Ente?	Menurut ayé mah kalo di kampung ayé nih anak mudanya ama soal sejare-sejare kurang tapires. Orang kebanyakan maen hapé, gadget, jadinya dah agak resep dia sama sejare-sejare. Beda ama jaman jaman ayé dulu. Jaman ayé dulu mah diceritain mulu ama nyak aye ama nenek aye tentang sejarah di dulu.	1			Betawi	train	10.896748838871025		False	0.2179930795847751	False	5.590072020789126	0.6850068775790922	False
a523a69994e1c3b9d453ffa3796ec254	20359	spontaneous-speech-bew-20359.mp3	37152	2491	Apé ajé alat kesenian nyang khas dari daerah Ente? Ente perne nyoba maininnya?	ada tanjidor kecapi.. kagak bisa cuman mainnya.. lagian juga udah kagak ada yang mainin.. palingan juga bocah-bocah yang pada apa tuh main ondél-ondél.. itu juga bênêr apa ngga nya ngga tau ya.. namanya dia bawa-bawaan itu apa tu salon.. laguan gasak-gesék juga au bênêr au kagaknya lah.. orang keliatannya mah kayak maèn tapi mah ada itunya ada suaranya rekaman gitu bènèr apa kagaknya ngga tau kita.. ya mudah-mudahan sih bènèr..	1			Betawi	train	9.743755383290267		False	0.25	False	6.011726044588205	0.8569463548830811	False
bc82a592c4e12646378f67f8abef870f	20521	spontaneous-speech-bew-20521.mp3	14436	2491	Apé ajé alat kesenian nyang khas dari daerah Ente? Ente perne nyoba maininnya?	ya paling kité pada éma-éma mengikuti kosidahan, kosidahan dari dulu ampé karang  paling khas bêt itu bapa-bapa gê pada maén kosidahan méh ya, ya itu doang yang paling khas mah kadang.	1			Betawi	train	10.59850374064838		False	0.2154696132596685	False	6.096870298624952	0.8844566712517193	False
66c99d65171c314ca6147556b80a9058	20914	spontaneous-speech-bew-20914.mp3	36864	2491	Apé ajé alat kesenian nyang khas dari daerah Ente? Ente perne nyoba maininnya?	ciri khas, kesenian yang adê dikampung ayê tuh, adê hadroh,robanê, tapi yang sering saya maeinin tuh ikut bersamê tuh robanê, robanê yang sering ayê maênin saya sebagai, yang suka naikin tuh ting-ting dan-dang terus seperti itu saya disitu juga barêng temen-temen, dipegajian main robanê untuk acara pengajian.	1			Betawi	train	7.161458333333332		False	0.21498371335504884	False	5.544108315231085	0.6547455295735901	False
88cf908ad8137aa6f5527b97584391dc	20982	spontaneous-speech-bew-20982.mp3	31068	2491	Apé ajé alat kesenian nyang khas dari daerah Ente? Ente perne nyoba maininnya?	robanêh rêsêpkan kalo mukul robanêh dêblak dêbluk dêblak dêbluk marawis barêng inian têblak kalo dramban plantang pltung plantang plung makanyê rêsêp tuh ayê mêh tuh kalo maên itu tuh maên robanêh maên marawis maên drambên rêsêp bat ayê mêh itutuh 	1			Betawi	train	6.694991631260461		False	0.35510204081632657	False	6.586681567595479	0.9683631361760661	False
5bff828e73452d736037e3d5c5c5f4e6	21534	spontaneous-speech-bew-21534.mp3	26136	2491	Apé ajé alat kesenian nyang khas dari daerah Ente? Ente perne nyoba maininnya?	Kalau dikampung ayê mê nêh, êhh kesenian yang sering ditampilin robanê, marawis, amê dêramben tuh. cuman ayê mêh sering nyobainnyê tu tuh robanê band téblak pétang tang pêtuntung, plantang plêntung. ayê mêh rêsêp banget abisnyê banyak jadi cêkak cêkikikan kan ajê kan kalau nabu robanê.	1			Betawi	train	9.25925925925926		False	0.1590106007067138	False	6.2472627940115455	0.9160935350756534	False
52fd19bf7e8202318b8ee5b4d2cd0925	20885	spontaneous-speech-bew-20885.mp3	39672	2768	Menurut Ente, apé ajé manfaat dari pengobatan tradisional?	 Ya kalo menurut ané pengobatan tradisional itu luar biasa manfaatnyé yé, kayak daun bekakan tu popol buat orang sakit bisul waduh dipopolin pagi besok pagi juga mecah itu bisul. Sembuh deh pokoknya ya, jadi pengobatan tradisional itu satu murah meriah, yang kedua juga ngga ada efek samping. Jadi kité juga masih pake begitu yé, jadi masih dilestariin léh pohon-pohonan yang buat obat gitu,  jadi itu kan buat bahan pengobatan tradisional gitu menurut ané sih.	1			Betawi	train	9.72978423069167		False	0.25109170305676853	False	4.973300561592647	0.328748280605227	True
88cf908ad8137aa6f5527b97584391dc	21215	spontaneous-speech-bew-21215.mp3	42876	2768	Menurut Ente, apé ajé manfaat dari pengobatan tradisional?	Manfaat pengobatan tradisional si kalo yang ayé rasain ya, satu ya dengan keadaan kita di kampung ini ya dengan kita menjalani pengobatan tradisional ya karena kenapa ya. Kebanyakan si ya di kampung kita meh pengobatan tradisional, contohnye kalau kite keseleo ni yaudeh obatnya tradisional diurut, dipopolin kalo mao pake kencur terus dilibet-libet deh tuh yang lebeh sakitnyé, yaudeh sehari dua hari, kita liat nah setelah itu baru kita urut lagi, kita burein lagi begitu doang udeh.	1			Betawi	train	9.562459184625432		False	0.2655601659751037	False	4.869129112374399	0.25997248968363135	True
a523a69994e1c3b9d453ffa3796ec254	20520	spontaneous-speech-bew-20520.mp3	35100	2797	Menurut Ente, begimané pendidikan di sekolé ngelestariin/ngejagé bahasé daerah Ente? 	Pendidikan belom tentu bisa ngelestariin ame menjaga bahasa daerah kita, tergantung begimana dia dirumah ngomongnya begimane ama orangtua. lah kalo yang pada sekolah-sekolah mah ngomongnya keren ama temen-temennya. kalau balik kerumah mah ya kaga tau. kalau saya mah balik kerumah ya emak saya ya emang begitu tukang gegoakan  yaudah deh begitu lagi.	1			Betawi	train	8.49002849002849		False	0.2334293948126801	False	4.782182078913737	0.20357634112792297	True
6f5d66a2f09f4f835c35e047386e542b	20675	spontaneous-speech-bew-20675.mp3	21708	2797	Menurut Ente, begimané pendidikan di sekolé ngelestariin/ngejagé bahasé daerah Ente? 	Pendidikan di sekolah tuh bagus banget yang ngelestariin, apalagi di daerah Bekasi. Biasanya di daerah Bekasi tuh ada banget bahasa Sunda, pelajaran bahasa Sunda. Karena kan Bekasi Jawa Barat kan masuknya. Jadi kayak itu ada yang masukin pelajaran bahasa Sunda, gitu. Itu menurut gue keren sih karena masih ngelestariin daerah-daerah Jawa Barat gitu kan dalam pelajaran tersebut.	1			Betawi	train	14.87930716786438		False	0.31117021276595747	False	4.566507620168131	0.11691884456671252	True
88cf908ad8137aa6f5527b97584391dc	21012	spontaneous-speech-bew-21012.mp3	35676	2797	Menurut Ente, begimané pendidikan di sekolé ngelestariin/ngejagé bahasé daerah Ente? 	Sehari-hari ya itu bahasenyé iyé aye emang biar kalo ciri khas bahase kite jangan ilang, jangan sampe terus ape, punah ya gitu sehari-hari kite pake logat kita ya [iyé] dari [mané] mao [kemané] [siapé] [ilok] [buru-buru begitu]. nah jangan mangkanye jangan sampe ilang, jadinye kita bahasa kita dilestariin setiap hari begitu, ayémeh emang dari dulu ampe sekarang bahase aye emang begini aye meh ga perneh ayé rubah-rubah karna aye itu kerje ke kote ge tetep aja kalo pulang ke kampung bahase aye pakenyé.	1			Betawi	train	11.856710393541876		False	0.2729083665338645	False	5.316318418792213	0.5364511691884457	True
66c99d65171c314ca6147556b80a9058	21066	spontaneous-speech-bew-21066.mp3	27396	2797	Menurut Ente, begimané pendidikan di sekolé ngelestariin/ngejagé bahasé daerah Ente? 	Dengan kita selalu mengajarkan kepada peserta didik agar kita dapat melestarikan atau ngejaga bahasa daerah kite, karena itu penting banget apalagi zaman sekarang jangan sampai tuh bahasa daerah kita tuh hilang kita harus bener-bener menjaganya itukan ciri khas kita	1			Betawi	train	8.322382829610161		False	0.16730038022813687	False	4.398729659298905	0.07427785419532325	True
a68890e3cf92239d60ef959166a79dda	21552	spontaneous-speech-bew-21552.mp3	21420	2797	Menurut Ente, begimané pendidikan di sekolé ngelestariin/ngejagé bahasé daerah Ente? 	ye kalo di sekolaan meh emang di kampung aye bahasanye bahasa betawi ye setiap hari memakainye bahasanye seperti itu disekolaan dirumeh dimanapun memang kita harus melestarikan bahasa kite 	1			Betawi	train	7.516339869281045		False	0.21505376344086025	False	4.18958632129609	0.030261348005502064	True
9191fa254a8ad3507fe679e6204d470f	20554	spontaneous-speech-bew-20554.mp3	14184	2515	Seperti apé sistem pendidikan di negara Ente?	Pendidikan di negara ana mah, dia masuk jam 7 pulang êntar ada yang jam 3 sore, jêm 4 sore abis asar padê pulang. êntar itu dia pada belajar tuh dari jam 7 sampé jam 4. 	1			Betawi	train	9.447264523406655		False	0.14457831325301207	False	5.380845951798635	0.5722145804676754	True
6f5d66a2f09f4f835c35e047386e542b	20661	spontaneous-speech-bew-20661.mp3	19836	2515	Seperti apé sistem pendidikan di negara Ente?	sebenernya sistem pendidikan tuh mas udah bagus ya dimasa sekarang gitu, cuman ada mungkin pelajaran-pelajaran yang dulu nya tuh ada sekarang udah gak ada gitu kayak ekstrakulikuler gitu kaya pelajaran-pelajaran yang ada di zaman sekarang tu kayak harus banget têtêp dilakuin gitu kan.	1			Betawi	train	12.250453720508164		False	0.2836879432624113	False	4.782418079206352	0.20495185694635487	True
52fd19bf7e8202318b8ee5b4d2cd0925	20883	spontaneous-speech-bew-20883.mp3	66564	2515	Seperti apé sistem pendidikan di negara Ente?	Ya kalo soal pendidikan di negara ané nih Indonesia, Indonesia bagian utara gitu yé hééé.... paling ujung Bekasi pesisir, pendidikan kité nih alhamdulillah si sudah membaik ya orang-orang juga sudah ngertilah betapa itu pentingnya pendidikan buat anak kité, akan tetapi biayé pendidikan itu masih mahal yè bahkan adé tetanggé ané itu sampé putus sekolah garé-garé engga kuat bayaran. harusnya... nêgêri maupun swasta jangan dibedain, swastapun harusnya dikasi hak yang sama dong yééé, buat apé namanyééé.. pendidikan jadi  suatu ketika sekolah diswasta engga lagi kita beban buat bayaran ini bayaran itu, begitu menurut ané si.   	1			Betawi	train	8.007331290186887		True	0.2296650717703349	False			False
88cf908ad8137aa6f5527b97584391dc	21122	spontaneous-speech-bew-21122.mp3	28908	2515	Seperti apé sistem pendidikan di negara Ente?	sistem pendidikan di tempat ayê sih biasa-biasa ajê sih.. yaa kayak anak sekolah kan ya kegiatannya membaca, menulis, olahraga.. terus kegiatan-kegiatan di luar sekolah lah seperti pramuka kémping gitu.. ya namanya di kampung ya kita ikutin apa yang peraturan yang ada di sekolahan.. ya adanya gitu-gitu ajê..	1			Betawi	train	9.097827590978277		False	0.18300653594771243	False	4.755092106772462	0.1815680880330124	True
66c99d65171c314ca6147556b80a9058	21256	spontaneous-speech-bew-21256.mp3	22140	2515	Seperti apé sistem pendidikan di negara Ente?	kalo sistem pendidikan negara indonesia itu di atur dengan undang-undang nomêr 20 tahun 2023, tentang sistem pendidikan nasional yang memiliki beberapa karakteristik.	1			Betawi	train	6.549232158988256		False	0.13496932515337423	False	5.918006121087009	0.8349381017881705	False
a523a69994e1c3b9d453ffa3796ec254	20416	spontaneous-speech-bew-20416.mp3	32940	2511	Elmu apé nyang bakalan penting buat dipelajarin di masé depan? Ngapa dah?	yang penting buat pelajaran masa depan mah ilmu kudu, kudu ngaji, kudu ibadah, kudu berahlak dah gitu doang percuma pintèr kalo kaga nanêmin ilmu kudu mah ngaji kaga sembayang kaga jakat kaga pintèr doang mah kaga kepakê yang penting mah berakhlak baik ibadah rajin.	1			Betawi	train	6.769884638737098		False	0.2927756653992395	False	5.536520118001555	0.6492434662998624	False
bc82a592c4e12646378f67f8abef870f	20446	spontaneous-speech-bew-20446.mp3	15696	2511	Elmu apé nyang bakalan penting buat dipelajarin di masé depan? Ngapa dah?	panén ilmu mah kita semua penting ya, ya apa gé yang di pelajaran mah penting semua pelajaran, ya buat masa depan kita di pegangan gé apé ya yang penting kité punya ilmu buat bêkêl, kita buat nanti di akhèrat gitu.	1			Betawi	train	11.1493374108053		False	0.2654028436018957	False	4.859286047125856	0.24896836313617607	True
6f5d66a2f09f4f835c35e047386e542b	20714	spontaneous-speech-bew-20714.mp3	24048	2511	Elmu apé nyang bakalan penting buat dipelajarin di masé depan? Ngapa dah?	ilmu yang paling penting tuh ilmu agama, karna agama tuh adalah tiang dari kehidupan, jadi lo harus banget mendalami ilmu agama. sebenernyê semua ilmu harus di dalamin kaya ilmu agama tuh paling penting buat lo dimasa depan gitukan, kaya lu udah ada, udah ada tiang nya tuh udh ada pondasinya lu tinggal [ya] nyambung-nyambungin ketika lo kalo mau ngelakuin sesuatu kaya gitu.	1			Betawi	train	13.09880239520958		False	0.2627345844504021	False	5.7371334305159385	0.7565337001375516	False
bc82a592c4e12646378f67f8abef870f	20568	spontaneous-speech-bew-20568.mp3	20052	2546	Begimané peran lingkungan di sekitar Ente buat ngejagé kesehatan mental bersamé?	ya kebaikannyè kawanan kitè ngalah baè, biar, kaga terlalu inih ya mental biar kuat-kuat bèt mah kitè di kampung gè, orang padè ngalah-ngalah baè tètèp baè congor mèh ngomong-ngomong mulu, kalo kagak begitu ya mau ngalah apè kaga mukanya tètèp aja orang kampung mah.	1			Betawi	train	11.121085178535807		False	0.2053231939163498	False	5.824029568715118	0.797799174690509	False
9191fa254a8ad3507fe679e6204d470f	20571	spontaneous-speech-bew-20571.mp3	21240	2546	Begimané peran lingkungan di sekitar Ente buat ngejagé kesehatan mental bersamé?	lingkungan kita mah insya allah sehat mental bersama-sama, anak kagak ada tuh yang julid-julid yang pada anu tuh yang pada julid, ngèjulidin orang, kagak ada insya Allah mah, biar sehat mentalnya semua. ya kalo lagi satu susah ya susah semua, satu seneng ya seneng semua.kagak ada yang julid insya Allah mah	1			Betawi	train	12.099811676082862		False	0.3486842105263158	False	5.332732814968926	0.5502063273727648	True
88cf908ad8137aa6f5527b97584391dc	20922	spontaneous-speech-bew-20922.mp3	23472	2546	Begimané peran lingkungan di sekitar Ente buat ngejagé kesehatan mental bersamé?	Kita hindarin itu yang kalo bikin kita nggak sehat, sakit mah.  Nih kalo ada sampèh terus asap-asep tuh, kita buru-buru dah masuk ke dalam tuh. Kita hindari tuh. Itu dampaknya ntar kita jadi ampèg, penyakit tuh. Makanya lingkungan kita tuh sekitar tuh. Jangan kita hindarin yang bikin kita sakit bèngèk, batuk tuh.	1			Betawi	train	11.162235855487388		False	0.247588424437299	False	5.676714750503424	0.734525447042641	False
66c99d65171c314ca6147556b80a9058	21027	spontaneous-speech-bew-21027.mp3	34020	2546	Begimané peran lingkungan di sekitar Ente buat ngejagé kesehatan mental bersamé?	dengan kitè berbicarènyè, ayal-ayal ga keras-keras gitu kadang kan kalo orang kampung kalo bicarè kadangkala, kalo yang gatau tau-taunyè ngomong keras banget, ampè ngotot-ngotot, jadi kalo kite bisa, kitè harus menjaga lingkungan dengan itu, bicaranya, apèlagi sama anak kecil, kitè harus ayal-ayal jangan keras-keras jangan kencèng-kencèng karna kan diè bisa nyontohin sama anak kecil,biar ga kenal mentalnyè.	1			Betawi	train	10.405643738977073		False	0.2899262899262899	False	5.0376121928471305	0.36451169188445665	True
66c99d65171c314ca6147556b80a9058	21027	spontaneous-speech-bew-21027.mp3	34020	2546	Begimané peran lingkungan di sekitar Ente buat ngejagé kesehatan mental bersamé?	dengan kitè berbicaranyè ayal-ayal èngga keras-keras gitu karna kan kalo orang kampung kalo bicarèh kadangkala kalo yang gatau mèh tau tau ngomongnyè keras banget  ampè ngotot-ngotot jadi kalo kita bisa kita harus menjaga lingkungan kitè dengan itu bicaranya apalagi amè anak kecil kita harus ayal-ayal jangan keras-keras jangan kencèng-kencèng karnakan kita bisa nyontohin amè anak kecil biar èngga kèna mentalnyè	1			Betawi	train	10.405643738977073		False	0.3138686131386861	False	4.8262018770552375	0.22558459422283356	True
bc82a592c4e12646378f67f8abef870f	20492	spontaneous-speech-bew-20492.mp3	18360	2763	Seberapé besar peran dokter buat nyembuhin penyakit?	Emang kadang kita penting ya periksa ke dokter mah kalo udah parah-parah bét mah. Man kalo belum parah-parah bet mah kita mah kadang masih minum obat warung obat baé dah. Kecuali kalo emang udah panas, menggigil baru dah kita dibawa ke dokter dah biar ngerasain obat dokter, daripada paké obat warung kagak waras-waras.	1			Betawi	train	14.54248366013072		False	0.2879746835443038	False	5.984207350376208	0.8486932599724897	False
88cf908ad8137aa6f5527b97584391dc	21131	spontaneous-speech-bew-21131.mp3	32220	2763	Seberapé besar peran dokter buat nyembuhin penyakit?	Peran dokter itu ya sangat penting sih karena dengan adanya dokter itu sangat membantu buat pasien-pasien yang terkena penyakit contohnya penyakit ya luka. Kan bisa diobatin tuh ama dokter dengan cara minum obat, ya kan tau kan cara minum obat, ya seperti yang gimana-gimana di pasien dengan resepnya. Jadi kan ya membantu untuk menyembuhkan atau meringankan rasa sakit yang kita alami.	1			Betawi	train	10.117939168218498		False	0.2845953002610966	False	5.951418620557881	0.8431911966987621	False
a68890e3cf92239d60ef959166a79dda	21584	spontaneous-speech-bew-21584.mp3	23688	2763	Seberapé besar peran dokter buat nyembuhin penyakit?	Jadi kalo di kampung ayé tuh sekarang ini ya sangat besar sih perannya. Kalo di sini adanya mantri, jarang sih dokter. Paling di daerah yang ada di kotanyé gitu. Kalo di kampung ayé mah ada paling ya bidan, bagus sih sangat berperan banget kalo menurut ayé.  	1			Betawi	train	8.94967916244512		False	0.2265625	False	4.462322877182977	0.08665749656121045	True
bc82a592c4e12646378f67f8abef870f	20406	spontaneous-speech-bew-20406.mp3	23184	2525	Mané nyang lebih epektip buat belajar : belajar dewek atow bareng-bareng?	Kalo belajar mah emang lebih pokus déwék-déwék kali ya. Man kalo barèng mah kerja kelompok kali tu buat bareng-bareng. Man kalo barèng-barèng résépnya kita kadang buat sendiri bisa nanya ama temén-temén ini pegimana. Man kalo belajar sendiri mah lebih pokus. Man lebih senéng mah belajar bareng-bareng, gampang nanyanya ama temén, begitu.	1			Betawi	train	12.422360248447204		False	0.3611940298507462	False	4.767329151589907	0.19257221458046767	True
a523a69994e1c3b9d453ffa3796ec254	20414	spontaneous-speech-bew-20414.mp3	17388	2525	Mané nyang lebih epektip buat belajar : belajar dewek atow bareng-bareng?	belajar mah barèng-barèng ènaknya, biar bisa bagi bagi kalo, kalo belajar sendirian mah gêlagêpan, belajar sendirian kaga adê yang bisa di tanya kalo belajar barèng-barèng kan ènak ada yang di tanya .	1			Betawi	train	9.719346675868412		False	0.35532994923857864	False	4.426966405520195	0.07702888583218707	True
9191fa254a8ad3507fe679e6204d470f	20552	spontaneous-speech-bew-20552.mp3	20880	2525	Mané nyang lebih epektip buat belajar : belajar dewek atow bareng-bareng?	Lah ènakan gè belajar barèng-barèng, belajar déwék-déwék mah ntar kalo kita kaga ngarti  udah kaga ngerjain lah kalau barèng-barèng mah kita bisa nyari solusinya barèng-barèng. Lah ntar itu Pé'ér kejawab semua kalau barèng-barèng kalau ngerjain déwék-déwékan mah ntar kita pusing lah ora kejawab-jawab itu soal.	1			Betawi	train	12.739463601532568		False	0.3798701298701299	False	5.082234353590866	0.39339752407152684	True
6f5d66a2f09f4f835c35e047386e542b	20602	spontaneous-speech-bew-20602.mp3	22464	2525	Mané nyang lebih epektip buat belajar : belajar dewek atow bareng-bareng?	Belajar sendiri tuh lebih efektif karna êêê lebih masuk ke otak apalagi belajarnya pas jam malêm. Karna itu a sepi dan lebih fokus buat ke pembelajaran tersebut. Kalo belajarnya ramé-ramé, barèng-barèng, itu biasanya gak jadi belajar. Jatohnya malah jadi ngobrol gitu. Jadi lebih efektif belajarnya sendiri.	1			Betawi	train	11.663105413105413		False	0.2467105263157895	False	4.3952661740493095	0.07015130674002751	True
66c99d65171c314ca6147556b80a9058	21183	spontaneous-speech-bew-21183.mp3	17820	2525	Mané nyang lebih epektip buat belajar : belajar dewek atow bareng-bareng?	Kalo menurut ayé belajar itu lebih baik mendingan dewékan, lebih efektip. Jadi kite lebih fokus, lebih nyaman gitu dibanding ama bareng-bareng. Kalo bareng-bareng nggak fokus, kebanyakan pada becandè.	1			Betawi	train	9.708193041526377		False	0.19289340101522845	False	3.9616607543023625	0.009628610729023384	True
88cf908ad8137aa6f5527b97584391dc	21265	spontaneous-speech-bew-21265.mp3	26316	2525	Mané nyang lebih epektip buat belajar : belajar dewek atow bareng-bareng?	Belajar yang lebih efektip itu ya belajar sendiri sih. Soalnya kenapa kalo sendiri itu kan lebih serius kitanya. Kalo dibanding kita belajar bareng-bareng. Kalo kita belajar bareng-bareng kebanyakan sih, kebanyakan kongkonya, ngomongnya. Jadinya pelajaran yang adê buat kita bahan, bahas jadi lupa tuh karna kita bareng-bareng.	1			Betawi	train	10.71591427268582		False	0.31481481481481477	False	3.868326954708356	0.0068775790921595595	True
fc2417aed3f3e13504285a1cbcb6d7ef	21632	spontaneous-speech-bew-21632.mp3	37044	2525	Mané nyang lebih epektip buat belajar : belajar dewek atow bareng-bareng?	kalo untuk belajar itu sebenernya [êêê] lebih fokus itu sendiri.. kalo dewékan itu jadi kitè lebih fokus.. lebih [umm] apa namanya.. lebih nyaman déh.. karena kita kan ngga becandé.. kalo ama temen-temen kan beda.. suka ngobrol, ngomong-ngomong yang ngga-ngga.. jadi kan yaa kurang konsén gitu..	1			Betawi	train	6.775726163481265		False	0.1986301369863014	False	4.327811264547206	0.05639614855570839	True
9191fa254a8ad3507fe679e6204d470f	20491	spontaneous-speech-bew-20491.mp3	19224	2528	Adé berapé musim di tempat tinggal Ente? Dan, kapan musim itu mulai?	ditempat ané mah musim 2 doang musim ujan amê musim kemarau biasanyê kalo musim panas musim kemarau mah diê biasa bulan januari sampé bulan agustus kalo musim ujan mah wayahnya di bulaa séptember itu sampé désember udah wayahnya musim hujan. 	1			Betawi	train	10.5076987099459		False	0.305439330543933	False	5.4287663108582365	0.5873452544704264	True
bc82a592c4e12646378f67f8abef870f	20529	spontaneous-speech-bew-20529.mp3	22644	2528	Adé berapé musim di tempat tinggal Ente? Dan, kapan musim itu mulai?	Ya kadang musim kalau lagi panas-panas bêt ampé cera banget langit. cuman kalau musim ujan pan kita uda tau kalau mau mulai mualid mau musim ujan, musim ujan baé kaga sudah-sudah ampé taon baru. ujan glêgêr baé tuh ya. èntar panas tau-tau èntar ujan lagi kan musim kita ga ada yang tau apanan.    	1			Betawi	train	10.642995937113584		False	0.26870748299319724	False	6.265584213513991	0.9202200825309491	False
88cf908ad8137aa6f5527b97584391dc	21087	spontaneous-speech-bew-21087.mp3	47952	2528	Adé berapé musim di tempat tinggal Ente? Dan, kapan musim itu mulai?	Ada dua musim. Musim hujan ama musim kemarau. Kalo musim hujan ya itu biasanya kalo ujan mulu terjadi banjir. Ya jadinya ya apa-apa susah kalo terjadi banjir. Mau beraktipitas juga susah. Contohnya kalo kita bertani kan ke sawah tu ya kalo sawahnya banjir kan gak bisa ditanèmin padi. Terus kalo kita di ladang, ladangnya banjir kan gak bisa ditanamin apa-apa. Nah kalo contohnya musim panas itu, ya itu ya terlalu panas kita kan beraktipitas susah juga. Kalo, tapi ènakan panas sih musim panas kita beraktipitas misalkan kalo kita ada yang dijemur kan lebih cepêt keringnya, lebih cepêt dimanfaatinnya. Ya begitu aja sih.  	1			Betawi	train	10.865031698365032		False	0.37681159420289856	False	4.859037082472754	0.24759284731774414	True
66c99d65171c314ca6147556b80a9058	21164	spontaneous-speech-bew-21164.mp3	15192	2528	Adé berapé musim di tempat tinggal Ente? Dan, kapan musim itu mulai?	ditempat ayé tinggal itu adê dua musim, adê musim panas, adê musim ujan, nah jadi kalo musim panas itu musim timur kalo musim ujan musim barat.	1			Betawi	train	7.7672459189046865		False	0.3285714285714286	False	4.653416489504452	0.14718019257221457	True
a68890e3cf92239d60ef959166a79dda	21346	spontaneous-speech-bew-21346.mp3	23436	2528	Adé berapé musim di tempat tinggal Ente? Dan, kapan musim itu mulai?	Biasanya musim di tèmpat kitê tu ada dua musim. Pertama musim hujan dari Nopember ke Maret sampai April. Dari April sampai Oktober yê biasanya itu musim kemarau atau disebut musim panas.	1			Betawi	train	6.656426011264721		False	0.180327868852459	False	5.8459458785548275	0.8088033012379643	False
a523a69994e1c3b9d453ffa3796ec254	20441	spontaneous-speech-bew-20441.mp3	31536	2508	Di mané Ente tinggal buat masé tué atau pensiun? Kenapé?	Kalo udah tuê ya pengennya dirumah sendiri ya, sêènak-ènaknya dirumah warisan si ènakan dirumah sendiri rumah yang beli sendiri tapi jarang orang bêtawi punya rumah boleh beli sendiri gitupaling kaga boleh pengasihan dari orang tuanya tapi alhamdulillah kita mah yang masih bisa kèbeli sendiri  mah insha allah lebih dêmên tinggal dirumah sendiri.  	1			Betawi	train	9.354388635210553		False	0.29768786127167635	False	4.613113002633804	0.13067400275103164	True
9191fa254a8ad3507fe679e6204d470f	20515	spontaneous-speech-bew-20515.mp3	10224	2508	Di mané Ente tinggal buat masé tué atau pensiun? Kenapé?	lah ènakkan mah êntar tua kita mah tinggal barèng anak cucu ya karna emang paling ènak mah tinggal barèng anak ama cucu. 	1			Betawi	train	9.683098591549296		True	0.2457627118644068	False			False
88cf908ad8137aa6f5527b97584391dc	21023	spontaneous-speech-bew-21023.mp3	23580	2508	Di mané Ente tinggal buat masé tué atau pensiun? Kenapé?	ayé mah hari tua ayé, ayè hidupnya  dikampung ajê, gampang dikampung mah kaga susêh, bagén katé jauh dari manê-manê dari tempat keramaian, ayê mah tar gè kalo hari tuê, ayê mah pengennya tinggal dikampung ajê udêh ênak, alami, adèm, kaga berisik, banyak pepohonan.	1			Betawi	train	9.372349448685323		False	0.1800766283524904	False	5.811939179528376	0.7895460797799174	False
66c99d65171c314ca6147556b80a9058	21156	spontaneous-speech-bew-21156.mp3	17856	2508	Di mané Ente tinggal buat masé tué atau pensiun? Kenapé?	kalo ayê tuh tinggalnya pengènnya di kampung ayê sendiri.. karena kan ayê lahir emang di kampung.. ama ayê juga idup di kampung.. yaudah ayê nikmatin aja masa idup ayê di kampung..	1			Betawi	train	8.400537634408602		False	0.24858757062146897	False	4.48599936382933	0.0907840440165062	True
a68890e3cf92239d60ef959166a79dda	21301	spontaneous-speech-bew-21301.mp3	25056	2508	Di mané Ente tinggal buat masé tué atau pensiun? Kenapé?	Kalo dibilang sih pengèn tinggalnya itu ya di kampung gitu. Barang kumpul sama keluarga besar gitu ya. Apa-apa tu bareng kumpul ya kebersamaan. Terus sama saudara tuh biar pada dêkêt, biarnya ya  biar ènak ajalah kumpul-kumpul aja.	1			Betawi	train	7.742656449553001		False	0.1578947368421053	False	4.838699064376282	0.2324621733149931	True
5bff828e73452d736037e3d5c5c5f4e6	21564	spontaneous-speech-bew-21564.mp3	30924	2486	Apé adé kesenian nyang khusus buat lelaki sendiri dan empuan sendiri?	Kalo di kampung ayê mêh ni yah, kalo yang buat yang lelaki itu pake marawis tuh pêtêpak pêtêpuk, nah kalau perempuan dikampung ayê robanê udêh tuh keseniannyê ruamee bénér. udêh dêh padê cétom bênêr padé,  ayo ayo kita nabu robanê yang lelaki juga samê nabu robanê terus nabu marawis. terus adê lagi tuh yang pantaran anak-anak remajê padê nabunyê dêramben udêh ruamé bênêr kampung ayê nih. 	1			Betawi	train	10.477299185098952		False	0.25	False	5.550679768762399	0.656121045392022	False
9191fa254a8ad3507fe679e6204d470f	20466	spontaneous-speech-bew-20466.mp3	17352	2483	Apé adé kegiatan atow acaré di lingkungan Ente buat ngerayain hasil alam?	kalo di lingkungan kita mah ya kaga ada ngêrayain, hasil alam gitu, paling ya sédekah aja, sédekah karna dia abis gusuran apa abis panen besar ya sédekah aja paling.	1			Betawi	train	7.895343476256339		False	0.1728395061728395	False	6.558918349902906	0.9656121045392022	False
88cf908ad8137aa6f5527b97584391dc	20973	spontaneous-speech-bew-20973.mp3	34236	2483	Apé adé kegiatan atow acaré di lingkungan Ente buat ngerayain hasil alam?	Adê kemaren tuh, di sini mêh asal itu ngerayain barétan nanggapnyê apêê wayang, jadinyé kalau di sini méh néh kalau ada kegiatan tuh adé ngérayain hasil alam tuh kaya abis sépanen, biar panen kita cakêp itu barétan nanggép wayang semuê warga sini masyarakat keluar kita tonton tuh wayang, yang paké ituan tuh yang kaya cépot, dalang entar di situ tuh ramé apê ajê tuh orang adé, ramé.	1			Betawi	train	9.288468279004556		False	0.22047244094488194	False	6.110038382353133	0.8885832187070152	False
a68890e3cf92239d60ef959166a79dda	21404	spontaneous-speech-bew-21404.mp3	23004	2483	Apé adé kegiatan atow acaré di lingkungan Ente buat ngerayain hasil alam?	biasênyê kegiatan kitê tuh atau acara lingkungan kitê ngerayain hasil alam itu kitê slamêtan biasênyê sedekah-sedekah itu kita harus slamêtan kepada yang maha kuasa  karna kitê dikasi kaya khusunyê kita emng pertanian ya kita dikasi panen bagus.	1			Betawi	train	9.041905755520778		False	0.20661157024793386	False	5.780148774660847	0.7757909215955984	False
9191fa254a8ad3507fe679e6204d470f	20555	spontaneous-speech-bew-20555.mp3	9792	2529	Apé musim paporit Ente dan kenapé? Ada kegiatan sepesial?	musim paporit anê mah musim ujan karena kalo musim ujan tu bahasanya banyak  êêêh kegiatan-kegiatan di kampung.	1			Betawi	train	9.59967320261438		True	0.16666666666666663	False			False
88cf908ad8137aa6f5527b97584391dc	20939	spontaneous-speech-bew-20939.mp3	23184	2529	Apé musim paporit Ente dan kenapé? Ada kegiatan sepesial?	musim panén disini mêh ayé rêsêp kalo musim panén banyak orang hajatan banyak hiburan nah kalo musim panén itu wêh orang udêh ga ngasoh-ngasoh tuh hajatan banyak bat hiburan makanyé ayé mêh rêsêp benêr kalo musim panén ramé banget kampung ayé jadinya kalo musim panén banyak yang hajatan.	1			Betawi	train	10.395100069013113		False	0.3929824561403509	False	4.533518323264544	0.1031636863823934	True
88cf908ad8137aa6f5527b97584391dc	21128	spontaneous-speech-bew-21128.mp3	26712	2509	Menurut pendapat Ente, seperti apé kehidupan di masé depan di tempat tinggal Ente?	kehidupan yang akan datang di masa depan ayè sih ya kayak nya sih ya mungkin ada perubahan kali atau kemajuan.. ya pengènnya sih kehidupan di kampung mah ya ada perubahan.. misalkan contohnya ya kan kayak orang nih bêlom punya sepeda motor brarti dia bisa punya sepeda (motor) kan brarti hidupnya berubah tuh.. seperti itu..	1			Betawi	train	10.145253069781372		False	0.25545171339563866	False	4.893692530492974	0.2764786795048143	True
66c99d65171c314ca6147556b80a9058	21269	spontaneous-speech-bew-21269.mp3	11988	2509	Menurut pendapat Ente, seperti apé kehidupan di masé depan di tempat tinggal Ente?	Untuk ke depannya di masa depan yang sangat indah, nyaman, tentram, damai pokoknya indah dêh.	1			Betawi	train	6.589923256589923		False	0.07777777777777772	False	5.7323346625329945	0.7551581843191196	False
5bff828e73452d736037e3d5c5c5f4e6	21630	spontaneous-speech-bew-21630.mp3	23580	2509	Menurut pendapat Ente, seperti apé kehidupan di masé depan di tempat tinggal Ente?	Menurut ayé nih besok masa depan udéh adê kayanyé mêh radê canggian kampung ayé radê bagusan kali biar orang-orang gê tau kampung ayê jangan nora ajê. Kali ajê èntar apa taon depan kali mêh cakêpan kampung ayê tapi tètèp bahasê mêh kaga bakalan berubêh. 	1			Betawi	train	8.905852417302798		False	0.1872509960159362	False	6.419995839887352	0.9449793672627235	False
6f5d66a2f09f4f835c35e047386e542b	20625	spontaneous-speech-bew-20625.mp3	20700	2539	Olahragé apé nyang paling terkenal di tempat tinggal Ente?	olahraga yang paling terkenal di daerah, sini tuh daerah bekasi tuh biasanya lari orang-orang tuh banyak banget yang lari, terus main badminton, atau main futsal, futsal lebih yang sering [èèè] pada main, pada melakukan.	1			Betawi	train	9.033816425120774		False	0.17972350230414746	False	4.831890613807337	0.2297111416781293	True
88cf908ad8137aa6f5527b97584391dc	20911	spontaneous-speech-bew-20911.mp3	21996	2539	Olahragé apé nyang paling terkenal di tempat tinggal Ente?	olahraga yè ayè mèh maèn karek lompaat lompat itu maèn karet rèsèp bènèr itu kalo lompat maèn karet tuh udèh dèh loncat paling tinggi lari dèh loncat itu olahraga itu amè lari dèh tuh resep bènèr ayè kalo lari amè maèn bola dèh tuh anak-anak dikampung ini sukanyè itu tuh olhragnyè 	1			Betawi	train	10.50190943807965		False	0.31899641577060933	False	6.152499429062633	0.8954607977991746	False
5bff828e73452d736037e3d5c5c5f4e6	21530	spontaneous-speech-bew-21530.mp3	14256	2539	Olahragé apé nyang paling terkenal di tempat tinggal Ente?	lah dikampung ayè mèh olahraga yang terkenal itu, lari, main bola, amè maèn bola voli dah tuh setiap sorè dikampung ayè mèh itu tuh yang terkenal banget tiga doang.	1			Betawi	train	9.539842873176209		False	0.21118012422360244	False	4.587734337947645	0.12242090784044017	True
a68890e3cf92239d60ef959166a79dda	21574	spontaneous-speech-bew-21574.mp3	34848	2522	Begimané pendapat Ente tentang sekolé daring (onlen)?	kalau sekolah daring itu, dia itu kan bertatap muka.. jadi lebih fokus.. anaknya berhadapan dengan gurunya langsung.. jadi ilmunya juga langsung dapèt.. interaksinya juga ada.. pokoknya lebih bagus itu daring dibanding dengan onlén.. kalo onlén itu kan cuman hanya adanya di hapé.. ngga langsung bertatap muka dengan guru ama temên-temên.. jadi kurang efektif lah seperti itu..	1			Betawi	train	9.240128558310376		False	0.2647058823529411	False	4.900929662202576	0.28198074277854196	True
5bff828e73452d736037e3d5c5c5f4e6	21615	spontaneous-speech-bew-21615.mp3	15696	2522	Begimané pendapat Ente tentang sekolé daring (onlen)?	ayè mah kaga rêsêp masaan masa sekolah jaman sekarang pada onlén-onlén beda banget ama jaman dulu.tapi cuman saking karena jaman korona-korona  jadinya mau gak mau dah tuh onlén ajadah daripada anak-anak tu pada maén.	1			Betawi	train	11.65902140672783		False	0.15420560747663548	False	5.814393112954323	0.7922971114167813	False
a523a69994e1c3b9d453ffa3796ec254	20377	spontaneous-speech-bew-20377.mp3	38700	2510	Pekerjaan apé nyang bakal sangat terkenal di masé depan? Mengape?	Kalo pesén orang tua mah, bukan terkenal sih yak, kepaké. Ya jadi guru. Soalnya kalo jadi guru, kalo kata orang tua mah nyampé ke akhèrat, amalnya banyak,  berkahnya banyak. Bukan apa yak, kalo kerja pabrik apa kerja apa mah ya bukan kagak berkah juga sih cuman kalo kita jadi guru nggak cuman buat dunia kita doang, buat akhèratnya juga. Itu mah pesén orang tua, gitu. 	1			Betawi	train	7.855297157622738		False	0.3188010899182562	False	5.260485294294013	0.49931224209078406	True
52fd19bf7e8202318b8ee5b4d2cd0925	20884	spontaneous-speech-bew-20884.mp3	58716	2510	Pekerjaan apé nyang bakal sangat terkenal di masé depan? Mengape?	"kalo soal kerjaan yé.. kalo menurut ané nihh.. yang supaya maju, kalo maju kan pasti terkenal yéé.. itu ngga laén wiraswasta lha ya.. contoh kaya dagang yé.. ""kita dagang apa nihh?"" yang penting yang berkualitas yang ènak gitu.. terus terjangkau déh sama masyarakat harganyé.. nanti juga bakal terkenal pasti contoh 'nasi uduk bang bontot' contoh gitu yé.. kalo nasinya ènak, semur jengkolnya mèdok, sambelnya mêdok sambêl kacangnyé, bala-balanya garing.. dahh kemana juga orang cari.. jadi terkenal yéé.. itu wiraswasta yé wirausaha nomor satu yang paling mantep.."	1			Betawi	train	8.174943797261394		True	0.2241992882562278	False			False
88cf908ad8137aa6f5527b97584391dc	20944	spontaneous-speech-bew-20944.mp3	18972	2510	Pekerjaan apé nyang bakal sangat terkenal di masé depan? Mengape?	"Pedagang onlén kayaknya masa depan udah. Soalnya masa depan besok lebih canggih lagi. Udah pada kagak ada déh yang pada pègi-pègian ke èmol apa ke pasar, ènakan onlén. Jadinya gampang. Di dalèm rumah aja ""tok-tok-tok"" paket nyampé langsung. Jadi gak ribet."	1			Betawi	train	11.385199240986717		False	0.12648221343873522	False	5.582273671936285	0.6781292984869326	False
5bff828e73452d736037e3d5c5c5f4e6	21612	spontaneous-speech-bew-21612.mp3	15876	2510	Pekerjaan apé nyang bakal sangat terkenal di masé depan? Mengape?	masa depan mah paling harapan ayê kalo emang diê sekolahnya tinggi ya jadi guru.. kalo kata diê sekolahnya cumê sma ya jadi pèdagang kalo buat masa depannya.. cuman kan ènak udah masing-masing pada punya pekerjaan..	1			Betawi	train	11.400856638951876		False	0.19339622641509435	False	5.154414388619669	0.4360385144429161	True
6f5d66a2f09f4f835c35e047386e542b	20594	spontaneous-speech-bew-20594.mp3	24804	2793	Menurut Ente, seberapé penting kité perlu ngelestariin bahasé daerah?	Sangat penting. Apalagi bahasa Bétawi yang udah asli daerah Jakarta itu, karna kalo misalkan bahasanya itu, sampe udah gada yang dipake lagi, itu berarti udah bener-bener punah. Jadi harus bener-bener pake terus menerus dalam kegiatan sehari hari supaya bahasanya biar berjalan terus menerus.	1			Betawi	train	10.079019512981777		False	0.2179930795847751	False	4.396212595690787	0.07152682255845942	True
66c99d65171c314ca6147556b80a9058	20940	spontaneous-speech-bew-20940.mp3	23544	2793	Menurut Ente, seberapé penting kité perlu ngelestariin bahasé daerah?	Kalo kita ya sangat penting dalam menjaga bahasa daerah kite, karna penting banget kite dalam melestarian bahasa kite jangan sampai ilang begitu aja. Kita harus bener-bener untuk menjaga bahasa daerah kita ini, jangan sampe terlupakan, begitu aje.	1			Betawi	train	8.961943594971117		False	0.2827868852459017	False	3.971244406804159	0.011004126547455296	True
88cf908ad8137aa6f5527b97584391dc	21175	spontaneous-speech-bew-21175.mp3	27828	2793	Menurut Ente, seberapé penting kité perlu ngelestariin bahasé daerah?	Kite dengan bahasa daerah tu penting ya karena bahasa daerah itu kan lebih penting, karena kenapa bahasa daerah itu kan yang setiap hari kita gunakan yang setiap hari kita paké. Itu buat bicare kesono kemari bareng-bareng ngobrol tu mangkanya bahasa daerah entu jangan ampe kita ilangin. Walaupun kita udah merantau kemana juga tetep kita pake bahasa daerah kite.	1			Betawi	train	10.996119016817596		False	0.31666666666666665	False	4.32437803522329	0.055020632737276476	True
a68890e3cf92239d60ef959166a79dda	21479	spontaneous-speech-bew-21479.mp3	12132	2793	Menurut Ente, seberapé penting kité perlu ngelestariin bahasé daerah?	Sangat penting kalo misal itu yang namenye bahasa daerah gitu tuh, ya harus kita jaga kita lestarikan kepada anak cucu kita nanti, iye harus penting itu. 	1			Betawi	train	10.550609957138148		False	0.11920529801324509	False	4.101638539721157	0.02200825309491059	True
5bff828e73452d736037e3d5c5c5f4e6	21550	spontaneous-speech-bew-21550.mp3	22032	2793	Menurut Ente, seberapé penting kité perlu ngelestariin bahasé daerah?	Lah penting banget bahasa daerah meh, lah aye kemane aje tuh aye meh pake logat aye deh. mao aye maen kekota kek, mao aye maen ke tetangge kek, mao aye maen kekampung orang kek, mao kemane kek aye pake bahase aye. aye meh ga rubah-rubah lah emang aye dari sononye dari ceprot bahasa aye begini.      	1			Betawi	train	10.893246187363834		False	0.3232323232323232	False	6.0614805734678745	0.874828060522696	False
724d9ac0c1c5abaf145819862e87b6ba	21634	spontaneous-speech-bew-21634.mp3	25776	2793	Menurut Ente, seberapé penting kité perlu ngelestariin bahasé daerah?	Kalo bahasa daerah itu penting ya kita lestariin biar kita bahasa yang udah biasa kita paké itu biar gak ilang ato biar gak punah. Karna kenapé? Bahasa daerah itu kan emang udah bahasa yang udah biasa kita paké. Ibarat kayak udah dagingan. Jadi gak mungkin kita lupain tu bahasa.	1			Betawi	train	8.961824953445065		False	0.33333333333333337	False	4.557297587104834	0.11004126547455295	True
9191fa254a8ad3507fe679e6204d470f	20470	spontaneous-speech-bew-20470.mp3	22464	2462	Di tempat tinggal Ente, orang-orang biasenyé kerjé apé?	Di lingkungan ana mah orang kebanyakan kerjaannya yaitu pada, pada pétani pada, pada nyawahlah adê yang nyawah nanam padi, adê yang nyawah nanam singkong, macém-macém rata-rata itu, ya kalu duitnya rada banyak kan biasanya anaknya pada kuliah dikulahin, ada yang jadi guru paling, paling bantêr gé guru kagak adê yang lain.	1			Betawi	train	12.152777777777777		False	0.24687499999999996	False	5.239000219576221	0.4855570839064649	True
88cf908ad8137aa6f5527b97584391dc	21029	spontaneous-speech-bew-21029.mp3	32724	2462	Di tempat tinggal Ente, orang-orang biasenyé kerjé apé?	Di tempat ayê mêh biasényé orang kebanyakan padé kulih, kulih nandur, adé yang dagang gorengan trus tukang sayuran  udêh bégitu doang di kampung ayê mêh orang kampung ayé méh masi kampung jadi gaadé yang canggih-canggih. Cuman begitu tuh kuli nandur, trus kuli nguridin rumput. Kaga adêh yang kuli yang ènak-ènak di kampung ayê mêh.	1			Betawi	train	8.495293973841827		False	0.276595744680851	False	4.617142823823963	0.13342503438789546	True
66c99d65171c314ca6147556b80a9058	21153	spontaneous-speech-bew-21153.mp3	19116	2462	Di tempat tinggal Ente, orang-orang biasenyé kerjé apé?	Kalo di kampung ayé tuh kebanyakan orangnyé padê kulih. Kulih harian ada yang kuli nandur, ada yang kuli macul, ada yang kuli méléktor, ada yang kulih nampirin, pokoknya kebanyakan jadi tukang kulih.	1			Betawi	train	8.788449466415567		False	0.30612244897959184	False	4.444523966071216	0.0811554332874828	True
5bff828e73452d736037e3d5c5c5f4e6	21616	spontaneous-speech-bew-21616.mp3	7380	2462	Di tempat tinggal Ente, orang-orang biasenyé kerjé apé?	kalo di kampung ayé mah rata-rata lah kerjanya di sawéh.. itu nandur, nréktor (bajak)..	1			Betawi	train	10.02710027100271		True	0.023809523809523836	False			False
bc82a592c4e12646378f67f8abef870f	20381	spontaneous-speech-bew-20381.mp3	17856	2735	Ente lebih suké liburan di pantai atow di gunung? Kenapé? 	Biasa kalo liburan kemana aja mah oke ya, ngikutin kemauan kita baé, kadang ke gunung oke, ke pantai oke. Maen ke pantai ya enak ngadem, liatin ombak ama bocah pada ngebak, ke gunung gé enak keujan-ujanan. 	1			Betawi	train	9.520609318996415		False	0.14778325123152714	False	6.338663104762859	0.9298486932599724	False
9191fa254a8ad3507fe679e6204d470f	20550	spontaneous-speech-bew-20550.mp3	10944	2735	Ente lebih suké liburan di pantai atow di gunung? Kenapé? 	enakan gé liburan ke pantai kita mah enakan liburan ke pantai kalo ke gunung mah capé, bae kita daki-daki, kita pada ngos-ngosan, bengek dah. 	1			Betawi	train	10.782163742690058		False	0.2302158273381295	False	6.00635679621659	0.8555708390646493	False
6f5d66a2f09f4f835c35e047386e542b	20588	spontaneous-speech-bew-20588.mp3	19368	2735	Ente lebih suké liburan di pantai atow di gunung? Kenapé? 	Liburan itu lebih seneng ke daerah pegunungan, seperti daerah Bandung, atau Puncak kalau daerah pantai tuh lebih ke serem sih ya karna air, kalo daerah pegunungan, trus daerah puncak sama bandung itu lebih ke sejuk dan udaranya bener-bener udara yang seger banget.	1			Betawi	train	11.51383725733168		False	0.24904214559386972	False	4.755339371032301	0.1829436038514443	True
66c99d65171c314ca6147556b80a9058	21106	spontaneous-speech-bew-21106.mp3	28188	2735	Ente lebih suké liburan di pantai atow di gunung? Kenapé? 	Ayé tuh lebih seneng liburan ke pantai, karena ayé lebih deket ame pantai, tempatnye juga nyaman, indah, pokoknye seneng deh kalo di pantai sampe ngebak kalau di gunung kan ayé jauh, jauh dari tempat jadi kayanye engga terjangkau deh. 	1			Betawi	train	6.953313466723428		False	0.14655172413793105	False	5.373445899865341	0.5639614855570839	True
88cf908ad8137aa6f5527b97584391dc	21140	spontaneous-speech-bew-21140.mp3	35568	2735	Ente lebih suké liburan di pantai atow di gunung? Kenapé? 	Kalo ayé sih liburan suka di pantai. Karna kenapa di pantai, kan anu ya tu daratan. Nah kan tempatnya kan datar tu kan lebih enak kan, lebih nyaman. Kita lebih tau dah daripada di alam pegunungan-pengunungan tu kayaknya gimana ya, eee, susah deh dan ribet daripada ntar takut. Kadang-kadang takut jatuh lah. Banyak pikiran yang gak kepikir jadi kepikir.	1			Betawi	train	8.293972109761585		False	0.1885714285714286	False	5.513710294373363	0.6368638239339752	False
724d9ac0c1c5abaf145819862e87b6ba	21631	spontaneous-speech-bew-21631.mp3	34884	2735	Ente lebih suké liburan di pantai atow di gunung? Kenapé? 	Kalo liburan di pantai ayé suka karena kenape ngeliat pemandangan anginnya tuh sepoy-sepoy, terus [ee] liat ombak, liat aér. kalo di gunung tuh aye kayanye engga suka karena kenape kalo ngeliat ketinggian ayé takut kan kalo naek gunung itu kan cape dengan keadaan begitu jadinye ayé awang ke gunung.	1			Betawi	train	7.195275771127164		False	0.21621621621621623	False	5.232058070769347	0.48005502063273725	True
bc82a592c4e12646378f67f8abef870f	20508	spontaneous-speech-bew-20508.mp3	18000	2452	Apé adé bedanya kegiatan laki-laki amé perempuan?	Sébénérnya mah, kagak ada bédanya yak apanan gé pérémpuan gé suka main bola, laki-laki main bola. Emang bédanya mah kadang laki-laki kagak démén bétau masak. Tu kégiatan buat perempuan yak, pérémpuan mah masak ampé anu-anu bat ama masak. Emang laki mah kurang, makannya doang.	1			Betawi	train	12.944444444444445		False	0.2783882783882784	False	5.671457913342408	0.7303988995873453	False
6f5d66a2f09f4f835c35e047386e542b	20666	spontaneous-speech-bew-20666.mp3	14868	2452	Apé adé bedanya kegiatan laki-laki amé perempuan?	untuk dijaman sekarang kegitan laki-laki dan perempuan tuh udah gada bedanya ya, karna sama-sama pekerja keras sama-sama mencari nafkah, untuk kebutuhan sehari-hari gitu doang, untuk tenaga perempuan dan lélaki bisa diukur sama rata kayényé déh untuk dimasa sekarang .	1			Betawi	train	15.469464622006994		False	0.19622641509433958	False	5.730177513049802	0.7537826685006878	False
66c99d65171c314ca6147556b80a9058	20972	spontaneous-speech-bew-20972.mp3	28656	2452	Apé adé bedanya kegiatan laki-laki amé perempuan?	kalo laki-laki bédanya kégiatan séhari-hari itu pergi ké sawéh, macul, mlektor, nyémprét itu kérjaan laki-laki. Kalo pérémpuan kérjaannya sehari-harinya itu masak, nyuci, ngurus anak, itu pérbédaanya antara laki-laki pérémpuan kalo dikampung ayé	1			Betawi	train	7.4678950307091005		False	0.2272727272727273	False	5.008301021085818	0.3493810178817056	True
88cf908ad8137aa6f5527b97584391dc	21236	spontaneous-speech-bew-21236.mp3	27540	2452	Apé adé bedanya kegiatan laki-laki amé perempuan?	Kalo kegiatan laki-laki amé pérémpuan sih ya, adé bédényé. Kalo kégiatan laki-laki contohnyé sépérti manggul, mikul, térus nyangkul di sawéh, trus méléktor di sawéh, kalo pérémpuan méh kégiatannyé, masak, nyuci, térus, [ééé] nyapu, ngépél, tuh itu kégiatannya pérémpuan.	1			Betawi	train	8.460421205519244		False	0.23970037453183524	False	5.042907420766587	0.3700137551581843	True
9191fa254a8ad3507fe679e6204d470f	20476	spontaneous-speech-bew-20476.mp3	9972	2725	Begimanè caré Ente nentuin tempat buat liburan? 	Kalo orang kita mah nyari tempat liburan yang murah, yang kalo bisa mah gratis. Kalo yang bayar mahal-mahal ya emang kagak ada duitnya.	1			Betawi	train	11.331728840754112		True	0.1515151515151515	False			False
a523a69994e1c3b9d453ffa3796ec254	20522	spontaneous-speech-bew-20522.mp3	20916	2725	Begimanè caré Ente nentuin tempat buat liburan? 	Kita mao jalan-jalan mah peritungan dikit, nyandak apa kaga duitnya. Kalo kaga nyandak ya jangan kesitu gitu, nyari yang tempat yang bikin nyandak. Lapar soalnya kalo duitnya kaga nyandak mah, yang dibawa banyak banget, sekumpi. 	1			Betawi	train	9.275196022183971		False	0.2168141592920354	False	5.6289836194718355	0.7015130674002751	False
66c99d65171c314ca6147556b80a9058	21163	spontaneous-speech-bew-21163.mp3	22320	2725	Begimanè caré Ente nentuin tempat buat liburan? 	Jadi kalo ayémêh kalo mau liburan itu jauh jauh arih ayé ngerencanain ngadain liburan seperti kalo itu paling juga liburan sekolah anak-anak deh  paling juga maennyé itu ke laut berenang 	1			Betawi	train	6.989247311827957		False	0.2282608695652174	False	5.540634206940665	0.6533700137551581	False
88cf908ad8137aa6f5527b97584391dc	21263	spontaneous-speech-bew-21263.mp3	21744	2725	Begimanè caré Ente nentuin tempat buat liburan? 	kalo carênyê buat nentuin liburan yang kita tau aje kan karena kita tau kan lebih enak terus tempatnyê gimanê terus masuknyê bayarnya berapa duit, terus di sono makanannya murah-murah apa kagak. nah itukan kita tau infonya begitu kan kalo tau kan enak	1			Betawi	train	9.657836644591612		False	0.20564516129032262	False	5.253252185239325	0.4938101788170564	True
a68890e3cf92239d60ef959166a79dda	21292	spontaneous-speech-bew-21292.mp3	35712	2725	Begimanè caré Ente nentuin tempat buat liburan? 	biasanya kalo liburan sama temen-temen itu ya biasanya tuh pas abis lebaran Idul Fitri. yaa kaya remaja-remaja sini, pada kaya ngadain acara kemana gitu. ke daerah-daerah kaya dibilang pantai terus kaya gunung, gitu.	1			Betawi	train	5.152329749103942		False	0.136150234741784	False	5.060276260348599	0.3796423658872077	True
5bff828e73452d736037e3d5c5c5f4e6	21591	spontaneous-speech-bew-21591.mp3	15336	2725	Begimanè caré Ente nentuin tempat buat liburan? 	lah aye meh kalo liburan itu noh udeh noh ga jauh lagi, paling ga aye mo ke Pakis, kalo ga pakis renang udeh tuh di kolem, abisanye aernye bening bener resep bener aye kan ke cabak ke cebuk aje kan kalo ngeliat aer.	1			Betawi	train	11.280646844027126		False	0.160377358490566	False	6.387539970664293	0.9394773039889959	False
724d9ac0c1c5abaf145819862e87b6ba	21637	spontaneous-speech-bew-21637.mp3	36540	2725	Begimanè caré Ente nentuin tempat buat liburan? 	kalo cara ayé nentuin buat liburan tu yang utama nentuin uangnyê.. uangnyê dulu kita liat.. nah kalo uangnyê ya banyak nanti kita liburan ya tempatnya yang enakan.. kalo uangnya dikit nanti kita liburannya agak [umm] biasa-biasa aja.. liburan sih pengennya sih yang lebih enak kita cari.. karena kenapa kalo kita nyari yang mahal kan kalo kagak ada duitnya ya kita juga bingung juga sih gimana cara kita bayarnya.. mangkanya kita pikir-pikir dulu mau liburan..	1			Betawi	train	10.591133004926109		False	0.3085339168490153	False	4.817661878189749	0.22145804676753783	True
a523a69994e1c3b9d453ffa3796ec254	20387	spontaneous-speech-bew-20387.mp3	55836	2518	Apé makné pendidikan bagi Ente?	penting pendidikan mah.. bêkêl, ngga bakal basi, awét sepanjang jaman.. mangkanya kita lahir dari orang tua yang kagak sekolah, kagak tau baca, kagak tau angka kitanya jangan begitu.. itu kudu sekolah.. biar kagak dibodohin orang.. biar kagak rugi idup kedepannya.. biarin orang tua kita mah begitu ngga apa-apa.. yang penting kitanya jangan kayak orang tua kita.. kudu lebih baék dari orang tua kita.. bu gu orang tua kita juga nyuruh sekola.. biar jangan kayak dia-dia pada.. biar pada bênêr hidupnya.. nggaaa ngga pada nyuruh sukses orangtua mahh.. nyuruhnya biar bênêr.. biar dapet kerjanya ènak.. biar panjang langkahnya kalo kata orang tua mah..	1			Betawi	train	9.850275807722616		True	0.4027777777777778	False			False
bc82a592c4e12646378f67f8abef870f	20408	spontaneous-speech-bew-20408.mp3	26028	2518	Apé makné pendidikan bagi Ente?	iya apanan orang karang ma ya ngiatnya yang apa-apa diliat harus ada gelarnya S1 yang kola doang mah kaga dihargain dimata orang dikampung yang ada gelarnya baru kita di hargain disanjung sanjung bêt apanan gitu, muji sekolah noh dia ada S1 nya begitu saja ustadzah, pak ustad lulusan pesantren padahal mah kaga begitu yaa	1			Betawi	train	10.335023820500998		False	0.24137931034482762	False	6.124705162196743	0.8927097661623109	False
66c99d65171c314ca6147556b80a9058	20995	spontaneous-speech-bew-20995.mp3	25956	2518	Apé makné pendidikan bagi Ente?	pendidikan itu sangat penting apêlagi jaman sekarang jaman yang serbê canggih kalo kitê êngga adê pendidikan ya ketinggalan jaman emngnyê jaman dulu kitê hidup êngga sekolêh juga emang langkê sekolaan sekolêh sd juga kelas 2 udêh girang banget beda amê sekarang kalo êngga sekoleh ketinggalan jaman. 	1			Betawi	train	9.785791339189398		False	0.29292929292929293	False	4.591652934594392	0.12379642365887207	True
88cf908ad8137aa6f5527b97584391dc	21079	spontaneous-speech-bew-21079.mp3	24516	2518	Apé makné pendidikan bagi Ente?	makna pendidikan menurut ayé si ituh kita maknanyé [ya] seperti kita bisa membaca,menulis agar kita bisa, pergi [kêê] pulau, untuk menyari pekerjaan yang lebih ènak terus êntar mencari pekerjaan yang tempatnya lebih nyaman ya begitu sih.	1			Betawi	train	8.239517050089736		False	0.1581196581196581	False	4.868775192957755	0.2585969738651995	True
bc82a592c4e12646378f67f8abef870f	20411	spontaneous-speech-bew-20411.mp3	20772	2507	Kiré-kiré, dalem 10 taun lagi, di mané Ente adényé dan apé nyang Ente lakuin?	lah kalo 10 tahun kédépan mah kita [gé] udah kawin kali udah punya anak 3 [ya] lah apê ya yang péngén mêh nyampé dépan sono mêh kita udah punya anak udêh punyê udêh punyê apa baé dah udah komplit dah bahasanyê bégitu yang penting mah buat apêsi buat pendidikan pada lancar.	1			Betawi	train	10.735605622953976		False	0.23333333333333328	False	5.404991734305506	0.5777166437414031	True
88cf908ad8137aa6f5527b97584391dc	21168	spontaneous-speech-bew-21168.mp3	22428	2507	Kiré-kiré, dalem 10 taun lagi, di mané Ente adényé dan apé nyang Ente lakuin?	kalao buat seputar yang akan datang ya saya pengennya idup di kampung aja.. idup di kampung (sendiri) kan lebih ènak daripada idup di kampung orang.. yaa pengennya sih ayê idupnya ya [umm] sama-sama keluarga ayê dan anak-anak ayê terus ama bapak ayê sodara ayê itu doang sih..	1			Betawi	train	10.255038344925984		False	0.2344322344322345	False	4.844545003921073	0.23658872077028886	True
66c99d65171c314ca6147556b80a9058	21275	spontaneous-speech-bew-21275.mp3	35532	2453	Apé ajé kegiatan buat anak bujang/anak gadis (bocah) atow remajé?	kalo di kampung kami tuh keliatan rémaja kayak pémuda-pémudinya tuh sétiap ada acara-acara tuh saling gotong royong.. térus kayak ada kégiatan-kégiatan bakti sosial.. térus ya kayak mbangun-mbangun ngébérsihin rutin ya kayak halaman.. terus ya pokoknya intinya bakti sosial lah..	1			Betawi	train	6.782618484746144		False	0.23550724637681164	False	5.253155660526986	0.4924346629986245	True
6f5d66a2f09f4f835c35e047386e542b	20642	spontaneous-speech-bew-20642.mp3	24984	2769	Ceritain mitos nyang adé di lingkungan sekitar Ente.	Jadi di depan rumeh gua tuh ade tanggul semacem polisi tidur. Nah dulu tuh mitosnya orang yang suka dagang lewat situ kaya tukang sate, tukang baso, yang suka lewat malem-malem tuh biasanya suka ada yang tiduran ditanggul itu, kaya polisi tidur gitu kek hantu bentuknya, gatau kek kuntilanak atau apa, tapi suka ada yang teriakin beli tapi padahal orangnya gak ada udah mitosnya itu. 	1			Betawi	train	12.808197246237592		False	0.25196850393700787	False	6.23562714738756	0.9133425034387895	False
88cf908ad8137aa6f5527b97584391dc	21067	spontaneous-speech-bew-21067.mp3	25524	2769	Ceritain mitos nyang adé di lingkungan sekitar Ente.	Mitos yang ada di sekitar sih biasanya kebanyakan ya itu pada miara tuyul. Terus muja, muja babi ngepet . Dengan seenaknya dia memuja itu sehingga jadi masyarakat menjadi gelisah karena adanya mitos-mitos yang kita tidak ketahui dengan jelas.	1			Betawi	train	8.03165648017552		False	0.12552301255230125	False	5.567817886828535	0.6671251719394773	False
a68890e3cf92239d60ef959166a79dda	21334	spontaneous-speech-bew-21334.mp3	13860	2769	Ceritain mitos nyang adé di lingkungan sekitar Ente.	Kalo mitos di kampung saya tuh, kata orang kalo magrib tuh, jangan keluar dulu lah [dah].	1			Betawi	train	5.339105339105339		False	0.05813953488372092	False	4.847204392106932	0.2393397524071527	True
5bff828e73452d736037e3d5c5c5f4e6	21517	spontaneous-speech-bew-21517.mp3	24372	2769	Ceritain mitos nyang adé di lingkungan sekitar Ente.	Nih dikampung ayé mêh masih mistis bener nih Adé kalongwewe, Adé tuyul, Adé pocong, Adé babi ngepet, terus Ade kolor ijo. Nah itu kalau penangkalnye itu Ade entar ditaroin dipintu kita ade bambu kuning, terus daon nilaan, terus jale tuh, Ade bawang putih. 	1			Betawi	train	8.739537173806006		False	0.11857707509881421	False	6.411158759114899	0.9422283356258597	False
fc2417aed3f3e13504285a1cbcb6d7ef	21652	spontaneous-speech-bew-21652.mp3	50112	2769	Ceritain mitos nyang adé di lingkungan sekitar Ente.	Emang adé si mitos, cuman zaman dulu itu serem banget kalau nyerita yang namanya mitos. Mitos itu kayé cerité gitu ya kayé memang ade dibilang kate engga memang ade kenyataannye apalagi yang namenye tuh wewe gombél, terus lagi babi ngepet, pocong, emang adé ituh, apelagi zaman sekarang tuh serem banget yang namenye tuh  teluh, tau gak teluh itu. Teluh tuh bener ade bener nyata itu adé cuman kaga keliatan dia biasanye tuh ngejahatin orang begitu. Ceritenyé toh kampung ayé emang rada serem. 	1			Betawi	train	8.20162835249042		False	0.25865580448065173	False	5.5828908075106245	0.6795048143053645	False
724d9ac0c1c5abaf145819862e87b6ba	21668	spontaneous-speech-bew-21668.mp3	22680	2769	Ceritain mitos nyang adé di lingkungan sekitar Ente.	Mitos yang ade di lingkungan ayé si yang ayé tau ya, mitosnye ya itu apé tuh dukun teluh yang suka neluhin orang, kalo udah kena teluh bingung banget ngobatinnye ke sono-kemari dikampung ayé mitosnyé orang pade punya teluh, teluh atu santet.  	1			Betawi	train	8.862433862433862		False	0.16249999999999998	False	5.61296314516687	0.6960110041265475	False
9191fa254a8ad3507fe679e6204d470f	20369	spontaneous-speech-bew-20369.mp3	29160	2795	Begimané pendapat generasi mudé ke bahasé daerah?	Generasi kita tuh anak-anak sekarang gitu ya pada alay-alay banget pake bahasa kekinian. Padahal mah dia mah idupnya di, di utan blantara di kampungan pake sosoan bahasa apa namanya bahasa-bahasa alay gitukan, bahasa-bahasa yang ga biasa dipaké, gitukan mangkanya sekarang bahasa daerah kita kan semakin punah karna mereka tuh sudah terkontaminasi. 	1			Betawi	train	10.219478737997257		False	0.2167630057803468	False	5.417025400631501	0.5818431911966988	True
6f5d66a2f09f4f835c35e047386e542b	20596	spontaneous-speech-bew-20596.mp3	29124	2795	Begimané pendapat generasi mudé ke bahasé daerah?	Bahasa daerah tu bahasa yang sangat unik, apalagi untuk di daerah-daerah yang di pulau-pulau tertentu kayak Sumatra, Kalimantan itu bahasanya tu bahasa yang bagus, karena jarang ditemuin apalagi dipelajarin itu, udah ngga pernah dipelajarin banget untuk bahasa-bahasa daerah. Paling yang dipelajarin bahasa daerah itu di sekolah bahasa Sunda, bahasa Jawa gitu. Selebihnya untuk bahasa daerah-daerah tertentu itu tidak dipelajarin di daerah sekolah.	1			Betawi	train	13.288009888751544		False	0.4	False	4.5653195094566055	0.1155433287482806	True
66c99d65171c314ca6147556b80a9058	21060	spontaneous-speech-bew-21060.mp3	18396	2795	Begimané pendapat generasi mudé ke bahasé daerah?	Anak muda sekarang itu sama sih memang untuk selalu menjaga bahasa daerahnya. Dia emang kebiasaan memang bicaranya, ya seperti itu logatnya bahasa daerahnya mah. Bahasanya iye.	1			Betawi	train	8.208306153511632		False	0.19075144508670516	False	4.525550032812468	0.10041265474552957	True
88cf908ad8137aa6f5527b97584391dc	21170	spontaneous-speech-bew-21170.mp3	20124	2795	Begimané pendapat generasi mudé ke bahasé daerah?	Pendapat ayé sih generasi muda itu ya bahasanya ya, itu yang biasa dipake setiap hari yang dia gunakan yang bahasa yang biasanya dia biasa bicara bareng bareng temennya, bicara ama keluarganya  ya begitu aja sih biasanya yang digunakan mah .	1			Betawi	train	9.988073941562314		False	0.32352941176470584	False	4.334750438868584	0.059147180192572216	True
a68890e3cf92239d60ef959166a79dda	21391	spontaneous-speech-bew-21391.mp3	30636	2795	Begimané pendapat generasi mudé ke bahasé daerah?	Itu sangat harus diwajibkan. Karna untuk anak muda juga daerah itu, bahasa daerah itu harus penting. Karna bahasa daerah itu bahasa kite masing-masing daerah kite sepertinya kite nih orang Bétawi harus tau bahasa kite. Jangan kite sok-sokan ngikut-ngikutin anak mude jaman sekarang. Kita harus tau bahasa kite. Emang kita dasarnya orang Bétawi. Kita harus tau bahasa kite. 	1			Betawi	train	10.314662488575532		False	0.4	False	4.506060238510058	0.09628610729023383	True
5bff828e73452d736037e3d5c5c5f4e6	21608	spontaneous-speech-bew-21608.mp3	19512	2795	Begimané pendapat generasi mudé ke bahasé daerah?	Kalo di sini meh resep, ngomong dari, dulu nenek-nenek anak muda ampe tua merucut banget bahasenye emang bahasenye disini pake bahasa aye medok bener, ga ade yang pake bahasa-bahasa laen, pake bahasa sini aje aye udeh meh abisanye pake bahasa iye aja aye meh. 	1			Betawi	train	11.07011070110701		False	0.2490272373540856	False	5.36543633853287	0.5612104539202201	True
88cf908ad8137aa6f5527b97584391dc	20894	spontaneous-speech-bew-20894.mp3	74412	2787	Jelasin begimané perasaan Ente pas denger atow bacé sejaré perjuangan kemeerdekaan negaré Ente!	"Ayé mah pernah diceritain ama nenek ayé jaman dulu sebelum ni negara merdeka ni. Kata nenek ayé begini ""Dulu mah gua makan suseh, nih kalo denger helikopter udah pada ngumpet kolong bali, terus kalo ada orang lewat-lewat kudu ngumpet, takut orang Belande pada bawa senapan terus udah pada bawa panjang-panjang banget  tu ngga tau dah tuh apaan tuh."" Pokoknya kalo dengerin cerita jaman dulu mah ngenes. Apalagi sejareh nenek moyang kite,  nenek nih cerité, ""dulu mah gua nih ngga pernah yang namanya makan nasi, makan mah gua nemunye singkong, kadang ubi, yang lebih ngenes lagi nih makannya dedek. Lah jaman sekarang mah dedek buat makan bebek, lah dulu mah jaman dulu bakal makan manusia dedek"". Ya Allah ngenes banget cerita jaman dulu mah. Penjajahan Belandé tapi sekarang mah, Alhamdulillah udah merdeka negara ini."	1			Betawi	train	9.218943181207331		True	0.3329253365973073	False			False
66c99d65171c314ca6147556b80a9058	21072	spontaneous-speech-bew-21072.mp3	70812	2787	Jelasin begimané perasaan Ente pas denger atow bacé sejaré perjuangan kemeerdekaan negaré Ente!	Saya sangat bangga dengan menjadi masyarakat bangsa Indonesia yang sekarang alhamdulillah sudah sangat luar biasa menjadi negara kesatuan Indonesia. Karna kalau denger cerita jaman dulu, waktu nenek moyang kita masih ada, itu ceritanya sangat, sangat kasian banget. Jaman dulu tuh susah banget, apalagi pada waktu dijajah. Pada waktu jaman Belanda itu, banyak sekali orang yang nggak pada makan, lari-larian ketakutan siang malem, nggak bisa tidur. Karna kan dulu sulit banget nggak ada listrik, masih gelap, masih tempatnya juga masih serem, banyak banget pohon-pohonan. Pokoknya ah serem dah. Tapi sekarang alhamdulillah dengan adanya kemerdekaan Indonesia, saya sangat bersyukur dan bangga jadi rakyat Indonesia.	1			Betawi	train	8.670846749138564		True	0.3132022471910112	False			False
724d9ac0c1c5abaf145819862e87b6ba	21666	spontaneous-speech-bew-21666.mp3	32508	2787	Jelasin begimané perasaan Ente pas denger atow bacé sejaré perjuangan kemeerdekaan negaré Ente!	Kalau yang aye denger aye amat-amatin itu. perjuangan di Jaman dulu ya allah kasian bener itu orang pada ya mati-matian itu membela negara. Kan ade yang mati-matian toh [ee] apé jaga dirinya kadang-kadang kita. kalau ketauan udeh ditembak ujung-ujungnye  kita mati tuh jadi kalau denger cerite-cerite zaman dahulu tuh sedih hati.  	1			Betawi	train	8.551741109880645		False	0.17682926829268297	False	5.921467174221337	0.8376891334250344	False
a523a69994e1c3b9d453ffa3796ec254	20456	spontaneous-speech-bew-20456.mp3	28800	2734	Apé ajé nyang ga penting dibawé pas liburan?	yang penting di bawa buat liburan kalo kata orang tua mah nasi! nasi lu bawa ama lauk-lauknyaa, jangan jajan mulu pegawéan lu beli mulu, enak juga bawa dari rumah sedép, begitu. Ya cumanan kan kita mah orangnya gak mau ribet ya, ada tukang jajanan ya ngapa kudu bawa. Tetep aja kalo ada emak di rumah mah nasi dibawa.	1			Betawi	train	9.027777777777777		False	0.16878980891719741	False	5.761266735520097	0.7661623108665749	False
6f5d66a2f09f4f835c35e047386e542b	20606	spontaneous-speech-bew-20606.mp3	21960	2734	Apé ajé nyang ga penting dibawé pas liburan?	Barang yang gak penting untuk dibawa liburan tuh kaya kasur, bantal kaya gitu-gitu tuh gak perlu dibawa tapi yang untuk penting dibawa tuh yang bener-bener dipake kaya makanan, baju itu tuh penting banget untuk dibawa kalo yang gak penting tuh kaya kasur, bantal, kaya gitu tuh gak penting, selimut gausah juga karena itu gak penting   	1			Betawi	train	12.704918032786884		False	0.4354354354354354	True			False
88cf908ad8137aa6f5527b97584391dc	21145	spontaneous-speech-bew-21145.mp3	18900	2734	Apé ajé nyang ga penting dibawé pas liburan?	kalo yang ngga penting pas liburan yang ngga dibawa yaa itu kayak perabot-perabotan rumah tangga, kan ngga penting emang, yang penting aja yang dibawa, kalo ngga penting ribet kita bawa-bawa.	1			Betawi	train	8.571428571428571		False	0.31382978723404253	False	4.955128552665102	0.3149931224209078	True
fc2417aed3f3e13504285a1cbcb6d7ef	21663	spontaneous-speech-bew-21663.mp3	17892	2734	Apé ajé nyang ga penting dibawé pas liburan?	Yang ga peting ya itu banyak si ke model tv ribetkan gedé trus lagi kulkas tempat tidur ya seperti itu karna kan ribet bawanya 	1			Betawi	train	5.75676279901632		False	0.06451612903225812	False	5.6646530417106655	0.7235213204951857	False
9191fa254a8ad3507fe679e6204d470f	20563	spontaneous-speech-bew-20563.mp3	11880	2451	Apé ajé kegiatan masyarakat di lingkungan rumé Ente?	orang kampung kité méh banyak kegiatannya. Ada arisan, ada apé lagi tuh slamétan, sédékahan, banyak dilingkungan kita mah.	1			Betawi	train	8.838383838383837		False	0.08403361344537819	False	4.980629019519827	0.3314993122420908	True
52fd19bf7e8202318b8ee5b4d2cd0925	20872	spontaneous-speech-bew-20872.mp3	38016	2451	Apé ajé kegiatan masyarakat di lingkungan rumé Ente?	Kégiatan masyarakat di... kité ya apé yé [umm], ngaji kalo malém bapak-bapak, ibu-ibu ngaji soré, pengajian-pengajian kayak gitu. Kemudian ada yang apa ya, keterampilan bikin péngki ya, bikin bakul tuh, kayak gitu kégiatan-kégiatan masyarakat di lingkungan ané, sih. Masih kayak membudaya hal-hal seperti itu, yé. Ya meskipun ada sebagian ya yang muda-muda kerja di pabrik, kayak bégitu, sih.	1			Betawi	train	8.812079124579125		False	0.20565552699228795	False	5.6956143467394895	0.7400275103163686	False
88cf908ad8137aa6f5527b97584391dc	21155	spontaneous-speech-bew-21155.mp3	29160	2451	Apé ajé kegiatan masyarakat di lingkungan rumé Ente?	Kegiatan masyarakat di lingkungan ayé si biasényé itu, yé kégiatannya seperti dié méncari rumput, térus mencari [eee] tanéman-tanéman, terus mencari écéng, térus méncari genjér buat kebutuhan séhari-hari. Kalau buat nyari génjér juga bisa dijual kan bisa menghasilkan duit juga	1			Betawi	train	8.196159122085048		False	0.16788321167883213	False	5.448349115096934	0.5955983493810179	True
66c99d65171c314ca6147556b80a9058	21171	spontaneous-speech-bew-21171.mp3	21924	2451	Apé ajé kegiatan masyarakat di lingkungan rumé Ente?	Kegiatan di lingkungan ayé itu, kebanyakan sehari-harinya itu ada juga yang jualan, ada yang kuli, ada yang nganggur, ada juga yang keliling, macem-macem deh.	1			Betawi	train	6.157635467980295		False	0.21935483870967742	False	4.261714110062024	0.04264099037138927	True
0713c98ef01495f851d7963b1cf9032a	20343	spontaneous-speech-bew-20343.mp3	3168	2449	Jem berapé biasenyé Ente tidur?	Jam bérapé biasanyé enté tidur?	1			Betawi	train	8.522727272727272		True	0.0	False			False
9191fa254a8ad3507fe679e6204d470f	20557	spontaneous-speech-bew-20557.mp3	10224	2449	Jem berapé biasenyé Ente tidur?	Ané biasa tidur jam sèmbilan jam sèpuluh. Ya karèna, kalo tidurnya kèmalêman, ntar kita bangun subuhnya késiangan.	1			Betawi	train	9.58528951486698		True	0.08108108108108103	False			False
6f5d66a2f09f4f835c35e047386e542b	20720	spontaneous-speech-bew-20720.mp3	15660	2449	Jem berapé biasenyé Ente tidur?	gua biasanyê tidur tuh di jam dua belas.. gituh... karena tergantung kegiatan gua apa ya.. kalo kegiatan gua seharian itu udah capèk, paling gua jam sêpuluh itu udah tidur.. tapi kalo misal seharian gua ngga ngapai-ngapain paling gua tidur sekitar jam dua belasan..	1			Betawi	train	14.240102171136654		False	0.2748091603053435	False	5.332599860722141	0.5488308115543329	True
66c99d65171c314ca6147556b80a9058	21040	spontaneous-speech-bew-21040.mp3	5616	2449	Jem berapé biasenyé Ente tidur?	kalo ayé tidur jam sembilan..	1			Betawi	train	4.451566951566951		True	0.0	False			False
88cf908ad8137aa6f5527b97584391dc	21252	spontaneous-speech-bew-21252.mp3	12924	2449	Jem berapé biasenyé Ente tidur?	kalo ayê si yê, biasênyê tidur yê jam 9 tuh. karna kenapê, kalo malem-malem pala ayê masa puyéng kadang-kadang itu padê sakit tuh palê, terus bangunnyê jadi kesiangan.	1			Betawi	train	10.832559579077683		False	0.08536585365853655	False	5.537591623573869	0.6506189821182944	False
a68890e3cf92239d60ef959166a79dda	21428	spontaneous-speech-bew-21428.mp3	22824	2449	Jem berapé biasenyé Ente tidur?	Biasanye kité tidur itu di jam dua belas malém. Kadang di jam, berapé tuh, jam sebélas, biasé. Karna kita kan kalo malém tuh nongkrong-nongkrong ama temen-temen kité. Ngobrol-ngobrol kité bareng sambil ngopi, yéé. 	1			Betawi	train	7.93024886084823		False	0.1327014218009479	False	5.023444852132633	0.3576341127922971	True
5bff828e73452d736037e3d5c5c5f4e6	21614	spontaneous-speech-bew-21614.mp3	15192	2449	Jem berapé biasenyé Ente tidur?	Lah ayê meh tidur kaga nentu, kadang ayê meh tidur sore-sore, kadang ayê me tengêh malem, sèngèlènyèpnyê matê ayê ajê. Asal udêh ngantuk juga, ayê mêh éngga paké ngéliat jêm, ayê mêh udah tidur ajê. Jêm 7 juga jadi ayê mêh tidur. 	1			Betawi	train	12.374934175882045		False	0.2555066079295154	False	5.673340332703792	0.7317744154057771	False
bc82a592c4e12646378f67f8abef870f	20375	spontaneous-speech-bew-20375.mp3	15696	2722	Menurut Ente, seberapé penting liburan buat Ente?	lha penting banget liburan.. apanan kita kalo anu kerja capèk butuh healing.. liburan ke puncak nyari yang dingin-dingin yang sejuk.. ama nyari miè indomi pakè telor dua..	1			Betawi	train	9.23802242609582		False	0.10119047619047616	False	5.662351645977235	0.7207702888583218	False
a523a69994e1c3b9d453ffa3796ec254	20392	spontaneous-speech-bew-20392.mp3	37296	2722	Menurut Ente, seberapé penting liburan buat Ente?	Lah liburan mah yang penting mah nonton tv amè jajan, kalo ada duit ya jalan-jalan, kalau duitnya kaga cukup yaudeh dirumah ajè main bareng ama sodara, ama bocah, ama temen, engga mesti pègi-pègian. Tapi ya kalau duit ada mah ada lebihan mah ya gapapa jalan-jalan kemana kek jalannya enak jangan maksain.       	1			Betawi	train	6.81038181038181		False	0.20454545454545459	False	5.310465623799218	0.530949105914718	True
6f5d66a2f09f4f835c35e047386e542b	20608	spontaneous-speech-bew-20608.mp3	11916	2722	Menurut Ente, seberapé penting liburan buat Ente?	penting banget liburan itu karna untuk menjaga stabilitas otak supaya tetap waras jadi tetap harsu liburan  disela-sela waktu yang padèt	1			Betawi	train	9.734810339039946		False	0.08270676691729328	False	5.914470359341791	0.8321870701513068	False
66c99d65171c314ca6147556b80a9058	20903	spontaneous-speech-bew-20903.mp3	28296	2722	Menurut Ente, seberapé penting liburan buat Ente?	kalo menurut ayè mèh dikatè liburan ya penting banget, [yè] kaga, [yè] sèdèng-sèdèng dèh yang namènyè ayè orang kampung kalo lagi libur itu kebanyakan ayè tuh adènyè dirumèh, bersih-bersih, ngerapiin rumèh, [yè] terkadang si suka si suka jalan sewaktu-waktu doang paling juga, jalan kedepan jajan bakso dèh.	1			Betawi	train	9.223918575063614		False	0.16118421052631582	False	4.853416489238168	0.24346629986244842	True
88cf908ad8137aa6f5527b97584391dc	21240	spontaneous-speech-bew-21240.mp3	17100	2722	Menurut Ente, seberapé penting liburan buat Ente?	kalo liburan sih ya buat ayè mah ga bègitu-bègitu penting banget sih karna kenapa ya namanya orang hidup dikampung gimanaya buat liburan buat makan aja susah liburan sih kalo ada duit banyak atau duit lebih baru dèh ayè liburan dah tuh.	1			Betawi	train	11.461988304093566		False	0.20171673819742486	False	4.059848058095566	0.013755158184319119	True
88cf908ad8137aa6f5527b97584391dc	21240	spontaneous-speech-bew-21240.mp3	17100	2722	Menurut Ente, seberapé penting liburan buat Ente?	kalo liburan sih buat ayè mah ya gak begitu penting-penting banget sihkarena kenapè ya namanya orang hidup di koo di kampung, dimana kaya buat liburan buat makan aja susèh. kalo liburan sih kalo ada duit banyak ada duit lebih ya baru deh ayè liburannyè tuh	1			Betawi	train	12.39766081871345		False	0.22529644268774707	False	4.131115866648601	0.026134800550206328	True
bc82a592c4e12646378f67f8abef870f	20443	spontaneous-speech-bew-20443.mp3	16452	2721	Di masé depan, Ente mao datengin tempat wisaté apé? Kenapé? 	ya pan kita makin nunggu masa depan yak kadang kita pengen umroh gitu yak. pengen buru-buru dipanggil ama Allah dateng ke sono gitu. pengen ngerasain gitu yak. begimana énaknya di sono begimana gitu. naik pesawat jauh-jauh kita ibadah mesti bener-bener fokus di sono.	1			Betawi	train	13.676148796498904		False	0.2007575757575758	False	5.5633659706222875	0.6657496561210454	False
9191fa254a8ad3507fe679e6204d470f	20548	spontaneous-speech-bew-20548.mp3	17064	2721	Di masé depan, Ente mao datengin tempat wisaté apé? Kenapé? 	pengen ke wisata ya itu tu ke luar jawa tu ke guci kèk kemana kèk, ke bromo malang.. karena kayaknya rèsèp aja liatin orang-orang pada posting di media sosial.. ada yang ke guci, ada yang malang, ada yang ke dièng..	1			Betawi	train	10.314111579934364		False	0.19339622641509435	False	5.760129803563352	0.7647867950481431	False
6f5d66a2f09f4f835c35e047386e542b	20650	spontaneous-speech-bew-20650.mp3	29520	2721	Di masé depan, Ente mao datengin tempat wisaté apé? Kenapé? 	Guè pengen banget ketempat wisata bandanaira itu didaerah maluku guè pengen banget kelautnya terus diving karena itu buaaagus banget, bagus yang sebagus itu, bandanaira itu bagus banget itu yang pertama pengen guè datengin sama guè pengen banget kedaerah-daerah èhhhh Lombok, Papua, kedaerah-daerah yang pedalaman kaya gitu karena tuh kelestariannya tuh bener-bener masih yang kèntèl banget, sejarahnyè masih kèntèl banget, gue pengen banget kedaerah-daerah sana. 	1			Betawi	train	13.550135501355014		False	0.3969631236442517	False	4.765075255967691	0.18982118294360384	True
88cf908ad8137aa6f5527b97584391dc	21105	spontaneous-speech-bew-21105.mp3	26136	2721	Di masé depan, Ente mao datengin tempat wisaté apé? Kenapé? 	dimasa depan ini mèh ayè pengènnyè ngèdatengin wisata yang belum pernah sayè datengin ya seperti di reakreasi yang tempat wah gitulah yang belum pernah saya liatdeh kenapè saya pengen berwisata ketempat itu karna biar ada pengalaman biar ada kenang-kenangan dimasa depan nanti saya udèh tuè 	1			Betawi	train	9.412304866850322		False	0.2465277777777778	False	5.8553258264434405	0.8143053645116919	False
66c99d65171c314ca6147556b80a9058	21203	spontaneous-speech-bew-21203.mp3	16236	2721	Di masé depan, Ente mao datengin tempat wisaté apé? Kenapé? 	ayè mao ke wisata ancol tempatnyè kan indah dipantai banyak banget, adè kapal aèr, perahu, pokoknyè banyak dèh tempat-tempat	1			Betawi	train	6.52870165065287		False	0.12396694214876036	False	5.7649279252862575	0.7689133425034388	False
a68890e3cf92239d60ef959166a79dda	21606	spontaneous-speech-bew-21606.mp3	29628	2721	Di masé depan, Ente mao datengin tempat wisaté apé? Kenapé? 	Untuk ke depannya ayé kepengen mengunjungi wisate Ciater yang adè pemandian aèr panasnya tuh. Jadi kayaknya sejuk banget, pemandangannya indah, airnya yang jernih. Ya itu saya pengen ngunjungi daerah pegunungan.	1			Betawi	train	6.142837856082084		False	0.12019230769230771	False	5.601697020944798	0.6918844566712518	False
a68890e3cf92239d60ef959166a79dda	21606	spontaneous-speech-bew-21606.mp3	29628	2721	Di masé depan, Ente mao datengin tempat wisaté apé? Kenapé? 	untuk kedepannya ayè kepengen mengunjungi wisatè ciatèr.. yang ada pemandian air panasnya tuh.. jadi kayaknya sejuk banget pemandangannya indah.. airnya jernih.. ya itu ya saya pèngèn ngunjungi daerah pegunungan..	1			Betawi	train	6.244093425138383		False	0.12380952380952381	False	5.529422826444988	0.6451169188445667	False
a523a69994e1c3b9d453ffa3796ec254	20418	spontaneous-speech-bew-20418.mp3	24336	2514	Menurut pendapat Ente, generasi masa depan nyang ideal seperti apé?	orang-orang yang dimasadepan mah kudunyê akal pikirannyê sehat apalagi dia-dia  pada yang pada sekolah mikirnya panjang jangan ngèliatin buku yang dipelajarin aja liat situasi lapanagnnya bégimana jangan mintêr mintêrin orang.	1			Betawi	train	8.053911900065746		False	0.14798206278026904	False	5.661580221966563	0.71939477303989	False
52fd19bf7e8202318b8ee5b4d2cd0925	20826	spontaneous-speech-bew-20826.mp3	39348	2514	Menurut pendapat Ente, generasi masa depan nyang ideal seperti apé?	yang menurut ané si, generasi yang ideal buat masa depan. Generasi yang bèr-akhlakul karimah, yang beradab, yang punya sopan santun, yang menghargai yang tua. itu baru generasi nyang ideal. ya bukan yang generasi yang pintèr tapi gak punya adab buat apa gitu. Jadi pintêr, beradab, punya sopan santun gitu mantap ya, itu namanya ideal. ya buat apa pintér kaga punya adab ya ga bisé itu adab tètèp nomor satu bigitu yéé.  	1			Betawi	train	8.86957405713124		False	0.3277511961722488	False	6.030438038208399	0.8665749656121046	False
88cf908ad8137aa6f5527b97584391dc	21138	spontaneous-speech-bew-21138.mp3	18000	2514	Menurut pendapat Ente, generasi masa depan nyang ideal seperti apé?	Kalau menurut ayê si masa depan yang ideal itu yang selalu mèmajukan desa atau memajukan perkembangan lingkungan dan mengadakan suatu kegiatan yang sangat baik.	1			Betawi	train	7.611111111111111		False	0.14012738853503182	False	5.634073874377271	0.7056396148555708	False
5bff828e73452d736037e3d5c5c5f4e6	21604	spontaneous-speech-bew-21604.mp3	24228	2514	Menurut pendapat Ente, generasi masa depan nyang ideal seperti apé?	yang pintèr, yang rajin, terus yang taat ibadah êntar juga buat masa depannyê pasti cerah bênêr kalau begitu kedepannyê juga masa ga cerah abisannyê diê, diê pintêr, diê pintêr belajar, diê pintêr ngaji, terus rajin ibadah udéh dêh cocok bênêr buat masa depan cerah bênêr.  	1			Betawi	train	9.410599306587418		False	0.3210332103321033	False	5.25991084413413	0.49793672627235214	True
a68890e3cf92239d60ef959166a79dda	21570	spontaneous-speech-bew-21570.mp3	44136	2773	Seberapé penting kité ngelestariin cerité rakyat buat generasi mudé di negaré Ente?	Ye kite mah yang namenye melestariin logat kite, apatu namanye cerite yang ada di daerah kite, kite harus bener-bener tuh jangan sampe ilang. Kite harus melestarikan budaya kite. Orang kite orang betawi asli gimana, cara-caranya dari pakaiannye, dari bicaranye, ya itu seperti itu. Jangan sampe cucu keturunan nanti tu ngga ngerti gitu, ngga paham tentang melestariin budaya kite.	1			Betawi	train	7.318288925140474		False	0.23342175066312998	False	4.8922707817242195	0.2751031636863824	True
9191fa254a8ad3507fe679e6204d470f	20376	spontaneous-speech-bew-20376.mp3	41760	2459	Seberapé sayang Ente amé lingkungan atau kampung halaman Ente? Apé yang bikin Ente nyaman tinggal di sini?	Lah kita emang sayang bénér amé lingkungan kita ama kampung kita. Apalagi kampung kita tuh bikin nyaman karena ya biasa ngériung gitukan,  kalu di perumahan-perumahan kita tinggal di perumahan-perumahan yaudah idup sendiri-dirian, déwék-déwékan, kalo di kampung halaman kita di kampung kita apa-apa kita ngériung kaga punya duit gé kita juga kaga, ora apa namanya hmm ora takut karena emang pada ngériung, biasanya sodara-sodara gé kita  orang kaga ada makanan dibagi, coba kalo tinggal diperumahan atau tinggal dilingkungan laen lah kita mah idup déwék-déwékan. 	1			Betawi	train	11.446360153256704		False	0.3767857142857143	False	4.556105804597586	0.10866574965612105	True
a523a69994e1c3b9d453ffa3796ec254	20380	spontaneous-speech-bew-20380.mp3	50652	2459	Seberapé sayang Ente amé lingkungan atau kampung halaman Ente? Apé yang bikin Ente nyaman tinggal di sini?	Iyaa sayang mah sayang sama kampung sendiri mah.. cuma gimana yak udah béjubél bét orang.. kebanyakan orang jadi panas banget jorok.. duh kagak bétah dah ngeliatnya.. mau bégimana kampung-kampung sendiri kita juga pikirannya mah pengennya balik-balik juga.. iyaa namanya kampung sendiri yaa démén.. biar gimana kita diem juga tetep aja gitu pengennya mah balik lagi kesitu gitu.. ngga ngga ngga tau tau betah di tempat baru.. biar kata betah juga tempat baru mah péngénnya balik lagi.. biar kata cuma péngén main doang mah..	1			Betawi	train	8.726210218747532		False	0.33205374280230326	False	5.272277934245684	0.5048143053645117	True
52fd19bf7e8202318b8ee5b4d2cd0925	20836	spontaneous-speech-bew-20836.mp3	59472	2459	Seberapé sayang Ente amé lingkungan atau kampung halaman Ente? Apé yang bikin Ente nyaman tinggal di sini?	Wah... kalo soal sayang ngga sayang si sama kampung sendiri, boleh dikatakan jujur ané sayang bangêt sama kampung sendiri yé, karena memang sejarah ané mblojornya ni bêranaknya di sini, di kampung sendiri kampung watês yé. Jadi ada utak-atik dari luar aja coba-cobé... karena apa? Ini lah kampung sejarah, kampung halaman yé, ané sendiri. Jadi bênêr-bênêr nyaman. Ané bener-bener nyaman tinggal di kampung sendiri, di lingkungan sendiri, di kampung ané nih yé. Jadi [ééé] biar kata kampung orang dibilang katanyé indah yak, cakêp, bagus. Biar kata kampung ané cêbrik contohnyé yé, têtêp ajé ané sênéng nyaman tinggal di kampung ané sendiri, gitu.	1			Betawi	train	9.180790960451978		True	0.3639191290824261	False			False
66c99d65171c314ca6147556b80a9058	21004	spontaneous-speech-bew-21004.mp3	34632	2459	Seberapé sayang Ente amé lingkungan atau kampung halaman Ente? Apé yang bikin Ente nyaman tinggal di sini?	Ayé itu sangat menjaga lingkungan kampung aye. Karna kampung ayé tuh sangat nyaman, indah, sejuk. Di situ juga banyak banget warga yang masih guyup. Jadi kalo orang kampung itu, kebanyakan kalo ada apa-apa udah buru-buru aja nih pada dateng. Apalagi kalo lagi kematian mah, udah aja tu nggak disambat juga udah pada penuh dah pada buru-buru ngerubut, pada dateng berbondong-bondong ke rumah.	1			Betawi	train	9.52875952875953		False	0.22164948453608246	False	4.889371187836764	0.2723521320495186	True
88cf908ad8137aa6f5527b97584391dc	21053	spontaneous-speech-bew-21053.mp3	38376	2459	Seberapé sayang Ente amé lingkungan atau kampung halaman Ente? Apé yang bikin Ente nyaman tinggal di sini?	Sesayangnyé ayé dikampung lingkungan sayé tuh contohnya bermasyarakat satu sama lain tolong menolong dalam menjalani kebersihan bersama, kerja bakti. Kenapé sayé bisa nyaman tinggal dikampung saya karena dengan keadaan dikampung ini sangat nyaman untuk saya terutama beradaptasi dengan sesama keluarga lainnya.	1			Betawi	train	7.035647279549719		False	0.17263843648208466	False	5.262148996775001	0.5020632737276479	True
66c99d65171c314ca6147556b80a9058	20989	spontaneous-speech-bew-20989.mp3	30312	2500	Apé belanjé onlen terkenal di masyarakat sekiter Ente? Kalo iyé, sarana apé nyang paling sering dipake?	kalo dulu méh ga adé yang naményé bélanjé onlén dikampung ayé, bélamparan belanjé onlen, dulu méh kan sulit éh tapi kalo sekarang adé yang sebagian ga semuanyé orang belanjé onlen, dan disitu juga orang paling belanjényé paling juga, buat ke butuhan, kaya beli baju, kan muréh kalo dionlen, itu juga kalo yang bisa maén hp, kalo yang kampungan bat méh yah, bélamparan belanjé onlen kepasar ajé gangerti.	1			Betawi	train	11.117709158089204		False	0.32999999999999996	False	4.851848340284347	0.24209078404401652	True
88cf908ad8137aa6f5527b97584391dc	21042	spontaneous-speech-bew-21042.mp3	25308	2500	Apé belanjé onlen terkenal di masyarakat sekiter Ente? Kalo iyé, sarana apé nyang paling sering dipake?	orang ayé méh kalo onlen yang sering [ya] itu kalo yang sale-sale paling muréh déh baru déh dia masalah kata  dié tuh rajin banget itu yang namenyé onlen kalo lagi giliran mahal ya samé ya kaga di beli bagén katé keperluan banget yé ga kalo lagi muréh tuh lagi sale lagi promo kayé sendal,sepatu,minyak buru-buru déh dibeli dipesen di cekout di onlen, cuman kalo lagi mahal kaga.	1			Betawi	train	12.328117591275486		False	0.23936170212765961	False	6.134045973778844	0.8940852819807428	False
a68890e3cf92239d60ef959166a79dda	21464	spontaneous-speech-bew-21464.mp3	23832	2500	Apé belanjé onlen terkenal di masyarakat sekiter Ente? Kalo iyé, sarana apé nyang paling sering dipake?	ya aslinyé di kité tuh belanja onlen itu hubungannya kan baju.. terus aplikasinya namanya shopii ama lajada.. éhh tambah lagi sekarang tiktok shop.. wah udah makin banyak aja pada.. masyarakat lingkungan kité yang namanya belanja onlen ya suka sekarang mah..	1			Betawi	train	9.18932527693857		False	0.16078431372549018	False	5.557106272285485	0.6629986244841816	False
66c99d65171c314ca6147556b80a9058	20925	spontaneous-speech-bew-20925.mp3	21384	2513	Dalem 10 taun ke depan, begimané caré orang nikmatin seni budaya?	dengan kitê, mendengarkan, mengingat kembali, senibudaya kitê, jangan sampé terlupakan, dan jangan sampé ilang, karna kalo kita ga ingèt-ingèt, kalo kitê ga ngulang kembali. nanti, bisa jadi ilang senibudayê kitê.	1			Betawi	train	8.604564160119715		False	0.2571428571428571	False	6.181004957631419	0.9037138927097662	False
88cf908ad8137aa6f5527b97584391dc	20929	spontaneous-speech-bew-20929.mp3	27288	2513	Dalem 10 taun ke depan, begimané caré orang nikmatin seni budaya?	ya kita harus melestarikan dari sekarang.. sampè nanti cucu kita menikmati budaya kita.. mangkanya dari sekarang nih ayé, ayé mah ngga pernah robah-robah.. ayé mah emang logat ayé bégini nyampé ntar nih cucu cicit ayé udèh bahasényé begini.. biar jangan ilang seninya apalagi budaya di sini mah.. begitu emang..	1			Betawi	train	9.637936089123423		False	0.2012987012987013	False	5.448490801105411	0.5969738651994498	True
5bff828e73452d736037e3d5c5c5f4e6	21646	spontaneous-speech-bew-21646.mp3	38160	2513	Dalem 10 taun ke depan, begimané caré orang nikmatin seni budaya?	Ayé mah masih ada tuh kayak kalo kayak barètan tuh ada wayang kulit. Biar lestari sampé nanti itu anak, cucu, cicit. Terus kalo ada kegiatan kayak tujuh belasan, masih ada di kampung ayé panjat pinang. Terus kalo ada acara kayak inian tuh kegiatan sykuran juga masih ada tuh di kampung  biar nanti sampé nanti tuh anak, cucu, cicit masih melestariin terus tuh budaya di sini tuh, ciri khas kampung ayé begitu.	1			Betawi	train	8.857442348008385		False	0.3497536945812808	False	4.7291254155162425	0.171939477303989	True
bc82a592c4e12646378f67f8abef870f	20385	spontaneous-speech-bew-20385.mp3	17064	2745	Seberapé sering Ente Maen ke pantai?	Ya palingan kaga ampé setahun sekali kalo lagi, ada keluarga meh maén aje pada kita, ke sono bareng-bareng paling, paling sering mah momong bocah pade ngebak, pada gelipak baé di, pantai, sebutan mah begitu ya.	1			Betawi	train	10.314111579934364		False	0.106280193236715	False	5.307449169926613	0.5281980742778541	True
6f5d66a2f09f4f835c35e047386e542b	20663	spontaneous-speech-bew-20663.mp3	11916	2745	Seberapé sering Ente Maen ke pantai?	Biasanya liburan ke Pantai tuh diakhir tahun atau [ee] setelah lebaran libur sekolah gitu tahun kemaren si jalan-jalan ke Pantai Anyer itu, getring dari kantor.	1			Betawi	train	11.413225914736488		False	0.14012738853503182	False	5.591349760767128	0.686382393397524	False
52fd19bf7e8202318b8ee5b4d2cd0925	20876	spontaneous-speech-bew-20876.mp3	43848	2745	Seberapé sering Ente Maen ke pantai?	Kalo ke pantai mah dulu pas masih abg belia lah ampir setiap minggu, sabtu minggu-sabtu minggu, kadang jalan kaki ke pantai seneng bener pulang pergi jalan kaki pake sepeda paling banter yé. Kalo sekarang udah ini jarang paling ya sebulan dua bulan kadang tiga bulan baru sempet ke pantai, ya pantai kita mah tau sendiri kan, ngga kaya pantai di  Bali. Pantai kita mah bener-bener masih hutan ye jadi masih banyak pohon-pohon mangrov kayak-kayak gitu jadi gak sering-sering banget sih ke pantai.	1			Betawi	train	9.418901660280971		False	0.29065040650406504	False	5.32734323837702	0.5433287482806052	True
88cf908ad8137aa6f5527b97584391dc	21231	spontaneous-speech-bew-21231.mp3	15516	2745	Seberapé sering Ente Maen ke pantai?	Kalo aye si maen ke pantai ya ga begitu sering-sering banget si karna apé, [eeum] pantai anu si apetuh, di tempat laen kan jauh juga aye emang ga suka, pergi-pergi ke pantai .  	1			Betawi	train	9.216292858984277		False	0.14367816091954022	False	5.421966382337028	0.5845942228335625	True
a68890e3cf92239d60ef959166a79dda	21460	spontaneous-speech-bew-21460.mp3	19620	2745	Seberapé sering Ente Maen ke pantai?	Kite kalo maen ke pantai jarang-jarang, kite takut ombaknya, ngebaknya jarang kita mah di pantai paling kita di pantai cumamakan di tempat wisatanya, udeh kita abis makan kita balik ya.	1			Betawi	train	7.951070336391437		False	0.2362637362637363	False	4.967527328276129	0.32324621733149933	True
724d9ac0c1c5abaf145819862e87b6ba	21660	spontaneous-speech-bew-21660.mp3	31932	2745	Seberapé sering Ente Maen ke pantai?	Kalo ayé sih ya kalo amen ke pantai sih ya ga begitu sering-sering banget sih. ya paling kalo waktu anak-anak libur, anak-anak pengen jalan-jalan ke pantai baru ayé berangkat ke pantai. Ya nomer satunya pentingin ya itu ya duitnyé kira-kira ada kaga buat jalan-jalan ke pantai elok kite ke pantai kaga bawa duit, kan kalo di sana kan banyak tukang makanan, elok kita ngeliatin doang ke pantai.	1			Betawi	train	10.240511086057872		False	0.28717948717948716	False	4.788971575418672	0.2077028885832187	True
9191fa254a8ad3507fe679e6204d470f	20581	spontaneous-speech-bew-20581.mp3	8280	2744	Seberapé sering Ente naek gunung?	Jarang kite meh naik gunung, ora demén kita mah kaga demén naik gunung capé.	1			Betawi	train	7.608695652173914		True	0.20547945205479456	False			False
a68890e3cf92239d60ef959166a79dda	21458	spontaneous-speech-bew-21458.mp3	19332	2744	Seberapé sering Ente naek gunung?	Kite perneh yang namenye naek gunung itu 6 kali, ke gunung yang bede-bede. Itu juga udeh tau tentang alam, tentang gunung bagemane, kita harus menjaga kelestarian alam sekitar.	1			Betawi	train	7.707428098489551		False	0.1445086705202312	False	5.483248561351878	0.6134800550206327	False
724d9ac0c1c5abaf145819862e87b6ba	21674	spontaneous-speech-bew-21674.mp3	14868	2744	Seberapé sering Ente naek gunung?	Kalo pengalaman ayé sih ya ayé belum pernah sih naik gunung, tapi kalo denger cerite-cerite temen-temen ayé tuh naek gunung ye enak katanya, tapi gatau kalo udeh nyampe puncak, indah seru dah katanya, katanye.	1			Betawi	train	11.837503362927093		False	0.1893203883495146	False	5.260844395338781	0.5006877579092159	True
9191fa254a8ad3507fe679e6204d470f	20507	spontaneous-speech-bew-20507.mp3	8208	2464	Menurut Ente, apé ajé peran lelaki di masyarakat?	Péran laki dimasyarat mah banyak, lah émang laki apa namanya pemimpinnya kaum  	1			Betawi	train	8.04093567251462		True	0.06578947368421051	False			False
88cf908ad8137aa6f5527b97584391dc	21116	spontaneous-speech-bew-21116.mp3	27036	2464	Menurut Ente, apé ajé peran lelaki di masyarakat?	kalo peran laki di masyarakat si dikampung ayé sepertinyé contohnyé ada kegiatan kerja bakti, terus éhhh siskamling, itu sangat penting tuh karena apé dengan adanya siskamling tuh bisa menjadikan kampung lebih aman, terus yang maling-maling juga takut padé ngambil jadinyé dié biar ada kegiatannya tuh setiap malem biar dié kampung lebih aman dan tentram    	1			Betawi	train	11.13330374315727		False	0.19999999999999996	False	4.962316042131787	0.3218707015130674	True
fc2417aed3f3e13504285a1cbcb6d7ef	21669	spontaneous-speech-bew-21669.mp3	22968	2464	Menurut Ente, apé ajé peran lelaki di masyarakat?	Peran lélaki itu ada, contohnyé kayé gotong-royong, kerja bakti, kémudian juga itu kalo kita ngêronda itu kan laki-laki juga, kalo malêm tu ngerondê. Itu adé juga.	1			Betawi	train	6.008359456635319		False	0.13124999999999998	False	5.084838951311721	0.3947730398899587	True
724d9ac0c1c5abaf145819862e87b6ba	21679	spontaneous-speech-bew-21679.mp3	15444	2464	Menurut Ente, apé ajé peran lelaki di masyarakat?	Ménurut ayê mêh peran lélaki di kampung ayê itu kerja bakti, gotong royong gak cuman itu ajé, siskamling atau ngêronda di malam hari jadinya kita ènak dengan adênyê itu.	1			Betawi	train	9.12975912975913		False	0.06024096385542166	False	5.206968106061847	0.4580467675378267	True
a523a69994e1c3b9d453ffa3796ec254	20421	spontaneous-speech-bew-20421.mp3	40644	2450	Apé kegiatan Ente di malem ari biasenyé?	Kalo saya pribadi mah, tutor. Kalo ada yang nanya, ya kita paling nêlpon kalo kata orang sekarang mah nêlponnya pidio kol namanya. Cuma bahasa canggihnya sekarang mah Zoom. Udah gitu aja sampé malem sampe jêm satu sêtengah dua. Têrgantung yang mau ditanya apa. Biasanya mah ya begitu dah, maklum mahasiswa sekarang males-males baca pengennya nanya.	1			Betawi	train	7.233540005904931		False	0.19130434782608696	False	5.5203502777353215	0.640990371389271	False
9191fa254a8ad3507fe679e6204d470f	20442	spontaneous-speech-bew-20442.mp3	13212	2450	Apé kegiatan Ente di malem ari biasenyé?	Kegiatan ané mah di malem ari ya biasanya kalo kagak ada undangan anu tahlilan ya kita biasanya ngeronda aja tu di pos kamling ya bareng temen-temen ana, ada sedulur-sedulur ana.	1			Betawi	train	11.277626400242204		False	0.1428571428571429	False	5.278606981201309	0.5116918844566712	True
6f5d66a2f09f4f835c35e047386e542b	20681	spontaneous-speech-bew-20681.mp3	17028	2450	Apé kegiatan Ente di malem ari biasenyé?	Kegiatan gué biasanya dimalam hari kalau misalkan gué éngga main ya gué dirumah aja, kaya main HP, ngeliat-liat kerjaan yang kaya gitu, kaya mau ngélamar-lamar kérjaan térus kaya ngéliat-liat sosial media gitukan ada berita apa gitu, gitu aja si.	1			Betawi	train	12.21517500587268		False	0.2098765432098766	False	5.002286860672781	0.3466299862448418	True
52fd19bf7e8202318b8ee5b4d2cd0925	20765	spontaneous-speech-bew-20765.mp3	46908	2450	Apé kegiatan Ente di malem ari biasenyé?	kalo kité sih kégiatan malém.. kalo malém hari ya silat.. kita kan orang bétawi.. silat, ngaji, tuh begitu.. kalo orang bétawi mah ngga jauh dari ngaji silat.. udéh tuh yé blajar.. jadi kita juga salah satu ngéléstariin budaya juga ya.. silat itu kan budaya bangsa kité yang harus kité léstariin.. mangkanyé kité anak-anak kité semua kita kumpulin kalo malém.. abis pulang ngaji ayo kita latian maén pukul ya.. dulu maén pukul.. sekarang aja bahasa silat.. kayak gitu sodaré..	1			Betawi	train	8.506011767715528		False	0.2790697674418605	False	4.885354720918616	0.2668500687757909	True
88cf908ad8137aa6f5527b97584391dc	21255	spontaneous-speech-bew-21255.mp3	11484	2450	Apé kegiatan Ente di malem ari biasenyé?	kalo kegiatan ayé si dimalém hari yé biasényé ya emang gitu doang di rumah ya nonton tipi ya nonton kuli ya nonton sinetron kalo nonton bérsah-bérsih udéh déh matiin ajé.	1			Betawi	train	12.277951933124347		False	0.17365269461077848	False	5.679507294103928	0.7359009628610729	False
88cf908ad8137aa6f5527b97584391dc	20978	spontaneous-speech-bew-20978.mp3	29412	2547	Nasehat apé nyang bakal Ente kasiin ke orang nyang lagi sedih pas ngerasé gagal atow masalé idup?	Kalau adè yang curhat amè ayè mèh nih, dia lagi galau ayo ceritain udèh jangan sedih, lah èmang kita udèh inian besok kali adèh lebih baik lagi. sabar emang gè hidup begitu cobaan sekarang apè-apè kita gagal kali besok  kita lebih baik lagi mangkanyè ni kita kudu banyak-banyak berdoa nah ini pelajaran bakal kita ni gapapa gagal besok  kali kita lebih baik lagi 	1			Betawi	train	10.131918944648444		False	0.26388888888888884	False	6.194804486643844	0.9078404401650619	False
66c99d65171c314ca6147556b80a9058	21227	spontaneous-speech-bew-21227.mp3	18540	2547	Nasehat apé nyang bakal Ente kasiin ke orang nyang lagi sedih pas ngerasé gagal atow masalé idup?	kita harus semngat walaupun kitè udèh gagal menjalaninnyè kita harus tetap menanp masa depan kitè kita harys semngat 	1			Betawi	train	5.339805825242719		False	0.24561403508771928	False	6.5409551958343	0.9628610729023384	False
a68890e3cf92239d60ef959166a79dda	21559	spontaneous-speech-bew-21559.mp3	32220	2547	Nasehat apé nyang bakal Ente kasiin ke orang nyang lagi sedih pas ngerasé gagal atow masalé idup?	kalo ada orang yang lagi sedih, kitè harus, ngasih masukan, biar orang itu biar ga sedih begimanè caranyè biar kita harus ngasih yang, bahasanya yang terbaik dèh, gaboleh sedih, ga boleh patah semangat kita, kita harus semangat , karna apapun yang terjadi yang  mungkin udèh takdir kita harus jalanin dan kita harus kedepan lebih semangat itu kita harus kasih motivasi lah.	1			Betawi	train	9.68342644320298		False	0.29729729729729726	False	4.983331844050951	0.3328748280605227	True
5bff828e73452d736037e3d5c5c5f4e6	21603	spontaneous-speech-bew-21603.mp3	21132	2547	Nasehat apé nyang bakal Ente kasiin ke orang nyang lagi sedih pas ngerasé gagal atow masalé idup?	kan ayè bilang gini.. udah jangan sedih-sedih banget lababin kenapa antèpin.. èmang udah inian kali kejadian.. abisnya mau kayak gimana?.. nikmatin aja udah besok bisa berapa kali.. siapa tau namanya milik rejeki mah ngga ada yang tahu..	1			Betawi	train	9.511641113003977		False	0.07692307692307687	False	6.584705589016355	0.9669876203576341	False
9191fa254a8ad3507fe679e6204d470f	20462	spontaneous-speech-bew-20462.mp3	19620	2456	Apé wajar orang-orang tidur tengeh malem? (lebih dari jem 10 malem)	kurang wajar karna jam éféktif tidur itu ya jam 9 kalo udéh jam 10 mah mao ngapain tar anak apa lagi bocah-bocah ya kalo dia tidur diatas jam 9 itu tar sekolanya pada késiangan pada ngantk di di kolaan 	1			Betawi	train	8.307849133537207		False	0.15577889447236182	False	6.160852983199094	0.8995873452544704	False
6f5d66a2f09f4f835c35e047386e542b	20734	spontaneous-speech-bew-20734.mp3	17928	2456	Apé wajar orang-orang tidur tengeh malem? (lebih dari jem 10 malem)	Gak wajar karéna untuk késéhatan itu kan éngga bagus tidur diatas jam 10 malém karéna paginya éngga fit untuk yang mélakukan pékérjaan gitu biasanya tidur yang paling fit itu jam 9 méntok-méntok tuh jam 10 supaya paginya kétika kérja itu tuh udah fit bangét kondisi bandannya udah normal  	1			Betawi	train	13.386880856760374		False	0.2027972027972028	False	6.6014115378207	0.9724896836313618	False
66c99d65171c314ca6147556b80a9058	21091	spontaneous-speech-bew-21091.mp3	27252	2456	Apé wajar orang-orang tidur tengeh malem? (lebih dari jem 10 malem)	ya wajar aja si adé juga kan yang namenyé manusia ituu kan adé yang tidur nyé malem, adé juga yang tidur yang jam 9 udeh tidur, tergantung dah masing-masing seleranyé karna kan manusia itu kan kité, adé juga, kegiatannya, adé juga yang mungkin ngewarung, ngelayanin warung [ya] yang ngelayanin juga	1			Betawi	train	9.1369440774989		False	0.30847457627118646	False	5.599534393333299	0.6905089408528198	False
88cf908ad8137aa6f5527b97584391dc	21249	spontaneous-speech-bew-21249.mp3	13860	2456	Apé wajar orang-orang tidur tengeh malem? (lebih dari jem 10 malem)	kalo ayé sih ya, kalo tidur malem malem ga wajar, ngapain tidur malem-malem kalo ga ada artinya, ya mending tidur sore-sore biar badan kita sehat, biar kita bisa bangun pagi-pagi	1			Betawi	train	10.75036075036075		False	0.19999999999999996	False	4.878731704084372	0.2640990371389271	True
a68890e3cf92239d60ef959166a79dda	21319	spontaneous-speech-bew-21319.mp3	23580	2456	Apé wajar orang-orang tidur tengeh malem? (lebih dari jem 10 malem)	kalau sekarang mah tidurnya gak banyak tuh nyampé lewat dari jam 10, kaya anak-anak zaman sekarang juga nyampé pagi tidurnya kaya bégadang gitu, banyak masyarakat disini tuh tidur-tidurnya tuh sekarang lewat dari jam 10 malem lah. 	1			Betawi	train	8.26972010178117		False	0.2894736842105263	False	4.462063470047125	0.08528198074277854	True
9191fa254a8ad3507fe679e6204d470f	20440	spontaneous-speech-bew-20440.mp3	12888	2718	Biasényé, Ente jalan-jalan ke luar koté naek apé?	anè biasa jalan-jalan ke luar kota mah naèk mobil kadang naèk angkot gitu.. mobil juga boleh minjèm karena èmang èngga punya mobil jadi biasa naèk angkot..	1			Betawi	train	10.086902545003104		False	0.1842105263157895	False	5.235847360203398	0.48418156808803303	True
6f5d66a2f09f4f835c35e047386e542b	20742	spontaneous-speech-bew-20742.mp3	17784	2718	Biasényé, Ente jalan-jalan ke luar koté naek apé?	biasanyè gua jalan keluar kota tuh bawa mobil ke bandung bawa mobil kaya ke lampung kerumah, keluarga bokap gua tuh bawa mobil pribadi, karna itu kita bisa ngeliat, karna seru aja barèng-barèng keluarga itu seru banget.	1			Betawi	train	10.3463787674314		False	0.2592592592592593	False	4.60804388547994	0.12929848693259974	True
88cf908ad8137aa6f5527b97584391dc	20919	spontaneous-speech-bew-20919.mp3	12132	2718	Biasényé, Ente jalan-jalan ke luar koté naek apé?	lah ayèmèh kalo pepergian lah itu naèk motor abisnyè disini mèh jauh angkutan umum jadinyè kita mah naik motor kemanè ajè dèh pergi naèk motor 	1			Betawi	train	9.72634355423673		False	0.13571428571428568	False	5.5816933098018575	0.6767537826685007	False
bc82a592c4e12646378f67f8abef870f	20477	spontaneous-speech-bew-20477.mp3	15084	2477	Bué-buéan apé nyang paling sering dipake buat kegiatan di masyarakat?	Ya paling kadang pisang, jeruk, begitu ya amé salak buat tahlilan kita amé hajatan, hajatan kadang orang maké jeruk doang ditaro di meja amé piring, dipiringin da tuh amé pisang, begitu doang dah.	1			Betawi	train	10.872447626624238		False	0.24352331606217614	False	6.285994084016166	0.9243466299862448	False
9191fa254a8ad3507fe679e6204d470f	20503	spontaneous-speech-bew-20503.mp3	23004	2477	Bué-buéan apé nyang paling sering dipake buat kegiatan di masyarakat?	biasa mah buah-buahan yang biasa dipaké di acara-acara kita mah biasanya jeruk, pisang, salak, ya semangka. Ya ora ada anggur, ora ada apa namanya pir ya kan namanya pir anggur harganya mahal. Orang kita kagak kuat kita belinya, paling kuat belinya cuman beli pisang ya, pisang, salak ya ama itu jeruk.	1			Betawi	train	10.954616588419404		False	0.28093645484949836	False	5.897552277096686	0.828060522696011	False
6f5d66a2f09f4f835c35e047386e542b	20590	spontaneous-speech-bew-20590.mp3	11304	2477	Bué-buéan apé nyang paling sering dipake buat kegiatan di masyarakat?	Buah-buahan yang suka dipaké di acara hajatan pernikahan itu biasanya ada salak, jeruk, terus ada melon, ada semangka, ada pisang.    	1			Betawi	train	9.819532908704884		False	0.07633587786259544	False	6.061909700520855	0.8762035763411279	False
88cf908ad8137aa6f5527b97584391dc	20926	spontaneous-speech-bew-20926.mp3	24156	2477	Bué-buéan apé nyang paling sering dipake buat kegiatan di masyarakat?	Buah pisang, lah di sini mah yang numbuh cuma buah pisang. Kalo kegiatan mah kalo orang hajatan bikin lémpéng. Jadinya ini buah pisang di sini mah yang berkembang di kampung ayé mah yang berkembang tuh  yang bakal buat kegiatan masyarakat pisang doang dijadiin lémpéng. Abisnya numbuh itu doang di kampung ayé, buahan yang gampang.	1			Betawi	train	11.467130319589335		False	0.3780487804878049	False	4.64794139402038	0.14580467675378267	True
bc82a592c4e12646378f67f8abef870f	20394	spontaneous-speech-bew-20394.mp3	24012	2501	Barang-barang apé ajé nyang biasenyé dibeli lewat onlen? Dan, kenapé orang-orang lebih sering beli tuh?	Lah pan timbang beli ini doang, daster yang dua puluh lima rébu ama yang promo-promo sabun yang ceban dapet séréncéng, garem yang céban ampé dua puluh biji. Ya kan mayan buat ari-ari mah kita masak, buat maen apa sih, buat baju ari-ari buat tidur ama buat nyuci mah sabun segitu mah cukup.	1			Betawi	train	9.911710811261036		False	0.1853146853146853	False	7.120840752437578	0.9958734525447043	False
9191fa254a8ad3507fe679e6204d470f	20494	spontaneous-speech-bew-20494.mp3	28224	2501	Barang-barang apé ajé nyang biasenyé dibeli lewat onlen? Dan, kenapé orang-orang lebih sering beli tuh?	Biasanya mah orang-orang beli barang di online biasanya beli baju, karena beli baju di online mah satu murah, yang kedua kita kaga capé jalan ke pasarnya, lebih murah. Kalo jalan ke pasarnya apalagi ke tanah abang ongkosnya aja ogohan kita udah paling banyak ngéluarin ongkos buat ongkos doang mah tekor mendingan belanja online. Beli online kita cuma tinggal ngetik, ngeklik, udah daténg dah barangnya. 	1			Betawi	train	12.046485260770975		False	0.25187032418952615	False	5.445180174847027	0.594222833562586	True
9191fa254a8ad3507fe679e6204d470f	20494	spontaneous-speech-bew-20494.mp3	28224	2501	Barang-barang apé ajé nyang biasenyé dibeli lewat onlen? Dan, kenapé orang-orang lebih sering beli tuh?	biasanyé mah orang-orang beli barang di onlen biasanya beli baju.. karena beli baju di onlen mah satu murah.. yang kedua kita kagak capé jalan ke pasarnya.. lebih murah.. kalo jalan ke pasarnya apalagi ke tanah abang ongkosnya aja ogohan kita.. udah paling banyak ngeluarin ongkos buat ongkos doang mah tékor.. mending belanja onlen.. udah onlen kita cuman tinggal ngétik tinggal ngéklik udah daténg barangnya..	1			Betawi	train	12.329931972789115		False	0.29166666666666663	False	5.232860497664366	0.4814305364511692	True
6f5d66a2f09f4f835c35e047386e542b	20638	spontaneous-speech-bew-20638.mp3	37980	2501	Barang-barang apé ajé nyang biasenyé dibeli lewat onlen? Dan, kenapé orang-orang lebih sering beli tuh?	karna kalo beli barang online itu kita gaperlu daténg ketempat cuman skrol skrol aja ééé di online trus di cekot langsung bayar tiba-tiba tuh barangnya beberapa hari kemudian tuh daténg tapi kita harus liat dulu barang-barangnya tuh ééé biasanya ada, ada bintangnya berapah misalkan bintang lima itu barangnya berati udah bagus nah itu gapapa di cekot gitu kenapa sering beli jadi tuh kita ga makan waktu untuk jalan keluar terutama kita tinggal tunggu dirumah aja bayar lewat hape nah itu langsung diproses nah itu nanti tiga hari kemudian biasanya  barangnya udéh daténg	1			Betawi	train	12.63823064770932		False	0.29525483304042177	False	5.803963360767034	0.7854195323246217	False
88cf908ad8137aa6f5527b97584391dc	20943	spontaneous-speech-bew-20943.mp3	34524	2501	Barang-barang apé ajé nyang biasenyé dibeli lewat onlen? Dan, kenapé orang-orang lebih sering beli tuh?	Beli di sini, beli baju yang muréh. Kalo ada tuh yang kayak acara yang sale-sale begitu, séndal, tas. Sini mah kan jauh dari mana-mana. Jadinya makanya belinya onlen tu yang begitu tuh yang mureh-mureh. Orang sini mah résép sama yang muréh-muréh apalagi yang sale-sale kayak bégitu tuh. Résép jadinya makanya di sini mah kalo, apalagi acara promo-promo udah, belinya onlen, beli baju bagan kata jélék dah résép ajé. Orang di sini mah jauh dari mol. Jauh banget.	1			Betawi	train	11.151662611516626		False	0.37117903930131	False	5.113354726192718	0.41127922971114167	True
66c99d65171c314ca6147556b80a9058	21230	spontaneous-speech-bew-21230.mp3	14472	2501	Barang-barang apé ajé nyang biasenyé dibeli lewat onlen? Dan, kenapé orang-orang lebih sering beli tuh?	biasényé beli. baju, térus beli séndal.	1			Betawi	train	2.3493642896627973	transcription-length	False	0.05555555555555558	False	5.7092304510694225	0.7441540577716643	False
a68890e3cf92239d60ef959166a79dda	21436	spontaneous-speech-bew-21436.mp3	22896	2501	Barang-barang apé ajé nyang biasenyé dibeli lewat onlen? Dan, kenapé orang-orang lebih sering beli tuh?	bisanyé tuh kalo yang belanjanyé lewat onlen    tu kebanyakan pada beli buaaju, pakéan tu pakéan. suka ada paling perabot-perabotan suka bénér tuh orang-orang belinyé ituan mulu.sekarang-sekarang mah enak online mah ampé depan rumah itu nyampé di anterin	1			Betawi	train	9.390286512928022		False	0.16733067729083662	False	5.616590021660252	0.6973865199449794	False
bc82a592c4e12646378f67f8abef870f	20363	spontaneous-speech-bew-20363.mp3	14184	2729	Begimané caré aman pas kité pegi perjalanan jauh ke luar pulao? 	Biasa kalo kita pegian jauh mah [umm] yang lebih hemat mah naik kereta kali yak, buat lewatin-lewatin biasa aja kota-kota begitu. Sekalian jalan-jalan jauh.	1			Betawi	train	9.376762549351382		False	0.13725490196078427	False	5.742601010492982	0.7579092159559835	False
a523a69994e1c3b9d453ffa3796ec254	20404	spontaneous-speech-bew-20404.mp3	26928	2729	Begimané caré aman pas kité pegi perjalanan jauh ke luar pulao? 	Jalan-jalan keluar pulo, naek kapal, saya juga ke pulo sono, Pulo Tidung, belom pernah ke pulo-pulo laen, ongkosnya yang dipikirin, Pulo Tidung nyebrang dua hari tiga malem juga yaudah yang penting nyampe pulo, masih Jakarta-Jakarta juga kaga papa yang penting pulo. 	1			Betawi	train	8.392751039809863		False	0.23106060606060608	False	5.850802111702526	0.81292984869326	False
6f5d66a2f09f4f835c35e047386e542b	20730	spontaneous-speech-bew-20730.mp3	21780	2729	Begimané caré aman pas kité pegi perjalanan jauh ke luar pulao? 	Biasanya gue selalu membawa akomodasi yang tas, jadi kita cuma berhenti di rest area cuma istirahat, solat kaya gitu, nah dan di perjalanan tuh naik mobil biasanya kaya seftibelt harus banget, harus banget dipake di depan, di tengah harus banget dipake. karena itu buat keselamatan. 	1			Betawi	train	10.927456382001836		False	0.1607142857142857	False	5.59490492395207	0.687757909215956	False
88cf908ad8137aa6f5527b97584391dc	21243	spontaneous-speech-bew-21243.mp3	30852	2729	Begimané caré aman pas kité pegi perjalanan jauh ke luar pulao? 	Perjalanan aman kita keluar Pulau Jawa yang pertama menyiapkan duit, dalam keadaan sehat, terus kita menyiapkan bekel apa yang kita bawa, kita siap-siapin karena kan kita perjalanan jauh, kita kan gatau perjalanan ape entar kita sakit ape entar kita kenape, pengennye sih ya sehat-sehat terus.   	1			Betawi	train	8.07078957604045		False	0.2832764505119454	False	5.148907477275775	0.42916093535075656	True
bc82a592c4e12646378f67f8abef870f	20547	spontaneous-speech-bew-20547.mp3	15300	2732	Menurut Ente, apé kité perlu bawé bekel makanan pas ke tempat wisaté?	ya mustinya mah begitu biar kagak terlalu olok-olok bet, jajan di sono mah mahal-mahal banget. Ya pegi dari di rumah kita udah nyiapin buat ganjel perut mah kudu yaa, ampe sono pada gelar. ya kalo beli ge pada olok duit abis baé	1			Betawi	train	12.22222222222222		False	0.09333333333333338	False	6.779553729168255	0.9876203576341128	False
6f5d66a2f09f4f835c35e047386e542b	20676	spontaneous-speech-bew-20676.mp3	25596	2732	Menurut Ente, apé kité perlu bawé bekel makanan pas ke tempat wisaté?	kalo misalkan budgetnya ngepas atau emang ga terlalu banyak untuk bawa  bekel ketempat wisata tuh masih worth it banget ya kan kita emang gatau di tempat wisata tersebut ada makanan apa kan jadi biasanya keluarga gue tuh kalo misalkan ketempat wisata tetep bawa makanan pribadi sih, untuk nanti jajan di daerah tempat tuh nnti kan bisa dipikirin lagi.	1			Betawi	train	11.447101109548369		False	0.25	False	4.87050344217977	0.2613480055020633	True
66c99d65171c314ca6147556b80a9058	21244	spontaneous-speech-bew-21244.mp3	15120	2732	Menurut Ente, apé kité perlu bawé bekel makanan pas ke tempat wisaté?	Iya penting kalo kita mau ke wisata kita harus bawa bekel. Kalo udah bawa bekel enak gitu di sono tinggal makan.	1			Betawi	train	6.084656084656085		False	0.11926605504587151	False	4.559399144934075	0.11141678129298486	True
88cf908ad8137aa6f5527b97584391dc	21272	spontaneous-speech-bew-21272.mp3	61344	2732	Menurut Ente, apé kité perlu bawé bekel makanan pas ke tempat wisaté?	Untuk kité kalo orang Bekasi biasenyé kalo mao kemané-mané ni mao ke hutan, nyari kayu, mau mancing, mau wisata, itu pasti bawa timbel atau bentelan nasi di masak, dibungkus, campurin teri sama sambel [bwehh] itu-itu ajé nikmat bener itu aja untuk ke wisata juga sekeluarga masak juga seliter setengah itu juga makanye itu kalo orang Bétawi ini kite informasin, kalo orang Bétawi itu khususnya bekasi utara itu kalo ke wisata kaga ada yang beli makan di luar bawa nasi dari rumah di timbel atau yang di gulung pake daon, pake sambel, ikan asin udeh uplek bener itu, seperti itu. 	1			Betawi	train	7.82472613458529		True	0.2569444444444444	False			False
a68890e3cf92239d60ef959166a79dda	21451	spontaneous-speech-bew-21451.mp3	17964	2732	Menurut Ente, apé kité perlu bawé bekel makanan pas ke tempat wisaté?	penting itu, penting kite bawa bekel karne biasenye di tampat wisata makananeh jajananeh mahal-mahal apelagi kite misalnye bawa bekel aje udeh dari rumeh tar kite tinggal makan di sonoh 	1			Betawi	train	8.739701625473169		False	0.180327868852459	False	5.748557221999877	0.7606602475928473	False
bc82a592c4e12646378f67f8abef870f	20488	spontaneous-speech-bew-20488.mp3	18540	2784	Ceritain atu tokoh pahlawan dari negaré Ente!	Ade sejarah, kita punya guru gitu, ya, kong H Noer Ali yang ceritanye udeh kedenger ke mane tau baé ya. Itu yang sejarah pahlawan kita dah bahasanya. Dari ujung ke ujung gé orang pada tau [he'em].  	1			Betawi	train	8.683926645091693		False	0.10256410256410253	False	5.724844695358519	0.749656121045392	False
66c99d65171c314ca6147556b80a9058	21062	spontaneous-speech-bew-21062.mp3	26388	2784	Ceritain atu tokoh pahlawan dari negaré Ente!	Pahlawan kita itu Bapak K.H Noor ali, dia seorang tokoh agama, dia seorang pahlawan bangsa, dia orang yang sangat luar biasa. Semangatnya tinggi dan dia bisa dengan ilmunya itu sehingga dia bisa menaklukan para penjajah. 	1			Betawi	train	7.048658481127785		False	0.1834862385321101	False	5.998583014161613	0.8528198074277854	False
88cf908ad8137aa6f5527b97584391dc	21238	spontaneous-speech-bew-21238.mp3	22716	2784	Ceritain atu tokoh pahlawan dari negaré Ente!	Pahlawan di negara kita mah ya ibu kita kartini, cut nyak dien, patimura. Nah contohnya kayak ibu kita kartini memerankan tokoh wanita tuh, dia mengangkat derajat wanita terus menjadi wanita lebih maju dan lebih terhormat karena adanya Raden R.A Kartini.	1			Betawi	train	9.46469448846628		False	0.16733067729083662	False	7.0057506405534316	0.9944979367262724	False
724d9ac0c1c5abaf145819862e87b6ba	21645	spontaneous-speech-bew-21645.mp3	32112	2784	Ceritain atu tokoh pahlawan dari negaré Ente!	Tokoh perawan yang ayé tau si, kaye Raden Ajeng Kartini, dié kan tuh kan yang berperan sebagai perempuan terus mengangkat derajat perempuan yang sekarang mungkin yang jadi [eum] panutan bagi seorang perempuan. Kenape? karena derajat perempuan tuh bisa di angkat dan bisa berubah karna adanya Raden Ajeng Kartini.	1			Betawi	train	8.252366716492277		False	0.2783171521035599	False	6.191536141527488	0.90646492434663	False
9191fa254a8ad3507fe679e6204d470f	20357	spontaneous-speech-bew-20357.mp3	41616	2520	Menurut pendapat Ente, apé tujuan atow hal nyang paling penting dalem pendidikan?	menurut ané tujuan pendidikan ya dalam pendidikan itu [ééé] penanaman nilai-nilai karakter akhlak adab gitu ya menurut ana tuh itu yang paling penting dalam pendidikan itu ditanamkan nilai-nilai [ééé] adab dan karakter anak-anak kadang banyak sekarang bocah-bocah sekarang pada songong gara-gara apasih namanya kurang dididik amê guru-gurunya tuh prihal adab gitukan  songong pada bêlagu begitu jadi tujuannya itu yang paling penting dalam pendidikan itu penanaman karakter atau adab dari seorang anak tersebut. 	1			Betawi	train	10.54882737408689		False	0.4027504911591355	False	5.092098132527216	0.3988995873452545	True
52fd19bf7e8202318b8ee5b4d2cd0925	20773	spontaneous-speech-bew-20773.mp3	62028	2520	Menurut pendapat Ente, apé tujuan atow hal nyang paling penting dalem pendidikan?	'êêêê' soal pendidikan kité orang bêtawi juga ni orang kampung lah penting, émang dulu. Dulu mah lulus SD udah ngasoh dah yé 'êêê'. èngga laén udéh lo sekolèh jangan tinggi-tinggi bentar lagi lu nikéh. Lah sekarang mah èngga ya, 'êêê' orang masih peduli orang tua apalagi biar orang kampung orang bètawi sekarang udéh banyak yang jadi pejabat terus sekolahnya tinggi ye S1, S2, S3, S mambo ya. Itu 'êêê' sekarang apa penting yé buat orang-orang  kité jadi èngga kaya dulu lah. Jadi pendidikan di kita ini khususnya di lingkungan bêtawi sekarang jadi hal yang nomor satu ya buat anak-anak keturunan kité biar anak kité engga dibodoh-bodohin, engga di tolol-tololin sama orang yé begitu.  	1			Betawi	train	9.221641839169408		True	0.29093567251461994	False			False
88cf908ad8137aa6f5527b97584391dc	21063	spontaneous-speech-bew-21063.mp3	14292	2520	Menurut pendapat Ente, apé tujuan atow hal nyang paling penting dalem pendidikan?	pendidikan itu membuat kita jadi bisa membaca menulis.. dan menjadi kita tau pêngalaman.. dan kita menjadi wawasan yang luas..	1			Betawi	train	7.556675062972292		False	0.1869918699186992	False	5.107730977236565	0.40990371389270974	True
66c99d65171c314ca6147556b80a9058	21181	spontaneous-speech-bew-21181.mp3	43884	2520	Menurut pendapat Ente, apé tujuan atow hal nyang paling penting dalem pendidikan?	Karna pendidikan itu kan penting. Orang yang berpendidikan ama orang yang gak berpendidikan itu bedê. Kalo orang yang berpendidikan itu kan, maksudnya bèda dêh antara orang yang berpendidikan ama orang yang gak ada pendidikannya. Dari bicaranyê, kemudian dari sopan santunnyê, kemudian kalo lagi ketemu orang. Jadi ibaratnya lebih sopan dêh. Bèda ama orang yang gak ada pendidikannya dari bicaranya juga bedê, dari bertemu orang juga bèdê. Pokoknya bèda dêh antara orang yang berpendidikan ama orang yang gak berpendidikan.	1			Betawi	train	10.163157415003193		False	0.5461538461538462	True			False
a523a69994e1c3b9d453ffa3796ec254	20445	spontaneous-speech-bew-20445.mp3	41328	2800	Menurut pendapat Ente, begimané peran keluargé buat ngejagé bahasé daerah Ente?	penting banget buat ngejaga, ehh, apaya, kita ngomong biar kaga ilang betawi nya makanya jaman dulu, orang betawi kagak boleh, kawin sama bukan orang betawi alasanye biar betawi nya jangan ilang, tapi namanya orang idup punya pilihan sendiri banyak yang kawin yang enggak sama orang betawi, begitu sih alesannye, tapi mah, mau kawin sama siapa ge kita mah jangan lupa, kita tuh asal nya dari mana. 	1			Betawi	train	8.033294618660472		False	0.26582278481012656	False	5.048420985934744	0.37276478679504815	True
9191fa254a8ad3507fe679e6204d470f	20464	spontaneous-speech-bew-20464.mp3	20628	2800	Menurut pendapat Ente, begimané peran keluargé buat ngejagé bahasé daerah Ente?	peran keluarge buat ngejaga bahasa daerah ya sangat penting. karena kalo kagak biasanya bahasa yang digunakan ama keluarga mah biasa bahasa daerah sendiri. ngga mungkin kan keluarga kita pake bahasa inggris. ngga mungkin kan keluarga kita pake bahasa  selain bahasa kita gitu.	1			Betawi	train	11.343804537521814		False	0.34798534798534797	False	4.078705945896307	0.016506189821182942	True
88cf908ad8137aa6f5527b97584391dc	21016	spontaneous-speech-bew-21016.mp3	28440	2800	Menurut pendapat Ente, begimané peran keluargé buat ngejagé bahasé daerah Ente?	ya kalau keluarga meh emang udah pakai logatnye iye sehari-hari makanye aye meh bahase aye kalau kumpul udeh rame banget bahasenye keluar iye, boro-boro kaya orang-orang keluar dari kote ngomong nya aku kamu, kaga aye meh, deket logat aye, gapernah aye rubah-rubah ya emang begini aye makanya aye kalo kumpul sama temen-temen udeh ketahuan tandesnye kalo ngomong, begitu aye meh	1			Betawi	train	11.21659634317862		False	0.2506666666666667	False	5.20230913490458	0.45392022008253097	True
66c99d65171c314ca6147556b80a9058	21224	spontaneous-speech-bew-21224.mp3	14436	2800	Menurut pendapat Ente, begimané peran keluargé buat ngejagé bahasé daerah Ente?	Peran warga itu emang penting banget apalagi pada waktu kita ngumpul bareng. Kita harus menjage bahasa daerah kite dengan sebaik mungkin.	1			Betawi	train	8.104738154613466		False	0.014925373134328401	False	4.769608875884844	0.1939477303988996	True
9191fa254a8ad3507fe679e6204d470f	20519	spontaneous-speech-bew-20519.mp3	17064	2521	Nyang begimané peran ideal orang tué dalem ngedidik anak di rumé?	peran orang tua buat ngedidik anak-anak yang ngga bisa ditinggalin.. lah kalo ngandèlin cuman dari kolahan doang dari guru lah dia kan di kolah cuman lima jêm.. sisanya barèng ama kita barèng ama orang tua.. makanya penting banget itu ngedidik anak orang tua di rumah..	1			Betawi	train	13.18565400843882		False	0.23308270676691734	False	5.002569847903356	0.34800550206327374	True
52fd19bf7e8202318b8ee5b4d2cd0925	20775	spontaneous-speech-bew-20775.mp3	72252	2521	Nyang begimané peran ideal orang tué dalem ngedidik anak di rumé?	[êê] kalo dulu sama sekarang kayényé gajauh bèda kalo di lingkungan bètawi yé bètawi kité bèkasi, jadi, dulu anak itu wajib yang namanya ngaji itu [wajib] , sekarang sama [yé], jadi ngedidik anak tuh [êê] yang pertama itu nomor satu itu orang bêtawi itu harus bisa ngaji, yang kedua baru [ya] sekolah, sekolah juga harus [ya] dulu ga ngaji [ya] di sabêtin [yé] paké anu dah cabang kayu [êê] pantat kité di sabètin padè merah ama orang tua, sekarang gè sama [yé] ga ngaji [ya] di sabètin dah pokonyê tapi ngedidik [yê] bukannyé di séksé itumah bukan, sekolah juga sama [yé] juga wajib sekarang juga ga kaya dulu kan ésdé-ésdé ajé gitu gaboleh tinggi-tinggi sekolah katényé begitu sekarang enggak insyaolloh orang-orang kitè udéh padè paham tentang pendidikan sampé [êê] jenjang kuliah juga sekarang mah bisa dijabanin begitu [yé].	1			Betawi	train	9.57758954769418		True	0.3462469733656174	False			False
a68890e3cf92239d60ef959166a79dda	21577	spontaneous-speech-bew-21577.mp3	35496	2521	Nyang begimané peran ideal orang tué dalem ngedidik anak di rumé?	peran orang tuê itu yê pertamê kitê sebagai orang tuê itu nomor satu sebagai pendidik karna orang tuê itu sangat berperan dalam mendidik anaknya dimanapun berada têtêp orang tuê tuh nomor satu sebagai pendidik yang utama kalo disekolah kan bèda lagi waktunyê dikit tetapi kalo yang namanyê orang tuê tuh tugasnyê tuh mendidik anaknyê apapun yang terjadi orang tuê tuh harus bênêr-bênêr tanggung jawab dan mendidik ke anaknya sampai anaknya sukses. 	1			Betawi	train	10.620915032679738		False	0.34606741573033706	False	5.273604781728405	0.5075653370013755	True
a523a69994e1c3b9d453ffa3796ec254	20355	spontaneous-speech-bew-20355.mp3	56124	2516	Begimané peran masyarakat ngebantu ningkatin kuwalitas kemampuan dan keterampilan?	Orang sekarang mah susah diajak benérnya. Sekolah pada kagak mau. Baru juga madrasah,SMP, udah berenti pengennya kerja aja pikiran. Kalo di awé-awé buat jadi begini begitu tu ama RT pada ogah. Karang Taruna ya ogah. Susah yak, gimana yak, bocah sekarang mikirnya  pengennya seneng doang sih. Pengennya ya sekolah semua apalagi tau sendiri dah kita mah begitu. Palingan juga ya pada sekolah aja dulu, paling nggak sampé SMA, syukur-syukur mah ampé kuliah biar pikirannya rada benèr dikit. Jangan ujug-ujug pengennya kerja, kerja ntar unjung-unjungnya kerja begini begitu yang disalahin pabriknya. 	1			Betawi	train	8.997933148029363		True	0.2681281618887015	False			False
a68890e3cf92239d60ef959166a79dda	21601	spontaneous-speech-bew-21601.mp3	48276	2516	Begimané peran masyarakat ngebantu ningkatin kuwalitas kemampuan dan keterampilan?	kalo masyarakat untuk membantu kualitas dan keterampilan itu dengan di pengajian, gimanê itu kan awalnyê êma-êma dikampung kitê mah gabisê bacê,gabisa bacê tulis caranyê dengan kitê mengajarkan membaca iqro, yang dengan mudah itu ,sehingga êma-êma itu kan bisa tuh untuk mengikuti kegiatannya, awalnya gabisa menjadi bisa, dan untuk keterampilan itu di jaman dulu itu kebanyakan êma-êma itu bikin tikêr yang terbuat dari pandan, nah di situ.	1			Betawi	train	7.788549175573784		False	0.25114155251141557	False	5.517546564010252	0.6382393397524071	False
9191fa254a8ad3507fe679e6204d470f	20478	spontaneous-speech-bew-20478.mp3	11952	2488	Nyang begimané sikap anak bujang/anak gadis sekarang amé kesenian daerah ntuh?	Anak-anak sekarang mah jarang yang namanya idêp ama kesenian. Pada maen hapé baé anak-anak muda sekarang mah.	1			Betawi	train	7.781124497991968		False	0.19811320754716977	False	4.263113913602773	0.0453920220082531	True
52fd19bf7e8202318b8ee5b4d2cd0925	20760	spontaneous-speech-bew-20760.mp3	64548	2488	Nyang begimané sikap anak bujang/anak gadis sekarang amé kesenian daerah ntuh?	alhamdulilléh di kampung ané sih yang namanya seni, yang namanya qosidahan.. rebana, rebanaa.. kalo kata anak sekarang band tabok.. masih pada suka, masih pada dêmên, masih pada belajar.. ada lagi ibing pêncuk tuh, jaipong ya, itu masih pada doyan.. kalo di kité mah di bêtawi utara paling ujung.. jadi yang namanya kesenian-kesenian asli kité nih khas bêtawi masih doyan yak.. masih didoyanin ama anak-anak kita.. kayak apa tuh, ngarak ngantén sunat yak.. itu maké rebana diarak-arak gitu paké mobil losbak keliling kampung.. dari kampung ke kampung dinyanyiin.. ya begitu.. jadi masih alhamdulillah belum ilang budaya bêtawi di lingkungan kité..	1			Betawi	train	8.505298382598996		True	0.3012422360248447	False			False
88cf908ad8137aa6f5527b97584391dc	20996	spontaneous-speech-bew-20996.mp3	29268	2488	Nyang begimané sikap anak bujang/anak gadis sekarang amé kesenian daerah ntuh?	Kalo anak bujang sini mah ya main gitar, nyanyi-nyanyi. Nah kalo buat yang anak gadisnya belajar nari, terus êêê belajar ngelukis. Anak sini mah begitu. Yang lelakian ya main gitar, yang perempuan ya belajar nari.	1			Betawi	train	6.115894492278256		False	0.26190476190476186	False	5.690323486645886	0.7386519944979367	False
fc2417aed3f3e13504285a1cbcb6d7ef	21638	spontaneous-speech-bew-21638.mp3	33948	2488	Nyang begimané sikap anak bujang/anak gadis sekarang amé kesenian daerah ntuh?	Zaman sekarang itu anak bujang, anak perjakê, anak perawan itu, amê kesenian itu udêh agak jauh kayanyê. kurang gimana namanyê, bêdê amê anak zaman dulu. kalau anak sekarang itu kebanyakan modelê model modern gitu kegaya-gayaan gitu suka méjéng, suka dijalan gitu gimané... kalau zaman dulu meh engga, anak zaman dulu itu orangnya bénér-bénér ngikutin kesenian kebudayaannyé.    	1			Betawi	train	9.426181218333925		False	0.29255319148936165	False	5.9015029559687635	0.8294360385144429	False
9191fa254a8ad3507fe679e6204d470f	20391	spontaneous-speech-bew-20391.mp3	22968	2460	Menurut Ente, apé nyang musti diubeh atow diperbaiki di tempat tinggal Ente ini?	Yang mesti diubah tuh di lingkungan ané tu kayaknya rasa malesnya, rasa gelajisnya gitu kan. Kadang orang-orang Betawi pada gélajis bébérsih eee. Dia séhabis makan pada naro piring sendiri apalagi laki-laki gitu kan ééé nyuruh wadonnya mulu, bininya suruh apa namanya nyuciin piring gitu kan. Laki-laki eh dah.	1			Betawi	train	11.450714036920932		False	0.16612377850162863	False	6.111165244996566	0.889958734525447	False
88cf908ad8137aa6f5527b97584391dc	21208	spontaneous-speech-bew-21208.mp3	21744	2460	Menurut Ente, apé nyang musti diubeh atow diperbaiki di tempat tinggal Ente ini?	kalo ditempat ayé si yang dirubah tuh ya, jalanan udéh di rubéh, paling ya itu solok-solokan terus amé yang ituh yang biar adé perubahan buat buang sampah jangan sampé sembarangan gitukan ya begitu ajé si.	1			Betawi	train	7.864238410596027		False	0.12871287128712872	False	4.7997225004064905	0.21320495185694635	True
bc82a592c4e12646378f67f8abef870f	20469	spontaneous-speech-bew-20469.mp3	18216	2759	Begimané nyang Ente rasain pas masuk ke tempat wisaté alam?	Awal-awal mah kita kaget yak. Ini wisata alam dingin bet kadang begitu yak. Namun pas dipasukin mah kita udah masuk ke sono udah. Ternyata begitu-begitu doang. Lah kan kita jadi capek doang yak. Dateng ke sono, pas didatengin malah gak sesuai ama yang di hape, ama yang kita liat.	1			Betawi	train	12.736056214317085		False	0.21660649819494582	False	6.21902812794977	0.9105914718019257	False
9191fa254a8ad3507fe679e6204d470f	20577	spontaneous-speech-bew-20577.mp3	9936	2759	Begimané nyang Ente rasain pas masuk ke tempat wisaté alam?	Pas nyampe ke wisata alam kek aér terjun pantai wuehileh enak bét adem, suasananya adem, nyaman. 	1			Betawi	train	8.152173913043478		True	0.06382978723404253	False			False
6f5d66a2f09f4f835c35e047386e542b	20613	spontaneous-speech-bew-20613.mp3	19800	2759	Begimané nyang Ente rasain pas masuk ke tempat wisaté alam?	Ya seneng, karena itu kan jalan-jalan tempat wisata alam apalagi wisata alam yang emang pengen banget kita datengin. Jadi ya bener-bener aja seneng ke situ karena jadi otaknya bisa refresh, engga pusing mikirin beban hidup gitu. 	1			Betawi	train	9.747474747474747		False	0.1327433628318584	False	5.076785595378247	0.3878954607977992	True
88cf908ad8137aa6f5527b97584391dc	21090	spontaneous-speech-bew-21090.mp3	32040	2759	Begimané nyang Ente rasain pas masuk ke tempat wisaté alam?	Kalo ayé sih pas masuk ke wisata alam, gimana ya rasanya ya soalnya ayé ngga pernah sih wisata alam begitu makanya rasa takut dan was-was gitu pasti ada. Karena kenapa saya ngga biasa berwisata alam, kan wisata alam itu kan kadang-kadang kan serem gitu kan, kadang-kadang [umm] menakutkan gitu, mangkanya kalo wisata alam gitu buat ayé sih kayanya ya gimana ya [umm] sulit untuk diterima deh jadi karena bakal sulit jadi saya bingung.	1			Betawi	train	11.298377028714109		False	0.31554524361948955	False	5.316134275725723	0.5350756533700137	True
a68890e3cf92239d60ef959166a79dda	21326	spontaneous-speech-bew-21326.mp3	32004	2759	Begimané nyang Ente rasain pas masuk ke tempat wisaté alam?	Ya, kalo pas masuk ke tempat wisata ya satu senang terus kaget, trus tempatnnya bagus, suasananya ramé dah intinya dah yang namanya kita pegi di ketempat wisata kan intinya mah ya buat seneng-seneng lah. Yaa pokoknya tempatnya bagus lah kaget terus 	1			Betawi	train	6.499187601549807		False	0.23170731707317072	False	5.485179745251844	0.6176066024759285	False
724d9ac0c1c5abaf145819862e87b6ba	21644	spontaneous-speech-bew-21644.mp3	27180	2759	Begimané nyang Ente rasain pas masuk ke tempat wisaté alam?	Gimane ye kalau masuk ke tempat wisata alam yang ayé rasain, soalnye kenape ayé belom perneh si belom ngerasain ke wisata alam, yang setau aye si  yang dari pengalaman orang-orang perneh rasain ya kadang-kadang ya wisata alam itu kadang-kadang tempatnya serem, terus kadang-kadang tempatnye [ee] enak tempat-tempatnyé indah cuman itu doang si yang aye tau si.	1			Betawi	train	11.147902869757177		False	0.3286516853932584	False	4.928271370356694	0.30398899587345257	True
bc82a592c4e12646378f67f8abef870f	20510	spontaneous-speech-bew-20510.mp3	11268	2455	Biasenyé orang-orang nerima tamu ampe jem berapé?	La pên kalo di kampung méh kita kaga kenal waktu kongko gé kalo udah kongko kaga kenal waktu. Tamu jam berapa gé diterima-terima baé.	1			Betawi	train	9.762158324458644		False	0.19999999999999996	False	5.972550343678113	0.8459422283356258	False
bc82a592c4e12646378f67f8abef870f	20510	spontaneous-speech-bew-20510.mp3	11268	2455	Biasenyé orang-orang nerima tamu ampe jem berapé?	lha pan kalo di kampung kita kagak kénal waktu ya kalo mau dépan kongkow.. kalo udah kongkow mah udah ngga kénal waktu.. tamu jam bérapa juga ditérima-térima baé..	1			Betawi	train	12.069577564785233		False	0.18125000000000002	False	5.816198885034036	0.7950481430536451	False
88cf908ad8137aa6f5527b97584391dc	21248	spontaneous-speech-bew-21248.mp3	28008	2455	Biasenyé orang-orang nerima tamu ampe jem berapé?	kalo ayé si ya, [ya] di ruméh ayé ruméh tanggé, [ya] ga begitu ramé ramé bangvt si, émang kénapa yang pénting-pénting [ya] tamu sampéin, itu kita tanya ada képérluan apé ké sini kétému pértamé pértémuan singkat ajé bégitu langsung to thé point ajé déh yang naményé orang bértamu si ya jangan lamé-lamé éntar juga malu kalo kélamaan kalo bértamu.	1			Betawi	train	10.247072265067125		False	0.17251461988304095	False	6.522654213712475	0.9587345254470426	False
a68890e3cf92239d60ef959166a79dda	21487	spontaneous-speech-bew-21487.mp3	15696	2455	Biasenyé orang-orang nerima tamu ampe jem berapé?	kité kalo nérima tamu biasanyé kalo malém itu ampé jém sémbilan kité udéh kalo pagi itu ya dari abis johor lah dari jém duabélasan  atau jém sébélasan 	1			Betawi	train	7.836391437308869		False	0.17567567567567566	False	5.785210898176787	0.7785419532324622	False
5bff828e73452d736037e3d5c5c5f4e6	21546	spontaneous-speech-bew-21546.mp3	31536	2455	Biasenyé orang-orang nerima tamu ampe jem berapé?	aduhh di kampung ayé mah dari émong-émong tuh.. dari lima taun ampé gélap tuh masih nerima tamu aja.. dari kampung ayé mah orang émang masih kampung yak ngga paké béjém-béjém dia mah.. udah jam bérapa aja émong-émong nih masih pagi udah ucék-ucék mata lah udah nérima kalo ada tamu yang daténg.. ntar néh pulang-pulang kadang jam berapé udah tau matahari udah gélap baru pada pulang.. bégitu kampung ayé mah kalo nérima tamu..	1			Betawi	train	11.256976154236428		False	0.3120567375886525	False	5.85022612195654	0.811554332874828	False
52fd19bf7e8202318b8ee5b4d2cd0925	20797	spontaneous-speech-bew-20797.mp3	54252	2770	Menurut Ente, apé manfaat mitos bagi masyarakat di sekitar Ente?	Ye kalo soal mitos si kité kentel banget dah kalo orang-orang Bétawi. Apalagi di sini ada satu cerite dulu ye, adé ape ya [ee] tempat-tempat yang serem, cerita dulu [ee] apeé namenyé orang-orang sakti. Cuman sekarang tinggal mitosnya banyak ceritanyé yeé, dulu ada orang engga mempan ditembak, engga mempan dibacok. Kemudian ada orang yang piaré dedemit, itu kaya-kaya begitu kite si percaye aje kalo dikampung yang gitu-gitu banyak, makanya kalo mitos-mitos ada di kampung ya banyak bangat kalo diceritain kaga cukup kopi dua teko yé ampe subuh entar abisnyé [hehe].	1			Betawi	train	8.81073508810735		True	0.25177304964539005	False			False
88cf908ad8137aa6f5527b97584391dc	20947	spontaneous-speech-bew-20947.mp3	43848	2770	Menurut Ente, apé manfaat mitos bagi masyarakat di sekitar Ente?	Lah di kampung aye meh bukan mitos lagih. Apelagi tuh yang namenye orang beguru, pengennya kaya, tapi gamao capé, di kampung ayé meh weileh norak bener. Bukan norak ape yah, lah pengen kaya bukannye dagang bukanye ape, enggak dié mah ngepet usut noh tembok orang entar kaya deh, masih mistis bet kampung aye meh. Bagong [toh], beguru bagong udeh deh [ngok-ngok-ngok] udeh deh besok neh dapet sebulan,kaya, gamao capé, bingung ayé amé orang sini, masih ini banget, masih mistis banget, yang namenyé begitu tuh.	1			Betawi	train	9.715380405035578		False	0.27667984189723316	False	5.610655128972666	0.6932599724896836	False
66c99d65171c314ca6147556b80a9058	21121	spontaneous-speech-bew-21121.mp3	44964	2770	Menurut Ente, apé manfaat mitos bagi masyarakat di sekitar Ente?	Manfaat mitos itu, bagi masyarakat itu  é si, sebagian itu. Waktu jaman dulu di kampung ayé itu serem banget, apelagi kalo waktu, jaman pocong itu, pocong, babi ngepet, itu emang bener-bener ade. Itu, kalo malem itu, serem banget kalo udéh dateng itu yang namanye pocong, dulu penangkal nya paké apaan emang, bawang putih, banglé, bawang putih ame anu bambu kuning, itu seperti itu tuh emang bener si.	1			Betawi	train	7.428164754025443		False	0.25376884422110557	False	5.439533211943269	0.5928473177441541	True
88cf908ad8137aa6f5527b97584391dc	21059	spontaneous-speech-bew-21059.mp3	15768	2479	Apé adé makanan di lingkungan Ente nyang pake kembang buat bahan masakan?	kalo disini, kalo buat makanan dari kembang kaga ada, kalo yang dari daun ada si, sêpêrti daun pandan ijo, itu bisa buat dari makanan, contohnya sêbagai pewarna makanan.	1			Betawi	train	9.005580923389141		False	0.18674698795180722	False	5.096465575041407	0.4030261348005502	True
66c99d65171c314ca6147556b80a9058	21143	spontaneous-speech-bew-21143.mp3	12060	2479	Apé adé makanan di lingkungan Ente nyang pake kembang buat bahan masakan?	Iya ayé dulu suka banget ama kembang oyong. Itu kembang oyong enak banget itu ditumis. Manis banget.	1			Betawi	train	6.965174129353233		False	0.21649484536082475	False	5.803138012406362	0.7840440165061898	False
88cf908ad8137aa6f5527b97584391dc	21229	spontaneous-speech-bew-21229.mp3	16344	2534	Begimané pendapat Ente tentang berubé cuacé?	perubahan cuaca ada dua musim.. yaa panas ujan.. kalo ujan itu ujan terus kalo ujan ya ujan terus, kalo panas ya panas terus.. kalo ujan kalo ujan terus ya bisa kêbanjiran.. kalo panas ya itu kêpanasan.. terutama itu itu perubahan cuaca.	1			Betawi	train	12.05335291238375		False	0.4444444444444444	True			False
66c99d65171c314ca6147556b80a9058	21246	spontaneous-speech-bew-21246.mp3	22680	2534	Begimané pendapat Ente tentang berubé cuacé?	Ada dua musim perubahan cuaca. Ada musim panas amê musim dingin, ujan. Kalo musim panas tuh kampung gêrsang banget. Kalo musim ujan dingin banget. Jadi satu taun tuh ada 2 macem musim: musim ujan amê musim panas.	1			Betawi	train	7.760141093474427		False	0.33492822966507174	False	4.755980433215587	0.1843191196698762	True
6f5d66a2f09f4f835c35e047386e542b	20687	spontaneous-speech-bew-20687.mp3	25452	2755	Begimané carényé supayé kité bisé ngurangin sampé plastik?	Kita harus membawa tempat pribadi ke misalkan beli kopi biasenyé gué kalo beli kpi suka bawa tambler gitu kan gué biasenya suka bawa tambler yang bisa aér dingin atau aér panas tuh suka gue bawa-bawa karna kan bisa kita untuk ngurangin untuk beli aqua karna itu sampah pelastiknya tidak bisa didaur ulang, eh bisa didaur ulang si, kalo aqua gitu cuma kan dari pada kalo makin banyak gitukan jadi lebih baik bawa sendiri tambler. 	1			Betawi	train	13.947823353763948		False	0.2605633802816901	False	5.507197120143156	0.6341127922971114	False
52fd19bf7e8202318b8ee5b4d2cd0925	20769	spontaneous-speech-bew-20769.mp3	66564	2755	Begimané carényé supayé kité bisé ngurangin sampé plastik?	Kalo sayé sih kalo soal sampah plastik, ya kalo gak dibakar ya dikumpulin. Bukannya dikumpulin mau diapain tapi didaur ulang dibikin hiasan anak-anak kite ajarin ya cara buat kembang, kembang bungé tau nggé? gitu, kadang dibuat tali ya, gitu yé jadi sampah plastik itu manfaatnya banyak. Kadang-kadang orang gak tau aja, main lempar sono lempar sini, buang deh. Waduh jadi banjir nanti sebenernye kalo kita manfaatin lumayan itu manfaat sekali ye.  Sampah plastik entu di lingkungan kita sih kayak gitu sampeh itu dikumpulin kalo gak bisa sama sekali ya dibakar, kalo dibakar dia akan habis ya. Kalo dikubur dia gak bakalan abis ye, tetep akan utuh meskipun puluhan tahun, gitu.	1			Betawi	train	8.533141037197282		True	0.28148148148148144	False			False
66c99d65171c314ca6147556b80a9058	21177	spontaneous-speech-bew-21177.mp3	15084	2755	Begimané carényé supayé kité bisé ngurangin sampé plastik?	Nah kalo kalo, kite kalo mau belanjé nih, kité tuh harus bawa anuan tuh, kantong atau tas biar ngurangin sampeh plastik.	1			Betawi	train	6.629541235746487		False	0.07692307692307687	False	5.417926216902256	0.5832187070151307	True
88cf908ad8137aa6f5527b97584391dc	21211	spontaneous-speech-bew-21211.mp3	33660	2755	Begimané carényé supayé kité bisé ngurangin sampé plastik?	Kalo kita bisa ngurangin sampah plastik ya itu, yang pertama kita kan punya anu tuh lahan kebon tuh ya samping rumah, nah kita gali noh jadi lobang. Setelah kita gali jadi lobang, plastik sampah itu kita taro di situ, kita potin di situ tuh. Nah baru dah kita bakar kan sampah plastik banyak tuh, jadinya tuh ngga keliaran ke sono kemari tuh ya, ngga beterbangan kena angin, karena apa? udah dibakar, gimana dia mau terbang.	1			Betawi	train	10.39809863339275		False	0.26365795724465557	False	5.484030153280278	0.6162310866574966	False
a68890e3cf92239d60ef959166a79dda	21313	spontaneous-speech-bew-21313.mp3	24876	2755	Begimané carényé supayé kité bisé ngurangin sampé plastik?	Yah kalo ngurangin sampah plastik mah intinya, tuh kebanyakan sampah plastik tuh dikumpulin, dibakar. Kebanyakan ya di kampung itu plastik itu ya buat tempat-tempat naro-naro apa gitu. Jadi ya. 	1			Betawi	train	6.632899179932465		False	0.18848167539267013	False	4.826581725740691	0.22696011004126548	True
5bff828e73452d736037e3d5c5c5f4e6	21649	spontaneous-speech-bew-21649.mp3	20520	2755	Begimané carényé supayé kité bisé ngurangin sampé plastik?	Lah kalo di kampung aye meh kalo sampeh pelastik dibakar-bakarin jadinye alhamdulilleh kampung aye meh ga kebanyakan sampeh. Abisanye orang pekarangannya luas asal ade sampeh dikumpulin dibakarin, di kampung aye begitu 	1			Betawi	train	9.16179337231969		False	0.24537037037037035	False	5.218840496335252	0.4676753782668501	True
fc2417aed3f3e13504285a1cbcb6d7ef	21658	spontaneous-speech-bew-21658.mp3	23580	2755	Begimané carényé supayé kité bisé ngurangin sampé plastik?	Kalo kita mau ke pasar kita harus bawa tas. Jangan bawa plastik. Biar ngurangin sampah plastik itu seperti itu. Kalo mau belanja ke warung, kita harus bawa tas belanje biar nggak banyak sampeh plastik. Ya begitu caranya.	1			Betawi	train	7.803223070398642		False	0.24423963133640558	False	4.604993698025281	0.1279229711141678	True
fc2417aed3f3e13504285a1cbcb6d7ef	21658	spontaneous-speech-bew-21658.mp3	23580	2755	Begimané carényé supayé kité bisé ngurangin sampé plastik?	kalo kita mau ke pasar kita harus bawa tas. Jangan bawa plastik biar ngurangin sampah plastik itu seperti itu. kalo mau belanja ke warung, kita harus bawa tas belanjé biar ngga banyak sampah plastik. ya begitu caranye.	0			Betawi	train	7.718405428329092		False	0.2651162790697674	False	4.7110418837518	0.16506189821182943	True
9191fa254a8ad3507fe679e6204d470f	20468	spontaneous-speech-bew-20468.mp3	29232	2532	Begimané cuacé atow musim bikin susé kegiatan seari-ari?	Lah Kalo lagi wayahnyê pentér banget ya panas, di daerah kita mah orang-orang pada malês keluar karena takut kulitnya pada itêm, padahal mah èmang didaerah kita kulitnyê pada itêm-itêm semua lagian pada lêbay-lêbay bat. Lah kalo lagi wayahnyê ujan ya, banjir gitu kan, lah pada kêsêngsaraan juga karena aér pada masuk ke rumah gitu kan kita ribêt, ngêberesin rumah gara-gara banjir.  	1			Betawi	train	11.015325670498084		False	0.2493438320209974	False	5.224170493475922	0.4731774415405777	True
bc82a592c4e12646378f67f8abef870f	20570	spontaneous-speech-bew-20570.mp3	12888	2532	Begimané cuacé atow musim bikin susé kegiatan seari-ari?	iya pun sekarang lagi musim banjir musim ujan.. banjir lagi dimana-mana.. ya makin buat kita kegiatan sehari-hari makin susah yak.. apalagi yang bocah sêkolahan mah kadang pagi kita ujan..	1			Betawi	train	12.414649286157664		False	0.16756756756756752	False	4.789694380397961	0.20907840440165062	True
6f5d66a2f09f4f835c35e047386e542b	20592	spontaneous-speech-bew-20592.mp3	25128	2532	Begimané cuacé atow musim bikin susé kegiatan seari-ari?	cuaca yang êê bikin kegiatan sehari-hari, itu adalah hujan, hujan itu bikin susah semuanya apalagi yang berkendara motor karna kalo ga punya jas hujan itu jadinya ujan-ujanan terutama yang ada daerahnya banjir, karna kalo daerah yang banjir itu otomatis kita tidak akan bisa lêwatin jalanan itu.	1			Betawi	train	9.949060808659665		False	0.20205479452054798	False	5.038225012887177	0.3658872077028886	True
88cf908ad8137aa6f5527b97584391dc	20890	spontaneous-speech-bew-20890.mp3	63036	2532	Begimané cuacé atow musim bikin susé kegiatan seari-ari?	dikampung tuh kalo udêh musim apèlagi yang namanyê musim ujan udêh mendung buru-buru ngangkatin pakéan udêh apêlagi kalo adê angin ujan udêh aksesnyê buat pêgi kemanê-manê susêh jangan kan buat akses pergi kemanê-manê buat jemurin pakéan ajê susêh ya namanyê kampung jalanan blékuk bêlok bêlom lagi kalo ujan mulu tuh dikampung tar banjir dêh tuh banjir aérnye gêdé jalanan kêrubuk kêrubuk dikampung susah jangankan akses kemanê-manê kitê ajê jalan kaki kalo banjir ngêri takut adê ulêr takut adê apê banjir namê kampung begitu jadinyê kita tuh kalo dengêr musim bêgini musim banjir musim ujan udêh didalêm ajê ga kemanê-manê jauh kampung ini mêh jauh dari manê-manê jauh dari keramaian gabisa kemanê-manê udah kalo udah musim ujan bêlok bat jalanannya.. 	1			Betawi	train	10.089472682276794		True	0.43617021276595747	False			False
66c99d65171c314ca6147556b80a9058	21088	spontaneous-speech-bew-21088.mp3	22140	2532	Begimané cuacé atow musim bikin susé kegiatan seari-ari?	Kalo waktu ujan itu, kegiatan semuanya serba salêh, susah dêh. Kita mau keluar aja susah banget karna ujan. Lah ntaran kita keluar. Kita buat anuan juga susah, begimana mau ngadain kegiatan. Kalo yang paling susah tu waktu ujan.	1			Betawi	train	8.626919602529359		False	0.1955555555555556	False	4.843100966338274	0.23521320495185694	True
bc82a592c4e12646378f67f8abef870f	20420	spontaneous-speech-bew-20420.mp3	18900	2542	Olahragé apé nyang biasé dilakuin oleh empuan di tempat tinggal Ente?	buat perempuan mah ya biasanya kita bagiin wadon apa yak.. buat keliatan aja gitu dipoto, lari-larian doang.. gitu aja kita udah seneng banget.. yang penting mah keluar rumah udah gerah gitu bahasanya.. yang penting udah gerah udah olahraga sebutannya.. buat perempuan mah yak kagak mau capek-capek..	1			Betawi	train	13.49206349206349		False	0.26936026936026936	False	4.773116922576419	0.19669876203576342	True
88cf908ad8137aa6f5527b97584391dc	21061	spontaneous-speech-bew-21061.mp3	17820	2542	Olahragé apé nyang biasé dilakuin oleh empuan di tempat tinggal Ente?	olahraga yang biasê dilakuin ditempat ayê si yang biasênyê itu lari-lari trus paling ya jalan-jalan bolak balik ya paling begitu ajê sih ya sebenernya kan  yang olahraga yang biasa simpel kita kerjakan ya itu	1			Betawi	train	9.764309764309765		False	0.20487804878048776	False	4.806546008149019	0.2173314993122421	True
52fd19bf7e8202318b8ee5b4d2cd0925	20763	spontaneous-speech-bew-20763.mp3	45360	2727	Di mané ajé tempat wisaté bersejaréh nyang terkenal di Indonesia?	Ya setau ané sih tempat-tempat bersejaréh itu khusus deh di Bekasi dulu nih di gedung Juang Empat Limé yak.. tu sekarang jadi wisata itu.. ya paling-paling banter kité ke Jakarté Monas ye.. ke musium deh.. paling kayak gitu deh kité kalo ke tempat-tempat wisata bersejarah.. 'kotu' dah itu Kota Tua Jakarta Utara.. ya paling-paling banter ya gitu.. jadi alhamdulilléh kité kadang-kadang nganter anak sekolah juga ke tempat-tempat kayak begitu.. yé nyaba juga dateng jadi tau jadinyé.. kayak gitu yé..	1			Betawi	train	9.303350970017636		False	0.3038229376257545	False	5.29943713887785	0.5240715268225584	True
66c99d65171c314ca6147556b80a9058	20892	spontaneous-speech-bew-20892.mp3	43632	2727	Di mané ajé tempat wisaté bersejaréh nyang terkenal di Indonesia?	Waktu itu ayé jalan-jalan ke kota tue, bersama temen-temen, pemandangan nya indah banget,pas sampe ke kota tue banyak banget, sepede ontel kemudian ada orang turis kite foto bareng, girang banget foto dengan orang turis ,orang nya baik dan di situ ada juga,kite foto-foto di tempat musium-museum, musiumnya bagus banget, cerite inget dengan sejarah indonesia, perjuangan luar biasa.	1			Betawi	train	7.471580491382472		False	0.22691292875989444	False	5.292833123498595	0.5213204951856947	True
88cf908ad8137aa6f5527b97584391dc	20961	spontaneous-speech-bew-20961.mp3	29016	2727	Di mané ajé tempat wisaté bersejaréh nyang terkenal di Indonesia?	Anuh, Taman Mini, Kota Tua, Monas terus Pondok Gede noh Lubang Buaya, sejarah banyak disonoh noh, terus ama noh, Pitung liat sejarahnya banyak di sono sejarehnye terkenal, cuman ayé belom dateng sebagiannye aye udeh datengin si sejarehnyé, sejarehnyé yang laen si belom aye, jauh.	1			Betawi	train	8.167907361455748		False	0.2057761732851986	False	6.416728714549295	0.9436038514442916	False
5bff828e73452d736037e3d5c5c5f4e6	21537	spontaneous-speech-bew-21537.mp3	21060	2727	Di mané ajé tempat wisaté bersejaréh nyang terkenal di Indonesia?	Di Monas terus di Kota Tua.. Taman Mini tuh banyak sejareh-sejareh.. trus sama di lubang buaye ade juga tuh, di Pondok Gede sejarah-sejarah juga.. terus juga noh di sono nohh Celincing di Pitung ada sejarah juga yang ayé tau tu.	1			Betawi	train	8.974358974358974		False	0.19999999999999996	False	6.188950111568432	0.9050894085281981	False
66c99d65171c314ca6147556b80a9058	20965	spontaneous-speech-bew-20965.mp3	18684	2803	Menurut Ente, begimané fungsi sosial media buat ngelestariin bahasé daerah Ente? 	kalo menurut aye si bagus si sosial media itu penting cuman kan kadangkala kalo orang kampung itukan ada yang punya ada yang engga  apelagi yang anaknya banyak mah kaga punya ya 	1			Betawi	train	7.814172554056947		False	0.13714285714285712	False	4.217766896769655	0.033012379642365884	True
5bff828e73452d736037e3d5c5c5f4e6	21585	spontaneous-speech-bew-21585.mp3	20664	2803	Menurut Ente, begimané fungsi sosial media buat ngelestariin bahasé daerah Ente? 	Lah kalo aye meh kalau giliran difesbuk kalau lagi siaran langsung aye meh pake bahasa aye ampe kadang yang penontonnya pade ketawe, lah mpok medok amat pok bahase mpok, lah abisnye aye meh kan biar orang tau biar semue orang pada tau bahasa aye kaya gini   	1			Betawi	train	10.16260162601626		False	0.22352941176470587	False	5.700910228735028	0.7427785419532325	False
9191fa254a8ad3507fe679e6204d470f	20573	spontaneous-speech-bew-20573.mp3	25452	2747	Begimané masyarakat di lingkungan Ente ngejagé kebersihan lingkungan?	Masyarakat kita mah ngebersihin lingkungan kadang sebulan sekali bersihin selokan itu got, rumput-rumput yang udah pada tinggi, kita potong-potongin gitu kan, pu'unan-pu'unan yang udah pada lebat kita anuin, sampah-sampah yang pada numpuk kita bersihin biar kaga ada nyamuk, tar kalo musim ujan dateng ya kaga kebanjiran kita.	1			Betawi	train	11.001100110011		False	0.21671826625386992	False	4.823162641807321	0.22420907840440166	True
6f5d66a2f09f4f835c35e047386e542b	20694	spontaneous-speech-bew-20694.mp3	18864	2747	Begimané masyarakat di lingkungan Ente ngejagé kebersihan lingkungan?	Kayanya untuk didaerah sini masi belum banget ngejaga pelestarian lingkungan ya karna yang gue tau tuh masi banyak banget yang buang sampah sembarangan karena gamau bayar yang ngambil sampah gitu,  mungkin karena ekonominya juga kurang jadi masi banyak banget yang buang sampah sembarangan di lahan kosong untuk di daerah gué.	1			Betawi	train	14.631043256997454		False	0.30030959752321984	False	4.656650982104499	0.1499312242090784	True
66c99d65171c314ca6147556b80a9058	20956	spontaneous-speech-bew-20956.mp3	15012	2747	Begimané masyarakat di lingkungan Ente ngejagé kebersihan lingkungan?	Dengan kita membuang sampeh kepada tempatnya sehingga kita bisa menjaga kebersihan lingkungan jangan sampai sampah-sampah berceceran. 	1			Betawi	train	7.860378363975486		False	0.1297709923664122	False	4.317804216718405	0.052269601100412656	True
a68890e3cf92239d60ef959166a79dda	21468	spontaneous-speech-bew-21468.mp3	24444	2747	Begimané masyarakat di lingkungan Ente ngejagé kebersihan lingkungan?	[yaa] satu itu kite harus buangin sampah pada tempatnya, dan kita harus membersihkan saluran-saluran, kali toh, bahase orang kite meh kali namenye, itu kalo orang luar meh namenye sungaikan, ya kite meh kali tau got-got tuh, kite gotong royong ame masyarakat kite, khususnya same pegawai desa.	1			Betawi	train	10.145639011618394		False	0.18620689655172418	False	5.580338339447043	0.6753782668500687	False
5bff828e73452d736037e3d5c5c5f4e6	21567	spontaneous-speech-bew-21567.mp3	25020	2747	Begimané masyarakat di lingkungan Ente ngejagé kebersihan lingkungan?	Kalo kita di sekitaran ayé mah kalo ada sampah disapuin [sreak-sreak] pekarangannya biar kata lebar udah deh pada nyapu pada mbersihin sampah-sampah terus kalo ada pekarangan lebar lah udah dah pada nanem, ada nanem cabe, ada nanem tomat, kan pada cakep tuh, ntar samping rumah ada pohonan ijo-ijo begitu.	1			Betawi	train	10.271782573940849		False	0.23841059602649006	False	5.170788187769764	0.44291609353507566	True
bc82a592c4e12646378f67f8abef870f	20527	spontaneous-speech-bew-20527.mp3	15768	2730	Kalo Ente bisé keluar negeri, Ente pengen liburan ke mané? Dan kenapé di sono? 	Ya kalo misalnya ada kesempatan buat keluar negeri mah ya kita pengennya mah keluar jauh-jauh, paling jauh mah ke Bangkok juga kagak ngapa-ngapa. Pan di situ kita kan liat banyak orang-orang ganteng, orang laki-laki ganteng.	1			Betawi	train	12.049720953830542		False	0.15384615384615385	False	4.655144853597232	0.1485557083906465	True
6f5d66a2f09f4f835c35e047386e542b	20652	spontaneous-speech-bew-20652.mp3	22896	2730	Kalo Ente bisé keluar negeri, Ente pengen liburan ke mané? Dan kenapé di sono? 	Pengen banget ke Mekah, ke Madinah, luar negeri yang paling gua arepin tuh Madinah karena kita bener-bener bisa tu berdoa deket sama Tuhan tu di sana untuk ke daerah-daerah yang lain, daerah-daerah luar negeri yang laén gua belum pengen, tapi ke daerah kayak Mekah Madinah gua pengen banget kayak semoga dua ribu dua puluh lima gua tercapai ke sana karena gua yang pengen banget ke sana.	1			Betawi	train	14.063591893780572		False	0.34895833333333337	False	6.031575236372062	0.8679504814305364	False
88cf908ad8137aa6f5527b97584391dc	21050	spontaneous-speech-bew-21050.mp3	20124	2730	Kalo Ente bisé keluar negeri, Ente pengen liburan ke mané? Dan kenapé di sono? 	kalo liburan ke luar negri, pengen nye si ke Yaman,  ya pengen ngeliat dengan keadaan di sana aje pemandangan yang belom pernah saya rasakan di sini, kemungkinan saya akan merasakan di sana dan saya belom pernah berlibur di sana.	1			Betawi	train	9.441462929835025		False	0.24778761061946908	False	5.816524162093854	0.796423658872077	False
a68890e3cf92239d60ef959166a79dda	21540	spontaneous-speech-bew-21540.mp3	12636	2730	Kalo Ente bisé keluar negeri, Ente pengen liburan ke mané? Dan kenapé di sono? 	Ayé kalo nanti jalan-jalan ke luar negeri, ayé kepengen banget ke Singapur. Di sono ayé denger pemandangan wow luar biase.	1			Betawi	train	8.151313706869262		False	0.08403361344537819	False	5.310312807947248	0.5295735900962861	True
a523a69994e1c3b9d453ffa3796ec254	20540	spontaneous-speech-bew-20540.mp3	22356	2467	Seberapé penting agama buat jalanin kehidupan seari-ari?	Kalo agama mah penting, solat kudu, ngaji kudu, biar kaga diracunin orang kalo kata émak mah. Biar kaga, biar akhératnya selamét, jadi kudu gitu, belajar agama mah, biar, biar selamét dunia akhérat begitu.	1			Betawi	train	7.73841474324566		False	0.22277227722772275	False	5.751190225882204	0.7620357634112792	False
9191fa254a8ad3507fe679e6204d470f	20567	spontaneous-speech-bew-20567.mp3	17748	2467	Seberapé penting agama buat jalanin kehidupan seari-ari?	Lah agama mah buat kehidupan sehari-hari penting bangét. Lah karna emang kitakan diciptain ama Alloh kan cuman buat ibadah lah jadi penting agama kedudukannya buat kita sehari-hari lah kalo kagak beragama lah kita nanti di akhérat masuk néraka.	1			Betawi	train	11.663286004056795		False	0.19917012448132776	False	5.153187765725937	0.4346629986244842	True
6f5d66a2f09f4f835c35e047386e542b	20636	spontaneous-speech-bew-20636.mp3	29952	2467	Seberapé penting agama buat jalanin kehidupan seari-ari?	Agama tuh sangat penting, karna agama tuh tiang dari kehidupan. Kalo misalkan kita hidup di dunia untuk, ééé untuk agama gitu maksudnya kaya itu untuk menjalani kehidupan sehari-hari kita harus tétép solat walaupun, walaupun sé-sibuk apapun solat itu tetap penting, karna dari ééé karna kita akan méninggal pada waktunya nanti dan itu yang dibutuhin adalah amal.	1			Betawi	train	10.249732905982905		False	0.22562674094707524	False	5.6404524223809	0.7083906464924347	False
88cf908ad8137aa6f5527b97584391dc	21006	spontaneous-speech-bew-21006.mp3	46980	2467	Seberapé penting agama buat jalanin kehidupan seari-ari?	Ya kalo agama ya pénting bakal kita kayak sholat, ngaji, buat sehari-hari kita, beribadah. Kalo kita nggak beribadah, nggak sholat, nggak ngaji, ya gimana kita ngêjalanin kehidupan sehari-harinya? Karena kalo agama penting agar kita tau tata cara yang sopan gimanê, terus yang baik gimanê, yang énggak baik harus kita jauhin. Mangkanya itu agama penting bangét buat ngêjalanin kehidupan sehari-hari kita, biar tahu tata cara kita sholatnya kayak gimanê, tata krama ama orang, sopan, ramah.	1			Betawi	train	8.854831843337589		False	0.40946502057613166	True			False
a68890e3cf92239d60ef959166a79dda	21507	spontaneous-speech-bew-21507.mp3	14148	2467	Seberapé penting agama buat jalanin kehidupan seari-ari?	lah [sét] agama itu sangat penting karena itu pédoman hidup kité, kité kalo bisa gitu gituan cuma agama harus belajar agama [iyéh], pénting itu sangat pénting.	1			Betawi	train	9.471303364433137		False	0.21794871794871795	False	5.143602188289456	0.4264099037138927	True
bc82a592c4e12646378f67f8abef870f	20539	spontaneous-speech-bew-20539.mp3	19080	2502	Biasenyé masyarakat sekiter dapet informasi dari mané?	biasanya kita dapét informasi mah dari tetangga ya.. kita ngumpul dikit tetangga udah pada ngérubung udah ada informasi-informasi.. apa di tukang sayuran bérgibah sembari milihin sayuran.. pasti udah dapet informasi-informasi baru déh itu.. berita-berita baru.. dari mana baé.. dari mulut ke mulut yang katanya-katanya..	1			Betawi	train	14.517819706498951		False	0.28075709779179814	False	5.497290597843091	0.624484181568088	False
6f5d66a2f09f4f835c35e047386e542b	20657	spontaneous-speech-bew-20657.mp3	27324	2502	Biasenyé masyarakat sekiter dapet informasi dari mané?	Biasanya masyarakat sekitar tuh dapét informasi dari mulut ke mulut, kalau untuk dari grup didaerah gua tuh ada grup RT gitu jadi kaya setiap kepala keluarga tuh pasti punya grup RT. kaya RT 3 gitu tapi kalo biasanya yang suka dapét infromasi-informasi seputar ngomongin orang kaya gitu biasanya suka ibu-ibu, ibu-ibu yang suka ngumpul sore-sore atau pas pagi-pagi lagi belanja, belanja ketempat sayur.  	1			Betawi	train	12.44327331283853		False	0.23441396508728185	False	5.1133983539583046	0.4126547455295736	True
88cf908ad8137aa6f5527b97584391dc	21117	spontaneous-speech-bew-21117.mp3	22932	2502	Biasenyé masyarakat sekiter dapet informasi dari mané?	Kalo jaman dulu sih yang ayé tau ya yang jaman sekarang ya masih sama sih. Kalo info-info bégitu terus dari mana dapétnya ya dari mulut ke mulut. Jadi orang nyampéin berita apa gini. Terus nyampéin satu lagi yang berita begini nih. Jadi kita tahu kan berita, info, yang apa yang sekarang disampéin. 	1			Betawi	train	10.77097505668934		False	0.2635135135135135	False	4.804137166531997	0.21595598349381018	True
a68890e3cf92239d60ef959166a79dda	21492	spontaneous-speech-bew-21492.mp3	20448	2502	Biasenyé masyarakat sekiter dapet informasi dari mané?	biasanya itu dapét informasi tuh kébanyakan masyarakat dari mulut ke mulut.. banyakan tu ya ada yang dari onlén jugadari media.. ya seperti hapé, dari tiktok, dari televisi..	1			Betawi	train	7.237871674491393		False	0.14619883040935677	False	5.281206612625103	0.5144429160935351	True
9191fa254a8ad3507fe679e6204d470f	20436	spontaneous-speech-bew-20436.mp3	15156	2512	Kalo Ente bisé ke luar negeri, ke mané Ente pengen pegih dan ngapa pengen ke sono?	anê péngén banget ke luar negèri.. ya ke saudi arabia.. péngén bét ngelaksanain ibadah haji umroh.. karena émang itu kan salah satu sebagian penyempurna rukun islam..	1			Betawi	train	9.30324623911322		False	0.042944785276073594	False	7.169731092700484	0.9972489683631361	False
6f5d66a2f09f4f835c35e047386e542b	20712	spontaneous-speech-bew-20712.mp3	17172	2791	Seberapé sering Ente pake bahasé daerah Ente buat ngobrol?	Setiap hari gua selalu paké bahasa Betawi. Bahasa Betawa tuh sebenernya bahasa Indonesia pada umumnya gitu cuman kayak lebih yang nyablak aja gitu kan. Nyablak gitu kayak terbuka gitu lho. Kalo misalkan itu sehari-hari gua paké bahasa itu.	1			Betawi	train	11.763335662706732		False	0.23305084745762716	False	4.758386522882485	0.1856946354883081	True
88cf908ad8137aa6f5527b97584391dc	20998	spontaneous-speech-bew-20998.mp3	36792	2791	Seberapé sering Ente pake bahasé daerah Ente buat ngobrol?	Lah ayé mah memang tiap ari paké bahasa aye, paké nanya seberapa sering. Lah ayé mah bahasa ayé setiap hari paké bahasa ayé begini iye. Ah boro-boro kayak orang paké bahasa Inggris ayé kagak bisa, paké bahasa Arab ayé kagak ngerti. Ya udah paké bahasa ayé udah. Bagen, kata orang kata medog ga. Bagen emang bahasa ayé begini ayé mah. Gak ayé rubah-rubah emang bahasa ayé begini emang sehari-hari, paké bahasa ayé. Pandes bet emang ayé kalo ngomong udeh. Habise begimana emang ayé udah begini logatnya ayé ngomongnya	1			Betawi	train	11.632963687758208		False	0.41015625	True			False
a68890e3cf92239d60ef959166a79dda	21596	spontaneous-speech-bew-21596.mp3	16092	2791	Seberapé sering Ente pake bahasé daerah Ente buat ngobrol?	Iya sangat penting. Itu kan bahasa daerah ayé sehari-hari ayé ke mana ajé emang paké bahasanya itu. Apalagi kalo di rumah. Emang  bahasanya Betawi ya itu yang ayé terapin.	1			Betawi	train	8.824260502112852		False	0.13690476190476186	False	4.04354101202137	0.012379642365887207	True
724d9ac0c1c5abaf145819862e87b6ba	21657	spontaneous-speech-bew-21657.mp3	29808	2791	Seberapé sering Ente pake bahasé daerah Ente buat ngobrol?	Kalo ayé si yah make bahasa ayé, ya sering banget yang udeh itu meh omongan ayé maké bahasa itu kalo maké bahasa yang laen ya kaga. Ya kurang bisa karne bahasa ayé tuh emang bahasa sehari-hari yang ayé pake. Ngobrol bareng-bareng temen ayé amé anak-anak ayé sama sodare-sodare ayé, emang udeh biase ayé pake mangkanye ilokan itu bahase ayé tinggalin.	1			Betawi	train	9.762479871175524		False	0.28818443804034577	False	4.687121631396307	0.15955983493810177	True
6f5d66a2f09f4f835c35e047386e542b	20664	spontaneous-speech-bew-20664.mp3	16128	2537	Kalo Ente punya kesempetan ke luar negeri, Ente mao cobé ngerasain musim apé di negaré mané?	kalau misalkan dikasi kesempatan keluar negeri guè pengèn banget ke jepang terus guè ngerasain salju, terus guè ke gunung fuji itu bener-bener kayanya seru banget. pèn banget ngerasain salju kalau itu kan es berubah jadi aèr gitu.	1			Betawi	train	12.028769841269842		False	0.19383259911894268	False	5.116818650422859	0.4154057771664374	True
52fd19bf7e8202318b8ee5b4d2cd0925	20761	spontaneous-speech-bew-20761.mp3	46296	2537	Kalo Ente punya kesempetan ke luar negeri, Ente mao cobé ngerasain musim apé di negaré mané?	yè ngga ngimpi kitè mah ke luar negèri.. yè kitè cuman hanya liat di tipi aja juga udah bingung yè.. di luar negèri, di amerika, di belandè ya.. yang udaranyè lebih dari puncak, salju.. *huhh.. gimanè kita di sini aja udah dingin.. ya enakan di negara sendiri.. apalagi di kampung sendiri adèm tentrèm nyaman gitu ya.. masih bisa liat sawah.. ngga ngimpi dèh kitè ke luar negèri.. kayaknya gimanè gitu.. takut kèdèr doang kitè mah.. udah di kampung sendiri ajè dèh.. kita mah lebih nyaman.. iya nggak?..	1			Betawi	train	9.007257646448938		False	0.28200000000000003	False	5.654256155783788	0.7180192572214581	False
66c99d65171c314ca6147556b80a9058	20948	spontaneous-speech-bew-20948.mp3	21528	2537	Kalo Ente punya kesempetan ke luar negeri, Ente mao cobé ngerasain musim apé di negaré mané?	ayè ke pèngèn, pergi ke arab saudi, tempat nya kan bagus tuh buat ibadah ayè kepèngèn banget tuh mau melaksanakan, rukun islam yang ke lima, kali ajè tercapai.	1			Betawi	train	6.13154960981048		False	0.07051282051282048	False	6.639566290218841	0.9738651994497937	False
88cf908ad8137aa6f5527b97584391dc	20958	spontaneous-speech-bew-20958.mp3	20952	2537	Kalo Ente punya kesempetan ke luar negeri, Ente mao cobé ngerasain musim apé di negaré mané?	Aye meh pengennya ke Jepang musim yang dingin yang ade saljunye, kali aje aye entar kesono sapa tau ya namanya orang ya punya rezeki ya ayé pengen banget ke Jepang itu yang empat musim, cuman ayé pengennya ngerasain musimnya musim salju, trus apa ye mainnya maen salju di sonokan	1			Betawi	train	11.025200458190149		False	0.22101449275362317	False	5.465911697574599	0.6066024759284732	False
a68890e3cf92239d60ef959166a79dda	21498	spontaneous-speech-bew-21498.mp3	14292	2537	Kalo Ente punya kesempetan ke luar negeri, Ente mao cobé ngerasain musim apé di negaré mané?	kitè pengènnyè kejepang pengèn ngerasain yang namènyè musim salju itu di jepang kalo kitè mèh di indonesia gaadè yang namnyè musim salju adènyè musim panas amè musim ujan doang 	1			Betawi	train	10.355443604813882		False	0.26436781609195403	False	5.229534128983558	0.47730398899587345	True
6f5d66a2f09f4f835c35e047386e542b	20629	spontaneous-speech-bew-20629.mp3	25236	2446	Seberapé sering Ente ngobrol amé tetanggé seari-ari? 	Sering terutama di sore hari, karena biasanya suka [ummm] gua biasanya suka nyiramin jalanan, kayak bébérés rumah gitu dan itu suka ada tetangga-tetangga yang lewat dan menegur dan suka mengobrol sedikit-sedikit gitu. Apalagi di rumah gua itu warung gitu kan, jadi banyak tetangga-tetangga yang dateng. dan lumayan lebih sering untuk berinteraksi sama tetangga.	1			Betawi	train	12.244412743699476		False	0.24860335195530725	False	5.525875219415855	0.6423658872077029	False
88cf908ad8137aa6f5527b97584391dc	21017	spontaneous-speech-bew-21017.mp3	24372	2446	Seberapé sering Ente ngobrol amé tetanggé seari-ari? 	Tiap ari ayê mêh kongko amê tetangga. Ayê mêh, bisa bèt ayê mêh asal abis masak, rapih-rapih dah. Ayê kongko dêh tuh ayê kongko di balé udéh apè ajè ayê mah. Kongkoin, ngêcaprak mulut ayê kaya... Apélagi kalo ketemu amê yang sehati amê ayê déh tuh, kongko udéh. Apa ajé kongkoin jadi ayê mêh, tetangga ramé bener patutanyé udêh. Adé ajé yang dibahas 	1			Betawi	train	11.77580830461185		False	0.24207492795389052	False	6.43780328040104	0.9463548830811555	False
a68890e3cf92239d60ef959166a79dda	21485	spontaneous-speech-bew-21485.mp3	12348	2446	Seberapé sering Ente ngobrol amé tetanggé seari-ari? 	Séring kité, séring bener tiap hari ngobrol ama tétanggé. Kité ngobrol, kité cerita-cerita téntang pengalaman kité juga.	1			Betawi	train	8.42241658568189		False	0.16239316239316237	False	4.78146437898526	0.20220082530949107	True
5bff828e73452d736037e3d5c5c5f4e6	21515	spontaneous-speech-bew-21515.mp3	16128	2446	Seberapé sering Ente ngobrol amé tetanggé seari-ari? 	Lah, ayé méh sering bangét amé tétanggé ngobrol. Saban hari ayé meh, kalau abis selesai gawé-gawéan ayé méh udéh déh, ke belakang. Kongko amé tetanggé udéh déh, cekak-cekikik ngakak ajé déh, apé ajé diceritain. 	1			Betawi	train	10.97470238095238		False	0.15865384615384615	False	6.8235320352552185	0.9903713892709766	False
bc82a592c4e12646378f67f8abef870f	20366	spontaneous-speech-bew-20366.mp3	24624	2473	Begimané pendidikan keluargé di masyarakat sekitar Ente?	Kalo biasanya dih yak. Pendidikan di keluarga saya mah yang dari emak nih, ya ini sih kurang. Palingan kayak kerja-kerja doang kagak yang ampé pendidikan S1 apa lebih. Paling dari bapak yang ampé ada S1 apa S2 apa. Jadi kayak misalnya di kolahan ya. Jadi tentara. Udah gitu aja.	1			Betawi	train	9.340480831708902		False	0.19999999999999996	False	5.092565912339845	0.40027510316368636	True
9191fa254a8ad3507fe679e6204d470f	20398	spontaneous-speech-bew-20398.mp3	27540	2473	Begimané pendidikan keluargé di masyarakat sekitar Ente?	Pendidikan dikeluarga ané tuh dilingkungan ané, banyakan pesantren pulang-pulang jadi ustad banyakan ustad yékan padahal méh kaga ustad doang harusnya, harusnya banyak tuh yang péngén jadi dokter gitukan, banyak yang pengen jadi pilot, jadi masinis atau apalah itu tapi emang banyakan dikeluarga ané tuh [êêê] pada mêsantrén pulang-pulang jadi ustad jadi kiyai di kampungnya. 	1			Betawi	train	11.69208424110385		False	0.30831099195710454	False	4.950677534591626	0.31361760660247595	True
6f5d66a2f09f4f835c35e047386e542b	20673	spontaneous-speech-bew-20673.mp3	18792	2473	Begimané pendidikan keluargé di masyarakat sekitar Ente?	Pendidikan di daerah gua tuh di masyarakat sekitar ya biasanyé nya si sampé SMA ya untuk pendidikan gitu tapi untuk jenjang kuliah itu tergantung dari ekonomi setiap keluarga tersebut gitu, kaya di daerah gua gitu ga yang semuanya kuliah, paling ya cuma sampe SMA aja sih.	1			Betawi	train	12.07960834397616		False	0.16728624535315983	False	4.831513928621346	0.22833562585969738	True
88cf908ad8137aa6f5527b97584391dc	20988	spontaneous-speech-bew-20988.mp3	26748	2473	Begimané pendidikan keluargé di masyarakat sekitar Ente?	Kalo di sini mah pendikan paling utama, ya minimal lulus SMA. Jadinya di sini mah bagan emaknya pada kuli nandur yang penting anaknya sekolêh. Jadinya diusahain banget pendidikan di sini. Bagan boleh utang kék, èmaknya boleh kuli nandur, kuli nyuci, yang penting anaknyé sekolêh.	1			Betawi	train	8.823089576790787		False	0.30797101449275366	False	4.862695708937845	0.2530949105914718	True
5bff828e73452d736037e3d5c5c5f4e6	21528	spontaneous-speech-bew-21528.mp3	20844	2473	Begimané pendidikan keluargé di masyarakat sekitar Ente?	Kalo keluarga ayêmah masalah pendidikan ya alhamdulillah pada tamat semuê sekolahnyê. Adé yang pada lulus SMA ampé ada yang kuliah ampé ada yang sukses keluarga ayé mah. Alhamdulillah bener keluarga ayé mah bagen katê orang susêh juga e namanya pendidikan meh utame	1			Betawi	train	10.746497793129915		False	0.2595419847328244	False	4.562571281504754	0.11279229711141678	True
fc2417aed3f3e13504285a1cbcb6d7ef	21636	spontaneous-speech-bew-21636.mp3	42156	2473	Begimané pendidikan keluargé di masyarakat sekitar Ente?	Kalo untuk sekarang alhamdulillah si untuk pendidikan itu di masarakat ya khususnya, ya alhamdulillah, sebagiannya udah lumayan, udêh bagus dibanding jaman dulu. Kalau sekarang minimal tu SMA. Adé juga si yang melanjutkan kuliah ke jenjang S1, atau yang melanjutkan sebagai bidan, ya minimal te kebanyakan SMA lulusannya, beda ma kalo jaman dulu, kalau jaman dulu mah ya, sekoleh, banyakan yang ga sekoléh 	1			Betawi	train	8.160166998766487		False	0.2431761786600496	False	5.234722908893185	0.4828060522696011	True
bc82a592c4e12646378f67f8abef870f	20373	spontaneous-speech-bew-20373.mp3	16632	2487	Menurut Ente, seberapé besar peran kesenian di daerah Ente?	di kampung, saya biasanyê mêh odong-odong paling nyohor bét mah amê jaipongan orang biasê kalo hajatan manggil nya jaipongan odong-odong buat sunat dah tuh baé tujuh puluh gotongan gé di lakonin.	1			Betawi	train	9.92063492063492		False	0.140625	False	6.27019316887733	0.921595598349381	False
a523a69994e1c3b9d453ffa3796ec254	20384	spontaneous-speech-bew-20384.mp3	51948	2487	Menurut Ente, seberapé besar peran kesenian di daerah Ente?	udah, udah pada ilang apa ya seni-seni bétawi mah udah jarang yang ngêwarisin sekarang kalo ada juga bocah cuman buat dijadiin itu ondél-ondél buat ngamén bukan bênêr emang diê dêmên buat mintain duit doang. Paling yang masih di paké sama èmak-èmak majelis taklim sekarang itu rebana, itu juga  èmak-èmak majelis taklim bukan yang muda-muda gitu. yang muda-muda mah ya udah maké-maké apatuh begituan cuma buat nyari duit doang kagak bênêr emang dia dêmên gitu bukan péngén bukan péngén ngêwarisin gitu tapi emang cuma buat nyari duit sekarang mah itu mah keliatan gimana kita doang.	1			Betawi	train	9.394009394009394		True	0.3575129533678757	False			False
9191fa254a8ad3507fe679e6204d470f	20415	spontaneous-speech-bew-20415.mp3	22608	2767	Menurut Ente, apé rang-orang masih sering ke pengobatan tradisional?	Lah banyak bang yang masih ke pengobatan tradisional, malah justru banyakan orang yang berobat ke tradisional karena di rumah sakit pada takut disuntik, diinpus, mendingan ke tradisional. Cuman minum obat ramuan-ramuan dedaonan juga ntar insyaallah sembuh. Kalo kata Allah sembuh mah pasti sembuh.	1			Betawi	train	11.279193205944798		False	0.19047619047619047	False	5.040741685744598	0.3686382393397524	True
a523a69994e1c3b9d453ffa3796ec254	20448	spontaneous-speech-bew-20448.mp3	43452	2767	Menurut Ente, apé rang-orang masih sering ke pengobatan tradisional?	Masi banget banyak orang yang berobat ke alternatip alternatip kaya apa namanya ngurut kalo pegel pegel badan diurut biar pada lempeng biar pada lemes, betisnya, tangannya, palanya, perutnya, biar pada lemes. Kalo kata orang tua mah diurut biar pada lemes kalo berobat berobat kedokter mah ya paling kalo dah ketauan penyakitnya apah kalo tibang puyeng-puyeng masuk angin doang mah dikerokin udah tempel koyo kelar, gitu doang. 	1			Betawi	train	8.33103194329375		False	0.2988235294117647	False	5.813425672890956	0.7909215955983494	False
bc82a592c4e12646378f67f8abef870f	20459	spontaneous-speech-bew-20459.mp3	17964	2767	Menurut Ente, apé rang-orang masih sering ke pengobatan tradisional?	Iya pan kadang kita ke dokter ge kagak ada yang dicek, kagak ada yang sakit. Emang makanya kadang kita harus kudu, masih punya yang begitu yak, biar bisa ngeliat. Apa yang dirasa. Apa kadang kita bisa ngeliat begitu, yang dirasain kagak enak.	1			Betawi	train	11.189044756179026		False	0.3263598326359832	False	4.633666277177	0.1361760660247593	True
6f5d66a2f09f4f835c35e047386e542b	20648	spontaneous-speech-bew-20648.mp3	22104	2767	Menurut Ente, apé rang-orang masih sering ke pengobatan tradisional?	Untuk dimasa sekarang itu pengobatan tradisional itu udeh jarang ya, terutama kaya orang-orang yang jaman dulu. Itu tergantung sakitnye tuh sakitnye tuh sakit apa sekarang si lebih untuk ke rumah sakit, untuk pengobatan kalo yang tradisional karna udah jarang dijaman sekarang, terutama tuh di daerah rumah gué tuh udah jarang banget yang tradisional. 	1			Betawi	train	13.52696344553022		False	0.3581661891117478	False	4.065840520469949	0.015130674002751032	True
88cf908ad8137aa6f5527b97584391dc	21015	spontaneous-speech-bew-21015.mp3	29052	2767	Menurut Ente, apé rang-orang masih sering ke pengobatan tradisional?	Kalo di kampung ayé meh masi sering pengobatan tradisional, apelagi kalo yang namenye urut itu ape yang disembur-sembur. Kalo lagi anak yang panas pilek tuh dipopokin pake kencur, palanye pake bangle. Kalo di sini masi bener-bener tradisional banget abisnye di sini meh jauh rumeh sakit jadinyé yé kalo panas dikit anak keseleo diurut. Kalo anak ingusan tuh modo dipakeinneh kencur dipopokin kencur. 	1			Betawi	train	11.634310890816469		False	0.24685138539042817	False	5.175185568783603	0.44566712517193946	True
a68890e3cf92239d60ef959166a79dda	21476	spontaneous-speech-bew-21476.mp3	23580	2767	Menurut Ente, apé rang-orang masih sering ke pengobatan tradisional?	Buanyak di kite mah pengobatan tradisional ya. Ya obat tradisional itu bagus karena gak ada efek samping apa yang namanya dari bahan kimia, yang minum obat mulu. Obat mulu kan kimia, kalo tradisional kan pake nya obat-obat herbal kan dari daun-daunan rempah-rempah itu buagus itu.	1			Betawi	train	10.008481764206952		False	0.23465703971119134	False	5.276837703637128	0.5089408528198074	True
a523a69994e1c3b9d453ffa3796ec254	20426	spontaneous-speech-bew-20426.mp3	25848	2754	Begimané caré Ente negor atow ngingetin orang terdeket Ente buat ngejagé lingkungan?	"Kalo kita ngingetin orang, yang namanya orang sini, orang Bétawi kagak bisa ""eh nggak boleh"" nggak bisa begitu. ""Ah! Lu jangan kotor, jember, yang bener itu buang sampahnya jangan di situ!"" begitu. Ya padahal mah kagak ngomél ya, kagak marah-marah tapi mah orang nanggepinnya marah-marah. Tapi mah emang begitu cara ngingetinnya. Bukan, bukan marah, bukan benci."	1			Betawi	train	11.877127824203033		False	0.27298050139275765	False	4.974339035205369	0.33012379642365886	True
6f5d66a2f09f4f835c35e047386e542b	20716	spontaneous-speech-bew-20716.mp3	20700	2754	Begimané caré Ente negor atow ngingetin orang terdeket Ente buat ngejagé lingkungan?	Biasanya gua selalu ngingetin orang yang ga buang sampah tuh secara langsung gituloh, kaya [ee] mpat mata jadi kaya berdua gitu gua engga mau negor orang didepan orang banyak karena itu bisa membuat dia malu. Kalo biasa orang terdekat gué ya gue tegor kaya gitu jangan buang sampah sembarangan ya guys gitu, buang sampah pada tempatnya gua selalu ngingetin kaya gitu. 	1			Betawi	train	14.830917874396135		False	0.27671232876712326	False	5.13306881204125	0.422283356258597	True
52fd19bf7e8202318b8ee5b4d2cd0925	20789	spontaneous-speech-bew-20789.mp3	35280	2754	Begimané caré Ente negor atow ngingetin orang terdeket Ente buat ngejagé lingkungan?	Kalo kité sih orang Bétawi kalo ngingetin negor ya temen ya sodara ya kalo buat ngejaga lingkungan ye seperti layaknyé kayak orang-orang biasé. Ya sekali kita bilangin kaga ngerti,dua kali gak ngeri tiga kali kita gibéng ye begitu kalo kita mah orang Bétawi kalo gak ngerti juga gak paham-paham juga ye.karena kalo lingkungan itu penting kalo bukan kité siapa lagi yang mau ngejagé begitu. 	1			Betawi	train	9.240362811791384		False	0.2790697674418605	False	4.8917350254484875	0.2737276478679505	True
88cf908ad8137aa6f5527b97584391dc	20918	spontaneous-speech-bew-20918.mp3	26964	2754	Begimané caré Ente negor atow ngingetin orang terdeket Ente buat ngejagé lingkungan?	"Lah kita mah selalu bilang mulu, ""Eh mpok itu pohonan jangan ditebang-tebangin mpok, buaginin apaan antebpin"", die ijo kan cakep kalo kata ijo kampung kita jadi pohonan cakep dipandang di mata juga cakep udah biarin tepinin jangan ditebang-tebangin. Lah orang-orang sonoan mah pada ditanem-tanemin lah kita giliran udah ditanem cakep banget malah ditebang-tebangin, ""Jangan tebangin mpok biarin tepinin biar kampung kita makin cakep""."	1			Betawi	train	13.796172674677347		False	0.34802784222737815	False	5.7430228794397475	0.7592847317744154	False
a68890e3cf92239d60ef959166a79dda	21414	spontaneous-speech-bew-21414.mp3	26064	2754	Begimané caré Ente negor atow ngingetin orang terdeket Ente buat ngejagé lingkungan?	Itu kite bilangin kalo bise tuh kite jaga lingkungan tuh contohnya kite buang sampeh pada tempatnye, jangan buang sampe dimane aje. Kalo orangnya masih ngeselin itu udeh kite omelin aje kalo begitu, dari pade entar kite kampung kite kebanjiran mulu gara-gara sampe. 	1			Betawi	train	8.594229588704726		False	0.17490494296577952	False	5.190702867292829	0.4511691884456671	True
a68890e3cf92239d60ef959166a79dda	21527	spontaneous-speech-bew-21527.mp3	22284	2757	Begimané menurut Ente dampak pembangunan infrastruktur koté ke lingkungan sekitar Ente?	Dengan adenye pembangunan sehingga menjadi awalnya udara yang sejuk indah asli dengan adenyé pembangunan sempit dan engap. 	1			Betawi	train	4.756776162268893		False	0.17500000000000004	False	6.697342253454311	0.9821182943603851	False
6f5d66a2f09f4f835c35e047386e542b	20671	spontaneous-speech-bew-20671.mp3	30168	2743	Begimané supayé kité ngejagé kebersihan di lingkungan sekitar?	Menjaga kebersihan di lingkungan sendiri tuh jangan buang sampah sembarangan. Jangan buang sampah sembarangan, jangan suka buang-buang sampah yang bau. Karna tuh, apalagi di rumah gua kan depannya kebon gitu kan kalo ada yang buang sampah di depan rumah gua di daerah lahan kosong gitu tuh nanti jadinya bau karna gak dibakar, terus dia lembab, jadinya bau gitu. Terus [ee] harus banget kayak ngebersihin sampah-sampah kayak gitu, harus disapuin. Itu biar supaya bagus, nggak kotor, diliatnya enak.	1			Betawi	train	13.988332007425086		False	0.2909090909090909	False	4.659678523977704	0.15130674002751032	True
52fd19bf7e8202318b8ee5b4d2cd0925	20819	spontaneous-speech-bew-20819.mp3	49212	2743	Begimané supayé kité ngejagé kebersihan di lingkungan sekitar?	"Kalo kite di kampung ye kalo untuk ngejaga kebersihan lingkungan itu apé yé namanyé disebutnye [umm] gotong royong. Kalo di kampung masih ade istilah gotong royong, [umm] itu nanti yang nggeprak-nggeprak yang nguprak-nguprak ini (pak) RT. Ya nanti keliling ya, ""lingkungan masing-masing ayo gotong royong gotong royong ayo kerja bakti"" gitu jadi sampah-sampah, rumput-rumput yang tinggi, itu dibersihin. Jadi, [umm] kegiatan itu biasanya seminggu sekali diadain ye buat ngebersihin sampah, rumput-rumput yang tinggi ya. Jadi kita di Bétawi tu masih ada istilah kerja bakti atau gotong royong di lingkungan di kita tempat tinggal gitu."	1			Betawi	train	10.993253677964724		False	0.3518225039619651	False	4.6914282187248695	0.1623108665749656	True
66c99d65171c314ca6147556b80a9058	21052	spontaneous-speech-bew-21052.mp3	12888	2743	Begimané supayé kité ngejagé kebersihan di lingkungan sekitar?	Dengan kita menjaga dan membuang sampah pada tempatnya. Jangan membuang sampah sembarangan.	1			Betawi	train	6.207324643078833		False	0.2272727272727273	False	3.792324623281754	0.0041265474552957355	True
88cf908ad8137aa6f5527b97584391dc	21109	spontaneous-speech-bew-21109.mp3	24876	2743	Begimané supayé kité ngejagé kebersihan di lingkungan sekitar?	Kita menjaga lingkungan di sekitar kita, lah itu contohnya kita bersih-bersih solokan, jangan buang sampah sembarangan, terus menjaga nanem pohon biar hijau tuh, terus kite kerja bakti gotong royong sesama tetangga biar tuh jadinye lingkungan kita bersih dan aman     	1			Betawi	train	9.044862518089724		False	0.18867924528301883	False	4.130082194917047	0.024759284731774415	True
a68890e3cf92239d60ef959166a79dda	21453	spontaneous-speech-bew-21453.mp3	23652	2743	Begimané supayé kité ngejagé kebersihan di lingkungan sekitar?	Ye terutama kite harus bisa yang namanye menempatkan atau buang sampah pada tempatnya. Terus membersihkan juga aliran-aliran kali atau got tuh ama masyarakat sekitar pada sama ya RT kite begotong royong, membersihkan.	1			Betawi	train	7.864028411973617		False	0.1448598130841121	False	5.149235903088596	0.4305364511691884	True
5bff828e73452d736037e3d5c5c5f4e6	21582	spontaneous-speech-bew-21582.mp3	11736	2743	Begimané supayé kité ngejagé kebersihan di lingkungan sekitar?	Lah itu nyapu bersih-bersih biar jangan ada sampeh tuh di lingkungan kita. Terus pohon-pohonan ditebang-tebangin kalo yang pada nyerempet ke rumah-rumah orang.	1			Betawi	train	11.758691206543968		False	0.08333333333333337	False	4.091932744624831	0.02063273727647868	True
fc2417aed3f3e13504285a1cbcb6d7ef	21643	spontaneous-speech-bew-21643.mp3	52956	2743	Begimané supayé kité ngejagé kebersihan di lingkungan sekitar?	Nah, kite kalo mao melestarikan tuh menjaga kelestarian lingkungan kite pertame kita harus bergotong royong atau kerja bakti. Kita itu membersihkan saluran air atau kali, kali itu biar jangan ade sampeh-sampeh biar engga banyak nyamuk. Nah, di situ juga kita harus melestarikannya kita harus bersiin tuh jalanan jangan sampai ade ape tuh namenye sampeh-sampeh kita harus biar lebih kita harus menjaga kebersihan lingkungan itu karna kalu kita udah menjaga kebersihan lingkungan itu nanti lingkungan kita akan nyaman asri indah dan sehat gitu. 	1			Betawi	train	8.705340282498678		True	0.37962962962962965	False			False
9191fa254a8ad3507fe679e6204d470f	20437	spontaneous-speech-bew-20437.mp3	16884	2533	Begimané musim bikin pengaruh dalém pertanian di tempat tinggal Ente?	sangat pengaruh banget musim kalo, apêlagi musim  ujan ya kêsian para petani gitukan pada kaga bisa diê nandur, kaga bisa diê nyawa karna hujan, karna sawahnya kebanjiran kadang gara-gara ujan lebat.	1			Betawi	train	9.950248756218905		False	0.16326530612244894	False	5.715289440090781	0.7469050894085282	False
9191fa254a8ad3507fe679e6204d470f	20437	spontaneous-speech-bew-20437.mp3	16884	2533	Begimané musim bikin pengaruh dalém pertanian di tempat tinggal Ente?	sangat pengaruh banget kalo di sini.. apê lagi kalo musim ujan ya kasihan para pètani gitu kan.. kagak bisa dia nandur, kagak bisa dia nyawah karena ujan.. kadang sawahnya kebanjiran gara-gara ujannya lèbat..	1			Betawi	train	10.424070125562665		False	0.15121951219512197	False	4.922575915022822	0.29436038514442914	True
88cf908ad8137aa6f5527b97584391dc	21257	spontaneous-speech-bew-21257.mp3	14688	2533	Begimané musim bikin pengaruh dalém pertanian di tempat tinggal Ente?	kalo musim nyawê nih trus ga ujan ujan itu jadi penghambat nyawênyê jelek trus kèring jadinye nyawênyê ga bagus. 	1			Betawi	train	6.3997821350762525		False	0.17272727272727273	False	5.925541534550711	0.8404401650618982	False
a68890e3cf92239d60ef959166a79dda	21482	spontaneous-speech-bew-21482.mp3	15084	2533	Begimané musim bikin pengaruh dalém pertanian di tempat tinggal Ente?	Biasanyé di kité musim kemarau banyakan jadinya aér asin naék. Jadi banyak gagal panen. Ujung-ujungan sawah-sawah gak pada panen karna kèna aér asin.	1			Betawi	train	8.419517369398038		False	0.11643835616438358	False	6.015975433343283	0.8610729023383769	False
6f5d66a2f09f4f835c35e047386e542b	20706	spontaneous-speech-bew-20706.mp3	14580	2490	Kalo Ente, pernah belajar kesenian apé? Dan, kenapé belajar tuh kesenian?	dulu banget pernah belajar kesenian itu nari nari saman tuh seru banget bênêr-bênêr pas smp cuma pas di sma karna gué udh ada èskul dan gué ga nemuin seni tari itu lagi jadi kaya gué udéh gapernah lanjutin tarian itu lagi.	1			Betawi	train	12.482853223593963		False	0.17808219178082196	False	6.031961266771271	0.8693259972489684	False
88cf908ad8137aa6f5527b97584391dc	21101	spontaneous-speech-bew-21101.mp3	26964	2490	Kalo Ente, pernah belajar kesenian apé? Dan, kenapé belajar tuh kesenian?	saya dulu pernah ikut kesenian nabuh rabana itu karna kenapê dikampung ayê si emang robanêh itu udah ciri khas nyê buat robana karna robanêh tuh kan buat buat kegiatan ibu-ibu di majlis talim jadinyê keseniannyê cuman belajar ya itu robana merawis yang biasa dipelajrin amê ibu-ibu di kampung situ sendiri.	1			Betawi	train	9.531226820946449		False	0.19471947194719474	False	5.458208705640779	0.6011004126547456	False
88cf908ad8137aa6f5527b97584391dc	21101	spontaneous-speech-bew-21101.mp3	26964	2490	Kalo Ente, pernah belajar kesenian apé? Dan, kenapé belajar tuh kesenian?	saya udah pernah belajar kesenian nabu rebana gitu.. karena kenapê? di kampung ayê sih emang rebana itu ya udah ciri khasnya buat rebana.. karena rebana itu kan buat kegiatan ibu-ibu di majelis ta'lim... jadinya keseniannya cuman belajarnya itu.. rebana, marawis, yang biasa di pelajarin sama ibu-ibu di kampung situ sendiri..	1			Betawi	train	10.272956534638777		False	0.2538699690402477	False	4.969895972490578	0.3246217331499312	True
bc82a592c4e12646378f67f8abef870f	20504	spontaneous-speech-bew-20504.mp3	15048	2535	Apé ajé solusi atow antisipasi buat berubényé cuacé?	iya kadang kita pikirnya kadang pèntér tiba-tiba ujan.. brati kita kalo gitu kudu antisipasi bawa jas ujan kalo perlu yak.. kadang kita kaga ada yang tau ya.. lagi pentér tau-tau ujan bar-bar..	1			Betawi	train	10.76555023923445		False	0.20526315789473681	False	5.803004649467764	0.782668500687758	False
6f5d66a2f09f4f835c35e047386e542b	20599	spontaneous-speech-bew-20599.mp3	28188	2535	Apé ajé solusi atow antisipasi buat berubényé cuacé?	Untuk cuaca hujan biasanya antisipasinya itu kita harus sediain mantêl. Mantêl itu berarti jas ujan. Karena harus selalu tersedia di motor kalo yang berkendaranya pakè motor. Karena jaga-jaga supaya kalo tiba-tiba ujan turun kita bisa memakai jas ujan tersebut. Kalo misalkan cuacanya panas, cuacanya panas, êêê, biasanya ya cuman paké  masker ato menutupi supaya tidak hitam.	1			Betawi	train	11.352348517099475		False	0.2305630026809652	False	6.02230858122498	0.8638239339752407	False
88cf908ad8137aa6f5527b97584391dc	21095	spontaneous-speech-bew-21095.mp3	17136	2535	Apé ajé solusi atow antisipasi buat berubényé cuacé?	antisipasinyè yè kitê itu menjaga apabila bocor ,gênténg kita siap-siapin kita rapi-rapiin trus yang kirê-kirê yang menurut kita.	1			Betawi	train	6.5359477124183005		False	0.11904761904761907	False	6.599208252777006	0.9697386519944979	False
a523a69994e1c3b9d453ffa3796ec254	20523	spontaneous-speech-bew-20523.mp3	27324	2801	Seberapé sering Ente pake sosial media dalem seari?	make sosmed mah tiap hari, tiap waktu. tapi buat nonton pelém. ngandelin wipi. kagak buat update-update kagak. aib itu mah aib. buat nonton pelém. ama buat nyari jajanan ape yang lagi rame diberitain.. udah begitu doang.	0			Betawi	train	6.770604596691553		False	0.17050691244239635	False	6.375529943738973	0.936726272352132	False
bc82a592c4e12646378f67f8abef870f	20559	spontaneous-speech-bew-20559.mp3	12564	2801	Seberapé sering Ente pake sosial media dalem seari?	ya buat kita mah kadang ya kalo udah bosen kayak taro, kalo emang penting masih penting  ya kita buka bee pagi ampe sore ampe ketemu malem ya masih maen gujengin hp bee kagak sudah-sudah.	1			Betawi	train	12.177650429799426		False	0.1630434782608695	False	5.5574146190236124	0.6643741403026134	False
88cf908ad8137aa6f5527b97584391dc	21189	spontaneous-speech-bew-21189.mp3	19332	2801	Seberapé sering Ente pake sosial media dalem seari?	kalo aye sih yah namanya orang kampung.. kalo maen sosial media ya sebisanya aja sih.. ya ngga begitu sering-sering banget sih.. aye sih ngga bisa maen sosial media.. paling cuman liat-liat yang di fesbuk.. liat-liat doang ngga bisa maeninnya..	1			Betawi	train	10.655907303951995		False	0.2614107883817427	False	4.343957506303558	0.06052269601100413	True
a68890e3cf92239d60ef959166a79dda	21324	spontaneous-speech-bew-21324.mp3	28332	2801	Seberapé sering Ente pake sosial media dalem seari?	Lah kalo sekarang mah jaman sekarang ya paké media sosial itu ya pentinglah. Hampir tiap pagi buktinya sekarang orang itu tuh kebanyakan udah harus megang henpon gitu. Apa-apa kan karang berhubungan tuh kayak lewat, lewat media sosial. Ya kalo sekarang ya nggak punya akun-akun media sosial tuh ya, ibaratnya tuh gaptek lah, ketinggalan jaman. 	1			Betawi	train	10.235775801214174		False	0.2404692082111437	False	5.2187863171057405	0.46629986244841815	True
66c99d65171c314ca6147556b80a9058	21125	spontaneous-speech-bew-21125.mp3	26028	2457	Begimané caranyé biar di lingkungan sekiter rumé Ente tetep aman pas malem ari?	Jadi kampung ayé tuh ngadain rondé keliling, setiap malém itu 4 orang atau 3 orang tuh jaga jadi bergiliran gantian-gantian. Malam ini 3 orang, malém besok 3 orang, dengan begitu jadinya aman kampung kita	1			Betawi	train	6.56984785615491		False	0.18905472636815923	False	5.132679914297882	0.42090784044016505	True
88cf908ad8137aa6f5527b97584391dc	21222	spontaneous-speech-bew-21222.mp3	11736	2457	Begimané caranyé biar di lingkungan sekiter rumé Ente tetep aman pas malem ari?	kalo lingkungan di ruméh ayé si kayé biar aman si ya gitu biar adé yang ngerondé tiap malem tapi ngerondé nyé gantian biar gadé maling itukan, kan kalo adé maling kan jadinyé pada ribut.	1			Betawi	train	13.03680981595092		False	0.180327868852459	False	5.015499166950959	0.35213204951856947	True
a68890e3cf92239d60ef959166a79dda	21317	spontaneous-speech-bew-21317.mp3	25416	2457	Begimané caranyé biar di lingkungan sekiter rumé Ente tetep aman pas malem ari?	[umm] kalo lingkungan biar aman tuh biasanya, di tiap rt itu tuh tiap malém udah ada jadwal ronda dari masing-masing keluarganya tu kan uda dari sénén sampé jumat kebanyakan ada tuh jadwal ngeronda..	1			Betawi	train	6.570664148567831		False	0.15306122448979587	False	5.224460685160253	0.47455295735900965	True
5bff828e73452d736037e3d5c5c5f4e6	21588	spontaneous-speech-bew-21588.mp3	20448	2457	Begimané caranyé biar di lingkungan sekiter rumé Ente tetep aman pas malem ari?	lha itu kalo malem ada bapak-bapak pada tuh [umm] ngerondé.. bégentian.. abisannya lah kampung ayé alhamdulillah mah aman.. makanya ada orang tiap malem bapak-bapak pada anak mudanya pada bégadang.. pada kongkow dah tu ngérondé di situ..	1			Betawi	train	9.878716744913929		False	0.1709401709401709	False	5.2033850956884224	0.45529573590096284	True
724d9ac0c1c5abaf145819862e87b6ba	21621	spontaneous-speech-bew-21621.mp3	26316	2457	Begimané caranyé biar di lingkungan sekiter rumé Ente tetep aman pas malem ari?	kalo menurut ayé sih ya, biar lingkungan kita di malam hari biar aman ya.. ya itu diadain ngerondé tu.. buat bapak-bapak di malam hari biar kampung kita aman.. biar kalo ada yang kemalingan karena kalo adanya kegiatan ngérondé itu, ya kemungkinan kampung kita jadi aman dan enak..	1			Betawi	train	8.891928864569083		False	0.2563176895306859	False	4.443480297229952	0.07977991746905089	True
fc2417aed3f3e13504285a1cbcb6d7ef	21656	spontaneous-speech-bew-21656.mp3	36252	2457	Begimané caranyé biar di lingkungan sekiter rumé Ente tetep aman pas malem ari?	setiap malem itu kita ngadain ronda keliling, apa sih kalo ronda keliling, gantian tuh warga itu semaleman itu ada empat orang, setiap malem keliling, ngelilingin kampung kité tuh, biar kampung kité aman gada maling gada yang nyopet nah itu, jadi setiap malem itu giliran, kampung ayé tuh ngérondanya terkadang ada anak mudé ada bapa-bapa nya juga itu seperti itu.	1			Betawi	train	8.440913604766633		False	0.29639889196675895	False	4.994942168180288	0.343878954607978	True
a523a69994e1c3b9d453ffa3796ec254	20544	spontaneous-speech-bew-20544.mp3	15696	2751	Begimané menurut Ente tentang penebangan utan?	Hutan ditebang sedih, sedih aja udah, jadi nglekeb, gerahh, udah. 	1			Betawi	train	3.567787971457696		False	0.07936507936507942	False	6.372039471588369	0.9353507565337001	False
6f5d66a2f09f4f835c35e047386e542b	20735	spontaneous-speech-bew-20735.mp3	16272	2751	Begimané menurut Ente tentang penebangan utan?	Penebangan hutan tuh bisa merusak lingkungan hutan karna yang tadinya buat melindungi jadi ga melindungi jadi longsor karena pohon-pohonnya pada ditebangin trus jadi tandus panas kaya gituh.	1			Betawi	train	10.078662733529988		False	0.17112299465240643	False	5.510155644178968	0.6354883081155434	False
66c99d65171c314ca6147556b80a9058	21139	spontaneous-speech-bew-21139.mp3	25236	2751	Begimané menurut Ente tentang penebangan utan?	Kalo menurut ayé tuh, ayé tuh, kita harus menjaga pelestarian lingkungan terutama di utan. Jangan nebang kayu sembarangan takutnya kalo banjir kan susah kita-kita juga. Kita harus menjaga pelestarian hutan itu. Jangan sampe terjadi kebanjiran.	1			Betawi	train	8.281819622761134		False	0.24583333333333335	False	4.222232998718064	0.03576341127922971	True
a68890e3cf92239d60ef959166a79dda	21470	spontaneous-speech-bew-21470.mp3	22500	2751	Begimané menurut Ente tentang penebangan utan?	Menurut kité tentang penebangan utan itu tidak baik sih. Karna itu kite kalau kite liat-liat itu jadi merusak ekosistem hewan-hewan ya. Jadi kalo bisa mah jangan itu yang namanya utan ditebang-tebang. Ntar kalo aér banjir udah jadinya masuk dah ke kampung-kampung.	1			Betawi	train	9.955555555555556		False	0.1724137931034483	False	5.378690325642128	0.5708390646492435	True
6f5d66a2f09f4f835c35e047386e542b	20708	spontaneous-speech-bew-20708.mp3	22104	2748	Seberapé penting kité ngejagé kebersihan lingkungan?	Penting banget untuk ngejaga kebersihan lingkungan kaya buang sampah itu harus bat buang sampah pada tempatnya karna orang-orang tuh jaman sekarang banyak bat buang puntung roko sembarangan, buang sampah sembarangan. Itu yang bikin menjadi kita tuh sering banjir trus jadi bau pas ujan trus berserakan jadi penyakit sarang penyakit kaya gitu. 	1			Betawi	train	13.210278682591388		False	0.2529411764705882	False	4.364158810181885	0.06602475928473177	True
88cf908ad8137aa6f5527b97584391dc	21085	spontaneous-speech-bew-21085.mp3	22608	2748	Seberapé penting kité ngejagé kebersihan lingkungan?	Menjaga kebersihan lingkungan itu sangat penting contohnyé kite jangan buang sampah sembarangan, terus kita jangan nebangin pohon sembarangan, jangan bakar pohon dengan sembarangan. Karena kenape kalo kita buang sampah sembarangan itu terjadilah banjir, longsor, itu disebut kita peduli dengan lingkungan.  	1			Betawi	train	11.765746638358102		False	0.3223684210526315	False	4.275973390776962	0.048143053645116916	True
66c99d65171c314ca6147556b80a9058	21165	spontaneous-speech-bew-21165.mp3	10944	2748	Seberapé penting kité ngejagé kebersihan lingkungan?	Ya, sangat penting si kalo ngejaga kelestarian lingkungan, itukan menjaga kesehatan juga biar lebih nyaman bersih dan indah.	1			Betawi	train	9.77704678362573		False	0.03305785123966942	False	4.360323763696187	0.06464924346629987	True
a68890e3cf92239d60ef959166a79dda	21308	spontaneous-speech-bew-21308.mp3	30564	2748	Seberapé penting kité ngejagé kebersihan lingkungan?	Ya kalo ngeja lingkungan mah bukan kita sendiri doang ya harus ya bersama-sama ya kayak masyarakat gitu lah ya ngejaga lingkungan itu penting ya buat nanti di masa depannya biar ya kayak gak ada banjir apa gitu. Intinya kalo ngejaga lingkungan tuh penting. Bukan dari kita sendiri tapi kebersamaanlah.	1			Betawi	train	8.277712341316581		False	0.2751677852348994	False	4.440057643636763	0.07840440165061899	True
0713c98ef01495f851d7963b1cf9032a	20342	spontaneous-speech-bew-20342.mp3	5328	2719	Kendaraan apé nyang pengen Ente cobain di masé depan?	Kendaraan apè nyang pengen enté cobain di masa depan.	1			Betawi	train	8.445945945945946		True	0.0	False			False
bc82a592c4e12646378f67f8abef870f	20427	spontaneous-speech-bew-20427.mp3	18216	2719	Kendaraan apé nyang pengen Ente cobain di masé depan?	Kita mah orang kampung yak. Kendaraan apa kita résép gitu yak yang penting kagak mabok. Naik pesawat kerasa bét pengén dicobain atu-atu mah buat masa depan mah. Apa lagi kita tunggangin yak. Yang penting mah kagak mabok dah bègitu yang kagak bisa sampè bikin puyéng pala.	1			Betawi	train	12.40667545015371		False	0.19029850746268662	False	5.325056345060636	0.5405777166437414	True
6f5d66a2f09f4f835c35e047386e542b	20696	spontaneous-speech-bew-20696.mp3	19116	2719	Kendaraan apé nyang pengen Ente cobain di masé depan?	Gua pengen banget cobain helikopter sih untuk sejauh ini gitu kan. Tapi itu masih mikir-mikir juga gitu kan, karna gua belom yang kayak traveler sampai yang jauh-jauh keluar kota gitu, gua belom pernah gitu. Paling ya bawa mobil pribadi kalaupun itu. Tapi sejauh ini yang pengen gua banget ya naik helikopter.	1			Betawi	train	13.548859594057337		False	0.23856209150326801	False	5.298074268993798	0.5226960110041265	True
88cf908ad8137aa6f5527b97584391dc	21083	spontaneous-speech-bew-21083.mp3	28872	2719	Kendaraan apé nyang pengen Ente cobain di masé depan?	keadaan yang ayè pengen sih ya pengennya saya naèk pesawat terbang itukan terus mobil- mobil mewah yang belom pernah saya naiki. itu pengen banget itu apè ke mimpi-mimpi itu kadang-kadang kaapaan gitu bisa naèk pesawat terbang, terus kapan kita bisa ya èèèè naèk mobil-mobil mewah, terus makan-makan ènak. ya namanya orang kampung si èmang begitu ka keinginannya cuma begitu-begitu aja sih.	1			Betawi	train	11.42975893599335		False	0.2945736434108527	False	4.926903742582173	0.2998624484181568	True
66c99d65171c314ca6147556b80a9058	21200	spontaneous-speech-bew-21200.mp3	4176	2719	Kendaraan apé nyang pengen Ente cobain di masé depan?	Ayè pengen naèk pesawat terbang	1			Betawi	train	6.465517241379311		True	0.0	False			False
66c99d65171c314ca6147556b80a9058	21200	spontaneous-speech-bew-21200.mp3	4176	2719	Kendaraan apé nyang pengen Ente cobain di masé depan?	ayè pengen naèk pesawat terbang	1			Betawi	train	6.465517241379311		True	0.0	False			False
724d9ac0c1c5abaf145819862e87b6ba	21626	spontaneous-speech-bew-21626.mp3	19476	2719	Kendaraan apé nyang pengen Ente cobain di masé depan?	Kalo kendaraan ayé sih yang pengen ayé cobain ya di masa depan ayé pengen banget ntu naek pesawat terbang, terus naek mobil-mobil mewah. Kan ayé belum pernah itu naik pesawat apalagi mobil-mobil mewah. Orang ayé kagak punya mobil gimané ayé mau naek.	1			Betawi	train	10.731156294927093		False	0.24696356275303644	False	4.929859535967684	0.30674002751031637	True
fc2417aed3f3e13504285a1cbcb6d7ef	21665	spontaneous-speech-bew-21665.mp3	6444	2719	Kendaraan apé nyang pengen Ente cobain di masé depan?	ayè pengen naèk pesawat terbang..	1			Betawi	train	4.500310366232154		True	0.0	False			False
bc82a592c4e12646378f67f8abef870f	20383	spontaneous-speech-bew-20383.mp3	19260	2478	Seberapé sering masyarakat di sekitar Ente pake daon buat kegiatan atow kebutuhan seari-ari?	Kan kita buat pesor ge masih maké daon pisang karna emang daon pisang mah lentur. Kadang buat kita makan bareng-bareng ge,  makan buat sarapan ge buat sarapan nasih ya paké daon pisang bae biar simpel langsung buang kalo udah kelar makan, begitu.	1			Betawi	train	10.591900311526478		False	0.27572016460905346	False	4.994301039021516	0.3425034387895461	True
bc82a592c4e12646378f67f8abef870f	20383	spontaneous-speech-bew-20383.mp3	19260	2478	Seberapé sering masyarakat di sekitar Ente pake daon buat kegiatan atow kebutuhan seari-ari?	Kadang kita buat pesor ge masih make daon pisang, karna emang daon pisang mah lentur. Kadang buat buat kita makan bareng-bareng gé, makan buat sarapan gé, buat sarapan nasi yak. Maké daun pisang baé biar simpel langsung buang kalo udah kêlar makan, begitu.	1			Betawi	train	11.11111111111111		False	0.25296442687747034	False	5.078524928456939	0.390646492434663	True
9191fa254a8ad3507fe679e6204d470f	20487	spontaneous-speech-bew-20487.mp3	22608	2478	Seberapé sering masyarakat di sekitar Ente pake daon buat kegiatan atow kebutuhan seari-ari?	nah kalo pemakean daon daon yang ada di rumah kita mah buat kebutuhan sehari hari banyak bang, yé biasanya tuh daon daon salam buat anu, trus sêré buat masak biasanya gitu gitu daon daon pandan buat masak kadang kalo ada yang nanêm daon saga ya buat buat anu nyembuhin bocah pada batuk kalo pada batuknya ngêgrêk.	1			Betawi	train	11.411889596602972		False	0.2935483870967742	False	5.216130282263918	0.46354883081155435	True
88cf908ad8137aa6f5527b97584391dc	21150	spontaneous-speech-bew-21150.mp3	31788	2478	Seberapé sering masyarakat di sekitar Ente pake daon buat kegiatan atow kebutuhan seari-ari?	Kalo di masyarakat ayé sih biasanya kalo make daon itu di acara-acara buat syukuran. Contohnya buat bikin kue lémpéng, kue pukis, apa tu kue-kue yang dadar gulung, terus kue cemon, terus kue lêmét.. ya itu yang bisa digunakan kan daun pisang itu banyak manfaatnya.	1			Betawi	train	6.952309047439285		False	0.13793103448275867	False	5.055138785557909	0.3768913342503439	True
a68890e3cf92239d60ef959166a79dda	21445	spontaneous-speech-bew-21445.mp3	20916	2478	Seberapé sering masyarakat di sekitar Ente pake daon buat kegiatan atow kebutuhan seari-ari?	Itu dikitê itu biasenyê daun itu penting buat mépés ikan, trus buat bungkus nasi uduk atau buat bikin lêpêt, buras itu pénting itu.	1			Betawi	train	5.211321476381717		False	0.125	False	5.824970705209416	0.7991746905089409	False
a523a69994e1c3b9d453ffa3796ec254	20389	spontaneous-speech-bew-20389.mp3	32436	2504	apé cité-cité Ente pas kecit dan kenapé pengen jadi ituh?	Kecil mah péngén banget itu jadi arsitek. Cuma kita tau sekolah arsitek mahal. Orant tua kagak ada duit. Ya ada slot beasiswa mah ya udah diambil aja yang penting mah jadi sarjana gitu. Biarin dah cita-cita kita juga kayak gitu nggak késampéan. Mudah-mudahan di anak mah késampéan, insyaallah begitu.	1			Betawi	train	7.769145394006659		False	0.1447811447811448	False	6.015219234008795	0.859697386519945	False
bc82a592c4e12646378f67f8abef870f	20400	spontaneous-speech-bew-20400.mp3	20916	2504	apé cité-cité Ente pas kecit dan kenapé pengen jadi ituh?	dulu mah lagi kecil pengen bétt jadi bidan gitu yak.. yang résép tuh kayaknya ini ya pakéannya cakép gitu ama tukang nyuntikin orang.. lah ngapa pas gédé malah jadi takut ama tukang suntikan.. jadinya berubah pikiran pas udah gédé mah.. kita jadi apa baé yang penting jadi.. yang penting maju gitu ya idup ngga gini-gini doang..	1			Betawi	train	13.052208835341366		False	0.20307692307692304	False	5.775453595921389	0.7730398899587345	False
9191fa254a8ad3507fe679e6204d470f	20439	spontaneous-speech-bew-20439.mp3	15372	2504	apé cité-cité Ente pas kecit dan kenapé pengen jadi ituh?	cita-cita ané pas masih kécit ya mau jadi guru, karéna guru menurut ané tuh istimewa semua orang besar itu terlahir dari guru 	1			Betawi	train	6.765547749154306		False	0.07317073170731703	False	6.312132838797976	0.9270976616231087	False
6f5d66a2f09f4f835c35e047386e542b	20703	spontaneous-speech-bew-20703.mp3	27072	2504	apé cité-cité Ente pas kecit dan kenapé pengen jadi ituh?	serius dah gué péngén jadi guru pas kecil, tapi pas gédé gua ternyata ga mendalami guru itu, itu kaya gua ga masuk ke dalém peran jadi guru, karna pas masih kecil itu ngéliat ke bu guru tuh enak gitukan kaya bisa ngajar baik-baiknya gitu, bisa dékét sama anak-anak sekitar, tapi ternyata pas udah gédé gué ga mendalami untuk bisa jadi guru itu sih.	1			Betawi	train	10.564420803782506		False	0.2753623188405797	False	5.887960340645674	0.8225584594222833	False
88cf908ad8137aa6f5527b97584391dc	21113	spontaneous-speech-bew-21113.mp3	28296	2504	apé cité-cité Ente pas kecit dan kenapé pengen jadi ituh?	Cita-cita saya sih pas kecil dulu pengennyé jadi orang yang sukses, terus bisa ngebahagiain kedua orang tué, terus bisa jiarah kemané gitu pegi umroh tuh wajib. jadi orang yang bériman itu cita-cita saya tapi ya bégini émang adenyé dikampung kita nerimain tapi kita syukuri dengan keadaan seperti ini   	1			Betawi	train	8.941193101498445		False	0.18999999999999995	False	5.641323962847978	0.7097661623108665	False
a523a69994e1c3b9d453ffa3796ec254	20362	spontaneous-speech-bew-20362.mp3	48528	2776	Ceritain satu cerité rakyat/mitos nyang Ente ingat atau nyang Ente tao'!	Santernya mah Pitung. Rumahnya masih ada, kabarnya udah kaga ada, orangnya, dimana kuburannya kaga tau. Banyak yang diceritain katanya punya ilmu, apalah sakti dah, begitu dah, tapi yang jelas orangnya mah udah meninggal cuman kuburannya d imana kita belom tau. Rumahnya mah masih ada sampe ada masjidnya dimana itu ya masjid [ee] di Marunda, masih ada rumah sama masjidnya masih ada Si Pitung.   	1			Betawi	train	6.841411144081768		False	0.3248730964467005	False	5.5569926938238	0.6616231086657497	False
88cf908ad8137aa6f5527b97584391dc	20971	spontaneous-speech-bew-20971.mp3	41148	2776	Ceritain satu cerité rakyat/mitos nyang Ente ingat atau nyang Ente tao'!	Di sini adé ya, tuh kalo dié disenggol sedikit tooh langsung diteluh, disantet ame dié. Udeh dié pulang ke rumeh. Entar malem nih adé yang gendut di teluh, teluh nyale toh nyalé nyari mangsé sape ni yang pengen gué hajar biar perutnye gendut. Di kampung sini mah masih mistis bener amé yang namenyé toh teluh, santet, jadi die meh engga pake maen kasar deh. Biasanyé maen kasar tuh kan, ya kalo di sini meh kaga. Di sini meh maennye teluh, santet. Tau-tau entar perutnyé gendut lah besoknyé langsung mati. 	1			Betawi	train	10.134149897929424		False	0.2524850894632207	False	6.676290754988266	0.9779917469050894	False
66c99d65171c314ca6147556b80a9058	21075	spontaneous-speech-bew-21075.mp3	28512	2776	Ceritain satu cerité rakyat/mitos nyang Ente ingat atau nyang Ente tao'!	Jaman dulu ituh di kampung saya itu ih serem banget, pokoknya serem banget. Banyak sekali, dulu mah terkenalnya itu apalagi siang, siang aja tuh banyak banget memedi. Setan, memedi, ganderuwo ih serem banget. Itu beneran jaman dulu kan di kampung saya tuh banyak banget yang namanya telu. Telu itu serem bisa nyakitin orang.	1			Betawi	train	9.539842873176209		False	0.32398753894081	False	5.152535418619325	0.4332874828060523	True
a68890e3cf92239d60ef959166a79dda	21471	spontaneous-speech-bew-21471.mp3	24192	2776	Ceritain satu cerité rakyat/mitos nyang Ente ingat atau nyang Ente tao'!	"Dulu di kampung kite tu ada yang namanya cerita yang namanya ""buaya buntung"" di kampung itu tuh, gara-gara nyangkut di jaring jadi buntutnya itu ditebas terus jadinya buntung dah, dinamain buaya buntung."	1			Betawi	train	7.10978835978836		False	0.265	False	5.080081221276352	0.3920220082530949	True
5bff828e73452d736037e3d5c5c5f4e6	21581	spontaneous-speech-bew-21581.mp3	30492	2776	Ceritain satu cerité rakyat/mitos nyang Ente ingat atau nyang Ente tao'!	Kemarin tu taun lalu, wah kampung ayé digegerin tu ama setan kuyang, ramé bener ampé pada kagak ada yang pada tidur pada saling tereak takut ama kuyang katanya kuyang pada nemplok tu katanya di genteng. Ntar katanya nemplok di pu'unan, rame banget kampung aye. Kampung aye mah mistis bener abis gimana ya kebanyakan pada begitu pada berguru jadi kampung ayé serem banget ampe aye juga ketakutan. Orang katanya makan orang, siapa yang kagak takut orang dimakan.	1			Betawi	train	12.626262626262626		False	0.3107221006564551	False	5.529284073905897	0.6437414030261348	False
9191fa254a8ad3507fe679e6204d470f	20451	spontaneous-speech-bew-20451.mp3	25956	2468	Menurut Ente, seberapé penting pendidikan di sekola/sekole?	Pendidikan disekolah mah penting banget, kalo orang kaga, kaga sekolah mah tar kaga bisa ngapa-ngapain géblék, lah sekarang mah apa-apa kan paké ijasah, kerja ke paké ijasah, gawé gé paké ijasah, ngapain aja sekarang mah paké ijasah, ya ijasah kan bisanya dikeluarin cuman gara-gara sekolah, kalo kita kaga sekolah ya kita kaga dapet ijasah, berarti kita kaga bisa kerja entarnya	1			Betawi	train	12.328556017876409		False	0.38031914893617025	False	5.052857317834603	0.3741403026134801	True
66c99d65171c314ca6147556b80a9058	21008	spontaneous-speech-bew-21008.mp3	24588	2468	Menurut Ente, seberapé penting pendidikan di sekola/sekole?	Menurut ayé sangat penting pendidikan mah, zaman sekarang itu kita harus punya pendidikan minimal SMA déh, sekarang kan enak sekolé itu zaman dulu méh sekolaan langké kalo sekarang sekolaan dimana ajé adé.	1			Betawi	train	7.076622742801367		False	0.2178217821782178	False	4.639960487247602	0.13892709766162312	True
88cf908ad8137aa6f5527b97584391dc	21065	spontaneous-speech-bew-21065.mp3	26892	2468	Menurut Ente, seberapé penting pendidikan di sekola/sekole?	pendidikan sekolah itu sangat penting si, apélagi jaman sekarang. kalau kita tidak berpendidikan atau tidak sekolah ketinggalan jauh banget yang penting pendidikan itu ya kita tau wawasan kan tetap bisa membaca dan menulis sendiri dan kita tau mana yang kita butuhkan yang mana yang kita tidak butuhkan dan mana yang salah dengan tidak salah.	1			Betawi	train	10.746690465565967		False	0.34513274336283184	False	4.750572755960628	0.17881705639614856	True
a68890e3cf92239d60ef959166a79dda	21499	spontaneous-speech-bew-21499.mp3	10188	2468	Menurut Ente, seberapé penting pendidikan di sekola/sekole?	lah dikité méh sekoléh sangat penting itu karna biar nantinyé jadi orang sukses kalo sekoléh 	1			Betawi	train	7.656065959952885		True	0.0888888888888889	False			False
5bff828e73452d736037e3d5c5c5f4e6	21545	spontaneous-speech-bew-21545.mp3	21816	2468	Menurut Ente, seberapé penting pendidikan di sekola/sekole?	Lah di sekolah mah penting bener. Namanya péndidikan kalo kita gak sekolah gak tau nih kita gak bisa baca, kita gak bisa nulis. Apalagi sekarang jamannya canggih. Lah kalo kita kagak sekolah bakal banget ketinggalan kita, ketinggalan jaman. Sekarang mah apa-apa serba, apalagi tuh paké buat bahasa-bahasa apaan deh tuh, begitu dah.	1			Betawi	train	12.834616795012836		False	0.25609756097560976	False	4.62103967218037	0.13480055020632736	True
88cf908ad8137aa6f5527b97584391dc	20901	spontaneous-speech-bew-20901.mp3	26712	2807	Apé kité mesti ngebatesin pake sosial media? Kenapé?	Iye kita batesin emang social media soalnye kalau kita engga batesin lah disini meh orang sini meh ape-ape langsung di fesbukin, ape-ape langsung di statusin, mangkanye sekarang meh ape-ape harus dibatesin pake social media, lah salah sedikit aje kita mah distatusin disini meh. mangkanye jadinye kalau maen social media ya dibatesin banget disini meh.      	1			Betawi	train	11.193471099131475		False	0.3887323943661972	False	5.671134432431066	0.7290233837689133	False
a68890e3cf92239d60ef959166a79dda	21396	spontaneous-speech-bew-21396.mp3	21816	2807	Apé kité mesti ngebatesin pake sosial media? Kenapé?	harus itu kite batesin yang namanye sosial media karna itu sewaktu-waktu aje disaat kita ade kepentingan jangan setiap hari kita terus-terusan main hape terus maen hape terus ujung-ujungannye tarjadi sakit karna begadang maen hape mulu.	1			Betawi	train	9.25925925925926		False	0.18454935622317592	False	5.486671082441995	0.6189821182943603	False
bc82a592c4e12646378f67f8abef870f	20518	spontaneous-speech-bew-20518.mp3	10908	2761	Menurut Ente, sapah nyang tanggung jawab buat ngejagé lingkungan: déwék-déwék atow pemerinté? Dan Kenapé?	Buat jaga lingkungan mah kan kita yak. Pemerintah mah diworo-woro orang pada. Kalo didewek mah buat rumah dewek-dewek lagi bisa.	1			Betawi	train	9.992665933259993		True	0.10399999999999998	False			False
6f5d66a2f09f4f835c35e047386e542b	20690	spontaneous-speech-bew-20690.mp3	26568	2761	Menurut Ente, sapah nyang tanggung jawab buat ngejagé lingkungan: déwék-déwék atow pemerinté? Dan Kenapé?	Sampah tuh harusnya kita punya tong sampah masing-masing ya. Terus kayak ada yang ngambilin gitu, gitu kan. Nanti dikumpulin di tempat penampungan karna itu lebih bagus daripada dibuang ke lahan kosong. Karna kalo dibuang ke lahan kosong itu jadinya tanahnya itu jadi rusak gitu kan, apalagi tanah itu menyerap air gitu kan jadi lingkungannya kotor, jadi bau juga kalo ujan gitu. Jadi lebih baik di setiap rumah tuh harus ada tong sampahnya.	1			Betawi	train	13.92652815417043		False	0.26712328767123283	False	5.061733896073182	0.38239339752407153	True
88cf908ad8137aa6f5527b97584391dc	20936	spontaneous-speech-bew-20936.mp3	25344	2761	Menurut Ente, sapah nyang tanggung jawab buat ngejagé lingkungan: déwék-déwék atow pemerinté? Dan Kenapé?	Ya dewék ngejage, lah kalo orang mah ntar mah terserah itu ngikutin aja dah ayé mah kalo ayé mah ngejaga sendiri dah lingkungan ayé, ayé sapuin ayé bersihin tuh pohon-pohonan yang pada layu-layu ayé tebangin. Entar ayé tanemin lagi biar lingkungan ayé cakep bersih. Kan kalo cakep bersih mah orang resep liatnya resik.	1			Betawi	train	10.495580808080808		False	0.24444444444444446	False	5.239964541001571	0.48693259972489683	True
66c99d65171c314ca6147556b80a9058	21152	spontaneous-speech-bew-21152.mp3	26280	2761	Menurut Ente, sapah nyang tanggung jawab buat ngejagé lingkungan: déwék-déwék atow pemerinté? Dan Kenapé?	Kalo ngejagé lingkungan itu kita ga mesti dewék-dewék terutama yang deket-deket itu dan pemerintahnya juga harus ikut, harus menjaganya jangan sampe ada kejadian-kejadian yang tidak diinginkan, gitu. Jangan sampe ada maling ada copet ada yang lain deh pokonye biar nyaman dah. 	1			Betawi	train	8.980213089802131		False	0.16058394160583944	False	5.323990068978366	0.5392022008253095	True
66c99d65171c314ca6147556b80a9058	21152	spontaneous-speech-bew-21152.mp3	26280	2761	Menurut Ente, sapah nyang tanggung jawab buat ngejagé lingkungan: déwék-déwék atow pemerinté? Dan Kenapé?	kalo ngejaga lingkungan itu kita ga mesti dewek-dewek kite harus bareng-bareng terutama yang deket itu dan pemerintahan juga harus ikut, harus menjaganya jangan sampe ada, kejadian-kejadian yang tidak di inginkan gitu ya, jangan sampe ada maling, ade copet, ade, yang laen deh pokonye biar nyaman deh.	1			Betawi	train	9.74124809741248		False	0.17114093959731547	False	5.172090928899349	0.4442916093535076	True
bc82a592c4e12646378f67f8abef870f	20370	spontaneous-speech-bew-20370.mp3	18576	2753	Menurut sepengetauan Ente, apé permasalaan lingkungan di negaré Ente?	Kalo di kampung kita mah biasanya anak laki ya yang anak muda pada pinjol baé, kaga ada sudah-sudahnya ama pinjol ama, udah lah intinya hari-hari gitu-gitu ge pengangguran pada. Emak bapa ngocéh gé tiap hari ngomelin.	1			Betawi	train	9.797588285960378		False	0.12149532710280375	False	5.273222330191804	0.5061898211829436	True
a523a69994e1c3b9d453ffa3796ec254	20524	spontaneous-speech-bew-20524.mp3	23724	2753	Menurut sepengetauan Ente, apé permasalaan lingkungan di negaré Ente?	Masalah lingkungan di negara kita ya satu sampah, sampah apé gé, sampah barang ke, sampah orang ké, udeh kebanyakan sampah nye, udéh déh gimané deh pemerenteh ngebersihinnya deh tuh, au susah banget dititahnyah. 	1			Betawi	train	7.545102006407014		False	0.14832535885167464	False	5.975426144193971	0.8473177441540578	False
6f5d66a2f09f4f835c35e047386e542b	20733	spontaneous-speech-bew-20733.mp3	25020	2753	Menurut sepengetauan Ente, apé permasalaan lingkungan di negaré Ente?	Permasalahan lingkungan tuh negara gue tuh buang sampah sembarangan sama buang puntung rokok, terus penebangan hutan kayak gitu, jadinya tuh kayak gara-gara banyak buang sampah sembarangan, terus jadi kali-kali numpuk banyak sampah jadi banjir ke perumahan warga gitu kayak penebangan hutan liar itu tu di daerah-daerah Indonesia tu masih banyak banget.	1			Betawi	train	12.11031175059952		False	0.3057142857142857	False	4.663952577243105	0.15268225584594222	True
52fd19bf7e8202318b8ee5b4d2cd0925	20758	spontaneous-speech-bew-20758.mp3	50472	2753	Menurut sepengetauan Ente, apé permasalaan lingkungan di negaré Ente?	Ya kalo di lingkungan kité nih yang paling ané gak demen kalo ngerondé itu paling males. Sore-sore udah pada ngunci pintu. Itu lingkungan kité. Amé kadang-kadang ribut pada berantem gara-gara comberan. Aduh pusing gitu. Kalo di kampung tuh di lingkungan ané tuh begitu. Jadi apa-apa ribut apa-apa ribut. Ya anak berantem pada ribut. Tapi sih sebentaran ributnya, marahnyé. Bentar lagi baekan dah ya senyum-senyum lagi. Ngebawain lagi ntar itu pecak terong eee ikan pedé hehe begitu yé.	1			Betawi	train	8.103502932318909		False	0.2385892116182573	False	5.825119821839245	0.8005502063273727	False
88cf908ad8137aa6f5527b97584391dc	20905	spontaneous-speech-bew-20905.mp3	17784	2753	Menurut sepengetauan Ente, apé permasalaan lingkungan di negaré Ente?	Itu tuh akses jalan doang nih kampung kite masi nora banget jalanan pada masi rusak belogak blakak blekuk pokonye ini di lingkungan kita ni kudu jalanan nih diperbaikin dibagusin ini nih.  	1			Betawi	train	8.828160143949619		False	0.11290322580645162	False	6.741380989511168	0.984869325997249	False
66c99d65171c314ca6147556b80a9058	21190	spontaneous-speech-bew-21190.mp3	19548	2753	Menurut sepengetauan Ente, apé permasalaan lingkungan di negaré Ente?	Yang jadi masalah itu di jaman sekarang itu kebanyakan main gem onlen jadi anaknya tu sangat terpengaruh. Itu yang jadi masalahnya, udah kayak orang kecanduan.	1			Betawi	train	6.906077348066297		False	0.13461538461538458	False	5.029001475640996	0.3603851444291609	True
a68890e3cf92239d60ef959166a79dda	21563	spontaneous-speech-bew-21563.mp3	38160	2753	Menurut sepengetauan Ente, apé permasalaan lingkungan di negaré Ente?	Kalo menurut ayé di lingkungan di sekitar ayé tuh untuk sekarang ini kebanyakan anak itu pemasalahannya itu, ya itu permainan gem. Karena jaman dulu mah kagak ada yang namanya permainan gem. Selalu damai hidupnya di lingkungan itu selalu nyaman. Sekarang mah itu dengan adanya media sosial, sehingga tuh apa tuh namanya banyak banget pemuda-pemuda anak-anak jaman sekarang tuh kecanduan dengan gem. Itu permasalahannya di lingkungan kami.	1			Betawi	train	9.774633123689728		False	0.32183908045977017	False	4.9117078653355435	0.2874828060522696	True
6f5d66a2f09f4f835c35e047386e542b	20738	spontaneous-speech-bew-20738.mp3	19512	2783	Begimané sejaré singkat di keluargé Ente? Dari mané asal mereké?	Asal keluarga gué tuh keluarga besar nene gué tuh dari Bétawi dari satu daerah yang sama lampirin, jadi bener-bener satu daerah satu tempat itu sama banget. Jadi kalo misalkan lebaran kalo ada acara tuh deket jalannya, cuma beberapa meter atau gak sampe lima menit itu udah sampe rumah sodara gué. 	1			Betawi	train	12.710127101271013		False	0.19661016949152543	False	5.223955881017097	0.4718019257221458	True
6f5d66a2f09f4f835c35e047386e542b	20738	spontaneous-speech-bew-20738.mp3	19512	2783	Begimané sejaré singkat di keluargé Ente? Dari mané asal mereké?	Asal keluarga gue tuh, keluarga besar, nenek gue tu dari Betawi, dari satu daerah yang sama, Lampiri namanya. Jadi bener-bener satu daerah, satu tempat. Itu sama banget. Jadi kalo misalkan lebaran ada acara itu deket jalannya. Cuma beberapa meter atau nggak cuma lima menit itu udah sampé ke rumah-rumah saudara gue.	1			Betawi	train	13.632636326363263		False	0.1693290734824281	False	5.577440291025926	0.671251719394773	False
88cf908ad8137aa6f5527b97584391dc	21185	spontaneous-speech-bew-21185.mp3	26892	2783	Begimané sejaré singkat di keluargé Ente? Dari mané asal mereké?	Sejarah singkat di keluarga yang saya pernah alamin misalnya, saye sejareh ni saye cerita sendiri kebanjiran, kebanjiran sampe masuk kedalem rumeh wee ilehhh susah bener itu buat tidur, ngangkat-ngangkat  barang, ke sono-ke mari mao nyari makanan suseh. Ya namanye orang kampung ya nerime ape adenye deh apa yang ade di situ ya kita makan.  	1			Betawi	train	10.597947344935298		False	0.1301775147928994	False	5.721305080434139	0.7482806052269602	False
66c99d65171c314ca6147556b80a9058	21262	spontaneous-speech-bew-21262.mp3	14976	2783	Begimané sejaré singkat di keluargé Ente? Dari mané asal mereké?	Ayé tuh berasal dari orang kampung. Ayé tuh lahirnye di kampung. Tempat tinggal ayé juga di kampung. Sehari-hari ayé juga adenye di kampung. 	1			Betawi	train	7.879273504273504		False	0.3188405797101449	False	4.221268896667847	0.0343878954607978	True
a68890e3cf92239d60ef959166a79dda	21549	spontaneous-speech-bew-21549.mp3	17424	2783	Begimané sejaré singkat di keluargé Ente? Dari mané asal mereké?	Kalo keluarga ayé tuh asli orang kampung asli Bekasi, asli. Ayé tuh emang terlahir di Bekasi. Bapak aye, enyak ayé emang asli Bekasi. Jadi keluarga ayé tuh memang asli dari Bekasi.	1			Betawi	train	8.608815426997245		False	0.36723163841807904	False	4.882233428322166	0.265474552957359	True
5bff828e73452d736037e3d5c5c5f4e6	21557	spontaneous-speech-bew-21557.mp3	32688	2783	Begimané sejaré singkat di keluargé Ente? Dari mané asal mereké?	Keluarga aye mah orang paling suseh. Orang paling suseh banget keluarga aye. Dulu mah suseh bener, blangsak kalo kata-kata ini mah keluarga aye. Cuman keluarga aye kan emang orang asli Bétawi jadinya pada ngomong nih, baik nenek aye, bapak aye, enyak aye, ampe aye cewek-ceweknye semuanye lah medok banget bahasanye. Kalo orang ngomong neneknye, anaknye, cucunye, cicitnye, semuanye dari Bétawi makanya medok bener.	1			Betawi	train	10.799069995105237		False	0.3252427184466019	False	5.065057378598182	0.38376891334250346	True
fc2417aed3f3e13504285a1cbcb6d7ef	21661	spontaneous-speech-bew-21661.mp3	21888	2783	Begimané sejaré singkat di keluargé Ente? Dari mané asal mereké?	Kalo aye keturunan dari Bétawi asli bapa ayé juga sama ema keturunan orang Bétawi. Ema ayé juga sama keturunan orang Bétawi jadi itu ayé itu engga ade campuran onoh, ini, ayé itu Bétawi asli mangkanye ayé adé di Bekasi. 	1			Betawi	train	8.269371345029239		False	0.3271889400921659	False	6.108941578793182	0.8872077028885832	False
bc82a592c4e12646378f67f8abef870f	20533	spontaneous-speech-bew-20533.mp3	19944	2444	Dari pagi ampe menggerib, apé ajé kegiatan Ente?	Kita pagi ya Subuh bangun, mandi, sholat Subuh, kita ngaji bentaran. Rapih-rapih dah, langsung berangkat ke kolaan, ngajar. Ngajar dari pagi ampé sore. Kadang siang kita lanjut kuliah. Udah abis tu, ngajar lagi ampé malem. Malem kegiatan begitu-gitu aja kalo ada tugas, kita kerjain tugas.	1			Betawi	train	12.284396309667068		False	0.13286713286713292	False	6.157961376235106	0.8982118294360385	False
6f5d66a2f09f4f835c35e047386e542b	20653	spontaneous-speech-bew-20653.mp3	23616	2444	Dari pagi ampe menggerib, apé ajé kegiatan Ente?	Biasanya kegiatan pagi tuh kita sholat subuh, sholat subuh. Terus kayak bangun, ngumpul sapa-sapa keluarga. Terus habis itu siangan ya tidur lagi, sholat dzuhur, terus tidur lagi. Terus eee biasanya sore tuh, gue pergi gitu kan nah sampé malem perginya gitu tapi di sela-sela itu gue tetep ngelakui sholat lima waktu.	1			Betawi	train	11.30589430894309		False	0.2006369426751592	False	5.3481420477759345	0.5557083906464925	True
66c99d65171c314ca6147556b80a9058	21081	spontaneous-speech-bew-21081.mp3	43596	2444	Dari pagi ampe menggerib, apé ajé kegiatan Ente?	Pagi itu, saya bangun pagi setelah itu ayé juga beres-beres rumah, kemudian masak, mencuci, kemudian setelah itu saya langsung, biasanya kalo yang anu langsung ke saweh kegiatannya, tuh. Tergatung masing-masing si kegiatanyé  ada yang ke sawéh, adé yang nandur. Nah terus sorenya siang Johornyé  pulang. setelah itu sorenya istirahat. Nah, pas sorenyé  lagi masak lagi tuh kegiatannya namanya ibu rumah tangga tuh kan engga laén kerjaannya masak, nyuci, setelah itu sore-sore yaudéh langsung, deh.   	1			Betawi	train	9.656849252224974		False	0.3038229376257545	False	5.631039636039847	0.7042640990371389	False
88cf908ad8137aa6f5527b97584391dc	21107	spontaneous-speech-bew-21107.mp3	51840	2444	Dari pagi ampe menggerib, apé ajé kegiatan Ente?	Kegiatan ayê dari pagi sampé soré yang terutama ya, itu kegiatan pagi ya, bangun pagi, terus bersih-bersih, masak, terus nyuci piring , nyuci pakéan njemurin, terus [umm] ngurus anak mau berangkat sekolah, bêkêlnya, mandinya. Di saat itu terus selanjutnya ya kalo sore ya, seperti itu juga sih ya suruh anak ngaji, terus suruh anak mandi. Ya saya juga  melaksanakan seperti itu masak, setelah masak baru dah saya,	1			Betawi	train	6.674382716049382		True	0.24634146341463414	False			False
a68890e3cf92239d60ef959166a79dda	21311	spontaneous-speech-bew-21311.mp3	34452	2444	Dari pagi ampe menggerib, apé ajé kegiatan Ente?	Kalo kegiatan mah dari pagi sampe sore mah banyak, ya. Kalo lagi ga kerja mah kegiatanya itu ya kayak, ngerjain hal-hal di rumah tuh kayak ngerjain apa gitu terus, terus, ya... memberi makan piaraan.	1			Betawi	train	4.818297921746198		False	0.18367346938775508	False	5.074538472270817	0.38651994497936726	True
a523a69994e1c3b9d453ffa3796ec254	20495	spontaneous-speech-bew-20495.mp3	30744	2739	Begimané caré kité tetep aman pas liburan di tempat wisaté?	Aman liburan di tempat wisata ya bawa duit, biar enak jajan, enak minum, enak maén, percuma liburan doang jalan-jalan doang duitnya kaga, terus dompet di cekel, pegangin, jangan ampe dilepas entar aja, di jambret orang, puyéng, gitu doang si yang penting meh bawa duit terus dompetnya cekel.	1			Betawi	train	7.969034608378871		False	0.19444444444444442	False	5.49834382543591	0.6272352132049519	False
9191fa254a8ad3507fe679e6204d470f	20576	spontaneous-speech-bew-20576.mp3	19980	2739	Begimané caré kité tetep aman pas liburan di tempat wisaté?	Ya kalo di tempat liburan biar aman mah [ee] duit yang penting kita mah punya duit, kalo kaga punya duit mah udah kaga aman udah, selain itu juga bawa obat-obatan pribadi. Kalo beli obat-obatan di luar  atau makan di luarkan emang mahal ora kaga ada duit nya, ga berduit kaga ada kita ya ga berduit.	1			Betawi	train	12.212212212212211		False	0.2668918918918919	False	4.666204948304912	0.15405777166437415	True
88cf908ad8137aa6f5527b97584391dc	21073	spontaneous-speech-bew-21073.mp3	33768	2739	Begimané caré kité tetep aman pas liburan di tempat wisaté?	Cara aman untuk kita liburan ke wisata ya itu kita mengikuti peraturan-peraturan yang ada di tempat wisata itu, kita mengikuti apa yang dianjurkan dan kita jangan sembarangan mengucap apa-apa atau melakukan apa-apa yang tidak kita biasa lakukan karena kita tidak tau kan ditempat itu ada apanya mangkanya kita harus mengikuti peraturan yang ada di situ. 	1			Betawi	train	8.854536839611466		False	0.3504273504273504	False	5.020938618477579	0.35488308115543327	True
66c99d65171c314ca6147556b80a9058	21197	spontaneous-speech-bew-21197.mp3	15912	2739	Begimané caré kité tetep aman pas liburan di tempat wisaté?	Kita meh nyiapin, duitnye, terus semuenye, jadi kalo kita ade nyiapin duit mah kan enak kemana juga.	1			Betawi	train	5.279034690799397		False	0.1030927835051546	False	5.024608954659163	0.35900962861072905	True
66c99d65171c314ca6147556b80a9058	21197	spontaneous-speech-bew-21197.mp3	15912	2739	Begimané caré kité tetep aman pas liburan di tempat wisaté?	kita nyiapin duitnya terus semuanya jadi kalo kita ada udah nyiapin duit mah kan enak kemana juga.	1			Betawi	train	5.153343388637506		False	0.13684210526315788	False	4.765343347920154	0.19119669876203577	True
9191fa254a8ad3507fe679e6204d470f	20395	spontaneous-speech-bew-20395.mp3	32832	2809	Begimané pemakean sosial media bikin pengaruh padé kesehatan kité?	Pemakaian sosial media ya, gadget, atau hapé lah itu pada bocah maen biasanya ngaruh ke kesehatan tuh bocah. Kalo bocah itu banyak sering banget kelamaan main hapé, itu biasanya ngaruh kepada mata. Matanya pada mines semuanya kagak biasa liat semuanya. Ntar takuy pada kotok pada buta gara-gara main hapé. Atau apa namanya otaknya pada rusak gara-gara hapé.	1			Betawi	train	9.16788499025341		False	0.2542372881355932	False	5.575625292615716	0.6698762035763411	False
a523a69994e1c3b9d453ffa3796ec254	20501	spontaneous-speech-bew-20501.mp3	27612	2809	Begimané pemakean sosial media bikin pengaruh padé kesehatan kité?	Orang-orang sekarang mah kepedean. Apa-apa disér, sér, kalo kata emak bapak mah sér. Padahal mah bukan sér namanya share. Elu segala macem disér di Facebook kagak puguh. Aib itu aib jangan, kagak bener.	1			Betawi	train	6.156743444879037		False	0.10552763819095479	False	6.467651011683208	0.951856946354883	False
88cf908ad8137aa6f5527b97584391dc	20949	spontaneous-speech-bew-20949.mp3	34920	2809	Begimané pemakean sosial media bikin pengaruh padé kesehatan kité?	iye kadang nih aye juga aye ngerasain sih asal aye megang hp nih udeh deh ame makan kadang tidur tengeh malem aye baru tidur abisnye keenakn aye maen hp apelgi kalo nonton tiktok meh tuh we udeh gatau waktu aye pake deh wifi enakkan tuh gacor udeh deh nyerocos aje tuh gade gangguan gangguan aye meh udeh makanye lupe banget lupe makan kadang tidur tengeh malem aye tuh tidur aye matimatiin kalo ade geluduk 	1			Betawi	train	9.564719358533791		False	0.32592592592592595	False	6.687936622014441	0.9793672627235214	False
88cf908ad8137aa6f5527b97584391dc	20949	spontaneous-speech-bew-20949.mp3	34920	2809	Begimané pemakean sosial media bikin pengaruh padé kesehatan kité?	iye kadang nih aye juga aye ngerasain sih.. asal aye megang hape ni udah dah lupa makan.. kadang tidur tengah malemm aye baru tidur.. abisnya keenakan aye main hape.. apalagi kalo nonton tiktok dah tuh beuhh udah ngga tau waktu aye.. pake dah wipi enak kan tuh gacor.. udah dah nerocos aja dah tuh ngga ada gangguan-gangguan.. lha aye udah makanya lupa banget aye.. lupa makan kadang tidur tengah malem aye baru tidur.. ehh mati-matiin ntar kalo ada gluduk..	1			Betawi	train	10.88201603665521		False	0.3120879120879121	False	6.229684229721127	0.9119669876203577	False
66c99d65171c314ca6147556b80a9058	21167	spontaneous-speech-bew-21167.mp3	16164	2809	Begimané pemakean sosial media bikin pengaruh padé kesehatan kité?	Nyang jadi ngaruh itu kebanyakan itu anak-anak main gim. Jadi ganggu kesehatannya tuh. Bisa matenye itu rusak.	1			Betawi	train	5.815392229646126		False	0.06542056074766356	False	5.940085669640441	0.8418156808803301	False
9191fa254a8ad3507fe679e6204d470f	20413	spontaneous-speech-bew-20413.mp3	26424	2766	Begimané pendapet Ente tentang pengobatan tradisional?	Pengobatan tradisional si penting menurut ana mah daripada kita berobat kerumah sakit banyak nguarin duit ya namanya orang kampung kaga gablek duit, gitukan. [ee] Asal anu sedikit ya asal masih bisa ditanganin meh pake pengobatan tradisional mah mendingan kita [ee] pake berobat [ee] pengobatan tradisional ya dari pada kita kerumah sakit gé emang kaga ada duitnya kita ora gablek duit.	1			Betawi	train	12.37511353315168		False	0.3289817232375979	False	4.8460139202936645	0.23796423658872076	True
66c99d65171c314ca6147556b80a9058	20935	spontaneous-speech-bew-20935.mp3	39600	2766	Begimané pendapet Ente tentang pengobatan tradisional?	Kalo menurut ayé pengobatan tradisonal itu bagus sih. Kan jaman dulu mah waktu ayé masih kecil apalagi tuh, kalo lagi puyeng-puyeng dikit balur dah paké ituan daon mamam. Ntar juga sembuh. Jaman dulu mah kan susah belah mana ada rumah sakit, bidan aja langke nggak ade. Paling adanya obat tradisional itu, kayak jahe, kencur. Kalo orang keseleo nih, udah dibalur paké kencur ga ntar ilang. Itulah 	1			Betawi	train	8.358585858585858		False	0.12944162436548223	False	5.378181984966587	0.5694635488308115	True
5bff828e73452d736037e3d5c5c5f4e6	21598	spontaneous-speech-bew-21598.mp3	29412	2766	Begimané pendapet Ente tentang pengobatan tradisional?	Di kampung ayé meh ngobatin masi neh pake ade banglé, daon sage, daon bandotan, daon mamam, tuh kalo anak kecil tuh batuk tuh ga ngasoh-ngasoh tuh kaya ngekél aje, pakéin neh kencur, banglé, daon sage deh dipinum tuh di tenggak. Tuh kalo orang panas dipakesin tuh daon mamam kalo engga daon inian, bidara toh dipopokin dikepalanye biar adem. 	1			Betawi	train	9.65592275261798		False	0.21533923303834812	False	6.649243184346948	0.9766162310866575	False
a68890e3cf92239d60ef959166a79dda	21610	spontaneous-speech-bew-21610.mp3	44748	2766	Begimané pendapet Ente tentang pengobatan tradisional?	Kalo untuk pengobatan tradisonal itu, seperti, membuat ramu-ramuan, pertama itu kunyit, kencur, jahé, banglé, seréh. Nah, itu ramu-ramuan tradisional, tanpa ada bahan kimia. Itukan contohnyé jamu kencur, kunyit itu kan buat nambah nafsu makan, terus itu kalo jahé buat ngilangin eneg biar jangan masuk angin. Nah, disitu namenya jamu tradisional. 	1			Betawi	train	6.6371681415929205		False	0.20639534883720934	False	5.729166704707096	0.7524071526822559	False
9191fa254a8ad3507fe679e6204d470f	20473	spontaneous-speech-bew-20473.mp3	18360	2472	Seberapé penting pendidikan formal (sekola) menurut Ente?	Lah penting banget kalo kolah mah. Kita kalo kagak kolah ntar pada gêblêk. Anak kita pada mau makan apa. Kerjaan sekarang harus punya ijazah. Kalo kagak ada ijazah ya kagak bisa kerja. Ya ijazah bisa didapet ya karna kolah kalo kagak kolah ya kagak dapet ijazah ya kagak dapet kerja berarti.	1			Betawi	train	13.12636165577342		False	0.3506944444444444	False	4.85577849892549	0.24484181568088034	True
6f5d66a2f09f4f835c35e047386e542b	20680	spontaneous-speech-bew-20680.mp3	18000	2472	Seberapé penting pendidikan formal (sekola) menurut Ente?	Penting banget karna itu mengasah otak apalagi di êêê lingkungan. Lingkungan sekolah tuh mempengaruhi anak tersebut gitu kan, dia main sama siapa kayak gitu. Menurut gué tuh lingkungannya, sekolah tuh harus sangat bagus.	1			Betawi	train	10.444444444444445		False	0.1428571428571429	False	4.73976211475428	0.1733149931224209	True
a523a69994e1c3b9d453ffa3796ec254	20429	spontaneous-speech-bew-20429.mp3	45036	2485	Apé ajé acaré kesenian nyang adé di daerah Ente?	Kalo sekarang-sekarang ini acara kesenian mah udah, udah kagak ada ya kayaknya. Orang mah sukanya nanggépnya organ tunggal gitu. Tapi kalo orang-orang kita mah jaman dulu nanggepnya itu apa tu namanya éééé kéroncong, kéroncong, kéroncong Jakarta tuh biasanya. Itu juga sekarang udah kagak ada. Sekarang mah palingan organ-organ tunggal gitu paling apa eee gambus nanggepnya. Kalo gambus  bukan dari kita, dari sono dari Arab. Kalo kita mah biasanya kéroncong cuma kan udah langka kéroncong.	1			Betawi	train	9.23705480060396		False	0.35523613963039014	False	4.84191919880785	0.23383768913342504	True
9191fa254a8ad3507fe679e6204d470f	20538	spontaneous-speech-bew-20538.mp3	15552	2485	Apé ajé acaré kesenian nyang adé di daerah Ente?	kesenian yang ada di daerah ané mah biasanya tuh silat banyakan silat. banyak orang-orang yang békas silat di sini.lah émang kampung kita mah terkenal kampung jawara yang pada, pada jago silat-silatnya.	1			Betawi	train	11.059670781893004		False	0.20100502512562812	False	4.861738200358737	0.2517193947730399	True
88cf908ad8137aa6f5527b97584391dc	20934	spontaneous-speech-bew-20934.mp3	14832	2485	Apé ajé acaré kesenian nyang adé di daerah Ente?	jaipogan, terus orgén tuh kalau orang hajatan nangkapnya orgén, udah begitu doang di sini mah keseniannya, paling enggak wayang déh tuh ,kalau acara barétan ada wayang déh tuh.	1			Betawi	train	10.045846817691478		False	0.138728323699422	False	5.166998339049124	0.44154057771664373	True
66c99d65171c314ca6147556b80a9058	21086	spontaneous-speech-bew-21086.mp3	12024	2485	Apé ajé acaré kesenian nyang adé di daerah Ente?	kalo ayé kan lebih sênêngnyê nyanyi nyê, nyanyi kosidahan, bareng èmak-èmak itu, di masjid ta'lim, maen robanê.	1			Betawi	train	7.90086493679308		False	0.05555555555555558	False	6.694211181096206	0.9807427785419532	False
a68890e3cf92239d60ef959166a79dda	21381	spontaneous-speech-bew-21381.mp3	18324	2485	Apé ajé acaré kesenian nyang adé di daerah Ente?	biasênyê di daerah kita tuh keseniannyê ada topeng bétawi atau yang disebut dengan lénong bétawi itu tentang ceritê-ceritê, tentang budaya kitê.	1			Betawi	train	6.767081423270028		False	0.14184397163120566	False	4.920847622310855	0.29160935350756534	True
0713c98ef01495f851d7963b1cf9032a	20350	spontaneous-speech-bew-20350.mp3	9216	2808	Begimané penggunaan sosial media bikin pengaruh ke perubaan kebiasaan masyarakat?	biasanya warga sekitar itu bermain tiktok ins [ee] , [ee] facebook dan sebagainya [udah].	1			Betawi	train	8.246527777777777		True	0.046511627906976716	False			False
bc82a592c4e12646378f67f8abef870f	20435	spontaneous-speech-bew-20435.mp3	24876	2808	Begimané penggunaan sosial media bikin pengaruh ke perubaan kebiasaan masyarakat?	Yang bikin ngaruh meh kadang emak-emak ya, kita anak gitu ya pade pengen makan emak masih maen HP bae, masi nonton tiktok, nyetel musik segede-gedenya, die nyetel musik kaye die yang punya HP. Ya itu yang bikin berubah kadang ya ampe engga inget ame laki, ame masak. Maen HP bae itu di gujengin bae HP gak sudeh-sudeh dari pagi ampe sore.     	1			Betawi	train	11.17543013346197		False	0.18823529411764706	False	6.708337006229353	0.9834938101788171	False
88cf908ad8137aa6f5527b97584391dc	20980	spontaneous-speech-bew-20980.mp3	38664	2808	Begimané penggunaan sosial media bikin pengaruh ke perubaan kebiasaan masyarakat?	Iye, yang biasanye neh kalo sore pade kongko didepan, pade tegor sapa lah kalo sekarang meh orang punya HP, didalem aje maen HP pade scrole-scrole tiktok lah, segale denger-dengerin ape lah di HP. sekarang meh jarang pade keluar orang kebangetan maen social media aje didalem aje murung gak kongko-kongko biase meh kalo gak punya social media tuh kaye HP lah kaga ngasoh-ngasoh kongko dibelakang tebakak-tebakak pade nyeritain apaan aje toh. semenjak punya HP main social media lah boro-boro kongko keluar aje jarang.	1			Betawi	train	11.27663976825988		False	0.3287937743190662	False	5.917917282944974	0.8335625859697386	False
5bff828e73452d736037e3d5c5c5f4e6	21569	spontaneous-speech-bew-21569.mp3	30816	2808	Begimané penggunaan sosial media bikin pengaruh ke perubaan kebiasaan masyarakat?	lah iye semnjak ade yang namnye hp tuh weileh pade murung didalem aje kerjaannye tuh pade maen hp segale buka buka tiktoklah pade segala fasbok lah pade joget endut-endutan dah toh wealwh karang meh pade punya gituan pade didalem aje pada jarang karang meh kuar-kuar gara-gara sosmed ape-ape deh tuh nyarinye di sosial media 	1			Betawi	train	8.794132917964694		False	0.21739130434782605	False	6.406085295445875	0.9408528198074277	False
bc82a592c4e12646378f67f8abef870f	20479	spontaneous-speech-bew-20479.mp3	18468	2482	Apé adé kegiatan atow acaré di lingkungan Ente nyang ngelibetin hewan?	kalo buat ngelibatin hewan méh kadang kita acara itu, adé di odong-odong ya odong-odong itu biasanyé kita atraksinyé maké ayam, ayam  idup digorok pas tuh ya darahnyé dipinum dah buat yang atraksi begitu.	1			Betawi	train	9.25925925925926		False	0.15920398009950254	False	6.24092626926255	0.9147180192572214	False
88cf908ad8137aa6f5527b97584391dc	21274	spontaneous-speech-bew-21274.mp3	73044	2482	Apé adé kegiatan atow acaré di lingkungan Ente nyang ngelibetin hewan?	kalo untuk acara kegiatan di kampung biasanyé  ni kampung kité nih ya di Békasi khususnya di daerah bawah.. kalo untuk kegiatan hewan-hewan nih biasanya tuh banyak sih kalo untuk hewan seperti contohnya nih ééé seperti kambing main bersih-bersihan, dicuci, dimandiin setiap hari tradisi hari Jumat tuh.. biar supaya apa kambingnya itu terawat.. maka kalo orang Bekasi sini bilang aér mah ngga perlu dibatés-batésin pokoknya mah nyebur-nyeburin ke kali tuh kambing biar ènak.. makanya kalo untuk kegiatan-kegiatan untuk hewan ini cuma itu aja.. mandiin kambing, mandiin kebo, mandiin sapi kalo yang punya sapi.. kalo kebanyakan di sini itu kambing yang banyak.. biar supaya apa? Jumat itu Jumat bersih berkah.. bukan hanya manusia aja kitè-kitè ini, tapi hewan-hewan pun pada dimandiin yang harus dimandiin seperti kayak kambing, kerbau, seperti itu.. makanya bagus sih kalo untuk kegiatan di kampung sini di kampung kita Bekasi.. kalo orang Bétawi bilang pokoknya Jumat bersih..	1			Betawi	train	11.363014073708998		True	0.438974358974359	False			False
5bff828e73452d736037e3d5c5c5f4e6	21562	spontaneous-speech-bew-21562.mp3	12960	2482	Apé adé kegiatan atow acaré di lingkungan Ente nyang ngelibetin hewan?	kampung ayé mah nih.. kalo ada acara qurban déh déh tu.. masyarakat sono sama warga sini udah dah tu pada patungan bakal beli hewan.. bakal diqurbanin bakal dipotong dah bésok dah..	0			Betawi	train	11.651234567901234		False	0.1235955056179775	False	6.0650425529340914	0.8789546079779917	False
6f5d66a2f09f4f835c35e047386e542b	20678	spontaneous-speech-bew-20678.mp3	37512	2505	Seberapé besar pengaruh teknologi di masé depan buat ngebantu kegiatan manusia seari-ari?	ééé pengaruh teknologi dimasa depan itu menurut gué. Untuk manusia sehari-hari tuh  sangat amat bagus ya apalagi di zaman sekarang tuh ada banget yang namanya motor listrik kaya gitu, terus kaya gadget sekarang semakin canggih gitu kan, kaya untuk bayar makan aja tuh ga perlu bawa uang cash lagi gitu kan kita tinggal crad plus aja gituloh tinggal bayar lewat Handphone aja tuh udah bisa kayanya untuk dimasa depan kalau misalkan untuk kegiatan sehari-hari menurut gué bagus aja lebih kebatun cuman kalo untuk orang-orang awam kayanya lebih kurang ya karena belom mengerti juga.	1			Betawi	train	12.955854126679462		False	0.25173611111111116	False	4.886366346777071	0.26822558459422285	True
6f5d66a2f09f4f835c35e047386e542b	20678	spontaneous-speech-bew-20678.mp3	37512	2505	Seberapé besar pengaruh teknologi di masé depan buat ngebantu kegiatan manusia seari-ari?	pengaruh teknologi di masa depan itu menurut gué untuk manusia sehari-hari tu sangat amat bagus ya.. apalagi di jaman sekarang itu ada banget yang namanya motor listrik kayak gitu.. terus kayak gadget sekarang makin canggih gitu kan.. kayak untuk bayar makan aja tuh ngga perlu bawa uang cash lagi.. kita tinggal kayak cardless aja gitu lho.. tinggal bayar lewat handphon aja udah bisa gitu.. kayaknya untuk di masa depan kalo misalkan untuk kegiatan sehari-hari sih menurut gua bagus aja.. lebih ke mbantu.. cuma untuk orang-orang awam kayaknya lebih kurang ya karena belum mengerti juga..	1			Betawi	train	13.249093623373854		False	0.2504258943781942	False	4.847484384150843	0.2407152682255846	True
a523a69994e1c3b9d453ffa3796ec254	20367	spontaneous-speech-bew-20367.mp3	39492	2445	Ente adé waktu buat ngélenyep? kalo enggak, kenapé?	Ya, kalo kita mah demennya ngayab. Ngéléyép, oh ngéléyép. Sorry, sorry salah ya, ngéléyép tidur ya kapan aja dah kalo tidur mah. Di tempat kerja juga kalo bisa merem mah merem, bentaran juga gapapa yang penting adé bisa merem aja. Udah ilang puyengnya. Begitu doang. Ya, kalo pengen pules tidurnya, mah namanya bukan ngéléyép lah, ngéléyép mah cuman meremin mata bentar, mélék. Kalo ngéléyép doang mah, di mana juga bisa. Di sini juga bisa ngéléyép.	1			Betawi	train	9.495594044363417		False	0.26905829596412556	False	5.303056610873801	0.5254470426409904	True
9191fa254a8ad3507fe679e6204d470f	20474	spontaneous-speech-bew-20474.mp3	14580	2445	Ente adé waktu buat ngélenyep? kalo enggak, kenapé?	Banyak waktu buat ngelayab mah, [êêê] karenê ya keseharian kita ya banyakan ngélayab gitu, kan. Kalo kagak makan tidur, ya kita ngélayab bareng temen-temen kongko di anu di warung kopi.	1			Betawi	train	10.699588477366255		False	0.13186813186813184	False	5.653565733131038	0.7166437414030261	False
9191fa254a8ad3507fe679e6204d470f	20505	spontaneous-speech-bew-20505.mp3	15516	2541	Lebih banyak pemudé atow orang tué nyang lebih sering olahragé? Kenapé?	lebih banyak olahraga amè orang-orang yang tua biasanyè orang tua tuh udah, udah idèp akan  kesehatan kan kalo anak-anak muda mah kerjaanah sekrang mah nak-anak muda sekarang kerjaannya pada rebahan bè rebahan 	1			Betawi	train	11.407579273008508		False	0.22705314009661837	False	4.585845607157537	0.12104539202200826	True
88cf908ad8137aa6f5527b97584391dc	21010	spontaneous-speech-bew-21010.mp3	29232	2541	Lebih banyak pemudé atow orang tué nyang lebih sering olahragé? Kenapé?	kampung ayèmèh kebanyakan lah anak mudè yang padè olahraga ya kalo yang orang tuè mèh kan kesawèh nyari duit jadinyè dia èngga, ga semuè orang tuè olahraga pokonyè  disinimèh dikampung ayèmèh kebanyakan anak mudèh yang olahraga lari main futsal man voli maènè bulu tangkis dibanding yang tuè mèh jarang dèh pokonyè kebanyakan anak mudèh 	1			Betawi	train	9.64696223316913		False	0.3263473053892215	False	4.669751652086126	0.15543328748280605	True
a68890e3cf92239d60ef959166a79dda	21547	spontaneous-speech-bew-21547.mp3	21852	2541	Lebih banyak pemudé atow orang tué nyang lebih sering olahragé? Kenapé?	yang lebih sering olahraga kebanyakan biasènyè anak mudè, [ya] anak mudè kan lebih semangèt gitu lebih, enjoy sambil olahraga, kalo èngkong-èngkong mèh nènèk-nènèk, ya paling kalo sewaktu-waktu ajè.	1			Betawi	train	7.825370675453048		False	0.17948717948717952	False	4.562900397876483	0.11416781292984869	True
5bff828e73452d736037e3d5c5c5f4e6	21664	spontaneous-speech-bew-21664.mp3	19836	2541	Lebih banyak pemudé atow orang tué nyang lebih sering olahragé? Kenapé?	kalo dikampung ayèmèh kebanyakan anak mudèh yang olahraga kalo orang tuèh mèh ya namènyè orang tuèh  boro-boro bakal olahraga jalan ajè rasanyè diè cèlènak cèlènut namanyè orang udèh  tuèh laèn ama orang yang masih mudè gagè banget kan kalo yang masi mudè mèh. 	1			Betawi	train	10.889292196007258		False	0.26356589147286824	False	4.209672509073426	0.03163686382393398	True
724d9ac0c1c5abaf145819862e87b6ba	21672	spontaneous-speech-bew-21672.mp3	26784	2541	Lebih banyak pemudé atow orang tué nyang lebih sering olahragé? Kenapé?	Bingung. Kebanyakin sih yang ayé tau ya di kampung ayé tuh kalo ayé liat kalo setiap pagi kebanyakan yang anak mudè. Karna kenapa anak mudè sering olahraga? Ya itu kan dia kan kondisinya masih mudè tuh masih kuat. Ya kemungkinan ada yang dia pengen badannya bugèr, sehat kali. Kan kalo orang tua mah nggak olahraga ya namanya udah tua gimana dia mau olahraga, mau jalan aja susah.	1			Betawi	train	11.723416965352447		False	0.21485411140583555	False	4.988642709721163	0.33975240715268223	True
9191fa254a8ad3507fe679e6204d470f	20405	spontaneous-speech-bew-20405.mp3	13212	2738	Ceritain pengalaman Ente liburan bareng temen-temen!	banyak, ané meh kalo liburan banyak amé temen-temen apelagi naek [anu], naek gunung [ee] banyak deh kite meh udeh biase ngedaki tuh gunung mane cape bét tu gunung tinggi bét.	1			Betawi	train	10.974871329094762		False	0.16374269005847952	False	5.867697728761044	0.8170563961485557	False
a523a69994e1c3b9d453ffa3796ec254	20549	spontaneous-speech-bew-20549.mp3	23940	2738	Ceritain pengalaman Ente liburan bareng temen-temen!	Jalan-jalan ama temen-temen mah norak. Berhenti di mana-mana poto, dikit-dikit poto, dikit-dikit poto. Norak. Jajan dah. Ngitung dah. Eh berapa, berapa, berapa, berapa. Ih nggak ah jangan, jangan, mahal, mahal, mahal. Udah begitu. Gak jadi dah, udah. Udah pulang aja pulang, pulang, pulang. Norak.	1			Betawi	train	10.609857978279033		False	0.34013605442176875	False	6.535372372731902	0.9614855570839065	False
88cf908ad8137aa6f5527b97584391dc	21092	spontaneous-speech-bew-21092.mp3	35244	2738	Ceritain pengalaman Ente liburan bareng temen-temen!	Liburan bareng temen-temen [ya] mungkin enak bener sih, ya bisa makan bareng kira-kira pade ngobrol, kongkow bareng gitu itu juga kalo ape yang kita makan tuh bareng-bareng, terus kita bisa ngongkoin apé yang kita rasain, kita curhat-curhat ame yang ngomongin kita jalanin kehidupan kita sehari-hari terus kita sampai tertawa-tawa itu enak deh seru kalo liburan bersama temen-temen si ya maklum orang kampung ya emang begitu aja udah enak banget.	1			Betawi	train	10.725229826353422		False	0.2641083521444695	False	4.764713732827047	0.18844566712517194	True
a68890e3cf92239d60ef959166a79dda	21289	spontaneous-speech-bew-21289.mp3	31932	2738	Ceritain pengalaman Ente liburan bareng temen-temen!	Ya kalo liburan paling enak ya bareng temen-temen ya kaya mancing dimana gitu. Liburan ya paling enak bareng temen jadi bisa kumpul-kumpul bareng cerita-cerita tentang warna-warna kecil kaya lah sering-sering gitulah, intinya ya mengenang masa-masa kecil gitu biar.	1			Betawi	train	7.140172867343104		False	0.25190839694656486	False	4.921856456449468	0.29298486932599727	True
bc82a592c4e12646378f67f8abef870f	20352	spontaneous-speech-bew-20352.mp3	17136	2802	Apé ajé nyang bikin Ente suké buat pake sosial media?	Apé yé biasanya mah suka maen Tik Tok. Soalnya enak aja bet dengerin Jeje hehehe ama gampang WA-an ama orang buat komunikasi. Udah itu aja dah, palingan yang buat sehari-hari mah.	1			Betawi	train	8.69514472455649		False	0.09090909090909094	False	5.138155467852845	0.4236588720770289	True
9191fa254a8ad3507fe679e6204d470f	20454	spontaneous-speech-bew-20454.mp3	11952	2802	Apé ajé nyang bikin Ente suké buat pake sosial media?	''ane suka pake media sosial karena di media sosial banyak hal positif kalo kita makenya bener kalo mah entar kite juga kaga ikutan kaga bener.''	1			Betawi	train	10.123828647925034		False	0.15492957746478875	False	6.024435469626457	0.8651994497936726	False
a68890e3cf92239d60ef959166a79dda	21329	spontaneous-speech-bew-21329.mp3	30564	2802	Apé ajé nyang bikin Ente suké buat pake sosial media?	Iya kalo buat paké sosial media itu tuh sekarang tuh ya lebih praktis lah. Intinya ya kayak punya temen-temen satu kampung tuh yang sekarang jauh, di mana gitu. Terus ngobrolnya enaklah melalui, lewat-lewat sosial media. Intinya ya buat komunikasi sama temen-temen, sahabat-sahabat lah. Sahabat-sahabat deket, masa kecil dulu lah, biar bergabung lagi.	1			Betawi	train	9.815469179426776		False	0.2270114942528736	False	4.986043181534615	0.33837689133425036	True
66c99d65171c314ca6147556b80a9058	20950	spontaneous-speech-bew-20950.mp3	14112	2792	Seberapé lancar Ente pake bahasa daerah Ente?	Ya, lah lancar karna kan bahasa ayé. Bahasa daerah ayé setiap hari ayé pake siang, malem, sore, pagi kan pakenye bahasa daerah ya ayé lancar banget. 	1			Betawi	train	8.715986394557824		False	0.20547945205479456	False	4.906719395646963	0.2861072902338377	True
88cf908ad8137aa6f5527b97584391dc	21232	spontaneous-speech-bew-21232.mp3	28332	2792	Seberapé lancar Ente pake bahasa daerah Ente?	Kalau bahasa ayé sih buat ayé sih lancar, karena udah terbiasa ayé pake setiap hari. Gunain bareng-bareng kongkow. Emang udah bahase ayé begitu, karena ape? ya namanya bahasa sehari-hari ya emang udah kebiasaan kita, emang udah makannya kita bahasa sehari-hari ya. Emang udah biasa gitu mangkanya ga bakalan kita lupa dengan bahasa kite.	1			Betawi	train	10.059296908089792		False	0.3293413173652695	False	4.260512154769567	0.04126547455295736	True
a68890e3cf92239d60ef959166a79dda	21309	spontaneous-speech-bew-21309.mp3	38988	2792	Seberapé lancar Ente pake bahasa daerah Ente?	Yah kalo bahasa daerah sih ibarat kata emang bahasa sehari-hari ya kayak kita berbicara kayak ngobrol gitu sama temen, orang laen, terus tanya jawab gitu yé. Emang bahasa daerah mah yang setiap hari dipaké sehari-hari lah buat ngobrol-ngobrol gitu lah sama tetangga, orang, temen, suadara dan sekitarnya. Intinya ya bahasa daerah mah ya tiap hari lah dipaké gitu.	1			Betawi	train	7.848568790397045		False	0.33333333333333337	False	4.334569708279369	0.0577716643741403	True
fc2417aed3f3e13504285a1cbcb6d7ef	21670	spontaneous-speech-bew-21670.mp3	15768	2792	Seberapé lancar Ente pake bahasa daerah Ente?	Yaaa lancar banget kan itu bahasa sehari-hari aye, bahasa daerah aye, ya aye lancar karena emang kata orang bilang udah makanannye jadi bahasanye udeh lancar banget bahasa sehari-harinye	1			Betawi	train	10.08371385083714		False	0.27322404371584696	False	4.646863750326723	0.14305364511691884	True
0713c98ef01495f851d7963b1cf9032a	20344	spontaneous-speech-bew-20344.mp3	6300	2545	Nyang begimané caré Ente biar mental tetep kejagé atow sehat?	Yang begimanè cara èntè biar mental tètèp kejagè atau sehat? 	1			Betawi	train	8.095238095238095		True	0.0	False			False
9191fa254a8ad3507fe679e6204d470f	20578	spontaneous-speech-bew-20578.mp3	23184	2545	Nyang begimané caré Ente biar mental tetep kejagé atow sehat?	buat jaga mental kitè biar sehat, lah banyakin anu udah sèudzon jangan pada sèudzon baè ama orang buruk sangka baè, baè sangka baè biar mental kita sehat, kadang kan banyak orang-orang yang mentalnya kaga sehat gara-gara banyakan sèudzon baè amè orang.	1			Betawi	train	9.14423740510697		False	0.31726907630522083	False	5.098542351589537	0.40440165061898214	True
6f5d66a2f09f4f835c35e047386e542b	20722	spontaneous-speech-bew-20722.mp3	26820	2545	Nyang begimané caré Ente biar mental tetep kejagé atow sehat?	Ngejaga mental itu kita nggak usah èèè dèngèrin apa yang orang-orang omongin tentang kita, kayak ya udah umpètin aja. Kalo pun èmang lo ngerasa lo sakit hati, lo nggak perlu denger itu, lo nggak perlu liat, lo nggak perlu denger itu tentang omongan orang. Jadi kayak lo tutup kuping aja. Belajar untuk bodo amat karna itu penting banget buat kesehatan mental lo. Semakin lo ngedengerin apa yang orang nggak suka tentang lo, itu bikin, itu semakin bikin mental lo ancur, sakit	1			Betawi	train	14.727815063385531		False	0.31779661016949157	False	5.890727857840763	0.8253094910591472	False
88cf908ad8137aa6f5527b97584391dc	21266	spontaneous-speech-bew-21266.mp3	27684	2545	Nyang begimané caré Ente biar mental tetep kejagé atow sehat?	kalo biar mental terjaga berarti kita dengan tenang.. terus dengan [èèè] santai rilèks.. makanya kita minta apa-apa dijaga.. tètèp dijaga akal sehat yaudah makan yang teratur.. jangan sampai makannya tidak teratur.. kalo kita makannya tidak teratur ya itu kita jadinya sakit dèh..	1			Betawi	train	8.633145499205316		False	0.2310469314079422	False	5.494992346621208	0.6217331499312242	False
bc82a592c4e12646378f67f8abef870f	20356	spontaneous-speech-bew-20356.mp3	19800	2497	Apé ajé alat komunikasi nyang biasé dipake di sekiter lingkungan Ente?	ini sih kita mau paké hapé buat wa-an doang déh ya paling kalo emang gadé [WA] ya paling buat nelpon, buat nelpon karna emang kadang, belom pada ngerti, emang kurang-kurang ngerti wa-an begitu telpon biasé gé jadi udéh buat ngabarin orang di kampung apé dimané baé.	1			Betawi	train	11.11111111111111		False	0.2137404580152672	False	5.519271675055072	0.6396148555708391	False
6f5d66a2f09f4f835c35e047386e542b	20609	spontaneous-speech-bew-20609.mp3	20376	2497	Apé ajé alat komunikasi nyang biasé dipake di sekiter lingkungan Ente?	Alat komunikasi yang biasa dipergunakan di lingkungan tuh biasanya hapé. Hapé tuh sangat penting untuk berkomunikasi ke orang-orang sekitar, orang-orang terdekat. Selain itu ada juga biasanya yang dipaké tuh laptop. Tapi laptop tuh jarang dipaké di orang sekitar karna biasanya tuh digunakan untuk bekerja atau belajar.	1			Betawi	train	13.447192775814685		False	0.2784810126582279	False	4.089793522252336	0.01925722145804677	True
6f5d66a2f09f4f835c35e047386e542b	20609	spontaneous-speech-bew-20609.mp3	20376	2497	Apé ajé alat komunikasi nyang biasé dipake di sekiter lingkungan Ente?	Alat komunikasi yang bisa dipergunakan dilingkungan tuh biasanya HP. HP tuh sangat penting untuk  komunikasi ke keorang-orang sekitar, orang-orang terdekat. Selain itu ada juga biasanya yang dipaké itu laptop, tapi laptop tuh jarang dipaké diorang sekitar, karena biasanya tuh di gunakan untuk bekerja atau belajar.    	1			Betawi	train	13.250883392226148		False	0.259493670886076	False	4.134210436859636	0.027510316368638238	True
88cf908ad8137aa6f5527b97584391dc	21055	spontaneous-speech-bew-21055.mp3	10656	2497	Apé ajé alat komunikasi nyang biasé dipake di sekiter lingkungan Ente?	alat komunikasi yang bisa dipakai sih biasanyé yé hapé yang gampang menghubungi, cépét, tepat, dan singkat..	1			Betawi	train	8.727477477477477		True	0.03809523809523807	False			False
a68890e3cf92239d60ef959166a79dda	21488	spontaneous-speech-bew-21488.mp3	9072	2497	Apé ajé alat komunikasi nyang biasé dipake di sekiter lingkungan Ente?	Alat komunikasi disekitar kité yé biasenyé yang dipaké ya HP tuh, kebanyakan HP  	1			Betawi	train	7.385361552028218		True	0.02564102564102566	False			False
724d9ac0c1c5abaf145819862e87b6ba	21624	spontaneous-speech-bew-21624.mp3	19080	2497	Apé ajé alat komunikasi nyang biasé dipake di sekiter lingkungan Ente?	Kalo zaman sekarang si ya, kalo ayé ni ya kalo berkomunikasi yang namanya zaman sekarang udah zaman canggih, ya maké HP. Ya walaupun HP ayé jelek-jelek juga yang penting kita punya HP biar kita bisa berkomunikasi dengan jarak yang jauh lebih enak.	1			Betawi	train	10.796645702306078		False	0.2213114754098361	False	4.615023911025961	0.13204951856946354	True
9191fa254a8ad3507fe679e6204d470f	20423	spontaneous-speech-bew-20423.mp3	25884	2526	Nyang kayé gimané Ente arepin ke siswa atow mahasiswa nyang lagi belajar?	Yang kita arèpin ama siswa ato mahasiswa yang lagi belajar, belajar yang bênêr tong, néng. Karna kasihan baba lu, nyak lu noh pada nyari duit di, apa namanya, pada nyangkul, pada, pada nguli gitu kan. Lah lu ntar malês-malêsan makanyé belajar, kuliah yang bénér tong biar pulang bisa jadi orang, biar bisa ngerubah idup, idup di kampung kita, idup buat keluarga kita sendiri.	1			Betawi	train	12.092412301035388		False	0.19354838709677424	False	4.867275617712814	0.25722145804676755	True
9191fa254a8ad3507fe679e6204d470f	20423	spontaneous-speech-bew-20423.mp3	25884	2526	Nyang kayé gimané Ente arepin ke siswa atow mahasiswa nyang lagi belajar?	yang kita arèpin ama siswa atau mahasiswa yang lagi belajar.. belajar yang bênêr tong néng.. karena kasian baba lo enyak lo noh pada nyari duit.. di apa namanya pada nyangkul pada nguli kan.. nah lo pada malês-malêsan.. belajar kuliah yang bênêr tong biar pulang bisa jadi orang.. biar bisa ngerubah idup kampung kita.. idup keluarga kita sendiri..	1			Betawi	train	11.281100293617678		False	0.23188405797101452	False	4.961458274666613	0.3204951856946355	True
88cf908ad8137aa6f5527b97584391dc	20993	spontaneous-speech-bew-20993.mp3	33300	2526	Nyang kayé gimané Ente arepin ke siswa atow mahasiswa nyang lagi belajar?	Diarépin lah tuh yang pada kuliah, rajin belajar, terus biar lulus jadi sarjana, biar jadi orang sukses. Karna apa tuh di sekolahin ampé kuliah-kuliah? Lah biar anaknya sukses, bagan kata orang tuanya tepuntang-tepanting nyari duit yang penting anaknya sukses. Makanya nih, yang kuliah yang rajin belajar. Jangan maèn-maèn, emak capèk nyari duit dipantang-petinting bakal anak kuliah, biar pinter, biar sukses. 	1			Betawi	train	10.540540540540542		False	0.27941176470588236	False	5.408635483971194	0.579092159559835	True
9191fa254a8ad3507fe679e6204d470f	20382	spontaneous-speech-bew-20382.mp3	27756	2519	Kalo Ente punya kesempetan buat belajar, Ente mao belajar apé dan ngapa?	Kita kalo punya kesempatan pengên bêt belajar dipondok pesantren karena êmang pêsên baba kita tuh yang penting agama dari pada yang laén gitu. percuma orang pinter gitu kan kalo dia kaga ngarti baca iqro alif-alifan yang penting itu si belajar agama gitu kan kita bisa ngarti baca qur'an  kita tau cara bakti ama orang tua..   	1			Betawi	train	9.691598212998992		False	0.22530864197530864	False	5.227846976576465	0.4759284731774415	True
66c99d65171c314ca6147556b80a9058	21094	spontaneous-speech-bew-21094.mp3	23760	2519	Kalo Ente punya kesempetan buat belajar, Ente mao belajar apé dan ngapa?	kalo ayé tuh sangat semangêt ama belajar dari kecil tuh êmang ayé diceritain selalu ingin belajar, karna kalo orang itu kalo belajar tuh pasti bisa kalo ga belajar orang gabisa bagaimana bisa menciptakan cita-citanyê ,dengan belajar insyaallah pasti bisa.	1			Betawi	train	9.132996632996631		False	0.2420634920634921	False	4.7813814316523935	0.20082530949105915	True
66c99d65171c314ca6147556b80a9058	21094	spontaneous-speech-bew-21094.mp3	23760	2519	Kalo Ente punya kesempetan buat belajar, Ente mao belajar apé dan ngapa?	kalo ayé tuh sangat semangat ama belajar.. dari kecil juga cita-cita ayé tuh selalu ingin belajar.. karena orang kalo belajar itu pasti bisa.. tanpa belajar orang ngga bisa.. bagaimana bisa menciptakan cita-citanyê.. dengan belajar insya allah pasti bisa..	1			Betawi	train	9.217171717171716		False	0.2806324110671937	False	4.927531175562361	0.30261348005502064	True
88cf908ad8137aa6f5527b97584391dc	21166	spontaneous-speech-bew-21166.mp3	21564	2519	Kalo Ente punya kesempetan buat belajar, Ente mao belajar apé dan ngapa?	kalo ayé punya kesempatan si pêngênnéh ayé belajar ya ilmu-ilmu yang bermanfaat gitu si ayé méh pêngênnêh yang buat bisa membantu orang banyak contohnyê disekitar lingkungan ayé begitu si negitu ayé pengennyê ga usah banyak-banyak udêh yang penting bermanfaat buat lingkungan buat skeluarga.	1			Betawi	train	11.547022815804118		False	0.2569444444444444	False	4.468427584350941	0.08803301237964237	True
9191fa254a8ad3507fe679e6204d470f	20399	spontaneous-speech-bew-20399.mp3	16488	2517	Menurut Ente, seperti apé bentuk pendidikan nyang pas buat anak mudé sekarang nih?	pendidikan yang pas buat anak-anak mudê sekrang kan [êêê] yaitu penanaman karakter akhlak adab gitu karna kalo itu adab akhlak itu lebih penting dari padé segala hal kan. 	1			Betawi	train	8.672974284327996		False	0.1071428571428571	False	4.925589397525275	0.2984869325997249	True
bc82a592c4e12646378f67f8abef870f	20465	spontaneous-speech-bew-20465.mp3	20016	2517	Menurut Ente, seperti apé bentuk pendidikan nyang pas buat anak mudé sekarang nih?	kita yê kadang di rumah yang penting bengaji pada-pada ngaji.. kalo pada ngaji mah yang penting kita udah pada kenal.. ama ngaji mah kagak pada lupa ya udah sênêng banget kita mah.. ada mah orang gitu ya didikan kolah, di sekolah-sekolahin ama mak bermalês-malês banget.. yaudah ujungnya nganggur pada main pinjol udah tuh..	1			Betawi	train	13.589128697042366		False	0.2741433021806854	False	4.750148964905771	0.17744154057771663	True
88cf908ad8137aa6f5527b97584391dc	21003	spontaneous-speech-bew-21003.mp3	32580	2517	Menurut Ente, seperti apé bentuk pendidikan nyang pas buat anak mudé sekarang nih?	pendidikan ya harus minimal SMA kalo bisa lagi mah ampé kuliah ya cumê kan tergantung orangtuê nyé, kalo orang tuényé gapunyê duit ya udah gak apê-apê ampé SMA gé, yang penting pendidikan mah penting buat anak muda zaman sekarang kan semakin kesono semakin canggih. nah mangkanya anak muda sekarang kudu sekolahnya lulusnya ampé SMA  kalo bisa ampé kuliah sampé perguruan tinggi lagi biar jadi orang sukses.	1			Betawi	train	10.466543891958256		False	0.25742574257425743	False	4.971052930936586	0.32599724896836313	True
bc82a592c4e12646378f67f8abef870f	20368	spontaneous-speech-bew-20368.mp3	20664	2740	Menurut Ente, Begimané caré biar kité tetep aman pas perjalanan? 	Ya sebelum jalan meh usahain ban ituh diliat kempes ape kaga make jaket, make helm, paling penting dah ya takut ditilang ama polisi ye perkiraan meh ya segitu aje yang dicek jaket apelagi di jalan. 	1			Betawi	train	7.888114595431668		False	0.10256410256410253	False	7.591843994477877	0.9986244841815681	False
9191fa254a8ad3507fe679e6204d470f	20447	spontaneous-speech-bew-20447.mp3	7236	2740	Menurut Ente, Begimané caré biar kité tetep aman pas perjalanan? 	Banyak baca-bacaan karena paling aman udah 	1			Betawi	train	5.113322277501382		True	0.025000000000000022	False			False
6f5d66a2f09f4f835c35e047386e542b	20682	spontaneous-speech-bew-20682.mp3	33804	2740	Menurut Ente, Begimané caré biar kité tetep aman pas perjalanan? 	Kita tuh harus safety first banget kalo perjalanan. Kayak pengguna kendaraan bermotor nih kalo misalkan antisipasi ujan, kita harus bawa jas ujan gitu kan. Terus kita harus bawa sendal jepit. Takutnya banjirkan di jalanan gitu kayak helm tuh terutama penting, jaket, sarung tangan gitu kan kayak apalagi kalo naek motor harus banget paké sepatu gitu kan.  Terus berkendara tuh juga harus hati-hati, kalo mobil ya paké safety belt sih terus kayak kita tetep harus punya  surat izin mengemudi ya guys. Jadi kayak gak boleh gak ada surat izin mengemudinya.	1			Betawi	train	13.696603952195003		False	0.2927272727272727	False	5.306819430414302	0.5268225584594223	True
88cf908ad8137aa6f5527b97584391dc	21218	spontaneous-speech-bew-21218.mp3	23940	2740	Menurut Ente, Begimané caré biar kité tetep aman pas perjalanan? 	Kalo ayé sih kalo dalam perjalanan ya biar aman kita liat dulu tuh apa yang kita bawa apa yang kita taekin itu motor, terutama ya itu bensin terus ama bannya dah liat tuh anginnya. Semua kita periksain jadinya tuh biar perjalanan kita tuh aman jangan ganggu.	1			Betawi	train	8.897243107769423		False	0.2549019607843137	False	5.534360528648908	0.6478679504814305	False
9191fa254a8ad3507fe679e6204d470f	20513	spontaneous-speech-bew-20513.mp3	13968	2758	Begimané caré terbae buat ngejagé kebersihan sungai?	Ngebersihin sungai ya dengan cara dikeruk, jangan buang sampah sembarangan, entar kalau banyak buang sampah sembarangan entar pada banjir. Entar yang banjir yang susah kita-kita juga. 	1			Betawi	train	11.311569301260024		False	0.24861878453038677	False	4.703327484077215	0.16368638239339753	True
a68890e3cf92239d60ef959166a79dda	21505	spontaneous-speech-bew-21505.mp3	20952	2758	Begimané caré terbae buat ngejagé kebersihan sungai?	Kite harus buang sampeh pada tempanye trus ame harus rajin-rajin yang namenye itu kita liat sungai kite kalo buanyak sampeh kita angkat-angkatin sampenye, kite harus yang namenye gotong royong ame masarakat iye.	1			Betawi	train	8.59106529209622		False	0.25	False	5.255822099686272	0.4951856946354883	True
a523a69994e1c3b9d453ffa3796ec254	20351	spontaneous-speech-bew-20351.mp3	32112	2495	Apé ajé kendaraan nyang biasé dipake di sekiter lingkugan Ente?	orang mah biasanya sekarang pengennya naiknya tuh mobil motor.. udah kagak ada lagi yang mau jalan kaki naik sépéda.. paling bocah doang yang naék sépéda.. itu juga kalo bocahnya mau.. bocah-bocah sekarang mah naiknya juga naik motor.. bocah sd juga naik motor.. au péngénnya gimana..padahal mah bénéran enakan juga naik sépéda apa jalan kaki.. sehat..	1			Betawi	train	9.280019930244144		False	0.3209169054441261	False	4.888532049577361	0.2696011004126547	True
9191fa254a8ad3507fe679e6204d470f	20386	spontaneous-speech-bew-20386.mp3	27072	2495	Apé ajé kendaraan nyang biasé dipake di sekiter lingkugan Ente?	kendaraan ya,yang biasa di paké di rumah ané tuh biasénye énya-énya kalo berangkat ke pasar gitu kan dia ,selain jalan kaki dié naik beca gitu kan naik beca itu aki-aki padé ,pagi-pagi énya-énya tuh padé keluar ke pasar belanja buat makan gitu kan naék beca dié, aki-aki goes gitu,ya itu si biasé beca si amé sepeda. jarang motor jarang mobil kalo di lingkungan ané.	1			Betawi	train	11.192375886524824		False	0.25068870523415976	False	6.156141564602144	0.8968363136176066	False
bc82a592c4e12646378f67f8abef870f	20452	spontaneous-speech-bew-20452.mp3	19440	2495	Apé ajé kendaraan nyang biasé dipake di sekiter lingkugan Ente?	ya pa lagi palingan motor, motor doyok masi bisa dipaké udah bersykur buat kemané mané kewarung buat belanja sayuran aturan péda ni orang kampung masi naék péda ya karang pan udéh ada syles panan ya péda listrik makin canggih baé pénan 	1			Betawi	train	10.030864197530864		False	0.11587982832618027	False	6.381477004348939	0.938101788170564	False
6f5d66a2f09f4f835c35e047386e542b	20750	spontaneous-speech-bew-20750.mp3	15228	2495	Apé ajé kendaraan nyang biasé dipake di sekiter lingkugan Ente?	motor, di daerah gua paling banyak paké motor gitu.. paké mobil paling ya beberapa orang aja sih gitu kan yang mau ke daerah tertentu.. taoi biasanya lebih sering paké motor karena paké motor lebih cépét.. lebih satsét..	1			Betawi	train	12.08300499080641		False	0.24423963133640558	False	4.5699556527130465	0.11829436038514443	True
52fd19bf7e8202318b8ee5b4d2cd0925	20815	spontaneous-speech-bew-20815.mp3	57384	2495	Apé ajé kendaraan nyang biasé dipake di sekiter lingkugan Ente?	Kendaraan, Kendaraan kité dibetawi itu dulu namanya ada délman, sado délman ya. Tapi dulu juga ada ojek cuman dulu ojeknya ojek sepeda ya ontél, nah sekarang délman, sado,  sudah tidak ada tapi gantinya ojek ya, ojek dikita sekarang masih banyak sekali memang apé ya ééé... pekerjaan atau usaha orang kite orang betawi ya hampir mayoritas tukang ojek  gitu ya. Tapi ojek itu aaa.. di kita itu apa ya tersingkirkan oleh namanya ojol sebetulnya aslinya dulu kalo tukang ojek itu mangkal di suatu perempatan, di pasar kaya begitu. sekarang setelah ada ojol kayanya ojek yang asli yang original itu ya sedikit kaya gitu.  	1			Betawi	train	8.939774153074028		True	0.30081300813008127	False			False
88cf908ad8137aa6f5527b97584391dc	21268	spontaneous-speech-bew-21268.mp3	13788	2495	Apé ajé kendaraan nyang biasé dipake di sekiter lingkugan Ente?	Biasanye sih kalo di kampung ayé tu kendaraannya yang dipaké ya motor, sapede, terus becak. Emang adanya itu itu doang, itu yang dipergunain setiap hari kebanyakan.	1			Betawi	train	10.081230055120397		False	0.08695652173913049	False	4.31170194532728	0.04951856946354883	True
66c99d65171c314ca6147556b80a9058	21270	spontaneous-speech-bew-21270.mp3	3852	2495	Apé ajé kendaraan nyang biasé dipake di sekiter lingkugan Ente?	motor	1			Betawi	train	1.2980269989615785	transcription-length	True	0.0	False			False
a68890e3cf92239d60ef959166a79dda	21542	spontaneous-speech-bew-21542.mp3	16344	2495	Apé ajé kendaraan nyang biasé dipake di sekiter lingkugan Ente?	kalo di kampung ayé mah dibiasanya kendaraan yang selalu dipaké tu ya sepedé, motor.. ya terkadang mobil kalo keperluan lagi jauh baru déh paké kendaraan roda émpat.. itu juga ngga semuanyé..	1			Betawi	train	9.850709740577582		False	0.07978723404255317	False	5.277396098630471	0.5103163686382394	True
9191fa254a8ad3507fe679e6204d470f	20353	spontaneous-speech-bew-20353.mp3	31968	2465	Apé ajé peran perempuan di masyarakat?	[êêê] Pêran wadon itu di masyarakat itu banyak, ya. Dia selain ngurusin rumah tangganya sendiri dia biasanya ngurus lakinya, ngurus suaminya, ngurus anak-anaknya, dia juga bisa berperan di lingkungannya [êêê] biasanya tuh ya mereka itu [êêê] memiliki peran di masyarakat itu di kantor-kantor posyandu gitukan, terus ibu-ibu PKK. Mereka tuh biasanya aktif yang kayak gitu. Peran perempuan di masyarakat salah satunya ya itu.	1			Betawi	train	11.292542542542543		False	0.27380952380952384	False	5.4031597269504035	0.5763411279229711	True
a523a69994e1c3b9d453ffa3796ec254	20483	spontaneous-speech-bew-20483.mp3	30744	2465	Apé ajé peran perempuan di masyarakat?	Kalo perempuan jaman dulu kaga dianggêp. Cuma disuruhnya di dapur sama di kasur. Alhamdulillah perempuan-perempuan bêtawi sekarang udah pada ada, nggak banyak sih, ada yang sekolah. Bersyukurnya di situ jadi nggak cuma urusan dapur sama kasur, gitu.	1			Betawi	train	6.928181108508977		False	0.1869918699186992	False	5.483070982225828	0.6121045392022009	False
88cf908ad8137aa6f5527b97584391dc	20908	spontaneous-speech-bew-20908.mp3	17784	2465	Apé ajé peran perempuan di masyarakat?	Iyé nyanyi nabu robanê, êêê terus êêê kegiatan laén kayak bersih-bersih, terus bélom kayak kegiatan masak masak bersama, terus kegiatan-kegiatan lainnya.	1			Betawi	train	7.478632478632479		False	0.31333333333333335	False	5.424676002374676	0.5859697386519945	True
66c99d65171c314ca6147556b80a9058	21241	spontaneous-speech-bew-21241.mp3	25452	2465	Apé ajé peran perempuan di masyarakat?	Peran perempuan di masyarakat itu kita mengikuti acara di majélis taklim. Kemudian kita ngikutin posyandu. Di situ juga perempuan itu berperan juga sebagai kadér ngikut, kemudian sebagai PKK juga.	1			Betawi	train	6.600660066006601		False	0.2227979274611399	False	6.327945929726223	0.9284731774415406	False
5bff828e73452d736037e3d5c5c5f4e6	21662	spontaneous-speech-bew-21662.mp3	19836	2465	Apé ajé peran perempuan di masyarakat?	Lah kalo ada kegiatan nih, kalo ada yang hajatan orang sini mah pada dateng dah, nolong dah tuh motong-motongin sayuran. Terus kalo ada lagi acara orang syukuran dateng déh tuh, bantu-bantuin bawa-bawa rantang, nénténg-nénténg.	1			Betawi	train	9.780197620488		False	0.2008928571428571	False	5.223235904265565	0.47042640990371387	True
9191fa254a8ad3507fe679e6204d470f	20489	spontaneous-speech-bew-20489.mp3	13968	2750	Menurut Ente, begimané alam ngejauhin kité dari bencané?	Kalo kita kagak mau banyak bencana apalagi bencana banjir yak. Kita mah (kudu) sering ngebersihin selokan, nanem po'onan biar kalo banjir biar cepet ngeresepnya.	1			Betawi	train	9.879725085910652		False	0.11392405063291144	False	5.43333765572008	0.5887207702888583	True
88cf908ad8137aa6f5527b97584391dc	20891	spontaneous-speech-bew-20891.mp3	70992	2750	Menurut Ente, begimané alam ngejauhin kité dari bencané?	Kita tuh ya udeh buang sampeh jangan sembarangan, pohon-pohon jangan ditebangin tuh, kan mendingan kalo kampung kita banyak pohon mah engga ade yang namanye longsor. Nah, trus lagi tuh kalo kali jangan dikeduk-kedukin, ntar aje kita longsor aer banjir yang penting banget mah tuh sampeh jangan buang sembarangan deh coba. Kita hindarin biar jangan ade banjir apelagi yang namnye longsor-longsor meh jangan deh, gimane caranye kampung kita biar jauh terhindar dari banjir ame longsor ya gitu kita buang sampeh ditempatnya trus kita bakarin trus pohonan juga jangan ampe ade penebang nebangan. Kalo perlu meh kita tanem biar gede tuh pohon kita tuh, biar jadinye penghjiauan jadinya ga adé deh tu yang namanya longsor, segala bencana-bencana. Kita sebagai warga harus bener-bener dah tu jagain pu'unan, jangan ditebang-tebangin, sampeh yang penting sampeh nih kita. Jangan buang sampah sembarangan.	1			Betawi	train	10.719517692134325		True	0.4143337066069429	False			False
a68890e3cf92239d60ef959166a79dda	21296	spontaneous-speech-bew-21296.mp3	37116	2750	Menurut Ente, begimané alam ngejauhin kité dari bencané?	Ya kalo biar ga dijauhin sama alam si ya kita harus rajin-rajin ya kaya menanem pohon menjage lingkungan ya kaya tidak membuang sampah sembarangan terus ya kaya, pohon-pohon tuh itu pada jangan di tebangin takut dampak nye tuh kaya banjir, longsor terus ya sekarang si kan banyak di daerah mana tuh sering pada banjir ya karna pohonnyé yé pada.	1			Betawi	train	7.705571721090635		False	0.2052785923753666	False	4.983556419987348	0.3356258596973865	True
52fd19bf7e8202318b8ee5b4d2cd0925	20757	spontaneous-speech-bew-20757.mp3	75420	2506	Di masé depan, rang-orang lebih suké tinggal atau idup di mana?	yaa orang bêtawi mah dulu yaa lebih suka tinggal di kampung.. karena kalo ke kota orang dulu apalagi orang bêtawi yang sekarang sama pada takut, takut kédêr.. kalo udah kédêr orang bêtawi ya panik.. jelék banget kalo orang bêtawi kalo panik.. ya itu mau nanya malu.. jadi akhirnya blêngak-blêngok udah kayak burung bango yak.. jadi orang kité nih kité orang bêtawi [ééé] saya sendiri lah merasakan tentrêm nyaman di kampung.. makan ngga makan kumpul kalo kata orang kité mah.. itu.. dan nyari duit lebih gampang di kampung.. nyabut bayêm kuli bisa.. ngarit rumput dijual buat tetangga yang punya kambing punya kerbau laku.. jadi ngga serba bayar juga.. di kota buang air bayar, bêrak bayar, kêncing bayar.. kalo di kampung di bawah pohon uga jadi kan gitu.. demikian..	1			Betawi	train	8.512330946698489		True	0.3254901960784313	False			False
66c99d65171c314ca6147556b80a9058	20959	spontaneous-speech-bew-20959.mp3	23148	2506	Di masé depan, rang-orang lebih suké tinggal atau idup di mana?	Kalo ayé mah lebih suka idup di kampung. Karna kalo idup di kampung itu nyaman, sépi, gak berisik, gak banyak mobil wara-wiri. Kalo pas malam idup tenang, adém. Pokoknya ènak dah kalo idup di kampung mah. Béda ama idup di kota, di kota mah banyak bét mobil.	1			Betawi	train	9.11525833765336		False	0.26771653543307083	False	4.7932524842635855	0.21182943603851445	True
88cf908ad8137aa6f5527b97584391dc	20976	spontaneous-speech-bew-20976.mp3	39672	2506	Di masé depan, rang-orang lebih suké tinggal atau idup di mana?	kalo orang-orang mêh tinggalêh dikota biar dêkêt dari manêh-manêh kan kalo dikampung mêh mao beli èskrim ajê susêh kudu ke alfa lah sini mêh kê alfa jauh besok mêh kalo kité tinggal dikota mao beli es grim samping rumah mo ke mol tinggal jalan mo kebelanjaan dêkêt ke samping kita mao ke shoping kebelakang lah kalo dikampung meh jauh bênêr pengennêh mêh besok 10 lagi 10 tahun yang akan datang mah lah kota ajê hidupnyê ènak.	1			Betawi	train	8.847549909255898		False	0.29550827423167847	False	5.368154662360323	0.562585969738652	True
bc82a592c4e12646378f67f8abef870f	20457	spontaneous-speech-bew-20457.mp3	19116	2741	Di mané tempat wisaté alam terkenal di Indonesia?	Yé palingan orang kampung maeh jalan-jalan bogor doang taunya lah bogor gé di sonoh pada bawa timbel pada gelar makan paké doan pisang lah kesonoh gé kita pada resep banget tebang kepuncak doang gé kaga ngiat apa-apa udah yang penting mah liburan kita 	1			Betawi	train	10.933249633814606		False	0.15261044176706828	False	5.213512132454985	0.4621733149931224	True
66c99d65171c314ca6147556b80a9058	21194	spontaneous-speech-bew-21194.mp3	5184	2741	Di mané tempat wisaté alam terkenal di Indonesia?	Ada Taman Mini.	1			Betawi	train	2.507716049382716	transcription-length	True	0.0	False			False
724d9ac0c1c5abaf145819862e87b6ba	21642	spontaneous-speech-bew-21642.mp3	26964	2741	Di mané tempat wisaté alam terkenal di Indonesia?	Kalo yang ayé tau si wisata alam yang perneh ayé denger tapi ayé si ga perneh kesonoh ya kaye Gunung Merapi, tuh Gunung Sameru, Gunung Rinjani. Kalo kate ayé kalo kata yang udah tau si emang disitu wisata alam yang bagus banget ituh untuk mendaki untuk kita buat melepas pikiran kita yang kusut.	1			Betawi	train	9.012016021361816		False	0.23630136986301364	False	5.553353268368895	0.657496561210454	False
9191fa254a8ad3507fe679e6204d470f	20561	spontaneous-speech-bew-20561.mp3	14508	2799	Apé Ente bakal ngajarin bahasé daerah Ente ke anak-anak Ente di masé depan? Kenapé?	Lah iya kudu, kalau kita kaga ngajarin bahasa daerah kita ama anak-anak kita, ama cucu-cucu kita lah dia kaga kenal entar ama bahasa  daerah kita sendiri. yang ada entar diakuin ame orang-orang daerah laen	1			Betawi	train	11.786600496277917		False	0.23267326732673266	False	4.773302376262185	0.19807427785419532	True
6f5d66a2f09f4f835c35e047386e542b	20615	spontaneous-speech-bew-20615.mp3	23724	2799	Apé Ente bakal ngajarin bahasé daerah Ente ke anak-anak Ente di masé depan? Kenapé?	Diajarin kalo emang di sekolah tersebut tuh dapet pembelajaran kayak bahasa Jawa atau bahasa Sunda. Terus terlebih lagi kalo misalkan kita dapet pasangan yang dari luar daerah Jakarta. Nah itu kan pasti ada bahasa daerahnya tersebutkan. Nah itu, harus diajarin karena supaya ngerti sama bahasa daerah itu.	1			Betawi	train	10.917214634968808		False	0.2218543046357616	False	4.725811434599413	0.16918844566712518	True
52fd19bf7e8202318b8ee5b4d2cd0925	20792	spontaneous-speech-bew-20792.mp3	51372	2799	Apé Ente bakal ngajarin bahasé daerah Ente ke anak-anak Ente di masé depan? Kenapé?	[ee] kite nih, [yee] kaum-kaum bapa-bape [ya] kalo buat ngajarin keanak sampe kapan pun tetep [ye], kita ajarin bahase kita, kita ajarin budaye kita orang betawi [ye] bahase orang betawi tuh nyablak die [ee] gitu jadi, ampe kapan juga tetep, anak-anak kite ajarin bahase kite itu begimane [ya], [ya] kite juga menyesuaiin lah kalo sekiranye lagi ngadepin ya orang-orang yang, penggede ya kita bahasa laen, [ya] tapi kalo di lingkungan sini [ya] kite pake bahase seharian kite betawi [ya], begitu jadi cara ngejaganye mereka harus bicara dengan bahasa ya kite orang betawi [ya] kaya gitu.	1			Betawi	train	9.596667445300945		False	0.339041095890411	False	5.015256696055907	0.35075653370013754	True
88cf908ad8137aa6f5527b97584391dc	21173	spontaneous-speech-bew-21173.mp3	20664	2799	Apé Ente bakal ngajarin bahasé daerah Ente ke anak-anak Ente di masé depan? Kenapé?	Pastinya ya ayé pasti ngajarin yang bahasa yang ayé bisa, yang biasa sehari-hari ayé paké kepada anak-anak aye. Tetangga-tetangga yang nggak bisa bahasa itu ya ayé ajarin. Karna kenape? Bahasa itu ya emang dari nenek moyang kita begitu ya kita turun ke anak kita, ke cucu kita. Ya begitu caranya bahasanya.	1			Betawi	train	12.388695315524584		False	0.27722772277227725	False	4.593154952403512	0.12517193947730398	True
a68890e3cf92239d60ef959166a79dda	21474	spontaneous-speech-bew-21474.mp3	21528	2799	Apé Ente bakal ngajarin bahasé daerah Ente ke anak-anak Ente di masé depan? Kenapé?	iye udah pasti ituh kite ajarin buat anak kite nanti iye cucu-cucu kite nanti karne yang dasar itu harus bisa jadi turun menurun harus makenye bahasa kitelah harus tau masa kaga tau lah kan kite meh emang aslinye orang betawi 	1			Betawi	train	8.639910813823859		False	0.17488789237668156	False	5.7145430394359495	0.7455295735900963	False
9191fa254a8ad3507fe679e6204d470f	20364	spontaneous-speech-bew-20364.mp3	28692	2728	Apé ajé barang-barang nyang penting dibawé pas liburan? 	Barang yang paling penting saat kita bawa rekreasi atau liburan gitu.. yang paling penting ya duit. Kalo ngga ada duit ya agak susah kita mau pada jajan mau pada jalan-jalan dolan-dolan, itu agak susah tuh menurut kita, yang paling penting duit biar kata kita pakeannya setelan kaos oblong ama sendal jepit kalo duitnya banyak duitnya gabrek ya kita bisa beli apa aja.	0			Betawi	train	10.69984664714903		False	0.273972602739726	False	5.187838282203497	0.4497936726272352	True
bc82a592c4e12646378f67f8abef870f	20403	spontaneous-speech-bew-20403.mp3	19116	2728	Apé ajé barang-barang nyang penting dibawé pas liburan? 	Daleman mah penting banget cuman kadang kalo liburan kaga ujan, ya plastik buat muntah, buat gembolan apa baé dah. Lah kan baju lah kita salin, sabun buat mandi emang kaga gantel apa kalo kita pegi kemana-mana	1			Betawi	train	9.102322661644696		False	0.13592233009708743	False	6.294446107879761	0.9257221458046767	False
52fd19bf7e8202318b8ee5b4d2cd0925	20787	spontaneous-speech-bew-20787.mp3	36252	2728	Apé ajé barang-barang nyang penting dibawé pas liburan? 	Kalo kité orang Betawi kalo liburan nomor satu yang dibawa timbel gitu nasi timbel tuh , engga laen kita mah bawa tiker tu tiker pandan ye jadi kalo orang Betawi tuh kalo liburan tuh emang aneh-aneh ape aje itu udeh disiapin jauh-jauh hari ya buat dibawa nanti buat liburan pariwisata ya seru keya begitu anak cucu semua dibawa ya engkong ya dibanjut semua hahaha	1			Betawi	train	8.275405494869249		False	0.23611111111111116	False	5.726600069944239	0.7510316368638239	False
88cf908ad8137aa6f5527b97584391dc	21102	spontaneous-speech-bew-21102.mp3	39924	2728	Apé ajé barang-barang nyang penting dibawé pas liburan? 	Barang-barang yang dibawa liburan sih, biasanya sih kalo saya, ayé sih kalo liburan ke mana yé yang disiapin barang-barangnya ya terutama ya makanan ringan, terus [hmmm] baju ganti, terus [eee] apa tuh sejenis yang buat kita gunakan di sono: alas buat, buat kita makan, alat-alat perlengkapan kaye buat gelas, sendok, piring. Terus yang kita suka gunakan ya sebutuhnya yang kita perlukan ya kita siapin buat kita liburan.	1			Betawi	train	8.891894599739505		False	0.30622009569377995	False	5.0225474485076385	0.3562585969738652	True
a68890e3cf92239d60ef959166a79dda	21587	spontaneous-speech-bew-21587.mp3	29700	2728	Apé ajé barang-barang nyang penting dibawé pas liburan? 	Kalo mau liburan itu pas banget yang harus kita bawa itu nomer satu duit, karnakan duit itu penting terus pakean, baju buat salinan, terus lagi bekel, makan buat di perjalanan jangan sampe kita apa tuh laper, obat-obatan juga itu penting buat jaga-jaga, nah itu sangat penting.	1			Betawi	train	7.811447811447811		False	0.16788321167883213	False	4.819178201884537	0.22283356258596973	True
5bff828e73452d736037e3d5c5c5f4e6	21635	spontaneous-speech-bew-21635.mp3	24984	2728	Apé ajé barang-barang nyang penting dibawé pas liburan? 	Yang pertama butuh dompet, kalo liburan dompet dibawa, trus jangan lupa tuh yang namanya nasi timbel. Ntar kalo di sono laper tau kalo orang kampung mao makannya banyak. Kalo beli di sono kan dikit nyata baru itunya, jadinya tuh sama bawa minuman ama makanan, kalo di sono kan rada mahal.	1			Betawi	train	9.566122318283702		False	0.18596491228070178	False	5.061651424974658	0.3810178817056396	True
88cf908ad8137aa6f5527b97584391dc	21057	spontaneous-speech-bew-21057.mp3	12528	2772	Begimané Ente bisa tau cerité mitos nyang adé di negaré Ente?	Bisa tau cerita mitos di tempat saya, ya itu dari omongan satu ke omongan yang lain, jadi saya mendengarkan apa yang tadi saya sampaikan oleh orang lain.	1			Betawi	train	10.137292464878673		False	0.15333333333333332	False	5.579749405552255	0.6740027510316369	False
a68890e3cf92239d60ef959166a79dda	21580	spontaneous-speech-bew-21580.mp3	32796	2772	Begimané Ente bisa tau cerité mitos nyang adé di negaré Ente?	Karna ayé kan orang pribumi asli jadi aye tau sejarah mitos, karna kan itu jaman dulu waktu ayé masi kecil itu banyak banget kejadian yang sangat menyeramkan. Pokoknye serem banget pada waktu dulu itu. Memang yang namanya mitos itu ada ya. Kita harus seperti itu harus tau. 	1			Betawi	train	6.921575801927064		False	0.16236162361623618	False	5.071964082699323	0.38514442916093533	True
52fd19bf7e8202318b8ee5b4d2cd0925	20783	spontaneous-speech-bew-20783.mp3	48744	2794	Begimané caré ngelestariin bahasé daerah Ente?	[ee] Kalo dikité si, bahasa Bétawi yé masih kentel ya masih dipake bahasa Bétawi yé, yé elu, gue ye bagenin, ye antepin, ya kaya gitu masih, masih dipake ya jadi anak-anak kite tetep harus pake bahasa [ee] daerah kite Bétawi ya. Jadi ga boleh meskipun jamannye udeh canggih, bahasa kite tetep harus di lestariin dipake yé. Kalo saya di sini anak-anak saya aje masih manggil baba ye babéh, masih pake, masih wajib itu kita pake di keluarga kita disini begitu yé. 	1			Betawi	train	7.816346627277204		False	0.318082788671024	False	5.454576577006157	0.5997248968363136	True
88cf908ad8137aa6f5527b97584391dc	20928	spontaneous-speech-bew-20928.mp3	29556	2794	Begimané caré ngelestariin bahasé daerah Ente?	Lah ayé meh kemané-mané pake bahasa ayé udeh emang ayé meh begini logatnye baik ayé di mane tuh di kote, di kampung. Apelagi kalo ayé maen ditemen ayé, ame orang Jawa, lah ayé tetep paké bahasa ayé logatnye, aye ga perneh rubeh logat ayé. Emang logat ayé meh begini dari sonohnye udeh biar jangan ilang ciri has aye bahasa ayé emang ayé udeh begini Bétawi. 	1			Betawi	train	9.879550683448368		False	0.2994350282485876	False	5.354633081027882	0.5584594222833562	True
5bff828e73452d736037e3d5c5c5f4e6	21625	spontaneous-speech-bew-21625.mp3	20664	2794	Begimané caré ngelestariin bahasé daerah Ente?	"Lah aye meh di mane aje aye uncloh, aye mah pake bahasa aye biar orang tau, ngga pake bahasa yang begana-begono jaman-jaman noh. Aye mah pake bahasa aye biar orang tau nih kalo aye, ""oh iya nih die orang Cabang Due pantesan kalo ngomong tandes bener"" kan begituan biar ketauan aye tuh."	1			Betawi	train	11.324041811846689		False	0.2695035460992907	False	5.838543269220903	0.8033012379642366	False
6f5d66a2f09f4f835c35e047386e542b	20728	spontaneous-speech-bew-20728.mp3	10548	2443	Biasenyé Ente nyarap amé mindo apaan?	Nyarap biasanya pake nasi uduk atau lontong sayur. Itu udah enak bat, kalo nggak lontong sama gorengan pake sambel, ntu udah paling top, mantap, is the best.	1			Betawi	train	12.419416003033753		True	0.11038961038961037	False			False
88cf908ad8137aa6f5527b97584391dc	21070	spontaneous-speech-bew-21070.mp3	24660	2443	Biasenyé Ente nyarap amé mindo apaan?	Biasanya saya nyarap nasi goreng, kalo ngga nasi goreng sih ya biasanya nasi uduk. Kalo ngga nasi uduk ya, itu nasi putih sama gorengan. Mindonya biasanya ya itu kalo pagi biasanya saya masak jengkol apa sayur asem apa ikan asin. Ya itu selebihnya nanti buat siang ya, buat mindo.	1			Betawi	train	9.40794809407948		False	0.3068592057761733	False	6.176011437913488	0.9023383768913342	False
a68890e3cf92239d60ef959166a79dda	21496	spontaneous-speech-bew-21496.mp3	20304	2443	Biasenyé Ente nyarap amé mindo apaan?	Biasenye kite kalo nyarap ya, goreng nasi. Kalo mindo itu, ama lauk jengkol, goreng jengkol. Paling nikmat udeh goreng jengkol sama sayur asem, waileh sambel terasi, sama lalap, deh. Lalapnye daon kemangi, beuhhh udeh nikmat bener.	1			Betawi	train	9.653270291568164		False	0.1842105263157895	False	7.669179355877169	1.0	False
5bff828e73452d736037e3d5c5c5f4e6	21667	spontaneous-speech-bew-21667.mp3	19044	2443	Biasenyé Ente nyarap amé mindo apaan?	Lah ayê mah kalo pagi nyarapnyê amê nasi goreng. Habisannê, emang adênyê nasi goreng ayê meh. Nah kalo ayê makan èntar rada-radê siangan tuh, amê nasi pake sambel ènak bener amê lalap lalap gondê. Weileêêêh, ènak bener ituh begitu makan geh.	1			Betawi	train	10.554505356017645		False	0.2100840336134454	False	6.005567170701563	0.8541953232462174	False
9191fa254a8ad3507fe679e6204d470f	20512	spontaneous-speech-bew-20512.mp3	7812	2736	Ceritain perjalanan atow liburan nyang paling berkesan buat Ente!	liburan yang paling berkesan saat anu rekreasi ama keluarga.	1			Betawi	train	6.65642601126472		True	0.0	False			False
6f5d66a2f09f4f835c35e047386e542b	20655	spontaneous-speech-bew-20655.mp3	19584	2736	Ceritain perjalanan atow liburan nyang paling berkesan buat Ente!	Liburan yang paling berkesan tuh sejauh ini tuh gue paling seneng ke Bandung, karena itu gue ke Bandung sama temen-temen gue, sama sahabat-sahabat gue dan kita bener-bener eksplore bandung banyak banget cari tempat ngopi, cari makanan, kaya sampe hujan-hujanan itu kaya bener-bener seru banget dan gak bakal bisa gue lupain.    	1			Betawi	train	14.042075163398692		False	0.23384615384615381	False	5.34843136165942	0.5570839064649243	True
88cf908ad8137aa6f5527b97584391dc	20910	spontaneous-speech-bew-20910.mp3	35460	2736	Ceritain perjalanan atow liburan nyang paling berkesan buat Ente!	wee ayé yang berkesan banget tuh jalan-jalan noh ke Ancol, kan kampung ayé meh suseh dari tempat keramaian, we ayé diajak ke ancol girang bener apelagi liat bis gede, jalanan cakep, [wee] bahagia banget aye diajak jalan-jalan kesono. Berkesan banget banyak rumeh, gedung-gedung tinggi kan di kampung ayé meh boro-boro ade gedung tinggi lah rumehnyé jelek-jelek banget. makanye pasaye diajak jalan-jalan kesono wee girang banget aye, seneng banget.    	1			Betawi	train	10.71630005640158		False	0.3191964285714286	False	5.619470360599078	0.6987620357634112	False
9191fa254a8ad3507fe679e6204d470f	20432	spontaneous-speech-bew-20432.mp3	36540	2790	Ceritain peristiwé atow sejaré penting nyang adé di tempat tinggal Ente!	Cerita peristiwa sejarah yang ada di kampung ané mah itu tadi kyai Nur Ali itu dia ulama yang sakti karena waktu itu beliau itu bantu dalam memerdekakan bangsa kita bangsa Indonesia gitu. [umm] Beliau biasa dikenal itu di Singa Karawang Bekasi itu kan.  Beliau menguasai daerah dari Bekasi sampai Karawang, yang terkenal tuh biasanya tuh kesaktiannya.	1			Betawi	train	8.073344280240832		False	0.18678160919540232	False	5.624552770892719	0.7001375515818432	False
bc82a592c4e12646378f67f8abef870f	20433	spontaneous-speech-bew-20433.mp3	25236	2790	Ceritain peristiwé atow sejaré penting nyang adé di tempat tinggal Ente!	Lah karang mah yang dirasain ya ini kayenyé sejarah yang bakalan jadi yang paling penting deh ya. Kita perlu punya lurah yang kaga tau meh, amé rakyatnya gitu ya, penen kita kelaperan gé ya ga tau apa-apa, apelagi RT duitnye pade di tilep mulu, mo di kantongin mulu duit, kite kaga bisa ngapa-ngapain kaga ada duit tah.	1			Betawi	train	10.42161990806784		False	0.1487341772151899	False	5.882630811406802	0.8211829436038515	False
a523a69994e1c3b9d453ffa3796ec254	20514	spontaneous-speech-bew-20514.mp3	59112	2790	Ceritain peristiwé atow sejaré penting nyang adé di tempat tinggal Ente!	Peristiwa yang masi saya inget sampe sekarang itu taon 2002. Waktu saya masi SD perang Bétawi-Madura FBR, gatau masalahnya apa yang saya inget ada orang Madura lagi dijejek-jejek, engga keliatan lagi dah bentuk badannyah kaya begimanah. Intinya mah orang Madura dari FBR. FBR itu modelannya tuh kaya kumpulan warga kalo, kalo bahasa apa ya bahasa Indonesia bagusnya mah lembaga masyarakat Forum Bétawi Rempug. Rempug doang judulnya ujung-ujungnya mah ribut-ribut juga namanya bukan rempug kalo begitu. 	1			Betawi	train	7.223575585329543		True	0.22645290581162325	False			False
88cf908ad8137aa6f5527b97584391dc	21076	spontaneous-speech-bew-21076.mp3	28872	2790	Ceritain peristiwé atow sejaré penting nyang adé di tempat tinggal Ente!	Yang penting ada di tempat tinggal ayé sih biasanya sih makam-makam kiai seperti Kiai Nur Ali, terus Kiai eee Ustadz Matamin, terus kiai, banyak deh saya lupa nyebutinnya satu per satu nyebutinnya tapi ada sih sejarah-sejarah dia yang bisa mengangkat masalah pengetahuan ilmu agama.	1			Betawi	train	8.277916320310336		False	0.15412186379928317	False	5.879425026303236	0.8184319119669876	False
5bff828e73452d736037e3d5c5c5f4e6	21521	spontaneous-speech-bew-21521.mp3	28764	2790	Ceritain peristiwé atow sejaré penting nyang adé di tempat tinggal Ente!	Di kampung ayé meh dulu ini perneh dijajeh ame Belande, toh nenek ayé tuh ngeranapin waktu zaman penjajahan inian Belande. Mangkanya kampung ayé meh banyak sejarehnye terus ade pala buntung, ade yang pade dipendem idup-idup. Nah di kampung ayé meh, mangkanye di kampung aye meh serem. Lah orang dulunye dijajeh same orang Belande.      	1			Betawi	train	9.664858851341956		False	0.26726726726726724	False	5.587386070171783	0.6822558459422283	False
a68890e3cf92239d60ef959166a79dda	21535	spontaneous-speech-bew-21535.mp3	41616	2790	Ceritain peristiwé atow sejaré penting nyang adé di tempat tinggal Ente!	Di jaman dulu, cerita nenek moyang sejarah. Peristiwa sejarah yang terjadi di kampung ayé tuh memang ada seorang, pahlawan yang sangat luar biasa, yang bernama kyai Hj. Noer Ali. Beliau adalah seorang yang, bener-bener membela kampung die, makanya beliau di namakan Singa Bekasi, karna perjuangan yang luar biasa pahlawan penjajahan di Indonesia.	1			Betawi	train	7.088619761630143		False	0.19533527696793007	False	5.213491887769473	0.4607977991746905	True
fc2417aed3f3e13504285a1cbcb6d7ef	21647	spontaneous-speech-bew-21647.mp3	39780	2790	Ceritain peristiwé atow sejaré penting nyang adé di tempat tinggal Ente!	Ada peristiwa kejadian di daerah ayé tu, ayé tu orang kampung Cabang Due. Memang ada sih sejarahnya kalo orang dulu bilang tu kampung ayé tu bercabang. Nah jadi kenapa dikatakan cabang due? memang kampungnya itu bercabang. Ade maksudnya setiap jalan itu pasti ada cabangnya dua entar ke sono lagi ada cabang dua lagi, jadi kampungnye bercabang. Itu makanya dinamakan kampung Cabang Due.	1			Betawi	train	8.169934640522875		False	0.3342036553524804	False	5.205644120066944	0.45667125171939477	True
9191fa254a8ad3507fe679e6204d470f	20496	spontaneous-speech-bew-20496.mp3	10152	2471	Menurut orang-orang di sekitar, apé pekerjaan nyang bagus?	orang-orang di sekitar ané mah pada ngincér kerjaan jadi PNS pegawé negeri sipil.. biar tuanya ada pensiunannya katanya..	1			Betawi	train	10.24428684003152		True	0.0423728813559322	False			False
6f5d66a2f09f4f835c35e047386e542b	20700	spontaneous-speech-bew-20700.mp3	17100	2471	Menurut orang-orang di sekitar, apé pekerjaan nyang bagus?	pekerjaan yang sangat amat bagus tuh di daerah gué tuh jadi guru atau pns kék kalo udéh PNS pasti kaya udah banget dibangga-banggain udah paling bagus kaya gitu, padahal kan sebenrnya banyak ya pekerjaan-pekerjaan kantoran yang lumayan bagus cuman di daerah gué paling bagus ya PNS	1			Betawi	train	13.801169590643276		False	0.23381294964028776	False	4.916371867834629	0.28885832187070154	True
52fd19bf7e8202318b8ee5b4d2cd0925	20868	spontaneous-speech-bew-20868.mp3	56988	2471	Menurut orang-orang di sekitar, apé pekerjaan nyang bagus?	Kalo soal kerjaan mah gawéan di lingkungan kité ya tani, tani padi, tani sayur, apalagi ni kité tani-tani sayur banyak, bayêm, tani kangkung, yé sawi, palawijé banyak bangét di kité ya.. sawéh juga tani sawah, padi yé.. meskipun sekarang sudah banyak dibangun dévelopér ya perumahan-perumahan ya .. tapi tétép orang kampung masih orang kité ya bêtawi masih itu kerjaannya yé. Ntar panen motong padi paling seneng banget saya itu yé.. Paling ternak deh ya, itu lah pekerjaan-pekerjaan orang kitê yang masih ada ngga ilang ya meskipun jamannya udah canggih gitu.	1			Betawi	train	8.264897873236471		True	0.26929982046678635	False			False
88cf908ad8137aa6f5527b97584391dc	21213	spontaneous-speech-bew-21213.mp3	23112	2471	Menurut orang-orang di sekitar, apé pekerjaan nyang bagus?	Pekerjaan yang bagus ya itu pekerjaan yang bisa kita kerjakan. Contohnyé kita kuli déh amé orang, kaya nyuci, nggosok, gitukan nyuci piring, nyapu, ngépél, itu yang kerjaan, yang bagus tapi bisa dikerjakan cuman begitu doang udéh namanya dikampung, kerjaan apa lagi kalo bukan itu lagi.	1			Betawi	train	10.470751124956733		False	0.2508833922261484	False	4.262110761544888	0.04401650618982118	True
88cf908ad8137aa6f5527b97584391dc	21213	spontaneous-speech-bew-21213.mp3	23112	2471	Menurut orang-orang di sekitar, apé pekerjaan nyang bagus?	Pekerjaan yang bagus ya itu ya pekerjaan yang bisa kita kerjakan. Contohnya kita kuli déh ama orang, kayak nyuci, nggosok gitu kan, nyuci piring, nyapu, ngêpél, itu yang kerjaan yang bagus tapi yang bisa kita bisa kerjaan. Cuma gitu doang udah. Namanya juga di kampung. Kerjaan apalagi kalo bukan itu lagi.	1			Betawi	train	11.076497057805469		False	0.29372937293729373	False	4.083017765462725	0.017881705639614855	True
a68890e3cf92239d60ef959166a79dda	21484	spontaneous-speech-bew-21484.mp3	12564	2471	Menurut orang-orang di sekitar, apé pekerjaan nyang bagus?	Ya pêkêrjaan yang bagus ya rata-rata di kita mah semuanya kerjaan bagus tapi kêbanyakan di kité kêrjanya pada di PT di kita mah.	1			Betawi	train	8.436803565743395		False	0.22399999999999998	False	4.904865749118897	0.2833562585969739	True
5bff828e73452d736037e3d5c5c5f4e6	21627	spontaneous-speech-bew-21627.mp3	10800	2471	Menurut orang-orang di sekitar, apé pekerjaan nyang bagus?	ya kerjaan yang bisa ngasilin duit yang banyak di kampung.. udah dah asal bawa duit banyak udah dah.. waélah masa depannyé cerah bênêr..	1			Betawi	train	10.555555555555555		True	0.1428571428571429	False			False
a523a69994e1c3b9d453ffa3796ec254	20374	spontaneous-speech-bew-20374.mp3	32400	2540	Begimané semangat masyarakat setempat padé pertandingan sepakbola di tempat tinggal Ente?	[èèè] kaga kira-kira dah kalo ama bola mah mantèng aja itu mata depan tv, ampè diè yang kaga maen diè ngomèlin tv, cara kita mah ya jangan nyalahin orang yang maèn, diè ajè yang maèn kalo ngomèlin orang mulu mah nyalah-nyalahin orang, gèdèg banget dengèr nyè, ngatur-ngatur padahal mèh maèn jangan, jangan ngomentarin orang lah ini mah ngomongin orang, ngomongin orang maèn diènyè maèn nonton. 	1			Betawi	train	10.15432098765432		False	0.31969309462915596	False	5.757433591239998	0.7634112792297112	False
9191fa254a8ad3507fe679e6204d470f	20481	spontaneous-speech-bew-20481.mp3	18756	2540	Begimané semangat masyarakat setempat padé pertandingan sepakbola di tempat tinggal Ente?	lah kalo dikampung kita ada pertandingan sepak bola mah masyarakat pada groyok-groyok datengin tempat itu apalagi kalo wayahnya tim kampung kita tanding ama kampung laèn lah buanyak udèh itu satu kampung keluar groyok-groyok pada ngumpul di depan anu didepan  lapangan disamping lapanga	1			Betawi	train	13.009170398805717		False	0.22968197879858654	False	4.960097198445726	0.31911966987620355	True
bc82a592c4e12646378f67f8abef870f	20556	spontaneous-speech-bew-20556.mp3	24840	2540	Begimané semangat masyarakat setempat padé pertandingan sepakbola di tempat tinggal Ente?	yè kalo buat semangat mèh kita ama orang tua mah banyak ya yang penting padè kompak kalo padè kompak gè kita maèn bola asa kalo nendang gè udèh pada sènèng kadang dibuatin baju biar pada sènèng pas maènnya bais menang pada bakar bakar begitu  kita yang sènèng pada maèn bola emang yang mude yng tua pada sènèng baè karanggèh 	1			Betawi	train	10.6682769726248		False	0.31677018633540377	False	6.014534150653537	0.8583218707015131	False
66c99d65171c314ca6147556b80a9058	21056	spontaneous-speech-bew-21056.mp3	35100	2540	Begimané semangat masyarakat setempat padé pertandingan sepakbola di tempat tinggal Ente?	Masyarakat dikampung kita itu sangat semangat dalam pertandingan bola apalagi zaman dulu, dulu mèh pemain bola adènyè kan disawèh lapangan karena kan dulu mèh ga adè lapangan tempat khusus lapangan hanya adè di sawèh itu èmak-èmak seneng banget itu kalo tiap sore nonton pertandingan sepak bola antar RT, antar kampung, antar desa. kalo sekarang kan hanya ada tertentu ada di desa jauh paling sewaktu-waktu doang.      	1			Betawi	train	9.943019943019944		False	0.25	False	5.573388248756742	0.6685006877579092	False
88cf908ad8137aa6f5527b97584391dc	21264	spontaneous-speech-bew-21264.mp3	21384	2540	Begimané semangat masyarakat setempat padé pertandingan sepakbola di tempat tinggal Ente?	Semangètnyè si ya luar biasa tapi kan karena kondisi dan keadaan itu, kalo pertandingan bola itu ya itu, paling ya itu nontonnya biasanya di TV kita ga bisa dateng ketempat yang dilaksanain pemain-pemain bola yang ada disitu.      	1			Betawi	train	8.83838383838384		False	0.14035087719298245	False	5.6651583738814555	0.7262723521320495	False
a68890e3cf92239d60ef959166a79dda	21594	spontaneous-speech-bew-21594.mp3	23292	2540	Begimané semangat masyarakat setempat padé pertandingan sepakbola di tempat tinggal Ente?	ya sangat semangat apelagi waktu pertandingan antar rt itu masarakat dikampung ayè tuh luar biasè semanget nye sampai itu èma-èma ga padè masak saking diè semangetnyè nonton sepak bola pertandingan itu biar menang mendukung anaknyè 	1			Betawi	train	8.457839601579941		False	0.15720524017467252	False	6.255870756510311	0.9174690508940853	False
bc82a592c4e12646378f67f8abef870f	20354	spontaneous-speech-bew-20354.mp3	17136	2765	Seberapé besar peran pengobatan alternatif di lingkungan Ente?	Biasanya kita ngurut itu ke mantri ya, tukang ngurut [he'em] ama biasa orang ama minta aér ke dukun, buat ini si kadang yang orang sering kena guna-guna begitu, guna-guna yang ditempelin ama ini setan begitu dah. 	1			Betawi	train	10.329131652661063		False	0.18095238095238098	False	5.810849426862765	0.7881705639614855	False
66c99d65171c314ca6147556b80a9058	21267	spontaneous-speech-bew-21267.mp3	22716	2765	Seberapé besar peran pengobatan alternatif di lingkungan Ente?	Kalo di kampung ayé mah kalo pengobatan alternatip seperti itu orang keseleo tu atau patah tulang. Kalo diurut langsung di bretek diobatin tuh kencur ama beras dinano-nano dibalur, langsung sembuh.	1			Betawi	train	7.39566825145272		False	0.09278350515463918	False	6.052082839144128	0.8734525447042641	False
a68890e3cf92239d60ef959166a79dda	21383	spontaneous-speech-bew-21383.mp3	21240	2765	Seberapé besar peran pengobatan alternatif di lingkungan Ente?	Sangat, sangat besar itu untuk di daerah kite, yang namanya daerah kampung itu sangat besar itu. Itu yang namanya pengobatan alternatif itu sangat besar untuk di kampung kite khususnye.	1			Betawi	train	7.391713747645951		False	0.3571428571428571	False	4.771068131152361	0.1953232462173315	True
9191fa254a8ad3507fe679e6204d470f	20361	spontaneous-speech-bew-20361.mp3	41004	2523	Mané nyang lebih epektip dalem pembelajaran : sekolé onlen atow oplen?	menurut ané sekoléh yang paling efektif itu secara tatap muka atau offlén gitukan kalo onlén itu banyakan anak-anak kita tuh pada belajarnya tuh pada kaga bênêr begituh, gara-gara kadang cuma hapé nya doang dinyalain dianya tidur gitu pan kadang dia mérad maén ama temên-temênnya gitu makanyê efektifan kulian apasi namanya sekolah tatap muka atau bertemu amê gurunya kalo adê gurunya kan mereka walaupun cuma hadir doang entah itu ilmunya masuk apa engga gitukan insyaAllah ada keberkahannya tapi kalo onlinê mereka itu gabisa.	1			Betawi	train	10.90137547556336		False	0.24	False	5.2433089208322	0.48830811554332876	True
66c99d65171c314ca6147556b80a9058	21047	spontaneous-speech-bew-21047.mp3	21168	2523	Mané nyang lebih epektip dalem pembelajaran : sekolé onlen atow oplen?	bedênyê sekolah onlén ituh, sama daring kalo onlén itu melalui hp, jadi anak kadangkala banyak yang malês, bèda dengan daring, kalo daring itu tatap muka langsung, jadi anak lebih semangat,lebih efektif.	1			Betawi	train	8.172713529856388		False	0.17000000000000004	False	4.814461186707468	0.2200825309491059	True
88cf908ad8137aa6f5527b97584391dc	21251	spontaneous-speech-bew-21251.mp3	14724	2523	Mané nyang lebih epektip dalem pembelajaran : sekolé onlen atow oplen?	kalo lebih efektif mah meningan pelajaran offlinê dari pada onlinê, karna kan kalo offlinê kan langsung bertatap muka dengan gurunya, kalo onlinê kan cuma lewat hapé.	1			Betawi	train	9.576202118989404		False	0.16564417177914115	False	4.919816493481838	0.2902338376891334	True
a68890e3cf92239d60ef959166a79dda	21462	spontaneous-speech-bew-21462.mp3	21852	2523	Mané nyang lebih epektip dalem pembelajaran : sekolé onlen atow oplen?	mendingan sekolah offlén.. kalo sekolah onlén mah puyéng.. belajarnya ngga masuk.. kalo offlén mah ènak kan kita tatap mukê dijelasin lagi ènak.. sedikit-sedikit paham kita jadinyê.. kalo offlén mah ènak kalo onlén mah puyêng kitê ngga paham..	1			Betawi	train	9.472817133443163		False	0.31666666666666665	False	5.150553559413348	0.43191196698762035	True
5bff828e73452d736037e3d5c5c5f4e6	21655	spontaneous-speech-bew-21655.mp3	23508	2523	Mané nyang lebih epektip dalem pembelajaran : sekolé onlen atow oplen?	sekolêh mêh ènakkan oflén kenapé ènakkan oplén bertatap mukê amê guru dijelasin ini itu coba kalo onlinê mêh cuma lewat hapé lah bisa ajê tuh anak laha lého sambil tiduran coba kalo sekolêh oplén mêh ketemu amê guru lah kaga bisa lah kenapê kaga bisa  kan begitu ènakan oplén sekolêh mêh dimanê-manê.	1			Betawi	train	10.549600136123871		False	0.2727272727272727	False	5.48181669351065	0.6107290233837689	False
fc2417aed3f3e13504285a1cbcb6d7ef	21673	spontaneous-speech-bew-21673.mp3	21564	2523	Mané nyang lebih epektip dalem pembelajaran : sekolé onlen atow oplen?	Pembelajaran yang lebih efektip itu adalah pelajaran yang oplén. Kalo oplén kan itu lebih enak, tatap muka. Beda ama onlén. Kalo onlén kan adanya di hapé. Jadi kurang èpektip kalo menurut ayé.	1			Betawi	train	7.466147282507883		False	0.22751322751322756	False	4.681140370272824	0.15818431911966988	True
bc82a592c4e12646378f67f8abef870f	20455	spontaneous-speech-bew-20455.mp3	21744	2742	Begimané caré kité supayé menjagé alam tetep asri?	Pan kalo pagi mah kita ya rumah sapuin mah kudu, agar bisa menjaga ya alam ya tetep anu ya tetep wangi dah bahasanye kaga bau tane banget kaga bau sampah begitu ya sampah kalo ade ya ditabunin 	1			Betawi	train	7.17439293598234		False	0.1842105263157895	False	6.0900216890707055	0.8830811554332875	False
88cf908ad8137aa6f5527b97584391dc	21035	spontaneous-speech-bew-21035.mp3	21096	2742	Begimané caré kité supayé menjagé alam tetep asri?	Ya kita jage trus kayak kita ada pohonannye yang layu kita tancrasin kita buang, yang ijo kita biarin biar bagus trus rumput-rumput liar kita cabutin biar tanem-tanemannya berkembang, biar bagus, biar indah.	1			Betawi	train	8.342813803564656		False	0.25	False	5.596925760790206	0.6891334250343879	False
66c99d65171c314ca6147556b80a9058	21174	spontaneous-speech-bew-21174.mp3	28440	2742	Begimané caré kité supayé menjagé alam tetep asri?	Dengan kita menjaga kebersihan biar asri itu kita harus menjaga sering banget itu kerja bakti bersiin lingkungan, sampe-sampeh pade yang pade berserakan itu pade ampar-amparan itu harus kite bersiin dengan nyapu di pel dibakarin biar lebih sehat jadi engga ada nyamuk 	1			Betawi	train	7.981715893108298		False	0.19999999999999996	False	5.0959308263457315	0.4016506189821183	True
5bff828e73452d736037e3d5c5c5f4e6	21600	spontaneous-speech-bew-21600.mp3	29376	2742	Begimané caré kité supayé menjagé alam tetep asri?	Ya itu kudu disiram-siram, kudu kalo ada rumput-rumput liar tu dicabut-cabutin.  Kayaknya ntar kan jadi cakep tuh. Terus ama kalo ada penebangan-penebangan pohon tu jangan boleh tuh, gak boleh tu, gak boleh. Gimana mau cakep itu alam. Makanya kalo ada apa-apa nih jadi longok dulu nih kalo yan pohon layu tu tebang. Terus kalo mendingan ijo cakep kan resep diliatnya kalo ijo-ijo.	1			Betawi	train	10.82516339869281		False	0.2625994694960212	False	6.081795810427347	0.8817056396148556	False
bc82a592c4e12646378f67f8abef870f	20431	spontaneous-speech-bew-20431.mp3	25128	2781	Begimané sejaré berfungsi buat ngebentuk karakter?	Biase kité di kampung mah ya yang sejarah paling berpungsi gitu yé untuk karakter anak-anak tu ya palingan ya mengaji gé paling contohin yang bener, yang biar kaga kalo udah gedé mah kan kaga terlalu lupa gitu mengaji ama apa gitu ya. Apalagi ama masalah sopan santun mah kadang bocah gé kaga inget pisan begitu ama yang tuan gé pada ngelawan baé begitu.	1			Betawi	train	11.620503024514486		False	0.2136752136752137	False	5.155698499097383	0.437414030261348	True
9191fa254a8ad3507fe679e6204d470f	20450	spontaneous-speech-bew-20450.mp3	23400	2781	Begimané sejaré berfungsi buat ngebentuk karakter?	Karakter seseorang itu biasanye lahir dari sejarahnya kalu misalnya dia dididik dari orang tua yang keras ya tuh bocah jadi orang yang keras juga kalu, kalu didiknya ama enya babanya tuh pake kasi sayang lemah lembut ya insyaAllah anak tersebut jadi ntar gedenya jadi orang yang lemah lembut, baik hati, penyayang. 	1			Betawi	train	11.28205128205128		False	0.2532051282051282	False	5.849631895400927	0.8101788170563962	False
66c99d65171c314ca6147556b80a9058	21098	spontaneous-speech-bew-21098.mp3	19728	2781	Begimané sejaré berfungsi buat ngebentuk karakter?	Karena sangat berfungsi untuk karakter kita, dengan membantu karakter dengan moral itu sangat penting, jadi sangat berbentuk untuk dengan diri kita sendiri. 	1			Betawi	train	6.843065693430656		False	0.2597402597402597	False	5.279339843591779	0.5130674002751031	True
66c99d65171c314ca6147556b80a9058	21058	spontaneous-speech-bew-21058.mp3	11412	2723	Begimané caré Ente rencanain liburan ke luar koté?	Dèngan kita mènabung biar kita bisa liburan ke kota.	1			Betawi	train	3.8555906063792498		False	0.08163265306122447	False	5.100858246476909	0.405777166437414	True
a68890e3cf92239d60ef959166a79dda	21323	spontaneous-speech-bew-21323.mp3	21672	2723	Begimané caré Ente rencanain liburan ke luar koté?	ya kalo liburan ke luar kota mah udah rencanain dari jauh-jauh hari.. terus ongkosnya.. tèrus tempatnya gimana?.. ya liburan ke luar kotanya pas ènak lah..	1			Betawi	train	6.044665928386858		False	0.14473684210526316	False	4.900463523544185	0.28060522696011003	True
bc82a592c4e12646378f67f8abef870f	20472	spontaneous-speech-bew-20472.mp3	17856	2778	Menurut Ente, apé anak mudé ari inih suké amé cerité rakyat?	Ya buat anak muda karang ya, udah canggih banget. Boro-boro kita mau demen sama cerita rakyat, ya palingan dia demen sama yang mitos-mitos begitu deh, yang didengerin, yang halu-halu deh didengerin. Cerita rakyat mah udah pada kurang bocah karang mah beneran.	1			Betawi	train	12.264784946236558		False	0.21875	False	5.032569562243656	0.36176066024759285	True
9191fa254a8ad3507fe679e6204d470f	20480	spontaneous-speech-bew-20480.mp3	13140	2778	Menurut Ente, apé anak mudé ari inih suké amé cerité rakyat?	Anak mudé sekarang mah eee pada kagak tau cerita rakyat karna emang pada kagak percaya cerita-cerita rakyat sekarang mah, anak muda sekarang.	1			Betawi	train	9.1324200913242		False	0.32608695652173914	False	4.905422438314636	0.28473177441540576	True
66c99d65171c314ca6147556b80a9058	21000	spontaneous-speech-bew-21000.mp3	24444	2778	Menurut Ente, apé anak mudé ari inih suké amé cerité rakyat?	anak mude sekarang ini sukanye tuh mainnya gim beda ama anak mude jaman dulu kalo anak mude jaman dulu meh sukanya cerite cerite rakyat yang bersejarah tuh die seneng lah kalo jaman sekarang meh sukanya ape itu maen maen gim online macem-macem deh 	1			Betawi	train	8.386516118474882		False	0.28979591836734697	False	5.53975516349564	0.6519944979367263	False
5bff828e73452d736037e3d5c5c5f4e6	21576	spontaneous-speech-bew-21576.mp3	18900	2778	Menurut Ente, apé anak mudé ari inih suké amé cerité rakyat?	Tergantung anak mudanya. Ada anak muda yang suka banget ama cerita marak tentang kerakyatan sini. Kadang ada anak muda yang males kebangetan, dia maen hapé mulu. Jadi udah tuh males sama sejarah-sejarah apalagi cerite-cerite mah. Tergantung manusianya di sini mah.	1			Betawi	train	11.904761904761903		False	0.22605363984674332	False	5.142890729376432	0.4250343878954608	True
6f5d66a2f09f4f835c35e047386e542b	20616	spontaneous-speech-bew-20616.mp3	21636	2531	Apé nyang Ente lakuin biasényé selamé musim panas?	Biasanya yang dilakuin selama musim panas tuh, biasanya nyiram jalanan disiang-siang hari  jadi kaya jalanan tuh yang èngga terlalu panas bangêt jalanan depan rumah kaya halaman, tuhkan biasanya kena panas kan nah tuh disiram didaerah-daerah situ jadi supaya panasnya ga panas banget.  	1			Betawi	train	11.185061933814014		False	0.25795053003533563	False	5.268010818741698	0.5034387895460798	True
88cf908ad8137aa6f5527b97584391dc	20952	spontaneous-speech-bew-20952.mp3	30168	2531	Apé nyang Ente lakuin biasényé selamé musim panas?	lah kalo musim panas mah ayê jêmur padi trus ayê bikin gêndar tuh mumpung lagi panas makanyê ayê segale jemur-jèmur kasur kalo musim panas udêh apa aja ayê keluarin tuh yang bisa ayê anuin dêh tuh jemur-jemurin padi kan langsung kering trus ayê jemur kasur tuh biar èmpuk  ditidurin nêh biar ènak. 	1			Betawi	train	8.121188013789446		False	0.2677966101694915	False	6.497931883678296	0.9573590096286108	False
66c99d65171c314ca6147556b80a9058	21279	spontaneous-speech-bew-21279.mp3	32760	2531	Apé nyang Ente lakuin biasényé selamé musim panas?	Kalau musim panas tuh ya kebanyakan orang-orang itu ya pada nanêm buah-buahan kaya di sawah, terutama kaya buah-buah kacang panjang, terus timun suri, ya kaya ngêmbala kambing di sawah itu biasanya kalo musim panas tuh ya kebanyakan pada berkebun di sawah-sawah itu abis panén.    	1			Betawi	train	7.142857142857143		False	0.29496402877697847	False	5.2814312846021245	0.515818431911967	True
a68890e3cf92239d60ef959166a79dda	21420	spontaneous-speech-bew-21420.mp3	24660	2531	Apé nyang Ente lakuin biasényé selamé musim panas?	kitê biasanyê kalo musim panas itu yê di rumêh mau keluar-luar juga panas.. malês banget kitê keluar-keluar karena panas banget jadi kita di rumah ajê.. ya paling keluar kitê ya nongkrong amê temên-temên.. abis gimanê yang namanya panas.. udah kitê di rumah ajê dêh.. di dalêm ènak adêm pakè kipas angin..	1			Betawi	train	10.340632603406323		False	0.22847682119205293	False	5.14470614460303	0.42778541953232463	True
5bff828e73452d736037e3d5c5c5f4e6	21607	spontaneous-speech-bew-21607.mp3	20736	2531	Apé nyang Ente lakuin biasényé selamé musim panas?	lah ayé kalo musim panas buru-buru jemurin padi buru-buru jemurin kasur mumpung lagi panas apêge ayé jemurin kalo musim panas rêsêp benêr abisnyê biar cepêt kalo kasur dijemur kan ditidurin kan ènak êmpuk benêr. 	1			Betawi	train	8.584104938271604		False	0.30622009569377995	False	5.477940166889897	0.6079779917469051	False
9191fa254a8ad3507fe679e6204d470f	20566	spontaneous-speech-bew-20566.mp3	11772	2454	Biasenyé apé kegiatan pas malem ari di sekiter rumé Ente?	malém ari mah biasanya kita pada ngéronda yang laki-laki ini, ngéjagain kampung biar kaga digondol maling barang barang warga biar ga di gondol maling 	1			Betawi	train	10.788311247026844		False	0.18918918918918914	False	5.361689147386626	0.5598349381017882	True
66c99d65171c314ca6147556b80a9058	21104	spontaneous-speech-bew-21104.mp3	22248	2454	Biasenyé apé kegiatan pas malem ari di sekiter rumé Ente?	Kalau ayé pribadi itu kégiatan ayé tuh dimalam hari, sholat magrib sélésai sholat magrib ngaji, sétélah itu tadarusan, térus solat isyé ya kembali lagi.  Bélajar yaudah istirahat déh	1			Betawi	train	6.921970514203523		False	0.11173184357541899	False	6.4591159960232165	0.9491059147180193	False
88cf908ad8137aa6f5527b97584391dc	21124	spontaneous-speech-bew-21124.mp3	27468	2454	Biasenyé apé kegiatan pas malem ari di sekiter rumé Ente?	kégiatan malém-malém di rumah ayé sih ya biasanya sih ya gitu liat orang mondar-mandir itu kan ya.. paling kan ayé cuman liatin doang orang pada mondar mandir.. paling ya ayé ngobrol ama témén-témén ama tétanga-tétangga pada ngobrol.. ya ngobrolin apé ajé [umm] péntingnya mah yang pénting asik.. ya namanya kegiatan malém sih ya.. ya bégitu juga udah pada asik aja sih.. sambil menunggu waktunya malém tiba.. trus begitu baru dah tidur dah..	1			Betawi	train	13.506625891946992		False	0.2710706150341685	False	5.056040906891543	0.3782668500687758	True
a68890e3cf92239d60ef959166a79dda	21379	spontaneous-speech-bew-21379.mp3	22212	2454	Biasenyé apé kegiatan pas malem ari di sekiter rumé Ente?	Kité biasanyé kalo malém hari itu kumpul sama témén-témén kité, ngobrol-ngobrol sama témén-témén kité. Biasa, kita main game, namanya anak mude kan. Kegiatan kité ya gitu, ditambah kan pada libur juga begawénya.	1			Betawi	train	8.103727714748784		False	0.15865384615384615	False	4.677402058043274	0.15680880330123798	True
a68890e3cf92239d60ef959166a79dda	21379	spontaneous-speech-bew-21379.mp3	22212	2454	Biasenyé apé kegiatan pas malem ari di sekiter rumé Ente?	kité biasényé kalo malém hari ituh kumpul sama témén-témén kité ngobrol-ngobrol amé témén-témén kité biasé kité main gamé naményé anak mudé kan kégiatan kité ya kaya gitu ditambéh kan padé libur juga bégawényé 	1			Betawi	train	7.968665586169638		False	0.2125603864734299	False	4.943043789394227	0.30949105914718017	True
bc82a592c4e12646378f67f8abef870f	20396	spontaneous-speech-bew-20396.mp3	17748	2731	Pas di tempat wisaté, Ente lebih sering beli apaan? 	Kadang kalo liburan palingan beli cilok buat ganjel perut, udeh itu doang ame jagung bakar dah ama wife skuteng bae kalo di Puncak mah uman kadang kita kadang gaya banget jalan-jalan ke Puncak doang ke pantai mah kurang, kurang resep abisnya panas gaada apa-apa. 	1			Betawi	train	12.339418526031102		False	0.1461538461538462	False	5.81462604889848	0.7936726272352133	False
9191fa254a8ad3507fe679e6204d470f	20500	spontaneous-speech-bew-20500.mp3	10044	2731	Pas di tempat wisaté, Ente lebih sering beli apaan? 	Kalo di wisata meh di tempat wisata biasa kita meh beli makanan ajé udeh yang bisa dimakan biar kenyang dari pada barang-barang, kaga kenyang di perut 	1			Betawi	train	12.445240939864595		True	0.17567567567567566	False			False
52fd19bf7e8202318b8ee5b4d2cd0925	20851	spontaneous-speech-bew-20851.mp3	63576	2731	Pas di tempat wisaté, Ente lebih sering beli apaan? 	yeh iléh kalo soal beli oleh-oleh mah kalo kite jalan-jalan ya kalo wisata plesiran ya plesiran, itu yang paling kite beli tuh apelagi kite kalo jalan jalannye kesono noh ke Bandung ke Bogor, kita beli tape jadi, tape peyem-peyem bandung ye itu buat kabel-kabelan kite ya, kalo kita jalan-jalan sekitar sini ya paling kite beli kuliner-kuliner ya [ehe] jadi kaya-kaya gitu ya paling kite suka saye kalo pribadi jadi kalo beli-beli jajanan ya makan-makanan kuliner betawi kaya kerak ape kerak telor kaya gitu yé jadi ga beli-beli yang macem-macem yé kalo betawi mah paling tau yang manfaat mane yang ga manfaat yang dibeli kadang-kadang bawa oleh-oleh yah ini buat anak bini gué di ruméh ya bawa oleh-oleh bawa tentengan itu kaya gitu belinye pasti makanan yé 	1			Betawi	train	9.956587391468478		True	0.39550264550264547	False			False
88cf908ad8137aa6f5527b97584391dc	20931	spontaneous-speech-bew-20931.mp3	26172	2731	Pas di tempat wisaté, Ente lebih sering beli apaan? 	Ayé meh kalo jalan jalan yang ayé beli tuh teh manis ama mie gelas kalo engga pop mie udeh ayé meh kalo jalan- jalan belinye itu doang engga yang beli laen ayé meh emang yang ayé doyan cuma itu doang kalo ayé beli yang laen lah ayé beli ayé ga makan udeh itumah ayé kalo jalan-jalan seringnyé beli emih amé teh manis. 	1			Betawi	train	9.781445819960265		False	0.38730158730158726	False	5.219246247143959	0.469050894085282	True
66c99d65171c314ca6147556b80a9058	21132	spontaneous-speech-bew-21132.mp3	11844	2731	Pas di tempat wisaté, Ente lebih sering beli apaan? 	Kalo di tempat wisata itu aye paling seneng banget kalo pulang tu beli oleh-olehnya buah-buahan. 	1			Betawi	train	6.923336710570753		False	0.03191489361702127	False	4.3209835570048165	0.05364511691884457	True
a68890e3cf92239d60ef959166a79dda	21328	spontaneous-speech-bew-21328.mp3	38232	2731	Pas di tempat wisaté, Ente lebih sering beli apaan? 	Ya kalo tempat wisata si biasanya tuh beli-beli khas-khas di daerah situ ya kaya biasanyakan ada tuh tempat-tempat wisata tuh kaya gandulan kunci terus ya semacem kaya anyam-anyaman dari bambu yah sopenir-sopenir gitulah pokonya ya intinya ya itulah  barang-barang buat buat itulah 	1			Betawi	train	6.251307804980121		False	0.2437275985663082	False	5.491925083317595	0.6203576341127923	False
bc82a592c4e12646378f67f8abef870f	20484	spontaneous-speech-bew-20484.mp3	14292	2798	Menurut Ente, sapa nyang tanggung jawab buat ngelestariin bahasé daerah Ente: pemerintah atau déwék-déwék?	ya menurut saye meh dewek-dewek bae bahasa meh yang penting kita pada nyambung aja ya buat ngejaga bahasa mah sape ge emang ngomong ge begini begimane bae ge ngomong ge boleh ga mesti harus ee siapa bae dah gitu.	1			Betawi	train	12.174643157010916		False	0.16267942583732053	False	5.612166028877042	0.6946354883081155	False
9191fa254a8ad3507fe679e6204d470f	20509	spontaneous-speech-bew-20509.mp3	29160	2798	Menurut Ente, sapa nyang tanggung jawab buat ngelestariin bahasé daerah Ente: pemerintah atau déwék-déwék?	lah kalo ngelestariin bahasa daerah kita mah bang itu kewajiban dari kita nya sendiri gitukan biar lestari kita jangan pake bahasa laen diluar daerah kita dan pemerentah juga ngedukung seharusnya  nah itu 22nya harus ada kaloborasi harus ada apa namnya harus sepakat 22nya antara pemerentah ama orang kampunya biar bahaa daerahnya kaga punya 	1			Betawi	train	9.876543209876544		False	0.25073746312684364	False	5.127358360154919	0.4195323246217332	True
88cf908ad8137aa6f5527b97584391dc	20917	spontaneous-speech-bew-20917.mp3	29196	2798	Menurut Ente, sapa nyang tanggung jawab buat ngelestariin bahasé daerah Ente: pemerintah atau déwék-déwék?	lah,kita lah yang melestarikan bahasa kita.Kita mah gak pernah tuh kaya orang-orang aku kamu engga kita mah ngomong nya iyee. emang bahasa kita mah dari dulu begini dari nenek moyang bahase nye. lah kita kalo di ajak ke kota malu  ngomong nye iyee tandees habisnya kita mah gimane  yaa. emang udah begitu sehari-hari kita mah logat kite makanya iye	1			Betawi	train	9.864364981504314		False	0.25217391304347825	False	4.838108967754848	0.2310866574965612	True
bc82a592c4e12646378f67f8abef870f	20535	spontaneous-speech-bew-20535.mp3	19008	2503	Seberapé banyak orang di masyarakat sekiter nyang masih nyari informasi dari koran/majaléh?	Ikut jaman karang yah mah udah kagak ada koran kali yak. Koran kan biasanya ada di warung udah dijual-jualin. Apaan kita dengérinnya lewat Tik Tok, apa Youtube, apa bégitu yak, tipi buat déngérin berita. Udah kagak ada majalah apa koran lagi. Apa dari mulut-mulut tentangga dah yak, gosip.	1			Betawi	train	12.731481481481485		False	0.1678321678321678	False	6.117953178206692	0.8913342503438789	False
88cf908ad8137aa6f5527b97584391dc	21260	spontaneous-speech-bew-21260.mp3	12276	2503	Seberapé banyak orang di masyarakat sekiter nyang masih nyari informasi dari koran/majaléh?	Kalo sekarang sih di kampung ané yé kalo cari inpo-inpo sekarang kayaknyé békurang lewat koran ato majalah. Karna kenapa? Karna sekarang udah ada hapé. Jadi lewat hapé ajé.	1			Betawi	train	11.811665037471489		False	0.17159763313609466	False	4.643155863737176	0.14030261348005502	True
a68890e3cf92239d60ef959166a79dda	21502	spontaneous-speech-bew-21502.mp3	13536	2503	Seberapé banyak orang di masyarakat sekiter nyang masih nyari informasi dari koran/majaléh?	[yéh] sekarang méh udéh jarang, udéh ga adé yang nyari-nyari informasi dari koran atau majalah, sekarang udéh kébanyakan dari internet semué	1			Betawi	train	8.865248226950355		False	0.17518248175182483	False	5.382568512906015	0.5735900962861072	True
0713c98ef01495f851d7963b1cf9032a	20345	spontaneous-speech-bew-20345.mp3	3780	2779	Ceritain sejaré tentang koté tempat tinggal Ente!	Ceritain sejarah tentang kota tempat tinggal enté	1			Betawi	train	11.375661375661377		True	0.0	False			False
9191fa254a8ad3507fe679e6204d470f	20410	spontaneous-speech-bew-20410.mp3	11124	2779	Ceritain sejaré tentang koté tempat tinggal Ente!	Di kampung kita mah banyak bang sejarahnya, apa lagi Kampung Gabus, kampung gabus itu terkenal [ee] kampung jawara, karena di sini banyak jawara. 	1			Betawi	train	11.057173678532902		False	0.19580419580419584	False	4.553174605294507	0.10729023383768914	True
a523a69994e1c3b9d453ffa3796ec254	20453	spontaneous-speech-bew-20453.mp3	33336	2796	Seberapé penting bahasé daerah bagi budaya Ente?	Bahasa daerah sebenernye mah saya inget banget nih dulu kalo kata guru bahasa Indonesia saya. Orang Bétawi gak punya bahasa daerah punyanya bahasa serapan dari bahasa Melayu. Ya terima kasih dikasi tau tapi saya mah yakin setiap bahasa yang diserap itu punya gayanya sendiri-sendiri kaya kita begini ni, emang ada di Bekasi kaga punyanya ora kita mah Jakarta  punyanya kaga laen emang. 	1			Betawi	train	9.68922486201104		False	0.2532637075718016	False	5.498665020259541	0.6286107290233838	False
66c99d65171c314ca6147556b80a9058	21020	spontaneous-speech-bew-21020.mp3	11988	2796	Seberapé penting bahasé daerah bagi budaya Ente?	Bahasa daerah itu sangat penting karena itu bahasa harian yang saya pake bahasa daerah.	1			Betawi	train	6.172839506172839		False	0.19047619047619047	False	3.673313832794937	0.001375515818431912	True
88cf908ad8137aa6f5527b97584391dc	21054	spontaneous-speech-bew-21054.mp3	15876	2796	Seberapé penting bahasé daerah bagi budaya Ente?	Pentingnya budaya saya, atau bahasa saya pentingnya itu ya dengan saya ngobrol atau bicara dengan sesama teman atau sesama tetangga lebih enak, lebih tau, dan lebih di mengerti.	1			Betawi	train	9.44822373393802		False	0.24712643678160917	False	4.9470741211387095	0.3108665749656121	True
a68890e3cf92239d60ef959166a79dda	21565	spontaneous-speech-bew-21565.mp3	20016	2796	Seberapé penting bahasé daerah bagi budaya Ente?	Iya sangat penting sih basaha itu. Karena kan bahasa itu kan penting banget, apalagi khususnya daerah kite. Kite harus melestarikan bahasa kite. Kite harus bener-bener menjaga bahasa kite, jangan sampé ilang.	1			Betawi	train	8.892885691446843		False	0.2195121951219512	False	3.9335262864005154	0.008253094910591471	True
a523a69994e1c3b9d453ffa3796ec254	20438	spontaneous-speech-bew-20438.mp3	25956	2752	Menurut Ente, apé permasalaan lingkungan di sekitar rumah Ente?	Masalah yang ada diiteran rumah mah kagak laen kagak bukan comberan pada mampet. Tau itu begimana ceritanya orang bikin jalanan aér kalo bangun rumah, numpuk semua aér di depan. Padahal mah comberannya ada, kering, ngembengnya di depan semua.	1			Betawi	train	7.897981198952073		False	0.15062761506276146	False	6.460559681720218	0.9504814305364512	False
66c99d65171c314ca6147556b80a9058	21127	spontaneous-speech-bew-21127.mp3	27072	2752	Menurut Ente, apé permasalaan lingkungan di sekitar rumah Ente?	Kalo sekarang itu permasalahannya di lingkungan ayé tuh anak mude jarang yang ngaji kalo duluh anak mudé itu kalo malem pada ngaji. Kalo sekarang engga dié lebih baik maén padé maén gem kebanayakan padé gitu kalo dulu meh padé ngaji kalo udeh malem kalo abis magrib udéh padé ngaji 	1			Betawi	train	8.606678486997636		False	0.29032258064516125	False	4.784035313301956	0.2063273727647868	True
52fd19bf7e8202318b8ee5b4d2cd0925	20831	spontaneous-speech-bew-20831.mp3	126180	2780	Ceritain sejaré tentang desé/kampung Ente!	Kalo soal kampung ané namanya kan Kampung Wates ya ini kecamatan Babelan desanya Kedung Jaya si. Kalo kampung kita tuh dulunya banyak jawara-jawara yang luar biasa ye yang ilmunya mantep, tapi di kite kyai-kyai juga banyak disini jadi ngimbang ye. Jadi kampung kita ini dulu masih jadi satu dengan Desa Kedung Pengawas setelah ada perubahan sistem makanya [eee] ini ya di Mekar supaya Kedung Pengawas kite ini jadi kedungjaya. Nah ini Kampung Kedungjaya. Nah Kampung Wates ini dulunyé kalo kata orang bilang mah tukang garong yang ada banyak, guru ngajinya banyak, ustadz nya banyak, tukang berantem nye banyak gitu. Jadi Alhamdulilléh setelah ada satu [ee] tokoh ya jawara di kampung ini. Alhamdulillah yang keras-keras dibersihin atu-atu ya tuh namanya dulunya disebutnye mangkasan, mangkasan jago dia dulu jawara yang terkenal ya yang historis ya, orangnya baik akhirnya dibersihin lah ni kampung jadi kampung santri jadi Alhamdulillah sampe sekarang ni kampung aman sentosa ye tidak ada apa-apa, keamanannya bagus ya. Udeh engga ada lagi pada ribut, jadi sejarah kampung ini sebenernya banyak, cerita-cerita tentang kampung ini banyak. Cuma itu lah cerita sepenggal yang bisa ane ceritain sedikit aje kalo ga kebanyakan entar ribet gitu ye.	1			Betawi	train	8.33729592645427		True	0.3722804190169219	False			False
bc82a592c4e12646378f67f8abef870f	20360	spontaneous-speech-bew-20360.mp3	8280	2777	Ceritain satu cerité rakyat/mitos dari daerah laen!	[ee] Biasanya tuh orang-orang banyak cerita dari mulut ke mulut [ee] masyarakat. 	1			Betawi	train	8.333333333333334		True	0.11538461538461542	False			False
9191fa254a8ad3507fe679e6204d470f	20428	spontaneous-speech-bew-20428.mp3	35856	2777	Ceritain satu cerité rakyat/mitos dari daerah laen!	Cerita rakyat yang ada di kampung kita mah bang [ee] kita di kampung punya satu ulama besar. Kyai Haji Nur Ali tuh terkenal dengan kealimannya. Dia juga kyai yang orang bilang sakti lah di sini dikatakan, jadi salah satu pahlawan waktu itu. Memperjuangkan kemerdekaan negara kita negara Indonesia.[umm] Kyai Nur Ali terkenal seorang Kyai yang alim dalam urusan agama dan sakti juga. Banyak lah cerita-cerita tentang beliau.	1			Betawi	train	9.95649263721553		False	0.20238095238095233	False	5.78810293573758	0.7799174690508941	False
6f5d66a2f09f4f835c35e047386e542b	20619	spontaneous-speech-bew-20619.mp3	18648	2777	Ceritain satu cerité rakyat/mitos dari daerah laen!	Gué tahu cerita daerah dari padang itu cerita Malin Kundang. Malin Kundang tuh yang durhaka terhadap ibunya, terus akhirnya dikutuk sama ibunya jadi batu,  dan sampai sekarang itu batunya masih ada lagi sujud. Boleh diliat atau dicari digoogle disitu ada ceritanya.	1			Betawi	train	12.012012012012011		False	0.16793893129770987	False	6.278025558516044	0.922971114167813	False
88cf908ad8137aa6f5527b97584391dc	21136	spontaneous-speech-bew-21136.mp3	27648	2777	Ceritain satu cerité rakyat/mitos dari daerah laen!	Ade seorang tuh yang muja atau beguru, beguru babi ngepét dengan jalan dia berguru itu kan dia menghasilkan uang secara cepat tuh. Ngeri banget dengernya masalah mitos-mitos begitu mah. Apalagi orang berguru begitu mah paling takut di kampung tuh.	1			Betawi	train	7.55931712962963		False	0.18442622950819676	False	5.804800964047402	0.7867950481430537	False
724d9ac0c1c5abaf145819862e87b6ba	21654	spontaneous-speech-bew-21654.mp3	23760	2777	Ceritain satu cerité rakyat/mitos dari daerah laen!	Cerita mitos itu kaya orang berburu kuyang. Pernah tu ayé denger tuh berburu kuyang yang katanya makan anak kecil, yang tumbalnya makan anak kecil. Ayé agak takut tuh denger begituan. Ayé dengernya aja takut apalagi ade gituan di kampung ayé sendiri.	1			Betawi	train	8.838383838383837		False	0.24696356275303644	False	5.077121236513483	0.3892709766162311	True
5bff828e73452d736037e3d5c5c5f4e6	21659	spontaneous-speech-bew-21659.mp3	27144	2777	Ceritain satu cerité rakyat/mitos dari daerah laen!	"Kemarin di kampung tetangga sebelah, lah ada tuh kejadian yang aneh. [ee] Anaknya kesurupan ngga jelas banget, abisannya yak gimana yak abisnya mulung-mulung mulu katanya ""ada hantu ada hantu"" tau tu orang jadi begitu bét tu kampung, masa tetangge ayé ampe takut serem bener."	1			Betawi	train	8.547008547008547		False	0.13970588235294112	False	6.2637997927605555	0.9188445667125172	False
9191fa254a8ad3507fe679e6204d470f	20458	spontaneous-speech-bew-20458.mp3	23832	2764	Seberapé besar peran jamu buat nyembuhin penyakit?	Jamu. Minum jamu. Bisa nyembuhin penyakit. Macem-macem jamu kan ada tolak linu, ada tolak angin. Ya itu minum jamu bisalah nyembuhin penyakit-penyakit keseharian kita yang pusing, yang masuk angin, yang linu-linu gara-gara pada kecapean nyawah apa apa gitu.	1			Betawi	train	9.231285666330985		False	0.2362204724409449	False	6.364566031900502	0.9325997248968363	False
6f5d66a2f09f4f835c35e047386e542b	20699	spontaneous-speech-bew-20699.mp3	21204	2764	Seberapé besar peran jamu buat nyembuhin penyakit?	Kalau untuk jamu buat nyembuhin penyakit tuh tergantung ya kaya, ga semuanya tuh instan ga ke bener-bener  langsung sembuh. Itu kan harus ada prosesnya juga tapi kalo untuk di daerah gué, keknya jarang deh orang minum jamu paling ya cuma buat ngenakin badan ajé si engga yang kaya rutin banget minum gitu. 	1			Betawi	train	11.93171099792492		False	0.12211221122112215	False	5.288300953677504	0.5199449793672627	True
88cf908ad8137aa6f5527b97584391dc	21119	spontaneous-speech-bew-21119.mp3	31140	2764	Seberapé besar peran jamu buat nyembuhin penyakit?	Peran jamu tu buat nyembuhin penyakit ya kemungkinan lima puluh persen lah. Karna kenapa? Kita minum jamu itu dari dalam, ya biasanya sih otot kita ya enak, punggung lemes, itu yang pegel-pegel jadi juga enak. Terus jadinya karena kalo kita minum jamu itu badan kita jadinya enak lah semuanya. Namanya orang kampung yak obatnya ya begitu. Ya jamu, begitu doang adanya.	1			Betawi	train	9.890815671162493		False	0.2082191780821918	False	5.4839597928975214	0.6148555708390646	False
5bff828e73452d736037e3d5c5c5f4e6	21518	spontaneous-speech-bew-21518.mp3	14508	2764	Seberapé besar peran jamu buat nyembuhin penyakit?	Lah penting banget itu mah. Kalo orang beranak nih minumnya jamu trus kalo orang abis inian tuh yang doyan-doyan abis pada pegel-pegel minumnya jamu dah, jamu manjur banget.	1			Betawi	train	10.06341328921974		False	0.21176470588235297	False	5.283427510588145	0.517193947730399	True
a68890e3cf92239d60ef959166a79dda	21538	spontaneous-speech-bew-21538.mp3	38196	2764	Seberapé besar peran jamu buat nyembuhin penyakit?	Sangat bagus ya apalagi yang namanya kunyit, kunyit, kencur, tumulawak. Itu adalah obat sebagai bisa dikatakan sebagai jamu tradisional di kampung aye dulu. Kalo orang sariawan, kalo orang gamau makan, diminumin atau dulu mah nyebutnye dicekokin dengan memakai kunyit kencur tumulawak, biar makannya nafsu atau makannya doyan lah.  	1			Betawi	train	7.409152790868154		False	0.1793313069908815	False	5.89637177517072	0.8266850068775791	False
a523a69994e1c3b9d453ffa3796ec254	20365	spontaneous-speech-bew-20365.mp3	45504	2538	Seberapé sering Ente dan keluargé olahragé dalem seminggu?	ya kita mah tiap hari olahraga masak nyuci ngomèl juga olahraga kalo kaga ngomèl kayanya kaga komplit hari ya begitudèh namnya juga dirumah yang diurusin banyak apalagi kita perempuan kawin ngurusin anak ngurusin laki kerja juga jadi kalo olahraga yè setiap hari juga olahraga lah kaga ada urusannya olahraga cuman lèlarian doang cuman seminngu sekali lah setiap hari ngèpèl gitu bèbènah pokoknyè olahraga dah kita setiap hari berangkat kerja gè olahraga 	1			Betawi	train	8.438818565400844		False	0.3163716814159292	False	4.992572575502439	0.34112792297111416	True
bc82a592c4e12646378f67f8abef870f	20388	spontaneous-speech-bew-20388.mp3	20772	2538	Seberapé sering Ente dan keluargé olahragé dalem seminggu?	olahraga mèh keluar apè kaga ya umèn kadang kita olahraga dirumèh pan yè kongko gè pan olahraga, olahraga mulut apanan ya bègawè gè pan sama baè olahraga itugè gèmèrcos lari-larian nyapu gè sama baè ngomèl gè itu olahraga sama baè pan buat orang kampug mah ya 	1			Betawi	train	10.302330059695745		False	0.27237354085603116	False	5.5857768797381855	0.6808803301237965	False
9191fa254a8ad3507fe679e6204d470f	20537	spontaneous-speech-bew-20537.mp3	22212	2538	Seberapé sering Ente dan keluargé olahragé dalem seminggu?	kalo olahraga mah keluargè anè dalam seminggu jarang, jarang banget olahraga kita mah ora idèp ama olahraga olahraga ke bègituan apèlagi yang itu tuh cfd cfd itumah udah jarang kita mah èmang olahraga tiap ari pada kesawah itu ajè tiap ari udèh kita pada olahraganyè pada nyangkul pada nandur 	1			Betawi	train	10.985053124437242		False	0.29655172413793107	False	5.037495160915021	0.3631361760660248	True
88cf908ad8137aa6f5527b97584391dc	20938	spontaneous-speech-bew-20938.mp3	20628	2538	Seberapé sering Ente dan keluargé olahragé dalem seminggu?	lahh ayè mah olahraga.. lahh tiap hari ayè nyapu ayè nèntèngin aèr ayè lari.. nah itu olahraga bukan?.. lah itu ayè tiap hari ayè olahraga èmang ngga pakè seminggu sekali tiap hari lari.. yèèè.. ntar ayè jalan kaki olahraga ayè mah..	1			Betawi	train	9.356214853597052		False	0.31739130434782614	False	5.765381858123468	0.7702888583218707	False
66c99d65171c314ca6147556b80a9058	21233	spontaneous-speech-bew-21233.mp3	8928	2538	Seberapé sering Ente dan keluargé olahragé dalem seminggu?	iya ayè berolahraga bersama keluarga dalam sekali dalam satu minggu..	1			Betawi	train	6.720430107526881		True	0.09090909090909094	False			False
724d9ac0c1c5abaf145819862e87b6ba	21629	spontaneous-speech-bew-21629.mp3	26856	2538	Seberapé sering Ente dan keluargé olahragé dalem seminggu?	kalo ayè sih ya berolahraga ama keluarga ya ngga sering-sering amat sih.. karena olahraga kadang-kadang ayè awam ngerjainnya.. kebanyakan kegiatan yang laèn-laèn.. ya paling ya yang kalo ayè biasè sering apa barèng keluarga paling ya itu bersepeda, terus lari-lari kecil, cuman begitu doang..	1			Betawi	train	9.30890676198987		False	0.2076124567474048	False	4.265780451105568	0.04676753782668501	True
724d9ac0c1c5abaf145819862e87b6ba	21629	spontaneous-speech-bew-21629.mp3	26856	2538	Seberapé sering Ente dan keluargé olahragé dalem seminggu?	Kalo ayé sih ya berolahraga ama keluarga. Ya nggak sering-sering amat sih karna olahraga kadang-kadang ayé awang ngerjainnyé. Kebanyakan kegiatan yang laèn-laèn. Ya paling ya kalo yang ayé biasè sering ngelakuin ama keluarga ya paling ya itu, bersepeda, paling ya lari-lari kecil. Cuman begitu doang.	1			Betawi	train	9.532320524277628		False	0.24242424242424243	False	4.235887883560177	0.037138927097661624	True
5bff828e73452d736037e3d5c5c5f4e6	21633	spontaneous-speech-bew-21633.mp3	17964	2538	Seberapé sering Ente dan keluargé olahragé dalem seminggu?	lah kalo ayèmèh hampir tiap ari lah abissannyè tuh kalu siap-siap lah olahraga badan begerak nyuci bègerak trus kalo ayè mèh kadang lari lah ayè jalan kaya lari gimanè pada kaga dibilang olahraga  	1			Betawi	train	9.073702961478514		False	0.2010309278350515	False	6.069222578894448	0.8803301237964236	False
bc82a592c4e12646378f67f8abef870f	20482	spontaneous-speech-bew-20482.mp3	17748	2469	Kapan waktu nyang pas buat orang mulai kerjé?	bakal abis subuh kita pada bangun yak.. udah pada rapi tu pada udah sarapan.. udah pada berangkat dah tuh yé yang pada kolah, yang pada kerja, yang pada ngajar, yang pada ké pasar.. ya pagi-pagi mah udah waktu paling pas buat kita mah.. kalo udah soré mah udah ngantuk capék penat..	1			Betawi	train	13.0718954248366		False	0.27956989247311825	False	5.1653286730874655	0.4401650618982118	True
6f5d66a2f09f4f835c35e047386e542b	20719	spontaneous-speech-bew-20719.mp3	17784	2469	Kapan waktu nyang pas buat orang mulai kerjé?	orang waktu pas mulai kerja tuh senin.. dari senin sampé jumat itu biasanya dari pagi sekitar jam delapan sampé jam empat sore sih.. sebenernya sih udah paling pas banget ya istirahat dari jam dua belas.. karena kita ngga mungkin memforsir otak kita buat bekerja..	1			Betawi	train	12.426900584795323		False	0.11877394636015326	False	5.629091552444373	0.7028885832187071	False
52fd19bf7e8202318b8ee5b4d2cd0925	20801	spontaneous-speech-bew-20801.mp3	53208	2469	Kapan waktu nyang pas buat orang mulai kerjé?	kalo kité orang bétawi kalo pas kerjé itu biasanya mah ngga mau pagi-pagi yé [hehe]. orang bétawi sekarang, orang bétawi sekarang itu kalo kata orang sekarang kalo belon mataari ngérojok pantat itu bélom pada mau jalan kerjé hehe, tapi kalo dulu bédé orang bétawi tuh kalo abis barang subuh ya udah di sawah nyangkul dia udah lagi pada mancul [hehe] disawéh dia naném padi, naném bayém. ya gitu. Jadi yang pasti memang biasanyé pagi yé sore pulang. Biasanya pagi johor pulang ya pulang makan ngopi balik lagi kerja lagi yé. Orang bétawi mah kerjaannya banyak. Ngangon, ngangon kambing ngangon kerbo ya, [hehe] ngangon bébék,itu kerjé buat orang bétawi yé.	1			Betawi	train	10.280408961058487		True	0.33742331288343563	False			False
88cf908ad8137aa6f5527b97584391dc	20904	spontaneous-speech-bew-20904.mp3	16380	2469	Kapan waktu nyang pas buat orang mulai kerjé?	Ni lulus sekolêh di sini mêh lulus sekolêh yê di arêp-arêpin yê harus kerjê. Makanyê di sini ni sekolêh SMA langsung buru-buru abis lulus udéh langsung kerjê, nyari kerjaan biar buat bantuin orang tuê, yê namenyê kampung susêh di di sini mêh.	1			Betawi	train	12.271062271062272		False	0.2552301255230126	False	5.287745320373619	0.5185694635488308	True
a68890e3cf92239d60ef959166a79dda	21305	spontaneous-speech-bew-21305.mp3	32616	2469	Kapan waktu nyang pas buat orang mulai kerjé?	Kalo orang sini mah biasanya kalo mulai kérja tu ya mulai dari pagi jam enam léwatlah. Ya dibilang ya aktipitas orang sini kebanyakan ya pagi hari lah, mulai kerja. Terus istirahatnya ya Juhur lah. Ntar abis Juhur baru mulai lagi terus sampai jam lima sore lah baru istirahat gitu.	1			Betawi	train	7.143733137110621		False	0.21942446043165464	False	6.485925286195395	0.9559834938101788	False
66c99d65171c314ca6147556b80a9058	20899	spontaneous-speech-bew-20899.mp3	36828	2756	Apé Ente perné ngikut kegiatan lestari alam? Ceritain pengalaman Ente!	Waktu itu ayé bersama warga, sama tetangga setempat, ikut melestarikan alam dengan bergotong-royong, membersihkan jalanan, nyapu, ngerukin sampeh, biar jalanan itu lebih bersih dan juga buangin sampeh, yang ade di kali yang ade di pinggiran itu, ditaik-taikin biar terlihat lebih nyaman, lebih indah, di situ aye ame temen-temen, ame warga setempat.	1			Betawi	train	8.118822634951666		False	0.21387283236994215	False	5.673525312671308	0.7331499312242091	False
88cf908ad8137aa6f5527b97584391dc	20964	spontaneous-speech-bew-20964.mp3	39240	2756	Apé Ente perné ngikut kegiatan lestari alam? Ceritain pengalaman Ente!	Waktu ayé ngikut ya ke sono noh ke Pantai Muara Bendera nanem pohon, orang katanya pelestarian ya, tu nanem tuh po'unan tu. Lah ayé neblok tuh ama lumpur ya ampe sedengkul, itu buanyak banget orang dah tuh perjalanannya jauh banget, cuman aye resep banyak orang ya. Jaadi kita punya ilmu pengetahuan tuh cocok tanem, terus nanem pohon mangruv, terus pohon pidade, terus pohon kude-kude, pohon-pohon apalagi tanemin biar jangan banjir.	1			Betawi	train	9.301732925586135		False	0.18793503480278417	False	5.830755189555535	0.8019257221458047	False
a68890e3cf92239d60ef959166a79dda	21390	spontaneous-speech-bew-21390.mp3	30744	2756	Apé Ente perné ngikut kegiatan lestari alam? Ceritain pengalaman Ente!	Kite perneh yang namenye ngikut tentang lestari alam, kite di ajarin yang namenye, harus menjaga alam, kita tidak boleh yang namenye ngambil apapun kecuali gambar. Jangan meninggal kan apapun kecuali juga, dan jangan buang sampah sembarangan. 	1			Betawi	train	6.7330210772833725		False	0.23333333333333328	False	4.876429110833114	0.2627235213204952	True
a68890e3cf92239d60ef959166a79dda	21390	spontaneous-speech-bew-21390.mp3	30744	2756	Apé Ente perné ngikut kegiatan lestari alam? Ceritain pengalaman Ente!	Kite perneh yang namenye ngikut tentang lestari alam, kite diajarin yang namenye harus menjaga alam. kita tidak boleh yang namanye mengambil apapun kecuali gambar, jangan meninggalkan apapun kecuali jejak dan jangan buang sampah sembarangan ya.  	1			Betawi	train	6.830601092896175		False	0.21399176954732513	False	5.088614138706274	0.39614855570839064	True
9191fa254a8ad3507fe679e6204d470f	20402	spontaneous-speech-bew-20402.mp3	17388	2544	Seberapé penting bagi Ente buat ngejaga kesehatan mental?	Penting banget ngejaga kesehatan mental. karena kalau mental kita sehat lah kita bisa ngapain aja kalau mental kita kaga sehat mah susah, èntar yang ada ngurung baè, ngurung diri baè dirumah... gitu kan, meratap, merana	1			Betawi	train	10.639521509086723		False	0.21759259259259256	False	5.340500592558688	0.5529573590096286	True
52fd19bf7e8202318b8ee5b4d2cd0925	20841	spontaneous-speech-bew-20841.mp3	67320	2489	Menurut Ente, bigimané carenyé ngelestariin kesenian tuh daerah?	"yé kalo soal ngelestariin budayé mah kesenian kitê kebetulan ané ini penggiat budayé.. ané punya padepokan.. ya yang isinya ada silat, ada palang pintu, ada sanggar tari bêtawi, ada ibing pencuk.. jadi itu kesenian semua daerah kité.. ya saya ajarkan sama anak-anak biar apé? ngga putus seni budayé.. kalo ngga kité siapa lagi yang mau ngelestariin yang mau ngajarin ama anak-anak kité.. biar anak-anak kité cinta ama budaya sendiri mangkanya dari kecil anak-anak kita sudah kita ajarkan ""ini loh budaya kita..ini loh kesenian kita"".. makanya alhamdulillah di lingkungan ané di sini anak-anak juga udah pinter pada jogét jaipong.. ya ibing.. pada pinter silat.. pada pinter nari, yaa blanték, tari-tari tradisional bêtawi.. ya kayak gitu.."	1			Betawi	train	9.298871063576945		True	0.3288043478260869	False			False
66c99d65171c314ca6147556b80a9058	21045	spontaneous-speech-bew-21045.mp3	22140	2489	Menurut Ente, bigimané carenyé ngelestariin kesenian tuh daerah?	dengan kita ngadain tujuh belasan agustus.. biar kesenian budaya gitu ngga ilang.. ada tari-tarian, ada lomba makan krupuk, ada lomba balap kêléci, ada juga lomba balap karung.. pokoknya seru dah..	1			Betawi	train	7.588075880758807		False	0.15463917525773196	False	6.9520413036849265	0.9931224209078404	False
9191fa254a8ad3507fe679e6204d470f	20378	spontaneous-speech-bew-20378.mp3	31644	2492	Apé adé orang atow kumpulan nyang pokus buat ngelestariin kesenian itu? Dan, siapé dié atow mereké?	kalo dikampung anê mêh banyak orang yang [êêê] pokus atau ngêlestariin kesenian dalam kampung kitê, [êêê] biasanya tuh kesenian yang dilestarikan ya biasanyê silat si silat orang betawi tuh gitukan mereka itu ya bahasanya tuh udah jawara lah dikampung kita, kita mah banyak bungkak amê rumah-rumah [êêê] pelatian silat kesenian bela diri. 	1			Betawi	train	9.06964985463279		False	0.27380952380952384	False	4.541417566420932	0.10453920220082531	True
52fd19bf7e8202318b8ee5b4d2cd0925	20882	spontaneous-speech-bew-20882.mp3	46548	2492	Apé adé orang atow kumpulan nyang pokus buat ngelestariin kesenian itu? Dan, siapé dié atow mereké?	adê yang orang kampung yang kumpul apê yang melastariin budayê kaya ya latian topeng ya lenong kaya bégitu jadi orang yang masi cinté amé budaya kité ya kalo di ané si sini dibekasi utara ya masi béjibun lah masi banyak êmbuêl kata orang kité mah ya [ééé] kesenian-kesenian asli daerah kita apelagi disini topeng paling banyak kité disini yang punya grup-grup topeng sanggar-sanggar topeng tu kaya begitu	1			Betawi	train	7.261321646472458		False	0.26184538653366585	False	5.645351396740276	0.7125171939477304	False
a68890e3cf92239d60ef959166a79dda	21314	spontaneous-speech-bew-21314.mp3	24984	2492	Apé adé orang atow kumpulan nyang pokus buat ngelestariin kesenian itu? Dan, siapé dié atow mereké?	ya maasih banyak ko orang masih méléstariin kesenian, ya kaya kesenian topeng betawi gitu, ya itu banyak kalo lagi ada kaya orang hajatan tuh, kebanyakan ada yang nanggép topeng betawi	1			Betawi	train	6.203970541146333		False	0.2375690607734806	False	4.647090836873959	0.14442916093535077	True
fc2417aed3f3e13504285a1cbcb6d7ef	21641	spontaneous-speech-bew-21641.mp3	15084	2492	Apé adé orang atow kumpulan nyang pokus buat ngelestariin kesenian itu? Dan, siapé dié atow mereké?	masih ada sih di kampung ayé tuh yang melestarikan kesenian budayanya seperti wayang kulit.. itu yang punya kampung ayé wak Dalang Salam.. sekarang turunnyé ké anaknya ke bang Orin..	1			Betawi	train	10.20949350304959		False	0.12849162011173187	False	4.47463356287353	0.08940852819807428	True
9191fa254a8ad3507fe679e6204d470f	20499	spontaneous-speech-bew-20499.mp3	11376	2771	Apé Ente suké ngebaca mitos di negaré Ente? Kenapé?	Jarang kita mah baca mitos-mitos kayak begitu di negara kita. Ya karna mitos itu cerita rakyat gitukan, boleh dipercaya boleh engga. 	1			Betawi	train	9.845288326300984		False	0.12307692307692308	False	4.947188069635746	0.312242090784044	True
66c99d65171c314ca6147556b80a9058	21158	spontaneous-speech-bew-21158.mp3	14616	2804	Begimané sosial media bisé ikut serta buat ngelestariin budaya daerah Ente?	karna kan kalo sosial media kan lebih cepet lebih canggih gituloh  lebih enak cepet untuk nyampein berita apapun 	1			Betawi	train	6.431308155446087		False	0.1454545454545455	False	4.85986073551986	0.25034387895460797	True
5bff828e73452d736037e3d5c5c5f4e6	21541	spontaneous-speech-bew-21541.mp3	22140	2804	Begimané sosial media bisé ikut serta buat ngelestariin budaya daerah Ente?	Lah iye, dikampung aye meh kalo ade ape-ape nih kegiatan ude deh di fotoin jetrak-jetrek lah di taro tuh di fesbuk, di taro di tiktok. udeh social media penuh de toh ame foto-foto kalo dikampung aye banyak acara apalagi kalo ade bintang tamu-bintang tamu artis wei leh pade ngantri, pade bejejer aje, pade foto deh di upload di social media   	1			Betawi	train	12.691960252935862		False	0.24411764705882355	False	5.992159977620586	0.8500687757909215	False
a68890e3cf92239d60ef959166a79dda	21544	spontaneous-speech-bew-21544.mp3	17820	2804	Begimané sosial media bisé ikut serta buat ngelestariin budaya daerah Ente?	sosial media itu memang bagus sih, cepet aksesnya, cepet setiap ada berita apa-apa langsung cepet menyebar, sehingga bisa melestarikan kebudayaan	1			Betawi	train	7.070707070707071		False	0.06338028169014087	False	5.506435524327436	0.6327372764786795	False
9191fa254a8ad3507fe679e6204d470f	20490	spontaneous-speech-bew-20490.mp3	17604	2724	Begimané caré kité bisa hemat pengeluaran pas liburan? 	kalo liburan mao hematmah bawa dari rumahdah ah biasanya tuh nya-ènya  kita masak kalo mau liburan masak dulu pada bawa timbèl tar disnoh mah kaga jajan [èèè] makannya  apa yang kita bawa biar irit kaga, kaga boros 	1			Betawi	train	9.997727789138832		False	0.16509433962264153	False	5.332495790684575	0.547455295735901	True
6f5d66a2f09f4f835c35e047386e542b	20704	spontaneous-speech-bew-20704.mp3	27540	2724	Begimané caré kité bisa hemat pengeluaran pas liburan? 	untuk hemat pengeluaran liburan tuh biasanya harus udah diitung dari jauh-jauh hari sebelum berangkat liburan kaya dari akomodasinya, gitukan terus kaya dari mobil kendaraan, itu harus smua harus di hitung supaya bisa hemat pas di sana. Kalo emang di sana engga mao jajan di tempat wisata tersebut gamao jajan ya, biasanya gua  si selalu bawa makanan sendiri ya gitu ke sebelum ke tempat wisata sih gue selalu bawa makanan pribadi sendiri gitu, supaya di sana engga jajan lagi.	1			Betawi	train	14.4880174291939		False	0.30168776371308015	False	5.763213027588281	0.7675378266850069	False
88cf908ad8137aa6f5527b97584391dc	21159	spontaneous-speech-bew-21159.mp3	34848	2724	Begimané caré kité bisa hemat pengeluaran pas liburan? 	kalo cara aye si kalo hemat liburan ya itu kita bawa kebutuhan seperlunye yang kita butuhin buat liburan, trus kalo kita pengen irit nih ya beli bawa dari rumah kaya seperti bekel makanan, makan-makanan ringan, trus apelagi kalo kita bawa bentelan toh dari rumah kaya lau nasinya seperti sayur asem trus ikan asin, jengkol goreng, itu nikmat bener itu enjoy makanneh.	1			Betawi	train	8.809687786960515		False	0.25274725274725274	False	5.480339711404389	0.609353507565337	False
66c99d65171c314ca6147556b80a9058	21235	spontaneous-speech-bew-21235.mp3	15192	2724	Begimané caré kité bisa hemat pengeluaran pas liburan? 	kalau pengennya mah punya waktu liburan kite meh jangan jajan mulu, jangan beli apê-apê. duitnye gak cukup jadi kite gak usah jajan yang gak penting, beli yang gak penting.  	1			Betawi	train	9.47867298578199		False	0.216374269005848	False	5.1237978898939724	0.4167812929848693	True
bc82a592c4e12646378f67f8abef870f	20562	spontaneous-speech-bew-20562.mp3	17748	2806	Menurut Ente, apé nyang biasényé orang-orang cari di sosial media?	[ee] palingan kite kalo kite nyari di sosial media keshope larinya, ape ketiktok ,nyari yang murah-murah, yang promo-promo deh, buat belanje, ape lagi karang mao lebaran, [ya] ape bae di cari [ya] baju yang mureh-mureh yang simer-simer tuh deh dicari itu.	1			Betawi	train	12.114041018706333		False	0.18253968253968256	False	5.844301390745472	0.8060522696011004	False
6f5d66a2f09f4f835c35e047386e542b	20586	spontaneous-speech-bew-20586.mp3	34596	2806	Menurut Ente, apé nyang biasényé orang-orang cari di sosial media?	Sosial media biasanya dicari untuk mencari kuliner [eee]. Kuliner yang dicari itu yang belom pernah kita cobain di daerah bekasi misalkan yang belom ada Nah biasa nyobainnya itu di daerah Blok M. Blok M itu daerah Jakarta. Di situ banyak makanan-makanan yang sebelumnya belum ada di daerah Bekasi dan adanya di sana. Contohnya kayak sate taichan, gule tikungan, terus [eee] kopi, terus ada nasi ayam sambal matah, bakmi, seperti itu.	1			Betawi	train	10.521447566192622		False	0.24883720930232556	False	5.503926904716899	0.6313617606602476	False
88cf908ad8137aa6f5527b97584391dc	21049	spontaneous-speech-bew-21049.mp3	23580	2806	Menurut Ente, apé nyang biasényé orang-orang cari di sosial media?	orang-orang si biasanya cari sosial media itu tentang berita-berita yang menarik atau tentang masalah pengetahuan yang akan datang, tentang biasanya kalo tentang yang beredar-beredar di kalangan apa yang viral-viral di  zaman sekarang	1			Betawi	train	8.566581849024596		False	0.2554112554112554	False	5.0446873574811555	0.3713892709766162	True
a68890e3cf92239d60ef959166a79dda	21448	spontaneous-speech-bew-21448.mp3	21096	2806	Menurut Ente, apé nyang biasényé orang-orang cari di sosial media?	biasenye orang cari di sosial media itu, kebanyakan itu tentang buat, berita-berita viral, terus buat pade belanje, sekarang kan ape-ape serbe onlen [iyeh], jadi kebanyakan orang pade belanje mulu.	1			Betawi	train	8.010997345468335		False	0.1701030927835051	False	4.746994769961292	0.17606602475928473	True
724d9ac0c1c5abaf145819862e87b6ba	21640	spontaneous-speech-bew-21640.mp3	30960	2806	Menurut Ente, apé nyang biasényé orang-orang cari di sosial media?	Kalo menurut aye si biasa orang yang nyari di social media ya itu berita-berita yang baru, karena kenape kita cari berita-berita yang baru disocial media kitakan biar tau gimane toh perkembangan yang diwaktu hari ini yang akan datang gimane toh caranye begitu biar kita tau kan karena adanye social media kita bisa tau apa yang akan terjadi dan apa yang akan berita ini yang akan di sampaikan dari social media.   	1			Betawi	train	11.046511627906977		False	0.3868613138686131	False	4.637837751938295	0.1375515818431912	True
a68890e3cf92239d60ef959166a79dda	21394	spontaneous-speech-bew-21394.mp3	23616	2775	Begimané caré kité ngelestariin cerité rakyat?	Sangat sayang kite ama kampung kita sendiri karena kite nyaman tinggal di kampung sendiri, emang dari kecil kita tinggal di sini mangkanya kita tuh sangat nyaman tinggal di kampung sendiri. Di mana-mana kita ngga beteh, kalo di kampung-kampung orang-orang. Nggak beteh pisan kita, betehnya kampuk dewék.	1			Betawi	train	10.92479674796748		False	0.3666666666666667	False	4.495043915415027	0.0921595598349381	True
bc82a592c4e12646378f67f8abef870f	20422	spontaneous-speech-bew-20422.mp3	18936	2474	Kembang apé nyang biasenyé numbuh di sekitar tempat tinggal Ente?	Kémbang kantil yang biasenyê gampang tumbuh itu di po'on-po'onan buat nyébarin kekuburan yang buat nyébarin kémbang tujuh rupa. Iya ma kumis kucing bégituh apa poon cabe yang gampang bat tumbuh mêh ya kadang kita buang apa baé tiba-tiba tumbuh.	1			Betawi	train	10.878749471905364		False	0.22406639004149376	False	6.642461088618593	0.9752407152682255	False
66c99d65171c314ca6147556b80a9058	21209	spontaneous-speech-bew-21209.mp3	9252	2474	Kembang apé nyang biasenyé numbuh di sekitar tempat tinggal Ente?	Adênya kembang mataharian, biasanyê tumbuhnya di samping-samping rumêh.	1			Betawi	train	6.917423259835711		True	0.07352941176470584	False			False
88cf908ad8137aa6f5527b97584391dc	21225	spontaneous-speech-bew-21225.mp3	18000	2474	Kembang apé nyang biasenyé numbuh di sekitar tempat tinggal Ente?	biasanya sih kembang yang di halaman ayê sih.. itu kayak kembang sore-pagi.. terus kembang jatoh tumbuh.. lidah buaya.. emang adanya emang itu-itu doang sih yang ayê punya..	1			Betawi	train	8.166666666666666		False	0.20588235294117652	False	5.325181216039917	0.5419532324621733	True
52fd19bf7e8202318b8ee5b4d2cd0925	20786	spontaneous-speech-bew-20786.mp3	56952	2749	Begimané caranyé sekolé ngedidik siswa buat jagé lingkungan? 	[ee] soal ngejagé lingkungan si kité biasa pake ngerondé yé kita untuk keamanan yé. Kalo untuk lingkungan kite kaya contoh kaya gersang kita ada kepedulian [ee] pohon-pohon yang rindang, paling utama sekarang ni ye sudah apé yé anak-anak itu diluar sana ya tawuran apalah gitu ya. Kalau kité disini alhamdulillah masih asri lah ya engga adé yang kaya-kaya gitu karena anak-anak kité, kité didik, kité jaga, [ee] bahwa orang Bétawi itu rukun mengedepankan silaturahmi ya begitu yé.	1			Betawi	train	7.0936929344009		True	0.1865828092243187	False			False
88cf908ad8137aa6f5527b97584391dc	21187	spontaneous-speech-bew-21187.mp3	24696	2749	Begimané caranyé sekolé ngedidik siswa buat jagé lingkungan? 	Kalo menjaga lingkungan buat siswa itu kita bilangin, jangan buang sampah sembarangan, tanamin pohon, jagalah kebersihan, jangan lupa kita bersilahturahmi sesama temen jangan suka berantem, jangan suka pada maén-maén sembarangan itu.	1			Betawi	train	8.219954648526077		False	0.23478260869565215	False	4.95629496333464	0.3177441540577717	True
5bff828e73452d736037e3d5c5c5f4e6	21524	spontaneous-speech-bew-21524.mp3	23472	2749	Begimané caranyé sekolé ngedidik siswa buat jagé lingkungan? 	"Neh ayé meh aye bilangin ame anak mude ayé, ""Hey anak anak jangan buang sampeh sembarangan kalo ade sampeh kumpulin pungut ambil taro di tempat sampeh terus bersih-bersih tuh kalo ade debu-debu sapuin rapiin kalo bukan kita yang nyapu sapeh lagi"". Begitu ayé meh kalo bilangin murid ayé."	1			Betawi	train	10.224948875255624		False	0.21830985915492962	False	5.665198208785683	0.7276478679504814	False
a523a69994e1c3b9d453ffa3796ec254	20401	spontaneous-speech-bew-20401.mp3	58572	2543	Menurut Ente, Kenapé kité musti olahragé rutin?	ya kudu lah olahraga mah rutin biar sehat si sebenêrnya melatih otot jantung [êêê] trus juga perlancar sirkulasi darah itumah kalo kata kita yang sekolah ya kalo kata orang-orang yang tua mah yang kaga sekolah, ya luh olahraga biar badan luh kaga pegel gitu doang puguh luh apanamnya kalo kaga olaharga badan lu pada sakit gerak makanya lu punya badan jangan cuman magkrak tiduran ajé lu gaweannya rebahan doang kalo kata éma-éma éh kalo kata orang tua mah begitu kalo kata kita mah yang tadi tau ilmunya olahraga mah penting buat memperlancar sirkulasi darah melatih otot jantung lah itu kalo kata kita kan emang orang tua tuh omongannya sejalan ama pendidikan kita ya gitu dah 	1			Betawi	train	9.62917434951854		True	0.3846153846153846	False			False
bc82a592c4e12646378f67f8abef870f	20430	spontaneous-speech-bew-20430.mp3	24084	2543	Menurut Ente, Kenapé kité musti olahragé rutin?	apanan buat perempuan mah masih muda pada jompo banget yalah timbang naèk tangga lantai dua pada jompo banget.ya makanya kita-kita butuh olahraga jalan joging itu pada sebutan olahraga ini mah kemana mana butuh bèt motor kaga mau jalan ogah bet ma jalan.lah itu dah  maka itu kita butuh olahraga gè supaya kaga kagèt kaki gitu ya otot	1			Betawi	train	11.501411725626973		False	0.24471299093655585	False	5.652940805292025	0.7138927097661623	False
9191fa254a8ad3507fe679e6204d470f	20471	spontaneous-speech-bew-20471.mp3	12060	2543	Menurut Ente, Kenapé kité musti olahragé rutin?	bakal olahraga rutin ya biar kita sehat badan kita sehat.. kalo kagak olahraga mah cuma makan tidur makan tidur ntar banyak penyakit ya.. gula lah apalah segala macèm..	1			Betawi	train	11.691542288557214		False	0.17575757575757578	False	5.231842799187276	0.4786795048143054	True
6f5d66a2f09f4f835c35e047386e542b	20611	spontaneous-speech-bew-20611.mp3	15228	2543	Menurut Ente, Kenapé kité musti olahragé rutin?	Karena supaya badan tetap sehat olahraga rutin tuh bagus untuk kesehatan badan jadi supaya badannya tetep fit èngga gampang lemes gitu karena tetap terjaga dari olahraga itu 	1			Betawi	train	9.653270291568164		False	0.19883040935672514	False	6.195573643686093	0.9092159559834938	False
88cf908ad8137aa6f5527b97584391dc	20967	spontaneous-speech-bew-20967.mp3	34560	2543	Menurut Ente, Kenapé kité musti olahragé rutin?	ya kita olahraga rutin biar kesehatan kita.. terus [èèè] biar kita sehat.. peredaran darah kita lancar.. biar kebugaran kita bagus.. biar kita juga montok lhaa.. lha kalojamannya apaan kalo kita jelek nih kalo kita ngga olahraga, wahh udah pèyot kriput gèndut, lah jelek.. makanya kita sekarang nih olahraga yang rajin minum air teratur.. pokonya begitu dah biar cakèp..	1			Betawi	train	9.056712962962962		False	0.24795640326975477	False	5.123976369909784	0.41815680880330125	True
9191fa254a8ad3507fe679e6204d470f	20564	spontaneous-speech-bew-20564.mp3	16704	2442	Nyang begimané pagi Ente di ujung minggu?	Di pagi hari Minggu mah, biasanya kita pada groyok-groyok ke rumah enyak ama baba, emang kita biasanya libur di hari Minggu doang. Hari Minggu kita gunain buat ngumpul ama keluarga, jangan anu mulu, kerja mulu.	1			Betawi	train	10.53639846743295		False	0.18840579710144922	False	5.312275492738508	0.53232462173315	True
88cf908ad8137aa6f5527b97584391dc	20954	spontaneous-speech-bew-20954.mp3	22752	2442	Nyang begimané pagi Ente di ujung minggu?	Aye mah kalo pagi resep banget itu leha-leha, apalagi kalo hari Minggu udeh dah, tuh. Lah enak libur, libur sekoleh. Jongjon aye leha-leha, aye jadi nggak teburu-buru kalo hari libur, mah. Apalagi masih pagi mah, udeh deh aye mah bak bik bek-bak bik bek, enak banget aye kalo hari Minggu udeh.	1			Betawi	train	10.680379746835444		False	0.3275862068965517	False	6.526102124676367	0.9601100412654745	False
9191fa254a8ad3507fe679e6204d470f	20393	spontaneous-speech-bew-20393.mp3	18576	2476	Biasenyé masyarakat di sekitar Ente make kembang buat apé?	puhunan atau kembang  yang ada di rumah, yang biasé di lingkungan ané mêh biasênyê tuh kembang-kembang [ya] melati, karné kembang melati tuh, kembang yang harum baunya, [êê] wangi enak dicium, dan mengharumkan lingkungan.	1			Betawi	train	10.120585701981051		False	0.22018348623853212	False	5.374038109301481	0.5653370013755158	True
6f5d66a2f09f4f835c35e047386e542b	20749	spontaneous-speech-bew-20749.mp3	14508	2476	Biasenyé masyarakat di sekitar Ente make kembang buat apé?	masyarakat di daerah gué kalo pake kémbang tuh biasanya tuh buat acara hajatan, hajatan pernikahan, itu aja selebihnya tuh paké kémbang-kémbang itu ngga ada paling acara-acara hajatan, dan pernikahan atau sunatan kaya gitu.	1			Betawi	train	13.165150261924454		False	0.24545454545454548	False	4.866242099084666	0.2558459422283356	True
52fd19bf7e8202318b8ee5b4d2cd0925	20771	spontaneous-speech-bew-20771.mp3	49608	2476	Biasenyé masyarakat di sekitar Ente make kembang buat apé?	Yéé kalau kita soal bicara kémbang, ini, kémbang ini kalau dikampung mah buanyak sekali manfaatnya ya, hêêh. jadi bisa, buat orang pesta ya pengantén tuh yéé apalagi paké kémbang idup ya itu bisa paké taman pengantén ya. Terus kémbang juga bisa istilah kalau kité ni namanyé kémbang 7 rupa, itu dipaké buat mandi, yéé mandi kémbang téngah malêm hêhêhêh. Itu bégitu kémbang itu manfaatnya luar biasé kalau buat kité yé. Apalagi kémbang mélati tuh waduhhh, luar biasa mana wangi jadi manfaatnya banyak kalau kémbang kalau buat orang kité orang bêtawi yéé.	1			Betawi	train	9.333172069021124		False	0.33818181818181814	False	5.175234868536728	0.4470426409903714	True
88cf908ad8137aa6f5527b97584391dc	21099	spontaneous-speech-bew-21099.mp3	20016	2476	Biasenyé masyarakat di sekitar Ente make kembang buat apé?	Kalo yang buat, paké kembang itu biasanya acara nikah, acara siraman tujuh bulanan, terus acara eee tasyakuran, potong rambut kan macem dah segala itu. Yang apa yang kita bisa gunakan kembang itu ya seperti itu.	1			Betawi	train	8.84292565947242		False	0.13461538461538458	False	5.210969325569216	0.4594222833562586	True
66c99d65171c314ca6147556b80a9058	21259	spontaneous-speech-bew-21259.mp3	16812	2476	Biasenyé masyarakat di sekitar Ente make kembang buat apé?	macem-macem, adé yang kembang buat orang mati, ade yang kembang buat orang kawinan, kalo, adé juga kembang buat orang sêlamêtan.	1			Betawi	train	6.483464192243635		False	0.384	False	4.396464616266917	0.07290233837689133	True
66c99d65171c314ca6147556b80a9058	21259	spontaneous-speech-bew-21259.mp3	16812	2476	Biasenyé masyarakat di sekitar Ente make kembang buat apé?	Macém-macém, ada yang kémbang buat orang mati, ada yang kémbang buat orang kawinan, kalo ada juga buat kémbang buat orang sêlamêtan 	1			Betawi	train	6.602426837972876		False	0.4108527131782945	True			False
5bff828e73452d736037e3d5c5c5f4e6	21539	spontaneous-speech-bew-21539.mp3	19584	2476	Biasenyé masyarakat di sekitar Ente make kembang buat apé?	lah dikampung ayé mah kalo orang, hajatan pakenya kembang, terus kalo orang tua akikahan, tabur-taburi pake kembang, kalo orang tuh sukuran tuh kalo bebelian apaan tuh ditaburi pake kembang, ayé mah begitu kampung ayé ciri khas nya pake kembang kalo ada apê-apê.	1			Betawi	train	11.284722222222223		False	0.3513513513513513	False	4.745816887772721	0.1746905089408528	True
a68890e3cf92239d60ef959166a79dda	21592	spontaneous-speech-bew-21592.mp3	14652	2476	Biasenyé masyarakat di sekitar Ente make kembang buat apé?	kalo di kampung ayé tuh kebanyakan masyarakat ituh kalo maké kémbang, buat orang kawinan, buat orang sunatan, buat orang mati, orang mati kan paké kémbang juga.	1			Betawi	train	9.213759213759213		False	0.2866242038216561	False	3.8453906107033116	0.005502063273727648	True
fc2417aed3f3e13504285a1cbcb6d7ef	21675	spontaneous-speech-bew-21675.mp3	24120	2476	Biasenyé masyarakat di sekitar Ente make kembang buat apé?	kalo masyarakat di kampung ayé tuh, kebanyakan kalo orang paké kembang tuh, buat acara kawinan, terus lagih buat acara sunatan, buat acara sedekahan, itu makényé kembang.	1			Betawi	train	6.011608623548922		False	0.20359281437125754	False	4.45297798698755	0.08253094910591471	True
6f5d66a2f09f4f835c35e047386e542b	20667	spontaneous-speech-bew-20667.mp3	25560	2760	Apé Ente cukup peduli amé permasalaan lingkungan? Kenapé?	Untuk di lingkungan sekitar si gué gak terlalu perduli banget karena gué yang jarang banget keluar gitu, atau interaksi sama orang-orang tapi kalau untuk di lingkungan di rumah gué paling banget deket sama orang-orang dirumah gitu kan. Gué kaya bisa banget interaksi sama orang-orang rumah tuh, selalu mau lewat handphone, mau ngomong langsung  tuh gué paling banget bisa ngobrol sama orang-orang di rumah.      	1			Betawi	train	13.41940532081377		False	0.3569682151589242	False	4.366067142330108	0.06740027510316368	True
a68890e3cf92239d60ef959166a79dda	21556	spontaneous-speech-bew-21556.mp3	38664	2760	Apé Ente cukup peduli amé permasalaan lingkungan? Kenapé?	Ya kité sebagai masarakat terutama lingkungan kité, kité sendiri kita harus bisa harus peduli dengan apapun yang ade di lingkungan kité karna kan lingkungan itu kan penting banget, apapun yang terjadi apapun kebagu [eee] maksudnye ape ya apapun yang terjadi lingkungan kan itu sangat berpengaruh terhadap keluarga apalagi lingkungan kita sekitar. Kita harus bener-bener menjaga lingkungan kita biar aman nyaman damai dan tidak ada apapun.	1			Betawi	train	9.67308090213118		False	0.33333333333333337	False	4.387484718725574	0.0687757909215956	True
9191fa254a8ad3507fe679e6204d470f	20574	spontaneous-speech-bew-20574.mp3	28908	2785	Ceritain atu tokoh pahlawan dari daerah tempat tinggal Ente!	Tokoh pahlawan yang ada kampung kita mah Kyai Nur Ali, Kyai Haji Nur Ali. Die terkenal banget. Seorang ulama yang sakti yang pinter agamanya. Dia salah satu tokoh Kyai Nur Ali itu pejuang kemerdekaan. Dia punya keramat, dia punya keistimewaan bisa ngusir Belanda [umm] penjajah dan mengusir penjajahan belanda dari bangsa Indonesia kita. Itu Kyai Nur Ali tuh Kyai Haji Nur Ali Singakarawang Bekasi.	1			Betawi	train	11.588487615884876		False	0.2329113924050633	False	6.781748781909669	0.9889958734525447	False
52fd19bf7e8202318b8ee5b4d2cd0925	20767	spontaneous-speech-bew-20767.mp3	56700	2785	Ceritain atu tokoh pahlawan dari daerah tempat tinggal Ente!	Ya biar gini-gini ini di utaranyé, pesisir, indonesia ni Bekasi, jadi kité punya pahlawan nasional almagfirllah Kyai Hj.Noer Alie [ye] yang adé di ujung Malang. Sekarang diganti namenyé ujung harapan. Kalo dulu ujung Malang [ye] dikite punya pahlawan nasional namenyé Kyai Hj.Noer Alie [ya] almarhum tuh yé, jadi punya pesantren di Attaqwa yé, dengan santri-santrinye yang luar biasa ribuan. Ya sampe sekarang kita pake ilmunyé yé kita terapin lagi same anak-anak kite, ya ngaji, ya ngaji qur'an, ngaji diring, kité pake itu ilmunyé dari almarhum wamagfirlahu Kyai Hj.Noer Alie, itu pahlawan nasional kita begitu yé.	1			Betawi	train	9.206349206349206		True	0.3017944535073409	False			False
66c99d65171c314ca6147556b80a9058	20983	spontaneous-speech-bew-20983.mp3	35676	2785	Ceritain atu tokoh pahlawan dari daerah tempat tinggal Ente!	Dulu itu pahlawan di daerah ayé tuh namanya kyai Haji Nur ali. Dié tu orangnya sangat luar biasa, bisa terbang bisa ilang, katanya dulu jaman dulu kan perang ngelawan belanda, hebatnya die tuh bisa ilang, bisa terbang. Itu namanya yang di sebut 'Singa Bekasi' terkenal dengan namanya.	1			Betawi	train	6.671151474380536		False	0.20284697508896798	False	5.55698317295194	0.6602475928473177	False
88cf908ad8137aa6f5527b97584391dc	21202	spontaneous-speech-bew-21202.mp3	26064	2785	Ceritain atu tokoh pahlawan dari daerah tempat tinggal Ente!	Tokoh pahlawan yang di daerah ayé sih, ceritenyé sih kalo orang jaman dulu nih, Kiai Haji Nur Ali. Soalnya dia kan orang yang paling membela agama, terus tokoh yang paling berani dalam membela agama, dan tokoh yang paling berani dalam memerangi segala kemaksiatan.	1			Betawi	train	8.517495395948435		False	0.27586206896551724	False	5.250648282939886	0.49105914718019256	True
fc2417aed3f3e13504285a1cbcb6d7ef	21628	spontaneous-speech-bew-21628.mp3	56340	2785	Ceritain atu tokoh pahlawan dari daerah tempat tinggal Ente!	Ada seorang pahlawan yang sangat ternama. Beliau bernama Kiai Haji Nur Ali. Beliau adalah seorang tokoh agama dan juga sebagai tokoh pahlawan di kampung ayé. Beliau itu sangat luar biasa perjuangannya dari melawan penjajahan sehingga menjadi merdeka. Beliaulah orang yang sangat tangguh dan pemberani. Beliau juga bisa disebut dengan Singa Bekasi. Kenapa dikatakan dengan Singa Bekasi? Memang beliau itu orangnya sangat luar biasa. Orangnya yang sangat pandai dalam strategis melawan penjajah.  Nah itulah kisahnya dengan bernana Kiai Haji Nur Ali, Singa Bekasi.	1			Betawi	train	8.519701810436635		True	0.3559928443649374	False			False
bc82a592c4e12646378f67f8abef870f	20379	spontaneous-speech-bew-20379.mp3	23724	2733	Apé oleh-oleh nyang bakal Ente beli pas liburan? 	Kadang kalo ke jalan-jalan itu paling penting émak mesennya dodol, apa gak tales, apa gak, apa yak yang gurih-gurih dah buat orang rumah biasanya mesennya kayak kripik tempe. Padahal mah di kampung gé ada omenen. Pengen yang daerah sono gitu biar khas dari oleh-oleh.	1			Betawi	train	9.441915359973024		False	0.12878787878787878	False	5.879769265000484	0.8198074277854195	False
9191fa254a8ad3507fe679e6204d470f	20517	spontaneous-speech-bew-20517.mp3	11412	2733	Apé oleh-oleh nyang bakal Ente beli pas liburan? 	kalo liburan kita mah biasanya bawa beli oleh-oleh yang bisa kenyang makanan,  bukannya barang biar bisa dimakan.	1			Betawi	train	8.412197686645635		False	0.13636363636363635	False	3.734181193525232	0.002751031636863824	True
a68890e3cf92239d60ef959166a79dda	21321	spontaneous-speech-bew-21321.mp3	16128	2733	Apé oleh-oleh nyang bakal Ente beli pas liburan? 	Yah kalo mau ke tempat ini, beli oleh-oleh tu kebanyakan ya kayak cemilan, buah-buahan, apa gitu ya ciri khasnya di daerah situ lah.	1			Betawi	train	6.820436507936508		False	0.046511627906976716	False	4.8893173976373925	0.27097661623108665	True
fc2417aed3f3e13504285a1cbcb6d7ef	21622	spontaneous-speech-bew-21622.mp3	14292	2733	Apé oleh-oleh nyang bakal Ente beli pas liburan? 	Kalo aye pulang dari liburan atau pulang  jalan-jalan itu aye sering banget beli tapé emang itu kesukaan aye namenye tapé.	1			Betawi	train	7.136859781696054		False	0.1428571428571429	False	5.664965049779761	0.7248968363136176	False
9191fa254a8ad3507fe679e6204d470f	20444	spontaneous-speech-bew-20444.mp3	13680	2447	Biasenyé apé kegiatan Ente di sore ari? 	Kegiatan ana mah biasa di soré ari duduk di depan anu di depan rumah gitu kan sambil megang kopi sambil ngeroko enak bét kita nikmatin idup. Soré ari paling enak, déh itu.	1			Betawi	train	10.23391812865497		False	0.13690476190476186	False	5.330584405295113	0.546079779917469	True
6f5d66a2f09f4f835c35e047386e542b	20692	spontaneous-speech-bew-20692.mp3	15084	2447	Biasenyé apé kegiatan Ente di sore ari? 	kegiatan gue di sore hari tuh biasanya cuman beres-beres rumah kayak ngepel nyapu gitu kan.. terus kék jaga warung kalo misalkan nyokap gua pergi.. udah sih itu aja kegiatannya.. kecuali kayak gua pergi sama temen-temen gue baru yak gua pergi dari sore sampe malem gitu..	1			Betawi	train	15.049058605144523		False	0.16044776119402981	False	5.218651252730004	0.4649243466299862	True
6f5d66a2f09f4f835c35e047386e542b	20692	spontaneous-speech-bew-20692.mp3	15084	2447	Biasenyé apé kegiatan Ente di sore ari? 	Kegiatan gue disore hari tuh biasanya cuman beres-beres rumah kaya ngepel, nyapu gitu kan, terus kan jaga warung kalo misalkan nyokap gue pergi. Udah si itu aja kegiatannya kecuali gue kaya emang pergi sama temen-temen gue baru pergi dari sore sampe malem gitu.   	2			Betawi	train	14.518695306284805		False	0.13793103448275867	False	5.090036215676261	0.39752407152682256	True
88cf908ad8137aa6f5527b97584391dc	21254	spontaneous-speech-bew-21254.mp3	15228	2447	Biasenyé apé kegiatan Ente di sore ari? 	Kegiatan sore hari, ya gitu, masak, ngurusin anak, ngandangin ayam. Terus ya, baru dah ayê mandi, makan, begitu-begitu aja sih. 	1			Betawi	train	7.092198581560284		False	0.07199999999999995	False	5.644756592229975	0.7111416781292985	False
a68890e3cf92239d60ef959166a79dda	21341	spontaneous-speech-bew-21341.mp3	21204	2447	Biasenyé apé kegiatan Ente di sore ari? 	biasanya saya kalo disore hari tuh setelah kita nutup toko ya, kumpul-kumpul lah same temen temen ya sambil menunggu waktu magrib kité luangkan waktu yé kopi roko ya biasalah  itumeh anak mude 	1			Betawi	train	7.545746085644218		False	0.12105263157894741	False	5.968467617102438	0.844566712517194	False
5bff828e73452d736037e3d5c5c5f4e6	21653	spontaneous-speech-bew-21653.mp3	20592	2447	Biasenyé apé kegiatan Ente di sore ari? 	Lah kalo ayé méh disore hari néh abis mandi-mandi ayé ngémpanin burung lagi tuh kalo sore jadwal ayé dé tuh. terus abis ngempanin burung itu adéh tetanggé maén ayé kongkow, abis ayé kongko-kongko lah ayé béberes lah udah ayé méh begitu kalo soré hari.	1			Betawi	train	10.101010101010102		False	0.25806451612903225	False	5.844382068070259	0.8074277854195323	False
9191fa254a8ad3507fe679e6204d470f	20460	spontaneous-speech-bew-20460.mp3	29052	2481	Biasenyé, orang-orang meliharé hewan apé? Dan, kenapé?	Kalo di kampungan kita mah orang-orang banyakan miara ayam, bebek, kambing. Karna, karena dari situ nanti kalo ayamnyé udah gédé, bebeknya udéh gédé, kambingnya udéh gédé, bisa dipotong bisa dimakan. Kalo miara-miara yang laén mah kaya kucing, orang-orang sekarang banyak bét miara kucing éntar gédénya gak bisa dipotong méndingan miara ayam, kambing banyak di rumah ané mah miara ayam, kambing. Karena bisa dipotong entar gedenya bisa dimakan ramé-ramé ama keluarga.	1			Betawi	train	13.699573179127082		False	0.39655172413793105	False	5.327709652112439	0.5447042640990372	True
bc82a592c4e12646378f67f8abef870f	20506	spontaneous-speech-bew-20506.mp3	16272	2481	Biasenyé, orang-orang meliharé hewan apé? Dan, kenapé?	Biasanya ma kambing apa sapi, kebo dah amê kuda, cuman kambing kadang kitê buat qurban  amê sapi kadang ayam gé sama kitê miyarê buat lebaran buat dipotong buat makan bareng-bareng amê keluargê biar ga beli lagi.	1			Betawi	train	10.816125860373647		False	0.1866028708133971	False	5.783829468005107	0.7771664374140302	False
52fd19bf7e8202318b8ee5b4d2cd0925	20821	spontaneous-speech-bew-20821.mp3	73584	2481	Biasenyé, orang-orang meliharé hewan apé? Dan, kenapé?	Lah kalo soal peliharaan ni kité kebanyakan meliaranyé kambing, ayam, entog, bebek. engga lagi udah kaya gitu yang murah meriah dan merakyat gitu yé, ayam. kenapé harus melihara ayam? Karena buat jagé-jagé kalau kité susah kaga punya beras tinggal ngéjual, yé adé tukang ayam keliling yang ngéjual beli ayam yé. Kemudian, sama kaya entog, ya bebek ya. Kalo kambing biasanya dipeliaré buat lebaran haji yé buat qurban ya buat akéqah kek begitu.Jadi ya orang kampung kalo soal meliara ya alhamdulillah déh orang bêtawi mah ya paling pugut, turut banget pokoknyé bisa sepasang ayam, éntog, atau bebek itu bisa selusin nanti jumlahnya. Ya itu buat jaga-jaga kalo nanti pas musim ujan engga punya beras, engga punya belanjaan kadang-kadang buat bayaran anak sekolah yang pada ngaji, belajar anak silat, lah itu dijual dah, kaya begitu yéé.         	1			Betawi	train	9.52652750597956		True	0.28095238095238095	False			False
88cf908ad8137aa6f5527b97584391dc	21180	spontaneous-speech-bew-21180.mp3	32148	2481	Biasenyé, orang-orang meliharé hewan apé? Dan, kenapé?	Kalo ayé sih biasanya sih kalo ngeliat hewan mah, hewan uler, kodok, tikus. Banyak, namanya orang kampung  hewan-hewan yang begitu-gitu. Tapi kenapa bisa begitu? Karna di tiap rumah kita adé tuh hewan kayak uler, tikus, kodok. Banyak bener itu. Apalagi tikus mah untuk udah makanin makanan yang ada di dalem rumeh itu. Tanah-tanah pada digaliin. Apalagi kalo kita punya padi mah pada dimakanin ama tikus.	1			Betawi	train	10.544979469951471		False	0.2643391521197007	False	5.434536788773022	0.5914718019257221	True
